"page";"text";"x0";"x1";"top";"bottom";"page_width";"font_name";"font_size";"line_center";"page_center";"center_score";"left_ratio";"width_ratio";"is_all_caps";"sistematika";"unsur"
"1";"BUPATI MALANG";"253,27119251128713";"358,80083908431055";"113,62847476385889";"125,62848388505881";"612,2";"SQNTQA+BookmanOldStyle-Bold";"12,000009121199923";"306,0360157977988";"306,1";"0,00010451519470956811";"0,41370661958720534";"0,17237773043617025";"True";"JUDUL";""
"1";"PROVINSI JAWA TIMUR";"231,68117610072812";"380,3750598428632";"131,22638814002266";"143,2263972612226";"612,2";"SQNTQA+BookmanOldStyle-Bold";"12,000009121199923";"306,02811797179567";"306,1";"0,0001174159232348197";"0,3784403399227836";"0,2428844883079632";"True";"JUDUL";""
"1";"PERATURAN BUPATI MALANG";"211,88116105074812";"400,1520237153221";"166,45741491910576";"178,45742404030568";"612,2";"SQNTQA+BookmanOldStyle-Bold";"12,000009121199923";"306,0165923830351";"306,1";"0,00013624243215436976";"0,3460979435654167";"0,30753162800485784";"True";"JUDUL";""
"1";"NOMOR 31 TAHUN 2025";"229,480174427748";"382,65062761252096";"184,05842829762594";"196,05843741882586";"612,2";"SQNTQA+BookmanOldStyle-Bold";"12,000009121199923";"306,06540102013446";"306,1";"5,65158116066052e-05";"0,3748451068731591";"0,2501967546304687";"True";"JUDUL";""
"1";"TENTANG";"275,4792093915879";"336,4358386046866";"201,65644167386574";"213,65645079506567";"612,2";"SQNTQA+BookmanOldStyle-Bold";"12,000009121199923";"305,9575239981373";"306,1";"0,00023272786975293475";"0,4499823740470237";"0,09956979616644669";"True";"JUDUL";""
"1";"PAKAIAN DINAS APARATUR SIPIL NEGARA";"171,450130319145";"440,65030329804085";"219,258455053146";"231,25846417434593";"612,2";"SQNTQA+BookmanOldStyle-Bold";"12,000009121199923";"306,05021680859295";"306,1";"8,131850932223617e-05";"0,28005575027629037";"0,43972586242877465";"True";"JUDUL";""
"1";"DI LINGKUNGAN PEMERINTAH KABUPATEN MALANG";"138,8511055406451";"473,03722535532165";"236,8564684293857";"248,85647755058562";"612,2";"SQNTQA+BookmanOldStyle-Bold";"12,000009121199923";"305,9441654479834";"306,1";"0,0002545484351790961";"0,22680677154630038";"0,545877360037041";"True";"JUDUL";""
"1";"DENGAN RAHMAT TUHAN YANG MAHA ESA";"169,2511286476851";"442,72651047616495";"272,258495338446";"284,2585044596459";"612,2";"SQNTQA+BookmanOldStyle-Bold";"12,000009121199923";"305,988819561925";"306,1";"0,0001816080334449459";"0,2764637841353889";"0,4467092156623323";"True";"PEMBUKAAN";"FRASA RELIGIUS"
"1";"BUPATI MALANG,";"251,08019084590802";"360,9179162934997";"307,478522109168";"319,47853123036793";"612,2";"SQNTQA+BookmanOldStyle-Bold";"12,000009121199923";"305,99905356970385";"306,1";"0,00016489126150959817";"0,4101277210811957";"0,1794147753145894";"True";"PEMBUKAAN";"PEMBENTUK PPU"
"1";"Menimbang : a. bahwa pakaian dinas merupakan salah satu penanda";"62,424747449014475";"549,8933526692194";"343,23054928426313";"355,23055840546317";"612,2";"HQLOMS+BookmanOldStyle";"12,000009121200037";"306,15905005911696";"306,1";"9,645550329457957e-05";"0,10196789847927878";"0,7962571140480316";"False";"PEMBUKAAN";"KONSIDERANS"
"1";"identitas dan wibawa Aparatur Sipil Negara, sehingga";"190,0511444577651";"549,6964411439474";"360,829162660959";"372,82917178215905";"612,2";"HQLOMS+BookmanOldStyle";"12,000009121200037";"369,8737928008562";"306,1";"0,10417150081812511";"0,310439634854239";"0,5874637319277723";"False";"PEMBUKAAN";"KONSIDERANS"
"1";"penggunaan pakaian dinas di lingkungan Pemerintah";"190,0511444577651";"549,6951275029487";"378,4302760395551";"390,43028516075515";"612,2";"HQLOMS+BookmanOldStyle";"12,000009121200037";"369,8731359803569";"306,1";"0,10417042793263127";"0,310439634854239";"0,5874615861567847";"False";"PEMBUKAAN";"KONSIDERANS"
"1";"Kabupaten Malang perlu diatur secara lengkap guna";"190,0511444577651";"549,3256923421415";"396,0595894395859";"408,05959856078596";"612,2";"HQLOMS+BookmanOldStyle";"12,000009121200037";"369,68841839995326";"306,1";"0,10386870042462143";"0,310439634854239";"0,586858131140765";"False";"PEMBUKAAN";"KONSIDERANS"
"1";"menciptakan keseragaman dan ketertiban;";"190,0511444577651";"442,59033641265904";"413,6606028181062";"425,660711939382";"612,2";"HQLOMS+BookmanOldStyle";"12,00000912119998";"316,3207404352121";"306,1";"0,016695100351538816";"0,310439634854239";"0,4125109309945997";"False";"PEMBUKAAN";"KONSIDERANS"
"1";"b. bahwa berdasarkan Peraturan Menteri Dalam Negeri";"168,850128342885";"549,6066541957003";"431,2586161943459";"443,2586253155459";"612,2";"HQLOMS+BookmanOldStyle";"12,00000912119998";"359,2283912692927";"306,1";"0,08678273647385273";"0,27580876893643413";"0,6219479350748371";"False";"PEMBUKAAN";"KONSIDERANS"
"1";"Nomor 10 Tahun 2024 tentang Pakaian Dinas Aparatur Sipil";"190,0511444577651";"549,7267328869721";"448,859729572942";"460,859738694142";"612,2";"HQLOMS+BookmanOldStyle";"12,00000912119998";"369,88893867236857";"306,1";"0,10419624088920049";"0,310439634854239";"0,5875132120699231";"False";"PEMBUKAAN";"KONSIDERANS"
"1";"Negara di Lingkungan Kementerian Dalam Negeri dan";"190,0511444577651";"549,4905467874472";"466,4583429496378";"478,4583520708378";"612,2";"HQLOMS+BookmanOldStyle";"12,00000912119998";"369,77084562260615";"306,1";"0,10400334142862809";"0,310439634854239";"0,5871274131487784";"False";"PEMBUKAAN";"KONSIDERANS"
"1";"Pemerintah Daerah, maka Peraturan Bupati Malang";"190,0511444577651";"549,605036714471";"484,0594563282339";"496,0594654494339";"612,2";"HQLOMS+BookmanOldStyle";"12,00000912119998";"369,82809058611804";"306,1";"0,10409684839287489";"0,310439634854239";"0,587314427077272";"False";"PEMBUKAAN";"KONSIDERANS"
"1";"Nomor 204 Tahun 2022 tentang Pakaian Dinas Aparatur";"190,0511444577651";"549,908431505081";"501,67846972043577";"513,6784788416358";"612,2";"HQLOMS+BookmanOldStyle";"12,00000912119998";"369,97978798142304";"306,1";"0,10434463897651587";"0,310439634854239";"0,5878100082445539";"False";"PEMBUKAAN";"KONSIDERANS"
"1";"Sipil Negara di Lingkungan Pemerintah Kabupaten Malang";"190,0511444577651";"550,0115964234967";"519,2795830990319";"531,2795922202318";"612,2";"HQLOMS+BookmanOldStyle";"12,00000912119998";"370,0313704406309";"306,1";"0,10442889650544082";"0,310439634854239";"0,5879785233024039";"False";"PEMBUKAAN";"KONSIDERANS"
"1";"perlu diganti;";"190,0511444577651";"270,910205918691";"536,8781964757277";"548,8787055973079";"612,2";"HQLOMS+BookmanOldStyle";"12,00000912119998";"230,48067518822808";"306,1";"0,12352062203817697";"0,310439634854239";"0,1320794862151681";"False";"PEMBUKAAN";"KONSIDERANS"
"1";"c. bahwa berdasarkan pertimbangan sebagaimana dimaksud";"168,850128342885";"549,4710787326496";"554,489709862229";"566,4897189834289";"612,2";"HQLOMS+BookmanOldStyle";"12,00000912119998";"359,1606035377673";"306,1";"0,086672008392302";"0,27580876893643413";"0,6217264789117357";"False";"PEMBUKAAN";"KONSIDERANS"
"1";"dalam huruf a dan huruf b, maka perlu membentuk";"190,05154445806915";"549,9336294842341";"572,0781232311718";"584,078732352828";"612,2";"HQLOMS+BookmanOldStyle";"12,00000912119998";"369,9925869711516";"306,1";"0,10436554552621946";"0,3104402882359836";"0,5878505145804719";"False";"PEMBUKAAN";"KONSIDERANS"
"1";"Peraturan Bupati tentang Pakaian Dinas Aparatur Sipil";"190,05114445776516";"550,0514252937704";"589,6901366180531";"601,690145739253";"612,2";"HQLOMS+BookmanOldStyle";"12,00000912119998";"370,0512848757678";"306,1";"0,10446142580164616";"0,31043963485423903";"0,5880435818948141";"False";"PEMBUKAAN";"KONSIDERANS"
"1";"Negara di Lingkungan Pemerintah Kabupaten Malang;";"190,05114445776516";"509,79138749213917";"607,2907499962691";"619,2912591178492";"612,2";"HQLOMS+BookmanOldStyle";"12,00000912119998";"349,9212659749522";"306,1";"0,07157998362455431";"0,31043963485423903";"0,5222806975406304";"False";"PEMBUKAAN";"KONSIDERANS"
"1";"Mengingat : 1. Undang-Undang Nomor 12 Tahun 1950 tentang";"62,424747449014475";"548,1323417750763";"642,5087767654709";"654,5087858866709";"612,2";"HQLOMS+BookmanOldStyle";"12,00000912119998";"305,2785446120454";"306,1";"0,001341808866309446";"0,10196789847927878";"0,7933805853088235";"False";"PEMBUKAAN";"DASAR HUKUM"
"1";"Pembentukan Daerah-daerah Kabupaten di Lingkungan";"190,0511444577651";"548,0484753433295";"660,1098901440671";"672,109899265267";"612,2";"HQLOMS+BookmanOldStyle";"12,00000912119998";"369,0498099005473";"306,1";"0,102825563378875";"0,310439634854239";"0,5847718570492721";"False";"PEMBUKAAN";"DASAR HUKUM"
"1";"Propinsi Jawa Timur (Berita Negara Republik Indonesia";"190,0511444577651";"547,7558639409158";"677,7110035226631";"689,7110126438631";"612,2";"HQLOMS+BookmanOldStyle";"12,00000912119998";"368,90350419934043";"306,1";"0,10258657987478015";"0,310439634854239";"0,5842938900410825";"False";"PEMBUKAAN";"DASAR HUKUM"
"1";"Tahun 1950 Nomor 41), sebagaimana telah diubah dengan";"190,04529173331645";"547,8771402010976";"695,309616899359";"707,309626020559";"612,2";"HQLOMS+BookmanOldStyle";"12,000009121200009";"368,96121596720707";"306,1";"0,10268084934205658";"0,3104300747032284";"0,5845015492776563";"False";"PEMBUKAAN";"DASAR HUKUM"
"1";"Undang-Undang Nomor 2 Tahun 1965 tentang Perubahan";"190,0511444577651";"548,2787441663565";"712,910730277955";"724,9107393991551";"612,2";"HQLOMS+BookmanOldStyle";"12,000009121200009";"369,1649443120608";"306,1";"0,10301363004256907";"0,310439634854239";"0,5851479903766603";"False";"PEMBUKAAN";"DASAR HUKUM"
"1";"Batas Wilayah Kotapraja Surabaya dan Daerah Tingkat II";"190,0511444577651";"547,7266464387076";"730,7292438217969";"742,7292529429969";"612,2";"HQLOMS+BookmanOldStyle";"12,000009121200009";"368,8888954482363";"306,1";"0,10256271716471137";"0,310439634854239";"0,5842461646209449";"False";"PEMBUKAAN";"DASAR HUKUM"
"1";"Surabaya dengan mengubah Undang-Undang Nomor 12";"190,0511444577651";"548,2844651707052";"748,3303572003931";"760,330366321593";"612,2";"HQLOMS+BookmanOldStyle";"12,000009121200009";"369,1678048142351";"306,1";"0,10301830253877017";"0,310439634854239";"0,5851573353690626";"False";"PEMBUKAAN";"DASAR HUKUM"
"1";"Tahun 1950 tentang Pembentukan Daerah-daerah Kota";"190,04529173331645";"548,2442075801054";"765,9289705770889";"777,9289796982889";"612,2";"HQLOMS+BookmanOldStyle";"12,000009121200009";"369,1447496567109";"306,1";"0,10298064301978259";"0,3104300747032284";"0,5851011366331083";"False";"PEMBUKAAN";"DASAR HUKUM"
"1";"Besar dalam Lingkungan Propinsi Jawa Timur, Jawa";"190,0511444577651";"547,7609462567787";"783,540383963514";"795,5403930847141";"612,2";"HQLOMS+BookmanOldStyle";"12,000009121200009";"368,90604535727186";"306,1";"0,10259073073713139";"0,310439634854239";"0,5843021917657849";"False";"PEMBUKAAN";"DASAR HUKUM"
"1";"Tengah, Jawa Barat dan Daerah Istimewa Yogyakarta";"190,04529173331645";"547,4310460540219";"801,1287973324569";"813,1288064536569";"612,2";"HQLOMS+BookmanOldStyle";"12,000009121199994";"368,7381688936691";"306,1";"0,10231651240390248";"0,3104300747032284";"0,5837728754013483";"False";"PEMBUKAAN";"DASAR HUKUM"
"1";"(Lembaran Negara Republik Indonesia Tahun 1965";"190,0511444577651";"547,8626517100851";"818,729910711053";"830,729919832253";"612,2";"HQLOMS+BookmanOldStyle";"12,000009121199994";"368,95689808392507";"306,1";"0,10267379628213825";"0,310439634854239";"0,5844683228557986";"False";"PEMBUKAAN";"DASAR HUKUM"
"1";"Nomor 19, Tambahan Lembaran Negara Republik Indonesia";"190,0511444577651";"547,9501689766068";"836,3362240936017";"848,3362332148016";"612,2";"HQLOMS+BookmanOldStyle";"12,000009121199994";"369,00065671718596";"306,1";"0,10274527395816062";"0,310439634854239";"0,5846112782078434";"False";"PEMBUKAAN";"DASAR HUKUM"
"1";"Nomor 2730);";"190,0511444577651";"269,87470485160725";"853,9603374896801";"865,96034661088";"612,2";"HQLOMS+BookmanOldStyle";"12,000009121199994";"229,96292465468616";"306,1";"0,12436634326251855";"0,310439634854239";"0,13038804376648502";"False";"PEMBUKAAN";"DASAR HUKUM"
"2";"2";"302,50022993025004";"309,940235585394";"44,57832227887798";"56,578331400078014";"612,2";"HQLOMS+BookmanOldStyle";"12,000009121200037";"306,22023275782203";"306,1";"0,00019639457337799617";"0,4941199443486606";"0,012152900449434787";"False";"PEMBUKAAN";"DASAR HUKUM"
"2";"2. Undang-Undang Nomor 12 Tahun 2011 tentang";"168,850128342885";"548,1323417750763";"72,97934386647796";"84,979352987678";"612,2";"HQLOMS+BookmanOldStyle";"12,000009121200037";"358,49123505898064";"306,1";"0,08557862636226822";"0,27580876893643413";"0,6195397148516681";"False";"PEMBUKAAN";"DASAR HUKUM"
"2";"Pembentukan Peraturan Perundang-undangan (Lembaran";"190,0511444577651";"548,1584284989048";"93,17825921966187";"105,1782683408619";"612,2";"HQLOMS+BookmanOldStyle";"12,000009121200037";"369,1047864783349";"306,1";"0,10291536504138335";"0,310439634854239";"0,5849514603742889";"False";"PEMBUKAAN";"DASAR HUKUM"
"2";"Negara Republik Indonesia Tahun 2011 Nomor 82,";"190,0511444577651";"548,0109580228124";"113,37967457474599";"125,37968369594603";"612,2";"HQLOMS+BookmanOldStyle";"12,000009121200037";"369,0310512402887";"306,1";"0,10279492198675055";"0,310439634854239";"0,5847105742650233";"False";"PEMBUKAAN";"DASAR HUKUM"
"2";"Tambahan Lembaran Negara Republik Indonesia";"190,04529173331645";"547,9883595256355";"133,37908977629002";"145,37909889749005";"612,2";"HQLOMS+BookmanOldStyle";"12,000009121200037";"369,016825629476";"306,1";"0,10277168511838608";"0,3104300747032284";"0,5846832208303152";"False";"PEMBUKAAN";"DASAR HUKUM"
"2";"Nomor 5234), sebagaimana telah diubah beberapa kali,";"190,0511444577651";"547,7215057228001";"153,57800512947392";"165,57841425097797";"612,2";"HQLOMS+BookmanOldStyle";"12,000009121200037";"368,8863250902826";"306,1";"0,10255851860549257";"0,310439634854239";"0,5842377675025073";"False";"PEMBUKAAN";"DASAR HUKUM"
"2";"terakhir dengan Undang-Undang Nomor 13 Tahun 2022";"190,0507444574611";"548,2027643326045";"173,81042050812107";"185,81052962939714";"612,2";"HQLOMS+BookmanOldStyle";"12,000009121200037";"369,1267543950328";"306,1";"0,10295124860345108";"0,31043898147249444";"0,5850245342619135";"False";"PEMBUKAAN";"DASAR HUKUM"
"2";"tentang Perubahan Kedua atas Undang-Undang";"190,05114445776513";"548,387902513328";"193,8098357096651";"205,80984483086513";"612,2";"HQLOMS+BookmanOldStyle";"12,000009121200037";"369,2195234855466";"306,1";"0,1031027825637807";"0,31043963485423903";"0,5853262954190833";"False";"PEMBUKAAN";"DASAR HUKUM"
"2";"Nomor 12 Tahun 2011 tentang Pembentukan Peraturan";"190,0511444577651";"547,9743444349825";"214,008751062849";"226,00876018404904";"612,2";"HQLOMS+BookmanOldStyle";"12,000009121200037";"369,0127444463738";"306,1";"0,10276501869711495";"0,310439634854239";"0,5846507676857521";"False";"PEMBUKAAN";"DASAR HUKUM"
"2";"Perundang-undangan (Lembaran Negara Republik Indonesia";"190,0511444577651";"547,7942009940557";"234,21016641793312";"246,21017553913316";"612,2";"HQLOMS+BookmanOldStyle";"12,000009121200037";"368,9226727259104";"306,1";"0,10261789076430963";"0,310439634854239";"0,5843565118201415";"False";"PEMBUKAAN";"DASAR HUKUM"
"2";"Tahun 2022 Nomor 143, Tambahan Lembaran Negara";"190,04529173331645";"547,6995899861416";"254,20958161947715";"266,2095907406772";"612,2";"HQLOMS+BookmanOldStyle";"12,000009121200037";"368,87244085972907";"306,1";"0,10253583936577759";"0,3104300747032284";"0,5842115293250982";"False";"PEMBUKAAN";"DASAR HUKUM"
"2";"Republik Indonesia Nomor 6801);";"190,0511444577651";"387,04365203165634";"274,428896988167";"286,42890610936706";"612,2";"HQLOMS+BookmanOldStyle";"12,000009121200037";"288,54739824471073";"306,1";"0,028671352099459795";"0,310439634854239";"0,3217780260926024";"False";"PEMBUKAAN";"DASAR HUKUM"
"2";"3. Undang-Undang Nomor 23 Tahun 2014 tentang";"168,850128342885";"548,1323417750763";"294,6305123434032";"306,63052146460325";"612,2";"HQLOMS+BookmanOldStyle";"12,000009121200037";"358,49123505898064";"306,1";"0,08557862636226822";"0,27580876893643413";"0,6195397148516681";"False";"PEMBUKAAN";"DASAR HUKUM"
"2";"Pemerintahan Daerah (Lembaran Negara Republik Indonesia";"190,0511444577651";"547,886263168032";"314,6299275449471";"326,62993666614716";"612,2";"HQLOMS+BookmanOldStyle";"12,000009121200037";"368,9687038128985";"306,1";"0,10269308038696259";"0,310439634854239";"0,5845068910654474";"False";"PEMBUKAAN";"DASAR HUKUM"
"2";"Tahun 2014 Nomor 244, Tambahan Lembaran Negara";"190,04529173331645";"547,8172020755386";"334,82884289813103";"346,82885201933107";"612,2";"HQLOMS+BookmanOldStyle";"12,000009121200037";"368,93124690442755";"306,1";"0,10263189628295905";"0,3104300747032284";"0,5844036431594611";"False";"PEMBUKAAN";"DASAR HUKUM"
"2";"Republik Indonesia Nomor 5587), sebagaimana telah";"190,0511444577651";"547,9820041368048";"355,03025825321515";"367,0302673744152";"612,2";"HQLOMS+BookmanOldStyle";"12,000009121200037";"369,01657429728493";"306,1";"0,10277127457903447";"0,310439634854239";"0,5846632794495912";"False";"PEMBUKAAN";"DASAR HUKUM"
"2";"diubah beberapa kali, terakhir dengan Undang-Undang";"190,0511444577651";"548,4085581050283";"375,03997346258814";"387,0399825837882";"612,2";"HQLOMS+BookmanOldStyle";"12,000009121200037";"369,2298512813967";"306,1";"0,10311965253413372";"0,310439634854239";"0,5853600353597896";"False";"PEMBUKAAN";"DASAR HUKUM"
"2";"Nomor 9 Tahun 2015 tentang Perubahan Kedua atas";"190,0511444577651";"548,3934418735382";"395,259288831278";"407,25929795247805";"612,2";"HQLOMS+BookmanOldStyle";"12,000009121200037";"369,22229316565165";"306,1";"0,10310730670638946";"0,310439634854239";"0,5853353437043011";"False";"PEMBUKAAN";"DASAR HUKUM"
"2";"Undang-Undang Nomor 23 Tahun 2014 tentang";"190,0511444577651";"548,372470377598";"415,4606041862861";"427,4606133074861";"612,2";"HQLOMS+BookmanOldStyle";"12,00000912119998";"369,21180741768154";"306,1";"0,10309017872865324";"0,310439634854239";"0,5853010877488286";"False";"PEMBUKAAN";"DASAR HUKUM"
"2";"Pemerintahan Daerah (Lembaran Negara Republik Indonesia";"190,0511444577651";"547,9680812702219";"435,45961938752606";"447,45962850872604";"612,2";"HQLOMS+BookmanOldStyle";"12,00000912119998";"369,0096128639935";"306,1";"0,10275990340410561";"0,310439634854239";"0,5846405370997334";"False";"PEMBUKAAN";"DASAR HUKUM"
"2";"Tahun 2015 Nomor 58, Tambahan Lembaran Negara";"190,04529173331645";"548,1393540804062";"455,6585347407099";"467,6585438619099";"612,2";"HQLOMS+BookmanOldStyle";"12,00000912119998";"369,09232290686134";"306,1";"0,1028950063816748";"0,3104300747032284";"0,5849298633568927";"False";"PEMBUKAAN";"DASAR HUKUM"
"2";"Republik Indonesia Nomor 5679);";"190,0511444577651";"387,04365203165634";"475,85995009579403";"487,859959216994";"612,2";"HQLOMS+BookmanOldStyle";"12,00000912119998";"288,54739824471073";"306,1";"0,028671352099459795";"0,310439634854239";"0,3217780260926024";"False";"PEMBUKAAN";"DASAR HUKUM"
"2";"4. Undang-Undang Nomor 20 Tahun 2023 tentang Aparatur";"168,850128342885";"548,0600096800966";"495,85966529756604";"507,859674418766";"612,2";"HQLOMS+BookmanOldStyle";"12,00000912119998";"358,4550690114908";"306,1";"0,0855195508191617";"0,27580876893643413";"0,6194215637654551";"False";"PEMBUKAAN";"DASAR HUKUM"
"2";"Sipil Negara (Lembaran Negara Republik Indonesia";"190,0511444577651";"547,9987672135463";"516,0789806662559";"528,0789897874558";"612,2";"HQLOMS+BookmanOldStyle";"12,00000912119998";"369,0249558356557";"306,1";"0,10278496542903573";"0,310439634854239";"0,5846906611495937";"False";"PEMBUKAAN";"DASAR HUKUM"
"2";"Tahun 2023 Nomor 141, Tambahan Lembaran Negara";"190,04529173331645";"548,0933399254308";"536,28039602134";"548,2804051425401";"612,2";"HQLOMS+BookmanOldStyle";"12,00000912119998";"369,06931582937364";"306,1";"0,10285742539917284";"0,3104300747032284";"0,5848547013918888";"False";"PEMBUKAAN";"DASAR HUKUM"
"2";"Republik Indonesia Nomor 6897);";"190,0511444577651";"387,1712942886772";"556,289711230409";"568,290120351913";"612,2";"HQLOMS+BookmanOldStyle";"12,00000912119998";"288,61121937322116";"306,1";"0,02856710327797919";"0,310439634854239";"0,32198652373556363";"False";"PEMBUKAAN";"DASAR HUKUM"
"2";"5. Peraturan Pemerintah Nomor 42 Tahun 2004 tentang";"168,850128342885";"548,091028283674";"576,488726583669";"588,488735704869";"612,2";"HQLOMS+BookmanOldStyle";"12,00000912119998";"358,4705783132795";"306,1";"0,08554488453655577";"0,27580876893643413";"0,6194722312002433";"False";"PEMBUKAAN";"DASAR HUKUM"
"2";"Pembinaan Jiwa Korps dan Kode Etik Pegawai Negeri Sipil";"190,0511444577651";"547,7785732861771";"596,679941931";"608,6799510522001";"612,2";"HQLOMS+BookmanOldStyle";"12,00000912119998";"368,9148588719711";"306,1";"0,10260512720021409";"0,310439634854239";"0,5843309846919503";"False";"PEMBUKAAN";"DASAR HUKUM"
"2";"(Lembaran Negara Republik Indonesia Tahun 2004";"190,0511444577651";"547,9371133266832";"616,710057155879";"628,7107662776111";"612,2";"HQLOMS+BookmanOldStyle";"12,00000912119998";"368,9941288922241";"306,1";"0,10273461106211058";"0,310439634854239";"0,5845899524157433";"False";"PEMBUKAAN";"DASAR HUKUM"
"2";"Nomor 142, Tambahan Lembaran Negara Republik";"190,05144445799314";"548,1719802652055";"636,9087725089109";"648,9096816307949";"612,2";"HQLOMS+BookmanOldStyle";"12,00000912119998";"369,11171236159936";"306,1";"0,10292667814700969";"0,3104401248905474";"0,5849731065129244";"False";"PEMBUKAAN";"DASAR HUKUM"
"2";"Indonesia Nomor 4450);";"190,0511444577651";"330,7392513947139";"657,1101878639951";"669,1107969856512";"612,2";"HQLOMS+BookmanOldStyle";"12,00000912119998";"260,3951979262395";"306,1";"0,07465665154158853";"0,310439634854239";"0,22980742720834496";"False";"PEMBUKAAN";"DASAR HUKUM"
"2";"6. Peraturan Pemerintah Nomor 11 Tahun 2017 tentang";"168,850128342885";"548,091028283674";"677,109803065691";"689,1098121868911";"612,2";"HQLOMS+BookmanOldStyle";"12,000009121200009";"358,4705783132795";"306,1";"0,08554488453655577";"0,27580876893643413";"0,6194722312002433";"False";"PEMBUKAAN";"DASAR HUKUM"
"2";"Manajemen Pegawai Negeri Sipil (Lembaran Negara Republik";"190,0511444577651";"548,023674144478";"697,308718418875";"709,3087275400749";"612,2";"HQLOMS+BookmanOldStyle";"12,000009121200009";"369,03740930112156";"306,1";"0,10280530758105444";"0,310439634854239";"0,584731345453631";"False";"PEMBUKAAN";"DASAR HUKUM"
"2";"Indonesia Tahun 2017 Nomor 63, Tambahan Lembaran";"190,0511444577651";"548,1482741271865";"717,3107336223951";"729,3108427436712";"612,2";"HQLOMS+BookmanOldStyle";"12,000009121200009";"369,0997092924758";"306,1";"0,10290707169630146";"0,310439634854239";"0,5849348736841251";"False";"PEMBUKAAN";"DASAR HUKUM"
"2";"Negara Republik Indonesia Nomor 6037), sebagaimana";"190,0511444577651";"548,0626814221275";"737,530148991161";"749,530158112361";"612,2";"HQLOMS+BookmanOldStyle";"12,000009121200009";"369,0569129399463";"306,1";"0,10283716586074203";"0,310439634854239";"0,5847950620130062";"False";"PEMBUKAAN";"DASAR HUKUM"
"2";"telah diubah dengan Peraturan Pemerintah Nomor 17";"190,0511444577651";"548,1412762018674";"757,7290643443449";"769,729073465545";"612,2";"HQLOMS+BookmanOldStyle";"12,000009121200009";"369,09621032981624";"306,1";"0,10290135630482884";"0,310439634854239";"0,5849234429011798";"False";"PEMBUKAAN";"DASAR HUKUM"
"2";"Tahun 2020 tentang Perubahan atas Peraturan Pemerintah";"190,0451444532045";"548,1354166374134";"777,728879546193";"789,728888667393";"612,2";"HQLOMS+BookmanOldStyle";"12,000009121200009";"369,09028054530893";"306,1";"0,10289167027982506";"0,31042983412807007";"0,5849236723035101";"False";"PEMBUKAAN";"DASAR HUKUM"
"2";"Nomor 11 Tahun 2017 tentang Manajemen Pegawai Negeri";"190,05114445776505";"547,8092547214981";"797,9298949009731";"809,9303040224771";"612,2";"HQLOMS+BookmanOldStyle";"12,000009121200009";"368,93019958963157";"306,1";"0,10263018554333803";"0,31043963485423887";"0,5843811013781982";"False";"PEMBUKAAN";"DASAR HUKUM"
"2";"Sipil (Lembaran Negara Republik Indonesia Tahun 2020";"190,05124445784114";"548,220416702022";"818,128810254157";"830,1289193754329";"612,2";"HQLOMS+BookmanOldStyle";"12,000009121199994";"369,13583057993156";"306,1";"0,10296607412599075";"0,31043979819967515";"0,5850525518526313";"False";"PEMBUKAAN";"DASAR HUKUM"
"2";"Nomor 68, Tambahan Lembaran Negara Republik Indonesia";"190,0511444577651";"548,0243163129662";"838,1360254616296";"850,1360345828297";"612,2";"HQLOMS+BookmanOldStyle";"12,000009121199994";"369,03773038536565";"306,1";"0,1028058320571147";"0,310439634854239";"0,5847323944057515";"False";"PEMBUKAAN";"DASAR HUKUM"
"2";"Nomor 6477);";"190,0511444577651";"269,87470485160725";"858,3604408341961";"870,3604499553961";"612,2";"HQLOMS+BookmanOldStyle";"12,000009121199994";"229,96292465468616";"306,1";"0,12436634326251855";"0,310439634854239";"0,13038804376648502";"False";"PEMBUKAAN";"DASAR HUKUM"
"3";"3";"302,50022993025004";"309,940235585394";"44,57832227887798";"56,578331400078014";"612,2";"HQLOMS+BookmanOldStyle";"12,000009121200037";"306,22023275782203";"306,1";"0,00019639457337799617";"0,4941199443486606";"0,012152900449434787";"False";"PEMBUKAAN";"DASAR HUKUM"
"3";"7. Peraturan Pemerintah Nomor 94 Tahun 2021 tentang";"168,850128342885";"548,1678304620514";"72,97934386647796";"84,979352987678";"612,2";"HQLOMS+BookmanOldStyle";"12,000009121200037";"358,5089794024682";"306,1";"0,08560761091549846";"0,27580876893643413";"0,6195976839581286";"False";"PEMBUKAAN";"DASAR HUKUM"
"3";"Disiplin Pegawai Negeri Sipil (Lembaran Negara Republik";"190,05114445776516";"547,6196766053997";"94,37996013307406";"106,3799692542741";"612,2";"HQLOMS+BookmanOldStyle";"12,000009121200037";"368,83541053158245";"306,1";"0,10247535206073576";"0,31043963485423903";"0,5840714344129933";"False";"PEMBUKAAN";"DASAR HUKUM"
"3";"Indonesia Tahun 2021 Nomor 202, Tambahan Lembaran";"190,05114445776516";"547,8468617780832";"115,57837624597789";"127,5785853673301";"612,2";"HQLOMS+BookmanOldStyle";"12,000009121200037";"368,9490031179242";"306,1";"0,10266090022529263";"0,31043963485423903";"0,5844425307421071";"False";"PEMBUKAAN";"DASAR HUKUM"
"3";"Negara Republik Indonesia Nomor 6718);";"190,05114445776513";"431,59114045217655";"136,78979236876307";"148,7898014899631";"612,2";"HQLOMS+BookmanOldStyle";"12,000009121200037";"310,82114245497087";"306,1";"0,007711764872543034";"0,31043963485423903";"0,394544260036608";"False";"PEMBUKAAN";"DASAR HUKUM"
"3";"8. Peraturan Presiden Nomor 87 Tahun 2014 tentang";"168,850128342885";"547,9944283702483";"157,97840847421787";"169,9784175954179";"612,2";"HQLOMS+BookmanOldStyle";"12,000009121200037";"358,42227835656666";"306,1";"0,08546598882157243";"0,27580876893643413";"0,6193144397702766";"False";"PEMBUKAAN";"DASAR HUKUM"
"3";"Peraturan Pelaksanaan Undang-Undang Nomor 12";"190,0511444577651";"548,1488884916533";"179,409624764073";"191,40963388527302";"612,2";"HQLOMS+BookmanOldStyle";"12,000009121200037";"369,1000164747092";"306,1";"0,10290757346407903";"0,310439634854239";"0,5849358772196802";"False";"PEMBUKAAN";"DASAR HUKUM"
"3";"Tahun 2011 tentang Pembentukan Peraturan";"190,04529173331645";"547,8923965326939";"200,60824087712888";"212,60824999832892";"612,2";"HQLOMS+BookmanOldStyle";"12,000009121200037";"368,9688441330052";"306,1";"0,10269330959327859";"0,3104300747032284";"0,5845264697801003";"False";"PEMBUKAAN";"DASAR HUKUM"
"3";"Perundang-undangan (Lembaran Negara Republik Indonesia";"190,0511444577651";"547,9064523033779";"221,809356992085";"233,80946611336105";"612,2";"HQLOMS+BookmanOldStyle";"12,000009121200037";"368,9787983805715";"306,1";"0,10270956939002202";"0,310439634854239";"0,5845398690715662";"False";"PEMBUKAAN";"DASAR HUKUM"
"3";"Tahun 2014 Nomor 199), sebagaimana telah diubah";"190,04514445320453";"548,094743646498";"243,0104731070412";"255,01058222831716";"612,2";"HQLOMS+BookmanOldStyle";"12,000009121200037";"369,0699440498513";"306,1";"0,10285845156787206";"0,3104298341280701";"0,5848572348796038";"False";"PEMBUKAAN";"DASAR HUKUM"
"3";"dengan Peraturan Presiden Nomor 76 Tahun 2021 tentang";"190,05114445776513";"547,8484164192649";"264,40848937166095";"276,408498492861";"612,2";"HQLOMS+BookmanOldStyle";"12,000009121200037";"368,94978043851506";"306,1";"0,10266216994203697";"0,31043963485423903";"0,5844450701755959";"False";"PEMBUKAAN";"DASAR HUKUM"
"3";"Perubahan atas Peraturan Presiden Nomor 87 Tahun 2014";"190,05114445776516";"548,0824165971283";"285,63010550219917";"297,6301146233992";"612,2";"HQLOMS+BookmanOldStyle";"12,000009121200037";"369,0667805274467";"306,1";"0,10285328410233044";"0,31043963485423903";"0,5848272984961826";"False";"PEMBUKAAN";"DASAR HUKUM"
"3";"tentang Peraturan Pelaksanaan Undang-Undang";"190,05114445776516";"548,3982992972307";"306,82872161525506";"318,8287307364551";"612,2";"HQLOMS+BookmanOldStyle";"12,000009121200037";"369,2247218774979";"306,1";"0,10311127389333208";"0,31043963485423903";"0,585343278078186";"False";"PEMBUKAAN";"DASAR HUKUM"
"3";"Nomor 12 Tahun 2011 tentang Pembentukan Peraturan";"190,05114445776522";"547,6394015003928";"328,02983773021117";"340,0298468514112";"612,2";"HQLOMS+BookmanOldStyle";"12,000009121200037";"368,84527297907897";"306,1";"0,10249146190636874";"0,31043963485423914";"0,5841036541042592";"False";"PEMBUKAAN";"DASAR HUKUM"
"3";"Perundang-undangan (Lembaran Negara Republik Indonesia";"190,05114445776522";"547,9064523033779";"349,4304539968073";"361,4305631180832";"612,2";"HQLOMS+BookmanOldStyle";"12,000009121200037";"368,97879838057156";"306,1";"0,10270956939002211";"0,31043963485423914";"0,584539869071566";"False";"PEMBUKAAN";"DASAR HUKUM"
"3";"Tahun 2021 Nomor 186);";"190,04514445320453";"338,3412571729941";"370,62917010993897";"382,629579231443";"612,2";"HQLOMS+BookmanOldStyle";"12,000009121200037";"264,19320081309934";"306,1";"0,0684527918766754";"0,3104298341280701";"0,24223474799050895";"False";"PEMBUKAAN";"DASAR HUKUM"
"3";"9. Peraturan Menteri Dalam Negeri Nomor 80 Tahun 2015";"168,850128342885";"547,7888992140256";"391,85858624640593";"403,858595367606";"612,2";"HQLOMS+BookmanOldStyle";"12,000009121200037";"358,3195137784553";"306,1";"0,08529812770084168";"0,27580876893643413";"0,6189787175288151";"False";"PEMBUKAAN";"DASAR HUKUM"
"3";"tentang Pembentukan Produk Hukum Daerah (Berita";"190,05154445806915";"547,9940526899628";"413,05970236136204";"425,059711482562";"612,2";"HQLOMS+BookmanOldStyle";"12,00000912119998";"369,02279857401595";"306,1";"0,10278144164327985";"0,3104402882359836";"0,5846823068145927";"False";"PEMBUKAAN";"DASAR HUKUM"
"3";"Negara Republik Indonesia Tahun 2015 Nomor 2036),";"190,05154445806915";"547,8809890840232";"434,26081847631815";"446,26082759751813";"612,2";"HQLOMS+BookmanOldStyle";"12,00000912119998";"368,9662667710462";"306,1";"0,1026890995933456";"0,3104402882359836";"0,584497622714724";"False";"PEMBUKAAN";"DASAR HUKUM"
"3";"sebagaimana telah diubah dengan Peraturan Menteri Dalam";"190,05154445806915";"547,7987214614918";"455,658834740938";"467,658843862138";"612,2";"HQLOMS+BookmanOldStyle";"12,00000912119998";"368,9251329597805";"306,1";"0,10262190944100047";"0,3104402882359836";"0,5843632424100337";"False";"PEMBUKAAN";"DASAR HUKUM"
"3";"Negeri Nomor 120 Tahun 2018 tentang Perubahan atas";"190,05154445806915";"548,0257382340469";"476,8599508558941";"488,8599599770941";"612,2";"HQLOMS+BookmanOldStyle";"12,00000912119998";"369,03864134605806";"306,1";"0,10280732006869982";"0,3104402882359836";"0,5847340636654325";"False";"PEMBUKAAN";"DASAR HUKUM"
"3";"Peraturan Menteri Dalam Negeri Nomor 80 Tahun 2015";"190,05154445806915";"548,1432334433551";"498,05856696894995";"510,0586760902259";"612,2";"HQLOMS+BookmanOldStyle";"12,00000912119998";"369,0973889507121";"306,1";"0,10290328152680837";"0,3104402882359836";"0,5849259865816497";"False";"PEMBUKAAN";"DASAR HUKUM"
"3";"tentang Pembentukan Produk Hukum Daerah (Berita";"190,05014445700502";"547,9926526888986";"519,280283099564";"531,2802922207641";"612,2";"HQLOMS+BookmanOldStyle";"12,00000912119998";"369,0213985729518";"306,1";"0,10277915480717374";"0,3104380013998775";"0,5846823068145925";"False";"PEMBUKAAN";"DASAR HUKUM"
"3";"Negara Republik Indonesia Tahun 2019 Nomor 157);";"190,05014445700502";"499,959630219026";"540,6808993661602";"552,6809084873602";"612,2";"HQLOMS+BookmanOldStyle";"12,00000912119998";"345,0048873380155";"306,1";"0,06354930960146275";"0,3104380013998775";"0,5062226164031705";"False";"PEMBUKAAN";"DASAR HUKUM"
"3";"10. Peraturan Menteri Dalam Negeri Nomor 13 Tahun 2019";"168,850128342885";"548,2213028226954";"561,8797154793681";"573,8797246005681";"612,2";"HQLOMS+BookmanOldStyle";"12,00000912119998";"358,5357155827902";"306,1";"0,08565128321265955";"0,27580876893643413";"0,6196850285524508";"False";"PEMBUKAAN";"DASAR HUKUM"
"3";"tentang Pakaian Dinas bagi Aparatur Sipil Negara di";"190,0512944578791";"547,9806429997701";"583,0808315943242";"595,0808407155241";"612,2";"HQLOMS+BookmanOldStyle";"12,00000912119998";"369,0159687288246";"306,1";"0,10277028541134361";"0,31043987987239313";"0,584660811077901";"False";"PEMBUKAAN";"DASAR HUKUM"
"3";"Lingkungan Perangkat Daerah yang Menyelenggarakan";"190,0512944578791";"547,7110692748673";"604,2794477073801";"616,27945682858";"612,2";"HQLOMS+BookmanOldStyle";"12,00000912119998";"368,8811818663732";"306,1";"0,10255011739035147";"0,31043987987239313";"0,5842204750359168";"False";"PEMBUKAAN";"DASAR HUKUM"
"3";"Sub Urusan Kebakaran (Berita Negara Republik Indonesia";"190,0512944578791";"548,3415365540851";"625,7106639972351";"637,7106731184351";"612,2";"HQLOMS+BookmanOldStyle";"12,00000912119998";"369,1964155059821";"306,1";"0,10306503676246662";"0,31043987987239313";"0,585250313780147";"False";"PEMBUKAAN";"DASAR HUKUM"
"3";"Tahun 2019 Nomor 363);";"190,04544173343044";"338,3413631730746";"646,909280110291";"658,9092892314909";"612,2";"HQLOMS+BookmanOldStyle";"12,00000912119998";"264,19340245325253";"306,1";"0,06845246250693807";"0,3104303197213826";"0,24223443554335866";"False";"PEMBUKAAN";"DASAR HUKUM"
"3";"11. Peraturan Menteri Dalam Negeri Nomor 17 Tahun 2019";"168,850128342885";"547,7886492138356";"668,109796224791";"680,1098053459909";"612,2";"HQLOMS+BookmanOldStyle";"12,00000912119998";"358,3193887783603";"306,1";"0,0852979235190465";"0,27580876893643413";"0,6189783091652247";"False";"PEMBUKAAN";"DASAR HUKUM"
"3";"tentang Pemenuhan Hak Pegawai Negeri Sipil, Penyediaan";"190,0512944578791";"547,8697237954606";"689,3084123378469";"701,3084214590468";"612,2";"HQLOMS+BookmanOldStyle";"12,000009121200009";"368,9605091266698";"306,1";"0,10267969475117575";"0,31043987987239313";"0,5844796297575653";"False";"PEMBUKAAN";"DASAR HUKUM"
"3";"Sarana dan Prasarana Minimal, Pembinaan Teknis";"190,0512944578791";"547,5883001815506";"710,5095284528029";"722,5095375740029";"612,2";"HQLOMS+BookmanOldStyle";"12,000009121200009";"368,81979731971484";"306,1";"0,102449848611099";"0,31043987987239313";"0,5840199374774118";"False";"PEMBUKAAN";"DASAR HUKUM"
"3";"Operasional dan Penghargaan Satuan Polisi Pamong Praja";"190,0512944578791";"548,1803831635924";"731,9305447349051";"743,930553856105";"612,2";"HQLOMS+BookmanOldStyle";"12,000009121200009";"369,11583881073574";"306,1";"0,1029334185082256";"0,31043987987239313";"0,584987077271665";"False";"PEMBUKAAN";"DASAR HUKUM"
"3";"(Berita Negara Republik Indonesia Tahun 2019 Nomor 550);";"190,0512944578791";"543,2989228411973";"753,129160847961";"765,1291699691609";"612,2";"HQLOMS+BookmanOldStyle";"12,000009121200009";"366,6751086495382";"306,1";"0,09894660021159449";"0,31043987987239313";"0,5770134406784028";"False";"PEMBUKAAN";"DASAR HUKUM"
"3";"12. Peraturan Menteri Perhubungan Nomor PM 28 Tahun 2020";"168,850128342885";"548,0115264632445";"774,3308769633732";"786,3308860845732";"612,2";"HQLOMS+BookmanOldStyle";"12,000009121200009";"358,43082740306477";"306,1";"0,08547995328824688";"0,27580876893643413";"0,6193423687036255";"False";"PEMBUKAAN";"DASAR HUKUM"
"3";"tentang Pedoman Pakaian Dinas Lapangan bagi";"190,0511444577651";"548,151679609775";"795,5294930764289";"807,529502197629";"612,2";"HQLOMS+BookmanOldStyle";"12,000009121200009";"369,10141203377003";"306,1";"0,10290985304438093";"0,310439634854239";"0,584940436380284";"False";"PEMBUKAAN";"DASAR HUKUM"
"3";"Petugas Operasional yang Menyelenggarakan Fungsi";"190,0511444577651";"547,9242601169135";"816,9403093507781";"828,9403184719781";"612,2";"HQLOMS+BookmanOldStyle";"12,000009121199994";"368,9877022873393";"306,1";"0,10272411350431111";"0,310439634854239";"0,5845689573001444";"False";"PEMBUKAAN";"DASAR HUKUM"
"3";"Perhubungan Darat (Berita Negara Republik Indonesia";"190,0511444577651";"548,1317096745959";"838,1363254618577";"850,1363345830576";"612,2";"HQLOMS+BookmanOldStyle";"12,000009121199994";"369,0914270661805";"306,1";"0,1028935430679197";"0,310439634854239";"0,5849078164273616";"False";"PEMBUKAAN";"DASAR HUKUM"
"3";"Tahun 2020 Nomor 576);";"190,04529173331645";"338,3412142529615";"859,360441594296";"871,3604507154961";"612,2";"HQLOMS+BookmanOldStyle";"12,000009121199994";"264,19325299313897";"306,1";"0,06845270664302687";"0,3104300747032284";"0,24223443730748945";"False";"PEMBUKAAN";"DASAR HUKUM"
"4";"4";"302,50022993025004";"309,940235585394";"44,57832227887798";"56,578331400078014";"612,2";"HQLOMS+BookmanOldStyle";"12,000009121200037";"306,22023275782203";"306,1";"0,00019639457337799617";"0,4941199443486606";"0,012152900449434787";"False";"PEMBUKAAN";"DASAR HUKUM"
"4";"13. Peraturan Menteri Dalam Negeri Nomor 10 Tahun 2024";"168,850128342885";"547,7886492138356";"72,97934386647796";"84,979352987678";"612,2";"HQLOMS+BookmanOldStyle";"12,000009121200037";"358,3193887783603";"306,1";"0,0852979235190465";"0,27580876893643413";"0,6189783091652247";"False";"PEMBUKAAN";"DASAR HUKUM"
"4";"tentang Pakaian Dinas Aparatur Sipil Negara di Lingkungan";"190,0512944578791";"547,649767708272";"91,37825785148186";"103,3782669726819";"612,2";"HQLOMS+BookmanOldStyle";"12,000009121200037";"368,8505310830755";"306,1";"0,10250005077274663";"0,31043987987239313";"0,584120341800707";"False";"PEMBUKAAN";"DASAR HUKUM"
"4";"Kementerian Dalam Negeri dan Pemerintah Daerah (Berita";"190,0512944578791";"547,6870118965812";"109,78987184613914";"121,78988096733917";"612,2";"HQLOMS+BookmanOldStyle";"12,000009121200037";"368,86915317723015";"306,1";"0,1025304690905425";"0,31043987987239313";"0,5841811784362988";"False";"PEMBUKAAN";"DASAR HUKUM"
"4";"Negara Republik Indonesia Tahun 2024 Nomor 488);";"190,0512944578791";"500,19087271479333";"127,97908567175";"139,97909479295004";"612,2";"HQLOMS+BookmanOldStyle";"12,000009121200037";"345,1210835863362";"306,1";"0,06373911072580235";"0,31043987987239313";"0,5065984617068183";"False";"PEMBUKAAN";"DASAR HUKUM"
"4";"14. Peraturan Kepala Badan Nasional Penanggulangan Bencana";"168,850128342885";"547,8861752079652";"146,3783996570579";"158,37840877825795";"612,2";"HQLOMS+BookmanOldStyle";"12,000009121200037";"358,3681517754251";"306,1";"0,08537757558873742";"0,27580876893643413";"0,6191376133046066";"False";"PEMBUKAAN";"DASAR HUKUM"
"4";"Nomor 15 Tahun 2014 tentang Pakaian Dinas dan Atribut";"190,05114445776516";"547,8333442078083";"164,60851351375686";"176,6085226349569";"612,2";"HQLOMS+BookmanOldStyle";"12,000009121200037";"368,94224433278674";"306,1";"0,10264986006662319";"0,31043963485423903";"0,5844204504247682";"False";"PEMBUKAAN";"DASAR HUKUM"
"4";"Badan Nasional Penanggulangan Bencana (Berita Negara";"190,05114445776516";"547,6688008027388";"183,00992750066098";"195,00993662186102";"612,2";"HQLOMS+BookmanOldStyle";"12,000009121200037";"368,859972630252";"306,1";"0,1025154730974387";"0,31043963485423903";"0,5841516764863992";"False";"PEMBUKAAN";"DASAR HUKUM"
"4";"Republik Indonesia Tahun 2014 Nomor 2077);";"190,05114445776516";"462,8177116674753";"201,20934133402488";"213,20935045522492";"612,2";"HQLOMS+BookmanOldStyle";"12,000009121200037";"326,4344280626202";"306,1";"0,03321533496017672";"0,31043963485423903";"0,44555140021187545";"False";"PEMBUKAAN";"DASAR HUKUM"
"4";"15. Peraturan Daerah Kabupaten Malang Nomor 9";"168,850128342885";"548,1974866445929";"219,61045532070113";"231,61046444190117";"612,2";"HQLOMS+BookmanOldStyle";"12,000009121200037";"358,52380749373896";"306,1";"0,0856318319074468";"0,27580876893643413";"0,6196461259420253";"False";"PEMBUKAAN";"DASAR HUKUM"
"4";"Tahun 2016 tentang Pembentukan dan Susunan Perangkat";"190,0451444532045";"548,0862932000747";"238,00946930578095";"250,009478426981";"612,2";"HQLOMS+BookmanOldStyle";"12,000009121200037";"369,06571882663957";"306,1";"0,1028515498638346";"0,31042983412807007";"0,5848434314715292";"False";"PEMBUKAAN";"DASAR HUKUM"
"4";"Daerah (Lembaran Daerah Kabupaten Malang Tahun 2016";"190,0511444577651";"547,7833179697834";"256,20848313884096";"268,208492260041";"612,2";"HQLOMS+BookmanOldStyle";"12,000009121200037";"368,91723121377424";"306,1";"0,10260900230933391";"0,310439634854239";"0,58433873491019";"False";"PEMBUKAAN";"DASAR HUKUM"
"4";"Nomor 1 Seri C), sebagaimana telah diubah beberapa kali,";"190,0511444577651";"547,7934915775162";"274,62849713988294";"286,628506261083";"612,2";"HQLOMS+BookmanOldStyle";"12,000009121200037";"368,92231801764063";"306,1";"0,10261731136497976";"0,310439634854239";"0,5843553530214817";"False";"PEMBUKAAN";"DASAR HUKUM"
"4";"terakhir dengan Peraturan Daerah Kabupaten Malang";"190,0511444577651";"548,3108698507755";"292,8305109752231";"304,83052009642313";"612,2";"HQLOMS+BookmanOldStyle";"12,000009121200037";"369,1810071542703";"306,1";"0,1030398679422905";"0,310439634854239";"0,5852004661761032";"False";"PEMBUKAAN";"DASAR HUKUM"
"4";"Nomor 3 Tahun 2023 tentang Perubahan Keempat atas";"190,0511444577651";"548,3752038196756";"311,239524967904";"323,23953408910404";"612,2";"HQLOMS+BookmanOldStyle";"12,000009121200037";"369,2131741387203";"306,1";"0,10309241120339806";"0,310439634854239";"0,5853055526983183";"False";"PEMBUKAAN";"DASAR HUKUM"
"4";"Peraturan Daerah Nomor 9 Tahun 2016 tentang";"190,0511444577651";"548,017297187631";"329,42853879336303";"341,42854791456307";"612,2";"HQLOMS+BookmanOldStyle";"12,000009121200037";"369,03422082269805";"306,1";"0,10280009935102584";"0,310439634854239";"0,5847209289935739";"False";"PEMBUKAAN";"DASAR HUKUM"
"4";"Pembentukan dan Susunan Perangkat Daerah (Lembaran";"190,0511444577651";"547,8873953688926";"347,829552779963";"359,82956190116306";"612,2";"HQLOMS+BookmanOldStyle";"12,000009121200037";"368,96926991332884";"306,1";"0,10269400508547667";"0,310439634854239";"0,5845087404624755";"False";"PEMBUKAAN";"DASAR HUKUM"
"4";"Daerah Kabupaten Malang Tahun 2023 Nomor 3 Seri C);";"190,0511444577651";"524,8203989156821";"366,0395666213841";"378,03957574258413";"612,2";"HQLOMS+BookmanOldStyle";"12,000009121200037";"357,43577168672357";"306,1";"0,08385457642391954";"0,310439634854239";"0,5468298831393612";"False";"PEMBUKAAN";"DASAR HUKUM"
"4";"16. Peraturan Bupati Kabupaten Malang Nomor 43 Tahun 2009";"168,850128342885";"547,8012470634112";"384,42858059886294";"396,428589720063";"612,2";"HQLOMS+BookmanOldStyle";"12,000009121200037";"358,3256877031481";"306,1";"0,08530821251739314";"0,27580876893643413";"0,618998887161918";"False";"PEMBUKAAN";"DASAR HUKUM"
"4";"tentang Busana Malangan (Berita Daerah Kabupaten";"190,0511444577651";"548,2242331049229";"402,86059460902607";"414,8606037302261";"612,2";"HQLOMS+BookmanOldStyle";"12,000009121200037";"369,13768878134397";"306,1";"0,10296910941088523";"0,310439634854239";"0,5850589491132926";"False";"PEMBUKAAN";"DASAR HUKUM"
"4";"Malang Tahun 2009 Nomor 14/E);";"190,0511444577651";"393,56029914495605";"421,0596084420861";"433,05961756328605";"612,2";"HQLOMS+BookmanOldStyle";"12,00000912119998";"291,80572180136056";"306,1";"0,023349033320221268";"0,310439634854239";"0,3324226636510796";"False";"PEMBUKAAN";"DASAR HUKUM"
"4";"MEMUTUSKAN:";"258,880196774688";"353,0807765764943";"457,66063626250616";"469,66064538370614";"612,2";"HQLOMS+BookmanOldStyle";"12,00000912119998";"305,9804866755911";"306,1";"0,00019521941262479463";"0,42286866510076443";"0,1538722309732217";"True";"PEMBUKAAN";"DASAR HUKUM"
"4";"Menetapkan : PERATURAN BUPATI TENTANG PAKAIAN DINAS APARATUR";"62,424747449014475";"549,734325172743";"494,25866408064593";"506,2586732018459";"612,2";"HQLOMS+BookmanOldStyle";"12,00000912119998";"306,0795363108787";"306,1";"3,342647683975812e-05";"0,10196789847927878";"0,7959973500877628";"False";"PEMBUKAAN";"DASAR HUKUM"
"4";"SIPIL NEGARA DI LINGKUNGAN PEMERINTAH";"168,84912834212489";"549,5824632173128";"512,6779780811559";"524,6786872028879";"612,2";"HQLOMS+BookmanOldStyle";"12,00000912119998";"359,21579577971886";"306,1";"0,08676216233211179";"0,27580713548207264";"0,6219100537000782";"True";"PEMBUKAAN";"DASAR HUKUM"
"4";"KABUPATEN MALANG.";"168,850128342885";"305,14123193767415";"530,8806919170281";"542,8807010382282";"612,2";"HQLOMS+BookmanOldStyle";"12,00000912119998";"236,99568014027957";"306,1";"0,11287866687311408";"0,27580876893643413";"0,22262512838090354";"True";"PEMBUKAAN";"DASAR HUKUM"
"4";"BAB I";"289,2992198961699";"322,9590497609871";"567,6807198887082";"579,6807290099082";"612,2";"HQLOMS+BookmanOldStyle";"12,00000912119998";"306,1291348285785";"306,1";"4,759037663915719e-05";"0,47255671332272114";"0,05498175410783599";"True";"BATANG TUBUH";"BAB I"
"4";"KETENTUAN UMUM";"245,68018674136803";"366,2313484922364";"585,879733721768";"597,879742842968";"612,2";"HQLOMS+BookmanOldStyle";"12,00000912119998";"305,95576761680223";"306,1";"0,0002355968363243854";"0,40130706752918655";"0,19691467126897805";"True";"BATANG TUBUH";"BAB I"
"4";"Pasal 1";"284,90121655325015";"327,3389812101705";"622,5087615634709";"634,5087706846709";"612,2";"HQLOMS+BookmanOldStyle";"12,00000912119998";"306,1200988817103";"306,1";"3,283058103607075e-05";"0,4653727810409182";"0,06932009908023581";"False";"BATANG TUBUH";"PASAL 1"
"4";"Dalam Peraturan Bupati ini yang dimaksud dengan:";"168,850128342885";"476,9696533843579";"659,109789383891";"671,109798505091";"612,2";"HQLOMS+BookmanOldStyle";"12,00000912119998";"322,90989086362146";"306,1";"0,0274581686762846";"0,27580876893643413";"0,5032987994797009";"False";"BATANG TUBUH";"PASAL 1"
"4";"1. Daerah adalah Kabupaten Malang.";"168,850128342885";"395,33573445446336";"677,5088033689709";"689,508812490171";"612,2";"HQLOMS+BookmanOldStyle";"12,000009121200009";"282,0929313986742";"306,1";"0,03921442110638001";"0,27580876893643413";"0,3699536199143717";"False";"BATANG TUBUH";"PASAL 1"
"4";"2. Pemerintah Daerah adalah Pemerintah Kabupaten Malang.";"168,850128342885";"537,8631835894951";"695,9108173563311";"707,9108264775311";"612,2";"HQLOMS+BookmanOldStyle";"12,000009121200009";"353,35665596619003";"306,1";"0,07719153212379942";"0,27580876893643413";"0,6027655263747306";"False";"BATANG TUBUH";"PASAL 1"
"4";"3. Bupati adalah Bupati Malang.";"168,850128342885";"367,3307995679285";"714,109831189391";"726,109840310591";"612,2";"HQLOMS+BookmanOldStyle";"12,000009121200009";"268,0904639554068";"306,1";"0,062086795237819715";"0,27580876893643413";"0,32420887165149215";"False";"BATANG TUBUH";"PASAL 1"
"4";"4. Perangkat Daerah yang selanjutnya disingkat PD adalah";"168,850128342885";"549,4269493111067";"732,5288451896729";"744,5288543108729";"612,2";"HQLOMS+BookmanOldStyle";"12,000009121200009";"359,13853882699584";"306,1";"0,08663596672165275";"0,27580876893643413";"0,6216543955704372";"False";"BATANG TUBUH";"PASAL 1"
"4";"unsur pembantu Bupati dan Dewan Perwakilan Rakyat";"190,05154445806915";"549,6669512815321";"750,7282590230368";"762,7282681442368";"612,2";"HQLOMS+BookmanOldStyle";"12,000009121200009";"369,8592478698006";"306,1";"0,10414774235511362";"0,3104402882359836";"0,5874149082382603";"False";"BATANG TUBUH";"PASAL 1"
"4";"Daerah dalam penyelenggaraan urusan pemerintahan";"190,05154445806915";"549,9639056672469";"769,1296730099409";"781,129682131141";"612,2";"HQLOMS+BookmanOldStyle";"12,000009121200009";"370,007725062658";"306,1";"0,10439027288901985";"0,3104402882359836";"0,5878999693060727";"False";"BATANG TUBUH";"PASAL 1"
"4";"yang menjadi kewenangan Daerah.";"190,0456917336205";"396,55794737546665";"787,3290868433049";"799,329095964505";"612,2";"HQLOMS+BookmanOldStyle";"12,000009121200009";"293,30181955454356";"306,1";"0,020905227777615918";"0,310430728084973";"0,3373280882748222";"False";"BATANG TUBUH";"PASAL 1"
"4";"5. Aparatur Sipil Negara yang selanjutnya disingkat ASN";"168,850128342885";"549,5354965936134";"805,7409008381142";"817,7409099593142";"612,2";"HQLOMS+BookmanOldStyle";"12,000009121200009";"359,1928124682492";"306,1";"0,08672462017028613";"0,27580876893643413";"0,621831702467704";"False";"BATANG TUBUH";"PASAL 1"
"4";"adalah profesi bagi Pegawai Negeri Sipil dan Pegawai";"190,05154445806915";"549,9079193846919";"823,9299146635731";"835,9301237849251";"612,2";"HQLOMS+BookmanOldStyle";"12,000009121199994";"369,97973192138056";"306,1";"0,10434454740506457";"0,3104402882359836";"0,587808518338162";"False";"BATANG TUBUH";"PASAL 1"
"4";"Pemerintah dengan Perjanjian Kerja yang bekerja di";"190,0511444577651";"549,4250853456898";"842,3339286524534";"854,3339377736535";"612,2";"HQLOMS+BookmanOldStyle";"12,000009121199994";"369,73811490172744";"306,1";"0,10394987733049235";"0,310439634854239";"0,5870204849525069";"False";"BATANG TUBUH";"PASAL 1"
"4";"lingkungan Pemerintah Daerah.";"190,0511444577651";"378,5702591110352";"860,7583426568399";"872,7583517780399";"612,2";"HQLOMS+BookmanOldStyle";"12,000009121199994";"284,3107017844002";"306,1";"0,03559179715060412";"0,310439634854239";"0,3079371359903138";"False";"BATANG TUBUH";"PASAL 1"
"5";"5";"302,50022993025004";"309,940235585394";"44,57832227887798";"56,578331400078014";"612,2";"HQLOMS+BookmanOldStyle";"12,000009121200037";"306,22023275782203";"306,1";"0,00019639457337799617";"0,4941199443486606";"0,012152900449434787";"False";"BATANG TUBUH";"PASAL 1"
"5";"6. Pakaian Dinas adalah pakaian seragam yang dipakai";"168,850128342885";"549,7143468775573";"72,97934386647796";"84,979352987678";"612,2";"HQLOMS+BookmanOldStyle";"12,000009121200037";"359,28223761022116";"306,1";"0,08687069194743732";"0,27580876893643413";"0,6221238460220063";"False";"BATANG TUBUH";"PASAL 1"
"5";"untuk menunjukkan identitas ASN dalam melaksanakan";"190,05154445806915";"549,9357694378608";"91,37825785148186";"103,3782669726819";"612,2";"HQLOMS+BookmanOldStyle";"12,000009121200037";"369,99365694796495";"306,1";"0,10436729328318348";"0,3104402882359836";"0,5878540100944";"False";"BATANG TUBUH";"PASAL 1"
"5";"tugas kedinasan.";"190,05154445806915";"290,9407702239114";"109,78987184613914";"121,78988096733917";"612,2";"HQLOMS+BookmanOldStyle";"12,000009121200037";"240,49615734099027";"306,1";"0,10716080146849029";"0,3104402882359836";"0,16479782059105233";"False";"BATANG TUBUH";"PASAL 1"
"5";"7. Pakaian Dinas Harian yang selanjutnya disingkat PDH";"168,850128342885";"549,9862529362331";"127,97938567197798";"139,97939479317802";"612,2";"HQLOMS+BookmanOldStyle";"12,000009121200037";"359,41819063955904";"306,1";"0,08709276484736854";"0,27580876893643413";"0,6225679918218687";"False";"BATANG TUBUH";"PASAL 1"
"5";"adalah Pakaian Dinas yang digunakan untuk melaksanakan";"190,05154445806915";"549,8079559487096";"148,1783010251619";"160,17831014636192";"612,2";"HQLOMS+BookmanOldStyle";"12,000009121200037";"369,9297502033894";"306,1";"0,10426290461187418";"0,3104402882359836";"0,5876452327517812";"False";"BATANG TUBUH";"PASAL 1"
"5";"tugas sehari-hari termasuk digunakan pada saat dinas luar,";"190,05154445806915";"549,6858613359057";"168,20841625004084";"180,20842537124088";"612,2";"HQLOMS+BookmanOldStyle";"12,000009121200037";"369,86870289698743";"306,1";"0,10416318669877067";"0,3104402882359836";"0,5874457969255741";"False";"BATANG TUBUH";"PASAL 1"
"5";"kecuali ditentukan lain sesuai dengan pelaksanaan kegiatan";"190,05154445806915";"549,6468360262426";"188,40983160512496";"200,409840726325";"612,2";"HQLOMS+BookmanOldStyle";"12,000009121200037";"369,8491902421558";"306,1";"0,10413131369185855";"0,3104402882359836";"0,5873820509117501";"False";"BATANG TUBUH";"PASAL 1"
"5";"yang berlangsung.";"190,0456917336205";"298,0231601672319";"208,60874695830887";"220,6087560795089";"612,2";"HQLOMS+BookmanOldStyle";"12,000009121200037";"244,03442595042617";"306,1";"0,10138120556937905";"0,310430728084973";"0,17637613269129596";"False";"BATANG TUBUH";"PASAL 1"
"5";"8. Pakaian Dinas Harian Perangkat Daerah Tertentu yang";"168,850128342885";"549,6106339787253";"228,61046216160105";"240,6104712828011";"612,2";"HQLOMS+BookmanOldStyle";"12,000009121200037";"359,23038116080517";"306,1";"0,08678598686835208";"0,27580876893643413";"0,6219544358638358";"False";"BATANG TUBUH";"PASAL 1"
"5";"selanjutnya disingkat PDH PD Tertentu adalah Pakaian";"190,05154445806915";"549,87193490934";"248,80937751478496";"260,809386635985";"612,2";"HQLOMS+BookmanOldStyle";"12,000009121200037";"369,96173968370454";"306,1";"0,10431515792829878";"0,3104402882359836";"0,5877497393846305";"False";"BATANG TUBUH";"PASAL 1"
"5";"Dinas yang digunakan oleh PD tertentu.";"190,05154445806915";"427,1324330631157";"269,00829286796886";"281,0083019891689";"612,2";"HQLOMS+BookmanOldStyle";"12,000009121200037";"308,5919887605924";"306,1";"0,004070546815734061";"0,3104402882359836";"0,387260517159501";"False";"BATANG TUBUH";"PASAL 1"
"5";"9. Pakaian Sipil Lengkap yang selanjutnya disingkat PSL";"168,850128342885";"550,1771630013437";"289,02850808532287";"301,0285172065229";"612,2";"HQLOMS+BookmanOldStyle";"12,000009121200037";"359,51364567211436";"306,1";"0,08724868616810574";"0,27580876893643413";"0,6228798344633432";"False";"BATANG TUBUH";"PASAL 1"
"5";"adalah Pakaian Dinas bagi ASN yang dipakai pada upacara";"190,05154445806915";"549,8681238744431";"309,24012344816003";"321,24013256936007";"612,2";"HQLOMS+BookmanOldStyle";"12,000009121200037";"369,9598341662561";"306,1";"0,10431204535487759";"0,3104402882359836";"0,5877435142377881";"False";"BATANG TUBUH";"PASAL 1"
"5";"kenegaraan atau resmi, bepergian resmi keluar negeri, acara";"190,05154445806915";"549,4313376224422";"329,42873879351487";"341,4287479147149";"612,2";"HQLOMS+BookmanOldStyle";"12,000009121200037";"369,7414410402557";"306,1";"0,10395531042184857";"0,3104402882359836";"0,5870300443717299";"False";"BATANG TUBUH";"PASAL 1"
"5";"tertentu pada kegiatan pendidikan dan pelatihan, pelantikan";"190,05154445806915";"549,7388178561579";"349,430753997035";"361,43076311823506";"612,2";"HQLOMS+BookmanOldStyle";"12,000009121200037";"369,8951811571135";"306,1";"0,10420643769538297";"0,3104402882359836";"0,587532298918799";"False";"BATANG TUBUH";"PASAL 1"
"5";"jabatan struktural dan pelantikan pejabat fungsional serta";"190,0455444535085";"549,85218766233";"369,6296693502188";"381,62967847141886";"612,2";"HQLOMS+BookmanOldStyle";"12,000009121200037";"369,9488660579193";"306,1";"0,10429412946409553";"0,3104304875098146";"0,5877272839085618";"False";"BATANG TUBUH";"PASAL 1"
"5";"penerimaan penghargaan Satya Lencana Karya Satya.";"190,05054445730897";"509,1898840349366";"389,85918472666185";"401,8591938478619";"612,2";"HQLOMS+BookmanOldStyle";"12,000009121200037";"349,62021424612277";"306,1";"0,071088229738848";"0,31043865478162197";"0,5212991499144521";"False";"BATANG TUBUH";"PASAL 1"
"5";"10. Pakaian Dinas Lapangan yang selanjutnya disingkat PDL";"168,850128342885";"550,1760563205023";"409,858599928206";"421,858609049406";"612,2";"HQLOMS+BookmanOldStyle";"12,000009121200037";"359,51309233169366";"306,1";"0,08724778231246917";"0,27580876893643413";"0,62287802675207";"False";"BATANG TUBUH";"PASAL 1"
"5";"adalah Pakaian Dinas yang dipakai pada saat bertugas di";"190,0512944578791";"549,7831886098838";"430,06001528329006";"442,06002440449004";"612,2";"HQLOMS+BookmanOldStyle";"12,00000912119998";"369,91724153388145";"306,1";"0,10424247228664069";"0,31043987987239313";"0,5876051848284952";"False";"BATANG TUBUH";"PASAL 1"
"5";"luar kantor atau menjalankan tugas operasional di";"190,0512944578791";"549,2615434253818";"450,2589306364739";"462,2589397576739";"612,2";"HQLOMS+BookmanOldStyle";"12,00000912119998";"369,6564189416304";"306,1";"0,10381643080958901";"0,31043987987239313";"0,5867531018743918";"False";"BATANG TUBUH";"PASAL 1"
"5";"lapangan.";"190,0512944578791";"248,3208823485592";"470,2609458399941";"482,2609549611941";"612,2";"HQLOMS+BookmanOldStyle";"12,00000912119998";"219,18608840321914";"306,1";"0,14196980006007984";"0,31043987987239313";"0,09518064013505406";"False";"BATANG TUBUH";"PASAL 1"
"5";"11. Pakaian Dinas Upacara yang selanjutnya disingkat PDU";"168,850128342885";"549,9454244251992";"490,459661193026";"502,459670314226";"612,2";"HQLOMS+BookmanOldStyle";"12,00000912119998";"359,3977763840421";"306,1";"0,08705941911800406";"0,27580876893643413";"0,6225013003631399";"False";"BATANG TUBUH";"PASAL 1"
"5";"adalah Pakaian Dinas yang dipakai dalam melaksanakan";"190,0512944578791";"549,659386555782";"510,67897656171596";"522,6789856829159";"612,2";"HQLOMS+BookmanOldStyle";"12,00000912119998";"369,85534050683054";"306,1";"0,10414135986087963";"0,31043987987239313";"0,5874029599769731";"False";"BATANG TUBUH";"PASAL 1"
"5";"pelantikan, upacara kemerdekaan Republik Indonesia, hari";"190,0512944578791";"549,3869999087412";"530,6783917632599";"542,6784008844598";"612,2";"HQLOMS+BookmanOldStyle";"12,00000912119998";"369,71914718331016";"306,1";"0,10391889445166633";"0,31043987987239313";"0,5869580291585464";"False";"BATANG TUBUH";"PASAL 1"
"5";"jadi Daerah dan hari besar lainnya.";"190,04529445331843";"399,3696381006311";"550,8798071183439";"562,879816239544";"612,2";"HQLOMS+BookmanOldStyle";"12,00000912119998";"294,70746627697474";"306,1";"0,018609169753389873";"0,31043007914622417";"0,34192150220077205";"False";"BATANG TUBUH";"PASAL 1"
"5";"12. Pakaian Khas Daerah adalah pakaian adat atau busana";"168,850128342885";"550,0876881213337";"571,078722471528";"583,078731592728";"612,2";"HQLOMS+BookmanOldStyle";"12,00000912119998";"359,46890823210936";"306,1";"0,08717560965715343";"0,27580876893643413";"0,6227336814414386";"False";"BATANG TUBUH";"PASAL 1"
"5";"tradisional yang mengekspresikan identitas dan kebanggaan";"190,0512944578791";"549,9045679821445";"591,0807376750481";"603,0807467962481";"612,2";"HQLOMS+BookmanOldStyle";"12,00000912119998";"369,9779312200118";"306,1";"0,10434160604379575";"0,31043987987239313";"0,5878034523428053";"False";"BATANG TUBUH";"PASAL 1"
"5";"Daerah yang menjadi simbol budaya, serta mencerminkan";"190,05129445787912";"549,5930103773297";"611,2796530282321";"623,279662149432";"612,2";"HQLOMS+BookmanOldStyle";"12,00000912119998";"369,82215241760446";"306,1";"0,10408714867298992";"0,3104398798723932";"0,5872945376011933";"False";"BATANG TUBUH";"PASAL 1"
"5";"nilai-nilai dan warisan leluhur.";"190,05129445787912";"373,2087661557676";"631,5091684046749";"643,509177525875";"612,2";"HQLOMS+BookmanOldStyle";"12,00000912119998";"281,63003030682336";"306,1";"0,03997054833906675";"0,3104398798723932";"0,29917914357708014";"False";"BATANG TUBUH";"PASAL 1"
"5";"13. Atribut adalah tanda dan lencana yang melengkapi Pakaian";"168,850128342885";"549,8357973698718";"651,5087836063709";"663,5087927275708";"612,2";"HQLOMS+BookmanOldStyle";"12,00000912119998";"359,3429628563784";"306,1";"0,08696988379022928";"0,27580876893643413";"0,6223222297075902";"False";"BATANG TUBUH";"PASAL 1"
"5";"Dinas sebagai identitas.";"190,0512944578791";"330,85989680641643";"671,709798961151";"683,7102080826551";"612,2";"HQLOMS+BookmanOldStyle";"12,000009121200009";"260,4555956321478";"306,1";"0,07455799472043816";"0,31043987987239313";"0,23000425081433734";"False";"BATANG TUBUH";"PASAL 1"
"5";"Pasal 2";"284,90121655325015";"327,3236402785099";"711,9108295179311";"723,9108386391312";"612,2";"HQLOMS+BookmanOldStyle";"12,000009121200009";"306,11242841588";"306,1";"2,0301234694513235e-05";"0,4653727810409182";"0,06929504038755269";"False";"BATANG TUBUH";"PASAL 2"
"5";"(1) ASN di lingkungan Pemerintah Daerah wajib memakai";"168,850128342885";"549,9237750167438";"752,129860088393";"764,129869209593";"612,2";"HQLOMS+BookmanOldStyle";"12,000009121200009";"359,3869516798144";"306,1";"0,08704173747111134";"0,27580876893643413";"0,6224659370693544";"False";"BATANG TUBUH";"PASAL 2"
"5";"Pakaian Dinas dan Atribut berdasarkan Peraturan Bupati ini.";"190,0512444578411";"548,4203469339889";"772,3287754415769";"784,328784562777";"612,2";"HQLOMS+BookmanOldStyle";"12,000009121200009";"369,235795695915";"306,1";"0,10312936245657459";"0,3104397981996751";"0,585379128513799";"False";"BATANG TUBUH";"PASAL 2"
"5";"(2) Penggunaan Pakaian Dinas sebagaimana dimaksud pada";"168,850128342885";"549,3181320243946";"792,539890804034";"804,5398999252341";"612,2";"HQLOMS+BookmanOldStyle";"12,000009121200009";"359,0841301836398";"306,1";"0,08654709275341352";"0,27580876893643413";"0,6214766476339587";"False";"BATANG TUBUH";"PASAL 2"
"5";"ayat (1) bertujuan untuk meningkatkan kedisiplinan,";"190,0512444578411";"549,7777360377396";"812,539306005578";"824,539315126778";"612,2";"HQLOMS+BookmanOldStyle";"12,000009121199994";"369,91449024779035";"306,1";"0,10423797818979146";"0,3104397981996751";"0,5875963599802327";"False";"BATANG TUBUH";"PASAL 2"
"5";"pengawasan, estetika, motivasi kerja, kewibawaan serta";"190,0512444578411";"549,5048312903047";"832,7356213567856";"844,7356304779856";"612,2";"HQLOMS+BookmanOldStyle";"12,000009121199994";"369,7780378740729";"306,1";"0,1040150896342255";"0,3104397981996751";"0,5871505828691008";"False";"BATANG TUBUH";"PASAL 2"
"5";"mewujudkan keseragaman dan identitas ASN.";"190,05124445784108";"462,3037765888335";"852,960036729352";"864,9600458505521";"612,2";"HQLOMS+BookmanOldStyle";"12,000009121199994";"326,1775105233373";"306,1";"0,03279567220407914";"0,31043979819967504";"0,4447117480088083";"False";"BATANG TUBUH";"PASAL 2"
"6";"6";"302,50022993025004";"309,940235585394";"44,57832227887798";"56,578331400078014";"612,2";"HQLOMS+BookmanOldStyle";"12,000009121200037";"306,22023275782203";"306,1";"0,00019639457337799617";"0,4941199443486606";"0,012152900449434787";"False";"BATANG TUBUH";"PASAL 2"
"6";"BAB II";"287,10021822471003";"324,94811679287585";"72,97934386647796";"84,979352987678";"612,2";"HQLOMS+BookmanOldStyle";"12,000009121200037";"306,02416750879297";"306,1";"0,0001238688193516041";"0,4689647471818197";"0,061822767997657326";"True";"BATANG TUBUH";"BAB II"
"6";"PAKAIAN DINAS";"258,070196159007";"353,9166603718491";"92,17835845963793";"104,17836758083797";"612,2";"HQLOMS+BookmanOldStyle";"12,000009121200037";"305,99342826542807";"306,1";"0,000174079932329235";"0,4215455670679631";"0,15656070599941535";"True";"BATANG TUBUH";"BAB II"
"6";"Pasal 3";"284,90121655325015";"327,3389812101705";"130,17838734343798";"142,178396464638";"612,2";"HQLOMS+BookmanOldStyle";"12,000009121200037";"306,1200988817103";"306,1";"3,283058103607075e-05";"0,4653727810409182";"0,06932009908023581";"False";"BATANG TUBUH";"PASAL 3"
"6";"Jenis Pakaian Dinas di lingkungan Pemerintah Daerah meliputi:";"168,8441283383244";"548,810417150481";"168,20841625004095";"180,208425371241";"612,2";"HQLOMS+BookmanOldStyle";"12,000009121200037";"358,8272727444027";"306,1";"0,08612752816792335";"0,2757989682102652";"0,6206571199153164";"False";"BATANG TUBUH";"PASAL 3"
"6";"a. PDH;";"168,850128342885";"220,52052089752056";"187,21043069346115";"199,21043981466119";"612,2";"HQLOMS+BookmanOldStyle";"12,000009121200037";"194,68532462020278";"306,1";"0,18199064910126958";"0,27580876893643413";"0,08440116392459254";"False";"BATANG TUBUH";"PASAL 3"
"6";"b. PDH PD Tertentu;";"168,850128342885";"295,6401793079295";"206,21044513536106";"218,2104542565611";"612,2";"HQLOMS+BookmanOldStyle";"12,000009121200037";"232,24515382540724";"306,1";"0,12063842890328777";"0,27580876893643413";"0,20710560432055616";"False";"BATANG TUBUH";"PASAL 3"
"6";"c. PSL;";"168,850128342885";"216,52195693821437";"225,21045957726108";"237,2104686984611";"612,2";"HQLOMS+BookmanOldStyle";"12,000009121200037";"192,6860426405497";"306,1";"0,1852563824884847";"0,27580876893643413";"0,07786969715016231";"False";"BATANG TUBUH";"PASAL 3"
"6";"d. PDL;";"168,850128342885";"218,1091657846509";"244,209474018401";"256,20948313960105";"612,2";"HQLOMS+BookmanOldStyle";"12,000009121200037";"193,47964706376797";"306,1";"0,18396006686741595";"0,27580876893643413";"0,08046232839229975";"False";"BATANG TUBUH";"PASAL 3"
"6";"e. PDL dan operasional lainnya pada PD tertentu;";"168,850128342885";"467,98935571843896";"263,20948846030103";"275,20949758150107";"612,2";"HQLOMS+BookmanOldStyle";"12,000009121200037";"318,41974203066195";"306,1";"0,02012372105629194";"0,27580876893643413";"0,4886299042397157";"False";"BATANG TUBUH";"PASAL 3"
"6";"f. PDU PD Tertentu;";"168,850128342885";"295,26626551171785";"282,239502925004";"294,239512046204";"612,2";"HQLOMS+BookmanOldStyle";"12,000009121200037";"232,05819692730142";"306,1";"0,1209438142317847";"0,27580876893643413";"0,2064948336635623";"False";"BATANG TUBUH";"PASAL 3"
"6";"g. PDU camat dan lurah; dan";"168,850128342885";"348,10255963255446";"301,239517366904";"313,23952648810405";"612,2";"HQLOMS+BookmanOldStyle";"12,000009121200037";"258,4763439877197";"306,1";"0,07779100949408742";"0,27580876893643413";"0,292800443138957";"False";"BATANG TUBUH";"PASAL 3"
"6";"h. pakaian seragam batik Korps Pegawai Republik Indonesia.";"168,850128342885";"534,809406508321";"320,428531952463";"332,42854107366304";"612,2";"HQLOMS+BookmanOldStyle";"12,000009121200037";"351,829767425603";"306,1";"0,0746974312734449";"0,27580876893643413";"0,5977773246740214";"False";"BATANG TUBUH";"PASAL 3"
"6";"Pasal 4";"284,90121655325015";"327,3389812101705";"358,4305608377831";"370,43056995898314";"612,2";"HQLOMS+BookmanOldStyle";"12,000009121200037";"306,1200988817103";"306,1";"3,283058103607075e-05";"0,4653727810409182";"0,06932009908023581";"False";"BATANG TUBUH";"PASAL 4"
"6";"PDH sebagaimana dimaksud dalam Pasal 3 huruf a, terdiri atas:";"168,850128342885";"549,4195638534931";"396,4605897443861";"408,4605988655861";"612,2";"HQLOMS+BookmanOldStyle";"12,000009121200037";"359,13484609818903";"306,1";"0,08662993482226233";"0,27580876893643413";"0,6216423317716564";"False";"BATANG TUBUH";"PASAL 4"
"6";"a. PDH khaki;";"168,850128342885";"257,7065527226019";"415,4606041862861";"427,4606133074861";"612,2";"HQLOMS+BookmanOldStyle";"12,00000912119998";"213,27834053274344";"306,1";"0,1516198292506641";"0,27580876893643413";"0,14514280362580345";"False";"BATANG TUBUH";"PASAL 4"
"6";"b. PDH kemeja putih; dan";"168,850128342885";"327,80845232701523";"434,4606186281861";"446,4606277493861";"612,2";"HQLOMS+BookmanOldStyle";"12,00000912119998";"248,32929033495012";"306,1";"0,09436574594095051";"0,27580876893643413";"0,25965097024523065";"False";"BATANG TUBUH";"PASAL 4"
"6";"c. PDH batik/tenun/lurik atau Pakaian Khas Daerah.";"168,850128342885";"493,7905870059399";"453,45963306932606";"465,45964219052604";"612,2";"HQLOMS+BookmanOldStyle";"12,00000912119998";"331,32035767441243";"306,1";"0,041196271928148336";"0,27580876893643413";"0,5307750059834284";"False";"BATANG TUBUH";"PASAL 4"
"6";"Pasal 5";"284,90121655325015";"327,3236402785099";"491,45966195312604";"503,459671074326";"612,2";"HQLOMS+BookmanOldStyle";"12,00000912119998";"306,11242841588";"306,1";"2,0301234694513235e-05";"0,4653727810409182";"0,06929504038755269";"False";"BATANG TUBUH";"PASAL 5"
"6";"(1) PDH khaki sebagaimana dimaksud dalam Pasal 4 huruf a,";"168,850128342885";"549,8106265907396";"529,479690852128";"541,479699973328";"612,2";"HQLOMS+BookmanOldStyle";"12,00000912119998";"359,3303774668123";"306,1";"0,08694932614637746";"0,27580876893643413";"0,6222811144198866";"False";"BATANG TUBUH";"PASAL 5"
"6";"terdiri atas:";"190,0511444577651";"258,3102117254427";"548,678705445288";"560,678714566488";"612,2";"HQLOMS+BookmanOldStyle";"12,00000912119998";"224,1806780916039";"306,1";"0,13381137195099005";"0,310439634854239";"0,11149798638954193";"False";"BATANG TUBUH";"PASAL 5"
"6";"a. PDH khaki kemeja lengan panjang atau kemeja lengan";"190,0511444577651";"549,4108107028399";"567,6807198887082";"579,6807290099082";"612,2";"HQLOMS+BookmanOldStyle";"12,00000912119998";"369,73097758030246";"306,1";"0,10393821885054302";"0,310439634854239";"0,5869971679926083";"False";"BATANG TUBUH";"PASAL 5"
"6";"pendek digunakan oleh pejabat pimpinan tinggi pratama;";"211,280060593852";"549,8104558826099";"586,6807343306082";"598,6807434518082";"612,2";"HQLOMS+BookmanOldStyle";"12,00000912119998";"380,54525823823093";"306,1";"0,12160283933066139";"0,34511607414872914";"0,5529735303638644";"False";"BATANG TUBUH";"PASAL 5"
"6";"dan";"211,280060593852";"233,58985019151018";"605,6807487725082";"617,6807578937081";"612,2";"HQLOMS+BookmanOldStyle";"12,00000912119998";"222,4349553926811";"306,1";"0,13666292814001782";"0,34511607414872914";"0,03644199542250601";"False";"BATANG TUBUH";"PASAL 5"
"6";"b. PDH khaki kemeja lengan pendek digunakan oleh";"190,0511444577651";"549,8302839576812";"624,710763237211";"636,7107723584111";"612,2";"HQLOMS+BookmanOldStyle";"12,00000912119998";"369,94071420772315";"306,1";"0,10428081379895969";"0,310439634854239";"0,5876823578894416";"False";"BATANG TUBUH";"PASAL 5"
"6";"pejabat administrator, pejabat pengawas, pejabat";"211,280060593852";"549,5409896417888";"643,7107776791111";"655,7107868003111";"612,2";"HQLOMS+BookmanOldStyle";"12,00000912119998";"380,4105251178204";"306,1";"0,12138275909477353";"0,34511607414872914";"0,5525333698920888";"False";"BATANG TUBUH";"PASAL 5"
"6";"pelaksana, dan pejabat fungsional.";"211,280060593852";"417,1600266350952";"662,7107921210111";"674,7108012422111";"612,2";"HQLOMS+BookmanOldStyle";"12,00000912119998";"314,22004361447364";"306,1";"0,013263710575749127";"0,34511607414872914";"0,3362952728540399";"False";"BATANG TUBUH";"PASAL 5"
"6";"(2) PDH khaki sebagaimana dimaksud pada ayat (1)";"168,850128342885";"542,8540298710343";"681,709806562151";"693,709815683351";"612,2";"HQLOMS+BookmanOldStyle";"12,000009121200009";"355,85207910695965";"306,1";"0,08126768883854887";"0,27580876893643413";"0,6109178398042294";"False";"BATANG TUBUH";"PASAL 5"
"6";"digunakan pada hari Senin dan Selasa.";"190,0511444577651";"422,3354056168978";"700,709821004051";"712,7098301252511";"612,2";"HQLOMS+BookmanOldStyle";"12,000009121200009";"306,19327503733143";"306,1";"0,0001523604007373559";"0,310439634854239";"0,37942545109299686";"False";"BATANG TUBUH";"PASAL 5"
"6";"(3) Penggunaan PDH khaki sebagaimana dimaksud pada";"168,850128342885";"542,7108109541738";"719,708835445191";"731,7088445663909";"612,2";"HQLOMS+BookmanOldStyle";"12,000009121200009";"355,7804696485294";"306,1";"0,08115071814526195";"0,27580876893643413";"0,6106838984176556";"False";"BATANG TUBUH";"PASAL 5"
"6";"ayat (1), bagi laki-laki baju dimasukkan ke dalam celana.";"190,05074445746104";"528,0109518008194";"738,7290499024449";"750,7290590236449";"612,2";"HQLOMS+BookmanOldStyle";"12,000009121200009";"359,0308481291402";"306,1";"0,08646005901525677";"0,3104389814724943";"0,5520421550855248";"False";"BATANG TUBUH";"PASAL 5"
"6";"(4) PDH khaki bagi perempuan berhijab menggunakan hijab";"168,850128342885";"543,0250321130133";"757,728864344193";"769,728873465393";"612,2";"HQLOMS+BookmanOldStyle";"12,000009121200009";"355,9375802279491";"306,1";"0,0814073509113837";"0,27580876893643413";"0,6111971639498991";"False";"BATANG TUBUH";"PASAL 5"
"6";"berwarna kuning mustard.";"190,0511444577651";"346,93986370878997";"774,1107767960751";"788,738787914818";"612,2";"HQLOMS+BookmanOldStyle";"12,000009121200009";"268,4955040832775";"306,1";"0,06142518117726641";"0,310439634854239";"0,2562703679369893";"False";"BATANG TUBUH";"PASAL 5"
"6";"(5) Jenis dan model serta spesifikasi PDH khaki sebagaimana";"168,850128342885";"549,8114286993494";"795,9308933815331";"807,9309025027331";"612,2";"HQLOMS+BookmanOldStyle";"12,000009121200009";"359,3307785211172";"306,1";"0,08694998124978308";"0,27580876893643413";"0,6222824246266978";"False";"BATANG TUBUH";"PASAL 5"
"6";"dimaksud pada ayat (1) tercantum dalam Lampiran yang";"190,05099717765316";"549,3696644155646";"814,9309078234331";"826,9309169446332";"612,2";"HQLOMS+BookmanOldStyle";"12,000009121199994";"369,71033079660884";"306,1";"0,10390449329730286";"0,3104393942790806";"0,5869301980364446";"False";"BATANG TUBUH";"PASAL 5"
"6";"merupakan bagian tidak terpisahkan dari Peraturan Bupati";"190,05099717765316";"549,4632703667144";"833,9357222689816";"845,9357313901817";"612,2";"HQLOMS+BookmanOldStyle";"12,000009121199994";"369,75713377218375";"306,1";"0,10398094376377609";"0,3104393942790806";"0,587083098969391";"False";"BATANG TUBUH";"PASAL 5"
"6";"ini.";"190,05099717765313";"209,10918942377404";"852,9610367301121";"864,9610458513122";"612,2";"HQLOMS+BookmanOldStyle";"12,000009121199994";"199,5800933007136";"306,1";"0,1739952739289226";"0,31043939427908057";"0,031130663583993644";"False";"BATANG TUBUH";"PASAL 5"
"7";"7";"302,50022993025004";"309,940235585394";"44,57832227887798";"56,578331400078014";"612,2";"HQLOMS+BookmanOldStyle";"12,000009121200037";"306,22023275782203";"306,1";"0,00019639457337799617";"0,4941199443486606";"0,012152900449434787";"False";"BATANG TUBUH";"PASAL 5"
"7";"Pasal 6";"285,10121670527013";"327,541538204134";"72,97934386647796";"84,979352987678";"612,2";"HQLOMS+BookmanOldStyle";"12,000009121200037";"306,3213774547021";"306,1";"0,0003616096940576034";"0,4656994719132148";"0,06932427556168548";"False";"BATANG TUBUH";"PASAL 6"
"7";"(1) PDH kemeja putih sebagaimana dimaksud dalam Pasal 4";"168,0491277340449";"549,4527849907442";"111,17837290153795";"123,17838202273799";"612,2";"HQLOMS+BookmanOldStyle";"12,000009121200037";"358,75095636239456";"306,1";"0,08600286893563303";"0,2745003719928861";"0,6230049938854939";"False";"BATANG TUBUH";"PASAL 6"
"7";"huruf b terdiri atas:";"190,0511444577651";"306,8028326006558";"130,17838734343798";"142,178396464638";"612,2";"HQLOMS+BookmanOldStyle";"12,000009121200037";"248,42698852921046";"306,1";"0,09420616052072779";"0,310439634854239";"0,19070840925006644";"False";"BATANG TUBUH";"PASAL 6"
"7";"a. PDH kemeja putih lengan panjang atau kemeja putih";"190,0511444577651";"549,5211631627185";"149,18040178685817";"161,1804109080582";"612,2";"HQLOMS+BookmanOldStyle";"12,000009121200037";"369,7861538102418";"306,1";"0,10402834663548147";"0,310439634854239";"0,5871774235624851";"False";"BATANG TUBUH";"PASAL 6"
"7";"lengan pendek digunakan oleh pejabat pimpinan tinggi";"208,0792581609239";"549,8623442420503";"168,2082162498889";"180,20822537108893";"612,2";"HQLOMS+BookmanOldStyle";"12,000009121200037";"378,9708012014871";"306,1";"0,11903103757185085";"0,3398877134284938";"0,558286648286714";"False";"BATANG TUBUH";"PASAL 6"
"7";"pratama; dan";"208,0792581609239";"287,3345281228088";"187,21053069353707";"199,2105398147371";"612,2";"HQLOMS+BookmanOldStyle";"12,000009121200037";"247,70689314186637";"306,1";"0,09538240257780732";"0,3398877134284938";"0,12945976798739778";"False";"BATANG TUBUH";"PASAL 6"
"7";"b. PDH kemeja putih lengan pendek digunakan oleh pejabat";"190,0511444577651";"549,8328602116394";"206,21044513536106";"218,2104542565611";"612,2";"HQLOMS+BookmanOldStyle";"12,000009121200037";"369,94200233470224";"306,1";"0,10428291789399251";"0,310439634854239";"0,5876865660795072";"False";"BATANG TUBUH";"PASAL 6"
"7";"administrator, pejabat pengawas, pejabat pelaksana,";"208,0792381609087";"549,4579068466376";"225,21045957726108";"237,2104686984611";"612,2";"HQLOMS+BookmanOldStyle";"12,000009121200037";"378,76857250377316";"306,1";"0,11870070647463758";"0,3398876807594065";"0,5576260514304621";"False";"BATANG TUBUH";"PASAL 6"
"7";"dan pejabat fungsional.";"208,0792381609087";"346,6278377436192";"244,2104740191611";"256,21048314036113";"612,2";"HQLOMS+BookmanOldStyle";"12,000009121200037";"277,35353795226393";"306,1";"0,04695599811783092";"0,3398876807594065";"0,22631264224552514";"False";"BATANG TUBUH";"PASAL 6"
"7";"(2) PDH kemeja putih lengan panjang sebagaimana dimaksud";"168,850128342885";"549,4912395519736";"263,20948846030103";"275,20949758150107";"612,2";"HQLOMS+BookmanOldStyle";"12,000009121200037";"359,1706839474293";"306,1";"0,08668847426891424";"0,27580876893643413";"0,6217594106649602";"False";"BATANG TUBUH";"PASAL 6"
"7";"pada ayat (1) huruf a, dapat digunakan untuk menghadiri";"190,0512444578411";"549,7115508754322";"282,239902925308";"294,23991204650804";"612,2";"HQLOMS+BookmanOldStyle";"12,000009121200037";"369,88139766663664";"306,1";"0,10418392300986053";"0,3104397981996751";"0,5874882496203708";"False";"BATANG TUBUH";"PASAL 6"
"7";"acara pemerintahan dan acara resmi.";"190,0512444578411";"411,1135630471818";"301,239917367208";"313,23992648840806";"612,2";"HQLOMS+BookmanOldStyle";"12,000009121200037";"300,5824037525115";"306,1";"0,009012734804783634";"0,3104397981996751";"0,36109493399108245";"False";"BATANG TUBUH";"PASAL 6"
"7";"(3) Penggunaan PDH kemeja putih lengan pendek sebagaimana";"168,850128342885";"549,6454536971918";"320,428531952463";"332,42854107366304";"612,2";"HQLOMS+BookmanOldStyle";"12,000009121200037";"359,2477910200384";"306,1";"0,08681442505723352";"0,27580876893643413";"0,6220113122415988";"False";"BATANG TUBUH";"PASAL 6"
"7";"dimaksud pada ayat (1) huruf b, bagi laki-laki baju";"190,0512444578411";"549,6744755992513";"339,428546394363";"351,42855551556306";"612,2";"HQLOMS+BookmanOldStyle";"12,000009121200037";"369,8628600285462";"306,1";"0,10415364264708621";"0,3104397981996751";"0,5874276888948222";"False";"BATANG TUBUH";"PASAL 6"
"7";"dimasukkan ke dalam celana.";"190,0512444578411";"366,6606762185682";"358,4308608380112";"370,43086995921124";"612,2";"HQLOMS+BookmanOldStyle";"12,000009121200037";"278,3559603382047";"306,1";"0,04531858814406295";"0,3104397981996751";"0,2884832273125238";"False";"BATANG TUBUH";"PASAL 6"
"7";"(4) PDH kemeja putih digunakan pada hari Rabu.";"168,850128342885";"463,5561971407977";"377,4305752796831";"389,43058440088316";"612,2";"HQLOMS+BookmanOldStyle";"12,000009121200037";"316,2031627418413";"306,1";"0,01650304270147221";"0,27580876893643413";"0,4813885475300762";"False";"BATANG TUBUH";"PASAL 6"
"7";"(5) PDH kemeja putih bagi perempuan berhijab menggunakan";"168,850128342885";"549,7617046255541";"396,4605897443861";"408,4605988655861";"612,2";"HQLOMS+BookmanOldStyle";"12,000009121200037";"359,30591648421955";"306,1";"0,08690937027804561";"0,27580876893643413";"0,6222012026832229";"False";"BATANG TUBUH";"PASAL 6"
"7";"hijab berwarna khaki muda.";"190,0512444578411";"357,54048916631933";"415,4606041862861";"427,4606133074861";"612,2";"HQLOMS+BookmanOldStyle";"12,00000912119998";"273,79586681208025";"306,1";"0,05276728714132599";"0,3104397981996751";"0,27358582931799774";"False";"BATANG TUBUH";"PASAL 6"
"7";"(6) Jenis dan model serta spesifikasi PDH kemeja putih";"168,850128342885";"549,8049719504417";"434,4606186281861";"446,4606277493861";"612,2";"HQLOMS+BookmanOldStyle";"12,00000912119998";"359,3275501466633";"306,1";"0,08694470785145916";"0,27580876893643413";"0,62227187783005";"False";"BATANG TUBUH";"PASAL 6"
"7";"sebagaimana dimaksud pada ayat (1) tercantum dalam";"190,05099717765316";"549,3858729478846";"453,4606330700861";"465,46064219128607";"612,2";"HQLOMS+BookmanOldStyle";"12,00000912119998";"369,7184350627689";"306,1";"0,10391773123614646";"0,3104393942790806";"0,5869566739141318";"False";"BATANG TUBUH";"PASAL 6"
"7";"Lampiran yang merupakan bagian tidak terpisahkan dari";"190,05099717765316";"549,8289540846703";"472,4606475119861";"484,4606566331861";"612,2";"HQLOMS+BookmanOldStyle";"12,00000912119998";"369,9399756311617";"306,1";"0,10427960736877111";"0,3104393942790806";"0,5876804261793811";"False";"BATANG TUBUH";"PASAL 6"
"7";"Peraturan Bupati ini.";"190,05099717765316";"315,14047105809";"491,46066195388613";"503,4606710750861";"612,2";"HQLOMS+BookmanOldStyle";"12,00000912119998";"252,5957341178716";"306,1";"0,08739671003287885";"0,3104393942790806";"0,20432779137608104";"False";"BATANG TUBUH";"PASAL 6"
"7";"Pasal 7";"284,90121655325015";"327,3392488103739";"529,479690852128";"541,479699973328";"612,2";"HQLOMS+BookmanOldStyle";"12,00000912119998";"306,120232681812";"306,1";"3,304913722964718e-05";"0,4653727810409182";"0,06932053619262286";"False";"BATANG TUBUH";"PASAL 7"
"7";"(1) PDH batik/tenun/lurik sebagaimana dimaksud dalam";"168,850128342885";"549,5471484704701";"567,6807198887082";"579,6807290099082";"612,2";"HQLOMS+BookmanOldStyle";"12,00000912119998";"359,19863840667756";"306,1";"0,08673413656758826";"0,27580876893643413";"0,6218507352623082";"False";"BATANG TUBUH";"PASAL 7"
"7";"Pasal 4 huruf c digunakan pada hari Kamis, hari Jum’at,";"190,0512444578411";"549,5424431468934";"587,7247351241526";"599,7247442453526";"612,2";"QVTAAH+BookmanOldStyle";"12,00000912119998";"369,7968438023673";"306,1";"0,10404580823647051";"0,3104397981996751";"0,5872120200735909";"False";"BATANG TUBUH";"PASAL 4"
"7";"dan pada hari batik nasional setiap tanggal 2 Oktober.";"190,0512444578411";"511,71682463566265";"605,6807487725082";"617,6807578937081";"612,2";"HQLOMS+BookmanOldStyle";"12,00000912119998";"350,8840345467519";"306,1";"0,07315262095189783";"0,3104397981996751";"0,5254256455044455";"False";"BATANG TUBUH";"PASAL 4"
"7";"(2) Pakaian Khas Daerah sebagaimana dimaksud dalam Pasal 4";"168,850128342885";"549,6216468070961";"624,710763237211";"636,7107723584111";"612,2";"HQLOMS+BookmanOldStyle";"12,00000912119998";"359,23588757499056";"306,1";"0,08679498133778264";"0,27580876893643413";"0,621972424802697";"False";"BATANG TUBUH";"PASAL 4"
"7";"huruf c dapat digunakan pada hari Kamis dan hari Jumat,";"190,0512444578411";"549,4938563219628";"643,7107776791111";"655,7107868003111";"612,2";"HQLOMS+BookmanOldStyle";"12,00000912119998";"369,77255038990194";"306,1";"0,1040061260860861";"0,3104397981996751";"0,587132655772822";"False";"BATANG TUBUH";"PASAL 4"
"7";"serta digunakan pada hari besar keagamaan atau hari besar";"190,05124445784108";"550,0465729300823";"662,7107921210111";"674,7108012422111";"612,2";"HQLOMS+BookmanOldStyle";"12,00000912119998";"370,0489086939617";"306,1";"0,10445754442006157";"0,31043979819967504";"0,5880354924407729";"False";"BATANG TUBUH";"PASAL 4"
"7";"kebudayaan.";"190,05124445784108";"265,83760866301276";"681,7108065629111";"693,7108156841111";"612,2";"HQLOMS+BookmanOldStyle";"12,000009121200009";"227,9444265604269";"306,1";"0,12766346527208938";"0,31043979819967504";"0,1237934730564712";"False";"BATANG TUBUH";"PASAL 4"
"7";"(3) PDH batik/tenun/lurik sebagaimana dimaksud pada";"168,850128342885";"549,6274754515264";"700,709821004051";"712,7098301252511";"612,2";"HQLOMS+BookmanOldStyle";"12,000009121200009";"359,2388018972057";"306,1";"0,08679974174649732";"0,27580876893643413";"0,6219819456201263";"False";"BATANG TUBUH";"PASAL 4"
"7";"ayat (1) menggunakan rok/celana panjang berbahan kain";"190,0512444578411";"549,8793027349401";"719,7098354459511";"731,7098445671511";"612,2";"HQLOMS+BookmanOldStyle";"12,000009121200009";"369,9652735963906";"306,1";"0,10432093040900127";"0,3104397981996751";"0,5877622644186523";"False";"BATANG TUBUH";"PASAL 4"
"7";"berwarna hitam.";"190,0512444578411";"287,39925277200604";"738,7300499032051";"750,730059024405";"612,2";"HQLOMS+BookmanOldStyle";"12,000009121200009";"238,72524861492357";"306,1";"0,11005349785213402";"0,3104397981996751";"0,15901340789638177";"False";"BATANG TUBUH";"PASAL 4"
"7";"(4) Penggunaan PDH batik/tenun/lurik dan Pakaian Khas";"168,850128342885";"549,9379221674968";"757,728864344193";"769,728873465393";"612,2";"HQLOMS+BookmanOldStyle";"12,000009121200009";"359,3940252551909";"306,1";"0,08705329182487893";"0,27580876893643413";"0,6224890457768896";"False";"BATANG TUBUH";"PASAL 4"
"7";"Daerah sebagaimana dimaksud pada ayat (1) dan ayat (2)";"190,0512444578411";"549,6808631321064";"776,7387787936179";"788,738787914818";"612,2";"HQLOMS+BookmanOldStyle";"12,000009121200009";"369,86605379497377";"306,1";"0,10415885951482153";"0,3104397981996751";"0,5874381226302928";"False";"BATANG TUBUH";"PASAL 4"
"7";"ditetapkan oleh Bupati.";"190,0512444578411";"328,9398996270276";"795,930293381077";"807,9303025022771";"612,2";"HQLOMS+BookmanOldStyle";"12,000009121200009";"259,49557204243433";"306,1";"0,07612614824822883";"0,3104397981996751";"0,22686810710419225";"False";"BATANG TUBUH";"PASAL 4"
"7";"(5) Jenis dan model Pakaian Khas Daerah sebagaimana";"168,850128342885";"549,6607250287996";"814,929907822673";"826,9299169438731";"612,2";"HQLOMS+BookmanOldStyle";"12,000009121199994";"359,2554266858423";"306,1";"0,08682689755936336";"0,27580876893643413";"0,6220362572458584";"False";"BATANG TUBUH";"PASAL 4"
"7";"dimaksud pada ayat (2) menyesuaikan dengan ketentuan";"190,0512471778432";"549,6952163030163";"833,9347222682215";"845,9347313894215";"612,2";"HQLOMS+BookmanOldStyle";"12,000009121199994";"369,8732317404298";"306,1";"0,10417058435222111";"0,310439802642671";"0,5874615634191";"False";"BATANG TUBUH";"PASAL 4"
"7";"peraturan perundang-undangan.";"190,0512471778432";"385,1694791158986";"852,960036729352";"864,9600458505521";"612,2";"HQLOMS+BookmanOldStyle";"12,000009121199994";"287,6103631468709";"306,1";"0,030201955003477828";"0,310439802642671";"0,3187164847077023";"False";"BATANG TUBUH";"PASAL 4"
"8";"8";"302,50022993025004";"309,940235585394";"44,57832227887798";"56,578331400078014";"612,2";"HQLOMS+BookmanOldStyle";"12,000009121200037";"306,22023275782203";"306,1";"0,00019639457337799617";"0,4941199443486606";"0,012152900449434787";"False";"BATANG TUBUH";"PASAL 4"
"8";"Pasal 8";"284,90121655325015";"327,3389812101705";"72,97934386647796";"84,979352987678";"612,2";"HQLOMS+BookmanOldStyle";"12,000009121200037";"306,1200988817103";"306,1";"3,283058103607075e-05";"0,4653727810409182";"0,06932009908023581";"False";"BATANG TUBUH";"PASAL 8"
"8";"Bagi PD yang menerapkan 6 (enam) hari kerja, PDH";"168,850128342885";"549,7764650167734";"116,78837716569888";"128,7883862868989";"612,2";"HQLOMS+BookmanOldStyle";"12,000009121200037";"359,3132966798292";"306,1";"0,08692142548158963";"0,27580876893643413";"0,6222253130903109";"False";"BATANG TUBUH";"PASAL 8"
"8";"batik/tenun/lurik dapat digunakan pada hari Sabtu.";"168,850128342885";"483,0242103464232";"138,580193729646";"150,58020285084604";"612,2";"HQLOMS+BookmanOldStyle";"12,000009121200037";"325,9371693446541";"306,1";"0,032403086155919726";"0,27580876893643413";"0,5131886344389712";"False";"BATANG TUBUH";"PASAL 8"
"8";"Pasal 9";"284,90121655325015";"327,3236402785099";"182,209426892201";"194,20943601340105";"612,2";"HQLOMS+BookmanOldStyle";"12,000009121200037";"306,11242841588";"306,1";"2,0301234694513235e-05";"0,4653727810409182";"0,06929504038755269";"False";"BATANG TUBUH";"PASAL 9"
"8";"(1) PDH PD Tertentu sebagaimana dimaksud dalam Pasal 3";"168,850128342885";"549,7699399998137";"226,01046018534112";"238,01046930654115";"612,2";"HQLOMS+BookmanOldStyle";"12,000009121200037";"359,31003417134934";"306,1";"0,08691609632693452";"0,27580876893643413";"0,6222146547810008";"False";"BATANG TUBUH";"PASAL 9"
"8";"huruf b digunakan pada PD tertentu dalam kegiatan rapat";"186,8501120246622";"549,7613878733133";"247,80987675506515";"259,8098858762652";"612,2";"HQLOMS+BookmanOldStyle";"12,000009121200037";"368,30574994898774";"306,1";"0,10161017632961077";"0,30521089843950044";"0,5927985557802207";"False";"BATANG TUBUH";"PASAL 9"
"8";"koordinasi dan peringatan hari ulang tahun.";"186,8501120246622";"450,1894993447784";"269,60929332478906";"281,6093024459891";"612,2";"HQLOMS+BookmanOldStyle";"12,000009121200037";"318,5198056847203";"306,1";"0,020287170344201733";"0,30521089843950044";"0,43015254380940243";"False";"BATANG TUBUH";"PASAL 9"
"8";"(2) Jenis dan model PDH PD Tertentu sebagaimana dimaksud";"168,850128342885";"549,7928972412635";"291,4295099103231";"303,4295190315231";"612,2";"HQLOMS+BookmanOldStyle";"12,000009121200037";"359,32151279207426";"306,1";"0,08693484611576974";"0,27580876893643413";"0,6222521543586712";"False";"BATANG TUBUH";"PASAL 9"
"8";"pada ayat (1) sesuai dengan ketentuan peraturan";"186,84999474457305";"549,6643569195601";"313,23922648787607";"325,2392356090761";"612,2";"HQLOMS+BookmanOldStyle";"12,000009121200037";"368,25717583206654";"306,1";"0,10153083278677966";"0,30521070686797297";"0,5926402518376135";"False";"BATANG TUBUH";"PASAL 9"
"8";"perundang-undangan.";"186,84999474457305";"319,2443230134255";"335,0310430518232";"347,0310521730232";"612,2";"HQLOMS+BookmanOldStyle";"12,000009121200037";"253,04715887899928";"306,1";"0,08665932884841675";"0,30521070686797297";"0,2162599285672206";"False";"BATANG TUBUH";"PASAL 9"
"8";"Pasal 10";"281,09921366334993";"330,9389711865208";"378,828576342303";"390,82858546350303";"612,2";"HQLOMS+BookmanOldStyle";"12,000009121200037";"306,01909242493537";"306,1";"0,00013215873091254013";"0,45916238755855915";"0,08141090742105664";"False";"BATANG TUBUH";"PASAL 10"
"8";"(1) PSL sebagaimana dimaksud dalam Pasal 3 huruf c";"168,850128342885";"549,403602721361";"422,4586095054659";"434,45861862666595";"612,2";"HQLOMS+BookmanOldStyle";"12,000009121200037";"359,126865532123";"306,1";"0,08661689894172328";"0,27580876893643413";"0,6216162600105782";"False";"BATANG TUBUH";"PASAL 10"
"8";"digunakan pada:";"189,8492643043161";"289,21972643574696";"444,2606260771662";"456,2606351983662";"612,2";"HQLOMS+BookmanOldStyle";"12,00000912119998";"239,53449537003155";"306,1";"0,10873163121523761";"0,31010987308774274";"0,1623169913940393";"False";"BATANG TUBUH";"PASAL 10"
"8";"a. acara kenegaraan;";"189,8491443042249";"319,74042755451427";"466,05964264658604";"478,059651767786";"612,2";"HQLOMS+BookmanOldStyle";"12,00000912119998";"254,7947859293696";"306,1";"0,08380466199057567";"0,31010967707321935";"0,21217132187240995";"False";"BATANG TUBUH";"PASAL 10"
"8";"b. acara resmi;";"189,8491443042249";"283,89882187133054";"488,0586593680259";"500,0586684892259";"612,2";"HQLOMS+BookmanOldStyle";"12,00000912119998";"236,87398308777773";"306,1";"0,1130774533032053";"0,31010967707321935";"0,15362573924715067";"False";"BATANG TUBUH";"PASAL 10"
"8";"c. perjalanan dinas ke luar negeri;";"189,8491443042249";"398,6311322712933";"509,87867595340794";"521,8786850746079";"612,2";"HQLOMS+BookmanOldStyle";"12,00000912119998";"294,2401382877591";"306,1";"0,019372528115388598";"0,31010967707321935";"0,3410355896227841";"False";"BATANG TUBUH";"PASAL 10"
"8";"d. acara tertentu pada kegiatan pendidikan dan pelatihan;";"189,8491443042249";"540,7008565464087";"531,6806925251082";"543,6807016463081";"612,2";"HQLOMS+BookmanOldStyle";"12,00000912119998";"365,27500042531676";"306,1";"0,09665958906454873";"0,31010967707321935";"0,5730998239826589";"False";"BATANG TUBUH";"PASAL 10"
"8";"e. pelantikan pejabat struktural dan pelantikan pejabat";"189,8491443042249";"549,7024719925313";"553,4907091028891";"565,490718224089";"612,2";"HQLOMS+BookmanOldStyle";"12,00000912119998";"369,7758081483781";"306,1";"0,10401144748183282";"0,31010967707321935";"0,5878035408172271";"False";"BATANG TUBUH";"PASAL 10"
"8";"fungsional; dan";"211,280460594156";"302,74967343985185";"575,27992566486";"587,27993478606";"612,2";"HQLOMS+BookmanOldStyle";"12,00000912119998";"257,01506701700396";"306,1";"0,08017793692093443";"0,3451167275304737";"0,14941067109718364";"False";"BATANG TUBUH";"PASAL 10"
"8";"f. penerimaan penghargaan Satya Lencana Karya Satya";"189,8491443042249";"549,6834400940651";"597,078742234128";"609,078751355328";"612,2";"HQLOMS+BookmanOldStyle";"12,00000912119998";"369,76629219914497";"306,1";"0,10399590362486923";"0,31010967707321935";"0,5877724531032998";"False";"BATANG TUBUH";"PASAL 10"
"8";"sesuai dengan ketentuan peraturan perundang-undangan.";"211,28036059408004";"548,0105984225393";"619,1082589787509";"631,1082680999509";"612,2";"HQLOMS+BookmanOldStyle";"12,00000912119998";"379,6454795083097";"306,1";"0,12013309295705595";"0,3451165641850376";"0,5500330575440366";"False";"BATANG TUBUH";"PASAL 10"
"8";"(2) PSL laki-laki berupa jas berwarna gelap, kemeja lengan";"168,850128342885";"549,590417743359";"640,9107755508312";"652,9107846720311";"612,2";"HQLOMS+BookmanOldStyle";"12,00000912119998";"359,220273043122";"306,1";"0,08676947573198625";"0,27580876893643413";"0,6219214135911042";"False";"BATANG TUBUH";"PASAL 10"
"8";"panjang putih, celana panjang yang berwarna sama dengan";"190,05114445776505";"549,4186262527803";"662,7101921205551";"674,7102012417552";"612,2";"HQLOMS+BookmanOldStyle";"12,00000912119998";"369,7348853552727";"306,1";"0,10394460201776";"0,31043963485423887";"0,5870099343270422";"False";"BATANG TUBUH";"PASAL 10"
"8";"jas, dasi, dan sepatu hitam.";"190,04514445320441";"354,00415875035645";"684,509608690279";"696,5096178114791";"612,2";"HQLOMS+BookmanOldStyle";"12,000009121200009";"272,0246516017804";"306,1";"0,055660484152596536";"0,3104298341280699";"0,26781936343866714";"False";"BATANG TUBUH";"PASAL 10"
"8";"(3) PSL perempuan berupa jas berwarna gelap, kemeja putih,";"168,850128342885";"549,4397867088643";"706,3088252598509";"718,3088343810509";"612,2";"HQLOMS+BookmanOldStyle";"12,000009121200009";"359,14495752587464";"306,1";"0,086646451365362";"0,27580876893643413";"0,6216753648578557";"False";"BATANG TUBUH";"PASAL 10"
"8";"rok atau celana panjang yang berwarna sama dengan jas,";"190,05114445776505";"549,721264042815";"728,1108418315512";"740,1108509527511";"612,2";"HQLOMS+BookmanOldStyle";"12,000009121200009";"369,88620425029006";"306,1";"0,10419177433892525";"0,31043963485423887";"0,5875042789693726";"False";"BATANG TUBUH";"PASAL 10"
"8";"dan sepatu hitam.";"190,051144457765";"297,80541332172254";"750,130158568421";"762,1301676896211";"612,2";"HQLOMS+BookmanOldStyle";"12,000009121200009";"243,92827888974375";"306,1";"0,10155459181681847";"0,31043963485423876";"0,17601154665788557";"False";"BATANG TUBUH";"PASAL 10"
"8";"(4) PSL bagi perempuan berhijab menggunakan hijab berwarna";"168,850128342885";"549,57138220889";"771,939875145974";"783,939884267174";"612,2";"HQLOMS+BookmanOldStyle";"12,000009121200009";"359,2107552758875";"306,1";"0,0867539289054026";"0,27580876893643413";"0,6218903199379369";"False";"BATANG TUBUH";"PASAL 10"
"8";"merah.";"190,0511444577651";"231,520175978352";"793,728891707793";"805,7289008289929";"612,2";"HQLOMS+BookmanOldStyle";"12,000009121200009";"210,78566021805855";"306,1";"0,15569150568758813";"0,310439634854239";"0,0677377189163458";"False";"BATANG TUBUH";"PASAL 10"
"8";"(5) Jenis dan model PSL sebagaimana dimaksud pada ayat (1)";"168,850128342885";"549,7319814989612";"815,5389082855739";"827,538917406774";"612,2";"HQLOMS+BookmanOldStyle";"12,000009121199994";"359,2910549209231";"306,1";"0,0868850946111125";"0,27580876893643413";"0,6221526513493567";"False";"BATANG TUBUH";"PASAL 10"
"8";"tercantum dalam Lampiran yang merupakan bagian tidak";"190,0512444578411";"549,7878562934319";"837,3358248533976";"849,3358339745977";"612,2";"HQLOMS+BookmanOldStyle";"12,000009121199994";"369,9195503756365";"306,1";"0,10424624367140882";"0,3104397981996751";"0,5876128909434675";"False";"BATANG TUBUH";"PASAL 10"
"8";"terpisahkan dari Peraturan Bupati ini.";"190,0512444578411";"416,5135978717451";"859,1608414425801";"871,1608505637802";"612,2";"HQLOMS+BookmanOldStyle";"12,000009121199994";"303,2824211647931";"306,1";"0,00460238293892015";"0,3104397981996751";"0,3699156377228095";"False";"BATANG TUBUH";"PASAL 10"
"9";"9";"302,50022993025004";"309,940235585394";"44,57832227887798";"56,578331400078014";"612,2";"HQLOMS+BookmanOldStyle";"12,000009121200037";"306,22023275782203";"306,1";"0,00019639457337799617";"0,4941199443486606";"0,012152900449434787";"False";"BATANG TUBUH";"PASAL 10"
"9";"Pasal 11";"281,09921366334993";"330,9389713065209";"72,97934386647796";"84,979352987678";"612,2";"HQLOMS+BookmanOldStyle";"12,000009121200037";"306,0190924849354";"306,1";"0,00013215863290527518";"0,45916238755855915";"0,08141090761707116";"False";"BATANG TUBUH";"PASAL 11"
"9";"(1) PDL sebagaimana dimaksud dalam pasal 3 huruf d";"168,850128342885";"549,437706475283";"118,79037868741909";"130,79038780861913";"612,2";"HQLOMS+BookmanOldStyle";"12,000009121200037";"359,143917409084";"306,1";"0,08664475238334526";"0,27580876893643413";"0,6216719668938222";"False";"BATANG TUBUH";"PASAL 11"
"9";"digunakan pada saat melaksanakan tugas operasional di";"190,0512444578411";"549,2742986230771";"141,57929600926207";"153,5793051304621";"612,2";"HQLOMS+BookmanOldStyle";"12,000009121200037";"369,6627715404591";"306,1";"0,1038268074819652";"0,3104397981996751";"0,5867740185645802";"False";"BATANG TUBUH";"PASAL 11"
"9";"lapangan dan penugasan lainnya.";"190,0512444578411";"389,72578203034175";"164,409113362193";"176,40912248339305";"612,2";"HQLOMS+BookmanOldStyle";"12,000009121200037";"289,8885132440914";"306,1";"0,026480703619582806";"0,3104397981996751";"0,3261589963614842";"False";"BATANG TUBUH";"PASAL 11"
"9";"(2) Jenis dan model PDL sebagaimana dimaksud pada ayat (1)";"168,850128342885";"549,9058458751156";"187,21043069346115";"199,21043981466119";"612,2";"HQLOMS+BookmanOldStyle";"12,000009121200037";"359,3779871090003";"306,1";"0,08702709426494652";"0,27580876893643413";"0,6224366506570247";"False";"BATANG TUBUH";"PASAL 11"
"9";"tercantum dalam Lampiran yang merupakan bagian tidak";"190,05114445776516";"549,787756293356";"210,00954802305694";"222,00955714425697";"612,2";"HQLOMS+BookmanOldStyle";"12,000009121200037";"369,9194503755606";"306,1";"0,10424608032597282";"0,31043963485423903";"0,5876128909434675";"False";"BATANG TUBUH";"PASAL 11"
"9";"terpisahkan dari Peraturan Bupati ini.";"190,05114445776516";"416,55952066665105";"233,00816550429283";"245,00817462549287";"612,2";"HQLOMS+BookmanOldStyle";"12,000009121200037";"303,3053325622081";"306,1";"0,004564958245331476";"0,31043963485423903";"0,369990813800859";"False";"BATANG TUBUH";"PASAL 11"
"9";"Pasal 12";"281,09921366334993";"330,9389711865208";"278,629500181043";"290,62950930224304";"612,2";"HQLOMS+BookmanOldStyle";"12,000009121200037";"306,01909242493537";"306,1";"0,00013215873091254013";"0,45916238755855915";"0,08141090742105664";"False";"BATANG TUBUH";"PASAL 12"
"9";"(1) PDL dan operasional lainnya pada PD tertentu sebagaimana";"168,850128342885";"549,7399928686508";"324,2305348423631";"336,23054396356315";"612,2";"HQLOMS+BookmanOldStyle";"12,000009121200037";"359,2950606057679";"306,1";"0,08689163770951956";"0,27580876893643413";"0,6221657375461708";"False";"BATANG TUBUH";"PASAL 12"
"9";"dimaksud dalam Pasal 3 huruf e digunakan oleh PD";"190,0512444578411";"549,9696449116093";"347,039952179788";"359,039961300988";"612,2";"HQLOMS+BookmanOldStyle";"12,000009121200037";"370,0104446847252";"306,1";"0,10439471526417049";"0,3104397981996751";"0,5879098341289908";"False";"BATANG TUBUH";"PASAL 12"
"9";"tertentu pada saat bertugas di luar kantor dan pada saat";"190,0512444578411";"549,5539349956284";"370,02836965327083";"382,02837877447087";"612,2";"HQLOMS+BookmanOldStyle";"12,000009121200037";"369,80258972673477";"306,1";"0,10405519393455527";"0,3104397981996751";"0,5872307914697603";"False";"BATANG TUBUH";"PASAL 12"
"9";"situasi tertentu sesuai dengan ketentuan peraturan";"190,05124445784114";"550,0403423653463";"392,860787008178";"404,86079612937806";"612,2";"HQLOMS+BookmanOldStyle";"12,000009121200037";"370,0457934115937";"306,1";"0,10445245575235818";"0,31043979819967515";"0,5880253151053662";"False";"BATANG TUBUH";"PASAL 12"
"9";"perundang-undangan.";"190,05124445784114";"322,5401747386005";"415,6599043377739";"427,65991345897396";"612,2";"HQLOMS+BookmanOldStyle";"12,000009121200037";"256,2957095982208";"306,1";"0,08135297354096571";"0,31043979819967515";"0,21641445651871835";"False";"BATANG TUBUH";"PASAL 12"
"9";"(2) Jenis, model, dan spesifikasi PDL dan operasional lainnya";"168,850128342885";"549,8295754771428";"438,458621667066";"450,45863078826596";"612,2";"HQLOMS+BookmanOldStyle";"12,00000912119998";"359,3398519100139";"306,1";"0,0869648022051844";"0,27580876893643413";"0,6223120665375005";"False";"BATANG TUBUH";"PASAL 12"
"9";"pada PD tertentu sebagaimana dimaksud pada ayat (1)";"190,0512471778432";"549,3790692095129";"461,26033899863813";"473,2603481198381";"612,2";"HQLOMS+BookmanOldStyle";"12,00000912119998";"369,715158193678";"306,1";"0,10391237862410647";"0,310439802642671";"0,586945151962871";"False";"BATANG TUBUH";"PASAL 12"
"9";"sesuai dengan ketentuan peraturan perundang-undangan.";"190,0512471778432";"537,1235109872704";"484,05945632823403";"496,059465449434";"612,2";"HQLOMS+BookmanOldStyle";"12,00000912119998";"363,5873790825568";"306,1";"0,09390293871701534";"0,310439802642671";"0,5669262721486886";"False";"BATANG TUBUH";"PASAL 12"
"9";"Pasal 13";"281,09921366334993";"330,9389711865208";"529,8806911569282";"541,8807002781282";"612,2";"HQLOMS+BookmanOldStyle";"12,00000912119998";"306,01909242493537";"306,1";"0,00013215873091254013";"0,45916238755855915";"0,08141090742105664";"False";"BATANG TUBUH";"PASAL 13"
"9";"(1) PDU PD Tertentu sebagaimana dimaksud dalam Pasal 3";"168,850128342885";"549,4476719068577";"575,4787258159679";"587,4787349371679";"612,2";"HQLOMS+BookmanOldStyle";"12,00000912119998";"359,1489001248714";"306,1";"0,08665289141599371";"0,27580876893643413";"0,6216882449591191";"False";"BATANG TUBUH";"PASAL 13"
"9";"huruf f digunakan oleh PD tertentu dalam kegiatan rapat";"190,0511444577651";"549,6716800851264";"598,2906431552931";"610,2906522764931";"612,2";"HQLOMS+BookmanOldStyle";"12,00000912119998";"369,8614122714457";"306,1";"0,10415127780373357";"0,310439634854239";"0,5874232858989893";"False";"BATANG TUBUH";"PASAL 13"
"9";"koordinasi dan peringatan hari ulang tahun.";"190,05114445776505";"453,39051110186546";"621,110260500471";"633,110269621671";"612,2";"HQLOMS+BookmanOldStyle";"12,00000912119998";"321,72082777981524";"306,1";"0,025515889872288817";"0,31043963485423887";"0,4301525100361";"False";"BATANG TUBUH";"PASAL 13"
"9";"(2) Jenis, model, dan spesifikasi PDU PD Tertentu sebagaimana";"168,850128342885";"549,7730397941699";"643,909777830371";"655,909786951571";"612,2";"HQLOMS+BookmanOldStyle";"12,00000912119998";"359,31158406852745";"306,1";"0,08691862801131563";"0,27580876893643413";"0,622219718149763";"False";"BATANG TUBUH";"PASAL 13"
"9";"dimaksud pada ayat (1) sesuai dengan ketentuan peraturan";"190,0511444577651";"549,6154177623615";"666,9108953135071";"678,9109044347072";"612,2";"HQLOMS+BookmanOldStyle";"12,00000912119998";"369,8332811100633";"306,1";"0,10410532687040717";"0,310439634854239";"0,5873313840323365";"False";"BATANG TUBUH";"PASAL 13"
"9";"perundang-undangan.";"190,05114445776505";"322,44547266661743";"689,710012643103";"701,7100217643031";"612,2";"HQLOMS+BookmanOldStyle";"12,000009121200009";"256,24830856219126";"306,1";"0,08143040091115447";"0,31043963485423887";"0,2162599284692133";"False";"BATANG TUBUH";"PASAL 13"
"9";"Pasal 14";"281,09921366334993";"330,9389711865208";"735,328847317953";"747,3288564391529";"612,2";"HQLOMS+BookmanOldStyle";"12,000009121200009";"306,01909242493537";"306,1";"0,00013215873091254013";"0,45916238755855915";"0,08141090742105664";"False";"BATANG TUBUH";"PASAL 14"
"9";"PDU camat dan lurah sebagaimana dimaksud dalam Pasal 3";"168,850128342885";"549,8977919369938";"780,9398819868741";"792,939891108074";"612,2";"HQLOMS+BookmanOldStyle";"12,000009121200009";"359,3739601399394";"306,1";"0,08702051639977032";"0,27580876893643413";"0,6224234949266724";"False";"BATANG TUBUH";"PASAL 14"
"9";"huruf g digunakan pada saat melaksanakan pelantikan,";"168,850128342885";"549,7597403520609";"803,73899931647";"815,7390084376699";"612,2";"HQLOMS+BookmanOldStyle";"12,000009121199994";"359,30493434747297";"306,1";"0,08690776600371274";"0,27580876893643413";"0,6221979941345571";"False";"BATANG TUBUH";"PASAL 14"
"9";"upacara kemerdekaan Republik Indonesia, hari jadi Daerah,";"168,850128342885";"550,1514181697752";"826,729916791853";"838,729925913053";"612,2";"HQLOMS+BookmanOldStyle";"12,000009121199994";"359,5007732563301";"306,1";"0,08722765968038233";"0,27580876893643413";"0,6228377814878964";"False";"BATANG TUBUH";"PASAL 14"
"9";"dan hari besar lainnya.";"168,85012834288503";"305,80328008089657";"849,559734144784";"861,559743265984";"612,2";"HQLOMS+BookmanOldStyle";"12,000009121199994";"237,32670421189079";"306,1";"0,11233795457058025";"0,2758087689364342";"0,22370655298597114";"False";"BATANG TUBUH";"PASAL 14"
"10";"10";"298,70022704187";"313,54022816174626";"44,57832227887798";"56,578331400078014";"612,2";"HQLOMS+BookmanOldStyle";"12,000009121200037";"306,1202276018081";"306,1";"3,3040839281401195e-05";"0,48791281777502443";"0,024240446128513986";"False";"BATANG TUBUH";"PASAL 14"
"10";"Pasal 15";"281,09921366334993";"330,9389711865208";"72,97934386647796";"84,979352987678";"612,2";"HQLOMS+BookmanOldStyle";"12,000009121200037";"306,01909242493537";"306,1";"0,00013215873091254013";"0,45916238755855915";"0,08141090742105664";"False";"BATANG TUBUH";"PASAL 15"
"10";"(1) Pakaian seragam batik Korps Pegawai Republik Indonesia";"168,850128342885";"549,5509173213349";"114,57937548663801";"126,57938460783805";"612,2";"HQLOMS+BookmanOldStyle";"12,000009121200037";"359,2005228321099";"306,1";"0,08673721468818997";"0,27580876893643413";"0,6218568915035116";"False";"BATANG TUBUH";"PASAL 15"
"10";"sebagaimana dimaksud dalam Pasal 3 huruf h digunakan";"190,05214445852522";"549,8265541628462";"135,17969114492598";"147,17970026612602";"612,2";"HQLOMS+BookmanOldStyle";"12,000009121200037";"369,93934931068566";"306,1";"0,10427858430363546";"0,31044126830860047";"0,5876746319900701";"False";"BATANG TUBUH";"PASAL 15"
"10";"pada saat:";"190,05214445852522";"251,23395336278284";"155,98960696253096";"167,989616083731";"612,2";"HQLOMS+BookmanOldStyle";"12,000009121200037";"220,64304891065404";"306,1";"0,1395899233736458";"0,31044126830860047";"0,09993761663550738";"False";"BATANG TUBUH";"PASAL 15"
"10";"a. upacara hari ulang tahun Korps Pegawai Republik";"190,0511444577651";"549,1843845067333";"176,61042263640104";"188,61043175760108";"612,2";"HQLOMS+BookmanOldStyle";"12,000009121200037";"369,6177644822492";"306,1";"0,10375329056231486";"0,310439634854239";"0,5866273114161519";"False";"BATANG TUBUH";"PASAL 15"
"10";"Indonesia;";"211,280460594156";"272,28840712626095";"197,4101384462531";"209,41014756745312";"612,2";"HQLOMS+BookmanOldStyle";"12,000009121200037";"241,78443386020848";"306,1";"0,10505646216888523";"0,3451167275304737";"0,09965362060128215";"False";"BATANG TUBUH";"PASAL 15"
"10";"b. tanggal 17 (tujuh belas) setiap bulan;";"190,0511444577651";"431,37373392292596";"218,209454255801";"230,20946337700104";"612,2";"HQLOMS+BookmanOldStyle";"12,000009121200037";"310,71243919034555";"306,1";"0,007534203185797984";"0,310439634854239";"0,394189136663118";"False";"BATANG TUBUH";"PASAL 15"
"10";"c. upacara hari besar nasional; dan";"190,0511444577651";"406,46961095731643";"238,809469913861";"250,80947903506103";"612,2";"HQLOMS+BookmanOldStyle";"12,000009121200037";"298,2603777075408";"306,1";"0,012805655492419535";"0,310439634854239";"0,35350941930668295";"False";"BATANG TUBUH";"PASAL 15"
"10";"d. rapat atau pertemuan yang diselenggarakan oleh";"190,0511444577651";"549,2884592778406";"259,609485723941";"271,60949484514106";"612,2";"HQLOMS+BookmanOldStyle";"12,000009121200037";"369,66980186780285";"306,1";"0,1038382911920987";"0,310439634854239";"0,5867973126757196";"False";"BATANG TUBUH";"PASAL 15"
"10";"Korps Pegawai Republik Indonesia.";"211,280460594156";"417,6692916301873";"280,2302013977352";"292,2302105189352";"612,2";"HQLOMS+BookmanOldStyle";"12,000009121200037";"314,4748761121716";"306,1";"0,013679967514164637";"0,3451167275304737";"0,337126479967382";"False";"BATANG TUBUH";"PASAL 15"
"10";"(2) Penggunaan pakaian seragam batik Korps Pegawai Republik";"168,850128342885";"549,4219817353309";"301,0295172072831";"313,02952632848314";"612,2";"HQLOMS+BookmanOldStyle";"12,000009121200037";"359,13605503910793";"306,1";"0,08663190957057808";"0,27580876893643413";"0,6216462812682879";"False";"BATANG TUBUH";"PASAL 15"
"10";"Indonesia pada saat upacara dilengkapi dengan";"190,05114445776505";"549,5212143707574";"321,82923301713504";"333,8292421383351";"612,2";"HQLOMS+BookmanOldStyle";"12,000009121200037";"369,78617941426126";"306,1";"0,10402838845844696";"0,31043963485423887";"0,5871775072084161";"False";"BATANG TUBUH";"PASAL 15"
"10";"mengenakan peci nasional.";"190,05114445776505";"350,41201498797005";"342,429548675423";"354,42955779662304";"612,2";"HQLOMS+BookmanOldStyle";"12,000009121200037";"270,23157972286754";"306,1";"0,0585893830074036";"0,31043963485423887";"0,2619419642767151";"False";"BATANG TUBUH";"PASAL 15"
"10";"BAB III";"285,10121670527013";"326,97980001715706";"383,829580143563";"395,82958926476306";"612,2";"HQLOMS+BookmanOldStyle";"12,000009121200037";"306,0405083612136";"306,1";"9,717680298338114e-05";"0,4656994719132148";"0,0684067025676036";"True";"BATANG TUBUH";"BAB III"
"10";"ATRIBUT DAN KELENGKAPAN PAKAIAN DINAS";"165,65112591132512";"446,5499952383934";"404,6605959772062";"416,6606050984062";"612,2";"HQLOMS+BookmanOldStyle";"12,000009121200037";"306,1005605748593";"306,1";"9,156727528002396e-07";"0,2705833484340495";"0,4588351344774065";"True";"BATANG TUBUH";"BAB III"
"10";"Bagian Kesatu";"263,480200271148";"348,83822115173035";"446,06062744534614";"458,0606365665461";"612,2";"HQLOMS+BookmanOldStyle";"12,00000912119998";"306,1592107114392";"306,1";"9,671792133153182e-05";"0,4303825551635871";"0,13942832551548892";"False";"BATANG TUBUH";"BAGIAN KESATU"
"10";"Jenis Atribut";"267,6652034521665";"344,38705904040467";"466,86064325542617";"478,86065237662615";"612,2";"HQLOMS+BookmanOldStyle";"12,00000912119998";"306,02613124628556";"306,1";"0,00012066114621768084";"0,4372185616663941";"0,12532155437477646";"False";"BATANG TUBUH";"BAGIAN KESATU"
"10";"Pasal 16";"281,09921366334993";"330,9389713065209";"508,28867474484895";"520,2886838660489";"612,2";"HQLOMS+BookmanOldStyle";"12,00000912119998";"306,0190924849354";"306,1";"0,00013215863290527518";"0,45916238755855915";"0,08141090761707116";"False";"BATANG TUBUH";"PASAL 16"
"10";"Jenis Atribut Pakaian Dinas terdiri dari:";"168,8441283383244";"405,7058509367829";"549,6807062069081";"561,6807153281081";"612,2";"HQLOMS+BookmanOldStyle";"12,00000912119998";"287,27498963755363";"306,1";"0,0307497719086024";"0,2757989682102652";"0,38690251976226475";"False";"BATANG TUBUH";"PASAL 16"
"10";"a. tanda jabatan;";"168,850128342885";"276,0035089821078";"570,4807220169882";"582,4807311381882";"612,2";"HQLOMS+BookmanOldStyle";"12,00000912119998";"222,4268186624964";"306,1";"0,13667621910732378";"0,27580876893643413";"0,17503002391248415";"False";"BATANG TUBUH";"PASAL 16"
"10";"b. lencana Korps Pegawai Republik Indonesia;";"168,850128342885";"446,17055061397775";"591,0807376750481";"603,0807467962481";"612,2";"HQLOMS+BookmanOldStyle";"12,00000912119998";"307,5103394784314";"306,1";"0,002303723421155429";"0,27580876893643413";"0,4529899089694426";"False";"BATANG TUBUH";"PASAL 16"
"10";"c. papan nama;";"168,850128342885";"267,6276733036399";"611,8807534851281";"623,8807626063281";"612,2";"HQLOMS+BookmanOldStyle";"12,00000912119998";"218,23890082326244";"306,1";"0,14351698656768633";"0,27580876893643413";"0,16134848899175902";"False";"BATANG TUBUH";"PASAL 16"
"10";"d. nama Kementerian Dalam Negeri;";"168,850128342885";"388,37097548055414";"632,508769164471";"644,5087782856709";"612,2";"HQLOMS+BookmanOldStyle";"12,00000912119998";"278,61055191171954";"306,1";"0,044902724744006015";"0,27580876893643413";"0,3585770126391198";"False";"BATANG TUBUH";"PASAL 16"
"10";"e. nama Pemerintah Daerah;";"168,850128342885";"345,1392623401539";"653,3087849745509";"665,308794095751";"612,2";"HQLOMS+BookmanOldStyle";"12,00000912119998";"256,99469534151945";"306,1";"0,08021121309781211";"0,27580876893643413";"0,2879600359315075";"False";"BATANG TUBUH";"PASAL 16"
"10";"f. lambang Pemerintah Daerah; dan";"168,850128342885";"388,7815747126503";"674,1108007861512";"686,1108099073512";"612,2";"HQLOMS+BookmanOldStyle";"12,00000912119998";"278,8158515277677";"306,1";"0,04456737744565884";"0,27580876893643413";"0,3592477072358139";"False";"BATANG TUBUH";"PASAL 16"
"10";"g. tanda pengenal.";"168,850128342885";"284,42568807180123";"694,7088164426909";"706,708825563891";"612,2";"HQLOMS+BookmanOldStyle";"12,000009121200009";"226,63790820734312";"306,1";"0,12979760175213476";"0,27580876893643413";"0,18878725862286216";"False";"BATANG TUBUH";"PASAL 16"
"10";"Pasal 17";"281,09921366334993";"330,939530626946";"736,1288479260329";"748,1288570472329";"612,2";"HQLOMS+BookmanOldStyle";"12,000009121200009";"306,01937214514794";"306,1";"0,00013170182105861193";"0,45916238755855915";"0,08141182124076458";"False";"BATANG TUBUH";"PASAL 17"
"10";"(1) Tanda jabatan sebagaimana dimaksud dalam Pasal 16";"168,850128342885";"549,8211395667306";"777,728879546193";"789,728888667393";"612,2";"HQLOMS+BookmanOldStyle";"12,000009121200009";"359,3356339548078";"306,1";"0,0869579123730934";"0,27580876893643413";"0,6222982868733185";"False";"BATANG TUBUH";"PASAL 17"
"10";"huruf a merupakan tanda pengenal dengan bentuk, ukuran,";"190,0512471778432";"549,8313589264982";"798,3291952044809";"810,329204325681";"612,2";"HQLOMS+BookmanOldStyle";"12,000009121200009";"369,9413030521707";"306,1";"0,10428177564875972";"0,310439802642671";"0,5876839460121773";"False";"BATANG TUBUH";"PASAL 17"
"10";"dan bahan tertentu yang menyatakan kedudukan tugas,";"190,0512471778432";"549,5245074132605";"819,128911014333";"831,128920135533";"612,2";"HQLOMS+BookmanOldStyle";"12,000009121199994";"369,7878772955519";"306,1";"0,10403116186793834";"0,310439802642671";"0,5871827184505346";"False";"BATANG TUBUH";"PASAL 17"
"10";"tanggung jawab, dan lingkup wewenang dari pejabat yang";"190,0512471778432";"549,548953435842";"839,7343266764975";"851,7343357976974";"612,2";"HQLOMS+BookmanOldStyle";"12,000009121199994";"369,80010030684264";"306,1";"0,10405112758386574";"0,310439802642671";"0,5872226498823894";"False";"BATANG TUBUH";"PASAL 17"
"10";"memakainya di lingkungan Pemerintah Daerah.";"190,0512471778432";"472,58983017525685";"860,559642505808";"872,5596516270081";"612,2";"HQLOMS+BookmanOldStyle";"12,000009121199994";"331,32053867655003";"306,1";"0,041196567586654693";"0,310439802642671";"0,46151352988796734";"False";"BATANG TUBUH";"PASAL 17"
"11";"11";"298,70022704187";"313,54022816174626";"44,57832227887798";"56,578331400078014";"612,2";"HQLOMS+BookmanOldStyle";"12,000009121200037";"306,1202276018081";"306,1";"3,3040839281401195e-05";"0,48791281777502443";"0,024240446128513986";"False";"BATANG TUBUH";"PASAL 17"
"11";"(2) Tanda jabatan sebagaimana dimaksud pada ayat (1)";"168,850128342885";"549,7086739132454";"72,97934386647796";"84,979352987678";"612,2";"HQLOMS+BookmanOldStyle";"12,000009121200037";"359,2794011280652";"306,1";"0,08686605868681017";"0,27580876893643413";"0,622114579500752";"False";"BATANG TUBUH";"PASAL 17"
"11";"terdiri dari:";"190,05114445776516";"256,8655967233917";"93,17825921966187";"105,1782683408619";"612,2";"HQLOMS+BookmanOldStyle";"12,000009121200037";"223,45837059057845";"306,1";"0,13499122739206398";"0,31043963485423903";"0,10913827550739391";"False";"BATANG TUBUH";"PASAL 17"
"11";"a. tanda jabatan bahu;";"190,0511444577651";"331,7391208267141";"113,37937457451801";"125,37938369571805";"612,2";"HQLOMS+BookmanOldStyle";"12,000009121200037";"260,8951326422396";"306,1";"0,07384003161999413";"0,310439634854239";"0,2314406670515338";"False";"BATANG TUBUH";"PASAL 17"
"11";"b. tanda jabatan kerah; dan";"190,0511444577651";"361,0089345546826";"133,379389776518";"145,37939889771803";"612,2";"HQLOMS+BookmanOldStyle";"12,000009121200037";"275,53003950622383";"306,1";"0,04993459734363965";"0,310439634854239";"0,2792515356042428";"False";"BATANG TUBUH";"PASAL 17"
"11";"c. tanda jabatan saku.";"190,0511444577651";"329,91655536138313";"153,57840512977793";"165,57841425097797";"612,2";"HQLOMS+BookmanOldStyle";"12,000009121200037";"259,98384990957413";"306,1";"0,07532856924277342";"0,310439634854239";"0,2284635918059752";"False";"BATANG TUBUH";"PASAL 17"
"11";"(3) Bentuk tanda jabatan sebagaimana dimaksud pada ayat (2)";"168,850128342885";"546,4895153863649";"173,81042050812107";"185,8104296293211";"612,2";"HQLOMS+BookmanOldStyle";"12,000009121200037";"357,66982186462496";"306,1";"0,08423688641722465";"0,27580876893643413";"0,616856234961581";"False";"BATANG TUBUH";"PASAL 17"
"11";"tercantum dalam Lampiran yang merupakan bagian tidak";"190,05124445784108";"546,54580434915";"193,8098357096651";"205,80984483086513";"612,2";"HQLOMS+BookmanOldStyle";"12,000009121200037";"368,29852440349555";"306,1";"0,1015983737397836";"0,31043979819967504";"0,582317151080217";"False";"BATANG TUBUH";"PASAL 17"
"11";"terpisahkan dari Peraturan Bupati ini.";"190,05124445784108";"416,7616092602584";"214,008751062849";"226,00876018404904";"612,2";"HQLOMS+BookmanOldStyle";"12,000009121200037";"303,40642685904976";"306,1";"0,004399825450751819";"0,31043979819967504";"0,3703207526991462";"False";"BATANG TUBUH";"PASAL 17"
"11";"Pasal 18";"281,09921366334993";"330,939530626946";"254,209481619401";"266,20949074060104";"612,2";"HQLOMS+BookmanOldStyle";"12,000009121200037";"306,01937214514794";"306,1";"0,00013170182105861193";"0,45916238755855915";"0,08141182124076458";"False";"BATANG TUBUH";"PASAL 18"
"11";"(1) Tanda jabatan bahu sebagaimana dimaksud dalam Pasal 17";"167,24912712596492";"547,0094165815416";"294,6305123434032";"306,63052146460325";"612,2";"HQLOMS+BookmanOldStyle";"12,000009121200037";"357,12927185375327";"306,1";"0,08335392331550676";"0,2731936085036996";"0,6203206296236142";"False";"BATANG TUBUH";"PASAL 18"
"11";"ayat (2) huruf a dikenakan pada lidah bahu dan digunakan";"190,05114445776516";"546,7931214971356";"314,6299275449471";"326,62993666614716";"612,2";"HQLOMS+BookmanOldStyle";"12,000009121200037";"368,4221329774504";"306,1";"0,10180028255055601";"0,31043963485423903";"0,5827212953926338";"False";"BATANG TUBUH";"PASAL 18"
"11";"pada saat kegiatan/acara tingkat nasional, kegiatan/acara";"190,0511444577651";"546,6179891640176";"334,82884289813103";"346,82885201933107";"612,2";"HQLOMS+BookmanOldStyle";"12,000009121200037";"368,3345668108913";"306,1";"0,10165724732259276";"0,310439634854239";"0,5824352249367077";"False";"BATANG TUBUH";"PASAL 18"
"11";"tingkat provinsi dan kegiatan/acara tingkat Daerah.";"190,0511444577651";"498,04788156590695";"355,03025825321515";"367,0302673744152";"612,2";"HQLOMS+BookmanOldStyle";"12,000009121200037";"344,04951301183604";"306,1";"0,06198875042769686";"0,310439634854239";"0,5030982311469157";"False";"BATANG TUBUH";"PASAL 18"
"11";"(2) Tanda jabatan kerah sebagaimana dimaksud dalam";"167,24912712596492";"547,005285010401";"375,0395734622841";"387,03958258348416";"612,2";"HQLOMS+BookmanOldStyle";"12,000009121200037";"357,127206068183";"306,1";"0,08335054895162197";"0,2731936085036996";"0,6203138808958446";"False";"BATANG TUBUH";"PASAL 18"
"11";"Pasal 17 ayat (2) huruf b dikenakan pada kerah baju bagian";"190,05085717754676";"546,6267703026923";"395,2585888307459";"407,25889795217404";"612,2";"HQLOMS+BookmanOldStyle";"12,000009121200037";"368,3388137401195";"306,1";"0,10166418448239055";"0,31043916559547";"0,5824500377738412";"False";"BATANG TUBUH";"PASAL 17"
"11";"kanan pada saat menggunakan PDH khaki, PDH kemeja";"190,05094445761307";"546,9171164313842";"415,46000418583003";"427,46001330703";"612,2";"HQLOMS+BookmanOldStyle";"12,00000912119998";"368,48403044449867";"306,1";"0,1019013891612196";"0,3104393081633666";"0,5829241619957058";"False";"BATANG TUBUH";"PASAL 17"
"11";"putih, PDH batik/tenun/lurik atau Pakaian Khas Daerah,";"190,05094445761307";"547,2205295340084";"435,45941938737394";"447,4594285085739";"612,2";"HQLOMS+BookmanOldStyle";"12,00000912119998";"368,6357369958107";"306,1";"0,10214919470076883";"0,3104393081633666";"0,5834197730748044";"False";"BATANG TUBUH";"PASAL 17"
"11";"pakaian seragam batik Korps Pegawai Republik Indonesia,";"190,05094445761307";"546,7450591006036";"455,65833474055785";"467,6583438617578";"612,2";"HQLOMS+BookmanOldStyle";"12,00000912119998";"368,3980017791083";"306,1";"0,10176086536933729";"0,3104393081633666";"0,5826431144119414";"False";"BATANG TUBUH";"PASAL 17"
"11";"dan PDL.";"190,05094445761307";"244,31911053881475";"475,85975009564197";"487,85975921684195";"612,2";"HQLOMS+BookmanOldStyle";"12,00000912119998";"217,1850274982139";"306,1";"0,14523843923846147";"0,3104393081633666";"0,08864450519634381";"False";"BATANG TUBUH";"PASAL 17"
"11";"(3) Tanda jabatan saku sebagaimana dimaksud dalam Pasal 17";"167,24912712596492";"547,0114255430686";"495,85966529756604";"507,859674418766";"612,2";"HQLOMS+BookmanOldStyle";"12,00000912119998";"357,1302763345168";"306,1";"0,08335556408774382";"0,2731936085036996";"0,6203239111680883";"False";"BATANG TUBUH";"PASAL 17"
"11";"ayat (2) huruf c dikenakan pada saku atau dada sebelah";"190,05114445776516";"546,3890858700285";"516,0789806662559";"528,0789897874558";"612,2";"HQLOMS+BookmanOldStyle";"12,00000912119998";"368,2201151638968";"306,1";"0,10147029592273243";"0,31043963485423903";"0,5820613221369867";"False";"BATANG TUBUH";"PASAL 17"
"11";"kanan dan digunakan pada saat kegiatan/acara tingkat";"190,05114445776516";"546,6136206806972";"536,28039602134";"548,2804051425401";"612,2";"HQLOMS+BookmanOldStyle";"12,00000912119998";"368,3323825692312";"306,1";"0,10165367946623842";"0,31043963485423903";"0,5824280892239987";"False";"BATANG TUBUH";"PASAL 17"
"11";"nasional, kegiatan/acara tingkat provinsi, dan kegiatan/";"190,05114445776516";"546,7072251918461";"556,290111230713";"568,290120351913";"612,2";"HQLOMS+BookmanOldStyle";"12,00000912119998";"368,37918482480563";"306,1";"0,10173012875662464";"0,31043963485423903";"0,5825809878047711";"False";"BATANG TUBUH";"PASAL 17"
"11";"acara tingkat kabupaten/kota.";"190,05114445776516";"371,76142603564523";"576,4890265838969";"588,4890357050969";"612,2";"HQLOMS+BookmanOldStyle";"12,00000912119998";"280,9062852467052";"306,1";"0,04115275196552571";"0,31043963485423903";"0,29681522636047053";"False";"BATANG TUBUH";"PASAL 17"
"11";"Pasal 19";"281,09921366334993";"330,939530626946";"616,7107571564111";"628,7107662776111";"612,2";"HQLOMS+BookmanOldStyle";"12,00000912119998";"306,01937214514794";"306,1";"0,00013170182105861193";"0,45916238755855915";"0,08141182124076458";"False";"BATANG TUBUH";"PASAL 19"
"11";"Tanda jabatan bahu sebagaimana dimaksud dalam Pasal 18";"168,8441283383244";"550,020427590209";"657,1107878644511";"669,1107969856512";"612,2";"HQLOMS+BookmanOldStyle";"12,00000912119998";"359,4322779642667";"306,1";"0,08711577583186322";"0,2757989682102652";"0,622633615243196";"False";"BATANG TUBUH";"PASAL 19"
"11";"ayat (1), berupa:";"168,85012834288503";"263,72058765386635";"677,1102030659952";"689,1102121871951";"612,2";"HQLOMS+BookmanOldStyle";"12,00000912119998";"216,28535799837567";"306,1";"0,14670800718984703";"0,2758087689364342";"0,15496644774743762";"False";"BATANG TUBUH";"PASAL 19"
"11";"a. 1 (satu) bintang astha brata berwarna perak dengan bahan";"168,850128342885";"549,574726371432";"697,308818418951";"709,3088275401509";"612,2";"HQLOMS+BookmanOldStyle";"12,000009121200009";"359,2124273571585";"306,1";"0,08675666017177144";"0,27580876893643413";"0,6218957824706746";"False";"BATANG TUBUH";"PASAL 19"
"11";"dasar berwarna perak bagi jabatan Sekretaris Daerah;";"190,0512444578412";"510,1903924074226";"717,3108336224711";"729,3108427436712";"612,2";"HQLOMS+BookmanOldStyle";"12,000009121200009";"350,1208184326319";"306,1";"0,07190594320913406";"0,3104397981996752";"0,5229322900189177";"False";"BATANG TUBUH";"PASAL 19"
"11";"b. 1 (satu) bintang astha brata berwarna perunggu dengan";"168,850128342885";"549,447486474717";"737,529848990933";"749,5298581121331";"612,2";"HQLOMS+BookmanOldStyle";"12,000009121200009";"359,148807408801";"306,1";"0,08665273996863933";"0,27580876893643413";"0,6216879420644104";"False";"BATANG TUBUH";"PASAL 19"
"11";"bahan dasar berwarna perak bagi jabatan Asisten, Staf Ahli,";"190,05154445806915";"550,089449882673";"757,7287643441169";"769,7287734653169";"612,2";"HQLOMS+BookmanOldStyle";"12,000009121200009";"370,070497170371";"306,1";"0,10449280818420614";"0,3104402882359836";"0,5881050398964452";"False";"BATANG TUBUH";"PASAL 19"
"11";"dan Kepala PD;";"190,0515444580691";"280,7254106792224";"777,7281795456609";"789,7281886668609";"612,2";"HQLOMS+BookmanOldStyle";"12,000009121200009";"235,38847756864575";"306,1";"0,11550395692805335";"0,31044028823598346";"0,14811150967192638";"False";"BATANG TUBUH";"PASAL 19"
"11";"c. 3 (tiga) melati segi lima berwarna perunggu dengan bahan";"168,850128342885";"549,6469655063408";"797,9298949009731";"809,9299040221731";"612,2";"HQLOMS+BookmanOldStyle";"12,000009121200009";"359,2485469246129";"306,1";"0,08681565979191914";"0,27580876893643413";"0,62201378171097";"False";"BATANG TUBUH";"PASAL 19"
"11";"dasar berwarna perak bagi Camat; dan";"190,05154445806915";"420,16941169052706";"818,128810254157";"830,1288193753569";"612,2";"HQLOMS+BookmanOldStyle";"12,000009121199994";"305,1104780742981";"306,1";"0,001616337676742767";"0,3104402882359836";"0,37588674817454737";"False";"BATANG TUBUH";"PASAL 19"
"11";"d. 2 (dua) melati segi lima berwarna perunggu dengan bahan";"168,850128342885";"549,3912737519897";"838,1360254616296";"850,1360345828297";"612,2";"HQLOMS+BookmanOldStyle";"12,000009121199994";"359,12070104743736";"306,1";"0,08660682954498095";"0,27580876893643413";"0,6215961212170936";"False";"BATANG TUBUH";"PASAL 19"
"11";"dasar berwarna perak bagi Lurah.";"190,05154445806915";"390,9277413439503";"858,3604408341961";"870,3604499553961";"612,2";"HQLOMS+BookmanOldStyle";"12,000009121199994";"290,4896429010097";"306,1";"0,025498786506027986";"0,3104402882359836";"0,32812185051597703";"False";"BATANG TUBUH";"PASAL 19"
"12";"12";"298,70022704187";"313,54022816174626";"44,57832227887798";"56,578331400078014";"612,2";"HQLOMS+BookmanOldStyle";"12,000009121200037";"306,1202276018081";"306,1";"3,3040839281401195e-05";"0,48791281777502443";"0,024240446128513986";"False";"BATANG TUBUH";"PASAL 19"
"12";"Pasal 20";"281,09921366334993";"330,92618709680363";"72,97934386647796";"84,979352987678";"612,2";"HQLOMS+BookmanOldStyle";"12,000009121200037";"306,0127003800768";"306,1";"0,00014259983652926294";"0,45916238755855915";"0,0813900252098231";"False";"BATANG TUBUH";"PASAL 20"
"12";"Tanda jabatan kerah sebagaimana dimaksud dalam Pasal 18";"168,8441283383244";"549,8114276713486";"107,979370469978";"119,97937959117803";"612,2";"HQLOMS+BookmanOldStyle";"12,000009121200037";"359,3277780048365";"306,1";"0,08694508004710301";"0,2757989682102652";"0,6222922236736756";"False";"BATANG TUBUH";"PASAL 20"
"12";"ayat (2), berupa:";"168,85012834288503";"265,0373456547333";"125,57798384667387";"137,5779929678739";"612,2";"HQLOMS+BookmanOldStyle";"12,000009121200037";"216,9437369988092";"306,1";"0,14563257595751525";"0,2758087689364342";"0,15711731021210107";"False";"BATANG TUBUH";"PASAL 20"
"12";"a. 1 (satu) bintang astha brata berwarna perak bagi jabatan";"168,850128342885";"542,7684125579568";"140,31439504781144";"154,99040620303913";"612,2";"MHNUYH+Cambria";"12,000009121200037";"355,8092704504209";"306,1";"0,08119776290496714";"0,27580876893643413";"0,610777987937066";"False";"BATANG TUBUH";"PASAL 20"
"12";"Sekretaris Daerah;";"190,05114445776505";"300,3392268876728";"160,60941047404106";"172,6094195952411";"612,2";"HQLOMS+BookmanOldStyle";"12,000009121200037";"245,19518567271894";"306,1";"0,09948515897955093";"0,31043963485423887";"0,18015041233242035";"False";"BATANG TUBUH";"PASAL 20"
"12";"b. 1 (satu) bintang astha brata berwarna perunggu bagi";"168,850128342885";"542,4730524534538";"175,53442181853347";"190,21043297376116";"612,2";"MHNUYH+Cambria";"12,000009121200037";"355,6615903981694";"306,1";"0,08095653446287056";"0,27580876893643413";"0,6102955310528728";"False";"BATANG TUBUH";"PASAL 20"
"12";"jabatan Asisten, Staf Ahli, dan Kepala PD;";"190,04529173331645";"437,77091552102";"195,809037229257";"207,80944635076105";"612,2";"HQLOMS+BookmanOldStyle";"12,000009121200037";"313,9081036271682";"306,1";"0,012754171230264911";"0,3104300747032284";"0,4046481930540731";"False";"BATANG TUBUH";"PASAL 20"
"12";"c. 3 (tiga) melati segi lima berwarna perunggu bagi Camat;";"168,850128342885";"542,9430712907148";"210,53244842051333";"225,20845957574102";"612,2";"MHNUYH+Cambria";"12,000009121200037";"355,8965998167999";"306,1";"0,08134041133093738";"0,27580876893643413";"0,6110632847890065";"False";"BATANG TUBUH";"PASAL 20"
"12";"dan";"190,0511444577651";"212,3609340554233";"230,80956383313708";"242,8095729543371";"612,2";"HQLOMS+BookmanOldStyle";"12,000009121200037";"201,20603925659418";"306,1";"0,17133936743450806";"0,310439634854239";"0,03644199542250601";"False";"BATANG TUBUH";"PASAL 20"
"12";"d. 2 (dua) melati segi lima berwarna perunggu bagi Lurah.";"168,850128342885";"517,5490665487465";"245,53247502401325";"260,20848617924094";"612,2";"MHNUYH+Cambria";"12,000009121200037";"343,19959744581575";"306,1";"0,060600453194733304";"0,27580876893643413";"0,5695833685165983";"False";"BATANG TUBUH";"PASAL 20"
"12";"Pasal 21";"281,3012138168901";"331,14097134006096";"283,4285038287629";"295,42851294996296";"612,2";"HQLOMS+BookmanOldStyle";"12,000009121200037";"306,2210925784755";"306,1";"0,0001977990501069874";"0,45949234533957867";"0,08141090742105664";"False";"BATANG TUBUH";"PASAL 21"
"12";"Tanda jabatan saku sebagaimana dimaksud dalam Pasal 18";"168,8441283383244";"550,2204087742147";"318,42953043302305";"330,4295395542231";"612,2";"HQLOMS+BookmanOldStyle";"12,000009121200037";"359,5322685562695";"306,1";"0,08727910577633043";"0,2757989682102652";"0,6229602751321305";"False";"BATANG TUBUH";"PASAL 21"
"12";"ayat (3) berupa:";"168,85012834288503";"260,50922117290855";"335,82864365807893";"347,82865277927897";"612,2";"HQLOMS+BookmanOldStyle";"12,000009121200037";"214,6796747578968";"306,1";"0,14933081548857108";"0,2758087689364342";"0,1497208311499894";"False";"BATANG TUBUH";"PASAL 21"
"12";"a. tanda jabatan saku pimpinan tinggi pratama; dan";"168,850128342885";"484,2328591771163";"353,2405568928641";"365,24056601406414";"612,2";"HQLOMS+BookmanOldStyle";"12,000009121200037";"326,54149376000066";"306,1";"0,0333902217575966";"0,27580876893643413";"0,5151629056423249";"False";"BATANG TUBUH";"PASAL 21"
"12";"b. tanda jabatan saku Camat dan Lurah.";"168,850128342885";"416,71842333943283";"370,82857026150293";"382,82857938270297";"612,2";"HQLOMS+BookmanOldStyle";"12,000009121200037";"292,7842758411589";"306,1";"0,021750611170926387";"0,27580876893643413";"0,404881239785279";"False";"BATANG TUBUH";"PASAL 21"
"12";"Pasal 22";"281,09921366334993";"330,9389711865208";"405,859596888566";"417,859606009766";"612,2";"HQLOMS+BookmanOldStyle";"12,000009121200037";"306,01909242493537";"306,1";"0,00013215873091254013";"0,45916238755855915";"0,08141090742105664";"False";"BATANG TUBUH";"PASAL 22"
"12";"(1) Tanda pengenal sebagaimana dimaksud dalam Pasal 16";"168,850128342885";"549,8208973185463";"440,859623492066";"452,859632613266";"612,2";"HQLOMS+BookmanOldStyle";"12,00000912119998";"359,33551283071563";"306,1";"0,08695771452256713";"0,27580876893643413";"0,622297891172266";"False";"BATANG TUBUH";"PASAL 22"
"12";"huruf g digunakan untuk mengetahui identitas dalam";"190,05099717765316";"549,5597119200196";"458,2587367171219";"470,2587458383219";"612,2";"HQLOMS+BookmanOldStyle";"12,00000912119998";"369,80535454883636";"306,1";"0,10405971014184308";"0,3104393942790806";"0,5872406317255251";"False";"BATANG TUBUH";"PASAL 22"
"12";"melaksanakan tugas.";"190,05099717765316";"315,9868324214088";"475,859850095718";"487,859859216918";"612,2";"HQLOMS+BookmanOldStyle";"12,00000912119998";"253,018914799531";"306,1";"0,0867054642281428";"0,3104393942790806";"0,20571028298555313";"False";"BATANG TUBUH";"PASAL 22"
"12";"(2) Warna dasar foto pada tanda pengenal didasarkan pada";"168,850128342885";"549,509822042098";"493,25966332130605";"505,25967244250603";"612,2";"HQLOMS+BookmanOldStyle";"12,00000912119998";"359,1799751924915";"306,1";"0,08670365108214875";"0,27580876893643413";"0,6217897642914292";"False";"BATANG TUBUH";"PASAL 22"
"12";"jabatan yang dijabat.";"190,04529173331645";"314,37361554720354";"510,8786767135079";"522,8786858347079";"612,2";"HQLOMS+BookmanOldStyle";"12,00000912119998";"252,20945364026";"306,1";"0,08802768108418821";"0,3104300747032284";"0,20308448842516674";"False";"BATANG TUBUH";"PASAL 22"
"12";"(3) Foto untuk tanda pengenal menggunakan PDH khaki.";"168,850128342885";"509,5894854306735";"528,279689940008";"540,279699061208";"612,2";"HQLOMS+BookmanOldStyle";"12,00000912119998";"339,2198068867792";"306,1";"0,05409965188954459";"0,27580876893643413";"0,556581765906221";"False";"BATANG TUBUH";"PASAL 22"
"12";"(4) Warna dasar foto pada tanda pengenal sebagaimana";"168,850128342885";"549,4739538948348";"545,6797031657482";"557,6797122869481";"612,2";"HQLOMS+BookmanOldStyle";"12,00000912119998";"359,1620411188599";"306,1";"0,08667435661362283";"0,27580876893643413";"0,6217311753543774";"False";"BATANG TUBUH";"PASAL 22"
"12";"dimaksud pada ayat (2) terdiri atas:";"190,0511444577651";"400,55637114266636";"563,2808165443441";"575,2808256655442";"612,2";"HQLOMS+BookmanOldStyle";"12,00000912119998";"295,30375780021575";"306,1";"0,017635155504384634";"0,310439634854239";"0,3438504192827528";"False";"BATANG TUBUH";"PASAL 22"
"12";"a. merah untuk pejabat pimpinan tinggi pratama;";"190,0511444577651";"484,51719175323746";"580,689729776849";"592,689738898049";"612,2";"HQLOMS+BookmanOldStyle";"12,00000912119998";"337,2841681055013";"306,1";"0,05093787668327551";"0,310439634854239";"0,480996483658073";"False";"BATANG TUBUH";"PASAL 22"
"12";"b. biru untuk pejabat administrator;";"190,0511444577651";"405,95375679721604";"598,2907431553692";"610,2907522765692";"612,2";"HQLOMS+BookmanOldStyle";"12,00000912119998";"298,0024506274906";"306,1";"0,01322696728603305";"0,310439634854239";"0,3526667957194559";"False";"BATANG TUBUH";"PASAL 22"
"12";"c. hijau untuk pejabat pengawas;";"190,0511444577651";"388,9867033805685";"615,679756372748";"627,679765493948";"612,2";"HQLOMS+BookmanOldStyle";"12,00000912119998";"289,5189239191668";"306,1";"0,02708441045546098";"0,310439634854239";"0,3249519093806001";"False";"BATANG TUBUH";"PASAL 22"
"12";"d. orange untuk pejabat pelaksana; dan";"190,0511444577651";"426,65825225469104";"633,3087697725509";"645,308778893751";"612,2";"HQLOMS+BookmanOldStyle";"12,00000912119998";"308,3546983562281";"306,1";"0,00368294406440389";"0,310439634854239";"0,38648661842032983";"False";"BATANG TUBUH";"PASAL 22"
"12";"e. abu-abu untuk pejabat fungsional.";"190,0511444577651";"412,76004651947284";"650,710782999811";"662,7107921210111";"612,2";"HQLOMS+BookmanOldStyle";"12,00000912119998";"301,405595488619";"306,1";"0,007668089695166673";"0,310439634854239";"0,36378455090118866";"False";"BATANG TUBUH";"PASAL 22"
"12";"Bagian Kedua";"265,08120148806813";"346,9969280721646";"685,7088096017909";"697,7088187229909";"612,2";"HQLOMS+BookmanOldStyle";"12,000009121200009";"306,0390647801164";"306,1";"9,953482503041116e-05";"0,43299771559632166";"0,13380549915729578";"False";"BATANG TUBUH";"BAGIAN KEDUA"
"12";"Kelengkapan Pakaian Dinas";"223,47116986030713";"388,62521267379964";"703,1108228290511";"715,1108319502512";"612,2";"HQLOMS+BookmanOldStyle";"12,000009121200009";"306,04819126705337";"306,1";"8,462713646954244e-05";"0,3650296796150067";"0,2697713864970475";"False";"BATANG TUBUH";"BAGIAN KEDUA"
"12";"Pasal 23";"281,09921366334993";"330,92618709680363";"738,128849446233";"750,128858567433";"612,2";"HQLOMS+BookmanOldStyle";"12,000009121200009";"306,0127003800768";"306,1";"0,00014259983652926294";"0,45916238755855915";"0,0813900252098231";"False";"BATANG TUBUH";"PASAL 23"
"12";"Kelengkapan Pakaian Dinas terdiri atas:";"190,0511444577651";"427,46180183346866";"773,128876049733";"785,1288851709329";"612,2";"HQLOMS+BookmanOldStyle";"12,000009121200009";"308,7564731456169";"306,1";"0,004339224347626383";"0,310439634854239";"0,3877991789867748";"False";"BATANG TUBUH";"PASAL 23"
"12";"a. tutup kepala;";"190,0511444577651";"285,6502845946163";"790,729889428253";"802,7298985494531";"612,2";"HQLOMS+BookmanOldStyle";"12,000009121200009";"237,8507145261907";"306,1";"0,11148200828782966";"0,310439634854239";"0,15615671371586282";"False";"BATANG TUBUH";"PASAL 23"
"12";"b. jaket;";"190,0511444577651";"239,0982818544659";"808,1289026532329";"820,1289117744329";"612,2";"HQLOMS+BookmanOldStyle";"12,000009121200009";"214,5747131561155";"306,1";"0,14950226534446995";"0,310439634854239";"0,08011619960258216";"False";"BATANG TUBUH";"PASAL 23"
"12";"c. ikat pingggang; dan";"190,0511444577651";"322,3425579723921";"825,7409160401141";"837,7409251613142";"612,2";"HQLOMS+BookmanOldStyle";"12,000009121199994";"256,1968512150786";"306,1";"0,08151445407533718";"0,310439634854239";"0,21609182214084777";"False";"BATANG TUBUH";"PASAL 23"
"12";"d. sepatu hitam, sepatu putih, atau sepatu PDL yang";"190,0511444577651";"549,7968307842535";"843,1346292610655";"855,1346383822655";"612,2";"HQLOMS+BookmanOldStyle";"12,000009121199994";"369,9239876210093";"306,1";"0,10425349170370675";"0,310439634854239";"0,5876277136989357";"False";"BATANG TUBUH";"PASAL 23"
"12";"digunakan sesuai dengan jenis Pakaian Dinas.";"206,67045709009503";"482,1675548672799";"860,7587426571439";"872,7587517783439";"612,2";"HQLOMS+BookmanOldStyle";"12,000009121199994";"344,41900597868744";"306,1";"0,0625922998671797";"0,3375865029240363";"0,4500115938862869";"False";"BATANG TUBUH";"PASAL 23"
"13";"13";"298,70022704187";"313,54022816174626";"44,57832227887798";"56,578331400078014";"612,2";"HQLOMS+BookmanOldStyle";"12,000009121200037";"306,1202276018081";"306,1";"3,3040839281401195e-05";"0,48791281777502443";"0,024240446128513986";"False";"BATANG TUBUH";"PASAL 23"
"13";"Pasal 24";"281,09921366334993";"330,9389711865208";"72,97934386647796";"84,979352987678";"612,2";"HQLOMS+BookmanOldStyle";"12,000009121200037";"306,01909242493537";"306,1";"0,00013215873091254013";"0,45916238755855915";"0,08141090742105664";"False";"BATANG TUBUH";"PASAL 24"
"13";"(1) Tutup kepala sebagaimana dimaksud dalam Pasal 23";"168,850128342885";"549,3839495544225";"107,979370469978";"119,97937959117803";"612,2";"HQLOMS+BookmanOldStyle";"12,000009121200037";"359,11703894865377";"306,1";"0,08660084767829752";"0,27580876893643413";"0,6215841574837268";"False";"BATANG TUBUH";"PASAL 24"
"13";"huruf a terdiri dari atas:";"190,0512444578411";"333,3836270847023";"125,57798384667387";"137,5779929678739";"612,2";"HQLOMS+BookmanOldStyle";"12,000009121200037";"261,7174357712717";"306,1";"0,07249683800837685";"0,3104397981996751";"0,2341267275838961";"False";"BATANG TUBUH";"PASAL 24"
"13";"a. peci nasional;";"190,0511444577651";"292,484694069447";"142,9903970818391";"154,99040620303913";"612,2";"HQLOMS+BookmanOldStyle";"12,000009121200037";"241,26791926360607";"306,1";"0,10590016454817697";"0,310439634854239";"0,16732040119516808";"False";"BATANG TUBUH";"PASAL 24"
"13";"b. mutz; dan";"190,0511444577651";"269,39846556961805";"157,98140847649825";"172,6094195952411";"612,2";"HQLOMS+BookmanOldStyle";"12,000009121200037";"229,7248050136916";"306,1";"0,12475530053300951";"0,310439634854239";"0,12961012922550302";"False";"BATANG TUBUH";"PASAL 24"
"13";"c. topi pet.";"190,0511444577651";"259,49659656321313";"178,0084236990209";"190,00843282022095";"612,2";"HQLOMS+BookmanOldStyle";"12,000009121200037";"224,77387051048913";"306,1";"0,13284241994366364";"0,310439634854239";"0,11343589040419474";"False";"BATANG TUBUH";"PASAL 24"
"13";"(2) Bentuk dan jadwal penggunaan tutup kepala sebagaimana";"168,850128342885";"549,420255894019";"195,60943707754097";"207,609446198741";"612,2";"HQLOMS+BookmanOldStyle";"12,000009121200037";"359,135192118452";"306,1";"0,0866305000301404";"0,27580876893643413";"0,6216434621874125";"False";"BATANG TUBUH";"PASAL 24"
"13";"dimaksud pada ayat (1) tercantum dalam Lampiran";"190,0511444577651";"549,5978871090364";"213,00855030259686";"225,0085594237969";"612,2";"HQLOMS+BookmanOldStyle";"12,000009121200037";"369,8245157834007";"306,1";"0,10409100912022329";"0,310439634854239";"0,5873027485319687";"False";"BATANG TUBUH";"PASAL 24"
"13";"yang merupakan bagian tidak terpisahkan dari Peraturan";"190,04529173331645";"549,3576532064345";"230,60966368119296";"242,609672802393";"612,2";"HQLOMS+BookmanOldStyle";"12,000009121200037";"369,7014724698755";"306,1";"0,10389002363586325";"0,3104300747032284";"0,5869198978652695";"False";"BATANG TUBUH";"PASAL 24"
"13";"Bupati ini.";"190,0511444577651";"252,4423028812486";"248,00877690624884";"260,0087860274489";"612,2";"HQLOMS+BookmanOldStyle";"12,000009121200037";"221,24672366950685";"306,1";"0,13860384895539557";"0,310439634854239";"0,10191303238073095";"False";"BATANG TUBUH";"PASAL 24"
"13";"Pasal 25";"281,09921366334993";"330,92618709680363";"283,02950352548305";"295,0295126466831";"612,2";"HQLOMS+BookmanOldStyle";"12,000009121200037";"306,0127003800768";"306,1";"0,00014259983652926294";"0,45916238755855915";"0,0813900252098231";"False";"BATANG TUBUH";"PASAL 25"
"13";"(1) Jaket sebagaimana dimaksud dalam Pasal 23 huruf b dapat";"168,850128342885";"549,6413991821099";"318,03053012974317";"330,0305392509432";"612,2";"HQLOMS+BookmanOldStyle";"12,000009121200037";"359,24576376249746";"306,1";"0,08681111362707847";"0,27580876893643413";"0,6220046893812886";"False";"BATANG TUBUH";"PASAL 25"
"13";"digunakan oleh pejabat pimpinan tinggi pratama.";"190,05114445776516";"481,49252265418824";"335,42964335479905";"347,4296524759991";"612,2";"HQLOMS+BookmanOldStyle";"12,000009121200037";"335,7718335559767";"306,1";"0,048467549095028845";"0,31043963485423903";"0,4760558284815797";"False";"BATANG TUBUH";"PASAL 25"
"13";"(2) Jaket sebagaimana dimaksud pada ayat (1) dapat digunakan";"168,850128342885";"549,516028726816";"353,0305567332432";"365,03056585444324";"612,2";"HQLOMS+BookmanOldStyle";"12,000009121200037";"359,1830785348505";"306,1";"0,08670872024640716";"0,27580876893643413";"0,621799902619946";"False";"BATANG TUBUH";"PASAL 25"
"13";"pada saat rapat di luar kantor dan acara tertentu.";"190,05114445776505";"485,5911240175329";"370,4296699582991";"382,4296790794991";"612,2";"HQLOMS+BookmanOldStyle";"12,000009121200037";"337,82113423764895";"306,1";"0,05181498568711029";"0,31043963485423887";"0,48275070166574297";"False";"BATANG TUBUH";"PASAL 25"
"13";"BAB IV";"285,10121670527013";"327,1003684288011";"405,4605965852861";"417,46060570648615";"612,2";"HQLOMS+BookmanOldStyle";"12,000009121200037";"306,1007925670356";"306,1";"1,2946210970320848e-06";"0,4656994719132148";"0,06860364541576443";"True";"BATANG TUBUH";"BAB IV"
"13";"PENDANAAN";"267,6712034567271";"344,3043495055371";"423,059609962286";"435,05961908348604";"612,2";"HQLOMS+BookmanOldStyle";"12,000009121200037";"305,9877764811321";"306,1";"0,0001833118570204993";"0,437228362392563";"0,1251766515008331";"True";"BATANG TUBUH";"BAB IV"
"13";"Pasal 26";"281,09921366334993";"330,9389713065209";"457,86063641452614";"469,8606455357261";"612,2";"HQLOMS+BookmanOldStyle";"12,00000912119998";"306,0190924849354";"306,1";"0,00013215863290527518";"0,45916238755855915";"0,08141090761707116";"False";"BATANG TUBUH";"PASAL 26"
"13";"Pendanaan Pakaian Dinas di lingkungan Pemerintah Daerah";"168,850128342885";"549,6850637192991";"492,8606630180262";"504,86067213922615";"612,2";"HQLOMS+BookmanOldStyle";"12,00000912119998";"359,26759603109207";"306,1";"0,08684677561432871";"0,27580876893643413";"0,6220760133557891";"False";"BATANG TUBUH";"PASAL 26"
"13";"bersumber pada Anggaran Pendapatan dan Belanja Daerah.";"168,850128342885";"523,8973982141097";"510,479676410228";"522,479685531428";"612,2";"HQLOMS+BookmanOldStyle";"12,00000912119998";"346,37376327849734";"306,1";"0,0657853042771926";"0,27580876893643413";"0,5799530706815169";"False";"BATANG TUBUH";"PASAL 26"
"13";"BAB V";"287,10021822471003";"325,0800513731593";"545,489703021329";"557,489712142529";"612,2";"HQLOMS+BookmanOldStyle";"12,00000912119998";"306,0901347989346";"306,1";"1,6114343458665488e-05";"0,4689647471818197";"0,06203827694944339";"True";"BATANG TUBUH";"BAB V"
"13";"PEMBINAAN DAN PENGAWASAN";"208,2711583067871";"404,0188620945036";"562,878716238708";"574,8787253599079";"612,2";"HQLOMS+BookmanOldStyle";"12,00000912119998";"306,14501020064534";"306,1";"7,352205267122203e-05";"0,3402011733204624";"0,3197446974644177";"True";"BATANG TUBUH";"BAB V"
"13";"Pasal 27";"281,09921366334993";"330,9389713065209";"597,8797428429681";"609,879751964168";"612,2";"HQLOMS+BookmanOldStyle";"12,00000912119998";"306,0190924849354";"306,1";"0,00013215863290527518";"0,45916238755855915";"0,08141090761707116";"False";"BATANG TUBUH";"PASAL 27"
"13";"Bupati dan/atau Kepala PD yang melaksanakan fungsi penunjang";"168,850128342885";"550,4389310683135";"632,9107694700311";"644,9107785912311";"612,2";"HQLOMS+BookmanOldStyle";"12,00000912119998";"359,64452970559927";"306,1";"0,08746247910094616";"0,27580876893643413";"0,623307420329024";"False";"BATANG TUBUH";"PASAL 27"
"13";"urusan pemerintahan di bidang kepegawaian melakukan";"168,85012834288503";"550,2799486674711";"650,3097826950111";"662,3098918162871";"612,2";"HQLOMS+BookmanOldStyle";"12,00000912119998";"359,56503850517805";"306,1";"0,08733263395161389";"0,2758087689364342";"0,6230477300303595";"False";"BATANG TUBUH";"PASAL 27"
"13";"pembinaan dan pengawasan terhadap pemakaian Pakaian Dinas.";"168,84912834212489";"544,1959860430545";"667,9107960735312";"679,9109051948071";"612,2";"HQLOMS+BookmanOldStyle";"12,00000912119998";"356,5225571925897";"306,1";"0,08236288335934284";"0,27580713548207264";"0,6131114957545403";"False";"BATANG TUBUH";"PASAL 27"
"13";"BAB VI";"283,6992156396099";"325,77950650481466";"702,9108226770311";"714,9108317982311";"612,2";"HQLOMS+BookmanOldStyle";"12,000009121200009";"304,7393610722123";"306,1";"0,0022225399016460373";"0,4634093688984154";"0,06873618239987707";"True";"BATANG TUBUH";"BAB VI"
"13";"KETENTUAN LAIN-LAIN";"235,480178988348";"376,7522959732025";"720,3098359020111";"732,309845023211";"612,2";"HQLOMS+BookmanOldStyle";"12,000009121200009";"306,1162374807752";"306,1";"2,652316363149794e-05";"0,3846458330420581";"0,2307613802431468";"True";"BATANG TUBUH";"BAB VI"
"13";"Pasal 28";"281,09921366334993";"330,9389713065209";"755,3308625214731";"767,3308716426732";"612,2";"HQLOMS+BookmanOldStyle";"12,000009121200009";"306,0190924849354";"306,1";"0,00013215863290527518";"0,45916238755855915";"0,08141090761707116";"False";"BATANG TUBUH";"PASAL 28"
"13";"(1) ASN wanita berhijab atau yang sedang hamil dapat";"167,6511274315251";"542,8246930007356";"790,3288891234529";"802,3288982446529";"612,2";"HQLOMS+BookmanOldStyle";"12,000009121200009";"355,23791021613033";"306,1";"0,08026447274768099";"0,27385025715701583";"0,6128284311813303";"False";"BATANG TUBUH";"PASAL 28"
"13";"menyesuaikan penggunaan atribut dan kelengkapan";"188,849693544543";"542,8405258127701";"807,7408023582382";"819,7408114794381";"612,2";"HQLOMS+BookmanOldStyle";"12,000009121200009";"365,84510967865657";"306,1";"0,09759083580309791";"0,30847712111163506";"0,5782274293829256";"False";"BATANG TUBUH";"PASAL 28"
"13";"Pakaian Dinas.";"188,849693544543";"278,23067548297576";"825,329215727181";"837,3292248483809";"612,2";"HQLOMS+BookmanOldStyle";"12,000009121199994";"233,54018451375936";"306,1";"0,11852305698503865";"0,30847712111163506";"0,14599964380665267";"False";"BATANG TUBUH";"PASAL 28"
"13";"(2) Pakaian Dinas petugas layanan ditetapkan dengan";"167,6511274315251";"542,7739132021378";"842,7358289579377";"854,7358380791376";"612,2";"HQLOMS+BookmanOldStyle";"12,000009121199994";"355,21252031683144";"306,1";"0,0802229995374574";"0,27385025715701583";"0,6127454847608832";"False";"BATANG TUBUH";"PASAL 28"
"13";"Keputusan Kepala PD.";"188,84914354412487";"321,54008054922946";"860,3599423540161";"872,359951475216";"612,2";"HQLOMS+BookmanOldStyle";"12,000009121199994";"255,19461204667715";"306,1";"0,08315156477184395";"0,30847622271173614";"0,2167444250328399";"False";"BATANG TUBUH";"PASAL 28"
"14";"14";"298,70022704187";"313,54022816174626";"44,57832227887798";"56,578331400078014";"612,2";"HQLOMS+BookmanOldStyle";"12,000009121200037";"306,1202276018081";"306,1";"3,3040839281401195e-05";"0,48791281777502443";"0,024240446128513986";"False";"BATANG TUBUH";"PASAL 28"
"14";"Pasal 29";"281,09921366334993";"330,939530626946";"72,97934386647796";"84,979352987678";"612,2";"HQLOMS+BookmanOldStyle";"12,000009121200037";"306,01937214514794";"306,1";"0,00013170182105861193";"0,45916238755855915";"0,08141182124076458";"False";"BATANG TUBUH";"PASAL 29"
"14";"ASN di lingkungan Pemerintah Kabupaten Malang wajib:";"168,850128342885";"503,6832805013706";"115,57837624597789";"127,57838536717793";"612,2";"HQLOMS+BookmanOldStyle";"12,000009121200037";"336,26670442212776";"306,1";"0,04927589745528869";"0,27580876893643413";"0,5469342570377091";"False";"BATANG TUBUH";"PASAL 29"
"14";"a. berpakaian dinas dengan atribut lengkap sesuai dengan";"168,850128342885";"549,54182018642";"136,79039236921915";"148,79040149041919";"612,2";"HQLOMS+BookmanOldStyle";"12,000009121200037";"359,1959742646525";"306,1";"0,08672978481648555";"0,27580876893643413";"0,6218420317601028";"False";"BATANG TUBUH";"PASAL 29"
"14";"ketentuan dalam Peraturan Bupati ini;";"190,05114445776516";"418,89134755907133";"157,978808474522";"169,97881759572203";"612,2";"HQLOMS+BookmanOldStyle";"12,000009121200037";"304,47124600841823";"306,1";"0,002660493289091455";"0,31043963485423903";"0,373799743713339";"False";"BATANG TUBUH";"PASAL 29"
"14";"b. berambut pendek rapi dan sesuai dengan etika bagi pria; dan";"168,850128342885";"541,9045927813679";"179,40942476392104";"191,40943388512108";"612,2";"HQLOMS+BookmanOldStyle";"12,000009121200037";"355,37736056212646";"306,1";"0,08049225835041886";"0,27580876893643413";"0,6093669788279694";"False";"BATANG TUBUH";"PASAL 29"
"14";"c. tidak mewarnai rambut yang mencolok.";"168,850128342885";"424,50398114523085";"200,60844087728094";"212,60844999848098";"612,2";"HQLOMS+BookmanOldStyle";"12,000009121200037";"296,67705474405795";"306,1";"0,015391939326922684";"0,27580876893643413";"0,4175985834732862";"False";"BATANG TUBUH";"PASAL 29"
"14";"Pasal 30";"281,09921366334993";"330,9389711865208";"243,0104731070412";"255,01048222824124";"612,2";"HQLOMS+BookmanOldStyle";"12,000009121200037";"306,01909242493537";"306,1";"0,00013215873091254013";"0,45916238755855915";"0,08141090742105664";"False";"BATANG TUBUH";"PASAL 30"
"14";"(1) ASN yang tidak mematuhi kewajiban penggunaan Pakaian";"168,850128342885";"549,6338204643495";"285,6305055025032";"297,6305146237032";"612,2";"HQLOMS+BookmanOldStyle";"12,000009121200037";"359,24197440361723";"306,1";"0,08680492388699315";"0,27580876893643413";"0,621992309901118";"False";"BATANG TUBUH";"PASAL 30"
"14";"Dinas sebagaimana dimaksud dalam Pasal 2 dan Pasal 29";"190,0511444577651";"549,3787967025058";"306,82912161555896";"318,829130736759";"612,2";"HQLOMS+BookmanOldStyle";"12,000009121200037";"369,71497058013546";"306,1";"0,10391207216618005";"0,310439634854239";"0,5869448746238823";"False";"BATANG TUBUH";"PASAL 30"
"14";"dikenai sanksi disiplin ASN sesuai dengan ketentuan";"190,0511444577651";"549,9712907928604";"328,03023773051507";"340,0302468517151";"612,2";"HQLOMS+BookmanOldStyle";"12,000009121200037";"370,0112176253127";"306,1";"0,10439597782638467";"0,310439634854239";"0,5879126859442915";"False";"BATANG TUBUH";"PASAL 30"
"14";"peraturan perundang-undangan.";"190,0511444577651";"385,0747739639132";"349,43085399711117";"361,4308631183112";"612,2";"HQLOMS+BookmanOldStyle";"12,000009121200037";"287,56295921083915";"306,1";"0,030279387110684203";"0,310439634854239";"0,31856195607015364";"False";"BATANG TUBUH";"PASAL 30"
"14";"(2) Penggunaan Pakaian Dinas menjadi salah satu indikator";"168,850128342885";"549,5890038022843";"370,629570110243";"382,629579231443";"612,2";"HQLOMS+BookmanOldStyle";"12,000009121200037";"359,21956607258466";"306,1";"0,08676832092875633";"0,27580876893643413";"0,6219191039846443";"False";"BATANG TUBUH";"PASAL 30"
"14";"penilaian dalam evaluasi perilaku kerja pegawai pada";"190,0512444578411";"549,3283914361929";"391,8588862466339";"403,85889536783395";"612,2";"HQLOMS+BookmanOldStyle";"12,000009121200037";"369,689817947017";"306,1";"0,1038709865191391";"0,3104397981996751";"0,586862376638928";"False";"BATANG TUBUH";"PASAL 30"
"14";"sasaran kinerja pegawai ASN.";"190,0512444578411";"364,91188052130957";"413,06000236159";"425,06001148279";"612,2";"HQLOMS+BookmanOldStyle";"12,00000912119998";"277,48156248957537";"306,1";"0,04674687603793638";"0,3104397981996751";"0,28562665152477695";"False";"BATANG TUBUH";"PASAL 30"
"14";"BAB VII";"282,89921503152993";"329,14626102388286";"455,65863474078594";"467,6586438619859";"612,2";"HQLOMS+BookmanOldStyle";"12,00000912119998";"306,0227380277064";"306,1";"0,00012620380969230149";"0,4621026054092289";"0,07554238156215766";"True";"BATANG TUBUH";"BAB VII"
"14";"KETENTUAN PERALIHAN";"231,68117610072812";"380,4907476107974";"476,859650855666";"488,859659976866";"612,2";"HQLOMS+BookmanOldStyle";"12,00000912119998";"306,0859618557628";"306,1";"2,293065050187398e-05";"0,3784403399227836";"0,2430734588534291";"True";"BATANG TUBUH";"BAB VII"
"14";"Pasal 31";"281,09921366334993";"330,93924138672617";"519,2796830991081";"531,279692220308";"612,2";"HQLOMS+BookmanOldStyle";"12,00000912119998";"306,01922752503805";"306,1";"0,00013193805122831614";"0,45916238755855915";"0,08141134878042508";"False";"BATANG TUBUH";"PASAL 31"
"14";"Pada saat Peraturan Bupati ini mulai berlaku, seluruh ASN di";"168,850128342885";"549,9699884318704";"561,8797154793681";"573,8797246005681";"612,2";"HQLOMS+BookmanOldStyle";"12,00000912119998";"359,4100583873777";"306,1";"0,08707948119467117";"0,27580876893643413";"0,622541424516474";"False";"BATANG TUBUH";"PASAL 31"
"14";"lingkungan Pemerintah Daerah harus menyesuaikan dengan";"168,85012834288503";"550,078918114668";"583,0808315943242";"595,0808407155241";"612,2";"HQLOMS+BookmanOldStyle";"12,00000912119998";"359,4645232287765";"306,1";"0,08716844695977863";"0,2758087689364342";"0,6227193560466889";"False";"BATANG TUBUH";"PASAL 31"
"14";"ketentuan dalam Peraturan Bupati ini paling lama 6 (enam) bulan";"168,85012834288503";"550,2526832467468";"604,2794477073801";"616,27945682858";"612,2";"HQLOMS+BookmanOldStyle";"12,00000912119998";"359,5514057948159";"306,1";"0,08731036555834017";"0,2758087689364342";"0,623003193243812";"False";"BATANG TUBUH";"PASAL 31"
"14";"sejak tanggal diundangkan.";"168,85012834288503";"327,1143949594627";"625,7106639972351";"637,7106731184351";"612,2";"HQLOMS+BookmanOldStyle";"12,00000912119998";"247,98226165117387";"306,1";"0,09493260102715803";"0,2758087689364342";"0,2585172600728155";"False";"BATANG TUBUH";"PASAL 31"
"14";"BAB VIII";"280,90021351209";"331,1805008789073";"668,109796224791";"680,1098053459909";"612,2";"HQLOMS+BookmanOldStyle";"12,00000912119998";"306,04035719549864";"306,1";"9,742372509209324e-05";"0,4588373301406239";"0,082130492268568";"True";"BATANG TUBUH";"BAB VIII"
"14";"KETENTUAN PENUTUP";"237,66918065220693";"374,45359486196105";"689,3088123381509";"701,308821459351";"612,2";"HQLOMS+BookmanOldStyle";"12,000009121200009";"306,061387757084";"306,1";"6,307128865735207e-05";"0,38822146463934487";"0,2234309281439956";"True";"BATANG TUBUH";"BAB VIII"
"14";"Pasal 32";"281,09921366334993";"330,938682066301";"731,9308447351332";"743,9308538563331";"612,2";"HQLOMS+BookmanOldStyle";"12,000009121200009";"306,01894786482546";"306,1";"0,00013239486307507222";"0,45916238755855915";"0,08141043515673158";"False";"BATANG TUBUH";"PASAL 32"
"14";"Pada saat Peraturan Bupati ini mulai berlaku, Peraturan Bupati";"168,850128342885";"549,7119367957256";"774,3308769633732";"786,3308860845732";"612,2";"HQLOMS+BookmanOldStyle";"12,000009121200009";"359,2810325693053";"306,1";"0,08686872356959371";"0,27580876893643413";"0,6221199092663191";"False";"BATANG TUBUH";"PASAL 32"
"14";"Malang Nomor 204 Tahun 2022 tentang Pakaian Dinas";"168,85012834288497";"549,776896045101";"795,5294930764289";"807,529502197629";"612,2";"HQLOMS+BookmanOldStyle";"12,000009121200009";"359,313512193993";"306,1";"0,08692177751387288";"0,2758087689364341";"0,6222260171548775";"False";"BATANG TUBUH";"PASAL 32"
"14";"Aparatur Sipil Negara di Lingkungan Pemerintah Kabupaten";"168,85012834288497";"549,9406081051384";"816,9403093507781";"828,9403184719781";"612,2";"HQLOMS+BookmanOldStyle";"12,000009121199994";"359,3953682240117";"306,1";"0,08705548550148916";"0,2758087689364341";"0,62249343313011";"False";"BATANG TUBUH";"PASAL 32"
"14";"Malang (Berita Daerah Kabupaten Malang Tahun 2022";"168,85012834288491";"550,0104278226084";"838,1360254616296";"850,1363345830576";"612,2";"HQLOMS+BookmanOldStyle";"12,000009121199994";"359,43027808274667";"306,1";"0,08711250911915491";"0,275808768936434";"0,6226074803654419";"False";"BATANG TUBUH";"PASAL 32"
"14";"Nomor 204 Seri D), dicabut dan dinyatakan tidak berlaku.";"168,850128342885";"512,5966137843899";"859,3602415941441";"871,360250715344";"612,2";"HQLOMS+BookmanOldStyle";"12,000009121199994";"340,72337106363744";"306,1";"0,0565556534851967";"0,27580876893643413";"0,5614937690975251";"False";"BATANG TUBUH";"PASAL 32"
"15";"15";"298,70022704187";"313,54022816174626";"44,57832227887798";"56,578331400078014";"612,2";"HQLOMS+BookmanOldStyle";"12,000009121200037";"306,1202276018081";"306,1";"3,3040839281401195e-05";"0,48791281777502443";"0,024240446128513986";"False";"BATANG TUBUH";"PASAL 32"
"15";"Pasal 33";"281,09921366334993";"330,9389713065209";"72,97934386647796";"84,979352987678";"612,2";"HQLOMS+BookmanOldStyle";"12,000009121200037";"306,0190924849354";"306,1";"0,00013215863290527518";"0,45916238755855915";"0,08141090761707116";"False";"BATANG TUBUH";"PASAL 33"
"15";"Peraturan Bupati ini mulai berlaku pada tanggal diundangkan.";"168,850128342885";"530,2201185800059";"107,37937001391799";"119,37937913511803";"612,2";"HQLOMS+BookmanOldStyle";"12,000009121200037";"349,53512346144544";"306,1";"0,07094923793114245";"0,27580876893643413";"0,5902809379894166";"False";"BATANG TUBUH";"PASAL 33"
"15";"Agar setiap orang mengetahuinya, memerintahkan";"168,850128342885";"549,6592875557068";"159,0084092571209";"171,00841837832093";"612,2";"HQLOMS+BookmanOldStyle";"12,000009121200037";"359,2547079492959";"306,1";"0,08682572353690929";"0,27580876893643413";"0,6220339092009503";"False";"PENUTUP";""
"15";"pengundangan Peraturan Bupati ini dengan penempatannya";"168,850128342885";"549,4792584988669";"176,20812233061292";"188,20813145181296";"612,2";"HQLOMS+BookmanOldStyle";"12,000009121200037";"359,16469342087595";"306,1";"0,08667868902462582";"0,27580876893643413";"0,6217398401763833";"False";"PENUTUP";""
"15";"dalam Berita Daerah Kabupaten Malang.";"168,85012834288503";"409,89652280211016";"193,40783540410484";"205,40784452530488";"612,2";"HQLOMS+BookmanOldStyle";"12,000009121200037";"289,3733255724976";"306,1";"0,02732223852907941";"0,2758087689364342";"0,39373798506897273";"False";"PENUTUP";""
"15";"Ditetapkan di Kepanjen";"303,4992306895899";"442,44101927116316";"227,81046155352112";"239,81047067472116";"612,2";"HQLOMS+BookmanOldStyle";"12,000009121200037";"372,97012498037657";"306,1";"0,10922921427699533";"0,49575176525578224";"0,22695489804242605";"False";"PENUTUP";""
"15";"pada tanggal 20 Oktober 2025";"303,4992306895899";"482,3895135439906";"245,01047462724114";"257,0104837484412";"612,2";"HQLOMS+BookmanOldStyle";"12,000009121200037";"392,94437211679025";"306,1";"0,14185621057953318";"0,49575176525578224";"0,2922088906475019";"False";"PENUTUP";""
"15";"BUPATI MALANG,";"371,720282544372";"481,55802803197884";"278,8775003695479";"290,8775094907478";"612,2";"SQNTQA+BookmanOldStyle-Bold";"12,000009121199923";"426,6391552881754";"306,1";"0,19689505927503329";"0,607187655250526";"0,17941480804901472";"True";"PENUTUP";""
"15";"ttd.";"415,3193156839719";"438,2098205230314";"313,2775265169879";"325,2775356381878";"612,2";"SQNTQA+BookmanOldStyle-Bold";"12,000009121199923";"426,7645681035017";"306,1";"0,19709991522950288";"0,6784046319568309";"0,0373905665453438";"False";"PENUTUP";""
"15";"SANUSI";"403,1313064198731";"450,111216969276";"347,6875526720288";"359,6875617932287";"612,2";"SQNTQA+BookmanOldStyle-Bold";"12,000009121199923";"426,6212616945745";"306,1";"0,19686583092873977";"0,658496090199074";"0,07673948145933168";"True";"PENUTUP";""
"15";"Diundangkan di Kepanjen";"62,424747449014475";"216,56192456059375";"365,42856615696303";"377,42857527816307";"612,2";"HQLOMS+BookmanOldStyle";"12,000009121200037";"139,49333600480412";"306,1";"0,27214417509832717";"0,10196789847927878";"0,25177585284478804";"False";"PENUTUP";""
"15";"pada tanggal 20 Oktober 2025";"62,424747449014475";"241,31961394689915";"382,62857923068293";"394,62858835188297";"612,2";"HQLOMS+BookmanOldStyle";"12,000009121200037";"151,87218069795682";"306,1";"0,25192391261359554";"0,10196789847927878";"0,2922163778142513";"False";"PENUTUP";""
"15";"SEKRETARIS DAERAH KABUPATEN MALANG,";"62,424747449014475";"348,9693833714267";"399,3065919076307";"411,30660102883064";"612,2";"SQNTQA+BookmanOldStyle-Bold";"12,000009121199923";"205,6970654102206";"306,1";"0,16400348675233486";"0,10196789847927878";"0,46805722953677265";"True";"PENUTUP";""
"15";"ttd.";"190,0508444575371";"212,959286910231";"433,7086180565909";"445,7086271777909";"612,2";"SQNTQA+BookmanOldStyle-Bold";"12,00000912119998";"201,50506568388403";"306,1";"0,17085092178392028";"0,31043914481793056";"0,03741986679629841";"False";"PENUTUP";""
"15";"BUDIAR";"175,850133663585";"225,39567868312514";"468,10864420403095";"480,10865332523093";"612,2";"SQNTQA+BookmanOldStyle-Bold";"12,00000912119998";"200,6229061733551";"306,1";"0,1722918879886392";"0,2872429494668164";"0,08093032508908873";"True";"PENUTUP";""
"15";"Berita Daerah Kabupaten Malang";"62,424747449014475";"259,6486219667675";"503,079670785488";"515,0796799066879";"612,2";"HQLOMS+BookmanOldStyle";"12,00000912119998";"161,036684707891";"306,1";"0,2369541249462741";"0,10196789847927878";"0,32215595314889417";"False";"PENUTUP";""
"15";"Tahun 2025 Nomor 31 Seri D";"62,41894744460589";"236,08060996473526";"520,289683866809";"532,2896929880089";"612,2";"HQLOMS+BookmanOldStyle";"12,00000912119998";"149,24977870467058";"306,1";"0,256207483331149";"0,10195842444398218";"0,28366818444973757";"False";"PENUTUP";""
