"page";"text";"x0";"x1";"top";"bottom";"page_width";"font_name";"font_size";"line_center";"page_center";"center_score";"left_ratio";"width_ratio";"is_all_caps";"sistematika";"unsur"
"1";"BUPATI MALANG";"253,27";"358,798";"151,4960000000001";"163,4960000000001";"612,2";"BCDFEE+BookmanOldStyle-Bold";"12,0";"306,034";"306,1";"0,0001078079059131508";"0,4137046716759229";"0,17237504083632796";"True";"JUDUL";""
"1";"PROVINSI JAWA TIMUR";"231,68";"380,37199999999996";"168,92600000000004";"180,92600000000004";"612,2";"BCDFEE+BookmanOldStyle-Bold";"12,0";"306,02599999999995";"306,1";"0,00012087553087237686";"0,37843841881737994";"0,2428814113034955";"True";"JUDUL";""
"1";"PERATURAN BUPATI MALANG";"211,28";"399,636";"203,52600000000007";"215,52600000000007";"612,2";"BCDFEE+BookmanOldStyle-Bold";"12,0";"305,458";"306,1";"0,001048676902972878";"0,34511597517151255";"0,3076706958510291";"True";"JUDUL";""
"1";"NOMOR 13 TAHUN 2025";"228,88";"382,05";"220,92600000000004";"232,92600000000004";"612,2";"BCDFEE+BookmanOldStyle-Bold";"12,0";"305,46500000000003";"306,1";"0,0010372427311336014";"0,37386475008167264";"0,2501960143743875";"True";"JUDUL";""
"1";"TENTANG";"274,88";"335,84000000000003";"238,1260000000001";"250,1260000000001";"612,2";"BCDFEE+BookmanOldStyle-Bold";"12,0";"305,36";"306,1";"0,0012087553087226544";"0,4490035935968637";"0,09957530218882724";"True";"JUDUL";""
"1";"PENYELENGGARAAN";"240,08";"370,496";"255,52600000000007";"267,52600000000007";"612,2";"BCDFEE+BookmanOldStyle-Bold";"12,0";"305,288";"306,1";"0,001326363933355132";"0,3921594250245018";"0,2130284220842861";"True";"JUDUL";""
"1";"KOPERASI DESA/KELURAHAN MERAH PUTIH";"161,25";"449,19";"272,7260000000001";"284,7260000000001";"612,2";"BCDFEE+BookmanOldStyle-Bold";"12,0";"305,22";"306,1";"0,0014374387455079963";"0,26339431558314275";"0,47033649134269845";"True";"JUDUL";""
"1";"DENGAN RAHMAT TUHAN YANG MAHA ESA";"168,65";"442,1300000000001";"307,3460000000001";"319,3460000000001";"612,2";"BCDFEE+BookmanOldStyle-Bold";"12,0";"305,39000000000004";"306,1";"0,0011597517151257424";"0,27548186867036917";"0,44671675922901033";"True";"PEMBUKAAN";"FRASA RELIGIUS"
"1";"BUPATI MALANG,";"250,47";"360,306";"342,1460000000001";"354,1460000000001";"612,2";"BCDFEE+BookmanOldStyle-Bold";"12,0";"305,388";"306,1";"0,0011630186213656417";"0,4091310029402156";"0,17941195687683759";"True";"PEMBUKAAN";"PEMBENTUK PPU"
"1";"Menimbang : a. bahwa koperasi merupakan kegiatan ekonomi rakyat yang";"79,225";"540,626";"376,7700000000001";"388,7700000000001";"612,2";"BCDGEE+BookmanOldStyle";"12,0";"309,9255";"306,1";"0,00624877491016004";"0,12941032342371772";"0,7536769029728846";"False";"PEMBUKAAN";"KONSIDERANS"
"1";"mempunyai kedudukan, potensi, dan peran yang strategis";"192,65";"540,2659999999998";"394,0000000000001";"406,0000000000001";"612,2";"BCDGEE+BookmanOldStyle";"12,0";"366,4579999999999";"306,1";"0,09859196341064992";"0,31468474354786014";"0,5678144397255797";"False";"PEMBUKAAN";"KONSIDERANS"
"1";"dalam meningkatkan perekonomian daerah, menopang";"192,65";"540,3379999999997";"411,4000000000001";"423,4000000000001";"612,2";"BCDGEE+BookmanOldStyle";"12,0";"366,49399999999986";"306,1";"0,09865076772296608";"0,31468474354786014";"0,5679320483502119";"False";"PEMBUKAAN";"KONSIDERANS"
"1";"ketahanan ekonomi masyarakat, dan meningkatkan";"192,65";"540,6019999999999";"428,6";"440,6";"612,2";"BCDGEE+BookmanOldStyle";"12,0";"366,6259999999999";"306,1";"0,09886638353479238";"0,31468474354786014";"0,5683632799738645";"False";"PEMBUKAAN";"KONSIDERANS"
"1";"kesejahteraan rakyat sehingga perlu dikembangkan melalui";"192,65";"540,4459999999998";"446,00000000000006";"458,00000000000006";"612,2";"BCDGEE+BookmanOldStyle";"12,0";"366,5479999999999";"306,1";"0,09873897419144048";"0,31468474354786014";"0,5681084612871607";"False";"PEMBUKAAN";"KONSIDERANS"
"1";"kemudahan, pelindungan, dan pemberdayaan koperasi;";"192,65";"512,394";"463,40000000000003";"475,40000000000003";"612,2";"BCDGEE+BookmanOldStyle";"12,0";"352,522";"306,1";"0,07582816073178694";"0,31468474354786014";"0,5222868343678536";"False";"PEMBUKAAN";"KONSIDERANS"
"1";"b. bahwa untuk mewujudkan pembangunan dari";"171,25";"540,4099999999999";"480,6";"492,6";"612,2";"BCDGEE+BookmanOldStyle";"12,0";"355,8299999999999";"306,1";"0,08123162365240101";"0,2797288467820973";"0,6030055537406074";"False";"PEMBUKAAN";"KONSIDERANS"
"1";"Desa/Kelurahan untuk pemerataan ekonomi sebagai";"192,65";"540,4599999999999";"498,00000000000006";"510,00000000000006";"612,2";"BCDGEE+BookmanOldStyle";"12,0";"366,55499999999995";"306,1";"0,09875040836327985";"0,31468474354786014";"0,5681313296308395";"False";"PEMBUKAAN";"KONSIDERANS"
"1";"perwujudan asta cita keenam, perlu membentuk Koperasi";"192,65";"540,3619999999999";"515,23";"527,23";"612,2";"BCDGEE+BookmanOldStyle";"12,0";"366,5059999999999";"306,1";"0,09867036916040492";"0,31468474354786014";"0,5679712512250896";"False";"PEMBUKAAN";"KONSIDERANS"
"1";"Desa/Kelurahan Merah Putih melalui pendirian,";"192,65";"540,458";"532,6200000000001";"544,6200000000001";"612,2";"BCDGEE+BookmanOldStyle";"12,0";"366,554";"306,1";"0,09874877491015999";"0,31468474354786014";"0,5681280627245997";"False";"PEMBUKAAN";"KONSIDERANS"
"1";"pengembangan, dan revitalisasi koperasi di Desa/Kelurahan;";"192,65";"536,01";"549,82";"561,82";"612,2";"BCDGEE+BookmanOldStyle";"12,0";"364,33";"306,1";"0,0951159751715125";"0,31468474354786014";"0,5608624632473048";"False";"PEMBUKAAN";"KONSIDERANS"
"1";"c. bahwa ketentuan Pasal 2 ayat (1) Peraturan Pemerintah";"171,25";"539,786";"567,23";"579,23";"612,2";"BCDGEE+BookmanOldStyle";"12,0";"355,518";"306,1";"0,0807219862789937";"0,2797288467820973";"0,6019862789937928";"False";"PEMBUKAAN";"KONSIDERANS"
"1";"Nomor 7 Tahun 2021 tentang Kemudahan, Pelindungan,";"192,65";"539,9180000000001";"584,6300000000001";"596,6300000000001";"612,2";"BCDGEE+BookmanOldStyle";"12,0";"366,28400000000005";"306,1";"0,09830774256778833";"0,31468474354786014";"0,5672459980398564";"False";"PEMBUKAAN";"KONSIDERANS"
"1";"dan Pemberdayaan Koperasi dan Usaha Kecil dan";"192,65";"539,954";"601,82";"613,82";"612,2";"BCDGEE+BookmanOldStyle";"12,0";"366,30199999999996";"306,1";"0,09833714472394632";"0,31468474354786014";"0,5673048023521724";"False";"PEMBUKAAN";"KONSIDERANS"
"1";"Menengah mengamanatkan Pemerintah Daerah untuk";"192,65";"539,9420000000001";"619,25";"631,25";"612,2";"BCDGEE+BookmanOldStyle";"12,0";"366,29600000000005";"306,1";"0,09832734400522708";"0,31468474354786014";"0,5672852009147339";"False";"PEMBUKAAN";"KONSIDERANS"
"1";"memberikan kemudahan, pelindungan dan pemberdayaan";"192,65";"540,218";"636,45";"648,45";"612,2";"BCDGEE+BookmanOldStyle";"12,0";"366,43399999999997";"306,1";"0,09855276053577253";"0,31468474354786014";"0,5677360339758248";"False";"PEMBUKAAN";"KONSIDERANS"
"1";"bagi koperasi;";"192,65";"274,46599999999995";"653,85";"665,85";"612,2";"BCDGEE+BookmanOldStyle";"12,0";"233,558";"306,1";"0,11849395622345643";"0,31468474354786014";"0,13364260045736678";"False";"PEMBUKAAN";"KONSIDERANS"
"1";"d. bahwa berdasarkan Instruksi Presiden Nomor 9 Tahun 2025";"171,25";"540,3619999999997";"671,0500000000001";"683,0500000000001";"612,2";"BCDGEE+BookmanOldStyle";"11,999999999999972";"355,80599999999987";"306,1";"0,08119242077752342";"0,2797288467820973";"0,6029271479908522";"False";"PEMBUKAAN";"KONSIDERANS"
"1";"tentang Percepatan Pembentukan Koperasi Desa/Kelurahan";"192,65";"540,4459999999997";"688,45";"700,45";"612,2";"BCDGEE+BookmanOldStyle";"12,0";"366,54799999999983";"306,1";"0,09873897419144038";"0,31468474354786014";"0,5681084612871605";"False";"PEMBUKAAN";"KONSIDERANS"
"1";"Merah Putih, perlu menetapkan kebijakan untuk mendorong";"192,65";"540,4579999999999";"705,85";"717,85";"612,2";"BCDGEE+BookmanOldStyle";"12,0";"366,5539999999999";"306,1";"0,0987487749101599";"0,31468474354786014";"0,5681280627245996";"False";"PEMBUKAAN";"KONSIDERANS"
"1";"koperasi dapat bertumbuh dan berkembang dengan baik;";"192,65";"517,4779999999998";"723,0500000000001";"735,0500000000001";"612,2";"BCDGEE+BookmanOldStyle";"12,0";"355,0639999999999";"306,1";"0,07998039856256106";"0,31468474354786014";"0,5305913100294019";"False";"PEMBUKAAN";"KONSIDERANS"
"1";"e. bahwa berdasarkan pertimbangan sebagaimana dimaksud";"171,25";"539,7620000000001";"740,48";"752,48";"612,2";"BCDGEE+BookmanOldStyle";"12,0";"355,50600000000003";"306,1";"0,08070238484155505";"0,2797288467820973";"0,6019470761189154";"False";"PEMBUKAAN";"KONSIDERANS"
"1";"pada huruf a, huruf b, huruf c, dan huruf d perlu";"192,65";"539,858";"757,6700000000001";"769,6700000000001";"612,2";"BCDGEE+BookmanOldStyle";"12,0";"366,25399999999996";"306,1";"0,09825873897419134";"0,31468474354786014";"0,5671479908526624";"False";"PEMBUKAAN";"KONSIDERANS"
"1";"menetapkan Peraturan Bupati tentang Penyelenggaran";"192,65";"540,13";"775,07";"787,07";"612,2";"BCDGEE+BookmanOldStyle";"12,0";"366,39";"306,1";"0,09848088859849716";"0,31468474354786014";"0,5675922901012741";"False";"PEMBUKAAN";"KONSIDERANS"
"1";"Koperasi Desa/Kelurahan Merah Putih;";"192,65";"426,1699999999999";"792,27";"804,27";"612,2";"BCDGEE+BookmanOldStyle";"12,0";"309,40999999999997";"306,1";"0,0054067298268538795";"0,31468474354786014";"0,3814439725579874";"False";"PEMBUKAAN";"KONSIDERANS"
"1";"Mengingat : 1. Pasal 18 ayat (6) Undang-Undang Dasar Republik";"72,025";"540,056";"827,075";"839,075";"612,2";"BCDGEE+BookmanOldStyle";"12,0";"306,0405";"306,1";"9,719046063380283e-05";"0,11764946096047044";"0,7645066971577916";"False";"PEMBUKAAN";"DASAR HUKUM"
"1";"Indonesia Tahun 1945;";"192,65";"329,27599999999995";"844,3000000000001";"856,3000000000001";"612,2";"BCDGEE+BookmanOldStyle";"12,0";"260,96299999999997";"306,1";"0,07372917347272143";"0,31468474354786014";"0,22317216595883688";"False";"PEMBUKAAN";"DASAR HUKUM"
"2";"2";"302,5";"309,94";"37,500000000000114";"49,500000000000114";"612,2";"BCDGEE+BookmanOldStyle";"12,0";"306,22";"306,1";"0,0001960143743874625";"0,4941195687683763";"0,01215289121202221";"False";"PEMBUKAAN";"DASAR HUKUM"
"2";"2. Undang-Undang Nomor 12 Tahun 1950 tentang";"171,45";"540,224";"74,12000000000012";"86,12000000000012";"612,2";"BCDGEE+BookmanOldStyle";"12,0";"355,837";"306,1";"0,08124305782424038";"0,2800555374060764";"0,6023750408363281";"False";"PEMBUKAAN";"DASAR HUKUM"
"2";"Pembentukan Daerah-daerah Kabupaten di Lingkungan";"192,65";"540,2559999999999";"91,12000000000012";"103,12000000000012";"612,2";"BCDGEE+BookmanOldStyle";"12,0";"366,4529999999999";"306,1";"0,09858379614505046";"0,31468474354786014";"0,5677981051943807";"False";"PEMBUKAAN";"DASAR HUKUM"
"2";"Propinsi Jawa Timur (Berita Negara Republik Indonesia";"192,65";"540,116";"107,92000000000007";"119,92000000000007";"612,2";"BCDGEE+BookmanOldStyle";"12,0";"366,383";"306,1";"0,09846945442665787";"0,31468474354786014";"0,5675694217575955";"False";"PEMBUKAAN";"DASAR HUKUM"
"2";"Tahun 1950 Nomor 41), sebagaimana telah diubah";"192,65";"539,894";"124,93000000000006";"136,93000000000006";"612,2";"BCDGEE+BookmanOldStyle";"12,0";"366,272";"306,1";"0,0982881411303495";"0,31468474354786014";"0,5672067951649787";"False";"PEMBUKAAN";"DASAR HUKUM"
"2";"dengan Undang-Undang Nomor 2 Tahun 1965 tentang";"192,65";"540,166";"141,72000000000014";"153,72000000000014";"612,2";"BCDGEE+BookmanOldStyle";"12,0";"366,408";"306,1";"0,09851029075465532";"0,31468474354786014";"0,5676510944135904";"False";"PEMBUKAAN";"DASAR HUKUM"
"2";"Perubahan Batas Wilayah Kotapraja Surabaya dan Daerah";"192,65";"539,9419999999999";"158,7500000000001";"170,7500000000001";"612,2";"BCDGEE+BookmanOldStyle";"12,0";"366,29599999999994";"306,1";"0,0983273440052269";"0,31468474354786014";"0,5672852009147336";"False";"PEMBUKAAN";"DASAR HUKUM"
"2";"Tingkat II Surabaya dengan mengubah Undang-Undang";"192,65";"540,4060000000001";"175,55000000000007";"187,55000000000007";"612,2";"BCDGEE+BookmanOldStyle";"12,0";"366,528";"306,1";"0,09870630512904278";"0,31468474354786014";"0,5680431231623654";"False";"PEMBUKAAN";"DASAR HUKUM"
"2";"Nomor 12 Tahun 1950 tentang Pembentukan Daerah-daerah";"192,65";"540,862";"192,55000000000007";"204,55000000000007";"612,2";"BCDGEE+BookmanOldStyle";"12,0";"366,756";"306,1";"0,09907873244037887";"0,31468474354786014";"0,5687879777850375";"False";"PEMBUKAAN";"DASAR HUKUM"
"2";"Kota Besar dalam Lingkungan Propinsi Jawa Timur, Jawa";"192,65";"539,8459999999999";"209,35000000000014";"221,35000000000014";"612,2";"BCDGEE+BookmanOldStyle";"12,0";"366,24799999999993";"306,1";"0,09824893825547192";"0,31468474354786014";"0,5671283894152236";"False";"PEMBUKAAN";"DASAR HUKUM"
"2";"Tengah, Jawa Barat dan Daerah Istimewa Yogyakarta";"192,65";"539,9820000000001";"226,35000000000014";"238,35000000000014";"612,2";"BCDGEE+BookmanOldStyle";"12,0";"366,31600000000003";"306,1";"0,09836001306762497";"0,31468474354786014";"0,5673505390395297";"False";"PEMBUKAAN";"DASAR HUKUM"
"2";"(Lembaran Negara Republik Indonesia Tahun 1965";"192,65";"540,086";"243,1500000000001";"255,1500000000001";"612,2";"BCDGEE+BookmanOldStyle";"12,0";"366,368";"306,1";"0,09844495262985947";"0,31468474354786014";"0,5675204181639987";"False";"PEMBUKAAN";"DASAR HUKUM"
"2";"Nomor 19, Tambahan Lembaran Negara Republik";"192,65";"539,822";"260,1500000000001";"272,1500000000001";"612,2";"BCDGEE+BookmanOldStyle";"12,0";"366,236";"306,1";"0,09822933681803327";"0,31468474354786014";"0,5670891865403463";"False";"PEMBUKAAN";"DASAR HUKUM"
"2";"Indonesia Nomor 2730);";"192,65";"333,34";"276,97000000000014";"288,97000000000014";"612,2";"BCDGEE+BookmanOldStyle";"12,0";"262,995";"306,1";"0,07040999673309378";"0,31468474354786014";"0,22981051943809205";"False";"PEMBUKAAN";"DASAR HUKUM"
"2";"3. Undang-Undang Nomor 25 Tahun 1992 tentang";"171,45";"540,164";"293,98000000000013";"305,98000000000013";"612,2";"BCDGEE+BookmanOldStyle";"12,0";"355,807";"306,1";"0,08119405423064356";"0,2800555374060764";"0,6022770336491342";"False";"PEMBUKAAN";"DASAR HUKUM"
"2";"Perkoperasian (Lembaran Negara Republik Indonesia";"192,65";"540,0260000000002";"310,7700000000001";"322,7700000000001";"612,2";"BCDGEE+BookmanOldStyle";"12,0";"366,3380000000001";"306,1";"0,09839594903626274";"0,31468474354786014";"0,5674224109768052";"False";"PEMBUKAAN";"DASAR HUKUM"
"2";"Tahun 1992 Nomor 116, Tambahan Lembaran Negara";"192,65";"540,1859999999999";"327,7700000000001";"339,7700000000001";"612,2";"BCDGEE+BookmanOldStyle";"12,0";"366,41799999999995";"306,1";"0,09852662528585417";"0,31468474354786014";"0,5676837634759881";"False";"PEMBUKAAN";"DASAR HUKUM"
"2";"Republik Indonesia Nomor 3502);";"192,65";"389,76";"344,57000000000005";"356,57000000000005";"612,2";"BCDGEE+BookmanOldStyle";"12,0";"291,205";"306,1";"0,024330284220842924";"0,31468474354786014";"0,32196994446259386";"False";"PEMBUKAAN";"DASAR HUKUM"
"2";"4. Undang-Undang Nomor 12 Tahun 2011 tentang";"171,45";"540,164";"361,57000000000005";"373,57000000000005";"612,2";"BCDGEE+BookmanOldStyle";"12,0";"355,807";"306,1";"0,08119405423064356";"0,2800555374060764";"0,6022770336491342";"False";"PEMBUKAAN";"DASAR HUKUM"
"2";"Pembentukan Peraturan Perundang-undangan (Lembaran";"192,65";"540,458";"378,3700000000001";"390,3700000000001";"612,2";"BCDGEE+BookmanOldStyle";"12,0";"366,554";"306,1";"0,09874877491015999";"0,31468474354786014";"0,5681280627245997";"False";"PEMBUKAAN";"DASAR HUKUM"
"2";"Negara Republik Indonesia Tahun 2011 Nomor 82,";"192,65";"539,9839999999999";"395,4000000000001";"407,4000000000001";"612,2";"BCDGEE+BookmanOldStyle";"12,0";"366,31699999999995";"306,1";"0,09836164652074474";"0,31468474354786014";"0,5673538059457692";"False";"PEMBUKAAN";"DASAR HUKUM"
"2";"Tambahan Lembaran Negara Republik Indonesia";"192,65";"539,9900000000001";"412,20000000000005";"424,20000000000005";"612,2";"BCDGEE+BookmanOldStyle";"12,0";"366,32000000000005";"306,1";"0,09836654688010457";"0,31468474354786014";"0,5673636066644889";"False";"PEMBUKAAN";"DASAR HUKUM"
"2";"Nomor 5234), sebagaimana telah diubah beberapa kali,";"192,65";"540,354";"429,20000000000005";"441,20000000000005";"612,2";"BCDGEE+BookmanOldStyle";"12,0";"366,502";"306,1";"0,09866383534792549";"0,31468474354786014";"0,5679581836001307";"False";"PEMBUKAAN";"DASAR HUKUM"
"2";"terakhir dengan Undang-Undang Nomor 13 Tahun 2022";"192,65";"540,22";"446,00000000000006";"458,00000000000006";"612,2";"BCDGEE+BookmanOldStyle";"12,0";"366,435";"306,1";"0,09855439398889247";"0,31468474354786014";"0,5677393008820647";"False";"PEMBUKAAN";"DASAR HUKUM"
"2";"tentang Perubahan Kedua atas Undang-Undang Nomor 12";"192,65";"540,546";"463,00000000000006";"475,00000000000006";"612,2";"BCDGEE+BookmanOldStyle";"12,0";"366,598";"306,1";"0,09882064684743545";"0,31468474354786014";"0,5682718065991507";"False";"PEMBUKAAN";"DASAR HUKUM"
"2";"Tahun 2011 tentang Pembentukan Peraturan";"192,65";"540,212";"479,8";"491,8";"612,2";"BCDGEE+BookmanOldStyle";"12,0";"366,431";"306,1";"0,09854786017641287";"0,31468474354786014";"0,5677262332571055";"False";"PEMBUKAAN";"DASAR HUKUM"
"2";"Perundang-undangan (Lembaran Negara Republik";"192,65";"540,19";"496,8";"508,8";"612,2";"BCDGEE+BookmanOldStyle";"12,0";"366,42";"306,1";"0,09852989219209407";"0,31468474354786014";"0,5676902972884679";"False";"PEMBUKAAN";"DASAR HUKUM"
"2";"Indonesia Tahun 2022 Nomor 143, Tambahan Lembaran";"192,65";"539,934";"513,6200000000001";"525,6200000000001";"612,2";"BCDGEE+BookmanOldStyle";"12,0";"366,292";"306,1";"0,09832081019274738";"0,31468474354786014";"0,5672721332897745";"False";"PEMBUKAAN";"DASAR HUKUM"
"2";"Negara Republik Indonesia Nomor 6801);";"192,65";"434,360000238";"530,6200000000001";"542,6200000000001";"612,2";"BCDGEE+BookmanOldStyle";"12,0";"313,505000119";"306,1";"0,012095720547206737";"0,31468474354786014";"0,3948219539986932";"False";"PEMBUKAAN";"DASAR HUKUM"
"2";"5. Undang-Undang Nomor 6 Tahun 2014 tentang Desa,";"171,45";"540,116";"547,4200000000001";"559,4200000000001";"612,2";"BCDGEE+BookmanOldStyle";"12,0";"355,783";"306,1";"0,08115485135576607";"0,2800555374060764";"0,6021986278993793";"False";"PEMBUKAAN";"DASAR HUKUM"
"2";"(Lembaran Negara Republik Indonesia Tahun 2014,";"192,65";"539,984";"564,4200000000001";"576,4200000000001";"612,2";"BCDGEE+BookmanOldStyle";"12,0";"366,317";"306,1";"0,09836164652074482";"0,31468474354786014";"0,5673538059457695";"False";"PEMBUKAAN";"DASAR HUKUM"
"2";"Nomor 7, Tambahan Lembaran Negara Republik";"192,65";"539,8820000000001";"581,23";"593,23";"612,2";"BCDGEE+BookmanOldStyle";"12,0";"366,266";"306,1";"0,09827834041163018";"0,31468474354786014";"0,5671871937275401";"False";"PEMBUKAAN";"DASAR HUKUM"
"2";"Indonesia, Nomor 5495), sebagaimana telah diubah";"192,65";"540,2839999999999";"598,23";"610,23";"612,2";"BCDGEE+BookmanOldStyle";"12,0";"366,4669999999999";"306,1";"0,09860666448872901";"0,31468474354786014";"0,5678438418817378";"False";"PEMBUKAAN";"DASAR HUKUM"
"2";"beberapa kali, terakhir dengan Undang-Undang Nomor 3";"192,65";"540,4820000000001";"615,02";"627,02";"612,2";"BCDGEE+BookmanOldStyle";"12,0";"366,56600000000003";"306,1";"0,09876837634759883";"0,31468474354786014";"0,5681672655994774";"False";"PEMBUKAAN";"DASAR HUKUM"
"2";"Tahun 2024 tentang Perubahan Kedua atas Undang-Undang";"192,65";"540,63";"632,05";"644,05";"612,2";"BCDGEE+BookmanOldStyle";"12,0";"366,64";"306,1";"0,09888925187847102";"0,31468474354786014";"0,5684090166612218";"False";"PEMBUKAAN";"DASAR HUKUM"
"2";"Nomor 6 Tahun 2014 tentang Desa (Lembaran Negara";"192,65";"540,018";"649,05";"661,05";"612,2";"BCDGEE+BookmanOldStyle";"12,0";"366,334";"306,1";"0,09838941522378304";"0,31468474354786014";"0,5674093433518459";"False";"PEMBUKAAN";"DASAR HUKUM"
"2";"Republik Indonesia Tahun 2024 Nomor 77, Tambahan";"192,65";"539,9539999999998";"665,85";"677,85";"612,2";"BCDGEE+BookmanOldStyle";"12,0";"366,3019999999999";"306,1";"0,09833714472394622";"0,31468474354786014";"0,5673048023521722";"False";"PEMBUKAAN";"DASAR HUKUM"
"2";"Lembaran Negara Republik Indonesia Nomor 6914);";"192,65";"497,532";"682,85";"694,85";"612,2";"BCDGEE+BookmanOldStyle";"12,0";"345,091";"306,1";"0,06368997059784381";"0,31468474354786014";"0,4980104540999672";"False";"PEMBUKAAN";"DASAR HUKUM"
"2";"6. Undang-Undang Nomor 23 Tahun 2014 tentang";"171,25";"540,164";"699,6500000000001";"711,6500000000001";"612,2";"BCDGEE+BookmanOldStyle";"12,0";"355,707";"306,1";"0,08103070891865398";"0,2797288467820973";"0,6026037242731133";"False";"PEMBUKAAN";"DASAR HUKUM"
"2";"Pemerintahan Daerah (Lembaran Negara Republik";"192,65";"539,8580000000001";"716,6500000000001";"728,6500000000001";"612,2";"BCDGEE+BookmanOldStyle";"12,0";"366,254";"306,1";"0,09825873897419143";"0,31468474354786014";"0,5671479908526627";"False";"PEMBUKAAN";"DASAR HUKUM"
"2";"Indonesia Tahun 2014 Nomor 244, Tambahan Lembaran";"192,65";"540,034";"733,48";"745,48";"612,2";"BCDGEE+BookmanOldStyle";"12,0";"366,342";"306,1";"0,09840248284874217";"0,31468474354786014";"0,5674354786017641";"False";"PEMBUKAAN";"DASAR HUKUM"
"2";"Negara Republik Indonesia Nomor 5587), sebagaimana";"192,65";"539,9540000000001";"750,47";"762,47";"612,2";"BCDGEE+BookmanOldStyle";"12,0";"366,302";"306,1";"0,09833714472394642";"0,31468474354786014";"0,5673048023521726";"False";"PEMBUKAAN";"DASAR HUKUM"
"2";"telah diubah beberapa kali, terakhir dengan";"192,65";"539,7379999999999";"767,27";"779,27";"612,2";"BCDGEE+BookmanOldStyle";"12,0";"366,19399999999996";"306,1";"0,09816073178699761";"0,31468474354786014";"0,566951976478275";"False";"PEMBUKAAN";"DASAR HUKUM"
"2";"Undang-Undang Nomor 9 Tahun 2015 tentang Perubahan";"192,65";"539,992";"784,27";"796,27";"612,2";"BCDGEE+BookmanOldStyle";"12,0";"366,32099999999997";"306,1";"0,09836818033322434";"0,31468474354786014";"0,5673668735707285";"False";"PEMBUKAAN";"DASAR HUKUM"
"2";"Kedua atas Undang-Undang Nomor 23 Tahun 2014";"192,65";"539,976";"801,07";"813,07";"612,2";"BCDGEE+BookmanOldStyle";"12,0";"366,313";"306,1";"0,0983551127082652";"0,31468474354786014";"0,5673407383208102";"False";"PEMBUKAAN";"DASAR HUKUM"
"2";"tentang Pemerintahan Daerah (Lembaran Negara Republik";"192,65";"539,7380000000002";"818,07";"830,07";"612,2";"BCDGEE+BookmanOldStyle";"12,0";"366,1940000000001";"306,1";"0,09816073178699779";"0,31468474354786014";"0,5669519764782753";"False";"PEMBUKAAN";"DASAR HUKUM"
"2";"Indonesia Tahun 2015 Nomor 58, Tambahan Lembaran";"192,65";"540,028";"834,875";"846,875";"612,2";"BCDGEE+BookmanOldStyle";"12,0";"366,339";"306,1";"0,0983975824893825";"0,31468474354786014";"0,5674256778830448";"False";"PEMBUKAAN";"DASAR HUKUM"
"2";"Negara Republik Indonesia Nomor 5679);";"192,65";"434,186";"851,9000000000001";"863,9000000000001";"612,2";"BCDGEE+BookmanOldStyle";"12,0";"313,418";"306,1";"0,01195360993139494";"0,31468474354786014";"0,3945377327670695";"False";"PEMBUKAAN";"DASAR HUKUM"
"3";"3";"302,5";"309,94";"37,500000000000114";"49,500000000000114";"612,2";"BCDGEE+BookmanOldStyle";"12,0";"306,22";"306,1";"0,0001960143743874625";"0,4941195687683763";"0,01215289121202221";"False";"PEMBUKAAN";"DASAR HUKUM"
"3";"7. Peraturan Pemerintah Nomor 12 Tahun 2019 tentang";"171,25";"540,3340000000001";"74,12000000000012";"86,12000000000012";"612,2";"BCDGEE+BookmanOldStyle";"12,0";"355,79200000000003";"306,1";"0,08116955243384516";"0,2797288467820973";"0,6028814113034956";"False";"PEMBUKAAN";"DASAR HUKUM"
"3";"Pengelolaan Keuangan Daerah (Lembaran Negara";"192,65";"539,7259999999999";"90,73000000000013";"102,73000000000013";"612,2";"BCDGEE+BookmanOldStyle";"12,0";"366,18799999999993";"306,1";"0,09815093106827819";"0,31468474354786014";"0,5669323750408362";"False";"PEMBUKAAN";"DASAR HUKUM"
"3";"Republik Indonesia Tahun 2019 Nomor 42, Tambahan";"192,65";"539,9539999999998";"107,32000000000005";"119,32000000000005";"612,2";"BCDGEE+BookmanOldStyle";"12,0";"366,3019999999999";"306,1";"0,09833714472394622";"0,31468474354786014";"0,5673048023521722";"False";"PEMBUKAAN";"DASAR HUKUM"
"3";"Lembaran Negara Republik Indonesia Nomor 6322);";"192,65";"497,484";"123,93000000000006";"135,93000000000006";"612,2";"BCDGEE+BookmanOldStyle";"12,0";"345,067";"306,1";"0,06365076772296632";"0,31468474354786014";"0,4979320483502122";"False";"PEMBUKAAN";"DASAR HUKUM"
"3";"8. Peraturan Pemerintah Nomor 7 Tahun 2021 tentang";"171,25";"540,05";"140,5200000000001";"152,5200000000001";"612,2";"BCDGEE+BookmanOldStyle";"12,0";"355,65";"306,1";"0,08093760209081992";"0,2797288467820973";"0,6024175106174452";"False";"PEMBUKAAN";"DASAR HUKUM"
"3";"Kemudahan, Pelindungan dan Pemberdayaan Koperasi";"192,65";"539,798";"157,12000000000012";"169,12000000000012";"612,2";"BCDGEE+BookmanOldStyle";"12,0";"366,224";"306,1";"0,09820973538059452";"0,31468474354786014";"0,5670499836654688";"False";"PEMBUKAAN";"DASAR HUKUM"
"3";"dan Usaha Mikro, Kecil, dan Menengah (Lembaran Negara";"192,65";"540,0199999999999";"173,7500000000001";"185,7500000000001";"612,2";"BCDGEE+BookmanOldStyle";"12,0";"366,3349999999999";"306,1";"0,0983910486769028";"0,31468474354786014";"0,5674126102580854";"False";"PEMBUKAAN";"DASAR HUKUM"
"3";"Republik Indonesia Tahun 2021 Nomor 17, Tambahan";"192,65";"539,9539999999998";"190,35000000000014";"202,35000000000014";"612,2";"BCDGEE+BookmanOldStyle";"12,0";"366,3019999999999";"306,1";"0,09833714472394622";"0,31468474354786014";"0,5673048023521722";"False";"PEMBUKAAN";"DASAR HUKUM"
"3";"Lembaran Negara Republik Indonesia Nomor 6619);";"192,65";"497,3419999999999";"206,95000000000005";"218,95000000000005";"612,2";"BCDGEE+BookmanOldStyle";"12,0";"344,996";"306,1";"0,0635347925514537";"0,31468474354786014";"0,497700098007187";"False";"PEMBUKAAN";"DASAR HUKUM"
"3";"9. Peraturan Presiden Nomor 87 Tahun 2014 tentang";"171,25";"540,1759999999999";"223,55000000000007";"235,55000000000007";"612,2";"BCDGEE+BookmanOldStyle";"12,0";"355,71299999999997";"306,1";"0,0810405096373733";"0,2797288467820973";"0,602623325710552";"False";"PEMBUKAAN";"DASAR HUKUM"
"3";"Peraturan Pelaksanaan Undang-Undang Nomor 12";"192,65";"540,0720000000001";"240,1500000000001";"252,1500000000001";"612,2";"BCDGEE+BookmanOldStyle";"12,0";"366,36100000000005";"306,1";"0,09843351845802029";"0,31468474354786014";"0,5674975498203203";"False";"PEMBUKAAN";"DASAR HUKUM"
"3";"Tahun 2011 tentang Pembentukan Peraturan";"192,65";"540,024";"256,95000000000005";"268,95000000000005";"612,2";"BCDGEE+BookmanOldStyle";"12,0";"366,337";"306,1";"0,0983943155831427";"0,31468474354786014";"0,5674191440705652";"False";"PEMBUKAAN";"DASAR HUKUM"
"3";"Perundang-undangan (Lembaran Negara Republik";"192,65";"539,922";"273,57000000000005";"285,57000000000005";"612,2";"BCDGEE+BookmanOldStyle";"12,0";"366,286";"306,1";"0,09831100947402806";"0,31468474354786014";"0,5672525318523359";"False";"PEMBUKAAN";"DASAR HUKUM"
"3";"Indonesia Tahun 2014 Nomor 199), sebagaimana telah";"192,65";"540,2739999999999";"290,18000000000006";"302,18000000000006";"612,2";"BCDGEE+BookmanOldStyle";"12,0";"366,46199999999993";"306,1";"0,09859849722312954";"0,31468474354786014";"0,5678275073505389";"False";"PEMBUKAAN";"DASAR HUKUM"
"3";"diubah dengan Peraturan Presiden Nomor 76 Tahun 2021";"192,65";"540,066";"306,7700000000001";"318,7700000000001";"612,2";"BCDGEE+BookmanOldStyle";"12,0";"366,358";"306,1";"0,09842861809866053";"0,31468474354786014";"0,5674877491016008";"False";"PEMBUKAAN";"DASAR HUKUM"
"3";"tentang Perubahan atas Peraturan Presiden Nomor 87";"192,65";"539,7500000000001";"323,3700000000001";"335,3700000000001";"612,2";"BCDGEE+BookmanOldStyle";"12,0";"366,20000000000005";"306,1";"0,09817053250571711";"0,31468474354786014";"0,566971577915714";"False";"PEMBUKAAN";"DASAR HUKUM"
"3";"Tahun 2014 tentang Peraturan Pelaksanaan Undang-Undang";"192,65";"540,626";"339,98000000000013";"351,98000000000013";"612,2";"BCDGEE+BookmanOldStyle";"12,0";"366,638";"306,1";"0,09888598497223121";"0,31468474354786014";"0,5684024828487422";"False";"PEMBUKAAN";"DASAR HUKUM"
"3";"Nomor 12 Tahun 2011 tentang Pembentukan Peraturan";"192,65";"540,024";"356,57000000000005";"368,57000000000005";"612,2";"BCDGEE+BookmanOldStyle";"12,0";"366,337";"306,1";"0,0983943155831427";"0,31468474354786014";"0,5674191440705652";"False";"PEMBUKAAN";"DASAR HUKUM"
"3";"Perundang-undangan (Lembaran Negara Republik Indonesia";"192,65";"540,202";"373,18000000000006";"385,18000000000006";"612,2";"BCDGEE+BookmanOldStyle";"12,0";"366,426";"306,1";"0,0985396929108134";"0,31468474354786014";"0,5677098987259066";"False";"PEMBUKAAN";"DASAR HUKUM"
"3";"Tahun 2021 Nomor 186);";"192,65";"340,82599999999996";"389,80000000000007";"401,80000000000007";"612,2";"BCDGEE+BookmanOldStyle";"12,0";"266,738";"306,1";"0,06429598170532509";"0,31468474354786014";"0,24203854949362943";"False";"PEMBUKAAN";"DASAR HUKUM"
"3";"10. Peraturan Menteri Dalam Negeri Nomor 80 Tahun 2015";"171,25";"539,774";"406,4000000000001";"418,4000000000001";"612,2";"BCDGEE+BookmanOldStyle";"12,0";"355,512";"306,1";"0,08071218556027437";"0,2797288467820973";"0,6019666775563541";"False";"PEMBUKAAN";"DASAR HUKUM"
"3";"tentang Pembentukan Produk Hukum Daerah (Berita";"192,65";"540,09";"423,0000000000001";"435,00000000000006";"612,2";"BCDGEE+BookmanOldStyle";"11,999999999999943";"366,37";"306,1";"0,09844821953609928";"0,31468474354786014";"0,5675269519764783";"False";"PEMBUKAAN";"DASAR HUKUM"
"3";"Negara Republik Indonesia Tahun 2015 Nomor 2036),";"192,65";"539,846";"439,6";"451,6";"612,2";"BCDGEE+BookmanOldStyle";"12,0";"366,248";"306,1";"0,09824893825547201";"0,31468474354786014";"0,5671283894152238";"False";"PEMBUKAAN";"DASAR HUKUM"
"3";"sebagaimana telah diubah dengan Peraturan Menteri";"192,65";"539,918";"456,20000000000005";"468,20000000000005";"612,2";"BCDGEE+BookmanOldStyle";"12,0";"366,284";"306,1";"0,09830774256778825";"0,31468474354786014";"0,5672459980398563";"False";"PEMBUKAAN";"DASAR HUKUM"
"3";"Dalam Negeri Nomor 120 Tahun 2018 tentang Perubahan";"192,65";"540,2239999999999";"472,8";"484,8";"612,2";"BCDGEE+BookmanOldStyle";"12,0";"366,43699999999995";"306,1";"0,0985576608951322";"0,31468474354786014";"0,5677458346945442";"False";"PEMBUKAAN";"DASAR HUKUM"
"3";"atas Peraturan Menteri Dalam Negeri Nomor 80";"192,65";"539,7740000000001";"489,40000000000003";"501,40000000000003";"612,2";"BCDGEE+BookmanOldStyle";"12,0";"366,21200000000005";"306,1";"0,09819013394315586";"0,31468474354786014";"0,5670107807905915";"False";"PEMBUKAAN";"DASAR HUKUM"
"3";"Tahun 2015 tentang Pembentukan Produk Hukum Daerah";"192,65";"540,0379999999999";"506,02000000000004";"518,02";"612,2";"BCDGEE+BookmanOldStyle";"12,0";"366,34399999999994";"306,1";"0,09840574975498188";"0,31468474354786014";"0,5674420124142435";"False";"PEMBUKAAN";"DASAR HUKUM"
"3";"(Berita Negara Republik Indonesia Tahun 2019 Nomor 157);";"192,65";"534,9499999999998";"522,6200000000001";"534,6200000000001";"612,2";"BCDGEE+BookmanOldStyle";"12,0";"363,7999999999999";"306,1";"0,09425024501796778";"0,31468474354786014";"0,5591310029402153";"False";"PEMBUKAAN";"DASAR HUKUM"
"3";"11. Peraturan Menteri Koperasi dan Usaha Kecil dan Menengah";"171,25";"540,3499999999999";"539,23";"551,23";"612,2";"BCDGEE+BookmanOldStyle";"12,0";"355,79999999999995";"306,1";"0,0811826200588042";"0,2797288467820973";"0,6029075465534137";"False";"PEMBUKAAN";"DASAR HUKUM"
"3";"Nomor 9 Tahun 2018 tentang Penyelenggaraan";"192,65";"539,6899999999999";"555,82";"567,82";"612,2";"BCDGEE+BookmanOldStyle";"12,0";"366,16999999999996";"306,1";"0,09812152891212012";"0,31468474354786014";"0,56687357072852";"False";"PEMBUKAAN";"DASAR HUKUM"
"3";"dan Pembinaan Perkoperasian (Berita Negara Republik";"192,65";"539,8340000000001";"572,4200000000001";"584,4200000000001";"612,2";"BCDGEE+BookmanOldStyle";"12,0";"366,242";"306,1";"0,09823913753675269";"0,31468474354786014";"0,5671087879777851";"False";"PEMBUKAAN";"DASAR HUKUM"
"3";"Indonesia Tahun 2018 Nomor 833);";"192,65";"401,962";"589,02";"601,02";"612,2";"BCDGEE+BookmanOldStyle";"12,0";"297,306";"306,1";"0,01436458673636073";"0,31468474354786014";"0,34190133943155826";"False";"PEMBUKAAN";"DASAR HUKUM"
"3";"12. Peraturan Menteri Dalam Negeri Nomor 77 Tahun 2020";"171,25";"539,774";"605,82";"617,82";"612,2";"BCDGEE+BookmanOldStyle";"12,0";"355,512";"306,1";"0,08071218556027437";"0,2797288467820973";"0,6019666775563541";"False";"PEMBUKAAN";"DASAR HUKUM"
"3";"tentang Pedoman Teknis Pengelolaan Keuangan Daerah";"192,65";"540,0859999999999";"622,45";"634,45";"612,2";"BCDGEE+BookmanOldStyle";"12,0";"366,36799999999994";"306,1";"0,09844495262985938";"0,31468474354786014";"0,5675204181639986";"False";"PEMBUKAAN";"DASAR HUKUM"
"3";"(Berita Negara Republik Indonesia Tahun 2020 Nomor 1781);";"192,65";"536,5120000000001";"639,05";"651,05";"612,2";"BCDGEE+BookmanOldStyle";"12,0";"364,581";"306,1";"0,09552597190460632";"0,31468474354786014";"0,5616824567134924";"False";"PEMBUKAAN";"DASAR HUKUM"
"3";"13. Peraturan Daerah Kabupaten Malang Nomor 9 Tahun 2016";"171,25";"540,2539999999998";"655,6500000000001";"667,6500000000001";"612,2";"BCDGEE+BookmanOldStyle";"12,0";"355,7519999999999";"306,1";"0,08110421430904911";"0,2797288467820973";"0,6027507350539035";"False";"PEMBUKAAN";"DASAR HUKUM"
"3";"tentang Pembentukan dan Susunan Perangkat Daerah";"192,65";"540,198";"672,25";"684,25";"612,2";"BCDGEE+BookmanOldStyle";"11,999999999999972";"366,424";"306,1";"0,09853642600457359";"0,31468474354786014";"0,567703364913427";"False";"PEMBUKAAN";"DASAR HUKUM"
"3";"(Lembaran Daerah Kabupaten Malang Tahun 2016";"192,65";"539,8220000000001";"688,85";"700,85";"612,2";"BCDGEE+BookmanOldStyle";"12,0";"366,23600000000005";"306,1";"0,09822933681803335";"0,31468474354786014";"0,5670891865403465";"False";"PEMBUKAAN";"DASAR HUKUM"
"3";"Nomor 1 Seri C), sebagaimana telah diubah beberapa kali,";"192,65";"539,702";"705,45";"717,45";"612,2";"BCDGEE+BookmanOldStyle";"12,0";"366,176";"306,1";"0,09813132963083954";"0,31468474354786014";"0,5668931721659588";"False";"PEMBUKAAN";"DASAR HUKUM"
"3";"terakhir dengan Peraturan Daerah Kabupaten Malang";"192,65";"539,9780000000001";"722,0500000000001";"734,0500000000001";"612,2";"BCDGEE+BookmanOldStyle";"12,0";"366,314";"306,1";"0,09835674616138516";"0,31468474354786014";"0,5673440052270501";"False";"PEMBUKAAN";"DASAR HUKUM"
"3";"Nomor 3 Tahun 2023 tentang Perubahan Keempat atas";"192,65";"539,762";"738,6700000000001";"750,6700000000001";"612,2";"BCDGEE+BookmanOldStyle";"12,0";"366,20599999999996";"306,1";"0,09818033322443635";"0,31468474354786014";"0,5669911793531525";"False";"PEMBUKAAN";"DASAR HUKUM"
"3";"Peraturan Daerah Nomor 9 Tahun 2016 tentang";"192,65";"540,3820000000001";"755,27";"767,27";"612,2";"BCDGEE+BookmanOldStyle";"12,0";"366,516";"306,1";"0,09868670369160404";"0,31468474354786014";"0,5680039202874878";"False";"PEMBUKAAN";"DASAR HUKUM"
"3";"Pembentukan dan Susunan Perangkat Daerah (Lembaran";"192,65";"539,6899999999998";"771,88";"783,88";"612,2";"BCDGEE+BookmanOldStyle";"12,0";"366,1699999999999";"306,1";"0,09812152891212002";"0,31468474354786014";"0,5668735707285198";"False";"PEMBUKAAN";"DASAR HUKUM"
"3";"Daerah Kabupaten Malang Tahun 2023 Nomor 3 Seri C);";"192,65";"527,0899999999999";"788,48";"800,48";"612,2";"BCDGEE+BookmanOldStyle";"12,0";"359,86999999999995";"306,1";"0,0878307742567787";"0,31468474354786014";"0,5462920614178371";"False";"PEMBUKAAN";"DASAR HUKUM"
"3";"14. Peraturan Bupati Malang Nomor 40 Tahun 2022 tentang";"171,25";"540,302";"805,07";"817,07";"612,2";"BCDGEE+BookmanOldStyle";"12,0";"355,776";"306,1";"0,0811434171839268";"0,2797288467820973";"0,6028291408036589";"False";"PEMBUKAAN";"DASAR HUKUM"
"3";"Kedudukan, Susunan Organisasi, Tugas dan Fungsi,";"192,65";"540,026";"821,6800000000001";"833,6800000000001";"612,2";"BCDGEE+BookmanOldStyle";"12,0";"366,33799999999997";"306,1";"0,09839594903626256";"0,31468474354786014";"0,5674224109768049";"False";"PEMBUKAAN";"DASAR HUKUM"
"3";"serta Tata Kerja Dinas Koperasi dan Usaha Mikro;";"192,65";"488,78999999999996";"838,2750000000001";"850,2750000000001";"612,2";"BCDGEE+BookmanOldStyle";"12,0";"340,71999999999997";"306,1";"0,0565501470107807";"0,31468474354786014";"0,4837308069258412";"False";"PEMBUKAAN";"DASAR HUKUM"
"4";"4";"302,5";"309,94";"37,500000000000114";"49,500000000000114";"612,2";"BCDGEE+BookmanOldStyle";"12,0";"306,22";"306,1";"0,0001960143743874625";"0,4941195687683763";"0,01215289121202221";"False";"PEMBUKAAN";"DASAR HUKUM"
"4";"MEMUTUSKAN:";"257,88";"354,13199999999995";"74,09600000000012";"86,09600000000012";"612,2";"BCDFEE+BookmanOldStyle-Bold";"12,0";"306,006";"306,1";"0,00015354459327025633";"0,42123489055864094";"0,15722312969617763";"True";"PEMBUKAAN";"DASAR HUKUM"
"4";"Menetapkan : PERATURAN BUPATI TENTANG PENYELENGGARAAN";"72,025";"540,4";"113,5200000000001";"125,5200000000001";"612,2";"BCDGEE+BookmanOldStyle";"12,0";"306,2125";"306,1";"0,00018376347598816485";"0,11764946096047044";"0,7650686050310356";"False";"PEMBUKAAN";"DASAR HUKUM"
"4";"KOPERASI DESA/KELURAHAN MERAH PUTIH.";"171,25";"447,78999999999996";"133,32000000000005";"145,32000000000005";"612,2";"BCDGEE+BookmanOldStyle";"12,0";"309,52";"306,1";"0,005586409670042402";"0,2797288467820973";"0,4517151257758901";"True";"PEMBUKAAN";"DASAR HUKUM"
"4";"BAB I";"288,7";"322,35999999999996";"172,7500000000001";"184,7500000000001";"612,2";"BCDGEE+BookmanOldStyle";"12,0";"305,53";"306,1";"0,0009310682783404933";"0,47157791571381896";"0,054982032015681095";"True";"BATANG TUBUH";"BAB I"
"4";"KETENTUAN UMUM";"245,27";"365,822";"192,55000000000007";"204,55000000000007";"612,2";"BCDGEE+BookmanOldStyle";"12,0";"305,546";"306,1";"0,000904933028422134";"0,4006370467167592";"0,19691604050963735";"True";"BATANG TUBUH";"BAB I"
"4";"Pasal 1";"284,3";"326,72";"231,95000000000005";"243,95000000000005";"612,2";"BCDGEE+BookmanOldStyle";"12,0";"305,51";"306,1";"0,0009637373407383727";"0,46439072198627895";"0,06929108134596539";"False";"BATANG TUBUH";"PASAL 1"
"4";"Dalam Peraturan Bupati ini yang dimaksud dengan:";"171,25";"479,2439999999999";"271,35000000000014";"283,35000000000014";"612,2";"BCDGEE+BookmanOldStyle";"12,0";"325,24699999999996";"306,1";"0,031275726886638246";"0,2797288467820973";"0,5030937602090818";"False";"BATANG TUBUH";"PASAL 1"
"4";"1. Daerah adalah Kabupaten Malang.";"171,25";"398,16999999999996";"291,18000000000006";"303,18000000000006";"612,2";"BCDGEE+BookmanOldStyle";"12,0";"284,71";"306,1";"0,03493956223456394";"0,2797288467820973";"0,37066318196667747";"False";"BATANG TUBUH";"PASAL 1"
"4";"2. Pemerintah Daerah adalah Pemerintah Kabupaten Malang.";"171,25";"530,62";"310,7700000000001";"322,7700000000001";"612,2";"BCDGEE+BookmanOldStyle";"12,0";"350,935";"306,1";"0,07323587063051286";"0,2797288467820973";"0,5870140476968311";"False";"BATANG TUBUH";"PASAL 1"
"4";"3. Bupati adalah Bupati Malang.";"171,25";"370,16999999999996";"330,57000000000005";"342,57000000000005";"612,2";"BCDGEE+BookmanOldStyle";"12,0";"270,71";"306,1";"0,05780790591310036";"0,2797288467820973";"0,3249264946096046";"False";"BATANG TUBUH";"PASAL 1"
"4";"4. Perangkat Daerah adalah unsur pembantu Bupati dan";"171,25";"540,2879999999999";"350,1700000000001";"362,1700000000001";"612,2";"BCDGEE+BookmanOldStyle";"12,0";"355,76899999999995";"306,1";"0,08113198301208742";"0,2797288467820973";"0,6028062724599802";"False";"BATANG TUBUH";"PASAL 1"
"4";"Dewan Perwakilan Rakyat Daerah dalam penyelenggaraan";"192,65";"539,93";"369,97000000000014";"381,97000000000014";"612,2";"BCDGEE+BookmanOldStyle";"12,0";"366,28999999999996";"306,1";"0,09831754328650757";"0,31468474354786014";"0,5672655994772949";"False";"BATANG TUBUH";"PASAL 1"
"4";"urusan pemerintahan yang menjadi kewenangan Daerah.";"192,65";"531,996";"389,80000000000007";"401,80000000000007";"612,2";"BCDGEE+BookmanOldStyle";"12,0";"362,323";"306,1";"0,09183763475988231";"0,31468474354786014";"0,5543057824240444";"False";"BATANG TUBUH";"PASAL 1"
"4";"5. Koperasi Desa/Kelurahan Merah Putih yang selanjutnya";"171,25";"540,34";"409,4000000000001";"421,4000000000001";"612,2";"BCDGEE+BookmanOldStyle";"12,0";"355,795";"306,1";"0,08117445279320482";"0,2797288467820973";"0,602891212022215";"False";"BATANG TUBUH";"PASAL 1"
"4";"disebut Koperasi adalah koperasi yang beranggotakan";"192,65";"540,0079999999999";"429,20000000000005";"441,20000000000005";"612,2";"BCDGEE+BookmanOldStyle";"12,0";"366,32899999999995";"306,1";"0,09838124795818348";"0,31468474354786014";"0,5673930088206467";"False";"BATANG TUBUH";"PASAL 1"
"4";"warga yang berdomisili di desa atau kelurahan yang sama";"192,65";"539,8580000000001";"448,8";"460,8";"612,2";"BCDGEE+BookmanOldStyle";"12,0";"366,254";"306,1";"0,09825873897419143";"0,31468474354786014";"0,5671479908526627";"False";"BATANG TUBUH";"PASAL 1"
"4";"dan dibuktikan dengan kartu tanda penduduk.";"192,65";"471,69800000000004";"468,6";"480,6";"612,2";"BCDGEE+BookmanOldStyle";"12,0";"332,17400000000004";"306,1";"0,042590656648154215";"0,31468474354786014";"0,455811826200588";"False";"BATANG TUBUH";"PASAL 1"
"4";"6. Desa adalah desa dan desa adat atau yang disebut dengan";"171,25";"539,99";"488,40000000000003";"500,40000000000003";"612,2";"BCDGEE+BookmanOldStyle";"12,0";"355,62";"306,1";"0,08088859849722309";"0,2797288467820973";"0,6023195034302515";"False";"BATANG TUBUH";"PASAL 1"
"4";"nama lain, selanjutnya disebut Desa, adalah kesatuan";"192,65";"540,41";"508,02000000000004";"520,02";"612,2";"BCDGEE+BookmanOldStyle";"12,0";"366,53";"306,1";"0,0987095720352825";"0,31468474354786014";"0,5680496569748448";"False";"BATANG TUBUH";"PASAL 1"
"4";"masyarakat hukum yang memiliki batas wilayah yang";"192,65";"539,774";"527,82";"539,82";"612,2";"BCDGEE+BookmanOldStyle";"12,0";"366,212";"306,1";"0,09819013394315577";"0,31468474354786014";"0,5670107807905913";"False";"BATANG TUBUH";"PASAL 1"
"4";"berwenang untuk mengatur dan mengurus urusan";"192,65";"540,038";"547,4200000000001";"559,4200000000001";"612,2";"BCDGEE+BookmanOldStyle";"12,0";"366,344";"306,1";"0,09840574975498198";"0,31468474354786014";"0,5674420124142437";"False";"BATANG TUBUH";"PASAL 1"
"4";"pemerintahan, kepentingan masyarakat setempat";"192,65";"540,16";"567,23";"579,23";"612,2";"BCDGEE+BookmanOldStyle";"12,0";"366,405";"306,1";"0,09850539039529557";"0,31468474354786014";"0,5676412936948709";"False";"BATANG TUBUH";"PASAL 1"
"4";"berdasarkan prakarsa masyarakat, hak asal usul,";"192,65";"539,9660000000001";"587,02";"599,02";"612,2";"BCDGEE+BookmanOldStyle";"12,0";"366,30800000000005";"306,1";"0,09834694544266583";"0,31468474354786014";"0,5673244037896115";"False";"BATANG TUBUH";"PASAL 1"
"4";"dan/atau hak tradisional yang diakui dan dihormati";"192,65";"539,894";"606,6200000000001";"618,6200000000001";"612,2";"BCDGEE+BookmanOldStyle";"12,0";"366,272";"306,1";"0,0982881411303495";"0,31468474354786014";"0,5672067951649787";"False";"BATANG TUBUH";"PASAL 1"
"4";"dalam sistem pemerintahan Negara Kesatuan Republik";"192,65";"540,0700000000002";"626,45";"638,45";"612,2";"BCDGEE+BookmanOldStyle";"12,0";"366,36000000000007";"306,1";"0,09843188500490042";"0,31468474354786014";"0,5674942829140807";"False";"BATANG TUBUH";"PASAL 1"
"4";"Indonesia.";"192,65";"253,65800000000002";"646,05";"658,05";"612,2";"BCDGEE+BookmanOldStyle";"12,0";"223,154";"306,1";"0,13548840248284877";"0,31468474354786014";"0,09965370793858216";"False";"BATANG TUBUH";"PASAL 1"
"4";"7. Kelurahan adalah bagian wilayah dari Kecamatan sebagai";"171,25";"539,6659999999999";"665,85";"677,85";"612,2";"BCDGEE+BookmanOldStyle";"12,0";"355,45799999999997";"306,1";"0,08062397909179997";"0,2797288467820973";"0,6017902646194053";"False";"BATANG TUBUH";"PASAL 1"
"4";"perangkat Kecamatan.";"192,65";"325,17799999999994";"685,6500000000001";"697,6500000000001";"612,2";"BCDGEE+BookmanOldStyle";"12,0";"258,914";"306,1";"0,07707611891538718";"0,31468474354786014";"0,21647827507350526";"False";"BATANG TUBUH";"PASAL 1"
"4";"8. Pemerintahan Desa adalah penyelenggaraan urusan";"171,25";"540,3979999999997";"705,25";"717,25";"612,2";"BCDGEE+BookmanOldStyle";"12,0";"355,82399999999984";"306,1";"0,0812218229336815";"0,2797288467820973";"0,6029859523031683";"False";"BATANG TUBUH";"PASAL 1"
"4";"pemerintahan dan kepentingan masyarakat setempat dalam";"192,65";"540,5419999999997";"725,0500000000001";"737,0500000000001";"612,2";"BCDGEE+BookmanOldStyle";"12,0";"366,59599999999983";"306,1";"0,09881737994119537";"0,31468474354786014";"0,5682652727866705";"False";"BATANG TUBUH";"PASAL 1"
"4";"sistem pemerintahan Negara Kesatuan Republik Indonesia.";"192,65";"531,568";"744,6800000000001";"756,6800000000001";"612,2";"BCDGEE+BookmanOldStyle";"12,0";"362,109";"306,1";"0,09148807579222469";"0,31468474354786014";"0,5536066644887292";"False";"BATANG TUBUH";"PASAL 1"
"4";"9. Badan Permusyawaratan Desa atau yang disebut dengan";"171,25";"539,7620000000001";"764,47";"776,47";"612,2";"BCDGEE+BookmanOldStyle";"12,0";"355,50600000000003";"306,1";"0,08070238484155505";"0,2797288467820973";"0,6019470761189154";"False";"BATANG TUBUH";"PASAL 1"
"4";"nama lain adalah lembaga yang melaksanakan fungsi";"192,65";"540,162";"784,27";"796,27";"612,2";"BCDGEE+BookmanOldStyle";"12,0";"366,406";"306,1";"0,09850702384841552";"0,31468474354786014";"0,5676445606011108";"False";"BATANG TUBUH";"PASAL 1"
"4";"pemerintahan yang anggotanya merupakan wakil dari";"192,65";"539,7139999999999";"803,87";"815,87";"612,2";"BCDGEE+BookmanOldStyle";"12,000000000000014";"366,18199999999996";"306,1";"0,09814113034955886";"0,31468474354786014";"0,5669127736033975";"False";"BATANG TUBUH";"PASAL 1"
"4";"penduduk Desa berdasarkan keterwakilan wilayah dan";"192,65";"540,038";"823,6800000000001";"835,6800000000001";"612,2";"BCDGEE+BookmanOldStyle";"12,0";"366,344";"306,1";"0,09840574975498198";"0,31468474354786014";"0,5674420124142437";"False";"BATANG TUBUH";"PASAL 1"
"4";"ditetapkan secara demokratis.";"192,65";"370,87999999999994";"843,2750000000001";"855,2750000000001";"612,2";"BCDGEE+BookmanOldStyle";"12,0";"281,765";"306,1";"0,03975008167265605";"0,31468474354786014";"0,29113034955896755";"False";"BATANG TUBUH";"PASAL 1"
"5";"5";"302,5";"309,94";"37,500000000000114";"49,500000000000114";"612,2";"BCDGEE+BookmanOldStyle";"12,0";"306,22";"306,1";"0,0001960143743874625";"0,4941195687683763";"0,01215289121202221";"False";"BATANG TUBUH";"PASAL 1"
"5";"10. Musyawarah Desa Khusus adalah musyawarah antara";"171,25";"540,2560000000001";"74,12000000000012";"86,12000000000012";"612,2";"BCDGEE+BookmanOldStyle";"12,0";"355,75300000000004";"306,1";"0,08110584776216925";"0,2797288467820973";"0,6027540019601438";"False";"BATANG TUBUH";"PASAL 1"
"5";"badan permusyawaratan desa, pemerintah desa, dan";"192,65";"539,8099999999998";"92,5200000000001";"104,5200000000001";"612,2";"BCDGEE+BookmanOldStyle";"12,0";"366,2299999999999";"306,1";"0,09821953609931375";"0,31468474354786014";"0,5670695851029073";"False";"BATANG TUBUH";"PASAL 1"
"5";"sebanyak mungkin partisipasi masyarakat desa untuk";"192,65";"539,9900000000001";"110,73000000000013";"122,73000000000013";"612,2";"BCDGEE+BookmanOldStyle";"12,0";"366,32000000000005";"306,1";"0,09836654688010457";"0,31468474354786014";"0,5673636066644889";"False";"BATANG TUBUH";"PASAL 1"
"5";"menyepakati pembentukan Koperasi Desa Merah Putih.";"192,65";"521,5100000000001";"129,12000000000012";"141,12000000000012";"612,2";"BCDGEE+BookmanOldStyle";"12,0";"357,08000000000004";"306,1";"0,08327344005227053";"0,31468474354786014";"0,5371773930088208";"False";"BATANG TUBUH";"PASAL 1"
"5";"11. Musyawarah Kelurahan Khusus adalah musyawarah antara";"171,25";"540,722";"147,32000000000005";"159,32000000000005";"612,2";"BCDGEE+BookmanOldStyle";"12,0";"355,986";"306,1";"0,0814864423391048";"0,2797288467820973";"0,603515191114015";"False";"BATANG TUBUH";"PASAL 1"
"5";"lembaga musyawarah kelurahan atau nama lain yang";"192,65";"540,5539999999999";"165,7500000000001";"177,7500000000001";"612,2";"BCDGEE+BookmanOldStyle";"12,0";"366,6019999999999";"306,1";"0,09882718065991489";"0,31468474354786014";"0,5682848742241096";"False";"BATANG TUBUH";"PASAL 1"
"5";"sejenis, pemerintah kelurahan, dan sebanyak mungkin";"192,65";"540,1339999999999";"183,95000000000005";"195,95000000000005";"612,2";"BCDGEE+BookmanOldStyle";"12,0";"366,39199999999994";"306,1";"0,09848415550473687";"0,31468474354786014";"0,5675988239137535";"False";"BATANG TUBUH";"PASAL 1"
"5";"partisipasi masyarakat kelurahan untuk menyepakati";"192,65";"540,5079999999999";"202,35000000000014";"214,35000000000014";"612,2";"BCDGEE+BookmanOldStyle";"12,0";"366,57899999999995";"306,1";"0,09878961123815734";"0,31468474354786014";"0,5682097353805945";"False";"BATANG TUBUH";"PASAL 1"
"5";"pembentukan Koperasi Kelurahan Merah Putih.";"192,65";"467,11399999999986";"220,55000000000007";"232,55000000000007";"612,2";"BCDGEE+BookmanOldStyle";"12,0";"329,88199999999995";"306,1";"0,038846782097353684";"0,31468474354786014";"0,4483240770989869";"False";"BATANG TUBUH";"PASAL 1"
"5";"12. Pendiri adalah orang-orang atau beberapa Koperasi yang";"171,25";"540,5959999999999";"238,95000000000005";"250,95000000000005";"612,2";"BCDGEE+BookmanOldStyle";"12,0";"355,92299999999994";"306,1";"0,08138353479255132";"0,2797288467820973";"0,603309376020908";"False";"BATANG TUBUH";"PASAL 1"
"5";"memenuhi persyaratan keanggotaan dan menyatakan diri";"192,65";"540,4699999999998";"257,35000000000014";"269,35000000000014";"612,2";"BCDGEE+BookmanOldStyle";"12,0";"366,5599999999999";"306,1";"0,09875857562887923";"0,31468474354786014";"0,5681476641620382";"False";"BATANG TUBUH";"PASAL 1"
"5";"menjadi anggota serta hadir dalam rapat pendirian Koperasi.";"192,65";"540,1579999999998";"275,57000000000005";"287,57000000000005";"612,2";"BCDGEE+BookmanOldStyle";"12,0";"366,4039999999999";"306,1";"0,09850375694217553";"0,31468474354786014";"0,5676380267886308";"False";"BATANG TUBUH";"PASAL 1"
"5";"13. Notaris adalah pejabat umum yang berwenang untuk";"171,25";"539,9300000000001";"293,98000000000013";"305,98000000000013";"612,2";"BCDGEE+BookmanOldStyle";"12,0";"355,59000000000003";"306,1";"0,08083959490362627";"0,2797288467820973";"0,6022214962430579";"False";"BATANG TUBUH";"PASAL 1"
"5";"membuat akta autentik dan memiliki kewenangan lainnya";"192,65";"540,0860000000001";"312,18000000000006";"324,18000000000006";"612,2";"BCDGEE+BookmanOldStyle";"12,0";"366,36800000000005";"306,1";"0,09844495262985957";"0,31468474354786014";"0,5675204181639989";"False";"BATANG TUBUH";"PASAL 1"
"5";"sebagaimana dimaksud dalam Undang-Undang ini atau";"192,65";"540,43";"330,57000000000005";"342,57000000000005";"612,2";"BCDGEE+BookmanOldStyle";"12,0";"366,53999999999996";"306,1";"0,09872590656648143";"0,31468474354786014";"0,5680823260372426";"False";"BATANG TUBUH";"PASAL 1"
"5";"berdasarkan undang-undang lainnya.";"192,65";"416,252";"348,7700000000001";"360,7700000000001";"612,2";"BCDGEE+BookmanOldStyle";"12,0";"304,451";"306,1";"0,002693564194707613";"0,31468474354786014";"0,3652433845148644";"False";"BATANG TUBUH";"PASAL 1"
"5";"14. Pengurus adalah anggota Koperasi yang diangkat dan";"171,25";"539,7979999999999";"367,18000000000006";"379,18000000000006";"612,2";"BCDGEE+BookmanOldStyle";"12,0";"355,52399999999994";"306,1";"0,08073178699771304";"0,2797288467820973";"0,6020058804312314";"False";"BATANG TUBUH";"PASAL 1"
"5";"dipilih dalam rapat anggota untuk mengurus organisasi";"192,65";"540,03";"385,57000000000005";"397,57000000000005";"612,2";"BCDGEE+BookmanOldStyle";"12,0";"366,34";"306,1";"0,09839921594250237";"0,31468474354786014";"0,5674289447892845";"False";"BATANG TUBUH";"PASAL 1"
"5";"dan usaha Koperasi.";"192,65";"313,81399999999996";"403,80000000000007";"415,80000000000007";"612,2";"BCDGEE+BookmanOldStyle";"12,0";"253,23199999999997";"306,1";"0,0863573995426332";"0,31468474354786014";"0,19791571381901332";"False";"BATANG TUBUH";"PASAL 1"
"5";"15. Pengawas adalah anggota Koperasi yang diangkat dan";"171,25";"540,0619999999999";"422,20000000000005";"434,20000000000005";"612,2";"BCDGEE+BookmanOldStyle";"12,0";"355,65599999999995";"306,1";"0,08094740280953924";"0,2797288467820973";"0,6024371120548838";"False";"BATANG TUBUH";"PASAL 1"
"5";"dipilih dalam rapat anggota untuk mengawasi";"192,65";"540,2940000000001";"440,40000000000003";"452,40000000000003";"612,2";"BCDGEE+BookmanOldStyle";"12,0";"366,47200000000004";"306,1";"0,09861483175432867";"0,31468474354786014";"0,5678601764129371";"False";"BATANG TUBUH";"PASAL 1"
"5";"pelaksanaan kebijaksanaan dan pengelolaan Koperasi.";"192,65";"515,4979999999999";"458,8";"470,8";"612,2";"BCDGEE+BookmanOldStyle";"12,0";"354,07399999999996";"306,1";"0,07836327997386464";"0,31468474354786014";"0,5273570728520091";"False";"BATANG TUBUH";"PASAL 1"
"5";"16. Pengelola adalah anggota Koperasi dan/atau pihak ketiga";"171,25";"539,87";"477,00000000000006";"489,00000000000006";"612,2";"BCDGEE+BookmanOldStyle";"12,0";"355,56";"306,1";"0,08079059131002936";"0,2797288467820973";"0,6021234890558641";"False";"BATANG TUBUH";"PASAL 1"
"5";"yang diangkat oleh Pengurus dan diberi wewenang untuk";"192,65";"539,9660000000001";"495,40000000000003";"507,40000000000003";"612,2";"BCDGEE+BookmanOldStyle";"12,0";"366,30800000000005";"306,1";"0,09834694544266583";"0,31468474354786014";"0,5673244037896115";"False";"BATANG TUBUH";"PASAL 1"
"5";"mengelola usaha Koperasi.";"192,65";"350,402";"513,6200000000001";"525,6200000000001";"612,2";"BCDGEE+BookmanOldStyle";"12,0";"271,526";"306,1";"0,05647500816726562";"0,31468474354786014";"0,2576804965697484";"False";"BATANG TUBUH";"PASAL 1"
"5";"17. Pemberdayaan adalah upaya yang dilakukan oleh";"171,25";"539,8820000000001";"532,02";"544,02";"612,2";"BCDGEE+BookmanOldStyle";"12,0";"355,56600000000003";"306,1";"0,08080039202874878";"0,2797288467820973";"0,602143090493303";"False";"BATANG TUBUH";"PASAL 1"
"5";"Pemerintah Daerah, dunia usaha, dan masyarakat secara";"192,65";"539,9660000000001";"550,4200000000001";"562,4200000000001";"612,2";"BCDGEE+BookmanOldStyle";"12,0";"366,30800000000005";"306,1";"0,09834694544266583";"0,31468474354786014";"0,5673244037896115";"False";"BATANG TUBUH";"PASAL 1"
"5";"sinergis dalam bentuk penumbuhan iklim dan";"192,65";"540,1699999999998";"568,6200000000001";"580,6200000000001";"612,2";"BCDGEE+BookmanOldStyle";"12,0";"366,4099999999999";"306,1";"0,09851355766089494";"0,31468474354786014";"0,5676576282260697";"False";"BATANG TUBUH";"PASAL 1"
"5";"pengembangan usaha terhadap Koperasi sehingga mampu";"192,65";"540,0939999999999";"587,02";"599,02";"612,2";"BCDGEE+BookmanOldStyle";"12,0";"366,37199999999996";"306,1";"0,09845148644233899";"0,31468474354786014";"0,5675334857889578";"False";"BATANG TUBUH";"PASAL 1"
"5";"tumbuh dan berkembang menjadi usaha yang tangguh";"192,65";"539,8340000000001";"605,23";"617,23";"612,2";"BCDGEE+BookmanOldStyle";"12,0";"366,242";"306,1";"0,09823913753675269";"0,31468474354786014";"0,5671087879777851";"False";"BATANG TUBUH";"PASAL 1"
"5";"dan mandiri.";"192,65";"268,64599999999996";"623,6500000000001";"635,6500000000001";"612,2";"BCDGEE+BookmanOldStyle";"12,0";"230,64799999999997";"306,1";"0,12324730480235226";"0,31468474354786014";"0,12413590329957522";"False";"BATANG TUBUH";"PASAL 1"
"5";"18. Pelindungan adalah upaya untuk menjaga dan melindungi";"171,25";"539,9060000000001";"641,85";"653,85";"612,2";"BCDGEE+BookmanOldStyle";"12,0";"355,57800000000003";"306,1";"0,08081999346618753";"0,2797288467820973";"0,6021822933681804";"False";"BATANG TUBUH";"PASAL 1"
"5";"Koperasi dari hal-hal yang berpotensi menghambat dan";"192,65";"539,9639999999999";"660,25";"672,25";"612,2";"BCDGEE+BookmanOldStyle";"12,0";"366,30699999999996";"306,1";"0,09834531198954578";"0,31468474354786014";"0,5673211368833714";"False";"BATANG TUBUH";"PASAL 1"
"5";"merugikan pertumbuhan dan perkembangan Koperasi.";"192,65";"517,2860000000001";"678,45";"690,45";"612,2";"BCDGEE+BookmanOldStyle";"12,0";"354,968";"306,1";"0,07982358706305127";"0,31468474354786014";"0,5302776870303824";"False";"BATANG TUBUH";"PASAL 1"
"5";"Pasal 2";"284,9";"327,32";"715,25";"727,25";"612,2";"BCDGEE+BookmanOldStyle";"12,0";"306,11";"306,1";"1,6334531198939734e-05";"0,4653707938582162";"0,06929108134596539";"False";"BATANG TUBUH";"PASAL 2"
"5";"Maksud dan tujuan pengaturan Penyelenggaraan Koperasi";"171,25";"539,746";"751,87";"763,87";"612,2";"BCDGEE+BookmanOldStyle";"12,0";"355,498";"306,1";"0,08068931721659582";"0,2797288467820973";"0,601920940868997";"False";"BATANG TUBUH";"PASAL 2"
"5";"dalam Peraturan Bupati ini untuk:";"171,25";"376,484";"770,07";"782,07";"612,2";"BCDGEE+BookmanOldStyle";"12,0";"273,86699999999996";"306,1";"0,05265109441359043";"0,2797288467820973";"0,3352401176086246";"False";"BATANG TUBUH";"PASAL 2"
"5";"a. menjadi pedoman bagi Penyelenggaraan Koperasi di Daerah;";"171,25";"538,1179999999996";"788,48";"800,48";"612,2";"BCDGEE+BookmanOldStyle";"12,0";"354,6839999999998";"306,1";"0,07935968637700061";"0,2797288467820973";"0,5992616791898066";"False";"BATANG TUBUH";"PASAL 2"
"5";"b. mengoptimalkan dan mendorong pembentukan Koperasi";"171,25";"539,828";"806,6700000000001";"818,6700000000001";"612,2";"BCDGEE+BookmanOldStyle";"12,0";"355,539";"306,1";"0,08075628879451154";"0,2797288467820973";"0,6020548840248284";"False";"BATANG TUBUH";"PASAL 2"
"5";"untuk pemerataan ekonomi; dan";"192,65";"386,438";"825,07";"837,07";"612,2";"BCDGEE+BookmanOldStyle";"12,0";"289,544";"306,1";"0,027043449852989284";"0,31468474354786014";"0,31654361319830115";"False";"BATANG TUBUH";"PASAL 2"
"5";"c. memajukan perekonomian Daerah.";"171,25";"400,6219999999999";"843,2750000000001";"855,2750000000001";"612,2";"BCDGEE+BookmanOldStyle";"12,0";"285,9359999999999";"306,1";"0,0329369487095722";"0,2797288467820973";"0,37466840901666104";"False";"BATANG TUBUH";"PASAL 2"
"6";"6";"302,5";"309,94";"37,500000000000114";"49,500000000000114";"612,2";"BCDGEE+BookmanOldStyle";"12,0";"306,22";"306,1";"0,0001960143743874625";"0,4941195687683763";"0,01215289121202221";"False";"BATANG TUBUH";"PASAL 2"
"6";"Pasal 3";"284,3";"326,74";"74,12000000000012";"86,12000000000012";"612,2";"BCDGEE+BookmanOldStyle";"12,0";"305,52";"306,1";"0,000947402809539433";"0,46439072198627895";"0,06932375040836328";"False";"BATANG TUBUH";"PASAL 3"
"6";"Ruang lingkup Peraturan Bupati ini meliputi:";"171,25";"438,88599999999997";"106,5200000000001";"118,5200000000001";"612,2";"BCDGEE+BookmanOldStyle";"12,0";"305,068";"306,1";"0,0016857236197321776";"0,2797288467820973";"0,43717085919634097";"False";"BATANG TUBUH";"PASAL 3"
"6";"a. kewenangan Pemerintah Daerah;";"171,25";"387,95";"122,72000000000014";"134,72000000000014";"612,2";"BCDGEE+BookmanOldStyle";"12,0";"279,6";"306,1";"0,04328650767722966";"0,2797288467820973";"0,3539692910813459";"False";"BATANG TUBUH";"PASAL 3"
"6";"b. pemberdayaan Koperasi;";"171,25";"337,81399999999996";"138,93000000000006";"150,93000000000006";"612,2";"BCDGEE+BookmanOldStyle";"12,0";"254,53199999999998";"306,1";"0,08423391048676909";"0,2797288467820973";"0,27207448546226715";"False";"BATANG TUBUH";"PASAL 3"
"6";"c. pembentukan satuan tugas;";"171,25";"358,93399999999997";"155,12000000000012";"167,12000000000012";"612,2";"BCDGEE+BookmanOldStyle";"12,0";"265,092";"306,1";"0,06698464554067304";"0,2797288467820973";"0,30657301535445924";"False";"BATANG TUBUH";"PASAL 3"
"6";"d. pelindungan Koperasi;";"171,25";"325,13199999999995";"171,35000000000014";"183,35000000000014";"612,2";"BCDGEE+BookmanOldStyle";"12,0";"248,19099999999997";"306,1";"0,09459163672002621";"0,2797288467820973";"0,2513590329957529";"False";"BATANG TUBUH";"PASAL 3"
"6";"e. pemantauan, evaluasi, dan pelaporan;";"171,25";"418,92199999999997";"187,55000000000007";"199,55000000000007";"612,2";"BCDGEE+BookmanOldStyle";"12,0";"295,086";"306,1";"0,0179908526625286";"0,2797288467820973";"0,40456060111074804";"False";"BATANG TUBUH";"PASAL 3"
"6";"f. pembinaan dan pengawasan; dan";"171,25";"390,84200000000004";"203,7500000000001";"215,7500000000001";"612,2";"BCDGEE+BookmanOldStyle";"12,0";"281,04600000000005";"306,1";"0,040924534465860786";"0,2797288467820973";"0,35869323750408366";"False";"BATANG TUBUH";"PASAL 3"
"6";"g. pendanaan.";"171,25";"262,43";"219,95000000000005";"231,95000000000005";"612,2";"BCDGEE+BookmanOldStyle";"12,0";"216,84";"306,1";"0,14580202548186869";"0,2797288467820973";"0,14893825547206796";"False";"BATANG TUBUH";"PASAL 3"
"6";"BAB IV";"284,5";"326,476";"252,35000000000014";"264,35000000000014";"612,2";"BCDGEE+BookmanOldStyle";"12,0";"305,488";"306,1";"0,0009996733093760588";"0,46471741261025806";"0,06856582816073178";"True";"BATANG TUBUH";"BAB IV"
"6";"KEWENANGAN PEMERINTAH DAERAH";"189,05";"421,9459999999999";"268,55000000000007";"280,55000000000007";"612,2";"BCDGEE+BookmanOldStyle";"12,0";"305,49799999999993";"306,1";"0,0009833387781772117";"0,3088043123162365";"0,3804246978111726";"True";"BATANG TUBUH";"BAB IV"
"6";"Pasal 4";"284,3";"326,74";"300,97000000000014";"312,97000000000014";"612,2";"BCDGEE+BookmanOldStyle";"12,0";"305,52";"306,1";"0,000947402809539433";"0,46439072198627895";"0,06932375040836328";"False";"BATANG TUBUH";"PASAL 4"
"6";"Dalam pelaksanaan kemudahan, Pelindungan, dan";"171,25";"535,93";"333,3700000000001";"345,3700000000001";"612,2";"BCDGEE+BookmanOldStyle";"12,0";"353,59";"306,1";"0,07757268866383527";"0,2797288467820973";"0,5956876837634759";"False";"BATANG TUBUH";"PASAL 4"
"6";"Pemberdayaan Koperasi, Pemerintah Daerah berwenang:";"171,25";"506,104";"349,57000000000005";"361,57000000000005";"612,2";"BCDGEE+BookmanOldStyle";"12,0";"338,677";"306,1";"0,053213002286834364";"0,2797288467820973";"0,546968311009474";"False";"BATANG TUBUH";"PASAL 4"
"6";"a. berkoordinasi dengan Gubernur dan/atau kementerian";"171,25";"535,86";"365,7700000000001";"377,7700000000001";"612,2";"BCDGEE+BookmanOldStyle";"12,0";"353,555";"306,1";"0,07751551780463897";"0,2797288467820973";"0,5955733420450833";"False";"BATANG TUBUH";"PASAL 4"
"6";"yang menyelenggarakan urusan pemerintahan di bidang";"192,65";"535,802";"381,97000000000014";"393,97000000000014";"612,2";"BCDGEE+BookmanOldStyle";"12,0";"364,226";"306,1";"0,0949460960470434";"0,31468474354786014";"0,5605227049983665";"False";"BATANG TUBUH";"PASAL 4"
"6";"koperasi dalam hal pelaksanaan teknis pembentukan dan";"192,65";"535,85";"398,20000000000005";"410,20000000000005";"612,2";"BCDGEE+BookmanOldStyle";"12,0";"364,25";"306,1";"0,0949852989219209";"0,31468474354786014";"0,5606011107481216";"False";"BATANG TUBUH";"PASAL 4"
"6";"pengelolaan Koperasi;";"192,65";"321,43399999999997";"414,4000000000001";"426,40000000000003";"612,2";"BCDGEE+BookmanOldStyle";"11,999999999999943";"257,042";"306,1";"0,0801339431558315";"0,31468474354786014";"0,2103626265926167";"False";"BATANG TUBUH";"PASAL 4"
"6";"b. menugaskan Perangkat Daerah yang menyelenggarakan";"171,25";"535,67";"430,6";"442,6";"612,2";"BCDGEE+BookmanOldStyle";"12,0";"353,46";"306,1";"0,07736033975824887";"0,2797288467820973";"0,5952629859523031";"False";"BATANG TUBUH";"PASAL 4"
"6";"urusan pemerintahan di bidang koperasi untuk";"192,65";"535,8020000000001";"446,8";"458,8";"612,2";"BCDGEE+BookmanOldStyle";"12,0";"364,22600000000006";"306,1";"0,0949460960470435";"0,31468474354786014";"0,5605227049983668";"False";"BATANG TUBUH";"PASAL 4"
"6";"berkoordinasi dengan Perangkat Daerah terkait";"192,65";"535,7739999999999";"463,00000000000006";"475,00000000000006";"612,2";"BCDGEE+BookmanOldStyle";"12,0";"364,21199999999993";"306,1";"0,09492322770336475";"0,31468474354786014";"0,5604769683110092";"False";"BATANG TUBUH";"PASAL 4"
"6";"dalam pembentukan Koperasi melalui pendirian,";"192,65";"535,8740000000001";"479,20000000000005";"491,20000000000005";"612,2";"BCDGEE+BookmanOldStyle";"12,0";"364,26200000000006";"306,1";"0,09500490035935974";"0,31468474354786014";"0,5606403136229993";"False";"BATANG TUBUH";"PASAL 4"
"6";"pengembangan, atau revitalisasi;";"192,65";"386,75";"495,40000000000003";"507,40000000000003";"612,2";"BCDGEE+BookmanOldStyle";"12,0";"289,7";"306,1";"0,026788631166285583";"0,31468474354786014";"0,3170532505717086";"False";"BATANG TUBUH";"PASAL 4"
"6";"c. menugaskan Perangkat Daerah yang menyelenggarakan";"171,25";"535,67";"511,62000000000006";"523,6200000000001";"612,2";"BCDGEE+BookmanOldStyle";"12,0";"353,46";"306,1";"0,07736033975824887";"0,2797288467820973";"0,5952629859523031";"False";"BATANG TUBUH";"PASAL 4"
"6";"urusan pemerintahan di bidang pemberdayaan";"192,65";"535,824";"527,82";"539,82";"612,2";"BCDGEE+BookmanOldStyle";"12,0";"364,23699999999997";"306,1";"0,0949640640313622";"0,31468474354786014";"0,5605586409670041";"False";"BATANG TUBUH";"PASAL 4"
"6";"masyarakat desa untuk berkoordinasi dengan Perangkat";"192,65";"536,03";"544,02";"556,02";"612,2";"BCDGEE+BookmanOldStyle";"12,0";"364,34";"306,1";"0,09513230970271144";"0,31468474354786014";"0,5608951323097027";"False";"BATANG TUBUH";"PASAL 4"
"6";"Daerah yang menyelenggarakan urusan pemerintahan di";"192,65";"535,898";"560,23";"572,23";"612,2";"BCDGEE+BookmanOldStyle";"12,0";"364,274";"306,1";"0,09502450179679839";"0,31468474354786014";"0,5606795164978765";"False";"BATANG TUBUH";"PASAL 4"
"6";"bidang koperasi, dalam pemberian fasilitasi dan";"192,65";"535,958";"576,4300000000001";"588,4300000000001";"612,2";"BCDGEE+BookmanOldStyle";"12,0";"364,304";"306,1";"0,0950735053903952";"0,31468474354786014";"0,5607775236850702";"False";"BATANG TUBUH";"PASAL 4"
"6";"pendampingan kepada Pemerintah Desa dan Badan";"192,65";"535,7059999999998";"592,6200000000001";"604,6200000000001";"612,2";"BCDGEE+BookmanOldStyle";"12,0";"364,1779999999999";"306,1";"0,09486769029728824";"0,31468474354786014";"0,5603658934988562";"False";"BATANG TUBUH";"PASAL 4"
"6";"Pemusyawaratan Desa bersama unsur masyarakat";"192,65";"535,7059999999999";"608,82";"620,82";"612,2";"BCDGEE+BookmanOldStyle";"12,0";"364,17799999999994";"306,1";"0,09486769029728832";"0,31468474354786014";"0,5603658934988565";"False";"BATANG TUBUH";"PASAL 4"
"6";"dengan melibatkan Perangkat Daerah terkait untuk";"192,65";"535,7660000000001";"625,05";"637,05";"612,2";"BCDGEE+BookmanOldStyle";"12,0";"364,208";"306,1";"0,09491669389088533";"0,31468474354786014";"0,5604639006860505";"False";"BATANG TUBUH";"PASAL 4"
"6";"menyelenggarakan musyawarah desa dalam menentukan";"192,65";"535,872";"641,25";"653,25";"612,2";"BCDGEE+BookmanOldStyle";"12,0";"364,26099999999997";"306,1";"0,0950032669062397";"0,31468474354786014";"0,5606370467167592";"False";"BATANG TUBUH";"PASAL 4"
"6";"model pembentukan Koperasi;";"192,65";"372,026";"657,45";"669,45";"612,2";"BCDGEE+BookmanOldStyle";"12,0";"282,338";"306,1";"0,0388141130349559";"0,31468474354786014";"0,29300228683436785";"False";"BATANG TUBUH";"PASAL 4"
"6";"d. menyelaraskan serta mencantumkan program kegiatan";"171,25";"535,8379999999999";"673,6500000000001";"685,6500000000001";"612,2";"BCDGEE+BookmanOldStyle";"12,0";"353,5439999999999";"306,1";"0,07749754982031999";"0,2797288467820973";"0,5955374060764453";"False";"BATANG TUBUH";"PASAL 4"
"6";"dan subkegiatan yang mendukung Koperasi pada";"192,65";"535,5859999999999";"689,85";"701,85";"612,2";"BCDGEE+BookmanOldStyle";"12,0";"364,11799999999994";"306,1";"0,0947696831100946";"0,31468474354786014";"0,5601698791244689";"False";"BATANG TUBUH";"PASAL 4"
"6";"dokumen perencanaan pembangunan Daerah dan";"192,65";"536,0199999999999";"706,0500000000001";"718,0500000000001";"612,2";"BCDGEE+BookmanOldStyle";"12,0";"364,3349999999999";"306,1";"0,09512414243711188";"0,31468474354786014";"0,5608787977785036";"False";"BATANG TUBUH";"PASAL 4"
"6";"dokumen perencanaan Perangkat Daerah;";"192,65";"441,32599999999996";"722,25";"734,25";"612,2";"BCDGEE+BookmanOldStyle";"12,0";"316,988";"306,1";"0,017785037569421718";"0,31468474354786014";"0,4062005880431231";"False";"BATANG TUBUH";"PASAL 4"
"6";"e. menyediakan anggaran yang diperlukan dalam";"171,25";"535,708";"738,48";"750,48";"612,2";"BCDGEE+BookmanOldStyle";"12,0";"353,479";"306,1";"0,07739137536752688";"0,2797288467820973";"0,5953250571708592";"False";"BATANG TUBUH";"PASAL 4"
"6";"pembentukan Koperasi sesuai dengan ketentuan";"192,65";"535,994";"754,6700000000001";"766,6700000000001";"612,2";"BCDGEE+BookmanOldStyle";"12,0";"364,322";"306,1";"0,09510290754655337";"0,31468474354786014";"0,5608363279973865";"False";"BATANG TUBUH";"PASAL 4"
"6";"peraturan perundang-undangan, termasuk pemberian";"192,65";"535,828";"770,87";"782,87";"612,2";"BCDGEE+BookmanOldStyle";"12,0";"364,239";"306,1";"0,09496733093760201";"0,31468474354786014";"0,5605651747794838";"False";"BATANG TUBUH";"PASAL 4"
"6";"bantuan pembuatan akta notaris Koperasi; dan";"192,65";"472,77799999999996";"787,07";"799,07";"612,2";"BCDGEE+BookmanOldStyle";"12,0";"332,714";"306,1";"0,0434727213328977";"0,31468474354786014";"0,45757595557007497";"False";"BATANG TUBUH";"PASAL 4"
"6";"f. melakukan sosialisasi, pemantauan, evaluasi, dan";"171,25";"535,9219999999999";"803,28";"815,2800000000001";"612,2";"BCDGEE+BookmanOldStyle";"12,000000000000014";"353,58599999999996";"306,1";"0,07756615485135565";"0,2797288467820973";"0,5956746161385167";"False";"BATANG TUBUH";"PASAL 4"
"6";"pelaporan, serta pembinaan dan pengawasan terhadap";"192,65";"535,98";"819,48";"831,48";"612,2";"BCDGEE+BookmanOldStyle";"12,0";"364,315";"306,1";"0,0950914733747141";"0,31468474354786014";"0,560813459653708";"False";"BATANG TUBUH";"PASAL 4"
"6";"Pemerintah Desa dalam pelaksanaan pembentukan,";"192,65";"536,0180000000001";"835,6750000000001";"847,6750000000001";"612,2";"BCDGEE+BookmanOldStyle";"12,0";"364,33400000000006";"306,1";"0,09512250898399222";"0,31468474354786014";"0,5608755308722642";"False";"BATANG TUBUH";"PASAL 4"
"6";"pengelolaan, Pelindungan, dan Pemberdayaan Koperasi.";"192,65";"523,1419999999999";"851,9000000000001";"863,9000000000001";"612,2";"BCDGEE+BookmanOldStyle";"12,0";"357,89599999999996";"306,1";"0,08460633779810509";"0,31468474354786014";"0,53984318850049";"False";"BATANG TUBUH";"PASAL 4"
"7";"7";"302,5";"309,94";"37,500000000000114";"49,500000000000114";"612,2";"BCDGEE+BookmanOldStyle";"12,0";"306,22";"306,1";"0,0001960143743874625";"0,4941195687683763";"0,01215289121202221";"False";"BATANG TUBUH";"PASAL 4"
"7";"BAB III";"293,5";"335,36400000000003";"74,12000000000012";"86,12000000000012";"612,2";"BCDGEE+BookmanOldStyle";"12,0";"314,432";"306,1";"0,013609931394968954";"0,4794184906893172";"0,06838288141130354";"True";"BATANG TUBUH";"BAB III"
"7";"PEMBERDAYAAN KOPERASI";"229,08";"399,8999999999999";"91,73000000000013";"103,73000000000013";"612,2";"BCDGEE+BookmanOldStyle";"12,0";"314,48999999999995";"306,1";"0,013704671675922785";"0,37419144070565175";"0,27902646194054215";"True";"BATANG TUBUH";"BAB III"
"7";"Bagian Kesatu";"271,88";"357,176";"126,93000000000006";"138,93000000000006";"612,2";"BCDGEE+BookmanOldStyle";"12,0";"314,528";"306,1";"0,013766742894478923";"0,44410323423717735";"0,13932701731460304";"False";"BATANG TUBUH";"BAGIAN KESATU"
"7";"Pembentukan Koperasi";"246,28";"382,708";"144,5200000000001";"156,5200000000001";"612,2";"BCDGEE+BookmanOldStyle";"12,0";"314,494";"306,1";"0,013711205488402491";"0,4022868343678536";"0,2228487422410977";"False";"BATANG TUBUH";"BAGIAN KESATU"
"7";"Paragraf 1";"284,3";"344,492";"179,7500000000001";"191,7500000000001";"612,2";"BCDGEE+BookmanOldStyle";"12,0";"314,396";"306,1";"0,013551127082652714";"0,46439072198627895";"0,09832081019274748";"False";"BATANG TUBUH";"PARAGRAF 1"
"7";"Sosialisasi dan Tahapan Persiapan";"211,88";"416,87600000000003";"197,35000000000014";"209,35000000000014";"612,2";"BCDGEE+BookmanOldStyle";"12,0";"314,37800000000004";"306,1";"0,013521724926494642";"0,3460960470434498";"0,33485135576608954";"False";"BATANG TUBUH";"PARAGRAF 1"
"7";"Pasal 5";"293,3";"335,74";"232,55000000000007";"244,55000000000007";"612,2";"BCDGEE+BookmanOldStyle";"12,0";"314,52";"306,1";"0,013753675269519696";"0,4790918000653381";"0,06932375040836328";"False";"BATANG TUBUH";"PASAL 5"
"7";"(1) Perangkat Daerah yang melaksanakan urusan";"171,25";"538,8479999999998";"267,7500000000001";"279,7500000000001";"612,2";"BCDGEE+BookmanOldStyle";"12,0";"355,0489999999999";"306,1";"0,07995589676576265";"0,2797288467820973";"0,6004540999673307";"False";"BATANG TUBUH";"PASAL 5"
"7";"pemerintahan di bidang koperasi melakukan tahapan";"192,65";"538,694";"285,3700000000001";"297,3700000000001";"612,2";"BCDGEE+BookmanOldStyle";"12,0";"365,67199999999997";"306,1";"0,09730806925841219";"0,31468474354786014";"0,5652466514211042";"False";"BATANG TUBUH";"PASAL 5"
"7";"persiapan pembentukan Koperasi.";"192,65";"394,96999999999997";"302,98000000000013";"314,98000000000013";"612,2";"BCDGEE+BookmanOldStyle";"12,0";"293,81";"306,1";"0,020075138843515222";"0,31468474354786014";"0,3304802352172492";"False";"BATANG TUBUH";"PASAL 5"
"7";"(2) Tahapan persiapan pembentukan Koperasi sebagaimana";"171,25";"539,058";"320,7700000000001";"332,7700000000001";"612,2";"BCDGEE+BookmanOldStyle";"12,0";"355,154";"306,1";"0,0801274093433518";"0,2797288467820973";"0,6007971251225089";"False";"BATANG TUBUH";"PASAL 5"
"7";"dimaksud pada ayat (1) meliputi:";"192,65";"386,97799999999995";"338,3700000000001";"350,3700000000001";"612,2";"BCDGEE+BookmanOldStyle";"12,0";"289,81399999999996";"306,1";"0,026602417510617538";"0,31468474354786014";"0,31742567788304465";"False";"BATANG TUBUH";"PASAL 5"
"7";"a. sosialiasi program pembentukan Koperasi;";"192,65";"465,19";"355,98000000000013";"367,98000000000013";"612,2";"BCDGEE+BookmanOldStyle";"12,0";"328,92";"306,1";"0,03727540019601436";"0,31468474354786014";"0,4451813132963083";"False";"BATANG TUBUH";"PASAL 5"
"7";"b. pendampingan pembentukan Koperasi;";"192,65";"445,59";"373,57000000000005";"385,57000000000005";"612,2";"BCDGEE+BookmanOldStyle";"12,0";"319,12";"306,1";"0,021267559621038844";"0,31468474354786014";"0,4131656321463573";"False";"BATANG TUBUH";"PASAL 5"
"7";"c. pendataan dan penilaian kinerja Koperasi.";"192,65";"464,19";"391,20000000000005";"403,20000000000005";"612,2";"BCDGEE+BookmanOldStyle";"12,0";"328,42";"306,1";"0,036458673636066634";"0,31468474354786014";"0,44354786017641284";"False";"BATANG TUBUH";"PASAL 5"
"7";"(3) Perangkat Daerah yang melaksanakan urusan";"171,25";"538,8479999999998";"408,80000000000007";"420,80000000000007";"612,2";"BCDGEE+BookmanOldStyle";"12,0";"355,0489999999999";"306,1";"0,07995589676576265";"0,2797288467820973";"0,6004540999673307";"False";"BATANG TUBUH";"PASAL 5"
"7";"pemerintahan di bidang koperasi melakukan sosialisasi";"192,65";"538,8020000000001";"426,40000000000003";"438,40000000000003";"612,2";"BCDGEE+BookmanOldStyle";"12,0";"365,72600000000006";"306,1";"0,09739627572688668";"0,31468474354786014";"0,5654230643580531";"False";"BATANG TUBUH";"PASAL 5"
"7";"program pembentukan Koperasi sebagaimana dimaksud";"192,65";"538,8520000000001";"444,00000000000006";"456,00000000000006";"612,2";"BCDGEE+BookmanOldStyle";"12,0";"365,75100000000003";"306,1";"0,09743711205488403";"0,31468474354786014";"0,5655047370140478";"False";"BATANG TUBUH";"PASAL 5"
"7";"pada ayat (2) huruf a kepada Pemerintah Desa dan";"192,65";"539,278";"461,6";"473,6";"612,2";"BCDGEE+BookmanOldStyle";"12,0";"365,964";"306,1";"0,09778503756942171";"0,31468474354786014";"0,5662005880431232";"False";"BATANG TUBUH";"PASAL 5"
"7";"Kelurahan sesuai dengan jadwal waktu yang telah";"192,65";"538,9079999999999";"479,20000000000005";"491,20000000000005";"612,2";"BCDGEE+BookmanOldStyle";"12,0";"365,77899999999994";"306,1";"0,09748284874224096";"0,31468474354786014";"0,5655962103887616";"False";"BATANG TUBUH";"PASAL 5"
"7";"ditetapkan oleh Kementerian yang menyelenggarakan";"192,65";"538,718";"496,8";"508,8";"612,2";"BCDGEE+BookmanOldStyle";"12,0";"365,68399999999997";"306,1";"0,09732767069585094";"0,31468474354786014";"0,5652858542959817";"False";"BATANG TUBUH";"PASAL 5"
"7";"urusan pemerintahan di bidang koperasi.";"192,65";"437,53399999999993";"514,4200000000001";"526,4200000000001";"612,2";"BCDGEE+BookmanOldStyle";"12,0";"315,092";"306,1";"0,014688010454099903";"0,31468474354786014";"0,4000065338124794";"False";"BATANG TUBUH";"PASAL 5"
"7";"(4) Perangkat Daerah yang melaksanakan urusan";"171,25";"538,8479999999998";"532,02";"544,02";"612,2";"BCDGEE+BookmanOldStyle";"12,0";"355,0489999999999";"306,1";"0,07995589676576265";"0,2797288467820973";"0,6004540999673307";"False";"BATANG TUBUH";"PASAL 5"
"7";"pemerintahan di bidang koperasi memberikan";"192,65";"538,8019999999999";"549,6200000000001";"561,6200000000001";"612,2";"BCDGEE+BookmanOldStyle";"12,0";"365,72599999999994";"306,1";"0,0973962757268865";"0,31468474354786014";"0,5654230643580528";"False";"BATANG TUBUH";"PASAL 5"
"7";"pendampingan dalam pendirian Koperasi sebagaimana";"192,65";"539,062";"567,23";"579,23";"612,2";"BCDGEE+BookmanOldStyle";"12,0";"365,856";"306,1";"0,097608624632473";"0,31468474354786014";"0,5658477621692257";"False";"BATANG TUBUH";"PASAL 5"
"7";"dimaksud pada ayat (2) huruf b kepada pemerintah Desa";"192,65";"539,2460000000001";"584,82";"596,82";"612,2";"BCDGEE+BookmanOldStyle";"12,0";"365,94800000000004";"306,1";"0,09775890231950345";"0,31468474354786014";"0,5661483175432866";"False";"BATANG TUBUH";"PASAL 5"
"7";"dan Kelurahan.";"192,65";"284,53999999999996";"602,4200000000001";"614,4200000000001";"612,2";"BCDGEE+BookmanOldStyle";"12,0";"238,59499999999997";"306,1";"0,11026625285854304";"0,31468474354786014";"0,15009800718719365";"False";"BATANG TUBUH";"PASAL 5"
"7";"(5) Perangkat Daerah yang melaksanakan urusan";"171,25";"538,8479999999998";"620,05";"632,05";"612,2";"BCDGEE+BookmanOldStyle";"12,0";"355,0489999999999";"306,1";"0,07995589676576265";"0,2797288467820973";"0,6004540999673307";"False";"BATANG TUBUH";"PASAL 5"
"7";"pemerintahan di bidang koperasi melakukan pendataan";"192,65";"538,886";"637,6500000000001";"649,6500000000001";"612,2";"BCDGEE+BookmanOldStyle";"12,0";"365,768";"306,1";"0,09746488075792216";"0,31468474354786014";"0,5655602744201241";"False";"BATANG TUBUH";"PASAL 5"
"7";"dan penilaian kinerja Koperasi sebagaimana dimaksud";"192,65";"538,866";"655,25";"667,25";"612,2";"BCDGEE+BookmanOldStyle";"12,0";"365,758";"306,1";"0,09744854622672322";"0,31468474354786014";"0,5655276053577262";"False";"BATANG TUBUH";"PASAL 5"
"7";"pada ayat (2) huruf c untuk mendaptkan informasi";"192,65";"539,224";"672,85";"684,85";"612,2";"BCDGEE+BookmanOldStyle";"12,0";"365,937";"306,1";"0,09774093433518455";"0,31468474354786014";"0,5661123815746488";"False";"BATANG TUBUH";"PASAL 5"
"7";"koperasi yang telah dibentuk oleh pemerintah Desa dan";"192,65";"539,278";"690,45";"702,45";"612,2";"BCDGEE+BookmanOldStyle";"12,0";"365,964";"306,1";"0,09778503756942171";"0,31468474354786014";"0,5662005880431232";"False";"BATANG TUBUH";"PASAL 5"
"7";"Kelurahan dan hasil kinerja koperasi.";"192,65";"415,04999999999995";"708,0500000000001";"720,0500000000001";"612,2";"BCDGEE+BookmanOldStyle";"12,0";"303,84999999999997";"306,1";"0,0036752695197648753";"0,31468474354786014";"0,36327997386474997";"False";"BATANG TUBUH";"PASAL 5"
"7";"(6) Dalam hal hasil penilaian kinerja sebagaimana dimaksud";"171,25";"538,7900000000001";"725,6500000000001";"737,6500000000001";"612,2";"BCDGEE+BookmanOldStyle";"12,0";"355,02000000000004";"306,1";"0,07990852662528587";"0,2797288467820973";"0,6003593596863771";"False";"BATANG TUBUH";"PASAL 5"
"7";"pada ayat (2) dinyatakan sehat, koperasi dapat";"192,65";"538,6819999999999";"743,27";"755,27";"612,2";"BCDGEE+BookmanOldStyle";"12,0";"365,66599999999994";"306,1";"0,09729826853969277";"0,31468474354786014";"0,5652270499836654";"False";"BATANG TUBUH";"PASAL 5"
"7";"diintegrasikan melalui pengembangan koperasi sebagai";"192,65";"539,078";"760,87";"772,87";"612,2";"BCDGEE+BookmanOldStyle";"12,0";"365,864";"306,1";"0,09762169225743213";"0,31468474354786014";"0,5658738974191441";"False";"BATANG TUBUH";"PASAL 5"
"7";"bagian dari program Koperasi dengan penyesuaian";"192,65";"538,73";"778,48";"790,48";"612,2";"BCDGEE+BookmanOldStyle";"12,0";"365,69";"306,1";"0,09733747141457036";"0,31468474354786014";"0,5653054557334205";"False";"BATANG TUBUH";"PASAL 5"
"7";"anggaran dasar.";"192,65";"287,98999999999995";"796,27";"808,2700000000001";"612,2";"BCDGEE+BookmanOldStyle";"12,000000000000014";"240,32";"306,1";"0,10744854622672333";"0,31468474354786014";"0,15573342045083297";"False";"BATANG TUBUH";"PASAL 5"
"7";"(7) Dalam hal hasil penilaian kinerja sebagaimana dimaksud";"171,25";"538,7900000000001";"813,87";"825,87";"612,2";"BCDGEE+BookmanOldStyle";"12,0";"355,02000000000004";"306,1";"0,07990852662528587";"0,2797288467820973";"0,6003593596863771";"False";"BATANG TUBUH";"PASAL 5"
"7";"pada ayat (2) dinyatakan kurang aktif atau lemah,";"192,65";"538,958";"831,475";"843,475";"612,2";"BCDGEE+BookmanOldStyle";"12,0";"365,804";"306,1";"0,0975236850702384";"0,31468474354786014";"0,5656778830447565";"False";"BATANG TUBUH";"PASAL 5"
"7";"koperasi dapat masuk dalam skema revitalisasi.";"192,65";"476,148";"849,1";"861,1";"612,2";"BCDGEE+BookmanOldStyle";"12,0";"334,399";"306,1";"0,04622508983992155";"0,31468474354786014";"0,4630806925841229";"False";"BATANG TUBUH";"PASAL 5"
"8";"8";"302,5";"309,94";"37,500000000000114";"49,500000000000114";"612,2";"BCDGEE+BookmanOldStyle";"12,0";"306,22";"306,1";"0,0001960143743874625";"0,4941195687683763";"0,01215289121202221";"False";"BATANG TUBUH";"PASAL 5"
"8";"Paragraf 2";"275,27";"335,462";"74,12000000000012";"86,12000000000012";"612,2";"BCDGEE+BookmanOldStyle";"12,0";"305,366";"306,1";"0,0011989545900033278";"0,44964064031362294";"0,09832081019274748";"False";"BATANG TUBUH";"PARAGRAF 2"
"8";"Model Pembentukan Koperasi";"217,88";"393,26800000000003";"91,32000000000005";"103,32000000000005";"612,2";"BCDGEE+BookmanOldStyle";"12,0";"305,574";"306,1";"0,0008591963410650284";"0,3558967657628226";"0,2864880757922248";"False";"BATANG TUBUH";"PARAGRAF 2"
"8";"Pasal 6";"284,3";"326,74";"125,73000000000013";"137,73000000000013";"612,2";"BCDGEE+BookmanOldStyle";"12,0";"305,52";"306,1";"0,000947402809539433";"0,46439072198627895";"0,06932375040836328";"False";"BATANG TUBUH";"PASAL 6"
"8";"(1) Model pembentukan Koperasi didahului dengan";"171,25";"538,7420000000001";"160,1500000000001";"172,1500000000001";"612,2";"BCDGEE+BookmanOldStyle";"12,0";"354,99600000000004";"306,1";"0,07986932375040838";"0,2797288467820973";"0,6002809539366221";"False";"BATANG TUBUH";"PASAL 6"
"8";"pelaksanaan Musyawarah Desa Khusus atau Musyawarah";"192,65";"539,2099999999999";"177,35000000000014";"189,35000000000014";"612,2";"BCDGEE+BookmanOldStyle";"12,0";"365,92999999999995";"306,1";"0,09772950016334518";"0,31468474354786014";"0,5660895132309701";"False";"BATANG TUBUH";"PASAL 6"
"8";"Kelurahan Khusus untuk pembentukan Koperasi";"192,65";"538,9920000000001";"194,55000000000007";"206,55000000000007";"612,2";"BCDGEE+BookmanOldStyle";"12,0";"365,821";"306,1";"0,0975514537732767";"0,31468474354786014";"0,5657334204508332";"False";"BATANG TUBUH";"PASAL 6"
"8";"dengan memperhatikan karakteristik, potensi, dan";"192,65";"538,718";"211,7500000000001";"223,7500000000001";"612,2";"BCDGEE+BookmanOldStyle";"12,0";"365,68399999999997";"306,1";"0,09732767069585094";"0,31468474354786014";"0,5652858542959817";"False";"BATANG TUBUH";"PASAL 6"
"8";"lembaga ekonomi yang telah ada di Desa/Kelurahan.";"192,65";"505,938";"228,95000000000005";"240,95000000000005";"612,2";"BCDGEE+BookmanOldStyle";"12,0";"349,294";"306,1";"0,07055537406076438";"0,31468474354786014";"0,5117412610258085";"False";"BATANG TUBUH";"PASAL 6"
"8";"(2) Model pembentukan Koperasi sebagaimana dimaksud pada";"171,25";"538,9699999999999";"246,1500000000001";"258,1500000000001";"612,2";"BCDGEE+BookmanOldStyle";"12,0";"355,10999999999996";"306,1";"0,08005553740607634";"0,2797288467820973";"0,600653381247958";"False";"BATANG TUBUH";"PASAL 6"
"8";"ayat (1) dilakukan dengan 3 (tiga) model pendekatan, yaitu:";"192,65";"531,9379999999998";"263,35000000000014";"275,35000000000014";"612,2";"BCDGEE+BookmanOldStyle";"12,0";"362,29399999999987";"306,1";"0,09179026461940516";"0,31468474354786014";"0,5542110421430901";"False";"BATANG TUBUH";"PASAL 6"
"8";"a. pendirian Koperasi baru;";"192,65";"360,47999999999996";"280,57000000000005";"292,57000000000005";"612,2";"BCDGEE+BookmanOldStyle";"12,0";"276,565";"306,1";"0,04824403789611242";"0,31468474354786014";"0,27414243711205477";"False";"BATANG TUBUH";"PASAL 6"
"8";"b. pengembangan koperasi yang sudah ada,";"192,65";"538,9119999999999";"297,7700000000001";"309,7700000000001";"612,2";"BCDGEE+BookmanOldStyle";"12,0";"365,78099999999995";"306,1";"0,09748611564848077";"0,31468474354786014";"0,5656027442012412";"False";"BATANG TUBUH";"PASAL 6"
"8";"dilaksanakan pada Desa/Kelurahan yang telah";"213,88";"538,894";"314,97000000000014";"326,97000000000014";"612,2";"BCDGEE+BookmanOldStyle";"12,0";"376,387";"306,1";"0,11481051943809208";"0,34936295328324074";"0,5308951323097026";"False";"BATANG TUBUH";"PASAL 6"
"8";"memiliki koperasi aktif dengan kinerja minimal cukup";"213,88";"539,05";"332,1700000000001";"344,1700000000001";"612,2";"BCDGEE+BookmanOldStyle";"12,0";"376,465";"306,1";"0,11493792878144389";"0,34936295328324074";"0,5311499509964063";"False";"BATANG TUBUH";"PASAL 6"
"8";"baik guna meningkatkan kapasitas dan capaian";"213,88";"538,948";"349,3700000000001";"361,3700000000001";"612,2";"BCDGEE+BookmanOldStyle";"12,0";"376,414";"306,1";"0,11485462267232924";"0,34936295328324074";"0,530983338778177";"False";"BATANG TUBUH";"PASAL 6"
"8";"cakupan usaha; dan";"213,88";"335,104";"366,57000000000005";"378,57000000000005";"612,2";"BCDGEE+BookmanOldStyle";"12,0";"274,49199999999996";"306,1";"0,05163018621365576";"0,34936295328324074";"0,1980137210062071";"False";"BATANG TUBUH";"PASAL 6"
"8";"c. revitalisasi koperasi, dilaksanakan pada Koperasi";"192,65";"538,7800000000001";"383,7700000000001";"395,7700000000001";"612,2";"BCDGEE+BookmanOldStyle";"12,0";"365,71500000000003";"306,1";"0,0973783077425678";"0,31468474354786014";"0,5653871283894154";"False";"BATANG TUBUH";"PASAL 6"
"8";"yang sudah ada namun kinerjanya kurang aktif atau";"213,88";"538,6839999999999";"401,0000000000001";"413,0000000000001";"612,2";"BCDGEE+BookmanOldStyle";"12,0";"376,2819999999999";"306,1";"0,11463900686050293";"0,34936295328324074";"0,5305521071545244";"False";"BATANG TUBUH";"PASAL 6"
"8";"lemah, melalui restrukturisasi manajemen dan/atau";"213,88";"538,9719999999999";"418,20000000000005";"430,20000000000005";"612,2";"BCDGEE+BookmanOldStyle";"12,0";"376,42599999999993";"306,1";"0,11487422410976789";"0,34936295328324074";"0,5310225416530543";"False";"BATANG TUBUH";"PASAL 6"
"8";"penggabungan Koperasi sesuai dengan ketentuan";"213,88";"539,04";"435,40000000000003";"447,40000000000003";"612,2";"BCDGEE+BookmanOldStyle";"12,0";"376,46";"306,1";"0,11492976151584441";"0,34936295328324074";"0,5311336164652074";"False";"BATANG TUBUH";"PASAL 6"
"8";"peraturan perundang-undangan.";"213,88";"408,868";"452,6";"464,6";"612,2";"BCDGEE+BookmanOldStyle";"12,0";"311,374";"306,1";"0,008614831754328652";"0,34936295328324074";"0,31850375694217575";"False";"BATANG TUBUH";"PASAL 6"
"8";"Paragraf 3";"275,27";"335,462";"487,00000000000006";"499,00000000000006";"612,2";"BCDGEE+BookmanOldStyle";"12,0";"305,366";"306,1";"0,0011989545900033278";"0,44964064031362294";"0,09832081019274748";"False";"BATANG TUBUH";"PARAGRAF 3"
"8";"Musyawarah Desa/Kelurahan";"216,88";"393,856";"504,23";"516,23";"612,2";"BCDGEE+BookmanOldStyle";"12,0";"305,368";"306,1";"0,0011956876837635212";"0,3542633126429271";"0,2890819993466187";"False";"BATANG TUBUH";"PARAGRAF 3"
"8";"Pembentukan Koperasi";"237,28";"373,624";"521,4200000000001";"533,4200000000001";"612,2";"BCDGEE+BookmanOldStyle";"12,0";"305,452";"306,1";"0,0010584776216922974";"0,3875857562887945";"0,22271153217902648";"False";"BATANG TUBUH";"PARAGRAF 3"
"8";"Pasal 7";"284,3";"326,74";"555,82";"567,82";"612,2";"BCDGEE+BookmanOldStyle";"12,0";"305,52";"306,1";"0,000947402809539433";"0,46439072198627895";"0,06932375040836328";"False";"BATANG TUBUH";"PASAL 7"
"8";"(1) Setiap Desa/Kelurahan yang telah ditargetkan";"171,25";"538,7179999999998";"590,02";"602,02";"612,2";"BCDGEE+BookmanOldStyle";"12,0";"354,9839999999999";"306,1";"0,07984972231296945";"0,2797288467820973";"0,6002417510617443";"False";"BATANG TUBUH";"PASAL 7"
"8";"membentuk Koperasi, wajib menyelenggarakan Musyawarah";"192,65";"539,462";"607,23";"619,23";"612,2";"BCDGEE+BookmanOldStyle";"12,0";"366,056";"306,1";"0,09793531525645206";"0,31468474354786014";"0,5665011434171839";"False";"BATANG TUBUH";"PASAL 7"
"8";"Desa Khusus atau Musyawarah Kelurahan Khusus untuk";"192,65";"539,354";"624,45";"636,45";"612,2";"BCDGEE+BookmanOldStyle";"12,0";"366,002";"306,1";"0,09784710878797775";"0,31468474354786014";"0,5663247304802352";"False";"BATANG TUBUH";"PASAL 7"
"8";"pembentukan Koperasi.";"192,65";"332,834";"641,6500000000001";"653,6500000000001";"612,2";"BCDGEE+BookmanOldStyle";"12,0";"262,742";"306,1";"0,07082326037242731";"0,31468474354786014";"0,228983992159425";"False";"BATANG TUBUH";"PASAL 7"
"8";"(2) Perangkat Daerah yang melaksanakan urusan";"171,25";"538,6819999999999";"658,85";"670,85";"612,2";"BCDGEE+BookmanOldStyle";"12,0";"354,96599999999995";"306,1";"0,07982032015681138";"0,2797288467820973";"0,6001829467494281";"False";"BATANG TUBUH";"PASAL 7"
"8";"pemerintahan di bidang pemberdayaan masyarakat";"192,65";"538,762";"676,0500000000001";"688,0500000000001";"612,2";"BCDGEE+BookmanOldStyle";"11,999999999999972";"365,70599999999996";"306,1";"0,09736360666448862";"0,31468474354786014";"0,565357726233257";"False";"BATANG TUBUH";"PASAL 7"
"8";"desa bersama dengan Perangkat Daerah yang";"192,65";"538,886";"693,25";"705,25";"612,2";"BCDGEE+BookmanOldStyle";"12,0";"365,768";"306,1";"0,09746488075792216";"0,31468474354786014";"0,5655602744201241";"False";"BATANG TUBUH";"PASAL 7"
"8";"melaksanakan urusan pemerintahan di bidang koperasi";"192,65";"538,5740000000001";"710,45";"722,45";"612,2";"BCDGEE+BookmanOldStyle";"12,0";"365,612";"306,1";"0,09721006207121854";"0,31468474354786014";"0,5650506370467169";"False";"BATANG TUBUH";"PASAL 7"
"8";"untuk memfasilitasi dan mendampingi Pemerintah";"192,65";"538,9699999999999";"727,6500000000001";"739,6500000000001";"612,2";"BCDGEE+BookmanOldStyle";"12,0";"365,80999999999995";"306,1";"0,09753348578895772";"0,31468474354786014";"0,5656974844821953";"False";"BATANG TUBUH";"PASAL 7"
"8";"Desa/Kelurahan dan Badan Permusyawaratan Desa atau";"192,65";"538,8139999999999";"744,88";"756,88";"612,2";"BCDGEE+BookmanOldStyle";"12,0";"365,7319999999999";"306,1";"0,09740607644560582";"0,31468474354786014";"0,5654426657954914";"False";"BATANG TUBUH";"PASAL 7"
"8";"Lembaga Kemasyarakat Kelurahan atau yang disebut";"192,65";"538,6700000000001";"762,07";"774,07";"612,2";"BCDGEE+BookmanOldStyle";"12,0";"365,66";"306,1";"0,09728846782097353";"0,31468474354786014";"0,5652074485462268";"False";"BATANG TUBUH";"PASAL 7"
"8";"dengan nama lain bersama unsur masyarakat dengan";"192,65";"538,55";"779,27";"791,27";"612,2";"BCDGEE+BookmanOldStyle";"12,0";"365,59999999999997";"306,1";"0,09719046063377972";"0,31468474354786014";"0,5650114341718392";"False";"BATANG TUBUH";"PASAL 7"
"8";"melibatkan Perangkat Daerah terkait untuk";"192,65";"539,0840000000001";"796,48";"808,48";"612,2";"BCDGEE+BookmanOldStyle";"12,000000000000014";"365,867";"306,1";"0,09762659261679188";"0,31468474354786014";"0,5658836981378635";"False";"BATANG TUBUH";"PASAL 7"
"8";"menyelenggarakan Musyawarah Desa Khusus atau";"192,65";"539,544";"813,6700000000001";"825,6700000000001";"612,2";"BCDGEE+BookmanOldStyle";"12,0";"366,097";"306,1";"0,09800228683436778";"0,31468474354786014";"0,5666350865730153";"False";"BATANG TUBUH";"PASAL 7"
"8";"Musyawarah Kelurahan Khusus sebagaimana dimaksud";"192,65";"538,87";"830,875";"842,875";"612,2";"BCDGEE+BookmanOldStyle";"12,0";"365,76";"306,1";"0,09745181313296303";"0,31468474354786014";"0,5655341391702058";"False";"BATANG TUBUH";"PASAL 7"
"8";"pada ayat (1).";"192,65";"272,51";"848,1";"860,1";"612,2";"BCDGEE+BookmanOldStyle";"12,0";"232,57999999999998";"306,1";"0,1200914733747142";"0,31468474354786014";"0,1304475661548513";"False";"BATANG TUBUH";"PASAL 7"
"9";"9";"302,5";"309,94";"37,500000000000114";"49,500000000000114";"612,2";"BCDGEE+BookmanOldStyle";"12,0";"306,22";"306,1";"0,0001960143743874625";"0,4941195687683763";"0,01215289121202221";"False";"BATANG TUBUH";"PASAL 7"
"9";"(3) Dalam forum musyawarah desa khusus atau musyawarah";"171,25";"538,73";"74,12000000000012";"86,12000000000012";"612,2";"BCDGEE+BookmanOldStyle";"12,0";"354,99";"306,1";"0,07985952303168896";"0,2797288467820973";"0,6002613524991832";"False";"BATANG TUBUH";"PASAL 7"
"9";"kelurahan khusus sebagaimana dimaksud pada ayat (1)";"192,65";"538,5379999999999";"92,12000000000012";"104,12000000000012";"612,2";"BCDGEE+BookmanOldStyle";"12,0";"365,59399999999994";"306,1";"0,0971806599150603";"0,31468474354786014";"0,5649918327344003";"False";"BATANG TUBUH";"PASAL 7"
"9";"disepakati:";"192,65";"256,86199999999997";"109,92000000000007";"121,92000000000007";"612,2";"BCDGEE+BookmanOldStyle";"12,0";"224,75599999999997";"306,1";"0,13287161058477628";"0,31468474354786014";"0,10488729173472715";"False";"BATANG TUBUH";"PASAL 7"
"9";"a. pembentukan Koperasi;";"192,65";"354,06399999999996";"127,92000000000007";"139,92000000000007";"612,2";"BCDGEE+BookmanOldStyle";"12,0";"273,35699999999997";"306,1";"0,0534841555047371";"0,31468474354786014";"0,26366220189480555";"False";"BATANG TUBUH";"PASAL 7"
"9";"b. anggaran dasar awal, paling sedikit meliputi nama,";"192,65";"538,5640000000001";"145,73000000000013";"157,73000000000013";"612,2";"BCDGEE+BookmanOldStyle";"12,0";"365,607";"306,1";"0,09720189480561908";"0,31468474354786014";"0,5650343025155179";"False";"BATANG TUBUH";"PASAL 7"
"9";"jenis bidang dan kegiatan usaha, modal dasar,";"213,88";"538,636";"163,7500000000001";"175,7500000000001";"612,2";"BCDGEE+BookmanOldStyle";"12,0";"376,258";"306,1";"0,11459980398562554";"0,34936295328324074";"0,5304737014047696";"False";"BATANG TUBUH";"PASAL 7"
"9";"keanggotaan awal; dan";"213,88";"349,264";"181,55000000000007";"193,55000000000007";"612,2";"BCDGEE+BookmanOldStyle";"12,0";"281,572";"306,1";"0,040065338124795846";"0,34936295328324074";"0,22114341718392683";"False";"BATANG TUBUH";"PASAL 7"
"9";"c. pemilihan calon pengurus dan pengawas koperasi.";"192,65";"512,368";"199,55000000000007";"211,55000000000007";"612,2";"BCDGEE+BookmanOldStyle";"12,0";"352,509";"306,1";"0,07580692584122833";"0,31468474354786014";"0,5222443645867364";"False";"BATANG TUBUH";"PASAL 7"
"9";"(4) Hasil musyawarah desa khusus atau musyawarah";"171,25";"538,598";"217,35000000000014";"229,35000000000014";"612,2";"BCDGEE+BookmanOldStyle";"12,0";"354,924";"306,1";"0,07975171512577581";"0,2797288467820973";"0,600045736687357";"False";"BATANG TUBUH";"PASAL 7"
"9";"kelurahan khusus untuk sebagaimana dimaksud pada";"192,65";"538,954";"235,35000000000014";"247,35000000000014";"612,2";"BCDGEE+BookmanOldStyle";"12,0";"365,80199999999996";"306,1";"0,09752041816399859";"0,31468474354786014";"0,5656713492322769";"False";"BATANG TUBUH";"PASAL 7"
"9";"ayat (3) menjadi acuan pelaksanaan rapat pendirian";"192,65";"539,2739999999999";"253,1500000000001";"265,1500000000001";"612,2";"BCDGEE+BookmanOldStyle";"12,0";"365,96199999999993";"306,1";"0,0977817706631818";"0,31468474354786014";"0,5661940542306434";"False";"BATANG TUBUH";"PASAL 7"
"9";"Koperasi.";"192,65";"247,478";"271,1500000000001";"283,1500000000001";"612,2";"BCDGEE+BookmanOldStyle";"12,0";"220,06400000000002";"306,1";"0,1405357726233257";"0,31468474354786014";"0,08955896765762822";"False";"BATANG TUBUH";"PASAL 7"
"9";"Paragraf 4";"275,27";"335,462";"306,97000000000014";"318,97000000000014";"612,2";"BCDGEE+BookmanOldStyle";"12,0";"305,366";"306,1";"0,0011989545900033278";"0,44964064031362294";"0,09832081019274748";"False";"BATANG TUBUH";"PARAGRAF 4"
"9";"Penamaan, Pengurus, dan Pengawas,";"195,25";"415,88";"324,7700000000001";"336,7700000000001";"612,2";"BCDGEE+BookmanOldStyle";"12,0";"305,565";"306,1";"0,0008738974191441113";"0,31893172165958833";"0,3603887618425351";"False";"BATANG TUBUH";"PARAGRAF 4"
"9";"serta bidang dan kegiatan Usaha Koperasi";"180,85";"429,862";"342,7700000000001";"354,7700000000001";"612,2";"BCDGEE+BookmanOldStyle";"12,0";"305,356";"306,1";"0,0012152891212022674";"0,2954099967330937";"0,40674942829140803";"False";"BATANG TUBUH";"PARAGRAF 4"
"9";"Pasal 8";"284,3";"326,74";"378,57000000000005";"390,57000000000005";"612,2";"BCDGEE+BookmanOldStyle";"12,0";"305,52";"306,1";"0,000947402809539433";"0,46439072198627895";"0,06932375040836328";"False";"BATANG TUBUH";"PASAL 8"
"9";"(1) Pengajuan nama Koperasi harus memuat nama Desa";"171,25";"539,118";"414,4000000000001";"426,40000000000003";"612,2";"BCDGEE+BookmanOldStyle";"11,999999999999943";"355,184";"306,1";"0,08017641293694872";"0,2797288467820973";"0,6008951323097027";"False";"BATANG TUBUH";"PASAL 8"
"9";"setempat dengan format sebagai berikut:";"192,65";"433,31";"432,20000000000005";"444,20000000000005";"612,2";"BCDGEE+BookmanOldStyle";"12,0";"312,98";"306,1";"0,011238157464880749";"0,31468474354786014";"0,3931068278340411";"False";"BATANG TUBUH";"PASAL 8"
"9";"a. diawali dengan kata “Koperasi”;";"192,65";"400,2339999999999";"450,20000000000005";"462,20000000000005";"612,2";"BCDGEE+BookmanOldStyle";"12,0";"296,44199999999995";"306,1";"0,01577589023195046";"0,31468474354786014";"0,3390787324403788";"False";"BATANG TUBUH";"PASAL 8"
"9";"b. dilanjutkan dengan frasa “Desa Merah Putih” atau";"192,65";"539,152";"468,00000000000006";"480,00000000000006";"612,2";"BCDGEE+BookmanOldStyle";"12,0";"365,901";"306,1";"0,09768213002286831";"0,31468474354786014";"0,5659947729500164";"False";"BATANG TUBUH";"PASAL 8"
"9";"“Kelurahan Merah Putih”; dan";"213,88";"391,888";"486,00000000000006";"498,00000000000006";"612,2";"BCDHEE+BookmanOldStyle";"12,0";"302,884";"306,1";"0,005253185233583809";"0,34936295328324074";"0,29076772296635084";"False";"BATANG TUBUH";"PASAL 8"
"9";"c. diakhiri dengan nama Desa/Kelurahan setempat.";"192,65";"506,55400000000003";"503,82000000000005";"515,82";"612,2";"BCDGEE+BookmanOldStyle";"12,0";"349,60200000000003";"306,1";"0,07105847762169226";"0,31468474354786014";"0,5127474681476641";"False";"BATANG TUBUH";"PASAL 8"
"9";"(2) Dalam hal terdapat kesamaan nama Desa/Kelurahan,";"171,25";"539,4200000000001";"521,82";"533,82";"612,2";"BCDGEE+BookmanOldStyle";"12,0";"355,33500000000004";"306,1";"0,08042306435805294";"0,2797288467820973";"0,6013884351519112";"False";"BATANG TUBUH";"PASAL 8"
"9";"maka ditambahkan nama kecamatan/kabupaten.";"192,65";"487,39";"539,6200000000001";"551,6200000000001";"612,2";"BCDGEE+BookmanOldStyle";"12,0";"340,02";"306,1";"0,0554067298268539";"0,31468474354786014";"0,48144397255798754";"False";"BATANG TUBUH";"PASAL 8"
"9";"Pasal 9";"284,3";"326,74";"575,4200000000001";"587,4200000000001";"612,2";"BCDGEE+BookmanOldStyle";"12,0";"305,52";"306,1";"0,000947402809539433";"0,46439072198627895";"0,06932375040836328";"False";"BATANG TUBUH";"PASAL 9"
"9";"(1) Pengurus dan Pengawas Koperasi yang baru dibentuk,";"171,25";"539,22";"611,22";"623,22";"612,2";"BCDGEE+BookmanOldStyle";"12,0";"355,235";"306,1";"0,08025971904606335";"0,2797288467820973";"0,601061744527932";"False";"BATANG TUBUH";"PASAL 9"
"9";"dipilih dari pendiri Koperasi yang dihasilkan dari";"192,65";"538,896";"629,25";"641,25";"612,2";"BCDGEE+BookmanOldStyle";"12,0";"365,77299999999997";"306,1";"0,09747304802352162";"0,31468474354786014";"0,565576608951323";"False";"BATANG TUBUH";"PASAL 9"
"9";"Musyawarah Desa Khusus atau Musyawarah Kelurahan";"192,65";"539,098";"647,05";"659,05";"612,2";"BCDGEE+BookmanOldStyle";"12,0";"365,87399999999997";"306,1";"0,09763802678863107";"0,31468474354786014";"0,5659065664815419";"False";"BATANG TUBUH";"PASAL 9"
"9";"Khusus.";"192,65";"241,92000000000002";"665,05";"677,05";"612,2";"BCDGEE+BookmanOldStyle";"12,0";"217,28500000000003";"306,1";"0,14507513884351517";"0,31468474354786014";"0,08048023521724927";"False";"BATANG TUBUH";"PASAL 9"
"9";"(2) Pengurus Koperasi berdasarkan pengembangan dan";"171,25";"538,982";"682,85";"694,85";"612,2";"BCDGEE+BookmanOldStyle";"12,0";"355,116";"306,1";"0,08006533812479576";"0,2797288467820973";"0,6006729826853968";"False";"BATANG TUBUH";"PASAL 9"
"9";"revitalisasi koperasi, ditentukan berdasarkan hasil rapat";"192,65";"538,848";"700,85";"712,85";"612,2";"BCDGEE+BookmanOldStyle";"12,0";"365,74899999999997";"306,1";"0,09743384514864413";"0,31468474354786014";"0,5654982032015681";"False";"BATANG TUBUH";"PASAL 9"
"9";"anggota dengan melibatkan Musyawarah Desa Khusus";"192,65";"539,0200000000001";"718,6500000000001";"730,6500000000001";"612,2";"BCDGEE+BookmanOldStyle";"12,0";"365,83500000000004";"306,1";"0,09757432211695526";"0,31468474354786014";"0,5657791571381903";"False";"BATANG TUBUH";"PASAL 9"
"9";"atau Musyawarah Kelurahan Khusus.";"192,65";"417,15999999999997";"736,6700000000001";"748,6700000000001";"612,2";"BCDGEE+BookmanOldStyle";"12,0";"304,905";"306,1";"0,0019519764782751552";"0,31468474354786014";"0,3667265599477294";"False";"BATANG TUBUH";"PASAL 9"
"9";"(3) Ketua pengawas Koperasi dijabat oleh kepala Desa/Lurah";"171,25";"539,2339999999999";"754,48";"766,48";"612,2";"BCDGEE+BookmanOldStyle";"12,0";"355,24199999999996";"306,1";"0,08027115321790254";"0,2797288467820973";"0,6010846128716104";"False";"BATANG TUBUH";"PASAL 9"
"9";"sebagai ex-officio Pengawas Koperasi.";"192,65";"410,77";"772,48";"784,5400000000001";"612,2";"BCDGEE+BookmanOldStyle";"12,0";"301,71";"306,1";"0,007170859196341135";"0,31468474354786014";"0,35628879451159745";"False";"BATANG TUBUH";"PASAL 9"
"9";"(4) Pengurus dan Pengawas Koperasi tidak boleh memiliki";"171,25";"538,95";"790,27";"802,27";"612,2";"BCDGEE+BookmanOldStyle";"12,0";"355,1";"306,1";"0,08003920287487748";"0,2797288467820973";"0,6006207121855603";"False";"BATANG TUBUH";"PASAL 9"
"9";"hubungan keluarga sedarah dan hubungan keluarga";"192,65";"539,278";"808,2800000000001";"820,2800000000001";"612,2";"BCDGEE+BookmanOldStyle";"12,0";"365,964";"306,1";"0,09778503756942171";"0,31468474354786014";"0,5662005880431232";"False";"BATANG TUBUH";"PASAL 9"
"9";"semenda sampai derajat kesatu sesuai dengan ketentuan";"192,65";"538,8399999999999";"826,07";"838,07";"612,2";"BCDGEE+BookmanOldStyle";"12,0";"365,74499999999995";"306,1";"0,09742731133616452";"0,31468474354786014";"0,5654851355766088";"False";"BATANG TUBUH";"PASAL 9"
"9";"peraturan perundang-undangan.";"192,65";"387,66799999999995";"844,075";"856,075";"612,2";"BCDGEE+BookmanOldStyle";"12,0";"290,159";"306,1";"0,02603887618425356";"0,31468474354786014";"0,31855276053577253";"False";"BATANG TUBUH";"PASAL 9"
"10";"10";"298,7";"313,53999999999996";"37,500000000000114";"49,500000000000114";"612,2";"BCDGEE+BookmanOldStyle";"12,0";"306,12";"306,1";"3,266906239787947e-05";"0,4879124469127735";"0,02424044429924857";"False";"BATANG TUBUH";"PASAL 9"
"10";"Pasal 10";"280,5";"330,34";"74,12000000000012";"86,12000000000012";"612,2";"BCDGEE+BookmanOldStyle";"12,0";"305,41999999999996";"306,1";"0,001110748121529016";"0,4581836001306762";"0,08141130349558963";"False";"BATANG TUBUH";"PASAL 10"
"10";"(1) Bidang dan kegiatan usaha Koperasi terdiri dari:";"171,25";"479,498";"114,93000000000006";"126,93000000000006";"612,2";"BCDGEE+BookmanOldStyle";"12,0";"325,374";"306,1";"0,03148317543286508";"0,2797288467820973";"0,5035086573015354";"False";"BATANG TUBUH";"PASAL 10"
"10";"a. gerai penyediaan sembako;";"192,65";"373,328";"135,32000000000005";"147,32000000000005";"612,2";"BCDGEE+BookmanOldStyle";"12,0";"282,989";"306,1";"0,03775073505390403";"0,31468474354786014";"0,2951290427964717";"False";"BATANG TUBUH";"PASAL 10"
"10";"b. gerai penyediaan obat murah/apotek Desa/Kelurahan;";"192,65";"538,376";"155,72000000000014";"167,72000000000014";"612,2";"BCDGEE+BookmanOldStyle";"12,0";"365,513";"306,1";"0,09704835021234882";"0,31468474354786014";"0,5647272133289775";"False";"BATANG TUBUH";"PASAL 10"
"10";"c. gerai klinik Desa/Kelurahan;";"192,65";"385,47999999999996";"176,35000000000014";"188,35000000000014";"612,2";"BCDGEE+BookmanOldStyle";"12,0";"289,065";"306,1";"0,02782587389741918";"0,31468474354786014";"0,3149787651094413";"False";"BATANG TUBUH";"PASAL 10"
"10";"d. gerai kantor Koperasi;";"192,65";"343,73999999999995";"196,7500000000001";"208,7500000000001";"612,2";"BCDGEE+BookmanOldStyle";"12,0";"268,195";"306,1";"0,061916040509637414";"0,31468474354786014";"0,2467984318850048";"False";"BATANG TUBUH";"PASAL 10"
"10";"e. gerai unit simpan pinjam;";"192,65";"366,06999999999994";"217,1500000000001";"229,1500000000001";"612,2";"BCDGEE+BookmanOldStyle";"12,0";"279,35999999999996";"306,1";"0,04367853642600468";"0,31468474354786014";"0,28327344005227034";"False";"BATANG TUBUH";"PASAL 10"
"10";"f. gerai pergudangan (gudang berpendingin/rantai dingin)";"192,65";"539,57";"237,55000000000007";"249,55000000000007";"612,2";"BCDGEE+BookmanOldStyle";"12,0";"366,11";"306,1";"0,09802352172492647";"0,31468474354786014";"0,5666775563541327";"False";"BATANG TUBUH";"PASAL 10"
"10";"dan logistik (distribusi); dan";"213,88";"379,324";"257,95000000000005";"269,95000000000005";"612,2";"BCDGEE+BookmanOldStyle";"12,0";"296,602";"306,1";"0,015514537732767146";"0,34936295328324074";"0,27024501796798434";"False";"BATANG TUBUH";"PASAL 10"
"10";"g. kegiatan usaha lain sesuai penugasan pemerintah,";"192,65";"538,7920000000001";"278,3700000000001";"290,3700000000001";"612,2";"BCDGEE+BookmanOldStyle";"12,0";"365,72100000000006";"306,1";"0,09738810846128722";"0,31468474354786014";"0,5654067298268542";"False";"BATANG TUBUH";"PASAL 10"
"10";"kearifan lokal, dan kebutuhan masyarakat";"213,88";"538,7799999999999";"298,7700000000001";"310,7700000000001";"612,2";"BCDGEE+BookmanOldStyle";"12,0";"376,3299999999999";"306,1";"0,11471741261025792";"0,34936295328324074";"0,5307089186540344";"False";"BATANG TUBUH";"PASAL 10"
"10";"Desa/Kelurahan setempat serta karakteristik wilayah.";"213,88";"533,8720000000002";"319,18000000000006";"331,18000000000006";"612,2";"BCDGEE+BookmanOldStyle";"12,0";"373,8760000000001";"306,1";"0,11070891865403473";"0,34936295328324074";"0,522691930741588";"False";"BATANG TUBUH";"PASAL 10"
"10";"(2) Dalam menjalankan bidang dan kegiatan usaha Koperasi";"171,25";"539,138";"339,7700000000001";"351,7700000000001";"612,2";"BCDGEE+BookmanOldStyle";"12,0";"355,194";"306,1";"0,08019274746814765";"0,2797288467820973";"0,6009278013721007";"False";"BATANG TUBUH";"PASAL 10"
"10";"sebagaimana dimaksud pada ayat (1) huruf c, Koperasi";"192,65";"538,938";"360,1700000000001";"372,1700000000001";"612,2";"BCDGEE+BookmanOldStyle";"12,0";"365,794";"306,1";"0,09750735053903946";"0,31468474354786014";"0,5656452139823587";"False";"BATANG TUBUH";"PASAL 10"
"10";"dapat bekerja sama dengan perangkat daerah terkait yang";"192,65";"538,8760000000001";"380,57000000000005";"392,57000000000005";"612,2";"BCDGEE+BookmanOldStyle";"12,0";"365,76300000000003";"306,1";"0,09745671349232278";"0,31468474354786014";"0,5655439398889254";"False";"BATANG TUBUH";"PASAL 10"
"10";"diatur dalam perjanjian kerja sama dengan berpedoman";"192,65";"539,266";"401,0000000000001";"413,0000000000001";"612,2";"BCDGEE+BookmanOldStyle";"12,0";"365,95799999999997";"306,1";"0,09777523685070229";"0,31468474354786014";"0,5661809866056844";"False";"BATANG TUBUH";"PASAL 10"
"10";"pada Anggaran Dasar/Anggaran Rumah Tangga dan";"192,65";"539,088";"421,4000000000001";"433,40000000000003";"612,2";"BCDGEE+BookmanOldStyle";"11,999999999999943";"365,86899999999997";"306,1";"0,0976298595230316";"0,31468474354786014";"0,5658902319503429";"False";"BATANG TUBUH";"PASAL 10"
"10";"ketentuan peraturan perundang-undangan.";"192,65";"451,59";"441,8";"453,8";"612,2";"BCDGEE+BookmanOldStyle";"12,0";"322,12";"306,1";"0,02616791898072522";"0,31468474354786014";"0,42296635086573003";"False";"BATANG TUBUH";"PASAL 10"
"10";"Pasal 11";"280,5";"330,34";"482,6";"494,6";"612,2";"BCDGEE+BookmanOldStyle";"12,0";"305,41999999999996";"306,1";"0,001110748121529016";"0,4581836001306762";"0,08141130349558963";"False";"BATANG TUBUH";"PASAL 11"
"10";"Pembentukan Koperasi sebagaimana di maksud dalam";"171,25";"538,6659999999999";"523,6200000000001";"535,6200000000001";"612,2";"BCDGEE+BookmanOldStyle";"12,0";"354,95799999999997";"306,1";"0,07980725253185224";"0,2797288467820973";"0,6001568114995098";"False";"BATANG TUBUH";"PASAL 11"
"10";"Pasal 6 sampai dengan Pasal 11 dilaksanakan sesuai dengan";"171,25";"538,7139999999999";"544,02";"556,02";"612,2";"BCDGEE+BookmanOldStyle";"12,0";"354,98199999999997";"306,1";"0,07984645540672973";"0,2797288467820973";"0,6002352172492648";"False";"BATANG TUBUH";"PASAL 6"
"10";"norma, standar, prosedur, dan kriteria pembentukan";"171,25";"538,77";"564,4200000000001";"576,4200000000001";"612,2";"BCDGEE+BookmanOldStyle";"12,0";"355,01";"306,1";"0,07989219209408684";"0,2797288467820973";"0,600326690623979";"False";"BATANG TUBUH";"PASAL 6"
"10";"Koperasi yang di tetapkan oleh pemerintah pusat.";"171,25";"465,30999999999995";"584,82";"596,82";"612,2";"BCDGEE+BookmanOldStyle";"12,0";"318,28";"306,1";"0,019895459000326608";"0,2797288467820973";"0,48033322443645854";"False";"BATANG TUBUH";"PASAL 6"
"10";"Bagian Kedua";"264,48";"346,392";"625,6500000000001";"637,6500000000001";"612,2";"BCDGEE+BookmanOldStyle";"12,0";"305,43600000000004";"306,1";"0,0010846128716105639";"0,432015681149951";"0,13379941195687678";"False";"BATANG TUBUH";"BAGIAN KEDUA"
"10";"Prinsip, Aspek Kebijakan,";"230,08";"381,08799999999997";"646,05";"658,05";"612,2";"BCDGEE+BookmanOldStyle";"12,0";"305,584";"306,1";"0,0008428618098660888";"0,3758248938255472";"0,24666448872917338";"False";"BATANG TUBUH";"BAGIAN KEDUA"
"10";"Perizinan, dan Pengelolaan Usaha";"205,47";"405,498";"666,6500000000001";"678,6500000000001";"612,2";"BCDGEE+BookmanOldStyle";"12,0";"305,484";"306,1";"0,0010062071218556717";"0,33562561254491996";"0,32673636066644884";"False";"BATANG TUBUH";"BAGIAN KEDUA"
"10";"Paragraf 1";"275,27";"335,462";"707,45";"719,45";"612,2";"BCDGEE+BookmanOldStyle";"12,0";"305,366";"306,1";"0,0011989545900033278";"0,44964064031362294";"0,09832081019274748";"False";"BATANG TUBUH";"PARAGRAF 1"
"10";"Umum";"285,5";"325,544";"727,85";"739,85";"612,2";"BCDGEE+BookmanOldStyle";"12,0";"305,522";"306,1";"0,0009441359032996265";"0,4663508657301535";"0,06540999673309372";"False";"BATANG TUBUH";"PARAGRAF 1"
"10";"Pasal 12";"280,5";"330,34";"768,6700000000001";"780,6700000000001";"612,2";"BCDGEE+BookmanOldStyle";"12,0";"305,41999999999996";"306,1";"0,001110748121529016";"0,4581836001306762";"0,08141130349558963";"False";"BATANG TUBUH";"PASAL 12"
"10";"Koperasi melaksanakan prinsip, bentuk kelembagaan,";"171,25";"538,6899999999999";"809,47";"821,47";"612,2";"BCDGEE+BookmanOldStyle";"12,0";"354,96999999999997";"306,1";"0,07982685396929098";"0,2797288467820973";"0,6001960143743873";"False";"BATANG TUBUH";"PASAL 12"
"10";"perizinan, dan pengelolaan usaha sesuai dengan ketentuan";"171,25";"538,438";"830,075";"842,075";"612,2";"BCDGEE+BookmanOldStyle";"12,0";"354,844";"306,1";"0,0796210388761842";"0,2797288467820973";"0,5997843841881737";"False";"BATANG TUBUH";"PASAL 12"
"10";"peraturan perundang-undangan.";"171,25";"366,268";"850,5";"862,5";"612,2";"BCDGEE+BookmanOldStyle";"12,0";"268,759";"306,1";"0,060994772950016346";"0,2797288467820973";"0,31855276053577253";"False";"BATANG TUBUH";"PASAL 12"
"11";"11";"298,7";"313,53999999999996";"37,500000000000114";"49,500000000000114";"612,2";"BCDGEE+BookmanOldStyle";"12,0";"306,12";"306,1";"3,266906239787947e-05";"0,4879124469127735";"0,02424044429924857";"False";"BATANG TUBUH";"PASAL 12"
"11";"Paragraf 2";"275,27";"335,462";"74,12000000000012";"86,12000000000012";"612,2";"BCDGEE+BookmanOldStyle";"12,0";"305,366";"306,1";"0,0011989545900033278";"0,44964064031362294";"0,09832081019274748";"False";"BATANG TUBUH";"PARAGRAF 2"
"11";"Aspek Kebijakan";"256,48";"354,416";"90,5200000000001";"102,5200000000001";"612,2";"BCDGEE+BookmanOldStyle";"12,0";"305,448";"306,1";"0,0010650114341719105";"0,41894805619078734";"0,15997386475008163";"False";"BATANG TUBUH";"PARAGRAF 2"
"11";"Pasal 13";"280,5";"330,34";"123,12000000000012";"135,12000000000012";"612,2";"BCDGEE+BookmanOldStyle";"12,0";"305,41999999999996";"306,1";"0,001110748121529016";"0,4581836001306762";"0,08141130349558963";"False";"BATANG TUBUH";"PASAL 13"
"11";"(1) Dalam melakukan pengelolaan Koperasi, Pemerintah Daerah";"171,25";"539,2539999999999";"155,72000000000014";"167,72000000000014";"612,2";"BCDGEE+BookmanOldStyle";"12,0";"355,25199999999995";"306,1";"0,08028748774910148";"0,2797288467820973";"0,6011172819340083";"False";"BATANG TUBUH";"PASAL 13"
"11";"menetapkan kebijakan pada aspek paling sedikit:";"192,65";"484,166";"171,95000000000005";"183,95000000000005";"612,2";"BCDGEE+BookmanOldStyle";"12,0";"338,408";"306,1";"0,052773603397582476";"0,31468474354786014";"0,47617771969944456";"False";"BATANG TUBUH";"PASAL 13"
"11";"a. kelembagaan;";"192,65";"295,07199999999995";"188,35000000000014";"200,35000000000014";"612,2";"BCDGEE+BookmanOldStyle";"12,0";"243,861";"306,1";"0,10166448872917352";"0,31468474354786014";"0,1673015354459326";"False";"BATANG TUBUH";"PASAL 13"
"11";"b. produksi;";"192,65";"269,90799999999996";"204,7500000000001";"216,7500000000001";"612,2";"BCDGEE+BookmanOldStyle";"12,0";"231,279";"306,1";"0,12221659588369817";"0,31468474354786014";"0,12619732113688328";"False";"BATANG TUBUH";"PASAL 13"
"11";"c. pemasaran;";"192,65";"282,868";"220,95000000000005";"232,95000000000005";"612,2";"BCDGEE+BookmanOldStyle";"12,0";"237,75900000000001";"306,1";"0,11163181966677557";"0,31468474354786014";"0,1473668735707285";"False";"BATANG TUBUH";"PASAL 13"
"11";"d. keuangan; dan";"192,65";"301,936";"237,35000000000014";"249,35000000000014";"612,2";"BCDGEE+BookmanOldStyle";"12,0";"247,293";"306,1";"0,09605847762169227";"0,31468474354786014";"0,17851355766089508";"False";"BATANG TUBUH";"PASAL 13"
"11";"e. inovasi dan teknologi.";"192,65";"342,316";"253,55000000000007";"265,55000000000007";"612,2";"BCDGEE+BookmanOldStyle";"12,0";"267,483";"306,1";"0,06307905913100297";"0,31468474354786014";"0,2444723946422737";"False";"BATANG TUBUH";"PASAL 13"
"11";"(2) Kebijakan pada aspek kelembagaan sebagaimana";"171,25";"538,7660000000001";"269,95000000000005";"281,95000000000005";"612,2";"BCDGEE+BookmanOldStyle";"12,0";"355,00800000000004";"306,1";"0,07988892518784713";"0,2797288467820973";"0,6003201568114996";"False";"BATANG TUBUH";"PASAL 13"
"11";"dimaksud pada ayat (1) huruf a ditujukan untuk:";"192,65";"483,5799999999999";"286,3700000000001";"298,3700000000001";"612,2";"BCDGEE+BookmanOldStyle";"12,0";"338,11499999999995";"306,1";"0,052295001633453";"0,31468474354786014";"0,47522051617118577";"False";"BATANG TUBUH";"PASAL 13"
"11";"a. meningkatkan kualitas partisipasi anggota;";"192,65";"469,3839999999999";"302,57000000000005";"314,57000000000005";"612,2";"BCDGEE+BookmanOldStyle";"12,0";"331,01699999999994";"306,1";"0,040700751388435014";"0,31468474354786014";"0,4520320156811498";"False";"BATANG TUBUH";"PASAL 13"
"11";"b. meningkatkan kapasitas dan kompetensi sumber daya";"192,65";"538,894";"318,97000000000014";"330,97000000000014";"612,2";"BCDGEE+BookmanOldStyle";"12,0";"365,772";"306,1";"0,09747141457040177";"0,31468474354786014";"0,5655733420450834";"False";"BATANG TUBUH";"PASAL 13"
"11";"manusia Pengurus, Pengawas, dan Pengelola;";"213,88";"482,98999999999995";"335,18000000000006";"347,18000000000006";"612,2";"BCDGEE+BookmanOldStyle";"12,0";"348,43499999999995";"306,1";"0,06915223783077412";"0,34936295328324074";"0,4395785690950669";"False";"BATANG TUBUH";"PASAL 13"
"11";"c. meningkatkan kemampuan manajerial dan tata kelola";"192,65";"538,82";"351,57000000000005";"363,57000000000005";"612,2";"BCDGEE+BookmanOldStyle";"12,0";"365,735";"306,1";"0,09741097680496567";"0,31468474354786014";"0,5654524665142111";"False";"BATANG TUBUH";"PASAL 13"
"11";"Koperasi; dan";"213,88";"294,784";"367,7700000000001";"379,7700000000001";"612,2";"BCDGEE+BookmanOldStyle";"12,0";"254,332";"306,1";"0,08456060111074816";"0,34936295328324074";"0,1321528912120222";"False";"BATANG TUBUH";"PASAL 13"
"11";"d. meningkatkan kapasitas anggota Koperasi sebagai";"192,65";"538,916";"384,18000000000006";"396,18000000000006";"612,2";"BCDGEE+BookmanOldStyle";"12,0";"365,783";"306,1";"0,09748938255472066";"0,31468474354786014";"0,5656092780137211";"False";"BATANG TUBUH";"PASAL 13"
"11";"wirausaha Koperasi/wira Koperasi melalui inkubasi.";"213,88";"524,01";"400,60000000000014";"412,60000000000014";"612,2";"BCDGEE+BookmanOldStyle";"12,0";"368,945";"306,1";"0,10265436131983006";"0,34936295328324074";"0,5065828160731787";"False";"BATANG TUBUH";"PASAL 13"
"11";"(3) Kebijakan pada aspek produksi sebagaimana dimaksud";"171,25";"538,768";"416,80000000000007";"428,8";"612,2";"BCDGEE+BookmanOldStyle";"11,999999999999943";"355,009";"306,1";"0,07989055864096699";"0,2797288467820973";"0,6003234237177393";"False";"BATANG TUBUH";"PASAL 13"
"11";"pada ayat (1) huruf b ditujukan untuk:";"192,65";"422,6899999999999";"433,20000000000005";"445,20000000000005";"612,2";"BCDGEE+BookmanOldStyle";"12,0";"307,66999999999996";"306,1";"0,0025645213982357666";"0,31468474354786014";"0,37575955570075115";"False";"BATANG TUBUH";"PASAL 13"
"11";"a. meningkatkan teknik produksi dan pengolahan serta";"192,65";"538,932";"449,40000000000003";"461,40000000000003";"612,2";"BCDGEE+BookmanOldStyle";"12,0";"365,791";"306,1";"0,09750245017967979";"0,31468474354786014";"0,5656354132636393";"False";"BATANG TUBUH";"PASAL 13"
"11";"kemampuan manajemen bagi Koperasi;";"213,88";"446,58399999999995";"465,8";"477,8";"612,2";"BCDGEE+BookmanOldStyle";"12,0";"330,23199999999997";"306,1";"0,03941849068931713";"0,34936295328324074";"0,3801110748121528";"False";"BATANG TUBUH";"PASAL 13"
"11";"b. memberikan kemudahan dalam pengadaan sarana";"192,65";"538,736";"482,20000000000005";"494,20000000000005";"612,2";"BCDGEE+BookmanOldStyle";"12,0";"365,693";"306,1";"0,09734237177393001";"0,31468474354786014";"0,5653152564521398";"False";"BATANG TUBUH";"PASAL 13"
"11";"dan prasarana, produksi dan pengolahan, bahan";"213,88";"538,9599999999998";"498,40000000000003";"510,40000000000003";"612,2";"BCDGEE+BookmanOldStyle";"12,0";"376,4199999999999";"306,1";"0,11486442339104846";"0,34936295328324074";"0,5310029402156154";"False";"BATANG TUBUH";"PASAL 13"
"11";"baku, bahan penolong, dan kemasan bagi Koperasi;";"213,88";"519,364";"514,82";"526,82";"612,2";"BCDGEE+BookmanOldStyle";"12,0";"366,622";"306,1";"0,09885984972231295";"0,34936295328324074";"0,49899379287814444";"False";"BATANG TUBUH";"PASAL 13"
"11";"c. mendorong penerapan standardisasi dalam proses";"192,65";"538,672";"531,02";"543,02";"612,2";"BCDGEE+BookmanOldStyle";"12,0";"365,661";"306,1";"0,09729010127409339";"0,31468474354786014";"0,5652107154524666";"False";"BATANG TUBUH";"PASAL 13"
"11";"produksi dan pengolahan; dan";"213,88";"394,312";"547,4200000000001";"559,4200000000001";"612,2";"BCDGEE+BookmanOldStyle";"12,0";"304,096";"306,1";"0,0032734400522705306";"0,34936295328324074";"0,29472721332897744";"False";"BATANG TUBUH";"PASAL 13"
"11";"d. meningkatkan kemampuan rancang bangun dan";"192,65";"538,9119999999999";"563,6200000000001";"575,6200000000001";"612,2";"BCDGEE+BookmanOldStyle";"12,0";"365,78099999999995";"306,1";"0,09748611564848077";"0,31468474354786014";"0,5656027442012412";"False";"BATANG TUBUH";"PASAL 13"
"11";"perekayasaan bagi produk anggota Koperasi.";"213,88";"478,14399999999995";"580,02";"592,02";"612,2";"BCDGEE+BookmanOldStyle";"12,0";"346,01199999999994";"306,1";"0,06519438092126742";"0,34936295328324074";"0,43166285527605347";"False";"BATANG TUBUH";"PASAL 13"
"11";"(4) Kebijakan pada aspek pemasaran sebagaimana dimaksud";"171,25";"538,5740000000001";"596,4300000000001";"608,4300000000001";"612,2";"BCDGEE+BookmanOldStyle";"12,0";"354,91200000000003";"306,1";"0,07973211368833716";"0,2797288467820973";"0,6000065338124797";"False";"BATANG TUBUH";"PASAL 13"
"11";"pada ayat (1) huruf c ditujukan untuk:";"192,65";"420,024";"612,6200000000001";"624,6200000000001";"612,2";"BCDGEE+BookmanOldStyle";"12,0";"306,337";"306,1";"0,00038712838941516877";"0,31468474354786014";"0,37140476968311004";"False";"BATANG TUBUH";"PASAL 13"
"11";"a. menumbuhkan loyalitas anggota Koperasi dalam";"192,65";"538,66";"629,05";"641,05";"612,2";"BCDGEE+BookmanOldStyle";"12,0";"365,655";"306,1";"0,09728030055537397";"0,31468474354786014";"0,5651911140150278";"False";"BATANG TUBUH";"PASAL 13"
"11";"pemanfaatan layanan Koperasi;";"213,88";"400,22799999999995";"645,25";"657,25";"612,2";"BCDGEE+BookmanOldStyle";"12,0";"307,054";"306,1";"0,0015583142763801875";"0,34936295328324074";"0,3043907219862789";"False";"BATANG TUBUH";"PASAL 13"
"11";"b. mengembangkan potensi pasar selain anggota untuk";"192,65";"539,1100000000001";"661,6500000000001";"673,6500000000001";"612,2";"BCDGEE+BookmanOldStyle";"12,0";"365,88000000000005";"306,1";"0,09764782750735058";"0,31468474354786014";"0,565926167918981";"False";"BATANG TUBUH";"PASAL 13"
"11";"pengembangan usaha dan/atau kelebihan";"213,88";"538,96";"677,85";"689,85";"612,2";"BCDGEE+BookmanOldStyle";"12,0";"376,42";"306,1";"0,11486442339104866";"0,34936295328324074";"0,5310029402156159";"False";"BATANG TUBUH";"PASAL 13"
"11";"kemampuan pelayanan Koperasi kepada masyarakat";"213,88";"538,5639999999999";"694,25";"706,25";"612,2";"BCDGEE+BookmanOldStyle";"12,0";"376,2219999999999";"306,1";"0,1145409996733092";"0,34936295328324074";"0,530356092780137";"False";"BATANG TUBUH";"PASAL 13"
"11";"bukan anggota;";"213,88";"305,61999999999995";"710,6500000000001";"722,6500000000001";"612,2";"BCDGEE+BookmanOldStyle";"12,0";"259,75";"306,1";"0,07571055210715455";"0,34936295328324074";"0,1498529892192093";"False";"BATANG TUBUH";"PASAL 13"
"11";"c. pengembangan jaringan usaha Koperasi dan kerja";"192,65";"538,588";"726,85";"738,85";"612,2";"BCDGEE+BookmanOldStyle";"12,0";"365,61899999999997";"306,1";"0,09722149624305773";"0,31468474354786014";"0,5650735053903952";"False";"BATANG TUBUH";"PASAL 13"
"11";"sama yang saling menguntungkan antar-Koperasi dan";"213,88";"539,034";"743,27";"755,27";"612,2";"BCDGEE+BookmanOldStyle";"12,0";"376,457";"306,1";"0,11492486115648476";"0,34936295328324074";"0,531123815746488";"False";"BATANG TUBUH";"PASAL 13"
"11";"antara Koperasi dengan pihak lain;";"213,88";"421,1799999999999";"759,47";"771,47";"612,2";"BCDGEE+BookmanOldStyle";"12,0";"317,53";"306,1";"0,018670369160405015";"0,34936295328324074";"0,33861483175432844";"False";"BATANG TUBUH";"PASAL 13"
"11";"d. mendorong produk Koperasi untuk memiliki hak paten";"192,65";"538,6759999999999";"775,88";"787,88";"612,2";"BCDGEE+BookmanOldStyle";"12,0";"365,66299999999995";"306,1";"0,0972933681803331";"0,31468474354786014";"0,565217249264946";"False";"BATANG TUBUH";"PASAL 13"
"11";"dan merek sehingga mempunyai daya saing di pasar";"213,88";"538,6959999999999";"792,27";"804,27";"612,2";"BCDGEE+BookmanOldStyle";"12,0";"376,28799999999995";"306,1";"0,11464880757922236";"0,34936295328324074";"0,5305717085919632";"False";"BATANG TUBUH";"PASAL 13"
"11";"domestik dan pasar mancanegara; dan";"213,88";"443,04400000000004";"808,48";"820,48";"612,2";"BCDGEE+BookmanOldStyle";"12,0";"328,462";"306,1";"0,036527278667102196";"0,34936295328324074";"0,37432865076772304";"False";"BATANG TUBUH";"PASAL 13"
"11";"e. melakukan kurasi produk unggulan daerah yang";"192,65";"539,0919999999999";"824,87";"836,87";"612,2";"BCDGEE+BookmanOldStyle";"12,0";"365,8709999999999";"306,1";"0,09763312642927131";"0,31468474354786014";"0,5658967657628224";"False";"BATANG TUBUH";"PASAL 13"
"11";"memiliki potensi sebagai waralaba.";"213,88";"420,0439999999999";"841,075";"853,075";"612,2";"BCDGEE+BookmanOldStyle";"12,0";"316,962";"306,1";"0,01774256778830442";"0,34936295328324074";"0,3367592290101273";"False";"BATANG TUBUH";"PASAL 13"
"12";"12";"298,7";"313,53999999999996";"37,500000000000114";"49,500000000000114";"612,2";"BCDGEE+BookmanOldStyle";"12,0";"306,12";"306,1";"3,266906239787947e-05";"0,4879124469127735";"0,02424044429924857";"False";"BATANG TUBUH";"PASAL 13"
"12";"(5) Kebijakan pada aspek keuangan sebagaimana dimaksud";"171,25";"538,998";"74,12000000000012";"86,12000000000012";"612,2";"BCDGEE+BookmanOldStyle";"12,0";"355,124";"306,1";"0,08007840574975497";"0,2797288467820973";"0,6006991179353153";"False";"BATANG TUBUH";"PASAL 13"
"12";"pada ayat (1) huruf d paling sedikit ditujukan untuk:";"192,65";"505,46599999999995";"90,5200000000001";"102,5200000000001";"612,2";"BCDGEE+BookmanOldStyle";"12,0";"349,058";"306,1";"0,07016987912446908";"0,31468474354786014";"0,5109702711532177";"False";"BATANG TUBUH";"PASAL 13"
"12";"a. meningkatkan partisipasi modal anggota Koperasi";"192,65";"538,5999999999999";"107,12000000000012";"119,12000000000012";"612,2";"BCDGEE+BookmanOldStyle";"12,0";"365,62499999999994";"306,1";"0,09723129696177706";"0,31468474354786014";"0,5650931068278339";"False";"BATANG TUBUH";"PASAL 13"
"12";"melalui pemupukan modal yang berasal dari:";"213,88";"480,928";"123,5200000000001";"135,5200000000001";"612,2";"BCDGEE+BookmanOldStyle";"12,0";"347,404";"306,1";"0,067468147664162";"0,34936295328324074";"0,4362103887618425";"False";"BATANG TUBUH";"PASAL 13"
"12";"1. hibah;";"213,88";"272,892";"140,12000000000012";"152,12000000000012";"612,2";"BCDGEE+BookmanOldStyle";"12,0";"243,386";"306,1";"0,10244037896112385";"0,34936295328324074";"0,09639333551127081";"False";"BATANG TUBUH";"PASAL 13"
"12";"2. penyetaraan simpanan anggota; dan/atau";"213,88";"483,99600000000004";"156,5200000000001";"168,5200000000001";"612,2";"BCDGEE+BookmanOldStyle";"12,0";"348,938";"306,1";"0,0699738647500816";"0,34936295328324074";"0,44122182293368184";"False";"BATANG TUBUH";"PASAL 13"
"12";"3. sumber lain yang sah dan tidak mengikat sesuai";"213,88";"538,5840000000001";"173,1500000000001";"185,1500000000001";"612,2";"BCDGEE+BookmanOldStyle";"12,0";"376,232";"306,1";"0,11455733420450832";"0,34936295328324074";"0,5303887618425351";"False";"BATANG TUBUH";"PASAL 13"
"12";"dengan ketentuan peraturan perundang-";"235,08";"538,9699999999999";"189,55000000000007";"201,55000000000007";"612,2";"BCDGEE+BookmanOldStyle";"12,0";"387,025";"306,1";"0,13218719372753993";"0,3839921594250245";"0,49639006860503077";"False";"BATANG TUBUH";"PASAL 13"
"12";"undangan.";"235,08";"298,848";"206,1500000000001";"218,1500000000001";"612,2";"BCDGEE+BookmanOldStyle";"12,0";"266,964";"306,1";"0,06392682130022871";"0,3839921594250245";"0,10416203854949363";"False";"BATANG TUBUH";"PASAL 13"
"12";"b. meningkatkan akses pembiayaan kepada sumber";"192,65";"538,78";"222,55000000000007";"234,55000000000007";"612,2";"BCDGEE+BookmanOldStyle";"12,0";"365,715";"306,1";"0,0973783077425677";"0,31468474354786014";"0,5653871283894152";"False";"BATANG TUBUH";"PASAL 13"
"12";"pembiayaan dalam jumlah, bunga atau imbal jasa,";"213,88";"538,792";"239,1500000000001";"251,1500000000001";"612,2";"BCDGEE+BookmanOldStyle";"12,0";"376,336";"306,1";"0,11472721332897744";"0,34936295328324074";"0,5307285200914734";"False";"BATANG TUBUH";"PASAL 13"
"12";"dan tenggat waktu tertentu yang berasal dari :";"213,88";"487,4679999999999";"255,55000000000007";"267,55000000000007";"612,2";"BCDGEE+BookmanOldStyle";"12,0";"350,674";"306,1";"0,07280953936622012";"0,34936295328324074";"0,44689317216595864";"False";"BATANG TUBUH";"PASAL 13"
"12";"1. anggota;";"213,88";"285,048";"272,1500000000001";"284,1500000000001";"612,2";"BCDGEE+BookmanOldStyle";"12,0";"249,464";"306,1";"0,09251225089839925";"0,34936295328324074";"0,11624959163672002";"False";"BATANG TUBUH";"PASAL 13"
"12";"2. non-anggota;";"213,88";"312,54";"288,57000000000005";"300,57000000000005";"612,2";"BCDGEE+BookmanOldStyle";"12,0";"263,21000000000004";"306,1";"0,0700588043123162";"0,34936295328324074";"0,161156484808886";"False";"BATANG TUBUH";"PASAL 13"
"12";"3. Koperasi lain;";"213,88";"315,888";"304,97000000000014";"316,97000000000014";"612,2";"BCDGEE+BookmanOldStyle";"12,0";"264,884";"306,1";"0,06732440378961124";"0,34936295328324074";"0,16662528585429595";"False";"BATANG TUBUH";"PASAL 13"
"12";"4. bank dan industri keuangan nonbank; dan/atau";"213,88";"523,6319999999998";"321,57000000000005";"333,57000000000005";"612,2";"BCDGEE+BookmanOldStyle";"12,0";"368,7559999999999";"306,1";"0,1023456386801697";"0,34936295328324074";"0,505965370793858";"False";"BATANG TUBUH";"PASAL 13"
"12";"5. sumber lain yang sah dan tidak mengikat sesuai";"213,88";"538,5960000000001";"337,98000000000013";"349,98000000000013";"612,2";"BCDGEE+BookmanOldStyle";"12,0";"376,23800000000006";"306,1";"0,11456713492322775";"0,34936295328324074";"0,530408363279974";"False";"BATANG TUBUH";"PASAL 13"
"12";"dengan ketentuan peraturan perundang-undangan.";"235,08";"532,0060000000001";"354,57000000000005";"366,57000000000005";"612,2";"BCDGEE+BookmanOldStyle";"12,0";"383,54300000000006";"306,1";"0,1264995099640641";"0,3839921594250245";"0,4850147010780791";"False";"BATANG TUBUH";"PASAL 13"
"12";"(6) Kebijakan pada aspek inovasi dan teknologi sebagaimana";"171,25";"539,0300000000001";"370,97000000000014";"382,97000000000014";"612,2";"BCDGEE+BookmanOldStyle";"12,0";"355,14000000000004";"306,1";"0,08010454099967333";"0,2797288467820973";"0,600751388435152";"False";"BATANG TUBUH";"PASAL 13"
"12";"dimaksud pada ayat (1) huruf e ditujukan untuk:";"192,65";"483,86600000000004";"387,60000000000014";"399,60000000000014";"612,2";"BCDGEE+BookmanOldStyle";"12,0";"338,25800000000004";"306,1";"0,05252858542959819";"0,31468474354786014";"0,475687683763476";"False";"BATANG TUBUH";"PASAL 13"
"12";"a. meningkatkan kemampuan riset dan pengembangan";"192,65";"538,744";"404,0000000000001";"416,0000000000001";"612,2";"BCDGEE+BookmanOldStyle";"12,0";"365,697";"306,1";"0,09734890558640963";"0,31468474354786014";"0,565328324077099";"False";"BATANG TUBUH";"PASAL 13"
"12";"usaha Koperasi, keinovasian, dan transformasi digital;";"213,88";"535,0";"420,6";"432,6";"612,2";"BCDGEE+BookmanOldStyle";"12,0";"374,44";"306,1";"0,11163018621365561";"0,34936295328324074";"0,5245344658608297";"False";"BATANG TUBUH";"PASAL 13"
"12";"b. mendorong peningkatan kemampuan inovasi Koperasi";"192,65";"538,8159999999999";"437,00000000000006";"449,00000000000006";"612,2";"BCDGEE+BookmanOldStyle";"12,0";"365,73299999999995";"306,1";"0,09740770989872577";"0,31468474354786014";"0,5654459327017313";"False";"BATANG TUBUH";"PASAL 13"
"12";"untuk meningkatkan efisiensi kerja dan daya saing";"213,88";"538,672";"453,6";"465,6";"612,2";"BCDGEE+BookmanOldStyle";"12,0";"376,276";"306,1";"0,11462920614178371";"0,34936295328324074";"0,5305325057170859";"False";"BATANG TUBUH";"PASAL 13"
"12";"Koperasi;";"213,88";"268,70799999999997";"470,00000000000006";"482,00000000000006";"612,2";"BCDGEE+BookmanOldStyle";"12,0";"241,29399999999998";"306,1";"0,10585756288794518";"0,34936295328324074";"0,08955896765762818";"False";"BATANG TUBUH";"PASAL 13"
"12";"c. mendorong pemanfaatan teknologi informasi dan";"192,65";"539,088";"486,6";"498,6";"612,2";"BCDGEE+BookmanOldStyle";"12,0";"365,86899999999997";"306,1";"0,0976298595230316";"0,31468474354786014";"0,5658902319503429";"False";"BATANG TUBUH";"PASAL 13"
"12";"komunikasi dalam kegiatan operasional usaha dan";"213,88";"539,3919999999997";"503,02000000000004";"515,02";"612,2";"BCDGEE+BookmanOldStyle";"12,0";"376,63599999999985";"306,1";"0,11521724926494581";"0,34936295328324074";"0,5317085919634101";"False";"BATANG TUBUH";"PASAL 13"
"12";"layanan Koperasi, serta dalam bidang desain dan";"213,88";"538,9879999999998";"519,4200000000001";"531,4200000000001";"612,2";"BCDGEE+BookmanOldStyle";"12,0";"376,4339999999999";"306,1";"0,11488729173472702";"0,34936295328324074";"0,5310486769029725";"False";"BATANG TUBUH";"PASAL 13"
"12";"pengendalian mutu;";"213,88";"329,13999999999993";"536,02";"548,02";"612,2";"BCDGEE+BookmanOldStyle";"12,0";"271,51";"306,1";"0,05650114341718397";"0,34936295328324074";"0,1882718065991505";"False";"BATANG TUBUH";"PASAL 13"
"12";"d. mendorong Koperasi dalam menjaga keamanan data";"192,65";"538,948";"552,4200000000001";"564,4200000000001";"612,2";"BCDGEE+BookmanOldStyle";"12,0";"365,799";"306,1";"0,09751551780463892";"0,31468474354786014";"0,5656615485135577";"False";"BATANG TUBUH";"PASAL 13"
"12";"dan informasi digital sesuai ketentuan peraturan";"213,88";"538,9239999999999";"569,02";"581,02";"612,2";"BCDGEE+BookmanOldStyle";"12,0";"376,40199999999993";"306,1";"0,1148350212348904";"0,34936295328324074";"0,5309441359032994";"False";"BATANG TUBUH";"PASAL 13"
"12";"perundang-undangan;";"213,88";"346,268";"585,4300000000001";"597,4300000000001";"612,2";"BCDGEE+BookmanOldStyle";"12,0";"280,07399999999996";"306,1";"0,04251225089839932";"0,34936295328324074";"0,21624959163671997";"False";"BATANG TUBUH";"PASAL 13"
"12";"e. mendorong peningkatan kerja sama dan alih teknologi;";"192,65";"538,7200000000001";"602,02";"614,02";"612,2";"BCDGEE+BookmanOldStyle";"12,0";"365,68500000000006";"306,1";"0,09732930414897098";"0,31468474354786014";"0,5652891212022217";"False";"BATANG TUBUH";"PASAL 13"
"12";"f. memberikan insentif kepada Koperasi yang";"192,65";"538,9119999999999";"618,45";"630,45";"612,2";"BCDGEE+BookmanOldStyle";"12,0";"365,78099999999995";"306,1";"0,09748611564848077";"0,31468474354786014";"0,5656027442012412";"False";"BATANG TUBUH";"PASAL 13"
"12";"mengembangkan teknologi ramah lingkungan; dan";"213,88";"513,9879999999998";"635,05";"647,05";"612,2";"BCDGEE+BookmanOldStyle";"12,0";"363,9339999999999";"306,1";"0,09446912773603379";"0,34936295328324074";"0,4902123489055861";"False";"BATANG TUBUH";"PASAL 13"
"12";"g. pengembangan wirausaha Koperasi melalui inkubasi.";"192,65";"529,3240000000002";"651,45";"663,45";"612,2";"BCDGEE+BookmanOldStyle";"12,0";"360,9870000000001";"306,1";"0,08965534139170214";"0,31468474354786014";"0,5499411956876841";"False";"BATANG TUBUH";"PASAL 13"
"12";"Paragraf 3";"275,27";"335,462";"684,45";"696,45";"612,2";"BCDGEE+BookmanOldStyle";"12,0";"305,366";"306,1";"0,0011989545900033278";"0,44964064031362294";"0,09832081019274748";"False";"BATANG TUBUH";"PARAGRAF 3"
"12";"Perizinan";"278,1";"332,78400000000005";"701,0500000000001";"713,0500000000001";"612,2";"BCDGEE+BookmanOldStyle";"12,0";"305,442";"306,1";"0,0010748121528912373";"0,45426331264292713";"0,08932375040836331";"False";"BATANG TUBUH";"PARAGRAF 3"
"12";"Pasal 14";"280,5";"330,34";"733,87";"745,87";"612,2";"BCDGEE+BookmanOldStyle";"12,0";"305,41999999999996";"306,1";"0,001110748121529016";"0,4581836001306762";"0,08141130349558963";"False";"BATANG TUBUH";"PASAL 14"
"12";"(1) Perizinan sebagaimana dimaksud dalam Pasal 12 meliputi:";"171,25";"529,782";"766,88";"778,88";"612,2";"BCDGEE+BookmanOldStyle";"12,0";"350,516";"306,1";"0,0725514537732767";"0,2797288467820973";"0,5856452139823587";"False";"BATANG TUBUH";"PASAL 14"
"12";"a. persyaratan dasar perizinan berusaha; dan/atau";"192,65";"502,28800000000007";"783,48";"795,48";"612,2";"BCDGEE+BookmanOldStyle";"12,0";"347,46900000000005";"306,1";"0,06757432211695528";"0,31468474354786014";"0,5057791571381901";"False";"BATANG TUBUH";"PASAL 14"
"12";"b. perizinan berusaha berbasis risiko.";"192,65";"421,56";"799,87";"811,87";"612,2";"BCDGEE+BookmanOldStyle";"12,000000000000014";"307,105";"306,1";"0,0016416203854949288";"0,31468474354786014";"0,37391375367526947";"False";"BATANG TUBUH";"PASAL 14"
"12";"(2) Perizinan sebagaimana dimaksud pada ayat (1)";"171,25";"539,006";"816,48";"828,48";"612,2";"BCDGEE+BookmanOldStyle";"12,0";"355,128";"306,1";"0,0800849395622345";"0,2797288467820973";"0,6007121855602743";"False";"BATANG TUBUH";"PASAL 14"
"12";"dilaksanakan sesuai dengan ketentuan peraturan";"192,65";"538,9219999999998";"832,875";"844,875";"612,2";"BCDGEE+BookmanOldStyle";"12,0";"365,7859999999999";"306,1";"0,09749428291408013";"0,31468474354786014";"0,56561907873244";"False";"BATANG TUBUH";"PASAL 14"
"12";"perundang-undangan.";"192,65";"325,03799999999995";"849,5";"861,5";"612,2";"BCDGEE+BookmanOldStyle";"12,0";"258,844";"306,1";"0,07719046063377985";"0,31468474354786014";"0,21624959163671992";"False";"BATANG TUBUH";"PASAL 14"
"13";"13";"298,7";"313,53999999999996";"37,500000000000114";"49,500000000000114";"612,2";"BCDGEE+BookmanOldStyle";"12,0";"306,12";"306,1";"3,266906239787947e-05";"0,4879124469127735";"0,02424044429924857";"False";"BATANG TUBUH";"PASAL 14"
"13";"BAB VI";"284,5";"326,58";"74,12000000000012";"86,12000000000012";"612,2";"BCDGEE+BookmanOldStyle";"12,0";"305,53999999999996";"306,1";"0,0009147337471415535";"0,46471741261025806";"0,06873570728520088";"True";"BATANG TUBUH";"BAB VI"
"13";"PEMBENTUKAN SATUAN TUGAS";"207,48";"403,248";"92,5200000000001";"104,5200000000001";"612,2";"BCDGEE+BookmanOldStyle";"12,0";"305,364";"306,1";"0,0012022214962431343";"0,3389088533159098";"0,3197778503756942";"True";"BATANG TUBUH";"BAB VI"
"13";"Pasal 15";"280,5";"330,34";"129,12000000000012";"141,12000000000012";"612,2";"BCDGEE+BookmanOldStyle";"12,0";"305,41999999999996";"306,1";"0,001110748121529016";"0,4581836001306762";"0,08141130349558963";"False";"BATANG TUBUH";"PASAL 15"
"13";"(1) Dalam hal percepatan pembentukan dan penyelenggaraan";"171,25";"538,658";"165,7500000000001";"177,7500000000001";"612,2";"BCDGEE+BookmanOldStyle";"12,0";"354,954";"306,1";"0,07980071871937272";"0,2797288467820973";"0,6001437438745508";"False";"BATANG TUBUH";"PASAL 15"
"13";"Koperasi, dibentuk satuan tugas dengan susunan";"192,65";"538,9999999999999";"183,95000000000005";"195,95000000000005";"612,2";"BCDGEE+BookmanOldStyle";"12,0";"365,82499999999993";"306,1";"0,09755798758575614";"0,31468474354786014";"0,5657464880757921";"False";"BATANG TUBUH";"PASAL 15"
"13";"sebagai berikut:";"192,65";"286,82599999999996";"202,35000000000014";"214,35000000000014";"612,2";"BCDGEE+BookmanOldStyle";"12,0";"239,738";"306,1";"0,10839921594250249";"0,31468474354786014";"0,15383208101927467";"False";"BATANG TUBUH";"PASAL 15"
"13";"a. Ketua yaitu Bupati Malang;";"192,65";"375,95199999999994";"220,55000000000007";"232,55000000000007";"612,2";"BCDGEE+BookmanOldStyle";"12,0";"284,301";"306,1";"0,035607644560601164";"0,31468474354786014";"0,2994152237830773";"False";"BATANG TUBUH";"PASAL 15"
"13";"b. Wakil Ketua yaitu Sekretaris Daerah;";"192,65";"433,144";"238,95000000000005";"250,95000000000005";"612,2";"BCDGEE+BookmanOldStyle";"12,0";"312,897";"306,1";"0,011102580855929382";"0,31468474354786014";"0,3928356746161385";"False";"BATANG TUBUH";"PASAL 15"
"13";"c. Sekretaris yaitu Kepala Dinas Koperasi dan Usaha Mikro;";"192,65";"539,1879999999998";"257,35000000000014";"269,35000000000014";"612,2";"BCDGEE+BookmanOldStyle";"12,0";"365,91899999999987";"306,1";"0,0977115321790262";"0,31468474354786014";"0,5660535772623322";"False";"BATANG TUBUH";"PASAL 15"
"13";"dan";"213,88";"235,396";"275,57000000000005";"287,57000000000005";"612,2";"BCDGEE+BookmanOldStyle";"12,0";"224,63799999999998";"306,1";"0,13306435805292394";"0,34936295328324074";"0,03514537732767068";"False";"BATANG TUBUH";"PASAL 15"
"13";"d. Anggota yaitu:";"192,65";"298,59999999999997";"293,98000000000013";"305,98000000000013";"612,2";"BCDGEE+BookmanOldStyle";"12,0";"245,625";"306,1";"0,0987830774256779";"0,31468474354786014";"0,1730643580529238";"False";"BATANG TUBUH";"PASAL 15"
"13";"1. Asisten Perekonomian dan Pembangunan";"213,88";"538,824";"312,18000000000006";"324,18000000000006";"612,2";"BCDGEE+BookmanOldStyle";"12,0";"376,352";"306,1";"0,1147533485788957";"0,34936295328324074";"0,5307807905913099";"False";"BATANG TUBUH";"PASAL 15"
"13";"Sekretaris Daerah;";"235,08";"345,252";"330,57000000000005";"342,57000000000005";"612,2";"BCDGEE+BookmanOldStyle";"12,0";"290,166";"306,1";"0,026027442012414283";"0,3839921594250245";"0,1799607971251225";"False";"BATANG TUBUH";"PASAL 15"
"13";"2. Asisten Pemerintahan dan Kesejahteraan Rakyat";"213,88";"538,8199999999999";"348,7700000000001";"360,7700000000001";"612,2";"BCDGEE+BookmanOldStyle";"12,0";"376,34999999999997";"306,1";"0,1147500816726559";"0,34936295328324074";"0,5307742567788303";"False";"BATANG TUBUH";"PASAL 15"
"13";"Sekretaris Daerah;";"235,08";"345,252";"367,18000000000006";"379,18000000000006";"612,2";"BCDGEE+BookmanOldStyle";"12,0";"290,166";"306,1";"0,026027442012414283";"0,3839921594250245";"0,1799607971251225";"False";"BATANG TUBUH";"PASAL 15"
"13";"3. Inspektur;";"213,88";"296,08799999999997";"385,57000000000005";"397,57000000000005";"612,2";"BCDGEE+BookmanOldStyle";"12,0";"254,98399999999998";"306,1";"0,08349558967657635";"0,34936295328324074";"0,13428291408036583";"False";"BATANG TUBUH";"PASAL 15"
"13";"4. Kepala Badan Perencanaan dan Pembangunan Daerah;";"213,88";"538,6559999999998";"403,80000000000007";"415,80000000000007";"612,2";"BCDGEE+BookmanOldStyle";"12,0";"376,2679999999999";"306,1";"0,11461613851682438";"0,34936295328324074";"0,5305063704671673";"False";"BATANG TUBUH";"PASAL 15"
"13";"5. Kepala Badan Keuangan dan Aset Daerah;";"213,88";"482,0639999999999";"422,20000000000005";"434,20000000000005";"612,2";"BCDGEE+BookmanOldStyle";"12,0";"347,972";"306,1";"0,06839594903626259";"0,34936295328324074";"0,4380659915060436";"False";"BATANG TUBUH";"PASAL 15"
"13";"6. Kepala Dinas Pemberdayaan Masyarakat dan Desa;";"213,88";"534,61";"440,40000000000003";"452,40000000000003";"612,2";"BCDGEE+BookmanOldStyle";"12,0";"374,245";"306,1";"0,11131166285527602";"0,34936295328324074";"0,5238974191440705";"False";"BATANG TUBUH";"PASAL 15"
"13";"7. Kepala Dinas Perindustrian dan Perdagangan;";"213,88";"507,33599999999996";"458,8";"470,8";"612,2";"BCDGEE+BookmanOldStyle";"12,0";"360,60799999999995";"306,1";"0,08903626265926155";"0,34936295328324074";"0,4793466187520417";"False";"BATANG TUBUH";"PASAL 15"
"13";"8. Kepala Dinas Tanaman Pangan, Hortikultura, dan";"213,88";"538,732";"477,00000000000006";"489,00000000000006";"612,2";"BCDGEE+BookmanOldStyle";"12,0";"376,306";"306,1";"0,11467820973538052";"0,34936295328324074";"0,5306305129042795";"False";"BATANG TUBUH";"PASAL 15"
"13";"Perkebunan;";"235,08";"308,928";"495,40000000000003";"507,40000000000003";"612,2";"BCDGEE+BookmanOldStyle";"12,0";"272,004";"306,1";"0,05569421757595557";"0,3839921594250245";"0,12062724599803983";"False";"BATANG TUBUH";"PASAL 15"
"13";"9. Kepala Dinas Ketahanan Pangan;";"213,88";"432,436";"513,6200000000001";"525,6200000000001";"612,2";"BCDGEE+BookmanOldStyle";"12,0";"323,158";"306,1";"0,027863443319176725";"0,34936295328324074";"0,35700098007187187";"False";"BATANG TUBUH";"PASAL 15"
"13";"10. Kepala Dinas Sosial;";"213,88";"355,85999999999996";"532,02";"544,02";"612,2";"BCDGEE+BookmanOldStyle";"12,0";"284,87";"306,1";"0,03467820973538062";"0,34936295328324074";"0,2319176739627572";"False";"BATANG TUBUH";"PASAL 15"
"13";"11. Kepala Dinas Peternakan dan Kesehatan Hewan;";"213,88";"523,344";"550,4200000000001";"562,4200000000001";"612,2";"BCDGEE+BookmanOldStyle";"12,0";"368,612";"306,1";"0,10211042143090493";"0,34936295328324074";"0,5054949362953284";"False";"BATANG TUBUH";"PASAL 15"
"13";"12. Kepala Dinas Perikanan;";"213,88";"380,57";"568,6200000000001";"580,6200000000001";"612,2";"BCDGEE+BookmanOldStyle";"12,0";"297,225";"306,1";"0,014496896439072197";"0,34936295328324074";"0,27228030055537406";"False";"BATANG TUBUH";"PASAL 15"
"13";"13. Kepala Dinas Penanaman Modal dan Pelayanan";"213,88";"538,68";"587,02";"599,02";"612,2";"BCDGEE+BookmanOldStyle";"12,0";"376,28";"306,1";"0,11463573995426322";"0,34936295328324074";"0,530545573342045";"False";"BATANG TUBUH";"PASAL 15"
"13";"Terpadu Satu Pintu;";"235,08";"354,792";"605,23";"617,23";"612,2";"BCDGEE+BookmanOldStyle";"12,0";"294,936";"306,1";"0,018235870630512976";"0,3839921594250245";"0,1955439398889251";"False";"BATANG TUBUH";"PASAL 15"
"13";"14. Kepala Dinas Kesehatan;";"213,88";"382,44";"623,6500000000001";"635,6500000000001";"612,2";"BCDGEE+BookmanOldStyle";"12,0";"298,15999999999997";"306,1";"0,012969617771970032";"0,34936295328324074";"0,27533485788957857";"False";"BATANG TUBUH";"PASAL 15"
"13";"15. Kepala Dinas Perhubungan;";"213,88";"400,61999999999995";"641,85";"653,85";"612,2";"BCDGEE+BookmanOldStyle";"12,0";"307,25";"306,1";"0,0018784710878797406";"0,34936295328324074";"0,3050310356092779";"False";"BATANG TUBUH";"PASAL 15"
"13";"16. Kepala Dinas Komunikasi dan Informatika;";"213,88";"489,768";"660,25";"672,25";"612,2";"BCDGEE+BookmanOldStyle";"12,0";"351,82399999999996";"306,1";"0,07468801045409985";"0,34936295328324074";"0,4506501143417183";"False";"BATANG TUBUH";"PASAL 15"
"13";"17. Kepala Bagian Hukum Sekretariat Daerah;";"213,88";"487,59";"678,45";"690,45";"612,2";"BCDGEE+BookmanOldStyle";"12,0";"350,735";"306,1";"0,07290918000653379";"0,34936295328324074";"0,447092453446586";"False";"BATANG TUBUH";"PASAL 15"
"13";"18. Kepala Bagian Tata Pemerintahan Sekretariat Daerah;";"213,88";"534,8759999999999";"696,85";"708,85";"612,2";"BCDGEE+BookmanOldStyle";"12,0";"374,37799999999993";"306,1";"0,11152891212022199";"0,34936295328324074";"0,5243319176739625";"False";"BATANG TUBUH";"PASAL 15"
"13";"19. Kepala Bagian Perekonomian Sekretariat Daerah;";"213,88";"526,512";"715,25";"727,25";"612,2";"BCDGEE+BookmanOldStyle";"12,0";"370,19599999999997";"306,1";"0,10469781117281925";"0,34936295328324074";"0,510669715779157";"False";"BATANG TUBUH";"PASAL 15"
"13";"20. Camat se Kabupaten Malang;";"213,88";"408,58799999999997";"733,48";"745,48";"612,2";"BCDGEE+BookmanOldStyle";"12,0";"311,234";"306,1";"0,008386148317543217";"0,34936295328324074";"0,31804639006860497";"False";"BATANG TUBUH";"PASAL 15"
"13";"21. Lurah se Kabupaten Malang;";"213,88";"405,73199999999997";"751,87";"763,87";"612,2";"BCDGEE+BookmanOldStyle";"12,0";"309,806";"306,1";"0,006053577262332506";"0,34936295328324074";"0,31338124795818356";"False";"BATANG TUBUH";"PASAL 15"
"13";"22. Kepala Desa se Kabupaten Malang;";"213,88";"442,79999999999995";"770,07";"782,07";"612,2";"BCDGEE+BookmanOldStyle";"12,0";"328,34";"306,1";"0,03632799738647493";"0,34936295328324074";"0,3739300882064684";"False";"BATANG TUBUH";"PASAL 15"
"13";"23. Ketua Paguyuban Camat Kabupaten Malang;";"213,88";"500,47200000000004";"788,48";"800,48";"612,2";"BCDGEE+BookmanOldStyle";"12,0";"357,17600000000004";"306,1";"0,0834302515517805";"0,34936295328324074";"0,4681345965370794";"False";"BATANG TUBUH";"PASAL 15"
"13";"24. Ketua Dewan Koperasi Indonesia Daerah";"213,88";"538,788";"806,6700000000001";"818,6700000000001";"612,2";"BCDGEE+BookmanOldStyle";"12,0";"376,334";"306,1";"0,11472394642273763";"0,34936295328324074";"0,5307219862789938";"False";"BATANG TUBUH";"PASAL 15"
"13";"Kabupaten Malang; dan";"235,08";"376,10400000000004";"825,07";"837,07";"612,2";"BCDGEE+BookmanOldStyle";"12,0";"305,59200000000004";"306,1";"0,0008297941849068626";"0,3839921594250245";"0,23035609278013724";"False";"BATANG TUBUH";"PASAL 15"
"13";"25. Ketua Asosiasi Kepala Desa Kabupaten Malang.";"213,88";"516,552";"843,2750000000001";"855,2750000000001";"612,2";"BCDGEE+BookmanOldStyle";"12,0";"365,216";"306,1";"0,09656321463573993";"0,34936295328324074";"0,49440052270499835";"False";"BATANG TUBUH";"PASAL 15"
"14";"14";"298,7";"313,53999999999996";"37,500000000000114";"49,500000000000114";"612,2";"BCDGEE+BookmanOldStyle";"12,0";"306,12";"306,1";"3,266906239787947e-05";"0,4879124469127735";"0,02424044429924857";"False";"BATANG TUBUH";"PASAL 15"
"14";"(2) Satuan tugas sebagaimana dimaksud pada ayat (1)";"171,25";"538,766";"74,12000000000012";"86,12000000000012";"612,2";"BCDGEE+BookmanOldStyle";"12,0";"355,008";"306,1";"0,07988892518784703";"0,2797288467820973";"0,6003201568114994";"False";"BATANG TUBUH";"PASAL 15"
"14";"memiliki tugas antara lain:";"192,65";"351,94";"89,92000000000007";"101,92000000000007";"612,2";"BCDGEE+BookmanOldStyle";"12,0";"272,295";"306,1";"0,055218882718066";"0,31468474354786014";"0,26019274746814763";"False";"BATANG TUBUH";"PASAL 15"
"14";"a. mendorong peningkatan koordinasi dengan instansi";"192,65";"539,032";"105,73000000000013";"117,73000000000013";"612,2";"BCDGEE+BookmanOldStyle";"12,0";"365,841";"306,1";"0,09758412283567458";"0,31468474354786014";"0,5657987585756289";"False";"BATANG TUBUH";"PASAL 15"
"14";"vertikal dan/atau pemerintah daerah;";"213,88";"437,34399999999994";"121,5200000000001";"133,5200000000001";"612,2";"BCDGEE+BookmanOldStyle";"12,0";"325,61199999999997";"306,1";"0,0318719372754001";"0,34936295328324074";"0,36501796798431874";"False";"BATANG TUBUH";"PASAL 15"
"14";"b. memetakan potensi Desa/Kelurahan untuk percepatan";"192,65";"539,2779999999999";"137,32000000000005";"149,32000000000005";"612,2";"BCDGEE+BookmanOldStyle";"12,0";"365,96399999999994";"306,1";"0,09778503756942161";"0,31468474354786014";"0,566200588043123";"False";"BATANG TUBUH";"PASAL 15"
"14";"pembentukan Koperasi Desa/Kelurahan; dan";"213,88";"474,6279999999999";"153,12000000000012";"165,12000000000012";"612,2";"BCDGEE+BookmanOldStyle";"12,0";"344,2539999999999";"306,1";"0,06232277033649115";"0,34936295328324074";"0,4259196341065009";"False";"BATANG TUBUH";"PASAL 15"
"14";"c. melakukan pendampingan kepada Koperasi dari aspek";"192,65";"538,6600000000001";"168,95000000000005";"180,95000000000005";"612,2";"BCDGEE+BookmanOldStyle";"12,0";"365,65500000000003";"306,1";"0,09728030055537407";"0,31468474354786014";"0,5651911140150279";"False";"BATANG TUBUH";"PASAL 15"
"14";"kelembagaan, usaha dan penguatan sumber daya";"213,88";"538,946";"184,7500000000001";"196,7500000000001";"612,2";"BCDGEE+BookmanOldStyle";"12,0";"376,413";"306,1";"0,11485298921920938";"0,34936295328324074";"0,5309800718719373";"False";"BATANG TUBUH";"PASAL 15"
"14";"manusia untuk mendukung keberhasilan program";"213,88";"538,7079999999999";"200,55000000000007";"212,55000000000007";"612,2";"BCDGEE+BookmanOldStyle";"12,0";"376,2939999999999";"306,1";"0,11465860829794168";"0,34936295328324074";"0,5305913100294019";"False";"BATANG TUBUH";"PASAL 15"
"14";"pembentukan dan pengelolaan Koperasi; dan";"213,88";"480,08799999999997";"216,1500000000001";"228,1500000000001";"612,2";"BCDGEE+BookmanOldStyle";"12,0";"346,984";"306,1";"0,06678209735380587";"0,34936295328324074";"0,4348382881411303";"False";"BATANG TUBUH";"PASAL 15"
"14";"(3) Satuan tugas sebagaimana dimaksud pada ayat (1)";"171,25";"538,86";"231,95000000000005";"243,95000000000005";"612,2";"BCDGEE+BookmanOldStyle";"12,0";"355,055";"306,1";"0,07996569748448216";"0,2797288467820973";"0,6004737014047696";"False";"BATANG TUBUH";"PASAL 15"
"14";"ditetapkan dengan keputusan Bupati.";"192,65";"416,714";"247,7500000000001";"259,7500000000001";"612,2";"BCDGEE+BookmanOldStyle";"12,0";"304,682";"306,1";"0,002316236524011771";"0,31468474354786014";"0,36599803985625606";"False";"BATANG TUBUH";"PASAL 15"
"14";"BAB VII";"282,3";"328,58";"279,3700000000001";"291,3700000000001";"612,2";"BCDGEE+BookmanOldStyle";"12,0";"305,44";"306,1";"0,0010780790591310436";"0,4611238157464881";"0,0755962103887618";"True";"BATANG TUBUH";"BAB VII"
"14";"PELINDUNGAN KOPERASI";"226,68";"384,29999999999995";"295,18000000000006";"307,18000000000006";"612,2";"BCDGEE+BookmanOldStyle";"12,0";"305,49";"306,1";"0,0009964064031362523";"0,3702711532179026";"0,2574648807579221";"True";"BATANG TUBUH";"BAB VII"
"14";"Pasal 16";"280,5";"330,34";"326,7700000000001";"338,7700000000001";"612,2";"BCDGEE+BookmanOldStyle";"12,0";"305,41999999999996";"306,1";"0,001110748121529016";"0,4581836001306762";"0,08141130349558963";"False";"BATANG TUBUH";"PASAL 16"
"14";"(1) Dalam rangka pemberian Pelindungan terhadap Koperasi,";"171,25";"539,178";"358,3700000000001";"370,3700000000001";"612,2";"BCDGEE+BookmanOldStyle";"12,0";"355,214";"306,1";"0,08022541653054553";"0,2797288467820973";"0,6009931394968964";"False";"BATANG TUBUH";"PASAL 16"
"14";"Pemerintah Daerah dapat:";"192,65";"347,94";"374,18000000000006";"386,18000000000006";"612,2";"BCDGEE+BookmanOldStyle";"12,0";"270,295";"306,1";"0,058485788957856916";"0,31468474354786014";"0,2536589349885658";"False";"BATANG TUBUH";"PASAL 16"
"14";"a. menetapkan bidang kegiatan ekonomi yang hanya";"192,65";"539,9680000000001";"390,0000000000001";"402,0000000000001";"612,2";"BCDGEE+BookmanOldStyle";"12,0";"366,309";"306,1";"0,09834857889578569";"0,31468474354786014";"0,5673276706958511";"False";"BATANG TUBUH";"PASAL 16"
"14";"boleh diusahakan Koperasi; dan";"213,88";"404,11600000000004";"405,80000000000007";"417,80000000000007";"612,2";"BCDGEE+BookmanOldStyle";"12,0";"308,99800000000005";"306,1";"0,0047337471414570795";"0,34936295328324074";"0,31074158771643257";"False";"BATANG TUBUH";"PASAL 16"
"14";"b. menetapkan bidang dan sektor usaha di suatu wilayah";"192,65";"539,8000000000001";"421,6";"433,6";"612,2";"BCDGEE+BookmanOldStyle";"12,0";"366,225";"306,1";"0,09821136883371447";"0,31468474354786014";"0,5670532505717087";"False";"BATANG TUBUH";"PASAL 16"
"14";"yang telah berhasil diusahakan oleh Koperasi untuk";"213,88";"540,2560000000001";"437,40000000000003";"449,40000000000003";"612,2";"BCDGEE+BookmanOldStyle";"12,0";"377,06800000000004";"306,1";"0,11592290101274096";"0,34936295328324074";"0,5331198954590004";"False";"BATANG TUBUH";"PASAL 16"
"14";"tidak diusahakan oleh badan usaha lainnya.";"213,88";"477,63199999999995";"453,20000000000005";"465,20000000000005";"612,2";"BCDGEE+BookmanOldStyle";"12,0";"345,756";"306,1";"0,06477621692257424";"0,34936295328324074";"0,430826527278667";"False";"BATANG TUBUH";"PASAL 16"
"14";"(2) Selain Pelindungan terhadap Koperasi sebagaimana";"171,25";"538,904";"469,00000000000006";"481,00000000000006";"612,2";"BCDGEE+BookmanOldStyle";"12,0";"355,077";"306,1";"0,08000163345311985";"0,2797288467820973";"0,6005455733420451";"False";"BATANG TUBUH";"PASAL 16"
"14";"dimaksud pada ayat (1), Pemerintah Daerah dapat";"192,65";"538,9339999999999";"484,6";"496,6";"612,2";"BCDGEE+BookmanOldStyle";"12,0";"365,7919999999999";"306,1";"0,09750408363279955";"0,31468474354786014";"0,5656386801698788";"False";"BATANG TUBUH";"PASAL 16"
"14";"melakukan pemulihan usaha Koperasi dalam kondisi";"192,65";"538,8020000000001";"500,40000000000003";"512,4000000000001";"612,2";"BCDGEE+BookmanOldStyle";"12,0";"365,72600000000006";"306,1";"0,09739627572688668";"0,31468474354786014";"0,5654230643580531";"False";"BATANG TUBUH";"PASAL 16"
"14";"darurat tertentu melalui:";"192,65";"339,724";"516,23";"528,23";"612,2";"BCDGEE+BookmanOldStyle";"12,0";"266,187";"306,1";"0,06519601437438746";"0,31468474354786014";"0,2402384841555047";"False";"BATANG TUBUH";"PASAL 16"
"14";"a. restrukturisasi kredit;";"192,65";"343,62399999999997";"532,02";"544,02";"612,2";"BCDGEE+BookmanOldStyle";"12,0";"268,137";"306,1";"0,062010780790591344";"0,31468474354786014";"0,24660895132309696";"False";"BATANG TUBUH";"PASAL 16"
"14";"b. rekonstruksi usaha;";"192,65";"332,83599999999996";"547,82";"559,82";"612,2";"BCDGEE+BookmanOldStyle";"12,0";"262,743";"306,1";"0,07082162691930746";"0,31468474354786014";"0,22898725906566472";"False";"BATANG TUBUH";"PASAL 16"
"14";"c. bantuan modal; dan/atau";"192,65";"367,632";"563,6200000000001";"575,6200000000001";"612,2";"BCDGEE+BookmanOldStyle";"12,0";"280,141";"306,1";"0,042402809539366225";"0,31468474354786014";"0,2858248938255472";"False";"BATANG TUBUH";"PASAL 16"
"14";"b. bantuan bentuk lain.";"192,65";"339,21999999999997";"579,4200000000001";"591,4200000000001";"612,2";"BCDGEE+BookmanOldStyle";"12,0";"265,935";"306,1";"0,06560764456060114";"0,31468474354786014";"0,23941522378307736";"False";"BATANG TUBUH";"PASAL 16"
"14";"(3) Pelindungan Koperasi sebagaimana dimaksud pada ayat (1)";"171,25";"539,346";"595,22";"607,22";"612,2";"BCDGEE+BookmanOldStyle";"12,0";"355,298";"306,1";"0,08036262659261675";"0,2797288467820973";"0,6012675596210388";"False";"BATANG TUBUH";"PASAL 16"
"14";"dapat dilakukan dengan mengikutsertakan lembaga gerakan";"192,65";"539,3539999999996";"611,02";"623,02";"612,2";"BCDGEE+BookmanOldStyle";"12,0";"366,0019999999998";"306,1";"0,09784710878797738";"0,31468474354786014";"0,5663247304802346";"False";"BATANG TUBUH";"PASAL 16"
"14";"Koperasi, dunia usaha, dan/atau masyarakat dengan";"192,65";"539,3839999999999";"626,85";"638,85";"612,2";"BCDGEE+BookmanOldStyle";"12,0";"366,01699999999994";"306,1";"0,09787161058477607";"0,31468474354786014";"0,566373734073832";"False";"BATANG TUBUH";"PASAL 16"
"14";"memperhatikan unsur persaingan usaha yang sehat.";"192,65";"491,4859999999998";"642,6500000000001";"654,6500000000001";"612,2";"BCDGEE+BookmanOldStyle";"12,0";"342,0679999999999";"306,1";"0,05875204181639971";"0,31468474354786014";"0,488134596537079";"False";"BATANG TUBUH";"PASAL 16"
"14";"Pasal 17";"280,5";"330,34";"674,25";"686,25";"612,2";"BCDGEE+BookmanOldStyle";"11,999999999999972";"305,41999999999996";"306,1";"0,001110748121529016";"0,4581836001306762";"0,08141130349558963";"False";"BATANG TUBUH";"PASAL 17"
"14";"(1) Program Pemberdayaan dan Pelindungan Koperasi";"171,25";"539,3580000000001";"705,85";"717,85";"612,2";"BCDGEE+BookmanOldStyle";"12,0";"355,30400000000003";"306,1";"0,08037242731133618";"0,2797288467820973";"0,6012871610584777";"False";"BATANG TUBUH";"PASAL 17"
"14";"dilaksanakan oleh Perangkat Daerah secara terpadu sesuai";"192,65";"539,342";"721,6500000000001";"733,6500000000001";"612,2";"BCDGEE+BookmanOldStyle";"12,0";"365,996";"306,1";"0,09783730806925833";"0,31468474354786014";"0,5663051290427964";"False";"BATANG TUBUH";"PASAL 17"
"14";"kewenangannya.";"192,65";"288,914";"737,27";"749,27";"612,2";"BCDGEE+BookmanOldStyle";"12,0";"240,78199999999998";"306,1";"0,10669389088533165";"0,31468474354786014";"0,15724273113361642";"False";"BATANG TUBUH";"PASAL 17"
"14";"(2) Perangkat Daerah yang melaksanakan urusan pemerintahan";"171,25";"539,5479999999999";"753,07";"765,07";"612,2";"BCDGEE+BookmanOldStyle";"12,0";"355,39899999999994";"306,1";"0,0805276053577261";"0,2797288467820973";"0,6015975171512575";"False";"BATANG TUBUH";"PASAL 17"
"14";"bidang koperasi dan Perangkat Daerah yang melaksanakan";"192,65";"539,6159999999999";"768,87";"780,87";"612,2";"BCDGEE+BookmanOldStyle";"12,0";"366,1329999999999";"306,1";"0,09806109114668392";"0,31468474354786014";"0,5667526951976476";"False";"BATANG TUBUH";"PASAL 17"
"14";"urusan pemerintahan bidang pemberdayaan masyarakat desa";"192,65";"539,4739999999999";"784,6700000000001";"796,6700000000001";"612,2";"BCDGEE+BookmanOldStyle";"12,0";"366,06199999999995";"306,1";"0,0979451159751714";"0,31468474354786014";"0,5665207448546226";"False";"BATANG TUBUH";"PASAL 17"
"14";"menyusun rencana tahunan; dan";"192,65";"379,51399999999995";"800,47";"812,47";"612,2";"BCDGEE+BookmanOldStyle";"12,000000000000014";"286,082";"306,1";"0,032698464554067344";"0,31468474354786014";"0,30523358379614496";"False";"BATANG TUBUH";"PASAL 17"
"14";"(3) Pemerintah Daerah secara terpadu sesuai kewenangannya";"171,25";"538,8740000000003";"816,2700000000001";"828,2700000000001";"612,2";"BCDGEE+BookmanOldStyle";"12,0";"355,0620000000001";"306,1";"0,07997713165632163";"0,2797288467820973";"0,6004965697484486";"False";"BATANG TUBUH";"PASAL 17"
"14";"menyediakan alokasi anggaran program kemudahan,";"192,65";"538,982";"832,075";"844,075";"612,2";"BCDGEE+BookmanOldStyle";"12,0";"365,816";"306,1";"0,09754328650767714";"0,31468474354786014";"0,5657170859196341";"False";"BATANG TUBUH";"PASAL 17"
"14";"pelindungan, dan pemberdayaan usaha Koperasi.";"192,65";"485,53400000000005";"847,9000000000001";"859,9000000000001";"612,2";"BCDGEE+BookmanOldStyle";"12,0";"339,09200000000004";"306,1";"0,05389088533159101";"0,31468474354786014";"0,4784122835674616";"False";"BATANG TUBUH";"PASAL 17"
"15";"15";"298,7";"313,53999999999996";"37,500000000000114";"49,500000000000114";"612,2";"BCDGEE+BookmanOldStyle";"12,0";"306,12";"306,1";"3,266906239787947e-05";"0,4879124469127735";"0,02424044429924857";"False";"BATANG TUBUH";"PASAL 17"
"15";"BAB VIII";"280,3";"330,58";"74,12000000000012";"86,12000000000012";"612,2";"BCDGEE+BookmanOldStyle";"12,0";"305,44";"306,1";"0,0010780790591310436";"0,45785690950669716";"0,08213002286834363";"True";"BATANG TUBUH";"BAB VIII"
"15";"PEMANTAUAN, EVALUASI";"227,68";"383,248";"93,12000000000012";"105,12000000000012";"612,2";"BCDGEE+BookmanOldStyle";"12,0";"305,464";"306,1";"0,0010388761842535512";"0,3719046063377981";"0,2541130349558967";"True";"BATANG TUBUH";"BAB VIII"
"15";"DAN PELAPORAN";"253,27";"357,718";"112,12000000000012";"124,12000000000012";"612,2";"BCDGEE+BookmanOldStyle";"12,0";"305,494";"306,1";"0,0009898725906566392";"0,4137046716759229";"0,1706109114668409";"True";"BATANG TUBUH";"BAB VIII"
"15";"Pasal 18";"280,5";"330,34";"150,12000000000012";"162,12000000000012";"612,2";"BCDGEE+BookmanOldStyle";"12,0";"305,41999999999996";"306,1";"0,001110748121529016";"0,4581836001306762";"0,08141130349558963";"False";"BATANG TUBUH";"PASAL 18"
"15";"(1) Perangkat Daerah yang melaksanakan urusan";"171,25";"538,8659999999999";"188,1500000000001";"200,1500000000001";"612,2";"BCDGEE+BookmanOldStyle";"12,0";"355,05799999999994";"306,1";"0,07997059784384174";"0,2797288467820973";"0,6004835021234888";"False";"BATANG TUBUH";"PASAL 18"
"15";"pemerintahan di bidang koperasi dan Perangkat Daerah";"192,45";"538,704";"207,35000000000014";"219,35000000000014";"612,2";"BCDGEE+BookmanOldStyle";"12,0";"365,577";"306,1";"0,09715289121202217";"0,314358052923881";"0,5655896765762821";"False";"BATANG TUBUH";"PASAL 18"
"15";"yang melaksanakan urusan pemerintahan di bidang";"192,45";"538,8299999999999";"226,35000000000014";"238,35000000000014";"612,2";"BCDGEE+BookmanOldStyle";"12,0";"365,64";"306,1";"0,09725579875857557";"0,314358052923881";"0,5657954916693889";"False";"BATANG TUBUH";"PASAL 18"
"15";"pemberdayaan masyarakat desa melaksanakan";"192,45";"539,0219999999999";"245,35000000000014";"257,35000000000014";"612,2";"BCDGEE+BookmanOldStyle";"12,0";"365,736";"306,1";"0,09741261025808554";"0,314358052923881";"0,5661091146684089";"False";"BATANG TUBUH";"PASAL 18"
"15";"pemantauan dan evaluasi penyelenggaran Koperasi setiap";"192,45";"538,5840000000001";"264,35000000000014";"276,35000000000014";"612,2";"BCDGEE+BookmanOldStyle";"12,0";"365,51700000000005";"306,1";"0,09705488402482854";"0,314358052923881";"0,5653936622018949";"False";"BATANG TUBUH";"PASAL 18"
"15";"6 (enam) bulan sekali.";"192,45";"322,936";"283,3700000000001";"295,3700000000001";"612,2";"BCDGEE+BookmanOldStyle";"12,0";"257,693";"306,1";"0,07907056517477955";"0,314358052923881";"0,21314276380267883";"False";"BATANG TUBUH";"PASAL 18"
"15";"(2) Evaluasi sebagaimana dimaksud pada ayat (1) dilakukan";"171,25";"538,6479999999999";"302,3700000000001";"314,3700000000001";"612,2";"BCDGEE+BookmanOldStyle";"12,0";"354,94899999999996";"306,1";"0,07979255145377316";"0,2797288467820973";"0,6001274093433516";"False";"BATANG TUBUH";"PASAL 18"
"15";"terhadap:";"192,45";"249,042";"321,3700000000001";"333,3700000000001";"612,2";"BCDGEE+BookmanOldStyle";"12,0";"220,74599999999998";"306,1";"0,13942175759555706";"0,314358052923881";"0,09244037896112384";"False";"BATANG TUBUH";"PASAL 18"
"15";"a. jumlah Koperasi yang telah terbentuk;";"192,65";"440,59";"340,3700000000001";"352,3700000000001";"612,2";"BCDGEE+BookmanOldStyle";"12,0";"316,62";"306,1";"0,017183926821300197";"0,31468474354786014";"0,40499836654688004";"False";"BATANG TUBUH";"PASAL 18"
"15";"b. tingkat partisipasi anggota;";"192,65";"374,806";"359,3700000000001";"371,3700000000001";"612,2";"BCDGEE+BookmanOldStyle";"12,0";"283,728";"306,1";"0,03654361319830123";"0,31468474354786014";"0,2975432865076772";"False";"BATANG TUBUH";"PASAL 18"
"15";"c. volume usaha Koperasi;";"192,65";"354,85999999999996";"378,3700000000001";"390,3700000000001";"612,2";"BCDGEE+BookmanOldStyle";"12,0";"273,755";"306,1";"0,05283404116301866";"0,31468474354786014";"0,2649624305782423";"False";"BATANG TUBUH";"PASAL 18"
"15";"d. manfaat ekonomi bagi anggota; dan";"192,65";"424,286";"397,4000000000001";"409,4000000000001";"612,2";"BCDGEE+BookmanOldStyle";"12,0";"308,468";"306,1";"0,0038680169879124386";"0,31468474354786014";"0,3783665468801045";"False";"BATANG TUBUH";"PASAL 18"
"15";"e. kendala yang dihadapi.";"192,65";"351,0539999999999";"416,4000000000001";"428,40000000000003";"612,2";"BCDGEE+BookmanOldStyle";"11,999999999999943";"271,852";"306,1";"0,05594250245017975";"0,31468474354786014";"0,2587455080039201";"False";"BATANG TUBUH";"PASAL 18"
"15";"(3) Bupati melaporkan hasil evaluasi penyelenggaraan";"171,25";"538,99";"435,6";"447,6";"612,2";"BCDGEE+BookmanOldStyle";"12,0";"355,12";"306,1";"0,08007187193727537";"0,2797288467820973";"0,600686050310356";"False";"BATANG TUBUH";"PASAL 18"
"15";"Koperasi kepada Gubernur Jawa Timur.";"192,45";"429,56";"454,6";"466,6";"612,2";"BCDGEE+BookmanOldStyle";"12,0";"311,005";"306,1";"0,008012087553087181";"0,314358052923881";"0,38730806925841227";"False";"BATANG TUBUH";"PASAL 18"
"15";"(4) Pemerintah Daerah melaporkan hasil pelaksanaan program";"171,25";"539,0819999999997";"473,6";"485,6";"612,2";"BCDGEE+BookmanOldStyle";"12,0";"355,1659999999998";"306,1";"0,08014701078079027";"0,2797288467820973";"0,6008363279973858";"False";"BATANG TUBUH";"PASAL 18"
"15";"kemudahan, Pelindungan, dan Pemberdayaan usaha";"192,45";"539,244";"492,6";"504,6";"612,2";"BCDGEE+BookmanOldStyle";"12,0";"365,847";"306,1";"0,09759392355439392";"0,314358052923881";"0,5664717412610258";"False";"BATANG TUBUH";"PASAL 18"
"15";"Koperasi yang dibiayai melalui dana alokasi khusus";"192,45";"539,382";"511,62000000000006";"523,6200000000001";"612,2";"BCDGEE+BookmanOldStyle";"12,0";"365,91599999999994";"306,1";"0,09770663181966663";"0,314358052923881";"0,5666971577915713";"False";"BATANG TUBUH";"PASAL 18"
"15";"dan/atau dana dekonsentrasi kepada pemerintah pusat.";"192,45";"516,99";"530,6200000000001";"542,6200000000001";"612,2";"BCDGEE+BookmanOldStyle";"12,0";"354,72";"306,1";"0,07941849068931722";"0,314358052923881";"0,5301208755308723";"False";"BATANG TUBUH";"PASAL 18"
"15";"BAB IX";"284,3";"326,53999999999996";"568,6200000000001";"580,6200000000001";"612,2";"BCDGEE+BookmanOldStyle";"12,0";"305,41999999999996";"306,1";"0,001110748121529016";"0,46439072198627895";"0,0689970597843841";"True";"BATANG TUBUH";"BAB IX"
"15";"PEMBINAAN DAN PENGAWASAN";"207,68";"403,424";"587,6200000000001";"599,6200000000001";"612,2";"BCDGEE+BookmanOldStyle";"12,0";"305,552";"306,1";"0,0008951323097027144";"0,3392355439398889";"0,31973864750081665";"True";"BATANG TUBUH";"BAB IX"
"15";"Pasal 19";"280,5";"330,34";"625,6500000000001";"637,6500000000001";"612,2";"BCDGEE+BookmanOldStyle";"12,0";"305,41999999999996";"306,1";"0,001110748121529016";"0,4581836001306762";"0,08141130349558963";"False";"BATANG TUBUH";"PASAL 19"
"15";"(1) Bupati melaksanakan pembinaan dan pengawasan";"171,25";"540,0859999999999";"663,6500000000001";"675,6500000000001";"612,2";"BCDGEE+BookmanOldStyle";"12,0";"355,66799999999995";"306,1";"0,08096700424697799";"0,2797288467820973";"0,6024763149297613";"False";"BATANG TUBUH";"PASAL 19"
"15";"terhadap penyelenggaraan Koperasi.";"192,65";"406,96999999999997";"682,85";"694,85";"612,2";"BCDGEE+BookmanOldStyle";"12,0";"299,81";"306,1";"0,01027442012414247";"0,31468474354786014";"0,3500816726559947";"False";"BATANG TUBUH";"PASAL 19"
"15";"(2) Untuk penguatan akuntabilitas pengelolaan Koperasi, dapat";"171,25";"540,2059999999996";"701,85";"713,85";"612,2";"BCDGEE+BookmanOldStyle";"12,0";"355,7279999999998";"306,1";"0,08106501143417144";"0,2797288467820973";"0,6026723293041482";"False";"BATANG TUBUH";"PASAL 19"
"15";"dilakukan audit oleh instansi yang berwenang di Daerah.";"192,65";"519,9259999999998";"720,85";"732,85";"612,2";"BCDGEE+BookmanOldStyle";"12,0";"356,2879999999999";"306,1";"0,08197974518131308";"0,31468474354786014";"0,534590003266906";"False";"BATANG TUBUH";"PASAL 19"
"15";"(3) Perangkat Daerah yang melaksanakan urusan";"171,25";"540,252";"739,88";"751,88";"612,2";"BCDGEE+BookmanOldStyle";"12,0";"355,751";"306,1";"0,08110258085592935";"0,2797288467820973";"0,602747468147664";"False";"BATANG TUBUH";"PASAL 19"
"15";"pemerintahan di bidang koperasi bertanggung jawab";"192,65";"539,7860000000002";"758,87";"770,87";"612,2";"BCDGEE+BookmanOldStyle";"12,0";"366,2180000000001";"306,1";"0,09819993466187528";"0,31468474354786014";"0,5670303822280304";"False";"BATANG TUBUH";"PASAL 19"
"15";"melaksanakan pemantauan dan pembinaan Koperasi.";"192,65";"511,07";"777,87";"789,87";"612,2";"BCDGEE+BookmanOldStyle";"12,0";"351,86";"306,1";"0,07474681476641619";"0,31468474354786014";"0,5201241424371119";"False";"BATANG TUBUH";"PASAL 19"
"15";"(4) Bupati mendorong pelaksanaan mekanisme pengawasan";"171,25";"540,02";"796,87";"808,87";"612,2";"BCDGEE+BookmanOldStyle";"12,000000000000014";"355,635";"306,1";"0,0809131002940215";"0,2797288467820973";"0,6023685070238484";"False";"BATANG TUBUH";"PASAL 19"
"15";"partisipatif aktif oleh anggota Koperasi untuk mengawasi";"192,65";"540,0440000000001";"815,87";"827,87";"612,2";"BCDGEE+BookmanOldStyle";"12,0";"366,34700000000004";"306,1";"0,09841065011434173";"0,31468474354786014";"0,5674518131329632";"False";"BATANG TUBUH";"PASAL 19"
"15";"kinerja Pengurus Koperasi.";"192,65";"352,14";"834,875";"846,875";"612,2";"BCDGEE+BookmanOldStyle";"12,0";"272,395";"306,1";"0,05505553740607651";"0,31468474354786014";"0,2605194380921267";"False";"BATANG TUBUH";"PASAL 19"
"16";"16";"298,7";"313,53999999999996";"37,500000000000114";"49,500000000000114";"612,2";"BCDGEE+BookmanOldStyle";"12,0";"306,12";"306,1";"3,266906239787947e-05";"0,4879124469127735";"0,02424044429924857";"False";"BATANG TUBUH";"PASAL 19"
"16";"BAB X";"286,9";"325,11999999999995";"74,12000000000012";"86,12000000000012";"612,2";"BCDGEE+BookmanOldStyle";"12,0";"306,01";"306,1";"0,00014701078079064328";"0,4686377000980071";"0,06243057824240439";"True";"BATANG TUBUH";"BAB X"
"16";"PENDANAAN";"267,67";"344,302";"91,12000000000012";"103,12000000000012";"612,2";"BCDGEE+BookmanOldStyle";"12,0";"305,986";"306,1";"0,0001862136556681358";"0,4372263966024175";"0,12517477948382882";"True";"BATANG TUBUH";"BAB X"
"16";"Pasal 20";"281,1";"330,94";"124,93000000000006";"136,93000000000006";"612,2";"BCDGEE+BookmanOldStyle";"12,0";"306,02";"306,1";"0,00013067624959170357";"0,45916367200261354";"0,08141130349558963";"False";"BATANG TUBUH";"PASAL 20"
"16";"Pendanaan pelaksanaan Pemberdayaan dan Pelindungan";"171,25";"540,226";"158,7500000000001";"170,7500000000001";"612,2";"BCDGEE+BookmanOldStyle";"12,0";"355,738";"306,1";"0,08108134596537075";"0,2797288467820973";"0,6027049983665468";"False";"BATANG TUBUH";"PASAL 20"
"16";"Koperasi dapat bersumber dari:";"171,25";"357,77799999999996";"175,55000000000007";"187,55000000000007";"612,2";"BCDGEE+BookmanOldStyle";"12,0";"264,514";"306,1";"0,06792878144397257";"0,2797288467820973";"0,30468474354786007";"False";"BATANG TUBUH";"PASAL 20"
"16";"a. Anggaran Pendapatan dan Belanja Daerah; dan/atau";"171,25";"507,442";"192,55000000000007";"204,55000000000007";"612,2";"BCDGEE+BookmanOldStyle";"12,0";"339,346";"306,1";"0,054305782424044394";"0,2797288467820973";"0,5491538712838941";"False";"BATANG TUBUH";"PASAL 20"
"16";"b. sumber lain yang sah dan tidak mengikat sesuai dengan";"171,25";"539,9340000000001";"209,35000000000014";"221,35000000000014";"612,2";"BCDGEE+BookmanOldStyle";"12,0";"355,59200000000004";"306,1";"0,08084286180986608";"0,2797288467820973";"0,6022280300555375";"False";"BATANG TUBUH";"PASAL 20"
"16";"ketentuan Peraturan Perundang-undangan.";"192,65";"451,59";"226,35000000000014";"238,35000000000014";"612,2";"BCDGEE+BookmanOldStyle";"12,0";"322,12";"306,1";"0,02616791898072522";"0,31468474354786014";"0,42296635086573003";"False";"BATANG TUBUH";"PASAL 20"
"16";"BAB XI";"284,9";"327,18";"260,1500000000001";"272,1500000000001";"612,2";"BCDGEE+BookmanOldStyle";"12,0";"306,03999999999996";"306,1";"9,800718719382409e-05";"0,4653707938582162";"0,06906239790918005";"True";"BATANG TUBUH";"BAB XI"
"16";"KETENTUAN PENUTUP";"236,88";"375,03599999999994";"276,97000000000014";"288,97000000000014";"612,2";"BCDGEE+BookmanOldStyle";"12,0";"305,95799999999997";"306,1";"0,00023195034302524132";"0,3869323750408363";"0,22567134923227694";"True";"BATANG TUBUH";"BAB XI"
"16";"Pasal 21";"281,1";"330,94";"310,7700000000001";"322,7700000000001";"612,2";"BCDGEE+BookmanOldStyle";"12,0";"306,02";"306,1";"0,00013067624959170357";"0,45916367200261354";"0,08141130349558963";"False";"BATANG TUBUH";"PASAL 21"
"16";"Peraturan Bupati ini mulai berlaku pada tanggal diundangkan.";"142,85";"515,5580000000001";"344,57000000000005";"356,57000000000005";"612,2";"BCDGEE+BookmanOldStyle";"12,0";"329,20400000000006";"306,1";"0,03773930088206475";"0,2333387781770663";"0,6088010454099968";"False";"BATANG TUBUH";"PASAL 21"
"16";"Agar setiap orang mengetahuinya, memerintahkan pengundangan";"142,85";"538,598";"378,3700000000001";"390,3700000000001";"612,2";"BCDGEE+BookmanOldStyle";"12,0";"340,724";"306,1";"0,05655668082326031";"0,2333387781770663";"0,646435805292388";"False";"PENUTUP";""
"16";"Peraturan Bupati ini dengan penempatannya dalam Berita Daerah";"142,85";"539,0379999999999";"395,4000000000001";"407,4000000000001";"612,2";"BCDGEE+BookmanOldStyle";"12,0";"340,94399999999996";"306,1";"0,056916040509637264";"0,2333387781770663";"0,6471545246651419";"False";"PENUTUP";""
"16";"Kabupaten Malang.";"142,85";"257,798";"412,20000000000005";"424,20000000000005";"612,2";"BCDGEE+BookmanOldStyle";"12,0";"200,324";"306,1";"0,17278013721006208";"0,2333387781770663";"0,1877621692257432";"False";"PENUTUP";""
"16";"Ditetapkan di Kepanjen";"348,5";"487,454";"450,20000000000005";"462,20000000000005";"612,2";"BCDGEE+BookmanOldStyle";"12,0";"417,977";"306,1";"0,18274583469454417";"0,5692584122835674";"0,2269748448219536";"False";"PENUTUP";""
"16";"pada tanggal 25 Juni 2025";"348,5";"506,99";"468,00000000000006";"480,00000000000006";"612,2";"BCDGEE+BookmanOldStyle";"12,0";"427,745";"306,1";"0,19870140476968307";"0,5692584122835674";"0,2588859849722313";"False";"PENUTUP";""
"16";"BUPATI MALANG,";"388,72";"498,556";"494,37600000000003";"506,37600000000003";"612,2";"BCDFEE+BookmanOldStyle-Bold";"12,0";"443,63800000000003";"306,1";"0,22466187520418165";"0,6349558967657628";"0,17941195687683756";"True";"PENUTUP";""
"16";"ttd.";"432,32";"455,22999999999996";"529,596";"541,596";"612,2";"BCDFEE+BookmanOldStyle-Bold";"12,0";"443,775";"306,1";"0,22488565828160723";"0,7061744527932048";"0,03742241097680491";"False";"PENUTUP";""
"16";"SANUSI";"420,33";"467,31";"564,796";"576,796";"612,2";"BCDFEE+BookmanOldStyle-Bold";"12,0";"443,82";"306,1";"0,22495916367200255";"0,6865893498856582";"0,07673962757268869";"True";"PENUTUP";""
"16";"Diundangkan di Kepanjen";"72,025";"226,08099999999996";"582,4200000000001";"594,4200000000001";"612,2";"BCDGEE+BookmanOldStyle";"12,0";"149,053";"306,1";"0,25652891212022216";"0,11764946096047044";"0,25164325383861474";"False";"PENUTUP";""
"16";"pada tanggal 25 Juni 2025";"72,025";"230,52";"600,02";"612,02";"612,2";"BCDGEE+BookmanOldStyle";"12,0";"151,2725";"306,1";"0,25290346292061416";"0,11764946096047044";"0,25889415223783074";"False";"PENUTUP";""
"16";"Pj. SEKRETARIS DAERAH KABUPATEN MALANG,";"72,025";"378,781";"626,426";"638,426";"612,2";"BCDFEE+BookmanOldStyle-Bold";"12,0";"225,40300000000002";"306,1";"0,13181476641620385";"0,11764946096047044";"0,5010715452466513";"False";"PENUTUP";""
"16";"ttd.";"216,08";"238,96";"661,626";"673,626";"612,2";"BCDFEE+BookmanOldStyle-Bold";"12,0";"227,52";"306,1";"0,12835674616138518";"0,3529565501470108";"0,037373407383208095";"False";"PENUTUP";""
"16";"NURCAHYO";"190,65";"262,83";"696,826";"708,826";"612,2";"BCDFEE+BookmanOldStyle-Bold";"12,0";"226,74";"306,1";"0,12963083959490365";"0,31141783730806927";"0,11790264619405419";"True";"PENUTUP";""
"16";"Berita Daerah Kabupaten Malang";"72,025";"269,18600000000004";"723,25";"735,25";"612,2";"BCDGEE+BookmanOldStyle";"12,0";"170,6055";"306,1";"0,22132391375367527";"0,11764946096047044";"0,32205325057170864";"False";"PENUTUP";""
"16";"Tahun 2025 Nomor 13 Seri D";"72,025";"245,68";"740,87";"752,87";"612,2";"BCDGEE+BookmanOldStyle";"12,0";"158,85250000000002";"306,1";"0,2405218882718066";"0,11764946096047044";"0,28365730153544594";"False";"PENUTUP";""
