"page";"text";"x0";"x1";"top";"bottom";"page_width";"font_name";"font_size";"line_center";"page_center";"center_score";"left_ratio";"width_ratio";"is_all_caps";"sistematika";"unsur"
"1";"BUPATI MALANG";"245.08";"350.608";"152.50600000000009";"164.50600000000009";"612.2";"BCDEEE+BookmanOldStyle-Bold";"12.0";"297.844";"306.1";"0.013485788957856956";"0.4003266906239791";"0.17237504083632796";"True";"BODY_TEXT";""
"1";"PROVINSI JAWA TIMUR";"223.47";"372.162";"170.32600000000002";"182.32600000000002";"612.2";"BCDEEE+BookmanOldStyle-Bold";"12.0";"297.816";"306.1";"0.01353152564521406";"0.3650277687030382";"0.24288141130349553";"True";"BODY_TEXT";""
"1";"PERATURAN BUPATI MALANG";"203.68";"391.94800000000004";"206.1260000000001";"218.1260000000001";"612.2";"BCDEEE+BookmanOldStyle-Bold";"12.0";"297.814";"306.1";"0.013534792551453775";"0.33270173146030707";"0.3075269519764783";"True";"BODY_TEXT";""
"1";"NOMOR 2 TAHUN 2025";"225.27";"370.64000000000004";"224.1260000000001";"236.1260000000001";"612.2";"BCDEEE+BookmanOldStyle-Bold";"12.0";"297.95500000000004";"306.1";"0.013304475661548482";"0.36796798431885";"0.2374550800392029";"True";"BODY_TEXT";""
"1";"TENTANG";"267.27";"328.23";"241.92600000000004";"253.92600000000004";"612.2";"BCDEEE+BookmanOldStyle-Bold";"12.0";"297.75";"306.1";"0.013639333551127118";"0.43657301535445925";"0.09957530218882724";"True";"BODY_TEXT";""
"1";"TATA NASKAH DINAS DI LINGKUNGAN PEMERINTAH";"131.45";"464.53";"259.92600000000004";"271.92600000000004";"612.2";"BCDEEE+BookmanOldStyle-Bold";"12.0";"297.99";"306.1";"0.013247304802352193";"0.21471741261025806";"0.5440705651747794";"True";"BODY_TEXT";""
"1";"KABUPATEN MALANG";"229.48";"366.004";"277.7260000000001";"289.7260000000001";"612.2";"BCDEEE+BookmanOldStyle-Bold";"12.0";"297.742";"306.1";"0.013652401176086251";"0.3748448219536099";"0.22300555374060768";"True";"BODY_TEXT";""
"1";"DENGAN RAHMAT TUHAN YANG MAHA ESA";"161.05";"434.6479999999999";"313.55600000000004";"325.55600000000004";"612.2";"BCDEEE+BookmanOldStyle-Bold";"12.0";"297.84899999999993";"306.1";"0.013477621692257578";"0.2630676249591637";"0.4469095066971576";"True";"PEMBUKAAN";"FRASA RELIGIUS"
"1";"BUPATI MALANG,";"242.88";"352.71599999999995";"349.3560000000001";"361.3560000000001";"612.2";"BCDEEE+BookmanOldStyle-Bold";"12.0";"297.798";"306.1";"0.013560927801372134";"0.39673309376020904";"0.17941195687683756";"True";"PEMBUKAAN";""
"1";"Menimbang : a. bahwa untuk meningkatkan tertib, efisiensi, dan";"62.425";"532.924";"403.20000000000005";"415.20000000000005";"612.2";"BCDFEE+BookmanOldStyle";"12.0";"297.67449999999997";"306.1";"0.01376265926167928";"0.10196831100947401";"0.7685380594576935";"False";"PEMBUKAAN";"KONSIDERANS"
"1";"efektivitas administrasi penyelenggaraan pemerintahan";"197.08";"533.1279999999999";"421.0";"433.0";"612.2";"BCDFEE+BookmanOldStyle";"12.0";"365.104";"306.1";"0.0963802678863116";"0.32192094086899703";"0.548918654034629";"False";"PEMBUKAAN";"KONSIDERANS"
"1";"daerah diperlukan pedoman tata naskah dinas di";"197.08";"532.96";"439.0";"451.0";"612.2";"BCDFEE+BookmanOldStyle";"12.0";"365.02000000000004";"306.1";"0.09624305782424046";"0.32192094086899703";"0.5486442339104867";"False";"PEMBUKAAN";"KONSIDERANS"
"1";"lingkungan Pemerintah Kabupaten Malang;";"197.08";"453.78999999999996";"456.8";"468.8";"612.2";"BCDFEE+BookmanOldStyle";"12.0";"325.435";"306.1";"0.031582816073178664";"0.32192094086899703";"0.4193237504083631";"False";"PEMBUKAAN";"KONSIDERANS"
"1";"b. bahwa Peraturan Bupati Malang Nomor 36 Tahun 2011";"168.65";"533.322";"474.8";"486.8";"612.2";"BCDFEE+BookmanOldStyle";"12.0";"350.986";"306.1";"0.07331917673962751";"0.27548186867036917";"0.5956746161385168";"False";"PEMBUKAAN";"KONSIDERANS"
"1";"tentang Pedoman Tata Naskah Dinas di Lingkungan";"197.08";"533.418";"492.6";"504.6";"612.2";"BCDFEE+BookmanOldStyle";"12.0";"365.249";"306.1";"0.0966171185886965";"0.32192094086899703";"0.5493923554393988";"False";"PEMBUKAAN";"KONSIDERANS"
"1";"Pemerintah Kabupaten Malang sudah tidak sesuai";"197.08";"533.234";"510.6";"522.6";"612.2";"BCDFEE+BookmanOldStyle";"12.0";"365.15700000000004";"306.1";"0.09646684090166614";"0.32192094086899703";"0.5490918000653381";"False";"PEMBUKAAN";"KONSIDERANS"
"1";"dengan perkembangan organisasi, peraturan";"197.08";"532.9599999999999";"528.4200000000001";"540.4200000000001";"612.2";"BCDFEE+BookmanOldStyle";"12.0";"365.02";"306.1";"0.09624305782424036";"0.32192094086899703";"0.5486442339104866";"False";"PEMBUKAAN";"KONSIDERANS"
"1";"perundang-undangan, dan perkembangan teknologi";"197.08";"533.258";"546.4200000000001";"558.4200000000001";"612.2";"BCDFEE+BookmanOldStyle";"12.0";"365.16900000000004";"306.1";"0.09648644233910489";"0.32192094086899703";"0.5491310029402156";"False";"PEMBUKAAN";"KONSIDERANS"
"1";"komunikasi dan informasi, sehingga perlu diganti;";"197.08";"494.0359999999999";"564.22";"576.22";"612.2";"BCDFEE+BookmanOldStyle";"12.0";"345.55799999999994";"306.1";"0.06445279320483488";"0.32192094086899703";"0.48506370467167575";"False";"PEMBUKAAN";"KONSIDERANS"
"1";"c. bahwa berdasarkan pertimbangan sebagaimana dimaksud";"168.65";"533.7900000000001";"582.22";"594.22";"612.2";"BCDFEE+BookmanOldStyle";"12.0";"351.22";"306.1";"0.07370140476968311";"0.27548186867036917";"0.596439072198628";"False";"PEMBUKAAN";"KONSIDERANS"
"1";"dalam huruf a dan huruf b, perlu menetapkan";"197.08";"532.8759999999999";"600.02";"612.02";"612.2";"BCDFEE+BookmanOldStyle";"12.0";"364.97799999999995";"306.1";"0.09617445279320472";"0.32192094086899703";"0.5485070238484152";"False";"PEMBUKAAN";"KONSIDERANS"
"1";"Peraturan Bupati tentang Tata Naskah Dinas di";"197.08";"533.174";"618.02";"630.02";"612.2";"BCDFEE+BookmanOldStyle";"12.0";"365.127";"306.1";"0.09641783730806923";"0.32192094086899703";"0.5489937928781442";"False";"PEMBUKAAN";"KONSIDERANS"
"1";"Lingkungan Pemerintah Kabupaten Malang;";"197.08";"457.132";"635.85";"647.85";"612.2";"BCDFEE+BookmanOldStyle";"12.0";"327.106";"306.1";"0.03431231623652396";"0.32192094086899703";"0.4247827507350539";"False";"PEMBUKAAN";"KONSIDERANS"
"1";"Mengingat : 1. Pasal 17 ayat (3) Undang-Undang Dasar Negara Republik";"62.425";"533.1880000000001";"671.6500000000001";"683.65";"612.2";"BCDFEE+BookmanOldStyle";"11.999999999999972";"297.8065";"306.1";"0.01354704344985298";"0.10196831100947401";"0.768969291081346";"False";"PEMBUKAAN";"DASAR HUKUM"
"1";"Indonesia Tahun 1945;";"197.08";"333.664";"689.65";"701.65";"612.2";"BCDFEE+BookmanOldStyle";"12.0";"265.372";"306.1";"0.06652727866710226";"0.32192094086899703";"0.22310356092780131";"False";"PEMBUKAAN";"DASAR HUKUM"
"1";"2. Undang-Undang Nomor 23 Tahun 2014 tentang";"168.65";"533.392";"707.45";"719.45";"612.2";"BCDFEE+BookmanOldStyle";"12.0";"351.021";"306.1";"0.0733763475988239";"0.27548186867036917";"0.5957889578569096";"False";"PEMBUKAAN";"DASAR HUKUM"
"1";"Pemerintahan Daerah (Lembaran Negara Republik";"197.08";"533.032";"725.45";"737.45";"612.2";"BCDFEE+BookmanOldStyle";"12.0";"365.05600000000004";"306.1";"0.0963018621365567";"0.32192094086899703";"0.5487618425351192";"False";"PEMBUKAAN";"DASAR HUKUM"
"1";"Indonesia Tahun 2014 Nomor 244, Tambahan Lembaran";"197.08";"533.1039999999999";"743.25";"755.25";"612.2";"BCDFEE+BookmanOldStyle";"12.0";"365.092";"306.1";"0.09636066644887285";"0.32192094086899703";"0.5488794511597515";"False";"PEMBUKAAN";"DASAR HUKUM"
"1";"Negara Republik Indonesia Nomor 5587) sebagaimana";"197.08";"533.0200000000001";"761.28";"773.28";"612.2";"BCDFEE+BookmanOldStyle";"12.0";"365.05000000000007";"306.1";"0.09629206141783737";"0.32192094086899703";"0.5487422410976805";"False";"PEMBUKAAN";"DASAR HUKUM"
"1";"telah diubah terakhir dengan Peraturan Pemerintah";"197.08";"532.9459999999999";"779.08";"791.08";"612.2";"BCDFEE+BookmanOldStyle";"12.0";"365.013";"306.1";"0.0962316236524011";"0.32192094086899703";"0.548621365566808";"False";"PEMBUKAAN";"DASAR HUKUM"
"1";"Pengganti Undang-Undang Nomor 2 Tahun 2022 tentang";"197.08";"533.456";"797.08";"809.08";"612.2";"BCDFEE+BookmanOldStyle";"12.000000000000014";"365.26800000000003";"306.1";"0.09664815419797453";"0.32192094086899703";"0.5494544266579549";"False";"PEMBUKAAN";"DASAR HUKUM"
"1";"Cipta Kerja (Lembaran Negara Republik Indonesia";"197.08";"533.0680000000001";"814.88";"826.88";"612.2";"BCDFEE+BookmanOldStyle";"12.0";"365.07400000000007";"306.1";"0.09633126429271487";"0.32192094086899703";"0.5488206468474355";"False";"PEMBUKAAN";"DASAR HUKUM"
"1";"Tahun 2022 Nomor 238, Tambahan Lembaran Negara";"197.08";"533.056";"832.875";"844.875";"612.2";"BCDFEE+BookmanOldStyle";"12.0";"365.06800000000004";"306.1";"0.09632146357399544";"0.32192094086899703";"0.5488010454099967";"False";"PEMBUKAAN";"DASAR HUKUM"
"1";"Republik Indonesia Nomor 6841);";"197.08";"394.07199999999995";"850.6750000000001";"862.6750000000001";"612.2";"BCDFEE+BookmanOldStyle";"12.0";"295.57599999999996";"306.1";"0.017190460633779905";"0.32192094086899703";"0.3217771969944461";"False";"PEMBUKAAN";"DASAR HUKUM"
"2";"2";"296.9";"304.34";"27.500000000000114";"39.500000000000114";"612.2";"BCDFEE+BookmanOldStyle";"12.0";"300.62";"306.1";"0.008951323097027144";"0.4849722312969617";"0.01215289121202221";"False";"PEMBUKAAN";"DASAR HUKUM"
"2";"3. Peraturan Presiden Nomor 95 Tahun 2018 tentang Sistem";"168.85";"533.0899999999999";"55.530000000000086";"67.53000000000009";"612.2";"BCDFEE+BookmanOldStyle";"12.0";"350.96999999999997";"306.1";"0.07329304148970915";"0.2758085592943482";"0.5949689643907218";"False";"PEMBUKAAN";"DASAR HUKUM"
"2";"Pemerintahan Berbasis Elektronik (Lembaran Negara";"197.08";"532.7919999999999";"73.13000000000011";"85.13000000000011";"612.2";"BCDFEE+BookmanOldStyle";"12.0";"364.936";"306.1";"0.09610584776216914";"0.32192094086899703";"0.5483698137863441";"False";"PEMBUKAAN";"DASAR HUKUM"
"2";"Republik Indonesia Tahun 2018 Nomor 182);";"197.08";"462.436";"90.73000000000002";"102.73000000000002";"612.2";"BCDFEE+BookmanOldStyle";"12.0";"329.758";"306.1";"0.0386442339104867";"0.32192094086899703";"0.43344658608297937";"False";"PEMBUKAAN";"DASAR HUKUM"
"2";"4. Peraturan Menteri Dalam Negeri Republik Indonesia";"168.85";"532.9840000000002";"108.33000000000004";"120.33000000000004";"612.2";"BCDFEE+BookmanOldStyle";"12.0";"350.9170000000001";"306.1";"0.07320646847435489";"0.2758085592943482";"0.5947958183600133";"False";"PEMBUKAAN";"DASAR HUKUM"
"2";"Nomor 1 Tahun 2023 tentang Tata Naskah Dinas di";"197.08";"532.6960000000001";"125.92000000000007";"137.92000000000007";"612.2";"BCDFEE+BookmanOldStyle";"12.0";"364.8880000000001";"306.1";"0.09602744201241435";"0.32192094086899703";"0.5482130022868344";"False";"PEMBUKAAN";"DASAR HUKUM"
"2";"Lingkungan Pemerintah Daerah (Berita Negara Republik";"197.08";"533.1700000000001";"143.5300000000001";"155.5300000000001";"612.2";"BCDFEE+BookmanOldStyle";"12.0";"365.12500000000006";"306.1";"0.09641457040182952";"0.32192094086899703";"0.5489872590656648";"False";"PEMBUKAAN";"DASAR HUKUM"
"2";"Indonesia Tahun 2023 Nomor 144);";"197.08";"406.36199999999997";"161.1300000000001";"173.1300000000001";"612.2";"BCDFEE+BookmanOldStyle";"12.0";"301.721";"306.1";"0.007152891212022246";"0.32192094086899703";"0.3418523358379614";"False";"PEMBUKAAN";"DASAR HUKUM"
"2";"5. Peraturan Arsip Nasional Republik Indonesia Nomor 5";"168.85";"532.852";"178.7500000000001";"190.7500000000001";"612.2";"BCDFEE+BookmanOldStyle";"12.0";"350.851";"306.1";"0.07309866056844164";"0.2758085592943482";"0.5945802025481868";"False";"PEMBUKAAN";"DASAR HUKUM"
"2";"Tahun 2021 tentang Pedoman Umum Tata Naskah Dinas";"197.08";"532.984";"196.35000000000002";"208.35000000000002";"612.2";"BCDFEE+BookmanOldStyle";"12.0";"365.03200000000004";"306.1";"0.0962626592616792";"0.32192094086899703";"0.5486834367853642";"False";"PEMBUKAAN";"DASAR HUKUM"
"2";"(Berita Negara Republik Indonesia Tahun 2021 Nomor 758);";"197.08";"533.3439999999998";"213.95000000000005";"225.95000000000005";"612.2";"BCDFEE+BookmanOldStyle";"12.0";"365.21199999999993";"306.1";"0.09655668082326022";"0.32192094086899703";"0.5492714799085262";"False";"PEMBUKAAN";"DASAR HUKUM"
"2";"6. Peraturan Gubernur Jawa Timur Nomor 31 Tahun 2024";"168.85";"533.21";"231.55000000000007";"243.55000000000007";"612.2";"BCDFEE+BookmanOldStyle";"12.0";"351.03000000000003";"306.1";"0.07339104867690298";"0.2758085592943482";"0.5951649787651094";"False";"PEMBUKAAN";"DASAR HUKUM"
"2";"tentang Tata Naskah Dinas (Berita Daerah Provinsi Jawa";"197.08";"532.972";"249.1500000000001";"261.1500000000001";"612.2";"BCDFEE+BookmanOldStyle";"12.0";"365.026";"306.1";"0.09625285854295978";"0.32192094086899703";"0.5486638353479254";"False";"PEMBUKAAN";"DASAR HUKUM"
"2";"Timur Tahun 2024 Nomor 31 Seri E);";"197.08";"416.96999999999997";"266.7500000000001";"278.7500000000001";"612.2";"BCDFEE+BookmanOldStyle";"12.0";"307.025";"306.1";"0.0015109441359032253";"0.32192094086899703";"0.3591800065338124";"False";"PEMBUKAAN";"DASAR HUKUM"
"2";"7. Peraturan Daerah Kabupaten Malang Nomor 9 Tahun 2016";"168.85";"533.3799999999999";"284.3800000000001";"296.3800000000001";"612.2";"BCDFEE+BookmanOldStyle";"12.0";"351.11499999999995";"306.1";"0.07352989219209397";"0.2758085592943482";"0.5954426657954914";"False";"PEMBUKAAN";"DASAR HUKUM"
"2";"tentang Pembentukan dan Susunan Perangkat Daerah";"197.08";"532.8639999999999";"301.98";"313.98";"612.2";"BCDFEE+BookmanOldStyle";"12.0";"364.972";"306.1";"0.09616465207448538";"0.32192094086899703";"0.5484874224109766";"False";"PEMBUKAAN";"DASAR HUKUM"
"2";"(Lembaran Daerah Kabupaten Malang Tahun 2016";"197.08";"532.864";"319.58000000000004";"331.58000000000004";"612.2";"BCDFEE+BookmanOldStyle";"12.0";"364.97200000000004";"306.1";"0.09616465207448548";"0.32192094086899703";"0.5484874224109767";"False";"PEMBUKAAN";"DASAR HUKUM"
"2";"Nomor 1 Seri C), sebagaimana telah diubah beberapa kali,";"197.08";"532.956";"337.3800000000001";"349.3800000000001";"612.2";"BCDFEE+BookmanOldStyle";"12.0";"365.01800000000003";"306.1";"0.09623979091800065";"0.32192094086899703";"0.548637700098007";"False";"PEMBUKAAN";"DASAR HUKUM"
"2";"terakhir dengan Peraturan Daerah Kabupaten Malang";"197.08";"533.0680000000001";"354.98";"366.98";"612.2";"BCDFEE+BookmanOldStyle";"12.0";"365.07400000000007";"306.1";"0.09633126429271487";"0.32192094086899703";"0.5488206468474355";"False";"PEMBUKAAN";"DASAR HUKUM"
"2";"Nomor 3 Tahun 2023 tentang Perubahan Keempat atas";"197.08";"532.9599999999999";"372.58000000000004";"384.58000000000004";"612.2";"BCDFEE+BookmanOldStyle";"12.0";"365.02";"306.1";"0.09624305782424036";"0.32192094086899703";"0.5486442339104866";"False";"PEMBUKAAN";"DASAR HUKUM"
"2";"Peraturan Daerah Nomor 9 Tahun 2016 tentang";"197.08";"533.056";"390.1700000000001";"402.1700000000001";"612.2";"BCDFEE+BookmanOldStyle";"12.0";"365.06800000000004";"306.1";"0.09632146357399544";"0.32192094086899703";"0.5488010454099967";"False";"PEMBUKAAN";"DASAR HUKUM"
"2";"Pembentukan dan Susunan Perangkat Daerah (Lembaran";"197.08";"533.1279999999997";"407.80000000000007";"419.80000000000007";"612.2";"BCDFEE+BookmanOldStyle";"12.0";"365.10399999999987";"306.1";"0.0963802678863114";"0.32192094086899703";"0.5489186540346286";"False";"PEMBUKAAN";"DASAR HUKUM"
"2";"Daerah Kabupaten Malang Tahun 2023 Nomor 3 Seri C);";"197.08";"531.6840000000001";"425.40000000000003";"437.40000000000003";"612.2";"BCDFEE+BookmanOldStyle";"12.0";"364.38200000000006";"306.1";"0.0952009147337472";"0.32192094086899703";"0.5465599477295002";"False";"PEMBUKAAN";"DASAR HUKUM"
"2";"8. Peraturan Bupati Malang Nomor 60 Tahun 2022 tentang";"168.85";"533.386";"443.0";"455.0";"612.2";"BCDFEE+BookmanOldStyle";"12.0";"351.118";"306.1";"0.07353479255145372";"0.2758085592943482";"0.5954524665142109";"False";"PEMBUKAAN";"DASAR HUKUM"
"2";"Kedudukan, Susunan Organisasi, Tugas Dan Fungsi,";"197.08";"532.8520000000001";"460.6";"472.6";"612.2";"BCDFEE+BookmanOldStyle";"12.0";"364.96600000000007";"306.1";"0.09615485135576615";"0.32192094086899703";"0.5484678209735381";"False";"PEMBUKAAN";"DASAR HUKUM"
"2";"Serta Tata Kerja Sekretariat Daerah Sekretariat Daerah";"197.08";"532.7919999999999";"478.2";"490.2";"612.2";"BCDFEE+BookmanOldStyle";"12.0";"364.936";"306.1";"0.09610584776216914";"0.32192094086899703";"0.5483698137863441";"False";"PEMBUKAAN";"DASAR HUKUM"
"2";"(Berita Daerah Kabupaten Malang Tahun 2022 Nomor 60";"197.08";"532.8879999999999";"495.8";"507.8";"612.2";"BCDFEE+BookmanOldStyle";"12.0";"364.984";"306.1";"0.09618425351192413";"0.32192094086899703";"0.548526625285854";"False";"PEMBUKAAN";"DASAR HUKUM"
"2";"Seri C);";"197.08";"240.11";"513.4200000000001";"525.4200000000001";"612.2";"BCDFEE+BookmanOldStyle";"12.0";"218.59500000000003";"306.1";"0.14293531525645212";"0.32192094086899703";"0.0702874877491016";"False";"PEMBUKAAN";"DASAR HUKUM"
"2";"MEMUTUSKAN:";"254.27";"348.46999999999997";"548.63";"560.63";"612.2";"BCDFEE+BookmanOldStyle";"12.0";"301.37";"306.1";"0.00772623325710555";"0.41533812479581833";"0.15387128389415217";"True";"PEMBUKAAN";"DASAR HUKUM"
"2";"Menetapkan : PERATURAN BUPATI TENTANG TATA NASKAH DINAS DI";"55.225";"540.46";"583.8299999999999";"595.8299999999999";"612.2";"BCDFEE+BookmanOldStyle";"12.0";"297.84250000000003";"306.1";"0.01348823913753674";"0.09020744854622671";"0.7926086246324731";"False";"PEMBUKAAN";"DASAR HUKUM"
"2";"LINGKUNGAN PEMERINTAH KABUPATEN MALANG.";"161.65";"471.23999999999995";"601.4200000000001";"613.4200000000001";"612.2";"BCDFEE+BookmanOldStyle";"12.0";"316.445";"306.1";"0.016898072525318473";"0.26404769683110096";"0.505700751388435";"True";"PEMBUKAAN";"DASAR HUKUM"
"2";"BAB I";"284.5";"318.15999999999997";"636.6500000000001";"648.6500000000001";"612.2";"BCDFEE+BookmanOldStyle";"12.0";"301.33";"306.1";"0.007791571381901402";"0.46471741261025806";"0.054982032015681095";"True";"BATANG TUBUH";"BAB I"
"2";"KETENTUAN UMUM";"241.08";"361.632";"654.25";"666.25";"612.2";"BCDFEE+BookmanOldStyle";"12.0";"301.356";"306.1";"0.007749101600784103";"0.39379287814439723";"0.19691604050963735";"True";"BATANG TUBUH";"BAB I"
"2";"Pasal 1";"280.3";"322.74";"689.45";"701.45";"612.2";"BCDFEE+BookmanOldStyle";"12.0";"301.52";"306.1";"0.007481215289121269";"0.45785690950669716";"0.06932375040836328";"False";"BATANG TUBUH";"PASAL 1"
"2";"Dalam Peraturan Bupati ini yang dimaksud dengan:";"161.65";"469.45";"724.65";"736.65";"612.2";"BCDFEE+BookmanOldStyle";"12.0";"315.55";"306.1";"0.015436131983012068";"0.26404769683110096";"0.5027768703038221";"False";"BATANG TUBUH";"PASAL 1"
"2";"1. Daerah adalah Kabupaten Malang.";"161.65";"388.57";"742.25";"754.25";"612.2";"BCDFEE+BookmanOldStyle";"12.0";"275.11";"306.1";"0.05062071218556029";"0.26404769683110096";"0.3706631819666775";"False";"BATANG TUBUH";"PASAL 1"
"2";"2. Bupati adalah Bupati Malang.";"161.65";"360.57";"759.88";"771.88";"612.2";"BCDFEE+BookmanOldStyle";"12.0";"261.11";"306.1";"0.07348905586409671";"0.26404769683110096";"0.32492649460960465";"False";"BATANG TUBUH";"PASAL 1"
"2";"3. Wakil Bupati adalah Wakil Bupati Malang.";"161.65";"434.36999999999995";"777.47";"789.47";"612.2";"BCDFEE+BookmanOldStyle";"12.0";"298.01";"306.1";"0.013214635739954314";"0.26404769683110096";"0.4454753348578894";"False";"BATANG TUBUH";"PASAL 1"
"2";"4. Pimpinan Dewan Perwakilan Rakyat Daerah selanjutnya";"161.65";"540.6500000000001";"795.08";"807.08";"612.2";"BCDFEE+BookmanOldStyle";"12.0";"351.15000000000003";"306.1";"0.07358706305129044";"0.26404769683110096";"0.6190787324403791";"False";"BATANG TUBUH";"PASAL 1"
"2";"disingkat DPRD adalah ketua dan wakil ketua DPRD";"183.05";"540.758";"812.88";"824.88";"612.2";"BCDFEE+BookmanOldStyle";"12.0";"361.904";"306.1";"0.09115321790264615";"0.2990035935968638";"0.5842992486115649";"False";"BATANG TUBUH";"PASAL 1"
"2";"Kabupaten Malang.";"183.05";"298.14";"830.475";"842.475";"612.2";"BCDFEE+BookmanOldStyle";"12.0";"240.595";"306.1";"0.10699934661875207";"0.2990035935968638";"0.18799411956876833";"False";"BATANG TUBUH";"PASAL 1"
"2";"5. Sekretaris Daerah adalah Sekretaris Daerah Kabupaten Malang.";"161.65";"540.8100000000001";"848.075";"860.075";"612.2";"BCDFEE+BookmanOldStyle";"12.0";"351.23";"306.1";"0.07371773930088205";"0.26404769683110096";"0.6193400849395623";"False";"BATANG TUBUH";"PASAL 1"
"3";"3";"296.9";"304.34";"27.500000000000114";"39.500000000000114";"612.2";"BCDFEE+BookmanOldStyle";"12.0";"300.62";"306.1";"0.008951323097027144";"0.4849722312969617";"0.01215289121202221";"False";"BATANG TUBUH";"PASAL 1"
"3";"6. Perangkat Daerah adalah unsur pembantu Bupati dan DPRD";"161.65";"540.758";"55.530000000000086";"67.53000000000009";"612.2";"BCDFEE+BookmanOldStyle";"12.0";"351.204";"306.1";"0.07367526951976475";"0.26404769683110096";"0.6192551453773277";"False";"BATANG TUBUH";"PASAL 1"
"3";"dalam penyelenggaraan urusan Pemerintahan Daerah yang";"183.05";"540.146";"72.73000000000002";"84.73000000000002";"612.2";"BCDFEE+BookmanOldStyle";"12.0";"361.59799999999996";"306.1";"0.09065338124795806";"0.2990035935968638";"0.5832995753021887";"False";"BATANG TUBUH";"PASAL 1"
"3";"menjadi kewenangan daerah.";"183.05";"355.94";"90.13000000000011";"102.13000000000011";"612.2";"BCDFEE+BookmanOldStyle";"12.0";"269.495";"306.1";"0.0597925514537733";"0.2990035935968638";"0.2824077098987259";"False";"BATANG TUBUH";"PASAL 1"
"3";"7. Perangkat Daerah terdiri atas Sekretariat Daerah, Sekretariat";"161.65";"540.438";"107.53000000000009";"119.53000000000009";"612.2";"BCDFEE+BookmanOldStyle";"12.0";"351.044";"306.1";"0.07341391702058143";"0.26404769683110096";"0.6187324403789611";"False";"BATANG TUBUH";"PASAL 1"
"3";"DPRD, Inspektorat Daerah, Dinas Daerah, Badan Daerah,";"183.05";"540.302";"124.73000000000002";"136.73000000000002";"612.2";"BCDFEE+BookmanOldStyle";"12.0";"361.67600000000004";"306.1";"0.09078079059131006";"0.2990035935968638";"0.5835543939888925";"False";"BATANG TUBUH";"PASAL 1"
"3";"dan Kecamatan.";"183.05";"278.91999999999996";"142.1300000000001";"154.1300000000001";"612.2";"BCDFEE+BookmanOldStyle";"12.0";"230.98499999999999";"306.1";"0.12269683110094745";"0.2990035935968638";"0.15659915060437757";"False";"BATANG TUBUH";"PASAL 1"
"3";"8. Tata Naskah Dinas adalah pengaturan tentang jenis,";"161.65";"540.488";"159.33000000000004";"171.33000000000004";"612.2";"BCDFEE+BookmanOldStyle";"12.0";"351.069";"306.1";"0.07345475334857889";"0.26404769683110096";"0.6188141130349559";"False";"BATANG TUBUH";"PASAL 1"
"3";"susunan dan bentuk, pembuatan, pengamanan, pejabat";"183.05";"540.29";"176.7500000000001";"188.7500000000001";"612.2";"BCDFEE+BookmanOldStyle";"12.0";"361.66999999999996";"306.1";"0.09077098987259055";"0.2990035935968638";"0.5835347925514537";"False";"BATANG TUBUH";"PASAL 1"
"3";"penandatanganan, dan pengendalian yang digunakan dalam";"183.05";"540.4579999999999";"193.95000000000005";"205.95000000000005";"612.2";"BCDFEE+BookmanOldStyle";"12.0";"361.7539999999999";"306.1";"0.09090819993466168";"0.2990035935968638";"0.5838092126755959";"False";"BATANG TUBUH";"PASAL 1"
"3";"komunikasi kedinasan.";"183.05";"320.82199999999995";"211.35000000000002";"223.35000000000002";"612.2";"BCDFEE+BookmanOldStyle";"12.0";"251.93599999999998";"306.1";"0.0884743547860177";"0.2990035935968638";"0.22504410323423704";"False";"BATANG TUBUH";"PASAL 1"
"3";"9. Naskah Dinas adalah informasi tertulis sebagai alat";"161.65";"540.0619999999999";"228.7500000000001";"240.7500000000001";"612.2";"BCDFEE+BookmanOldStyle";"12.0";"350.85599999999994";"306.1";"0.07310682783404102";"0.26404769683110096";"0.6181182620058803";"False";"BATANG TUBUH";"PASAL 1"
"3";"komunikasi kedinasan yang dibuat dan/atau dikeluarkan";"183.05";"540.43";"245.95000000000005";"257.95000000000005";"612.2";"BCDFEE+BookmanOldStyle";"12.0";"361.74";"306.1";"0.0908853315909833";"0.2990035935968638";"0.583763475988239";"False";"BATANG TUBUH";"PASAL 1"
"3";"oleh pejabat yang berwenang di Lingkungan Pemerintah";"183.05";"540.328";"263.35";"275.35";"612.2";"BCDFEE+BookmanOldStyle";"12.0";"361.68899999999996";"306.1";"0.09080202548186857";"0.2990035935968638";"0.5835968637700097";"False";"BATANG TUBUH";"PASAL 1"
"3";"Daerah.";"183.05";"229.92000000000002";"280.58000000000004";"292.58000000000004";"612.2";"BCDFEE+BookmanOldStyle";"12.0";"206.485";"306.1";"0.16271643253838616";"0.2990035935968638";"0.07655994772950017";"False";"BATANG TUBUH";"PASAL 1"
"3";"10. Naskah Dinas yang diselenggarakan secara elektronik";"161.65";"540.2660000000001";"297.98";"309.98";"612.2";"BCDFEE+BookmanOldStyle";"12.0";"350.958";"306.1";"0.0732734400522705";"0.26404769683110096";"0.6184514864423393";"False";"BATANG TUBUH";"PASAL 1"
"3";"adalah informasi yang direkam dalam media elektronik";"183.05";"540.2180000000001";"315.1700000000001";"327.1700000000001";"612.2";"BCDFEE+BookmanOldStyle";"12.0";"361.634";"306.1";"0.0907121855602744";"0.2990035935968638";"0.5834171839268214";"False";"BATANG TUBUH";"PASAL 1"
"3";"sebagai alat komunikasi kedinasan, yang dibuat dan/atau";"183.05";"540.014";"332.58000000000004";"344.58000000000004";"612.2";"BCDFEE+BookmanOldStyle";"12.0";"361.53200000000004";"306.1";"0.0905455733420451";"0.2990035935968638";"0.5830839594903626";"False";"BATANG TUBUH";"PASAL 1"
"3";"diterima oleh pejabat/pimpinan yang berwenang di";"183.05";"540.564";"349.98";"361.98";"612.2";"BCDFEE+BookmanOldStyle";"12.0";"361.807";"306.1";"0.09099477295001632";"0.2990035935968638";"0.583982358706305";"False";"BATANG TUBUH";"PASAL 1"
"3";"Lingkungan Pemerintah Daerah.";"183.05";"375.16999999999996";"367.1700000000001";"379.1700000000001";"612.2";"BCDFEE+BookmanOldStyle";"12.0";"279.11";"306.1";"0.04408689970597845";"0.2990035935968638";"0.31381901339431545";"False";"BATANG TUBUH";"PASAL 1"
"3";"11. Tanda Tangan Elektronik adalah tanda tangan yang terdiri";"161.65";"539.822";"384.58000000000004";"396.58000000000004";"612.2";"BCDFEE+BookmanOldStyle";"12.0";"350.736";"306.1";"0.07291081345965365";"0.26404769683110096";"0.6177262332571055";"False";"BATANG TUBUH";"PASAL 1"
"3";"atas informasi elektronik yang dilekatkan, terasosiasi, atau";"183.05";"540.2539999999998";"401.80000000000007";"413.80000000000007";"612.2";"BCDFEE+BookmanOldStyle";"12.0";"361.65199999999993";"306.1";"0.09074158771643238";"0.2990035935968638";"0.5834759882391372";"False";"BATANG TUBUH";"PASAL 1"
"3";"terkait dengan informasi elektronik lainnya yang digunakan";"183.05";"540.038";"419.20000000000005";"431.2";"612.2";"BCDFEE+BookmanOldStyle";"11.999999999999943";"361.544";"306.1";"0.09056517477948375";"0.2990035935968638";"0.5831231623652401";"False";"BATANG TUBUH";"PASAL 1"
"3";"sebagai alat verifikasi dan autentikasi.";"183.05";"409.952";"436.40000000000003";"448.40000000000003";"612.2";"BCDFEE+BookmanOldStyle";"12.0";"296.501";"306.1";"0.015679516497876585";"0.2990035935968638";"0.37063377981051937";"False";"BATANG TUBUH";"PASAL 1"
"3";"BAB II";"282.5";"320.34799999999996";"471.2";"483.2";"612.2";"BCDFEE+BookmanOldStyle";"12.0";"301.424";"306.1";"0.0076380267886312385";"0.46145050637046714";"0.061822933681803256";"True";"BATANG TUBUH";"BAB II"
"3";"JENIS, SUSUNAN, DAN BENTUK NASKAH DINAS";"162.25";"454.378";"488.40000000000003";"500.40000000000003";"612.2";"BCDFEE+BookmanOldStyle";"12.0";"308.31399999999996";"306.1";"0.003616465207448451";"0.2650277687030382";"0.47717739300882056";"True";"BATANG TUBUH";"BAB II"
"3";"Bagian Kesatu";"258.67";"343.96600000000007";"523.03";"535.03";"612.2";"BCDFEE+BookmanOldStyle";"12.0";"301.31800000000004";"306.1";"0.007811172819340056";"0.4225253185233584";"0.13932701731460315";"False";"BATANG TUBUH";"BAGIAN KESATU"
"3";"Umum";"281.5";"321.544";"540.4200000000001";"552.4200000000001";"612.2";"BCDFEE+BookmanOldStyle";"12.0";"301.522";"306.1";"0.007477948382881462";"0.45981705325057165";"0.06540999673309372";"False";"BATANG TUBUH";"BAGIAN KESATU"
"3";"Pasal 2";"280.3";"322.72";"575.03";"587.03";"612.2";"BCDFEE+BookmanOldStyle";"12.0";"301.51";"306.1";"0.0074975498203202085";"0.45785690950669716";"0.06929108134596539";"False";"BATANG TUBUH";"PASAL 2"
"3";"Jenis Naskah Dinas terdiri atas:";"168.85";"358.38999999999993";"609.63";"621.63";"612.2";"BCDFEE+BookmanOldStyle";"12.0";"263.61999999999995";"306.1";"0.06938908853315921";"0.2758085592943482";"0.30960470434498516";"False";"BATANG TUBUH";"PASAL 2"
"3";"a. Naskah Dinas arahan;";"168.85";"315.37399999999997";"627.02";"639.02";"612.2";"BCDFEE+BookmanOldStyle";"12.0";"242.11199999999997";"306.1";"0.10452139823587071";"0.2758085592943482";"0.23934008493956216";"False";"BATANG TUBUH";"PASAL 2"
"3";"b. Naskah Dinas korespondensi; dan";"168.85";"384.71";"644.25";"656.25";"612.2";"BCDFEE+BookmanOldStyle";"12.0";"276.78";"306.1";"0.047892845475334934";"0.2758085592943482";"0.3525971904606337";"False";"BATANG TUBUH";"PASAL 2"
"3";"c. Naskah Dinas khusus.";"168.85";"317.41399999999993";"661.6500000000001";"673.6500000000001";"612.2";"BCDFEE+BookmanOldStyle";"12.0";"243.13199999999995";"306.1";"0.10285527605357737";"0.2758085592943482";"0.24267232930414884";"False";"BATANG TUBUH";"PASAL 2"
"3";"Bagian Kedua";"258.48";"344.19599999999997";"696.25";"708.25";"612.2";"BCDFEE+BookmanOldStyle";"12.0";"301.33799999999997";"306.1";"0.007778503756942268";"0.42221496243057827";"0.14001306762495908";"False";"BATANG TUBUH";"BAGIAN KEDUA"
"3";"Naskah Dinas Arahan";"236.68";"366.292";"713.65";"725.65";"612.2";"BCDFEE+BookmanOldStyle";"12.0";"301.486";"306.1";"0.0075367526951977005";"0.3866056844168572";"0.21171512577589016";"False";"BATANG TUBUH";"BAGIAN KEDUA"
"3";"Pasal 3";"280.3";"322.74";"748.28";"760.28";"612.2";"BCDFEE+BookmanOldStyle";"12.0";"301.52";"306.1";"0.007481215289121269";"0.45785690950669716";"0.06932375040836328";"False";"BATANG TUBUH";"PASAL 3"
"3";"Naskah Dinas arahan sebagaimana dimaksud dalam Pasal 2";"168.85";"533.1579999999999";"782.88";"794.88";"612.2";"BCDFEE+BookmanOldStyle";"12.0";"351.00399999999996";"306.1";"0.07334857889578558";"0.2758085592943482";"0.5950800392028747";"False";"BATANG TUBUH";"PASAL 3"
"3";"huruf a terdiri atas:";"168.85";"284.98599999999993";"800.08";"812.08";"612.2";"BCDFEE+BookmanOldStyle";"12.000000000000014";"226.91799999999995";"306.1";"0.12934008493956234";"0.2758085592943482";"0.1897027115321789";"False";"BATANG TUBUH";"PASAL 3"
"3";"a. Naskah Dinas pengaturan";"168.85";"337.25000000000006";"817.48";"829.48";"612.2";"BCDFEE+BookmanOldStyle";"12.0";"253.05";"306.1";"0.08665468801045412";"0.2758085592943482";"0.2750735053903954";"False";"BATANG TUBUH";"PASAL 3"
"3";"b. Naskah Dinas penetapan; dan";"168.85";"361.07";"834.875";"846.875";"612.2";"BCDFEE+BookmanOldStyle";"12.0";"264.96";"306.1";"0.06720026135249925";"0.2758085592943482";"0.3139823587063051";"False";"BATANG TUBUH";"PASAL 3"
"3";"c. Naskah Dinas penugasan.";"168.85";"337.58599999999996";"852.075";"864.075";"612.2";"BCDFEE+BookmanOldStyle";"12.0";"253.21799999999996";"306.1";"0.08638026788631176";"0.2758085592943482";"0.2756223456386801";"False";"BATANG TUBUH";"PASAL 3"
"4";"4";"296.9";"304.34";"27.500000000000114";"39.500000000000114";"612.2";"BCDFEE+BookmanOldStyle";"12.0";"300.62";"306.1";"0.008951323097027144";"0.4849722312969617";"0.01215289121202221";"False";"BATANG TUBUH";"PASAL 3"
"4";"Pasal 4";"280.3";"322.74";"55.530000000000086";"67.53000000000009";"612.2";"BCDFEE+BookmanOldStyle";"12.0";"301.52";"306.1";"0.007481215289121269";"0.45785690950669716";"0.06932375040836328";"False";"BATANG TUBUH";"PASAL 4"
"4";"Naskah Dinas pengaturan sebagaimana dimaksud dalam";"168.85";"533.0379999999999";"92.13000000000011";"104.13000000000011";"612.2";"BCDFEE+BookmanOldStyle";"12.0";"350.94399999999996";"306.1";"0.07325057170859185";"0.2758085592943482";"0.5948840248284871";"False";"BATANG TUBUH";"PASAL 4"
"4";"Pasal 3 huruf a terdiri atas:";"168.85";"331.366";"110.53000000000009";"122.53000000000009";"612.2";"BCDFEE+BookmanOldStyle";"12.0";"250.108";"306.1";"0.09146030708918657";"0.2758085592943482";"0.26546226723293037";"False";"BATANG TUBUH";"PASAL 3"
"4";"a. Peraturan Daerah;";"168.85";"292.53999999999996";"128.73000000000002";"140.73000000000002";"612.2";"BCDFEE+BookmanOldStyle";"12.0";"230.695";"306.1";"0.12317053250571712";"0.2758085592943482";"0.20204181639986926";"False";"BATANG TUBUH";"PASAL 3"
"4";"b. Peraturan Bupati; dan";"168.85";"315.20799999999997";"147.1300000000001";"159.1300000000001";"612.2";"BCDFEE+BookmanOldStyle";"12.0";"242.029";"306.1";"0.10465697484482199";"0.2758085592943482";"0.23906893172165952";"False";"BATANG TUBUH";"PASAL 3"
"4";"c. Peraturan DPRD.";"168.85";"284.63";"165.35000000000002";"177.35000000000002";"612.2";"BCDFEE+BookmanOldStyle";"12.0";"226.74";"306.1";"0.12963083959490365";"0.2758085592943482";"0.18912120222149623";"False";"BATANG TUBUH";"PASAL 3"
"4";"Pasal 5";"280.3";"322.72";"201.95000000000005";"213.95000000000005";"612.2";"BCDFEE+BookmanOldStyle";"12.0";"301.51";"306.1";"0.0074975498203202085";"0.45785690950669716";"0.06929108134596539";"False";"BATANG TUBUH";"PASAL 5"
"4";"Naskah Dinas penetapan sebagaimana dimaksud dalam";"168.85";"532.8699999999999";"238.7500000000001";"250.7500000000001";"612.2";"BCDFEE+BookmanOldStyle";"12.0";"350.85999999999996";"306.1";"0.07311336164652063";"0.2758085592943482";"0.5946096047043448";"False";"BATANG TUBUH";"PASAL 5"
"4";"Pasal 3 huruf b terdiri atas:";"168.85";"331.786";"256.95000000000005";"268.95000000000005";"612.2";"BCDFEE+BookmanOldStyle";"12.0";"250.31799999999998";"306.1";"0.09111728193400855";"0.2758085592943482";"0.2661483175432865";"False";"BATANG TUBUH";"PASAL 3"
"4";"a. Keputusan Bupati;";"168.85";"294.73999999999995";"275.35";"287.35";"612.2";"BCDFEE+BookmanOldStyle";"12.0";"231.79499999999996";"306.1";"0.12137373407383217";"0.2758085592943482";"0.20563541326363924";"False";"BATANG TUBUH";"PASAL 3"
"4";"b. Keputusan DPRD;";"168.85";"290.24600000000004";"293.58000000000004";"305.58000000000004";"612.2";"BCDFEE+BookmanOldStyle";"12.0";"229.548";"306.1";"0.1250441032342372";"0.2758085592943482";"0.1982946749428292";"False";"BATANG TUBUH";"PASAL 3"
"4";"c. Keputusan Pimpinan DPRD; dan";"168.85";"376.298";"311.98";"323.98";"612.2";"BCDFEE+BookmanOldStyle";"12.0";"272.574";"306.1";"0.05476314929761517";"0.2758085592943482";"0.33885658281607317";"False";"BATANG TUBUH";"PASAL 3"
"4";"d. Keputusan Badan Kehormatan DPRD.";"168.85";"408.542";"330.1700000000001";"342.1700000000001";"612.2";"BCDFEE+BookmanOldStyle";"12.0";"288.69599999999997";"306.1";"0.028428618098660652";"0.2758085592943482";"0.3915256452139823";"False";"BATANG TUBUH";"PASAL 3"
"4";"Pasal 6";"280.3";"322.72";"366.7700000000001";"378.7700000000001";"612.2";"BCDFEE+BookmanOldStyle";"12.0";"301.51";"306.1";"0.0074975498203202085";"0.45785690950669716";"0.06929108134596539";"False";"BATANG TUBUH";"PASAL 6"
"4";"Susunan dan bentuk Naskah Dinas pengaturan sebagaimana";"168.85";"533.22";"403.6";"415.6";"612.2";"BCDFEE+BookmanOldStyle";"12.0";"351.035";"306.1";"0.07339921594250245";"0.2758085592943482";"0.5951813132963084";"False";"BATANG TUBUH";"PASAL 6"
"4";"dimaksud dalam Pasal 4 dan Naskah Dinas penetapan";"168.85";"533.146";"421.80000000000007";"433.8";"612.2";"BCDFEE+BookmanOldStyle";"11.999999999999943";"350.998";"306.1";"0.07333877817706626";"0.2758085592943482";"0.5950604377654359";"False";"BATANG TUBUH";"PASAL 6"
"4";"sebagaimana dimaksud dalam Pasal 5 diatur sesuai dengan";"168.85";"533.062";"440.2";"452.2";"612.2";"BCDFEE+BookmanOldStyle";"12.0";"350.956";"306.1";"0.0732701731460307";"0.2758085592943482";"0.5949232277033648";"False";"BATANG TUBUH";"PASAL 6"
"4";"ketentuan peraturan perundang-undangan.";"168.85";"427.71799999999996";"458.40000000000003";"470.40000000000003";"612.2";"BCDFEE+BookmanOldStyle";"12.0";"298.284";"306.1";"0.012767069585102956";"0.2758085592943482";"0.42284874224109753";"False";"BATANG TUBUH";"PASAL 6"
"4";"Pasal 7";"280.3";"322.72";"495.0";"507.0";"612.2";"BCDFEE+BookmanOldStyle";"12.0";"301.51";"306.1";"0.0074975498203202085";"0.45785690950669716";"0.06929108134596539";"False";"BATANG TUBUH";"PASAL 7"
"4";"(1) Naskah Dinas penugasan sebagaimana dimaksud dalam";"168.85";"532.854";"531.63";"543.63";"612.2";"BCDFEE+BookmanOldStyle";"12.0";"350.85200000000003";"306.1";"0.0731002940215616";"0.2758085592943482";"0.5945834694544266";"False";"BATANG TUBUH";"PASAL 7"
"4";"Pasal 3 huruf c terdiri atas:";"190.05";"351.786";"550.03";"562.03";"612.2";"BCDFEE+BookmanOldStyle";"12.0";"270.918";"306.1";"0.05746814766416206";"0.310437765436132";"0.2641881737994119";"False";"BATANG TUBUH";"PASAL 3"
"4";"a. surat perintah;";"190.05";"293.022";"568.4200000000001";"580.4200000000001";"612.2";"BCDFEE+BookmanOldStyle";"12.0";"241.536";"306.1";"0.10546226723293044";"0.310437765436132";"0.16819993466187516";"False";"BATANG TUBUH";"PASAL 3"
"4";"b. surat tugas; dan";"190.05";"301.494";"586.63";"598.63";"612.2";"BCDFEE+BookmanOldStyle";"12.0";"245.77200000000002";"306.1";"0.09854295981705324";"0.310437765436132";"0.18203854949362955";"False";"BATANG TUBUH";"PASAL 3"
"4";"c. surat perjalanan dinas.";"190.05";"341.99399999999997";"605.02";"617.02";"612.2";"BCDFEE+BookmanOldStyle";"12.0";"266.022";"306.1";"0.06546553413917025";"0.310437765436132";"0.24819340084939553";"False";"BATANG TUBUH";"PASAL 3"
"4";"(2) Surat perintah sebagaimana dimaksud pada ayat (1)";"168.85";"532.89";"623.23";"635.23";"612.2";"BCDFEE+BookmanOldStyle";"12.0";"350.87";"306.1";"0.07312969617771967";"0.2758085592943482";"0.5946422737667428";"False";"BATANG TUBUH";"PASAL 3"
"4";"huruf a berisi perintah dari atasan kepada bawahan untuk";"190.05";"533.2140000000002";"641.6500000000001";"653.6500000000001";"612.2";"BCDFEE+BookmanOldStyle";"12.0";"361.63200000000006";"306.1";"0.09070891865403469";"0.310437765436132";"0.5605423064358055";"False";"BATANG TUBUH";"PASAL 3"
"4";"melaksanakan pekerjaan tertentu di luar tugas dan fungsi.";"190.05";"532.974";"659.85";"671.85";"612.2";"BCDFEE+BookmanOldStyle";"12.0";"361.51200000000006";"306.1";"0.09051290427964723";"0.310437765436132";"0.5601502776870304";"False";"BATANG TUBUH";"PASAL 3"
"4";"(3) Surat tugas sebagaimana dimaksud pada ayat (1) huruf b";"168.85";"533.1480000000001";"678.25";"690.25";"612.2";"BCDFEE+BookmanOldStyle";"12.0";"350.9990000000001";"306.1";"0.0733404116301863";"0.2758085592943482";"0.595063704671676";"False";"BATANG TUBUH";"PASAL 3"
"4";"berisi tugas dari atasan kepada bawahan untuk";"190.05";"533.1180000000002";"696.45";"708.45";"612.2";"BCDFEE+BookmanOldStyle";"12.0";"361.58400000000006";"306.1";"0.0906305129042797";"0.310437765436132";"0.5603854949362955";"False";"BATANG TUBUH";"PASAL 3"
"4";"melaksanakan perintah pekerjaan sesuai dengan tugas";"190.05";"532.7820000000002";"714.85";"726.85";"612.2";"BCDFEE+BookmanOldStyle";"12.0";"361.41600000000005";"306.1";"0.09035609278013726";"0.310437765436132";"0.5598366546880107";"False";"BATANG TUBUH";"PASAL 3"
"4";"dan fungsinya.";"190.05";"277.626";"733.25";"745.25";"612.2";"BCDFEE+BookmanOldStyle";"12.0";"233.838";"306.1";"0.1180365893498857";"0.310437765436132";"0.14305129042796466";"False";"BATANG TUBUH";"PASAL 3"
"4";"(4) Surat perjalanan dinas sebagaimana dimaksud pada ayat";"168.85";"532.65";"751.48";"763.48";"612.2";"BCDFEE+BookmanOldStyle";"12.0";"350.75";"306.1";"0.0729336818033322";"0.2758085592943482";"0.5942502450179679";"False";"BATANG TUBUH";"PASAL 3"
"4";"(1) huruf c merupakan dokumen yang diterbitkan oleh";"190.05";"533.406";"769.88";"781.88";"612.2";"BCDFEE+BookmanOldStyle";"12.0";"361.72799999999995";"306.1";"0.09086573015354447";"0.310437765436132";"0.5608559294348251";"False";"BATANG TUBUH";"PASAL 3"
"4";"pejabat pengguna anggaran/kuasa pengguna";"190.05";"533.154";"788.08";"800.08";"612.2";"BCDFEE+BookmanOldStyle";"12.0";"361.602";"306.1";"0.09065991506043768";"0.310437765436132";"0.5604442992486115";"False";"BATANG TUBUH";"PASAL 3"
"4";"anggaran/pejabat pembuat komitmen dalam rangka";"190.05";"533.234";"806.48";"818.48";"612.2";"BCDFEE+BookmanOldStyle";"12.000000000000014";"361.64200000000005";"306.1";"0.09072525318523363";"0.310437765436132";"0.5605749754982032";"False";"BATANG TUBUH";"PASAL 3"
"4";"pelaksanaan perjalanan dinas pejabat negara, Aparatur";"190.05";"533.35";"824.6800000000001";"836.6800000000001";"612.2";"BCDFEE+BookmanOldStyle";"12.0";"361.70000000000005";"306.1";"0.09081999346618755";"0.310437765436132";"0.560764456060111";"False";"BATANG TUBUH";"PASAL 3"
"4";"Sipil Negara, pegawai tidak tetap, dan pihak lain.";"190.05";"479.9339999999999";"843.075";"855.075";"612.2";"BCDFEE+BookmanOldStyle";"12.0";"334.99199999999996";"306.1";"0.0471937275400195";"0.310437765436132";"0.47351192420777505";"False";"BATANG TUBUH";"PASAL 3"
"5";"5";"296.9";"304.34";"27.500000000000114";"39.500000000000114";"612.2";"BCDFEE+BookmanOldStyle";"12.0";"300.62";"306.1";"0.008951323097027144";"0.4849722312969617";"0.01215289121202221";"False";"BATANG TUBUH";"PASAL 3"
"5";"Pasal 8";"278.7";"321.12";"55.530000000000086";"67.53000000000009";"612.2";"BCDFEE+BookmanOldStyle";"12.0";"299.90999999999997";"306.1";"0.01011107481215298";"0.45524338451486435";"0.06929108134596539";"False";"BATANG TUBUH";"PASAL 8"
"5";"Susunan dan bentuk Naskah Dinas penugasan sebagaimana";"168.85";"533.098";"90.13000000000011";"102.13000000000011";"612.2";"BCDFEE+BookmanOldStyle";"12.0";"350.974";"306.1";"0.07329957530218877";"0.2758085592943482";"0.594982032015681";"False";"BATANG TUBUH";"PASAL 8"
"5";"dimaksud dalam Pasal 7 ayat (1) tercantum dalam Lampiran";"168.85";"532.7499999999998";"107.53000000000009";"119.53000000000009";"612.2";"BCDFEE+BookmanOldStyle";"12.0";"350.7999999999999";"306.1";"0.0730153544593268";"0.2758085592943482";"0.5944135903299571";"False";"BATANG TUBUH";"PASAL 8"
"5";"yang merupakan bagian tidak terpisahkan dari Peraturan";"168.85";"532.8219999999998";"124.73000000000002";"136.73000000000002";"612.2";"BCDFEE+BookmanOldStyle";"12.0";"350.8359999999999";"306.1";"0.07307415877164304";"0.2758085592943482";"0.5945311989545895";"False";"BATANG TUBUH";"PASAL 8"
"5";"Bupati ini.";"168.85";"231.30200000000002";"142.1300000000001";"154.1300000000001";"612.2";"BCDFEE+BookmanOldStyle";"12.0";"200.07600000000002";"306.1";"0.17318523358379614";"0.2758085592943482";"0.10201241424371124";"False";"BATANG TUBUH";"PASAL 8"
"5";"Bagian Ketiga";"257.48";"342.188";"176.7500000000001";"188.7500000000001";"612.2";"BCDFEE+BookmanOldStyle";"12.0";"299.834";"306.1";"0.010235217249264978";"0.4205815093106828";"0.13836654688010447";"False";"BATANG TUBUH";"BAGIAN KETIGA"
"5";"Naskah Dinas Korespondensi";"213.48";"386.424";"193.95000000000005";"205.95000000000005";"612.2";"BCDFEE+BookmanOldStyle";"12.0";"299.952";"306.1";"0.010042469781117322";"0.3487095720352825";"0.28249591636720023";"False";"BATANG TUBUH";"BAGIAN KETIGA"
"5";"Pasal 9";"278.7";"321.12";"228.7500000000001";"240.7500000000001";"612.2";"BCDFEE+BookmanOldStyle";"12.0";"299.90999999999997";"306.1";"0.01011107481215298";"0.45524338451486435";"0.06929108134596539";"False";"BATANG TUBUH";"PASAL 9"
"5";"Naskah Dinas korespondensi sebagaimana dimaksud dalam";"168.85";"533.164";"263.35";"275.35";"612.2";"BCDFEE+BookmanOldStyle";"12.0";"351.007";"306.1";"0.07335347925514535";"0.2758085592943482";"0.5950898399215941";"False";"BATANG TUBUH";"PASAL 9"
"5";"Pasal 2 huruf b, terdiri atas:";"168.85";"335.578";"280.58000000000004";"292.58000000000004";"612.2";"BCDFEE+BookmanOldStyle";"12.0";"252.214";"306.1";"0.08802025481868674";"0.2758085592943482";"0.27234237177393006";"False";"BATANG TUBUH";"PASAL 2"
"5";"a. korespondensi internal; dan";"168.85";"348.314";"297.98";"309.98";"612.2";"BCDFEE+BookmanOldStyle";"12.0";"258.582";"306.1";"0.07761842535119247";"0.2758085592943482";"0.2931460307089187";"False";"BATANG TUBUH";"PASAL 2"
"5";"b. korespondensi eksternal.";"168.85";"330.4579999999999";"315.1700000000001";"327.1700000000001";"612.2";"BCDFEE+BookmanOldStyle";"12.0";"249.65399999999994";"306.1";"0.0922018948056192";"0.2758085592943482";"0.2639790918000652";"False";"BATANG TUBUH";"PASAL 2"
"5";"Pasal 10";"278.1";"327.92400000000004";"349.98";"361.98";"612.2";"BCDFEE+BookmanOldStyle";"12.0";"303.01200000000006";"306.1";"0.0050441032342371205";"0.45426331264292713";"0.08138516824567137";"False";"BATANG TUBUH";"PASAL 10"
"5";"Naskah Dinas korespondensi internal sebagaimana dimaksud";"168.85";"533.0500000000001";"384.58000000000004";"396.58000000000004";"612.2";"BCDFEE+BookmanOldStyle";"12.0";"350.95000000000005";"306.1";"0.07326037242731137";"0.2758085592943482";"0.5949036262659262";"False";"BATANG TUBUH";"PASAL 10"
"5";"dalam Pasal 9 huruf a, terdiri atas:";"168.85";"375.31";"401.80000000000007";"413.80000000000007";"612.2";"BCDFEE+BookmanOldStyle";"12.0";"272.08";"306.1";"0.05557007513884357";"0.2758085592943482";"0.33724273113361647";"False";"BATANG TUBUH";"PASAL 10"
"5";"a. nota dinas;";"168.85";"249.23000000000002";"419.20000000000005";"431.2";"612.2";"BCDFEE+BookmanOldStyle";"11.999999999999943";"209.04000000000002";"306.1";"0.15854295981705324";"0.2758085592943482";"0.13129696177719702";"False";"BATANG TUBUH";"PASAL 10"
"5";"b. memo; dan";"168.85";"248.354";"436.40000000000003";"448.40000000000003";"612.2";"BCDFEE+BookmanOldStyle";"12.0";"208.602";"306.1";"0.1592584122835675";"0.2758085592943482";"0.1298660568441686";"False";"BATANG TUBUH";"PASAL 10"
"5";"c. disposisi.";"168.85";"237.90200000000002";"453.8";"465.8";"612.2";"BCDFEE+BookmanOldStyle";"12.0";"203.376";"306.1";"0.16779483828814115";"0.2758085592943482";"0.11279320483502125";"False";"BATANG TUBUH";"PASAL 10"
"5";"Pasal 11";"278.1";"327.92400000000004";"488.40000000000003";"500.40000000000003";"612.2";"BCDFEE+BookmanOldStyle";"12.0";"303.01200000000006";"306.1";"0.0050441032342371205";"0.45426331264292713";"0.08138516824567137";"False";"BATANG TUBUH";"PASAL 11"
"5";"(1) Nota Dinas sebagaimana dimaksud dalam Pasal 10";"168.85";"532.998";"523.03";"535.03";"612.2";"BCDFEE+BookmanOldStyle";"12.0";"350.92400000000004";"306.1";"0.07321790264619407";"0.2758085592943482";"0.5948186867036916";"False";"BATANG TUBUH";"PASAL 11"
"5";"huruf a merupakan sarana komunikasi kedinasan antar";"190.05";"532.95";"540.4200000000001";"552.4200000000001";"612.2";"BCDFEE+BookmanOldStyle";"12.0";"361.5";"306.1";"0.09049330284220838";"0.310437765436132";"0.5601110748121529";"False";"BATANG TUBUH";"PASAL 11"
"5";"pejabat atau dari atasan kepada bawahan atau dari";"190.05";"533.0579999999999";"557.63";"569.63";"612.2";"BCDFEE+BookmanOldStyle";"12.0";"361.554";"306.1";"0.09058150931068269";"0.310437765436132";"0.5602874877491013";"False";"BATANG TUBUH";"PASAL 11"
"5";"bawahan kepada atasan di lingkungan internal Perangkat";"190.05";"532.8179999999999";"575.03";"587.03";"612.2";"BCDFEE+BookmanOldStyle";"12.0";"361.43399999999997";"306.1";"0.09038549493629523";"0.310437765436132";"0.5598954590003264";"False";"BATANG TUBUH";"PASAL 11"
"5";"Daerah.";"190.05";"236.85000000000002";"592.4200000000001";"604.4200000000001";"612.2";"BCDFEE+BookmanOldStyle";"12.0";"213.45000000000002";"306.1";"0.15133943155831428";"0.310437765436132";"0.07644560601110749";"False";"BATANG TUBUH";"PASAL 11"
"5";"(2) Memo sebagaimana dimaksud dalam Pasal 10 huruf b";"168.85";"532.932";"609.63";"621.63";"612.2";"BCDFEE+BookmanOldStyle";"12.0";"350.891";"306.1";"0.07316399869323749";"0.2758085592943482";"0.5947108787977784";"False";"BATANG TUBUH";"PASAL 11"
"5";"berisi informasi kedinasan yang bersifat mengingatkan";"190.05";"532.914";"627.02";"639.02";"612.2";"BCDFEE+BookmanOldStyle";"12.0";"361.48199999999997";"306.1";"0.09046390068605022";"0.310437765436132";"0.5600522704998365";"False";"BATANG TUBUH";"PASAL 11"
"5";"suatu masalah, menyampaikan arahan, peringatan, atau";"190.05";"533.0219999999998";"644.25";"656.25";"612.2";"BCDFEE+BookmanOldStyle";"12.0";"361.53599999999994";"306.1";"0.09055210715452452";"0.310437765436132";"0.560228683436785";"False";"BATANG TUBUH";"PASAL 11"
"5";"pendapat yang dibuat oleh atasan kepada bawahannya.";"190.05";"519.1980000000001";"661.6500000000001";"673.6500000000001";"612.2";"BCDFEE+BookmanOldStyle";"12.0";"354.624";"306.1";"0.07926167918980725";"0.310437765436132";"0.5376478275073506";"False";"BATANG TUBUH";"PASAL 11"
"5";"(3) Disposisi sebagaimana dimaksud dalam Pasal 10 huruf c";"168.85";"532.806";"678.85";"690.85";"612.2";"BCDFEE+BookmanOldStyle";"12.0";"350.82800000000003";"306.1";"0.0730610911466841";"0.2758085592943482";"0.5945050637046717";"False";"BATANG TUBUH";"PASAL 11"
"5";"merupakan petunjuk tertulis singkat dari atasan kepada";"190.05";"533.144";"696.25";"708.25";"612.2";"BCDFEE+BookmanOldStyle";"12.0";"361.597";"306.1";"0.09065174779483821";"0.310437765436132";"0.5604279647174125";"False";"BATANG TUBUH";"PASAL 11"
"5";"bawahan mengenai tindak lanjut/tanggapan terhadap";"190.05";"533.1059999999999";"713.65";"725.65";"612.2";"BCDFEE+BookmanOldStyle";"12.0";"361.578";"306.1";"0.09062071218556018";"0.310437765436132";"0.5603658934988563";"False";"BATANG TUBUH";"PASAL 11"
"5";"Naskah Dinas masuk.";"190.05";"320.21399999999994";"730.85";"742.85";"612.2";"BCDFEE+BookmanOldStyle";"12.0";"255.13199999999998";"306.1";"0.08325383861483182";"0.310437765436132";"0.2126167918980724";"False";"BATANG TUBUH";"PASAL 11"
"5";"Pasal 12";"276.5";"326.324";"765.48";"777.48";"612.2";"BCDFEE+BookmanOldStyle";"12.0";"301.41200000000003";"306.1";"0.007657628226069892";"0.45164978765109437";"0.08138516824567137";"False";"BATANG TUBUH";"PASAL 12"
"5";"Susunan dan bentuk Naskah Dinas korespondensi internal";"168.85";"533.2180000000001";"800.08";"812.08";"612.2";"BCDFEE+BookmanOldStyle";"12.000000000000014";"351.03400000000005";"306.1";"0.07339758248938259";"0.2758085592943482";"0.5951780463900687";"False";"BATANG TUBUH";"PASAL 12"
"5";"sebagaimana dimaksud dalam Pasal 10 tercantum dalam";"168.85";"532.9779999999998";"817.48";"829.48";"612.2";"BCDFEE+BookmanOldStyle";"12.0";"350.91399999999993";"306.1";"0.07320156811499494";"0.2758085592943482";"0.5947860176412934";"False";"BATANG TUBUH";"PASAL 12"
"5";"Lampiran yang merupakan bagian tidak terpisahkan dari";"168.85";"533.312";"834.875";"846.875";"612.2";"BCDFEE+BookmanOldStyle";"12.0";"351.081";"306.1";"0.07347435478601763";"0.2758085592943482";"0.5953315909833388";"False";"BATANG TUBUH";"PASAL 12"
"5";"Peraturan Bupati ini.";"168.85";"293.912";"852.075";"864.075";"612.2";"BCDFEE+BookmanOldStyle";"12.0";"231.38099999999997";"306.1";"0.12204998366546888";"0.2758085592943482";"0.20428291408036586";"False";"BATANG TUBUH";"PASAL 12"
"6";"6";"296.9";"304.34";"27.500000000000114";"39.500000000000114";"612.2";"BCDFEE+BookmanOldStyle";"12.0";"300.62";"306.1";"0.008951323097027144";"0.4849722312969617";"0.01215289121202221";"False";"BATANG TUBUH";"PASAL 12"
"6";"Pasal 13";"274.88";"324.704";"55.530000000000086";"67.53000000000009";"612.2";"BCDFEE+BookmanOldStyle";"12.0";"299.79200000000003";"306.1";"0.010303822280300542";"0.4490035935968637";"0.08138516824567137";"False";"BATANG TUBUH";"PASAL 13"
"6";"(1) Naskah Dinas korespondensi eksternal sebagaimana";"168.85";"533.01";"92.33000000000004";"104.33000000000004";"612.2";"BCDFEE+BookmanOldStyle";"12.0";"350.93";"306.1";"0.0732277033649134";"0.2758085592943482";"0.5948382881411303";"False";"BATANG TUBUH";"PASAL 13"
"6";"dimaksud dalam Pasal 9 huruf b disusun dalam bentuk";"190.05";"532.9739999999999";"110.73000000000002";"122.73000000000002";"612.2";"BCDFEE+BookmanOldStyle";"12.0";"361.51199999999994";"306.1";"0.09051290427964703";"0.310437765436132";"0.5601502776870302";"False";"BATANG TUBUH";"PASAL 13"
"6";"surat dinas.";"190.05";"261.03";"129.33000000000004";"141.33000000000004";"612.2";"BCDFEE+BookmanOldStyle";"12.0";"225.54";"306.1";"0.13159098333877822";"0.310437765436132";"0.1159425024501796";"False";"BATANG TUBUH";"PASAL 13"
"6";"(2) Susunan dan bentuk Naskah Dinas korespondensi";"168.85";"533.2260000000001";"147.73000000000002";"159.73000000000002";"612.2";"BCDFEE+BookmanOldStyle";"12.0";"351.03800000000007";"306.1";"0.07340411630186221";"0.2758085592943482";"0.5951911140150279";"False";"BATANG TUBUH";"PASAL 13"
"6";"eksternal tercantum dalam Lampiran yang merupakan";"190.05";"532.8299999999999";"166.1500000000001";"178.1500000000001";"612.2";"BCDFEE+BookmanOldStyle";"12.0";"361.43999999999994";"306.1";"0.09039529565501456";"0.310437765436132";"0.5599150604377653";"False";"BATANG TUBUH";"PASAL 13"
"6";"bagian tidak terpisahkan dari Peraturan Bupati ini.";"190.05";"493.782";"184.55000000000007";"196.55000000000007";"612.2";"BCDFEE+BookmanOldStyle";"12.0";"341.916";"306.1";"0.05850375694217571";"0.310437765436132";"0.4961319830120875";"False";"BATANG TUBUH";"PASAL 13"
"6";"Bagian Keempat";"253.48";"349.19199999999995";"221.35000000000002";"233.35000000000002";"612.2";"BCDFEE+BookmanOldStyle";"12.0";"301.33599999999996";"306.1";"0.007781770663182076";"0.4140476968311009";"0.1563410650114341";"False";"BATANG TUBUH";"BAGIAN KEEMPAT"
"6";"Naskah Dinas Khusus";"235.48";"367.24";"239.7500000000001";"251.7500000000001";"612.2";"BCDFEE+BookmanOldStyle";"12.0";"301.36";"306.1";"0.00774256778830449";"0.3846455406729826";"0.2152237830774257";"False";"BATANG TUBUH";"BAGIAN KEEMPAT"
"6";"Pasal 14";"276.5";"326.324";"276.7500000000001";"288.7500000000001";"612.2";"BCDFEE+BookmanOldStyle";"12.0";"301.41200000000003";"306.1";"0.007657628226069892";"0.45164978765109437";"0.08138516824567137";"False";"BATANG TUBUH";"PASAL 14"
"6";"Naskah Dinas khusus sebagaimana dimaksud dalam Pasal 2";"168.85";"528.67";"313.58000000000004";"325.58000000000004";"612.2";"BCDFEE+BookmanOldStyle";"12.0";"348.76";"306.1";"0.06968311009474022";"0.2758085592943482";"0.5877491016007839";"False";"BATANG TUBUH";"PASAL 14"
"6";"huruf c, terdiri atas:";"168.85";"288.268";"331.98";"343.98";"612.2";"BCDFEE+BookmanOldStyle";"12.0";"228.55899999999997";"306.1";"0.12665958836981386";"0.2758085592943482";"0.19506370467167589";"False";"BATANG TUBUH";"PASAL 14"
"6";"a. instruksi;";"168.85";"239.85800000000003";"350.3800000000001";"362.3800000000001";"612.2";"BCDFEE+BookmanOldStyle";"12.0";"204.354";"306.1";"0.16619732113688337";"0.2758085592943482";"0.11598823913753681";"False";"BATANG TUBUH";"PASAL 14"
"6";"b. surat edaran;";"168.85";"262.60999999999996";"368.7800000000001";"380.7800000000001";"612.2";"BCDFEE+BookmanOldStyle";"12.0";"215.72999999999996";"306.1";"0.1476151584449527";"0.2758085592943482";"0.15315256452139817";"False";"BATANG TUBUH";"PASAL 14"
"6";"c. surat kuasa;";"168.85";"257.606";"387.3800000000001";"399.3800000000001";"612.2";"BCDFEE+BookmanOldStyle";"12.0";"213.228";"306.1";"0.15170205815093107";"0.2758085592943482";"0.14497876510944135";"False";"BATANG TUBUH";"PASAL 14"
"6";"d. berita acara;";"168.85";"257.01800000000003";"405.80000000000007";"417.80000000000007";"612.2";"BCDFEE+BookmanOldStyle";"12.0";"212.93400000000003";"306.1";"0.15218229336818032";"0.2758085592943482";"0.14401829467494287";"False";"BATANG TUBUH";"PASAL 14"
"6";"e. surat keterangan;";"168.85";"287.786";"424.2";"436.2";"612.2";"BCDFEE+BookmanOldStyle";"12.0";"228.31799999999998";"306.1";"0.12705325057170866";"0.2758085592943482";"0.1942763802678863";"False";"BATANG TUBUH";"PASAL 14"
"6";"f. surat pengantar;";"168.85";"281.582";"442.6";"454.6";"612.2";"BCDFEE+BookmanOldStyle";"12.0";"225.216";"306.1";"0.13212022214962432";"0.2758085592943482";"0.18414243711205486";"False";"BATANG TUBUH";"PASAL 14"
"6";"g. pengumuman;";"168.85";"268.622";"461.0";"473.0";"612.2";"BCDFEE+BookmanOldStyle";"12.0";"218.736";"306.1";"0.14270499836654693";"0.2758085592943482";"0.16297288467820975";"False";"BATANG TUBUH";"PASAL 14"
"6";"h. laporan;";"168.85";"231.842";"479.40000000000003";"491.40000000000003";"612.2";"BCDFEE+BookmanOldStyle";"12.0";"200.346";"306.1";"0.1727442012414244";"0.2758085592943482";"0.10289447892845478";"False";"BATANG TUBUH";"PASAL 14"
"6";"i. telaahan staf;";"168.85";"263.594";"497.8";"509.8";"612.2";"BCDFEE+BookmanOldStyle";"12.0";"216.22199999999998";"306.1";"0.1468114995099641";"0.2758085592943482";"0.15475988239137536";"False";"BATANG TUBUH";"PASAL 14"
"6";"j. notula;";"168.85";"225.026";"516.4200000000001";"528.4200000000001";"612.2";"BCDFEE+BookmanOldStyle";"12.0";"196.938";"306.1";"0.17831100947402814";"0.2758085592943482";"0.09176086246324733";"False";"BATANG TUBUH";"PASAL 14"
"6";"k. surat undangan;";"168.85";"281.774";"534.8299999999999";"546.8299999999999";"612.2";"BCDFEE+BookmanOldStyle";"12.0";"225.312";"306.1";"0.13196341065011435";"0.2758085592943482";"0.18445606011107482";"False";"BATANG TUBUH";"PASAL 14"
"6";"l. surat pernyataan melaksanakan tugas;";"168.85";"414.45799999999997";"553.23";"565.23";"612.2";"BCDFEE+BookmanOldStyle";"12.0";"291.654";"306.1";"0.023596863770009843";"0.2758085592943482";"0.40118915387128384";"False";"BATANG TUBUH";"PASAL 14"
"6";"m. surat panggilan;";"168.85";"280.39399999999995";"571.63";"583.63";"612.2";"BCDFEE+BookmanOldStyle";"12.0";"224.62199999999996";"306.1";"0.1330904933028423";"0.2758085592943482";"0.182201894805619";"False";"BATANG TUBUH";"PASAL 14"
"6";"n. surat izin;";"168.85";"242.82200000000003";"590.03";"602.03";"612.2";"BCDFEE+BookmanOldStyle";"12.0";"205.836";"306.1";"0.1637765436131983";"0.2758085592943482";"0.12082979418490694";"False";"BATANG TUBUH";"PASAL 14"
"6";"o. lembaran daerah;";"168.85";"287.018";"608.4200000000001";"620.4200000000001";"612.2";"BCDFEE+BookmanOldStyle";"12.0";"227.93399999999997";"306.1";"0.12768049656974853";"0.2758085592943482";"0.19302188827180655";"False";"BATANG TUBUH";"PASAL 14"
"6";"p. berita daerah;";"168.85";"265.484";"626.8299999999999";"638.8299999999999";"612.2";"BCDFEE+BookmanOldStyle";"12.0";"217.16699999999997";"306.1";"0.14526788631166293";"0.2758085592943482";"0.15784710878797775";"False";"BATANG TUBUH";"PASAL 14"
"6";"q. rekomendasi;";"168.85";"262.07";"645.45";"657.45";"612.2";"BCDFEE+BookmanOldStyle";"12.0";"215.45999999999998";"306.1";"0.14805619078732446";"0.2758085592943482";"0.15227049983665467";"False";"BATANG TUBUH";"PASAL 14"
"6";"r. radiogram;";"168.85";"246.638";"663.85";"675.85";"612.2";"BCDFEE+BookmanOldStyle";"12.0";"207.744";"306.1";"0.16065991506043778";"0.2758085592943482";"0.12706305129042797";"False";"BATANG TUBUH";"PASAL 14"
"6";"s. surat tanda tamat pendidikan dan pelatihan;";"168.85";"448.86199999999997";"682.25";"694.25";"612.2";"BCDFEE+BookmanOldStyle";"12.0";"308.856";"306.1";"0.004501796798431839";"0.2758085592943482";"0.45738647500816715";"False";"BATANG TUBUH";"PASAL 14"
"6";"t. sertifikat;";"168.85";"239.054";"700.65";"712.65";"612.2";"BCDFEE+BookmanOldStyle";"12.0";"203.952";"306.1";"0.16685396929108137";"0.2758085592943482";"0.11467494282914081";"False";"BATANG TUBUH";"PASAL 14"
"6";"u. piagam; dan";"168.85";"255.58999999999997";"719.05";"731.05";"612.2";"BCDFEE+BookmanOldStyle";"12.0";"212.21999999999997";"306.1";"0.15334857889578576";"0.2758085592943482";"0.14168572361973208";"False";"BATANG TUBUH";"PASAL 14"
"6";"v. surat perjanjian.";"168.85";"281.402";"737.45";"749.45";"612.2";"BCDFEE+BookmanOldStyle";"12.0";"225.12599999999998";"306.1";"0.13226723293041495";"0.2758085592943482";"0.18384841555047368";"False";"BATANG TUBUH";"PASAL 14"
"6";"Pasal 15";"274.88";"324.704";"774.48";"786.48";"612.2";"BCDFEE+BookmanOldStyle";"12.0";"299.79200000000003";"306.1";"0.010303822280300542";"0.4490035935968637";"0.08138516824567137";"False";"BATANG TUBUH";"PASAL 15"
"6";"(1) Instruksi sebagaimana dimaksud dalam Pasal 14 huruf a";"168.85";"532.674";"811.28";"823.28";"612.2";"BCDFEE+BookmanOldStyle";"12.0";"350.762";"306.1";"0.07295328324077095";"0.2758085592943482";"0.5942894478928453";"False";"BATANG TUBUH";"PASAL 15"
"6";"berisi perintah/arahan Bupati sesuai dengan ketentuan";"190.05";"533.3159999999999";"829.6750000000001";"841.6750000000001";"612.2";"BCDFEE+BookmanOldStyle";"12.0";"361.683";"306.1";"0.09079222476314924";"0.310437765436132";"0.5607089186540344";"False";"BATANG TUBUH";"PASAL 15"
"6";"peraturan perundang-undangan.";"190.05";"385.068";"848.075";"860.075";"612.2";"BCDFEE+BookmanOldStyle";"12.0";"287.55899999999997";"306.1";"0.030285854295981792";"0.310437765436132";"0.31855276053577253";"False";"BATANG TUBUH";"PASAL 15"
"7";"7";"296.9";"304.34";"27.500000000000114";"39.500000000000114";"612.2";"BCDFEE+BookmanOldStyle";"12.0";"300.62";"306.1";"0.008951323097027144";"0.4849722312969617";"0.01215289121202221";"False";"BATANG TUBUH";"PASAL 15"
"7";"(2) Surat edaran sebagaimana dimaksud dalam Pasal 14";"168.85";"532.806";"55.530000000000086";"67.53000000000009";"612.2";"BCDFEE+BookmanOldStyle";"12.0";"350.82800000000003";"306.1";"0.0730610911466841";"0.2758085592943482";"0.5945050637046717";"False";"BATANG TUBUH";"PASAL 15"
"7";"huruf b berisi pemberitahuan, penjelasan, dan/atau";"190.05";"533.0939999999999";"72.73000000000002";"84.73000000000002";"612.2";"BCDFEE+BookmanOldStyle";"12.0";"361.572";"306.1";"0.09061091146684086";"0.310437765436132";"0.5603462920614177";"False";"BATANG TUBUH";"PASAL 15"
"7";"petunjuk cara melaksanakan hal tertentu yang dianggap";"190.05";"532.8900000000001";"90.13000000000011";"102.13000000000011";"612.2";"BCDFEE+BookmanOldStyle";"12.0";"361.47";"306.1";"0.09044429924861157";"0.310437765436132";"0.5600130676249593";"False";"BATANG TUBUH";"PASAL 15"
"7";"penting dan mendesak.";"190.05";"327.642";"107.53000000000009";"119.53000000000009";"612.2";"BCDFEE+BookmanOldStyle";"12.0";"258.846";"306.1";"0.07718719372754004";"0.310437765436132";"0.22475008167265595";"False";"BATANG TUBUH";"PASAL 15"
"7";"(3) Surat kuasa sebagaimana dimaksud dalam Pasal 14";"168.85";"533.2439999999999";"124.73000000000002";"136.73000000000002";"612.2";"BCDFEE+BookmanOldStyle";"12.0";"351.04699999999997";"306.1";"0.0734188173799411";"0.2758085592943482";"0.5952205161711857";"False";"BATANG TUBUH";"PASAL 15"
"7";"huruf c berisi pemberian kuasa kepada pihak lain dengan";"190.05";"533.4699999999999";"142.1300000000001";"154.1300000000001";"612.2";"BCDFEE+BookmanOldStyle";"12.0";"361.76";"306.1";"0.0909180006533812";"0.310437765436132";"0.5609604704344984";"False";"BATANG TUBUH";"PASAL 15"
"7";"atas namanya untuk melakukan suatu tindakan";"190.05";"533.0219999999999";"159.33000000000004";"171.33000000000004";"612.2";"BCDFEE+BookmanOldStyle";"12.0";"361.53599999999994";"306.1";"0.09055210715452452";"0.310437765436132";"0.5602286834367852";"False";"BATANG TUBUH";"PASAL 15"
"7";"tertentu dalam rangka kedinasan sesuai peraturan";"190.05";"532.842";"176.7500000000001";"188.7500000000001";"612.2";"BCDFEE+BookmanOldStyle";"12.0";"361.446";"306.1";"0.09040509637373408";"0.310437765436132";"0.5599346618752041";"False";"BATANG TUBUH";"PASAL 15"
"7";"perundang-undangan.";"190.05";"322.438";"193.95000000000005";"205.95000000000005";"612.2";"BCDFEE+BookmanOldStyle";"12.0";"256.244";"306.1";"0.08143743874550799";"0.310437765436132";"0.21624959163671997";"False";"BATANG TUBUH";"PASAL 15"
"7";"(4) Berita acara sebagaimana dimaksud dalam Pasal 14";"168.85";"532.998";"211.35000000000002";"223.35000000000002";"612.2";"BCDFEE+BookmanOldStyle";"12.0";"350.92400000000004";"306.1";"0.07321790264619407";"0.2758085592943482";"0.5948186867036916";"False";"BATANG TUBUH";"PASAL 15"
"7";"huruf d berisi pernyataan pelaksanaan kegiatan pada";"190.05";"533.046";"228.7500000000001";"240.7500000000001";"612.2";"BCDFEE+BookmanOldStyle";"12.0";"361.548";"306.1";"0.09057170859196337";"0.310437765436132";"0.5602678863116629";"False";"BATANG TUBUH";"PASAL 15"
"7";"waktu dan tempat tertentu yang ditandatangani oleh para";"190.05";"532.962";"245.95000000000005";"257.95000000000005";"612.2";"BCDFEE+BookmanOldStyle";"12.0";"361.506";"306.1";"0.09050310356092771";"0.310437765436132";"0.5601306762495916";"False";"BATANG TUBUH";"PASAL 15"
"7";"pihak.";"190.05";"227.274";"263.35";"275.35";"612.2";"BCDFEE+BookmanOldStyle";"12.0";"208.662";"306.1";"0.15916040509637375";"0.310437765436132";"0.06080365893498854";"False";"BATANG TUBUH";"PASAL 15"
"7";"(5) Surat keterangan sebagaimana dimaksud dalam Pasal 14";"168.85";"532.7819999999999";"280.58000000000004";"292.58000000000004";"612.2";"BCDFEE+BookmanOldStyle";"12.0";"350.816";"306.1";"0.07304148970924526";"0.2758085592943482";"0.594465860829794";"False";"BATANG TUBUH";"PASAL 15"
"7";"huruf e berisi penjelasan subjek dan objek untuk";"190.05";"532.9860000000001";"297.98";"309.98";"612.2";"BCDFEE+BookmanOldStyle";"12.0";"361.51800000000003";"306.1";"0.09052270499836655";"0.310437765436132";"0.5601698791244692";"False";"BATANG TUBUH";"PASAL 15"
"7";"kepentingan kedinasan/tertentu.";"190.05";"385.95";"315.1700000000001";"327.1700000000001";"612.2";"BCDFEE+BookmanOldStyle";"12.0";"288.0";"306.1";"0.029565501470107843";"0.310437765436132";"0.31999346618752034";"False";"BATANG TUBUH";"PASAL 15"
"7";"(6) Surat pengantar sebagaimana dimaksud dalam Pasal 14";"168.85";"533.0300000000001";"332.58000000000004";"344.58000000000004";"612.2";"BCDFEE+BookmanOldStyle";"12.0";"350.94000000000005";"306.1";"0.07324403789611243";"0.2758085592943482";"0.5948709572035283";"False";"BATANG TUBUH";"PASAL 15"
"7";"huruf f berisi informasi yang digunakan untuk";"190.05";"533.4300000000001";"349.98";"361.98";"612.2";"BCDFEE+BookmanOldStyle";"12.0";"361.74";"306.1";"0.0908853315909833";"0.310437765436132";"0.5608951323097028";"False";"BATANG TUBUH";"PASAL 15"
"7";"menyampaikan barang atau naskah.";"190.05";"406.88999999999993";"367.1700000000001";"379.1700000000001";"612.2";"BCDFEE+BookmanOldStyle";"12.0";"298.46999999999997";"306.1";"0.012463247304802437";"0.310437765436132";"0.3541979745181312";"False";"BATANG TUBUH";"PASAL 15"
"7";"(7) Pengumuman sebagaimana dimaksud dalam Pasal 14";"168.85";"532.8299999999999";"384.58000000000004";"396.58000000000004";"612.2";"BCDFEE+BookmanOldStyle";"12.0";"350.84";"306.1";"0.07308069258412275";"0.2758085592943482";"0.594544266579549";"False";"BATANG TUBUH";"PASAL 15"
"7";"huruf g berisi pemberitahuan yang bersifat umum dari";"190.05";"532.8899999999999";"401.80000000000007";"413.80000000000007";"612.2";"BCDFEE+BookmanOldStyle";"12.0";"361.4699999999999";"306.1";"0.09044429924861137";"0.310437765436132";"0.560013067624959";"False";"BATANG TUBUH";"PASAL 15"
"7";"pejabat yang berwenang.";"190.05";"336.186";"419.20000000000005";"431.2";"612.2";"BCDFEE+BookmanOldStyle";"11.999999999999943";"263.118";"306.1";"0.07020908199934665";"0.310437765436132";"0.23870630512904273";"False";"BATANG TUBUH";"PASAL 15"
"7";"(8) Laporan sebagaimana dimaksud dalam Pasal 14 huruf h";"168.85";"532.9279999999999";"436.40000000000003";"448.40000000000003";"612.2";"BCDFEE+BookmanOldStyle";"12.0";"350.88899999999995";"306.1";"0.0731607317869976";"0.2758085592943482";"0.5947043449852987";"False";"BATANG TUBUH";"PASAL 15"
"7";"berisi pemberitahuan tentang pelaksanaan kegiatan atau";"190.05";"533.1179999999998";"453.8";"465.8";"612.2";"BCDFEE+BookmanOldStyle";"12.0";"361.58399999999995";"306.1";"0.09063051290427951";"0.310437765436132";"0.560385494936295";"False";"BATANG TUBUH";"PASAL 15"
"7";"kejadian tertentu.";"190.05";"295.39799999999997";"471.2";"483.2";"612.2";"BCDFEE+BookmanOldStyle";"12.0";"242.724";"306.1";"0.10352172492649465";"0.310437765436132";"0.17208101927474673";"False";"BATANG TUBUH";"PASAL 15"
"7";"(9) Telaahan staf sebagaimana dimaksud dalam Pasal 14";"168.85";"532.9259999999999";"488.40000000000003";"500.40000000000003";"612.2";"BCDFEE+BookmanOldStyle";"12.0";"350.888";"306.1";"0.07315909833387774";"0.2758085592943482";"0.5947010780790589";"False";"BATANG TUBUH";"PASAL 15"
"7";"huruf i berisi analisis pertimbangan, pendapat, dan saran";"190.05";"533.0219999999998";"505.8";"517.8";"612.2";"BCDFEE+BookmanOldStyle";"12.0";"361.53599999999994";"306.1";"0.09055210715452452";"0.310437765436132";"0.560228683436785";"False";"BATANG TUBUH";"PASAL 15"
"7";"secara sistematis terhadap sesuatu permasalahan yang";"190.05";"533.4079999999999";"523.03";"535.03";"612.2";"BCDFEE+BookmanOldStyle";"12.0";"361.7289999999999";"306.1";"0.09086736360666432";"0.310437765436132";"0.5608591963410647";"False";"BATANG TUBUH";"PASAL 15"
"7";"perlu penjelasan dari bawahan kepada atasan.";"190.05";"465.69";"540.4200000000001";"552.4200000000001";"612.2";"BCDFEE+BookmanOldStyle";"12.0";"327.87";"306.1";"0.03556027442012411";"0.310437765436132";"0.4502450179679843";"False";"BATANG TUBUH";"PASAL 15"
"7";"(10) Notula sebagaimana dimaksud dalam Pasal 14 huruf j";"161.65";"532.842";"557.63";"569.63";"612.2";"BCDFEE+BookmanOldStyle";"12.0";"347.246";"306.1";"0.06721006207121848";"0.26404769683110096";"0.6063247304802352";"False";"BATANG TUBUH";"PASAL 15"
"7";"merupakan catatan yang berisi proses sidang atau rapat.";"190.05";"527.2019999999999";"575.03";"587.03";"612.2";"BCDFEE+BookmanOldStyle";"12.0";"358.626";"306.1";"0.0857987585756288";"0.310437765436132";"0.5507219862789935";"False";"BATANG TUBUH";"PASAL 15"
"7";"(11) Surat undangan sebagaimana dimaksud dalam Pasal 14";"161.65";"532.9259999999999";"592.4200000000001";"604.4200000000001";"612.2";"BCDFEE+BookmanOldStyle";"12.0";"347.28799999999995";"306.1";"0.06727866710225405";"0.26404769683110096";"0.6064619405423063";"False";"BATANG TUBUH";"PASAL 15"
"7";"huruf k berisi undangan kepada pejabat/pegawai baik di";"190.05";"533.144";"609.63";"621.63";"612.2";"BCDFEE+BookmanOldStyle";"12.0";"361.597";"306.1";"0.09065174779483821";"0.310437765436132";"0.5604279647174125";"False";"BATANG TUBUH";"PASAL 15"
"7";"lingkup internal Pemerintah Daerah, maupun pihak";"190.05";"533.2260000000001";"627.02";"639.02";"612.2";"BCDFEE+BookmanOldStyle";"12.0";"361.63800000000003";"306.1";"0.09071871937275401";"0.310437765436132";"0.5605619078732441";"False";"BATANG TUBUH";"PASAL 15"
"7";"eksternal yang tertera pada alamat tujuan untuk";"190.05";"533.1060000000002";"644.25";"656.25";"612.2";"BCDFEE+BookmanOldStyle";"12.0";"361.5780000000001";"306.1";"0.09062071218556038";"0.310437765436132";"0.5603658934988569";"False";"BATANG TUBUH";"PASAL 15"
"7";"menghadiri suatu acara kedinasan.";"190.05";"399.33";"661.6500000000001";"673.6500000000001";"612.2";"BCDFEE+BookmanOldStyle";"12.0";"294.69";"306.1";"0.018637700098007227";"0.310437765436132";"0.34184906893172157";"False";"BATANG TUBUH";"PASAL 15"
"7";"(12) Surat pernyataan melaksanakan tugas sebagaimana";"161.65";"532.854";"678.85";"690.85";"612.2";"BCDFEE+BookmanOldStyle";"12.0";"347.252";"306.1";"0.0672198627899379";"0.26404769683110096";"0.606344331917674";"False";"BATANG TUBUH";"PASAL 15"
"7";"dimaksud dalam Pasal 14 huruf l berisi pernyataan dari";"190.05";"533.482";"696.25";"708.25";"612.2";"BCDFEE+BookmanOldStyle";"12.0";"361.76599999999996";"306.1";"0.09092780137210052";"0.310437765436132";"0.5609800718719372";"False";"BATANG TUBUH";"PASAL 15"
"7";"pejabat yang berwenang bahwa seorang pegawai telah";"190.05";"532.8179999999999";"713.65";"725.65";"612.2";"BCDFEE+BookmanOldStyle";"12.0";"361.43399999999997";"306.1";"0.09038549493629523";"0.310437765436132";"0.5598954590003264";"False";"BATANG TUBUH";"PASAL 15"
"7";"melaksanakan tugas.";"190.05";"315.978";"730.85";"742.85";"612.2";"BCDFEE+BookmanOldStyle";"12.0";"253.014";"306.1";"0.08671349232277036";"0.310437765436132";"0.20569748448219535";"False";"BATANG TUBUH";"PASAL 15"
"7";"(13) Surat panggilan sebagaimana dimaksud dalam Pasal 14";"161.65";"532.9259999999999";"748.28";"760.28";"612.2";"BCDFEE+BookmanOldStyle";"12.0";"347.28799999999995";"306.1";"0.06727866710225405";"0.26404769683110096";"0.6064619405423063";"False";"BATANG TUBUH";"PASAL 15"
"7";"huruf m berisi pemanggilan dari pejabat yang berwenang";"190.05";"533.2379999999999";"765.48";"777.48";"612.2";"BCDFEE+BookmanOldStyle";"12.0";"361.644";"306.1";"0.09072852009147334";"0.310437765436132";"0.5605815093106826";"False";"BATANG TUBUH";"PASAL 15"
"7";"kepada pegawai dan/atau para pihak untuk menghadap.";"190.05";"527.678";"782.88";"794.88";"612.2";"BCDFEE+BookmanOldStyle";"12.0";"358.86400000000003";"306.1";"0.08618752041816401";"0.310437765436132";"0.5514995099640639";"False";"BATANG TUBUH";"PASAL 15"
"7";"(14) Surat izin sebagaimana dimaksud dalam Pasal 14 huruf n";"161.65";"533.434";"800.08";"812.08";"612.2";"BCDFEE+BookmanOldStyle";"12.000000000000014";"347.542";"306.1";"0.06769356419470753";"0.26404769683110096";"0.6072917347272133";"False";"BATANG TUBUH";"PASAL 15"
"7";"berisi persetujuan terhadap suatu permohonan yang";"190.05";"533.2260000000001";"817.48";"829.48";"612.2";"BCDFEE+BookmanOldStyle";"12.0";"361.63800000000003";"306.1";"0.09071871937275401";"0.310437765436132";"0.5605619078732441";"False";"BATANG TUBUH";"PASAL 15"
"7";"dikeluarkan oleh pejabat berwenang sesuai dengan";"190.05";"532.938";"834.875";"846.875";"612.2";"BCDFEE+BookmanOldStyle";"12.0";"361.494";"306.1";"0.09048350212348906";"0.310437765436132";"0.5600914733747141";"False";"BATANG TUBUH";"PASAL 15"
"7";"ketentuan peraturan perundang-undangan.";"190.05";"448.91799999999995";"852.075";"864.075";"612.2";"BCDFEE+BookmanOldStyle";"12.0";"319.484";"306.1";"0.02186213655668075";"0.310437765436132";"0.42284874224109753";"False";"BATANG TUBUH";"PASAL 15"
"8";"8";"296.9";"304.34";"27.500000000000114";"39.500000000000114";"612.2";"BCDFEE+BookmanOldStyle";"12.0";"300.62";"306.1";"0.008951323097027144";"0.4849722312969617";"0.01215289121202221";"False";"BATANG TUBUH";"PASAL 15"
"8";"(15) Lembaran daerah sebagaimana dimaksud dalam Pasal 14";"161.65";"532.7940000000001";"55.530000000000086";"67.53000000000009";"612.2";"BCDFEE+BookmanOldStyle";"12.0";"347.22200000000004";"306.1";"0.06717085919634108";"0.26404769683110096";"0.6062463247304803";"False";"BATANG TUBUH";"PASAL 15"
"8";"huruf o berisi penerbitan resmi Pemerintah Daerah untuk";"190.05";"533.3460000000001";"72.33000000000004";"84.33000000000004";"612.2";"BCDFEE+BookmanOldStyle";"12.0";"361.6980000000001";"306.1";"0.09081672655994784";"0.310437765436132";"0.5607579222476317";"False";"BATANG TUBUH";"PASAL 15"
"8";"mengundangkan Peraturan Daerah.";"190.05";"402.56";"89.33000000000004";"101.33000000000004";"612.2";"BCDFEE+BookmanOldStyle";"12.0";"296.305";"306.1";"0.015999673309376045";"0.310437765436132";"0.347125122508984";"False";"BATANG TUBUH";"PASAL 15"
"8";"(16) Berita daerah sebagaimana dimaksud dalam Pasal 14";"161.65";"532.9739999999999";"106.13000000000011";"118.13000000000011";"612.2";"BCDFEE+BookmanOldStyle";"12.0";"347.31199999999995";"306.1";"0.06731786997713154";"0.26404769683110096";"0.6065403462920613";"False";"BATANG TUBUH";"PASAL 15"
"8";"huruf p berisi penerbitan resmi Pemerintah Daerah untuk";"190.05";"533.214";"123.13000000000011";"135.1300000000001";"612.2";"BCDFEE+BookmanOldStyle";"12.0";"361.63200000000006";"306.1";"0.09070891865403469";"0.310437765436132";"0.5605423064358053";"False";"BATANG TUBUH";"PASAL 15"
"8";"mengundangkan Peraturan Bupati dan Peraturan DPRD.";"190.05";"526.894";"140.1300000000001";"152.1300000000001";"612.2";"BCDFEE+BookmanOldStyle";"12.0";"358.472";"306.1";"0.0855472067951649";"0.310437765436132";"0.550218882718066";"False";"BATANG TUBUH";"PASAL 15"
"8";"(17) Rekomendasi sebagaimana dimaksud dalam Pasal 14";"161.65";"533.058";"156.92000000000007";"168.92000000000007";"612.2";"BCDFEE+BookmanOldStyle";"12.0";"347.354";"306.1";"0.0673864750081672";"0.26404769683110096";"0.6066775563541326";"False";"BATANG TUBUH";"PASAL 15"
"8";"huruf q merupakan naskah dinas berisi keterangan atau";"190.05";"533.0939999999998";"173.95000000000005";"185.95000000000005";"612.2";"BCDFEE+BookmanOldStyle";"12.0";"361.5719999999999";"306.1";"0.09061091146684068";"0.310437765436132";"0.5603462920614175";"False";"BATANG TUBUH";"PASAL 15"
"8";"catatan dari pejabat yang berwenang tentang sesuatu hal";"190.05";"533.022";"190.7500000000001";"202.7500000000001";"612.2";"BCDFEE+BookmanOldStyle";"12.0";"361.53600000000006";"306.1";"0.09055210715452472";"0.310437765436132";"0.5602286834367853";"False";"BATANG TUBUH";"PASAL 15"
"8";"yang untuk dapat dijadikan bahan pertimbangan";"190.05";"532.8299999999999";"207.7500000000001";"219.7500000000001";"612.2";"BCDFEE+BookmanOldStyle";"12.0";"361.43999999999994";"306.1";"0.09039529565501456";"0.310437765436132";"0.5599150604377653";"False";"BATANG TUBUH";"PASAL 15"
"8";"kedinasan.";"190.05";"254.65800000000004";"224.55000000000007";"236.55000000000007";"612.2";"BCDFEE+BookmanOldStyle";"12.0";"222.35400000000004";"306.1";"0.13679516497876507";"0.310437765436132";"0.10553413917020586";"False";"BATANG TUBUH";"PASAL 15"
"8";"(18) Radiogram sebagaimana dimaksud dalam Pasal 14";"161.65";"533.01";"241.55000000000007";"253.55000000000007";"612.2";"BCDFEE+BookmanOldStyle";"12.0";"347.33";"306.1";"0.06734727213328971";"0.26404769683110096";"0.6065991506043776";"False";"BATANG TUBUH";"PASAL 15"
"8";"huruf r merupakan pesan tertulis resmi yang dikirim";"190.05";"532.842";"258.35";"270.35";"612.2";"BCDFEE+BookmanOldStyle";"12.0";"361.446";"306.1";"0.09040509637373408";"0.310437765436132";"0.5599346618752041";"False";"BATANG TUBUH";"PASAL 15"
"8";"melalui radio naskah dinas dari pejabat yang berwenang";"190.05";"533.19";"275.35";"287.35";"612.2";"BCDFEE+BookmanOldStyle";"12.0";"361.62";"306.1";"0.09068931721659584";"0.310437765436132";"0.5605031035609278";"False";"BATANG TUBUH";"PASAL 15"
"8";"berisi informasi hal tertentu yang dikirim melalui";"190.05";"532.974";"292.1700000000001";"304.1700000000001";"612.2";"BCDFEE+BookmanOldStyle";"12.0";"361.51200000000006";"306.1";"0.09051290427964723";"0.310437765436132";"0.5601502776870304";"False";"BATANG TUBUH";"PASAL 15"
"8";"telekomunikasi elektronik.";"190.05";"346.6259999999999";"309.1700000000001";"321.1700000000001";"612.2";"BCDFEE+BookmanOldStyle";"12.0";"268.33799999999997";"306.1";"0.061682456713492415";"0.310437765436132";"0.2557595557007512";"False";"BATANG TUBUH";"PASAL 15"
"8";"(19) Surat tanda tamat pendidikan dan pelatihan sebagaimana";"161.65";"533.328";"325.98";"337.98";"612.2";"BCDFEE+BookmanOldStyle";"12.0";"347.489";"306.1";"0.06760699117935307";"0.26404769683110096";"0.6071185886965044";"False";"BATANG TUBUH";"PASAL 15"
"8";"dimaksud dalam Pasal 14 huruf s merupakan naskah";"190.05";"532.8059999999999";"342.98";"354.98";"612.2";"BCDFEE+BookmanOldStyle";"12.0";"361.428";"306.1";"0.09037569421757591";"0.310437765436132";"0.5598758575628877";"False";"BATANG TUBUH";"PASAL 15"
"8";"dinas sebagai tanda bukti berisi keterangan seseorang";"190.05";"533.046";"359.7800000000001";"371.7800000000001";"612.2";"BCDFEE+BookmanOldStyle";"12.0";"361.548";"306.1";"0.09057170859196337";"0.310437765436132";"0.5602678863116629";"False";"BATANG TUBUH";"PASAL 15"
"8";"telah lulus/mengikuti pendidikan dan pelatihan tertentu.";"190.05";"529.65";"376.7700000000001";"388.7700000000001";"612.2";"BCDFEE+BookmanOldStyle";"12.0";"359.85";"306.1";"0.08779810519438092";"0.310437765436132";"0.5547206795164977";"False";"BATANG TUBUH";"PASAL 15"
"8";"(20) Sertifikat sebagaimana dimaksud dalam Pasal 14 huruf t";"161.65";"533.54";"393.58000000000004";"405.58000000000004";"612.2";"BCDFEE+BookmanOldStyle";"12.0";"347.59499999999997";"306.1";"0.06778013721006199";"0.26404769683110096";"0.6074648807579222";"False";"BATANG TUBUH";"PASAL 15"
"8";"merupakan naskah dinas sebagai berisi keterangan tanda";"190.05";"533.1460000000001";"410.6";"422.6";"612.2";"BCDFEE+BookmanOldStyle";"12.0";"361.59800000000007";"306.1";"0.09065338124795826";"0.310437765436132";"0.5604312316236525";"False";"BATANG TUBUH";"PASAL 15"
"8";"bukti seseorang telah mengikuti program/kegiatan";"190.05";"532.9139999999999";"427.40000000000003";"439.40000000000003";"612.2";"BCDFEE+BookmanOldStyle";"12.0";"361.48199999999997";"306.1";"0.09046390068605022";"0.310437765436132";"0.5600522704998364";"False";"BATANG TUBUH";"PASAL 15"
"8";"tertentu, antara lain: penataran, kursus, orientasi,";"190.05";"532.938";"444.40000000000003";"456.40000000000003";"612.2";"BCDFEE+BookmanOldStyle";"12.0";"361.494";"306.1";"0.09048350212348906";"0.310437765436132";"0.5600914733747141";"False";"BATANG TUBUH";"PASAL 15"
"8";"bimbingan teknis, workshop, seminar, dan yang sejenis.";"190.05";"521.7540000000001";"461.2";"473.2";"612.2";"BCDFEE+BookmanOldStyle";"12.0";"355.90200000000004";"306.1";"0.08134923227703368";"0.310437765436132";"0.5418229336818035";"False";"BATANG TUBUH";"PASAL 15"
"8";"(21) Piagam sebagaimana dimaksud dalam Pasal 14 huruf u";"161.65";"532.8059999999999";"478.2";"490.2";"612.2";"BCDFEE+BookmanOldStyle";"12.0";"347.22799999999995";"306.1";"0.06718065991506032";"0.26404769683110096";"0.6062659261679189";"False";"BATANG TUBUH";"PASAL 15"
"8";"merupakan naskah dinas berisi keterangan penghargaan";"190.05";"533.082";"495.0";"507.0";"612.2";"BCDFEE+BookmanOldStyle";"12.0";"361.56600000000003";"306.1";"0.09060111074812154";"0.310437765436132";"0.560326690623979";"False";"BATANG TUBUH";"PASAL 15"
"8";"atas prestasi yang telah dicapai atau keteladanan yang";"190.05";"533.154";"512.03";"524.03";"612.2";"BCDFEE+BookmanOldStyle";"12.0";"361.602";"306.1";"0.09065991506043768";"0.310437765436132";"0.5604442992486115";"False";"BATANG TUBUH";"PASAL 15"
"8";"telah diwujudkan oleh perorangan atau instansi/lembaga";"190.05";"532.89";"528.8299999999999";"540.8299999999999";"612.2";"BCDFEE+BookmanOldStyle";"12.0";"361.47";"306.1";"0.09044429924861157";"0.310437765436132";"0.5600130676249591";"False";"BATANG TUBUH";"PASAL 15"
"8";"dari pejabat berwenang.";"190.05";"331.782";"545.8299999999999";"557.8299999999999";"612.2";"BCDFEE+BookmanOldStyle";"12.0";"260.916";"306.1";"0.07380594576935645";"0.310437765436132";"0.23151257758902313";"False";"BATANG TUBUH";"PASAL 15"
"8";"Pasal 16";"274.88";"324.704";"579.63";"591.63";"612.2";"BCDFEE+BookmanOldStyle";"12.0";"299.79200000000003";"306.1";"0.010303822280300542";"0.4490035935968637";"0.08138516824567137";"False";"BATANG TUBUH";"PASAL 16"
"8";"(1) Surat perjanjian sebagaimana dimaksud dalam Pasal 14";"168.85";"532.938";"613.4200000000001";"625.4200000000001";"612.2";"BCDFEE+BookmanOldStyle";"12.0";"350.894";"306.1";"0.07316889905259716";"0.2758085592943482";"0.5947206795164978";"False";"BATANG TUBUH";"PASAL 16"
"8";"huruf v berisi kesepakatan bersama tentang objek yang";"190.05";"532.8060000000002";"630.25";"642.25";"612.2";"BCDFEE+BookmanOldStyle";"12.0";"361.4280000000001";"306.1";"0.09037569421757609";"0.310437765436132";"0.5598758575628882";"False";"BATANG TUBUH";"PASAL 16"
"8";"mengikat antar kedua belah pihak atau lebih untuk";"190.05";"533.1300000000002";"647.25";"659.25";"612.2";"BCDFEE+BookmanOldStyle";"12.0";"361.59000000000015";"306.1";"0.09064031362299921";"0.310437765436132";"0.5604050963737344";"False";"BATANG TUBUH";"PASAL 16"
"8";"melaksanakan tindakan atau perbuatan hukum yang";"190.05";"532.9860000000001";"664.05";"676.05";"612.2";"BCDFEE+BookmanOldStyle";"12.0";"361.51800000000003";"306.1";"0.09052270499836655";"0.310437765436132";"0.5601698791244692";"False";"BATANG TUBUH";"PASAL 16"
"8";"disepakati bersama.";"190.05";"308.42999999999995";"681.05";"693.05";"612.2";"BCDFEE+BookmanOldStyle";"12.0";"249.23999999999998";"306.1";"0.09287814439725586";"0.310437765436132";"0.1933681803332243";"False";"BATANG TUBUH";"PASAL 16"
"8";"(2) Susunan dan bentuk surat perjanjian sebagaimana";"168.85";"533.1300000000001";"698.05";"710.05";"612.2";"BCDFEE+BookmanOldStyle";"12.0";"350.99000000000007";"306.1";"0.07332571055210722";"0.2758085592943482";"0.5950343025155179";"False";"BATANG TUBUH";"PASAL 16"
"8";"dimaksud pada ayat (1) diatur sesuai dengan ketentuan";"190.05";"533.3439999999999";"714.85";"726.85";"612.2";"BCDFEE+BookmanOldStyle";"12.0";"361.697";"306.1";"0.0908150931068278";"0.310437765436132";"0.5607546553413916";"False";"BATANG TUBUH";"PASAL 16"
"8";"peraturan perundang-undangan.";"190.05";"385.068";"731.85";"743.85";"612.2";"BCDFEE+BookmanOldStyle";"12.0";"287.55899999999997";"306.1";"0.030285854295981792";"0.310437765436132";"0.31855276053577253";"False";"BATANG TUBUH";"PASAL 16"
"8";"Pasal 17";"274.88";"324.704";"765.6700000000001";"777.6700000000001";"612.2";"BCDFEE+BookmanOldStyle";"12.0";"299.79200000000003";"306.1";"0.010303822280300542";"0.4490035935968637";"0.08138516824567137";"False";"BATANG TUBUH";"PASAL 17"
"8";"Format Naskah Dinas khusus sebagaimana dimaksud dalam";"168.85";"532.978";"799.48";"811.48";"612.2";"BCDFEE+BookmanOldStyle";"12.000000000000014";"350.914";"306.1";"0.07320156811499504";"0.2758085592943482";"0.5947860176412936";"False";"BATANG TUBUH";"PASAL 17"
"8";"Pasal 14 huruf a sampai dengan huruf u tercantum dalam";"168.85";"533.146";"816.27";"828.27";"612.2";"BCDFEE+BookmanOldStyle";"12.0";"350.998";"306.1";"0.07333877817706626";"0.2758085592943482";"0.5950604377654359";"False";"BATANG TUBUH";"PASAL 14"
"8";"Lampiran yang merupakan bagian tidak terpisahkan dari";"168.85";"533.0859999999999";"833.275";"845.275";"612.2";"BCDFEE+BookmanOldStyle";"12.0";"350.96799999999996";"306.1";"0.07328977458346934";"0.2758085592943482";"0.5949624305782422";"False";"BATANG TUBUH";"PASAL 14"
"8";"Peraturan Bupati ini.";"168.85";"293.912";"850.075";"862.075";"612.2";"BCDFEE+BookmanOldStyle";"12.0";"231.38099999999997";"306.1";"0.12204998366546888";"0.2758085592943482";"0.20428291408036586";"False";"BATANG TUBUH";"PASAL 14"
"9";"9";"296.9";"304.34";"27.500000000000114";"39.500000000000114";"612.2";"BCDFEE+BookmanOldStyle";"12.0";"300.62";"306.1";"0.008951323097027144";"0.4849722312969617";"0.01215289121202221";"False";"BATANG TUBUH";"PASAL 14"
"9";"BAB III";"279.1";"320.944";"55.530000000000086";"67.53000000000009";"612.2";"BCDFEE+BookmanOldStyle";"12.0";"300.02200000000005";"306.1";"0.009928128062724558";"0.4558967657628226";"0.06835021234890558";"True";"BATANG TUBUH";"BAB III"
"9";"PEMBUATAN NASKAH DINAS";"212.08";"387.47200000000004";"71.13000000000011";"83.13000000000011";"612.2";"BCDFEE+BookmanOldStyle";"12.0";"299.776";"306.1";"0.010329957530218902";"0.3464227376674289";"0.28649460960470435";"True";"BATANG TUBUH";"BAB III"
"9";"Bagian Kesatu";"257.27";"342.566";"102.33000000000004";"114.33000000000004";"612.2";"BCDFEE+BookmanOldStyle";"12.0";"299.918";"306.1";"0.010098007187193753";"0.4202384841555047";"0.13932701731460304";"False";"BATANG TUBUH";"BAGIAN KESATU"
"9";"Umum";"279.9";"319.94399999999996";"117.92000000000007";"129.92000000000007";"612.2";"BCDFEE+BookmanOldStyle";"12.0";"299.92199999999997";"306.1";"0.010091473374714234";"0.4572035282587389";"0.06540999673309372";"False";"BATANG TUBUH";"BAGIAN KESATU"
"9";"Pasal 18";"274.88";"324.704";"149.1300000000001";"161.1300000000001";"612.2";"BCDFEE+BookmanOldStyle";"12.0";"299.79200000000003";"306.1";"0.010303822280300542";"0.4490035935968637";"0.08138516824567137";"False";"BATANG TUBUH";"PASAL 18"
"9";"Pembuatan Naskah Dinas dapat menggunakan:";"168.85";"450.6699999999999";"180.35000000000002";"192.35000000000002";"612.2";"BCDFEE+BookmanOldStyle";"12.0";"309.75999999999993";"306.1";"0.005978438418817234";"0.2758085592943482";"0.46033975824893814";"False";"BATANG TUBUH";"PASAL 18"
"9";"a. media rekam kertas; atau";"168.85";"334.286";"195.95000000000005";"207.95000000000005";"612.2";"BCDFEE+BookmanOldStyle";"12.0";"251.56799999999998";"306.1";"0.08907546553413923";"0.2758085592943482";"0.27023195034302516";"False";"BATANG TUBUH";"PASAL 18"
"9";"b. media rekam elektronik.";"168.85";"326.21";"211.7500000000001";"223.7500000000001";"612.2";"BCDFEE+BookmanOldStyle";"12.0";"247.52999999999997";"306.1";"0.0956713492322771";"0.2758085592943482";"0.2570401829467494";"False";"BATANG TUBUH";"PASAL 18"
"9";"Pasal 19";"276.5";"326.324";"242.95000000000005";"254.95000000000005";"612.2";"BCDFEE+BookmanOldStyle";"12.0";"301.41200000000003";"306.1";"0.007657628226069892";"0.45164978765109437";"0.08138516824567137";"False";"BATANG TUBUH";"PASAL 19"
"9";"Pembuatan Naskah Dinas dengan media rekam kertas";"168.85";"532.8219999999998";"274.1500000000001";"286.1500000000001";"612.2";"BCDFEE+BookmanOldStyle";"12.0";"350.8359999999999";"306.1";"0.07307415877164304";"0.2758085592943482";"0.5945311989545895";"False";"BATANG TUBUH";"PASAL 19"
"9";"sebagaimana dimaksud dalam Pasal 18 huruf a dicetak";"168.85";"532.9420000000001";"289.7800000000001";"301.7800000000001";"612.2";"BCDFEE+BookmanOldStyle";"12.0";"350.8960000000001";"306.1";"0.07317216595883706";"0.2758085592943482";"0.5947272133289776";"False";"BATANG TUBUH";"PASAL 19"
"9";"menggunakan kertas dan dibubuhi tandatangan basah.";"168.85";"498.4299999999999";"305.3800000000001";"317.3800000000001";"612.2";"BCDFEE+BookmanOldStyle";"12.0";"333.63999999999993";"306.1";"0.04498529892192078";"0.2758085592943482";"0.5383534792551452";"False";"BATANG TUBUH";"PASAL 19"
"9";"Pasal 20";"276.5";"326.324";"336.58000000000004";"348.58000000000004";"612.2";"BCDFEE+BookmanOldStyle";"12.0";"301.41200000000003";"306.1";"0.007657628226069892";"0.45164978765109437";"0.08138516824567137";"False";"BATANG TUBUH";"PASAL 20"
"9";"Pembuatan Naskah Dinas dengan media rekam elektronik";"168.85";"533.062";"367.7700000000001";"379.7700000000001";"612.2";"BCDFEE+BookmanOldStyle";"12.0";"350.956";"306.1";"0.0732701731460307";"0.2758085592943482";"0.5949232277033648";"False";"BATANG TUBUH";"PASAL 20"
"9";"sebagaimana dimaksud dalam Pasal 18 huruf b menggunakan:";"168.85";"533.2059999999999";"383.3800000000001";"395.3800000000001";"612.2";"BCDFEE+BookmanOldStyle";"12.0";"351.02799999999996";"306.1";"0.07338778177066307";"0.2758085592943482";"0.5951584449526296";"False";"BATANG TUBUH";"PASAL 20"
"9";"a. aplikasi umum bidang kearsipan dinamis; atau";"168.85";"462.218";"399.0000000000001";"411.0000000000001";"612.2";"BCDFEE+BookmanOldStyle";"12.0";"315.534";"306.1";"0.015409996733093708";"0.2758085592943482";"0.4792028748774911";"False";"BATANG TUBUH";"PASAL 20"
"9";"b. aplikasi pengolah kata atau data.";"168.85";"379.898";"414.6";"426.6";"612.2";"BCDFEE+BookmanOldStyle";"12.0";"274.374";"306.1";"0.051822933681803324";"0.2758085592943482";"0.34473701404769685";"False";"BATANG TUBUH";"PASAL 20"
"9";"Pasal 21";"276.5";"326.324";"445.8";"457.8";"612.2";"BCDFEE+BookmanOldStyle";"12.0";"301.41200000000003";"306.1";"0.007657628226069892";"0.45164978765109437";"0.08138516824567137";"False";"BATANG TUBUH";"PASAL 21"
"9";"Pembuatan Naskah Dinas sebagaimana dimaksud dalam";"168.85";"533.0139999999999";"477.2";"489.2";"612.2";"BCDFEE+BookmanOldStyle";"12.0";"350.93199999999996";"306.1";"0.0732309702711531";"0.2758085592943482";"0.5948448219536097";"False";"BATANG TUBUH";"PASAL 21"
"9";"Pasal 18 berisi unsur:";"168.85";"298.2339999999999";"492.8";"504.8";"612.2";"BCDFEE+BookmanOldStyle";"12.0";"233.54199999999997";"306.1";"0.11852009147337479";"0.2758085592943482";"0.21134269846455395";"False";"BATANG TUBUH";"PASAL 18"
"9";"a. kop;";"168.85";"208.49";"508.40000000000003";"520.4000000000001";"612.2";"BCDFEE+BookmanOldStyle";"12.0";"188.67000000000002";"306.1";"0.19181639986932375";"0.2758085592943482";"0.06475008167265602";"False";"BATANG TUBUH";"PASAL 18"
"9";"b. penomoran;";"168.85";"253.442";"524.03";"536.03";"612.2";"BCDFEE+BookmanOldStyle";"12.0";"211.14600000000002";"306.1";"0.15510290754655343";"0.2758085592943482";"0.13817706631819668";"False";"BATANG TUBUH";"PASAL 18"
"9";"c. penggunaan kertas;";"168.85";"299.79799999999994";"539.63";"551.63";"612.2";"BCDFEE+BookmanOldStyle";"12.0";"234.32399999999996";"306.1";"0.11724273113361657";"0.2758085592943482";"0.21389741914407046";"False";"BATANG TUBUH";"PASAL 18"
"9";"d. penggunaan tinta;";"168.85";"290.966";"555.22";"567.22";"612.2";"BCDFEE+BookmanOldStyle";"12.0";"229.90800000000002";"306.1";"0.12445606011107481";"0.2758085592943482";"0.19947076118915388";"False";"BATANG TUBUH";"PASAL 18"
"9";"e. jarak spasi, jenis, dan ukuran huruf, serta kata";"168.85";"533.282";"570.8299999999999";"582.8299999999999";"612.2";"BCDFEE+BookmanOldStyle";"12.0";"351.06600000000003";"306.1";"0.07344985298921922";"0.2758085592943482";"0.5952825873897419";"False";"BATANG TUBUH";"PASAL 18"
"9";"penyambung;";"183.05";"263.10999999999996";"586.4200000000001";"598.4200000000001";"612.2";"BCDFEE+BookmanOldStyle";"12.0";"223.07999999999998";"306.1";"0.13560927801372105";"0.2990035935968638";"0.13077425677883034";"False";"BATANG TUBUH";"PASAL 18"
"9";"f. penentuan batas atau ruang tepi;";"168.85";"380.90599999999995";"602.03";"614.03";"612.2";"BCDFEE+BookmanOldStyle";"12.0";"274.878";"306.1";"0.050999673309376076";"0.2758085592943482";"0.34638353479255135";"False";"BATANG TUBUH";"PASAL 18"
"9";"g. nomor halaman;";"168.85";"280.394";"617.63";"629.63";"612.2";"BCDFEE+BookmanOldStyle";"12.0";"224.622";"306.1";"0.1330904933028422";"0.2758085592943482";"0.18220189480561907";"False";"BATANG TUBUH";"PASAL 18"
"9";"h. tembusan;";"168.85";"245.64200000000002";"633.25";"645.25";"612.2";"BCDFEE+BookmanOldStyle";"12.0";"207.246";"306.1";"0.16147337471414572";"0.2758085592943482";"0.12543613198301212";"False";"BATANG TUBUH";"PASAL 18"
"9";"i. lampiran;";"168.85";"239.84600000000003";"648.85";"660.85";"612.2";"BCDFEE+BookmanOldStyle";"12.0";"204.348";"306.1";"0.16620712185560274";"0.2758085592943482";"0.11596863770009806";"False";"BATANG TUBUH";"PASAL 18"
"9";"j. paraf, tanda tangan, dan stempel;";"168.85";"382.742";"664.45";"676.45";"612.2";"BCDFEE+BookmanOldStyle";"12.0";"275.796";"306.1";"0.049500163345312036";"0.2758085592943482";"0.34938255472067953";"False";"BATANG TUBUH";"PASAL 18"
"9";"k. amplop dan map; dan";"168.85";"311.918";"680.05";"692.05";"612.2";"BCDFEE+BookmanOldStyle";"12.0";"240.38400000000001";"306.1";"0.10734400522704998";"0.2758085592943482";"0.23369487095720354";"False";"BATANG TUBUH";"PASAL 18"
"9";"l. Naskah Dinas bahasa asing.";"168.85";"350.77399999999994";"695.65";"707.65";"612.2";"BCDFEE+BookmanOldStyle";"12.0";"259.81199999999995";"306.1";"0.07560927801372111";"0.2758085592943482";"0.2971643253838614";"False";"BATANG TUBUH";"PASAL 18"
"9";"Bagian Kedua";"260.48";"342.392";"726.85";"738.85";"612.2";"BCDFEE+BookmanOldStyle";"12.0";"301.43600000000004";"306.1";"0.0076184253511924";"0.42548186867036913";"0.13379941195687678";"False";"BATANG TUBUH";"BAGIAN KEDUA"
"9";"Kop";"290.1";"312.93600000000004";"742.65";"754.65";"612.2";"BCDFEE+BookmanOldStyle";"12.0";"301.51800000000003";"306.1";"0.007484482195360982";"0.47386475008167267";"0.03730153544593272";"False";"BATANG TUBUH";"BAGIAN KEDUA"
"9";"Pasal 22";"276.5";"326.324";"773.88";"785.88";"612.2";"BCDFEE+BookmanOldStyle";"12.0";"301.41200000000003";"306.1";"0.007657628226069892";"0.45164978765109437";"0.08138516824567137";"False";"BATANG TUBUH";"PASAL 22"
"9";"Kop sebagaimana dimaksud dalam Pasal 21 huruf a terdiri";"168.85";"532.858";"805.08";"817.08";"612.2";"BCDFEE+BookmanOldStyle";"12.000000000000014";"350.854";"306.1";"0.0731035609278013";"0.2758085592943482";"0.594590003266906";"False";"BATANG TUBUH";"PASAL 22"
"9";"atas:";"168.85";"197.446";"820.6800000000001";"832.6800000000001";"612.2";"BCDFEE+BookmanOldStyle";"12.0";"183.148";"306.1";"0.20083632799738652";"0.2758085592943482";"0.04671022541653055";"False";"BATANG TUBUH";"PASAL 22"
"9";"a. kop Naskah Dinas jabatan Kepala Daerah; dan";"168.85";"459.69599999999997";"836.275";"848.275";"612.2";"BCDFEE+BookmanOldStyle";"12.0";"314.27299999999997";"306.1";"0.013350212348905495";"0.2758085592943482";"0.47508330610911464";"False";"BATANG TUBUH";"PASAL 22"
"9";"b. kop Naskah Dinas Perangkat Daerah.";"168.85";"404.912";"851.875";"863.875";"612.2";"BCDFEE+BookmanOldStyle";"12.0";"286.881";"306.1";"0.03139333551127091";"0.2758085592943482";"0.3855962103887618";"False";"BATANG TUBUH";"PASAL 22"
"10";"10";"293.1";"307.94";"27.500000000000114";"39.500000000000114";"612.2";"BCDFEE+BookmanOldStyle";"12.0";"300.52";"306.1";"0.009114668409016728";"0.478765109441359";"0.02424044429924857";"False";"BATANG TUBUH";"PASAL 22"
"10";"Pasal 23";"276.5";"326.324";"55.530000000000086";"67.53000000000009";"612.2";"BCDFEE+BookmanOldStyle";"12.0";"301.41200000000003";"306.1";"0.007657628226069892";"0.45164978765109437";"0.08138516824567137";"False";"BATANG TUBUH";"PASAL 23"
"10";"(1) Kop Naskah Dinas jabatan Kepala Daerah sebagaimana";"168.85";"532.926";"87.92000000000007";"99.92000000000007";"612.2";"BCDFEE+BookmanOldStyle";"12.0";"350.88800000000003";"306.1";"0.07315909833387783";"0.2758085592943482";"0.5947010780790591";"False";"BATANG TUBUH";"PASAL 23"
"10";"dimaksud dalam Pasal 22 huruf a, digunakan untuk";"190.05";"533.1780000000001";"104.13000000000011";"116.13000000000011";"612.2";"BCDFEE+BookmanOldStyle";"12.0";"361.61400000000003";"306.1";"0.09067951649787652";"0.310437765436132";"0.5604835021234892";"False";"BATANG TUBUH";"PASAL 23"
"10";"Naskah Dinas yang ditandatangani oleh Bupati, Wakil";"190.05";"533.33";"120.33000000000004";"132.33000000000004";"612.2";"BCDFEE+BookmanOldStyle";"12.0";"361.69000000000005";"306.1";"0.09080365893498861";"0.310437765436132";"0.5607317869977132";"False";"BATANG TUBUH";"PASAL 23"
"10";"Bupati, atau Sekretaris Daerah atas nama Bupati.";"190.05";"487.19";"136.5300000000001";"148.5300000000001";"612.2";"BCDFEE+BookmanOldStyle";"12.0";"338.62";"306.1";"0.053119895459000296";"0.310437765436132";"0.48536426004573663";"False";"BATANG TUBUH";"PASAL 23"
"10";"(2) Kop Naskah Dinas jabatan Kepala Daerah sebagaimana";"168.85";"532.926";"152.73000000000002";"164.73000000000002";"612.2";"BCDFEE+BookmanOldStyle";"12.0";"350.88800000000003";"306.1";"0.07315909833387783";"0.2758085592943482";"0.5947010780790591";"False";"BATANG TUBUH";"PASAL 23"
"10";"dimaksud pada ayat (1) dapat digunakan oleh penjabat,";"190.05";"533.118";"168.95000000000005";"180.95000000000005";"612.2";"BCDFEE+BookmanOldStyle";"12.0";"361.58400000000006";"306.1";"0.0906305129042797";"0.310437765436132";"0.5603854949362953";"False";"BATANG TUBUH";"PASAL 23"
"10";"penjabat sementara, pelaksana tugas, dan pelaksana";"190.05";"532.914";"185.1500000000001";"197.1500000000001";"612.2";"BCDFEE+BookmanOldStyle";"12.0";"361.48199999999997";"306.1";"0.09046390068605022";"0.310437765436132";"0.5600522704998365";"False";"BATANG TUBUH";"PASAL 23"
"10";"harian Bupati.";"190.05";"276.10999999999996";"201.35000000000002";"213.35000000000002";"612.2";"BCDFEE+BookmanOldStyle";"12.0";"233.07999999999998";"306.1";"0.11927474681476646";"0.310437765436132";"0.1405749754982031";"False";"BATANG TUBUH";"PASAL 23"
"10";"Pasal 24";"276.5";"326.324";"233.7500000000001";"245.7500000000001";"612.2";"BCDFEE+BookmanOldStyle";"12.0";"301.41200000000003";"306.1";"0.007657628226069892";"0.45164978765109437";"0.08138516824567137";"False";"BATANG TUBUH";"PASAL 24"
"10";"Kop Naskah Dinas Perangkat Daerah sebagaimana dimaksud";"168.85";"532.9780000000001";"266.1500000000001";"278.1500000000001";"612.2";"BCDFEE+BookmanOldStyle";"12.0";"350.91400000000004";"306.1";"0.07320156811499513";"0.2758085592943482";"0.5947860176412937";"False";"BATANG TUBUH";"PASAL 24"
"10";"dalam Pasal 22 huruf b digunakan untuk Naskah Dinas yang";"168.85";"533.134";"282.3800000000001";"294.3800000000001";"612.2";"BCDFEE+BookmanOldStyle";"12.0";"350.992";"306.1";"0.07332897745834693";"0.2758085592943482";"0.5950408363279973";"False";"BATANG TUBUH";"PASAL 24"
"10";"ditandatangani oleh pejabat berwenang selain Bupati.";"168.85";"486.98999999999995";"298.58000000000004";"310.58000000000004";"612.2";"BCDFEE+BookmanOldStyle";"12.0";"327.91999999999996";"306.1";"0.035641947076118806";"0.2758085592943482";"0.5196667755635412";"False";"BATANG TUBUH";"PASAL 24"
"10";"Pasal 25";"276.5";"326.324";"330.98";"342.98";"612.2";"BCDFEE+BookmanOldStyle";"12.0";"301.41200000000003";"306.1";"0.007657628226069892";"0.45164978765109437";"0.08138516824567137";"False";"BATANG TUBUH";"PASAL 25"
"10";"Bentuk dan ukuran kop Naskah Dinas sebagaimana";"168.85";"533.122";"363.3800000000001";"375.3800000000001";"612.2";"BCDFEE+BookmanOldStyle";"12.0";"350.986";"306.1";"0.07331917673962751";"0.2758085592943482";"0.5950212348905585";"False";"BATANG TUBUH";"PASAL 25"
"10";"dimaksud dalam Pasal 22 tercantum dalam Lampiran yang";"168.85";"533.602";"379.58000000000004";"391.58000000000004";"612.2";"BCDFEE+BookmanOldStyle";"12.0";"351.226";"306.1";"0.07371120548840245";"0.2758085592943482";"0.5958052923881083";"False";"BATANG TUBUH";"PASAL 25"
"10";"merupakan bagian tidak terpisahkan dari Peraturan Bupati";"168.85";"533.1020000000001";"395.80000000000007";"407.80000000000007";"612.2";"BCDFEE+BookmanOldStyle";"12.0";"350.97600000000006";"306.1";"0.07330284220842867";"0.2758085592943482";"0.5949885658281608";"False";"BATANG TUBUH";"PASAL 25"
"10";"ini.";"168.85";"187.882";"412.0000000000001";"424.00000000000006";"612.2";"BCDFEE+BookmanOldStyle";"11.999999999999943";"178.36599999999999";"306.1";"0.20864750081672662";"0.2758085592943482";"0.03108787977785039";"False";"BATANG TUBUH";"PASAL 25"
"10";"Bagian Ketiga";"260.88";"341.784";"444.40000000000003";"456.40000000000003";"612.2";"BCDFEE+BookmanOldStyle";"12.0";"301.332";"306.1";"0.007788304475661595";"0.4261352499183273";"0.1321528912120222";"False";"BATANG TUBUH";"BAGIAN KETIGA"
"10";"Penomoran";"268.27";"334.75";"460.6";"472.6";"612.2";"BCDFEE+BookmanOldStyle";"12.0";"301.51";"306.1";"0.0074975498203202085";"0.43820646847435474";"0.10859196341065014";"False";"BATANG TUBUH";"BAGIAN KETIGA"
"10";"Pasal 26";"276.5";"326.324";"493.0";"505.0";"612.2";"BCDFEE+BookmanOldStyle";"12.0";"301.41200000000003";"306.1";"0.007657628226069892";"0.45164978765109437";"0.08138516824567137";"False";"BATANG TUBUH";"PASAL 26"
"10";"Penomoran sebagaimana dimaksud dalam Pasal 21";"168.85";"532.822";"525.4200000000001";"537.4200000000001";"612.2";"BCDFEE+BookmanOldStyle";"12.0";"350.836";"306.1";"0.07307415877164324";"0.2758085592943482";"0.59453119895459";"False";"BATANG TUBUH";"PASAL 26"
"10";"huruf b diatur sesuai dengan ketentuan peraturan";"168.85";"533.0499999999998";"541.63";"553.63";"612.2";"BCDFEE+BookmanOldStyle";"12.0";"350.94999999999993";"306.1";"0.07326037242731118";"0.2758085592943482";"0.5949036262659259";"False";"BATANG TUBUH";"PASAL 26"
"10";"perundang- undangan.";"168.85";"305.038";"557.8299999999999";"569.8299999999999";"612.2";"BCDFEE+BookmanOldStyle";"12.0";"236.94400000000002";"306.1";"0.11296308395949037";"0.2758085592943482";"0.2224567134923228";"False";"BATANG TUBUH";"PASAL 26"
"10";"Bagian Keempat";"253.48";"349.25600000000003";"590.23";"602.23";"612.2";"BCDFEE+BookmanOldStyle";"12.0";"301.368";"306.1";"0.007729500163345357";"0.4140476968311009";"0.15644560601110755";"False";"BATANG TUBUH";"BAGIAN KEEMPAT"
"10";"Penggunaan Kertas";"244.27";"358.414";"606.4200000000001";"618.4200000000001";"612.2";"BCDFEE+BookmanOldStyle";"12.0";"301.342";"306.1";"0.007771969944462656";"0.39900359359686377";"0.1864488729173472";"False";"BATANG TUBUH";"BAGIAN KEEMPAT"
"10";"Pasal 27";"276.5";"326.324";"638.85";"650.85";"612.2";"BCDFEE+BookmanOldStyle";"12.0";"301.41200000000003";"306.1";"0.007657628226069892";"0.45164978765109437";"0.08138516824567137";"False";"BATANG TUBUH";"PASAL 27"
"10";"Penggunaan kertas sebagaimana dimaksud dalam Pasal 21";"168.85";"533.002";"671.25";"683.25";"612.2";"BCDFEE+BookmanOldStyle";"12.0";"350.926";"306.1";"0.07322116955243378";"0.2758085592943482";"0.594825220516171";"False";"BATANG TUBUH";"PASAL 27"
"10";"huruf c yang digunakan dalam penyusunan Naskah Dinas";"168.85";"532.8939999999999";"687.45";"699.45";"612.2";"BCDFEE+BookmanOldStyle";"12.0";"350.87199999999996";"306.1";"0.07313296308395938";"0.2758085592943482";"0.5946488075792222";"False";"BATANG TUBUH";"PASAL 27"
"10";"pengaturan dan Naskah Dinas penetapan sesuai dengan";"168.85";"532.8340000000001";"703.65";"715.65";"612.2";"BCDFEE+BookmanOldStyle";"12.0";"350.84200000000004";"306.1";"0.07308395949036266";"0.2758085592943482";"0.5945508003920288";"False";"BATANG TUBUH";"PASAL 27"
"10";"ketentuan peraturan perundang-undangan.";"168.85";"427.71799999999996";"719.85";"731.85";"612.2";"BCDFEE+BookmanOldStyle";"12.0";"298.284";"306.1";"0.012767069585102956";"0.2758085592943482";"0.42284874224109753";"False";"BATANG TUBUH";"PASAL 27"
"10";"Pasal 28";"276.5";"326.324";"752.28";"764.28";"612.2";"BCDFEE+BookmanOldStyle";"12.0";"301.41200000000003";"306.1";"0.007657628226069892";"0.45164978765109437";"0.08138516824567137";"False";"BATANG TUBUH";"PASAL 28"
"10";"Kertas yang digunakan dalam penyusunan Naskah Dinas";"168.85";"533.122";"784.6700000000001";"796.6700000000001";"612.2";"BCDFEE+BookmanOldStyle";"12.0";"350.986";"306.1";"0.07331917673962751";"0.2758085592943482";"0.5950212348905585";"False";"BATANG TUBUH";"PASAL 28"
"10";"penugasan, Naskah Dinas korespondensi, dan Naskah Dinas";"168.85";"533.206";"800.88";"812.88";"612.2";"BCDFEE+BookmanOldStyle";"12.0";"351.028";"306.1";"0.07338778177066317";"0.2758085592943482";"0.5951584449526298";"False";"BATANG TUBUH";"PASAL 28"
"10";"khusus merupakan kertas jenis Houtvrij Schrijfpapier (HVS),";"168.85";"533.182";"817.08";"829.14";"612.2";"BCDFEE+BookmanOldStyle";"12.0";"351.016";"306.1";"0.07336818033322443";"0.2758085592943482";"0.5951192420777524";"False";"BATANG TUBUH";"PASAL 28"
"10";"ukuran A4 dengan gramatur paling sedikit 70 (tujuh puluh)";"168.85";"533.0380000000001";"833.275";"845.275";"612.2";"BCDFEE+BookmanOldStyle";"12.0";"350.9440000000001";"306.1";"0.07325057170859205";"0.2758085592943482";"0.5948840248284876";"False";"BATANG TUBUH";"PASAL 28"
"10";"gram/m2 kecuali pada lembaran daerah dan berita daerah.";"168.85";"517.6419999999999";"849.475";"861.475";"612.2";"BCDFEE+BookmanOldStyle";"12.0";"343.246";"306.1";"0.060676249591636644";"0.2758085592943482";"0.5697353805945767";"False";"BATANG TUBUH";"PASAL 28"
"11";"11";"293.1";"307.94";"27.500000000000114";"39.500000000000114";"612.2";"BCDFEE+BookmanOldStyle";"12.0";"300.52";"306.1";"0.009114668409016728";"0.478765109441359";"0.02424044429924857";"False";"BATANG TUBUH";"PASAL 28"
"11";"Pasal 29";"276.5";"326.324";"55.530000000000086";"67.53000000000009";"612.2";"BCDFEE+BookmanOldStyle";"12.0";"301.41200000000003";"306.1";"0.007657628226069892";"0.45164978765109437";"0.08138516824567137";"False";"BATANG TUBUH";"PASAL 29"
"11";"Jenis, ukuran, dan gramatur kertas yang digunakan dalam";"168.85";"533.098";"89.33000000000004";"101.33000000000004";"612.2";"BCDFEE+BookmanOldStyle";"12.0";"350.974";"306.1";"0.07329957530218877";"0.2758085592943482";"0.594982032015681";"False";"BATANG TUBUH";"PASAL 29"
"11";"pembuatan Naskah Dinas khusus disesuaikan kebutuhan";"168.85";"533.062";"106.13000000000011";"118.13000000000011";"612.2";"BCDFEE+BookmanOldStyle";"12.0";"350.956";"306.1";"0.0732701731460307";"0.2758085592943482";"0.5949232277033648";"False";"BATANG TUBUH";"PASAL 29"
"11";"dengan memperhatikan ketahanan kertas.";"168.85";"419.71";"123.13000000000011";"135.1300000000001";"612.2";"BCDFEE+BookmanOldStyle";"12.0";"294.28";"306.1";"0.019307415877164405";"0.2758085592943482";"0.4097680496569748";"False";"BATANG TUBUH";"PASAL 29"
"11";"Bagian Kelima";"258.88";"343.59999999999997";"156.92000000000007";"168.92000000000007";"612.2";"BCDFEE+BookmanOldStyle";"12.0";"301.24";"306.1";"0.007938582162691953";"0.4228683436785364";"0.13838614831754323";"False";"BATANG TUBUH";"BAGIAN KELIMA"
"11";"Penggunaan Tinta";"248.08";"354.748";"173.95000000000005";"185.95000000000005";"612.2";"BCDFEE+BookmanOldStyle";"12.0";"301.414";"306.1";"0.007654361319830178";"0.40522704998366543";"0.17423717739300879";"False";"BATANG TUBUH";"BAGIAN KELIMA"
"11";"Pasal 30";"276.5";"326.324";"207.7500000000001";"219.7500000000001";"612.2";"BCDFEE+BookmanOldStyle";"12.0";"301.41200000000003";"306.1";"0.007657628226069892";"0.45164978765109437";"0.08138516824567137";"False";"BATANG TUBUH";"PASAL 30"
"11";"(1) Warna tinta yang digunakan dalam penyusunan Naskah";"168.85";"533.322";"241.55000000000007";"253.55000000000007";"612.2";"BCDFEE+BookmanOldStyle";"12.0";"351.086";"306.1";"0.0734825220516171";"0.2758085592943482";"0.5953479255145376";"False";"BATANG TUBUH";"PASAL 30"
"11";"Dinas sebagaimana dimaksud dalam Pasal 21 huruf d";"190.05";"533.0100000000001";"258.35";"270.35";"612.2";"BCDFEE+BookmanOldStyle";"12.0";"361.5300000000001";"306.1";"0.0905423064358054";"0.310437765436132";"0.5602090819993467";"False";"BATANG TUBUH";"PASAL 30"
"11";"sebagai berikut:";"190.05";"284.22599999999994";"275.35";"287.35";"612.2";"BCDFEE+BookmanOldStyle";"12.0";"237.13799999999998";"306.1";"0.11264619405423071";"0.310437765436132";"0.15383208101927462";"False";"BATANG TUBUH";"PASAL 30"
"11";"a. tinta yang digunakan untuk pengetikan berwarna";"190.05";"532.8899999999999";"292.1700000000001";"304.1700000000001";"612.2";"BCDFEE+BookmanOldStyle";"12.0";"361.4699999999999";"306.1";"0.09044429924861137";"0.310437765436132";"0.560013067624959";"False";"BATANG TUBUH";"PASAL 30"
"11";"hitam;";"204.27";"242.466";"309.1700000000001";"321.1700000000001";"612.2";"BCDFEE+BookmanOldStyle";"12.0";"223.368";"306.1";"0.13513884351519115";"0.3336654688010454";"0.062391375367526945";"False";"BATANG TUBUH";"PASAL 30"
"11";"b. tinta yang digunakan untuk penandatanganan dan";"190.05";"533.0099999999999";"325.98";"337.98";"612.2";"BCDFEE+BookmanOldStyle";"12.0";"361.53";"306.1";"0.0905423064358052";"0.310437765436132";"0.5602090819993464";"False";"BATANG TUBUH";"PASAL 30"
"11";"paraf berwarna biru tua;";"204.27";"349.566";"342.98";"354.98";"612.2";"BCDFEE+BookmanOldStyle";"12.0";"276.918";"306.1";"0.04766742894478931";"0.3336654688010454";"0.23733420450833054";"False";"BATANG TUBUH";"PASAL 30"
"11";"c. tinta stempel yang digunakan untuk Naskah Dinas,";"190.05";"533.33";"359.7800000000001";"371.7800000000001";"612.2";"BCDFEE+BookmanOldStyle";"12.0";"361.69000000000005";"306.1";"0.09080365893498861";"0.310437765436132";"0.5607317869977132";"False";"BATANG TUBUH";"PASAL 30"
"11";"berwarna ungu; dan";"204.27";"324.09000000000003";"376.7700000000001";"388.7700000000001";"612.2";"BCDFEE+BookmanOldStyle";"12.0";"264.18";"306.1";"0.06847435478601767";"0.3336654688010454";"0.1957203528258739";"False";"BATANG TUBUH";"PASAL 30"
"11";"d. tinta stempel yang digunakan untuk Naskah Dinas";"190.05";"533.178";"393.58000000000004";"405.58000000000004";"612.2";"BCDFEE+BookmanOldStyle";"12.0";"361.61400000000003";"306.1";"0.09067951649787652";"0.310437765436132";"0.560483502123489";"False";"BATANG TUBUH";"PASAL 30"
"11";"bersifat rahasia, berwarna merah.";"204.27";"404.34599999999995";"410.6";"422.6";"612.2";"BCDFEE+BookmanOldStyle";"12.0";"304.308";"306.1";"0.0029271479908527112";"0.3336654688010454";"0.3268147664162037";"False";"BATANG TUBUH";"PASAL 30"
"11";"(2) Jenis tinta yang digunakan pada Naskah Dinas";"168.85";"533.2139999999999";"427.40000000000003";"439.40000000000003";"612.2";"BCDFEE+BookmanOldStyle";"12.0";"351.032";"306.1";"0.07339431558314269";"0.2758085592943482";"0.5951715125775888";"False";"BATANG TUBUH";"PASAL 30"
"11";"merupakan tinta yang tidak larut oleh air/tidak luntur";"190.05";"533.1179999999999";"444.40000000000003";"456.40000000000003";"612.2";"BCDFEE+BookmanOldStyle";"12.0";"361.58399999999995";"306.1";"0.09063051290427951";"0.310437765436132";"0.5603854949362952";"False";"BATANG TUBUH";"PASAL 30"
"11";"atau pigment durabrite.";"190.05";"326.94";"461.2";"473.26";"612.2";"BCDFEE+BookmanOldStyle";"12.0";"258.495";"306.1";"0.07776053577262335";"0.310437765436132";"0.22360339758248934";"False";"BATANG TUBUH";"PASAL 30"
"11";"Bagian Keenam";"255.47";"347.294";"495.0";"507.0";"612.2";"BCDFEE+BookmanOldStyle";"12.0";"301.382";"306.1";"0.007706631819666804";"0.4172982685396929";"0.1499901992812806";"False";"BATANG TUBUH";"BAGIAN KEENAM"
"11";"Jarak Spasi, Jenis dan Ukuran Huruf, serta Kata Penyambung";"114.43";"484.93000000000006";"512.03";"524.03";"612.2";"BCDFEE+BookmanOldStyle";"12.0";"299.68000000000006";"306.1";"0.010486769029728778";"0.18691604050963737";"0.6051943809212676";"False";"BATANG TUBUH";"BAGIAN KEENAM"
"11";"Pasal 31";"276.5";"326.324";"545.8299999999999";"557.8299999999999";"612.2";"BCDFEE+BookmanOldStyle";"12.0";"301.41200000000003";"306.1";"0.007657628226069892";"0.45164978765109437";"0.08138516824567137";"False";"BATANG TUBUH";"PASAL 31"
"11";"(1) Jarak spasi pada Naskah Dinas pengaturan dan Naskah";"168.85";"532.8179999999999";"579.63";"591.63";"612.2";"BCDFEE+BookmanOldStyle";"12.0";"350.83399999999995";"306.1";"0.07307089186540333";"0.2758085592943482";"0.5945246651421101";"False";"BATANG TUBUH";"PASAL 31"
"11";"Dinas penetapan sebagaimana dimaksud dalam Pasal 3";"190.05";"532.7819999999999";"596.4300000000001";"608.4300000000001";"612.2";"BCDFEE+BookmanOldStyle";"12.0";"361.41599999999994";"306.1";"0.09035609278013707";"0.310437765436132";"0.5598366546880102";"False";"BATANG TUBUH";"PASAL 31"
"11";"huruf a dan huruf b sesuai dengan ketentuan peraturan";"190.05";"532.9859999999999";"613.4200000000001";"625.4200000000001";"612.2";"BCDFEE+BookmanOldStyle";"12.0";"361.5179999999999";"306.1";"0.09052270499836637";"0.310437765436132";"0.5601698791244689";"False";"BATANG TUBUH";"PASAL 31"
"11";"perundang-undangan.";"190.05";"322.438";"630.45";"642.45";"612.2";"BCDFEE+BookmanOldStyle";"12.0";"256.244";"306.1";"0.08143743874550799";"0.310437765436132";"0.21624959163671997";"False";"BATANG TUBUH";"PASAL 31"
"11";"(2) Jarak spasi pada Naskah Dinas selain Naskah Dinas";"168.85";"533.0959999999999";"647.25";"659.25";"612.2";"BCDFEE+BookmanOldStyle";"12.0";"350.97299999999996";"306.1";"0.07329794184906882";"0.2758085592943482";"0.5949787651094411";"False";"BATANG TUBUH";"PASAL 31"
"11";"pengaturan dan Naskah Dinas penetapan sebagaimana";"190.05";"532.878";"664.25";"676.25";"612.2";"BCDFEE+BookmanOldStyle";"12.0";"361.46400000000006";"306.1";"0.09043449852989224";"0.310437765436132";"0.5599934661875204";"False";"BATANG TUBUH";"PASAL 31"
"11";"dimaksud pada ayat (1) harus memperhatikan aspek";"190.05";"532.9860000000001";"681.05";"693.05";"612.2";"BCDFEE+BookmanOldStyle";"12.0";"361.51800000000003";"306.1";"0.09052270499836655";"0.310437765436132";"0.5601698791244692";"False";"BATANG TUBUH";"PASAL 31"
"11";"keserasian dan estetika.";"190.05";"332.622";"698.05";"710.05";"612.2";"BCDFEE+BookmanOldStyle";"12.0";"261.336";"306.1";"0.07311989545900034";"0.310437765436132";"0.23288467820973538";"False";"BATANG TUBUH";"PASAL 31"
"11";"Pasal 32";"276.5";"326.324";"731.85";"743.85";"612.2";"BCDFEE+BookmanOldStyle";"12.0";"301.41200000000003";"306.1";"0.007657628226069892";"0.45164978765109437";"0.08138516824567137";"False";"BATANG TUBUH";"PASAL 32"
"11";"(1) Jenis huruf pada Naskah Dinas pengaturan dan Naskah";"168.85";"533.0099999999999";"765.6700000000001";"777.6700000000001";"612.2";"BCDFEE+BookmanOldStyle";"12.0";"350.92999999999995";"306.1";"0.0732277033649133";"0.2758085592943482";"0.59483828814113";"False";"BATANG TUBUH";"PASAL 32"
"11";"Dinas penetapan yaitu bookman old style dengan ukuran";"190.05";"533.362";"782.47";"794.53";"612.2";"BCDFEE+BookmanOldStyle";"12.0";"361.706";"306.1";"0.09082979418490687";"0.310437765436132";"0.5607840574975497";"False";"BATANG TUBUH";"PASAL 32"
"11";"12 (dua belas).";"190.05";"276.474";"799.48";"811.48";"612.2";"BCDFEE+BookmanOldStyle";"12.000000000000014";"233.262";"306.1";"0.11897745834694547";"0.310437765436132";"0.1411695524338451";"False";"BATANG TUBUH";"PASAL 32"
"11";"(2) Jenis huruf dan ukuran pada Naskah Dinas Penugasan,";"168.85";"533.4200000000001";"816.27";"828.27";"612.2";"BCDFEE+BookmanOldStyle";"12.0";"351.13500000000005";"306.1";"0.07356256125449204";"0.2758085592943482";"0.5955080039202876";"False";"BATANG TUBUH";"PASAL 32"
"11";"Naskah Dinas korespondensi dan Naskah Dinas khusus";"190.05";"533.0700000000002";"833.275";"845.275";"612.2";"BCDFEE+BookmanOldStyle";"12.0";"361.56000000000006";"306.1";"0.09059131002940221";"0.310437765436132";"0.5603070891865406";"False";"BATANG TUBUH";"PASAL 32"
"11";"yaitu Arial dengan ukuran 12 (dua belas).";"190.05";"435.82";"850.075";"862.135";"612.2";"BCDFEE+BookmanOldStyle";"12.0";"312.935";"306.1";"0.011164652074485429";"0.310437765436132";"0.4014537732767069";"False";"BATANG TUBUH";"PASAL 32"
"12";"12";"293.1";"307.94";"27.500000000000114";"39.500000000000114";"612.2";"BCDFEE+BookmanOldStyle";"12.0";"300.52";"306.1";"0.009114668409016728";"0.478765109441359";"0.02424044429924857";"False";"BATANG TUBUH";"PASAL 32"
"12";"Pasal 33";"276.5";"326.324";"55.530000000000086";"67.53000000000009";"612.2";"BCDFEE+BookmanOldStyle";"12.0";"301.41200000000003";"306.1";"0.007657628226069892";"0.45164978765109437";"0.08138516824567137";"False";"BATANG TUBUH";"PASAL 33"
"12";"(1) Kata penyambung merupakan kata yang digunakan";"168.85";"532.842";"87.33000000000004";"99.33000000000004";"612.2";"BCDFEE+BookmanOldStyle";"12.0";"350.846";"306.1";"0.07309049330284217";"0.2758085592943482";"0.5945638680169878";"False";"BATANG TUBUH";"PASAL 33"
"12";"sebagai tanda bahwa teks masih berlanjut pada halaman";"190.05";"533.1999999999999";"103.33000000000004";"115.33000000000004";"612.2";"BCDFEE+BookmanOldStyle";"12.0";"361.625";"306.1";"0.09069748448219532";"0.310437765436132";"0.5605194380921266";"False";"BATANG TUBUH";"PASAL 33"
"12";"berikutnya.";"190.05";"257.838";"119.13000000000011";"131.1300000000001";"612.2";"BCDFEE+BookmanOldStyle";"12.0";"223.94400000000002";"306.1";"0.13419797451813134";"0.310437765436132";"0.11072852009147338";"False";"BATANG TUBUH";"PASAL 33"
"12";"(2) Kata penyambung sebagaimana dimaksud pada ayat (1)";"168.85";"532.926";"135.1300000000001";"147.1300000000001";"612.2";"BCDFEE+BookmanOldStyle";"12.0";"350.88800000000003";"306.1";"0.07315909833387783";"0.2758085592943482";"0.5947010780790591";"False";"BATANG TUBUH";"PASAL 33"
"12";"ditulis pada:";"190.05";"263.646";"150.92000000000007";"162.92000000000007";"612.2";"BCDFEE+BookmanOldStyle";"12.0";"226.848";"306.1";"0.12945442665795492";"0.310437765436132";"0.1202156158118262";"False";"BATANG TUBUH";"PASAL 33"
"12";"a. akhir setiap halaman;";"190.05";"333.606";"166.95000000000005";"178.95000000000005";"612.2";"BCDFEE+BookmanOldStyle";"12.0";"261.828";"306.1";"0.07231623652401184";"0.310437765436132";"0.23449199607971247";"False";"BATANG TUBUH";"PASAL 33"
"12";"b. baris terakhir teks di sudut kanan bawah halaman; dan";"190.05";"533.3339999999998";"182.7500000000001";"194.7500000000001";"612.2";"BCDFEE+BookmanOldStyle";"12.0";"361.6919999999999";"306.1";"0.09080692584122814";"0.310437765436132";"0.5607383208101924";"False";"BATANG TUBUH";"PASAL 33"
"12";"c. kata yang diambil persis sama dari kata pertama";"190.05";"532.9499999999999";"198.7500000000001";"210.7500000000001";"612.2";"BCDFEE+BookmanOldStyle";"12.0";"361.5";"306.1";"0.09049330284220838";"0.310437765436132";"0.5601110748121527";"False";"BATANG TUBUH";"PASAL 33"
"12";"halaman berikutnya.";"204.27";"327.594";"214.55000000000007";"226.55000000000007";"612.2";"BCDFEE+BookmanOldStyle";"12.0";"265.932";"306.1";"0.0656125449199608";"0.3336654688010454";"0.20144397255798754";"False";"BATANG TUBUH";"PASAL 33"
"12";"(3) Dalam pembuatan Naskah Dinas dengan media rekam";"168.85";"532.8539999999999";"230.55000000000007";"242.55000000000007";"612.2";"BCDFEE+BookmanOldStyle";"12.0";"350.852";"306.1";"0.0731002940215615";"0.2758085592943482";"0.5945834694544264";"False";"BATANG TUBUH";"PASAL 33"
"12";"elektronik tidak mencantumkan kata penyambung.";"190.05";"493.086";"246.35000000000002";"258.35";"612.2";"BCDFEE+BookmanOldStyle";"12.0";"341.568";"306.1";"0.05793531525645207";"0.310437765436132";"0.49499509964064026";"False";"BATANG TUBUH";"PASAL 33"
"12";"Bagian Ketujuh";"255.47";"347.306";"278.1500000000001";"290.1500000000001";"612.2";"BCDFEE+BookmanOldStyle";"12.0";"301.388";"306.1";"0.007696831100947477";"0.4172982685396929";"0.15000980071871933";"False";"BATANG TUBUH";"BAGIAN KETUJUH"
"12";"Penentuan Batas atau Ruang Tepi";"200.47";"401.902";"294.1700000000001";"306.1700000000001";"612.2";"BCDFEE+BookmanOldStyle";"12.0";"301.186";"306.1";"0.008026788631166357";"0.3274583469454426";"0.32902972884678205";"False";"BATANG TUBUH";"BAGIAN KETUJUH"
"12";"Pasal 34";"276.5";"326.324";"325.98";"337.98";"612.2";"BCDFEE+BookmanOldStyle";"12.0";"301.41200000000003";"306.1";"0.007657628226069892";"0.45164978765109437";"0.08138516824567137";"False";"BATANG TUBUH";"PASAL 34"
"12";"(1) Penentuan batas atau ruang tepi sebagaimana dimaksud";"168.85";"532.722";"357.7700000000001";"369.7700000000001";"612.2";"BCDFEE+BookmanOldStyle";"12.0";"350.786";"306.1";"0.07299248611564844";"0.2758085592943482";"0.5943678536426004";"False";"BATANG TUBUH";"PASAL 34"
"12";"dalam Pasal 21 huruf f pada kertas bertujuan untuk";"190.05";"533.534";"373.58000000000004";"385.58000000000004";"612.2";"BCDFEE+BookmanOldStyle";"12.0";"361.79200000000003";"306.1";"0.0909702711532179";"0.310437765436132";"0.5610650114341718";"False";"BATANG TUBUH";"PASAL 34"
"12";"keserasian dan kerapian dalam penyusunan Naskah";"190.05";"533.13";"389.58000000000004";"401.58000000000004";"612.2";"BCDFEE+BookmanOldStyle";"12.0";"361.59000000000003";"306.1";"0.09064031362299903";"0.310437765436132";"0.560405096373734";"False";"BATANG TUBUH";"PASAL 34"
"12";"Dinas.";"190.05";"228.27";"405.6";"417.6";"612.2";"BCDFEE+BookmanOldStyle";"12.0";"209.16000000000003";"306.1";"0.15834694544266578";"0.310437765436132";"0.06243057824240444";"False";"BATANG TUBUH";"PASAL 34"
"12";"(2) Penentuan batas atau ruang tepi sebagaimana dimaksud";"168.85";"532.722";"421.4000000000001";"433.40000000000003";"612.2";"BCDFEE+BookmanOldStyle";"11.999999999999943";"350.786";"306.1";"0.07299248611564844";"0.2758085592943482";"0.5943678536426004";"False";"BATANG TUBUH";"PASAL 34"
"12";"pada ayat (1) untuk Naskah Dinas korespondensi dan";"190.05";"532.9140000000001";"437.40000000000003";"449.40000000000003";"612.2";"BCDFEE+BookmanOldStyle";"12.0";"361.4820000000001";"306.1";"0.09046390068605041";"0.310437765436132";"0.5600522704998367";"False";"BATANG TUBUH";"PASAL 34"
"12";"Naskah Dinas khusus diatur dengan ketentuan sebagai";"190.05";"533.13";"453.2";"465.2";"612.2";"BCDFEE+BookmanOldStyle";"12.0";"361.59000000000003";"306.1";"0.09064031362299903";"0.310437765436132";"0.560405096373734";"False";"BATANG TUBUH";"PASAL 34"
"12";"berikut:";"190.05";"236.46600000000004";"469.2";"481.2";"612.2";"BCDFEE+BookmanOldStyle";"12.0";"213.25800000000004";"306.1";"0.15165305455733416";"0.310437765436132";"0.07581836001306766";"False";"BATANG TUBUH";"PASAL 34"
"12";"a. ruang tepi atas:";"190.05";"297.022";"485.0";"497.0";"612.2";"BCDFEE+BookmanOldStyle";"12.0";"243.536";"306.1";"0.10219536099313953";"0.310437765436132";"0.174733747141457";"False";"BATANG TUBUH";"PASAL 34"
"12";"1) apabila menggunakan kop Naskah Dinas, 2 (dua)";"204.27";"533.258";"501.0";"513.0";"612.2";"BCDFEE+BookmanOldStyle";"12.0";"368.764";"306.1";"0.10235870630512901";"0.3336654688010454";"0.5373864750081673";"False";"BATANG TUBUH";"PASAL 34"
"12";"spasi dibawah kop; dan";"218.47";"357.742";"516.8299999999999";"528.8299999999999";"612.2";"BCDFEE+BookmanOldStyle";"12.0";"288.106";"306.1";"0.029392355439398932";"0.3568605031035609";"0.2274942829140804";"False";"BATANG TUBUH";"PASAL 34"
"12";"2) apabila tanpa kop Naskah Dinas, paling sedikit 2";"204.27";"533.1220000000001";"532.8299999999999";"544.8299999999999";"612.2";"BCDFEE+BookmanOldStyle";"12.0";"368.696";"306.1";"0.10224763149297615";"0.3336654688010454";"0.5371643253838616";"False";"BATANG TUBUH";"PASAL 34"
"12";"(dua) cm dari tepi atas kertas.";"218.47";"394.98999999999995";"548.63";"560.63";"612.2";"BCDFEE+BookmanOldStyle";"12.0";"306.72999999999996";"306.1";"0.0010290754655340388";"0.3568605031035609";"0.28833714472394634";"False";"BATANG TUBUH";"PASAL 34"
"12";"b. ruang tepi bawah paling sedikit 2,5 (dua koma lima) cm";"190.05";"532.9499999999999";"564.63";"576.63";"612.2";"BCDFEE+BookmanOldStyle";"12.0";"361.5";"306.1";"0.09049330284220838";"0.310437765436132";"0.5601110748121527";"False";"BATANG TUBUH";"PASAL 34"
"12";"dari tepi bawah kertas;";"204.27";"339.82199999999995";"580.4300000000001";"592.4300000000001";"612.2";"BCDFEE+BookmanOldStyle";"12.0";"272.046";"306.1";"0.05562561254492001";"0.3336654688010454";"0.22141783730806913";"False";"BATANG TUBUH";"PASAL 34"
"12";"c. ruang tepi kiri paling sedikit 3 (tiga) cm dari tepi kiri";"190.05";"532.996";"596.4300000000001";"608.4300000000001";"612.2";"BCDFEE+BookmanOldStyle";"12.0";"361.523";"306.1";"0.09053087226396601";"0.310437765436132";"0.560186213655668";"False";"BATANG TUBUH";"PASAL 34"
"12";"kertas; dan";"204.27";"270.76200000000006";"612.23";"624.23";"612.2";"BCDFEE+BookmanOldStyle";"12.0";"237.51600000000002";"306.1";"0.11202874877491016";"0.3336654688010454";"0.10861156484808893";"False";"BATANG TUBUH";"PASAL 34"
"12";"d. ruang tepi kanan paling sedikit 2 (dua) cm dari tepi";"190.05";"532.7579999999998";"628.23";"640.23";"612.2";"BCDFEE+BookmanOldStyle";"12.0";"361.4039999999999";"306.1";"0.09033649134269824";"0.310437765436132";"0.5597974518131326";"False";"BATANG TUBUH";"PASAL 34"
"12";"kanan kertas.";"204.27";"285.84599999999995";"644.05";"656.05";"612.2";"BCDFEE+BookmanOldStyle";"12.0";"245.058";"306.1";"0.09970924534465865";"0.3336654688010454";"0.13325057170859184";"False";"BATANG TUBUH";"PASAL 34"
"12";"Bagian Kedelapan";"248.48";"354.344";"675.85";"687.85";"612.2";"BCDFEE+BookmanOldStyle";"12.0";"301.412";"306.1";"0.0076576282260699844";"0.4058804312316236";"0.17292388108461287";"False";"BATANG TUBUH";"BAGIAN KEDELAPAN"
"12";"Nomor Halaman";"253.48";"349.324";"691.85";"703.85";"612.2";"BCDFEE+BookmanOldStyle";"12.0";"301.402";"306.1";"0.007673962757268924";"0.4140476968311009";"0.1565566808232604";"False";"BATANG TUBUH";"BAGIAN KEDELAPAN"
"12";"Pasal 35";"276.5";"326.324";"723.65";"735.65";"612.2";"BCDFEE+BookmanOldStyle";"12.0";"301.41200000000003";"306.1";"0.007657628226069892";"0.45164978765109437";"0.08138516824567137";"False";"BATANG TUBUH";"PASAL 35"
"12";"(1) Nomor halaman sebagaimana dimaksud dalam Pasal 21";"168.85";"532.758";"755.47";"767.47";"612.2";"BCDFEE+BookmanOldStyle";"12.0";"350.80400000000003";"306.1";"0.07302188827180661";"0.2758085592943482";"0.5944266579549167";"False";"BATANG TUBUH";"PASAL 35"
"12";"huruf g pada Naskah Dinas menggunakan angka";"190.05";"532.89";"771.48";"783.48";"612.2";"BCDFEE+BookmanOldStyle";"12.0";"361.47";"306.1";"0.09044429924861157";"0.310437765436132";"0.5600130676249591";"False";"BATANG TUBUH";"PASAL 35"
"12";"arab/biasa.";"190.05";"258.834";"787.27";"799.27";"612.2";"BCDFEE+BookmanOldStyle";"12.0";"224.442";"306.1";"0.1333845148644234";"0.310437765436132";"0.11235543939888923";"False";"BATANG TUBUH";"PASAL 35"
"12";"(2) Nomor halaman sebagaimana dimaksud pada Ayat (1)";"168.85";"532.9019999999999";"803.28";"815.28";"612.2";"BCDFEE+BookmanOldStyle";"12.0";"350.876";"306.1";"0.07313949689643899";"0.2758085592943482";"0.5946618752041815";"False";"BATANG TUBUH";"PASAL 35"
"12";"dalam Naskah Dinas korespondensi dan Naskah Dinas";"190.05";"533.226";"819.08";"831.08";"612.2";"BCDFEE+BookmanOldStyle";"12.0";"361.63800000000003";"306.1";"0.09071871937275401";"0.310437765436132";"0.560561907873244";"False";"BATANG TUBUH";"PASAL 35"
"12";"khusus ditempatkan pada bagian tengah atas secara";"190.05";"533.0939999999999";"835.075";"847.075";"612.2";"BCDFEE+BookmanOldStyle";"12.0";"361.572";"306.1";"0.09061091146684086";"0.310437765436132";"0.5603462920614177";"False";"BATANG TUBUH";"PASAL 35"
"12";"simetris.";"190.05";"240.67800000000003";"850.875";"862.875";"612.2";"BCDFEE+BookmanOldStyle";"12.0";"215.36400000000003";"306.1";"0.14821300228683434";"0.310437765436132";"0.08269846455406732";"False";"BATANG TUBUH";"PASAL 35"
"13";"13";"293.1";"307.94";"27.500000000000114";"39.500000000000114";"612.2";"BCDFEE+BookmanOldStyle";"12.0";"300.52";"306.1";"0.009114668409016728";"0.478765109441359";"0.02424044429924857";"False";"BATANG TUBUH";"PASAL 35"
"13";"Bagian Kesembilan";"245.08";"357.748";"55.530000000000086";"67.53000000000009";"612.2";"BCDFEE+BookmanOldStyle";"12.0";"301.414";"306.1";"0.007654361319830178";"0.4003266906239791";"0.18403789611238153";"False";"BATANG TUBUH";"BAGIAN KESEMBILAN"
"13";"Tembusan";"270.68";"332.156";"72.33000000000004";"84.33000000000004";"612.2";"BCDFEE+BookmanOldStyle";"12.0";"301.418";"306.1";"0.0076478275073505655";"0.4421430904933028";"0.10041816399869323";"False";"BATANG TUBUH";"BAGIAN KESEMBILAN"
"13";"Pasal 36";"276.5";"326.324";"106.13000000000011";"118.13000000000011";"612.2";"BCDFEE+BookmanOldStyle";"12.0";"301.41200000000003";"306.1";"0.007657628226069892";"0.45164978765109437";"0.08138516824567137";"False";"BATANG TUBUH";"PASAL 36"
"13";"(1) Tembusan sebagaimana dimaksud dalam Pasal 21 huruf h";"168.85";"533.2379999999999";"140.1300000000001";"152.1300000000001";"612.2";"BCDFEE+BookmanOldStyle";"12.0";"351.044";"306.1";"0.07341391702058143";"0.2758085592943482";"0.5952107154524663";"False";"BATANG TUBUH";"PASAL 36"
"13";"disampaikan kepada pihak yang bersangkutan dan pihak";"190.05";"533.202";"156.92000000000007";"168.92000000000007";"612.2";"BCDFEE+BookmanOldStyle";"12.0";"361.626";"306.1";"0.09069911793531517";"0.310437765436132";"0.5605227049983665";"False";"BATANG TUBUH";"PASAL 36"
"13";"yang dianggap perlu mengetahui isi surat tersebut.";"190.05";"491.238";"173.95000000000005";"185.95000000000005";"612.2";"BCDFEE+BookmanOldStyle";"12.0";"340.644";"306.1";"0.056426004573668705";"0.310437765436132";"0.49197647827507346";"False";"BATANG TUBUH";"PASAL 36"
"13";"(2) Tembusan sebagaimana dimaksud pada ayat (1) yang";"168.85";"532.77";"190.7500000000001";"202.7500000000001";"612.2";"BCDFEE+BookmanOldStyle";"12.0";"350.81";"306.1";"0.07303168899052594";"0.2758085592943482";"0.5944462593923553";"False";"BATANG TUBUH";"PASAL 36"
"13";"naskah dinasnya ditandatangani oleh pejabat yang";"190.05";"533.0339999999999";"207.7500000000001";"219.7500000000001";"612.2";"BCDFEE+BookmanOldStyle";"12.0";"361.5419999999999";"306.1";"0.09056190787324386";"0.310437765436132";"0.5602482848742238";"False";"BATANG TUBUH";"PASAL 36"
"13";"mengatasnamakan disampaikan kepada pejabat yang";"190.05";"533.046";"224.55000000000007";"236.55000000000007";"612.2";"BCDFEE+BookmanOldStyle";"12.0";"361.548";"306.1";"0.09057170859196337";"0.310437765436132";"0.5602678863116629";"False";"BATANG TUBUH";"PASAL 36"
"13";"diatasnamakan.";"190.05";"285.24999999999994";"241.55000000000007";"253.55000000000007";"612.2";"BCDFEE+BookmanOldStyle";"12.0";"237.64999999999998";"306.1";"0.11180986605684423";"0.310437765436132";"0.15550473701404757";"False";"BATANG TUBUH";"PASAL 36"
"13";"(3) Tembusan sebagaimana dimaksud pada ayat (1) yang";"168.85";"532.77";"258.35";"270.35";"612.2";"BCDFEE+BookmanOldStyle";"12.0";"350.81";"306.1";"0.07303168899052594";"0.2758085592943482";"0.5944462593923553";"False";"BATANG TUBUH";"PASAL 36"
"13";"naskah dinasnya ditandatangani oleh jabatan pimpinan";"190.05";"533.0459999999999";"275.35";"287.35";"612.2";"BCDFEE+BookmanOldStyle";"12.0";"361.548";"306.1";"0.09057170859196337";"0.310437765436132";"0.5602678863116627";"False";"BATANG TUBUH";"PASAL 36"
"13";"tinggi atas nama Bupati, disampaikan kepada Bupati dan";"190.05";"533.458";"292.1700000000001";"304.1700000000001";"612.2";"BCDFEE+BookmanOldStyle";"12.0";"361.754";"306.1";"0.09090819993466186";"0.310437765436132";"0.5609408689970596";"False";"BATANG TUBUH";"PASAL 36"
"13";"Sekretaris Daerah.";"190.05";"300.222";"309.1700000000001";"321.1700000000001";"612.2";"BCDFEE+BookmanOldStyle";"12.0";"245.136";"306.1";"0.0995818360013068";"0.310437765436132";"0.17996079712512245";"False";"BATANG TUBUH";"PASAL 36"
"13";"(4) Tembusan sebagaimana dimaksud pada ayat (1) yang";"168.85";"532.77";"325.98";"337.98";"612.2";"BCDFEE+BookmanOldStyle";"12.0";"350.81";"306.1";"0.07303168899052594";"0.2758085592943482";"0.5944462593923553";"False";"BATANG TUBUH";"PASAL 36"
"13";"naskah dinasnya ditandatangani oleh jabatan pimpinan";"190.05";"533.228";"342.98";"354.98";"612.2";"BCDFEE+BookmanOldStyle";"12.0";"361.639";"306.1";"0.09072035282587387";"0.310437765436132";"0.5605651747794836";"False";"BATANG TUBUH";"PASAL 36"
"13";"tinggi atas nama Bupati berupa surat tanda tamat";"190.05";"533.0519999999999";"359.7800000000001";"371.7800000000001";"612.2";"BCDFEE+BookmanOldStyle";"12.0";"361.55099999999993";"306.1";"0.09057660895132294";"0.310437765436132";"0.560277687030382";"False";"BATANG TUBUH";"PASAL 36"
"13";"pendidikan dan pelatihan, sertifikat, dan piagam tidak";"190.05";"532.8420000000001";"376.7700000000001";"388.7700000000001";"612.2";"BCDFEE+BookmanOldStyle";"12.0";"361.446";"306.1";"0.09040509637373408";"0.310437765436132";"0.5599346618752042";"False";"BATANG TUBUH";"PASAL 36"
"13";"memerlukan tembusan.";"190.05";"330.78599999999994";"393.58000000000004";"405.58000000000004";"612.2";"BCDFEE+BookmanOldStyle";"12.0";"260.418";"306.1";"0.07461940542306437";"0.310437765436132";"0.2298856582816072";"False";"BATANG TUBUH";"PASAL 36"
"13";"(5) Tembusan sebagaimana dimaksud pada ayat (1) berada";"168.85";"532.722";"410.6";"422.6";"612.2";"BCDFEE+BookmanOldStyle";"12.0";"350.786";"306.1";"0.07299248611564844";"0.2758085592943482";"0.5943678536426004";"False";"BATANG TUBUH";"PASAL 36"
"13";"pada posisi bagian kiri bawah pada Naskah Dinas dan";"190.05";"533.458";"427.40000000000003";"439.40000000000003";"612.2";"BCDFEE+BookmanOldStyle";"12.0";"361.754";"306.1";"0.09090819993466186";"0.310437765436132";"0.5609408689970596";"False";"BATANG TUBUH";"PASAL 36"
"13";"diikuti tanda baca titik dua (:), tidak diberi garis bawah,";"190.05";"533.0699999999999";"444.40000000000003";"456.40000000000003";"612.2";"BCDFEE+BookmanOldStyle";"12.0";"361.55999999999995";"306.1";"0.09059131002940202";"0.310437765436132";"0.5603070891865402";"False";"BATANG TUBUH";"PASAL 36"
"13";"serta tidak perlu menambahkan kata sebagai laporan,";"190.05";"532.926";"461.2";"473.2";"612.2";"BCDFEE+BookmanOldStyle";"12.0";"361.48800000000006";"306.1";"0.09047370140476974";"0.310437765436132";"0.5600718719372754";"False";"BATANG TUBUH";"PASAL 36"
"13";"arsip, atau istilah sejenis.";"190.05";"341.80199999999996";"478.2";"490.2";"612.2";"BCDFEE+BookmanOldStyle";"12.0";"265.926";"306.1";"0.06562234563868022";"0.310437765436132";"0.2478797778503756";"False";"BATANG TUBUH";"PASAL 36"
"13";"Bagian Kesepuluh";"247.88";"354.944";"512.03";"524.03";"612.2";"BCDFEE+BookmanOldStyle";"12.0";"301.41200000000003";"306.1";"0.007657628226069892";"0.4049003593596863";"0.17488402482848744";"False";"BATANG TUBUH";"BAGIAN KESEPULUH"
"13";"Lampiran";"273.08";"329.564";"528.8299999999999";"540.8299999999999";"612.2";"BCDFEE+BookmanOldStyle";"12.0";"301.322";"306.1";"0.007804639006860535";"0.4460633779810519";"0.09226396602417516";"False";"BATANG TUBUH";"BAGIAN KESEPULUH"
"13";"Pasal 37";"276.5";"326.324";"562.63";"574.63";"612.2";"BCDFEE+BookmanOldStyle";"12.0";"301.41200000000003";"306.1";"0.007657628226069892";"0.45164978765109437";"0.08138516824567137";"False";"BATANG TUBUH";"PASAL 37"
"13";"(1) Lampiran sebagaimana dimaksud dalam Pasal 21 huruf i";"168.85";"533.37";"596.4300000000001";"608.4300000000001";"612.2";"BCDFEE+BookmanOldStyle";"12.0";"351.11";"306.1";"0.07352172492649459";"0.2758085592943482";"0.5954263312642927";"False";"BATANG TUBUH";"PASAL 37"
"13";"ditandatangani oleh pejabat yang sama dengan yang";"190.05";"533.1780000000001";"613.4200000000001";"625.4200000000001";"612.2";"BCDFEE+BookmanOldStyle";"12.0";"361.61400000000003";"306.1";"0.09067951649787652";"0.310437765436132";"0.5604835021234892";"False";"BATANG TUBUH";"PASAL 37"
"13";"menandatangani Naskah Dinas.";"190.05";"379.33799999999997";"630.25";"642.25";"612.2";"BCDFEE+BookmanOldStyle";"12.0";"284.69399999999996";"306.1";"0.0349656974844823";"0.310437765436132";"0.30919307415877156";"False";"BATANG TUBUH";"PASAL 37"
"13";"(2) Dalam hal lampiran Naskah Dinas sebagaimana dimaksud";"168.85";"532.866";"647.25";"659.25";"612.2";"BCDFEE+BookmanOldStyle";"12.0";"350.858";"306.1";"0.07311009474028092";"0.2758085592943482";"0.5946030708918653";"False";"BATANG TUBUH";"PASAL 37"
"13";"pada ayat (1) memiliki lebih dari satu halaman, halaman";"190.05";"533.0099999999999";"664.05";"676.05";"612.2";"BCDFEE+BookmanOldStyle";"12.0";"361.53";"306.1";"0.0905423064358052";"0.310437765436132";"0.5602090819993464";"False";"BATANG TUBUH";"PASAL 37"
"13";"berikutnya diberi nomor sebagaimana dimaksud dalam";"190.05";"533.0699999999999";"681.05";"693.05";"612.2";"BCDFEE+BookmanOldStyle";"12.0";"361.55999999999995";"306.1";"0.09059131002940202";"0.310437765436132";"0.5603070891865402";"False";"BATANG TUBUH";"PASAL 37"
"13";"Pasal 35 ayat (1).";"190.05";"290.940000238";"698.05";"710.05";"612.2";"BCDFEE+BookmanOldStyle";"12.0";"240.495000119";"306.1";"0.1071626917363607";"0.310437765436132";"0.16479908565501464";"False";"BATANG TUBUH";"PASAL 35"
"13";"Bagian Kesebelas";"248.68";"350.884";"731.85";"743.85";"612.2";"BCDFEE+BookmanOldStyle";"12.0";"299.78200000000004";"306.1";"0.010320156811499483";"0.4062071218556027";"0.1669454426657955";"False";"BATANG TUBUH";"BAGIAN KESEBELAS"
"13";"Paraf, Tanda Tangan, dan Stempel";"198.08";"401.312";"748.6700000000001";"760.6700000000001";"612.2";"BCDFEE+BookmanOldStyle";"12.0";"299.696";"306.1";"0.010460633779810513";"0.3235543939888925";"0.3319699444625939";"False";"BATANG TUBUH";"BAGIAN KESEBELAS"
"13";"Pasal 38";"274.88";"324.704";"782.47";"794.47";"612.2";"BCDFEE+BookmanOldStyle";"12.0";"299.79200000000003";"306.1";"0.010303822280300542";"0.4490035935968637";"0.08138516824567137";"False";"BATANG TUBUH";"PASAL 38"
"13";"Paraf, tanda tangan, dan stempel sebagaimana dimaksud";"168.85";"532.99";"816.27";"828.27";"612.2";"BCDFEE+BookmanOldStyle";"12.0";"350.92";"306.1";"0.07321136883371446";"0.2758085592943482";"0.5948056190787324";"False";"BATANG TUBUH";"PASAL 38"
"13";"dalam Pasal 21 huruf j merupakan bentuk pengabsahan";"168.85";"533.2399999999999";"833.275";"845.275";"612.2";"BCDFEE+BookmanOldStyle";"12.0";"351.04499999999996";"306.1";"0.0734155504737013";"0.2758085592943482";"0.595213982358706";"False";"BATANG TUBUH";"PASAL 38"
"13";"Naskah Dinas.";"168.85";"255.23799999999997";"850.075";"862.075";"612.2";"BCDFEE+BookmanOldStyle";"12.0";"212.04399999999998";"306.1";"0.15363606664488735";"0.2758085592943482";"0.14111074812152885";"False";"BATANG TUBUH";"PASAL 38"
"14";"14";"293.1";"307.94";"27.500000000000114";"39.500000000000114";"612.2";"BCDFEE+BookmanOldStyle";"12.0";"300.52";"306.1";"0.009114668409016728";"0.478765109441359";"0.02424044429924857";"False";"BATANG TUBUH";"PASAL 38"
"14";"Pasal 39";"274.88";"324.704";"55.530000000000086";"67.53000000000009";"612.2";"BCDFEE+BookmanOldStyle";"12.0";"299.79200000000003";"306.1";"0.010303822280300542";"0.4490035935968637";"0.08138516824567137";"False";"BATANG TUBUH";"PASAL 39"
"14";"(1) Paraf sebagaimana dimaksud dalam Pasal 38 merupakan";"168.85";"533.206";"90.73000000000002";"102.73000000000002";"612.2";"BCDFEE+BookmanOldStyle";"12.0";"351.028";"306.1";"0.07338778177066317";"0.2758085592943482";"0.5951584449526298";"False";"BATANG TUBUH";"PASAL 39"
"14";"tanda tangan singkat sebagai bentuk pertanggungjawaban";"190.05";"532.8979999999999";"108.33000000000004";"120.33000000000004";"612.2";"BCDFEE+BookmanOldStyle";"12.0";"361.47399999999993";"306.1";"0.09045083306109099";"0.310437765436132";"0.5600261352499181";"False";"BATANG TUBUH";"PASAL 39"
"14";"atas muatan materi, substansi, redaksi, dan pengetikan.";"190.05";"524.2500000000001";"125.92000000000007";"137.92000000000007";"612.2";"BCDFEE+BookmanOldStyle";"12.0";"357.1500000000001";"306.1";"0.08338778177066329";"0.310437765436132";"0.5459000326690625";"False";"BATANG TUBUH";"PASAL 39"
"14";"(2) Paraf sebagaimana dimaksud pada ayat (1) terdiri atas:";"168.85";"515.6339999999999";"143.5300000000001";"155.5300000000001";"612.2";"BCDFEE+BookmanOldStyle";"12.0";"342.24199999999996";"306.1";"0.059036262659261575";"0.2758085592943482";"0.5664554067298266";"False";"BATANG TUBUH";"PASAL 39"
"14";"a. paraf hierarki; dan";"190.05";"314.718";"161.1300000000001";"173.1300000000001";"612.2";"BCDFEE+BookmanOldStyle";"12.0";"252.38400000000001";"306.1";"0.08774256778830448";"0.310437765436132";"0.20363933355112707";"False";"BATANG TUBUH";"PASAL 39"
"14";"b. paraf koordinasi.";"190.05";"304.25399999999996";"178.7500000000001";"190.7500000000001";"612.2";"BCDFEE+BookmanOldStyle";"12.0";"247.152";"306.1";"0.09628879451159757";"0.310437765436132";"0.1865468801045409";"False";"BATANG TUBUH";"PASAL 39"
"14";"(3) Naskah Dinas yang konsepnya dibuat oleh pejabat";"168.85";"532.9259999999999";"196.35000000000002";"208.35000000000002";"612.2";"BCDFEE+BookmanOldStyle";"12.0";"350.888";"306.1";"0.07315909833387774";"0.2758085592943482";"0.5947010780790589";"False";"BATANG TUBUH";"PASAL 39"
"14";"dibawah pejabat penandatangan, terlebih dahulu diparaf";"190.05";"533.026";"213.95000000000005";"225.95000000000005";"612.2";"BCDFEE+BookmanOldStyle";"12.0";"361.538";"306.1";"0.09055537406076443";"0.310437765436132";"0.5602352172492648";"False";"BATANG TUBUH";"PASAL 39"
"14";"sebelum ditandatangani.";"190.05";"336.1739999999999";"231.55000000000007";"243.55000000000007";"612.2";"BCDFEE+BookmanOldStyle";"12.0";"263.11199999999997";"306.1";"0.07021888271806608";"0.310437765436132";"0.23868670369160389";"False";"BATANG TUBUH";"PASAL 39"
"14";"(4) Naskah Dinas yang konsepnya dibuat oleh pejabat yang";"168.85";"533.034";"249.1500000000001";"261.1500000000001";"612.2";"BCDFEE+BookmanOldStyle";"12.0";"350.942";"306.1";"0.07324730480235214";"0.2758085592943482";"0.5948774910160077";"False";"BATANG TUBUH";"PASAL 39"
"14";"akan menandatangani Naskah Dinas tersebut tidak";"190.05";"532.782";"266.7500000000001";"278.7500000000001";"612.2";"BCDFEE+BookmanOldStyle";"12.0";"361.41600000000005";"306.1";"0.09035609278013726";"0.310437765436132";"0.5598366546880105";"False";"BATANG TUBUH";"PASAL 39"
"14";"memerlukan paraf.";"190.05";"302.40599999999995";"284.3800000000001";"296.3800000000001";"612.2";"BCDFEE+BookmanOldStyle";"12.0";"246.22799999999998";"306.1";"0.09779810519438098";"0.310437765436132";"0.18352825873897408";"False";"BATANG TUBUH";"PASAL 39"
"14";"(5) Fitur paraf dalam media rekam elektronik, berbentuk";"168.85";"532.806";"301.98";"313.98";"612.2";"BCDFEE+BookmanOldStyle";"12.0";"350.82800000000003";"306.1";"0.0730610911466841";"0.2758085592943482";"0.5945050637046717";"False";"BATANG TUBUH";"PASAL 39"
"14";"catatan riwayat Naskah Dinas dalam basis data sebelum";"190.05";"532.98";"319.58000000000004";"331.58000000000004";"612.2";"BCDFEE+BookmanOldStyle";"12.0";"361.515";"306.1";"0.0905178046390068";"0.310437765436132";"0.5601600784057498";"False";"BATANG TUBUH";"PASAL 39"
"14";"dilakukan penandatanganan oleh pejabat yang";"190.05";"533.262";"337.3800000000001";"349.3800000000001";"612.2";"BCDFEE+BookmanOldStyle";"12.0";"361.65599999999995";"306.1";"0.090748121528912";"0.310437765436132";"0.5606207121855601";"False";"BATANG TUBUH";"PASAL 39"
"14";"berwenang.";"190.05";"257.646";"354.98";"366.98";"612.2";"BCDFEE+BookmanOldStyle";"12.0";"223.848";"306.1";"0.1343547860176413";"0.310437765436132";"0.11041489709245345";"False";"BATANG TUBUH";"PASAL 39"
"14";"(6) Pembubuhan paraf pada Naskah Dinas penugasan berupa";"168.85";"532.962";"372.58000000000004";"384.58000000000004";"612.2";"BCDFEE+BookmanOldStyle";"12.0";"350.906";"306.1";"0.0731885004900359";"0.2758085592943482";"0.5947598823913752";"False";"BATANG TUBUH";"PASAL 39"
"14";"surat perjalanan dinas dibubuhkan pada lembar pertama.";"190.05";"532.8059999999999";"390.1700000000001";"402.1700000000001";"612.2";"BCDFEE+BookmanOldStyle";"12.0";"361.428";"306.1";"0.09037569421757591";"0.310437765436132";"0.5598758575628877";"False";"BATANG TUBUH";"PASAL 39"
"14";"(7) Paraf sebagaimana dimaksud pada ayat (2) menggunakan";"168.85";"533.082";"407.80000000000007";"419.80000000000007";"612.2";"BCDFEE+BookmanOldStyle";"12.0";"350.966";"306.1";"0.07328650767722963";"0.2758085592943482";"0.5949558967657628";"False";"BATANG TUBUH";"PASAL 39"
"14";"huruf Arial dengan ukuran 8 (delapan).";"190.05";"421.7939999999999";"425.40000000000003";"437.46000000000004";"612.2";"BCDFEE+BookmanOldStyle";"12.0";"305.92199999999997";"306.1";"0.0002907546553414801";"0.310437765436132";"0.3785429598170531";"False";"BATANG TUBUH";"PASAL 39"
"14";"Pasal 40";"274.88";"324.704";"460.6";"472.6";"612.2";"BCDFEE+BookmanOldStyle";"12.0";"299.79200000000003";"306.1";"0.010303822280300542";"0.4490035935968637";"0.08138516824567137";"False";"BATANG TUBUH";"PASAL 40"
"14";"(1) Paraf hierarki sebagaimana dimaksud dalam Pasal 39";"168.85";"532.8299999999999";"495.8";"507.8";"612.2";"BCDFEE+BookmanOldStyle";"12.0";"350.84";"306.1";"0.07308069258412275";"0.2758085592943482";"0.594544266579549";"False";"BATANG TUBUH";"PASAL 40"
"14";"ayat (2) huruf a merupakan paraf pejabat sesuai jenjang";"190.05";"533.0240000000001";"513.4200000000001";"525.4200000000001";"612.2";"BCDFEE+BookmanOldStyle";"12.0";"361.53700000000003";"306.1";"0.09055374060764457";"0.310437765436132";"0.5602319503430253";"False";"BATANG TUBUH";"PASAL 40"
"14";"jabatan yang dibubuhkan dalam bentuk matriks.";"190.05";"480.86999999999995";"531.03";"543.03";"612.2";"BCDFEE+BookmanOldStyle";"12.0";"335.46";"306.1";"0.0479581836001306";"0.310437765436132";"0.47504083632799726";"False";"BATANG TUBUH";"PASAL 40"
"14";"(2) Pembubuhan paraf hierarki pada Naskah Dinas yang";"168.85";"532.854";"548.63";"560.63";"612.2";"BCDFEE+BookmanOldStyle";"12.0";"350.85200000000003";"306.1";"0.0731002940215616";"0.2758085592943482";"0.5945834694544266";"False";"BATANG TUBUH";"PASAL 40"
"14";"ditandatangani oleh Bupati, Wakil Bupati, Sekretaris";"190.05";"533.342";"566.23";"578.23";"612.2";"BCDFEE+BookmanOldStyle";"12.0";"361.696";"306.1";"0.09081345965370793";"0.310437765436132";"0.5607513884351518";"False";"BATANG TUBUH";"PASAL 40"
"14";"Daerah, Asisten Sekretaris Daerah, Sekretaris DPRD,";"190.05";"533.134";"583.8299999999999";"595.8299999999999";"612.2";"BCDFEE+BookmanOldStyle";"12.0";"361.592";"306.1";"0.09064358052923874";"0.310437765436132";"0.5604116301862136";"False";"BATANG TUBUH";"PASAL 40"
"14";"Kepala Dinas, Kepala Badan, Inspektur, dan Direktur";"190.05";"533.194";"601.4200000000001";"613.4200000000001";"612.2";"BCDFEE+BookmanOldStyle";"12.0";"361.62199999999996";"306.1";"0.09069258412283557";"0.310437765436132";"0.5605096373734073";"False";"BATANG TUBUH";"PASAL 40"
"14";"Rumah Sakit Umum Daerah harus diparaf terlebih dahulu";"190.05";"533.4939999999999";"619.03";"631.03";"612.2";"BCDFEE+BookmanOldStyle";"12.0";"361.77199999999993";"306.1";"0.09093760209081984";"0.310437765436132";"0.5609996733093758";"False";"BATANG TUBUH";"PASAL 40"
"14";"oleh maksimal tiga orang pejabat secara berjenjang.";"190.05";"496.2660000000001";"636.6500000000001";"648.6500000000001";"612.2";"BCDFEE+BookmanOldStyle";"12.0";"343.158";"306.1";"0.060532505717085905";"0.310437765436132";"0.5001894805619079";"False";"BATANG TUBUH";"PASAL 40"
"14";"(3) Paraf hierarki pada Naskah Dinas penugasan, Naskah";"168.85";"532.8179999999999";"654.25";"666.25";"612.2";"BCDFEE+BookmanOldStyle";"12.0";"350.83399999999995";"306.1";"0.07307089186540333";"0.2758085592943482";"0.5945246651421101";"False";"BATANG TUBUH";"PASAL 40"
"14";"Dinas korespondensi, dan Naskah Dinas khusus";"190.05";"533.0700000000002";"671.85";"683.85";"612.2";"BCDFEE+BookmanOldStyle";"12.0";"361.56000000000006";"306.1";"0.09059131002940221";"0.310437765436132";"0.5603070891865406";"False";"BATANG TUBUH";"PASAL 40"
"14";"ditempatkan pada lembar terakhir.";"190.05";"396.546";"689.45";"701.45";"612.2";"BCDFEE+BookmanOldStyle";"12.0";"293.298";"306.1";"0.0209114668409017";"0.310437765436132";"0.33730153544593267";"False";"BATANG TUBUH";"PASAL 40"
"14";"(4) Paraf hierarki sebagaimana dimaksud pada ayat (3) dapat";"168.85";"533.4859999999999";"707.05";"719.05";"612.2";"BCDFEE+BookmanOldStyle";"12.0";"351.16799999999995";"306.1";"0.07361646520744843";"0.2758085592943482";"0.5956158118262003";"False";"BATANG TUBUH";"PASAL 40"
"14";"dicantumkan pada setiap lembar.";"190.05";"388.35999999999996";"724.65";"736.65";"612.2";"BCDFEE+BookmanOldStyle";"12.0";"289.205";"306.1";"0.02759719046063384";"0.310437765436132";"0.32393008820646835";"False";"BATANG TUBUH";"PASAL 40"
"14";"Pasal 41";"274.88";"324.704";"759.88";"771.88";"612.2";"BCDFEE+BookmanOldStyle";"12.0";"299.79200000000003";"306.1";"0.010303822280300542";"0.4490035935968637";"0.08138516824567137";"False";"BATANG TUBUH";"PASAL 41"
"14";"(1) Paraf koordinasi sebagaimana dimaksud dalam Pasal 39";"168.85";"532.986";"795.28";"807.28";"612.2";"BCDFEE+BookmanOldStyle";"12.0";"350.918";"306.1";"0.07320810192747465";"0.2758085592943482";"0.5947990852662528";"False";"BATANG TUBUH";"PASAL 41"
"14";"ayat (2) huruf b merupakan paraf pejabat sesuai substansi";"190.05";"532.9260000000002";"812.88";"824.88";"612.2";"BCDFEE+BookmanOldStyle";"12.0";"361.48800000000006";"306.1";"0.09047370140476974";"0.310437765436132";"0.5600718719372756";"False";"BATANG TUBUH";"PASAL 41"
"14";"tugasnya atau pejabat lain yang terlibat pada";"190.05";"532.6859999999999";"830.475";"842.475";"612.2";"BCDFEE+BookmanOldStyle";"12.0";"361.36799999999994";"306.1";"0.09027768703038208";"0.310437765436132";"0.5596798431885003";"False";"BATANG TUBUH";"PASAL 41"
"14";"masing-masing unit kerja yang berbentuk matriks.";"190.05";"490.13199999999995";"848.075";"860.075";"612.2";"BCDFEE+BookmanOldStyle";"12.0";"340.091";"306.1";"0.05552270499836652";"0.310437765436132";"0.49016987912446897";"False";"BATANG TUBUH";"PASAL 41"
"15";"15";"293.1";"307.94";"27.500000000000114";"39.500000000000114";"612.2";"BCDFEE+BookmanOldStyle";"12.0";"300.52";"306.1";"0.009114668409016728";"0.478765109441359";"0.02424044429924857";"False";"BATANG TUBUH";"PASAL 41"
"15";"(2) Naskah Dinas yang materinya saling berkaitan antar unit";"168.85";"533.066";"55.530000000000086";"67.53000000000009";"612.2";"BCDFEE+BookmanOldStyle";"12.0";"350.958";"306.1";"0.0732734400522705";"0.2758085592943482";"0.5949297615158444";"False";"BATANG TUBUH";"PASAL 41"
"15";"kerja, diparaf oleh unit pengolah dan unit lain yang terkait";"190.05";"532.9019999999999";"71.73000000000002";"83.73000000000002";"612.2";"BCDFEE+BookmanOldStyle";"12.0";"361.476";"306.1";"0.09045409996733089";"0.310437765436132";"0.5600326690623977";"False";"BATANG TUBUH";"PASAL 41"
"15";"sebelum ditandatangani oleh pejabat yang berwenang";"190.05";"532.83";"87.92000000000007";"99.92000000000007";"612.2";"BCDFEE+BookmanOldStyle";"12.0";"361.44000000000005";"306.1";"0.09039529565501475";"0.310437765436132";"0.5599150604377654";"False";"BATANG TUBUH";"PASAL 41"
"15";"pada lembar terakhir.";"190.05";"318.198";"104.13000000000011";"116.13000000000011";"612.2";"BCDFEE+BookmanOldStyle";"12.0";"254.124";"306.1";"0.08490035935968641";"0.310437765436132";"0.2093237504083632";"False";"BATANG TUBUH";"PASAL 41"
"15";"Pasal 42";"274.88";"324.704";"137.1300000000001";"149.1300000000001";"612.2";"BCDFEE+BookmanOldStyle";"12.0";"299.79200000000003";"306.1";"0.010303822280300542";"0.4490035935968637";"0.08138516824567137";"False";"BATANG TUBUH";"PASAL 42"
"15";"(1) Pemberian tanda tangan pada Naskah Dinas sebagaimana";"168.85";"533.142";"170.95000000000005";"182.95000000000005";"612.2";"BCDFEE+BookmanOldStyle";"12.0";"350.99600000000004";"306.1";"0.07333551127082655";"0.2758085592943482";"0.5950539039529565";"False";"BATANG TUBUH";"PASAL 42"
"15";"dimaksud dalam Pasal 38 berfungsi sebagai alat";"190.05";"533.0179999999999";"187.95000000000005";"199.95000000000005";"612.2";"BCDFEE+BookmanOldStyle";"12.0";"361.534";"306.1";"0.09054884024828481";"0.310437765436132";"0.5602221496243056";"False";"BATANG TUBUH";"PASAL 42"
"15";"autentikasi dan verifikasi atas identitas penandatangan";"190.05";"533.1739999999999";"204.7500000000001";"216.7500000000001";"612.2";"BCDFEE+BookmanOldStyle";"12.0";"361.61199999999997";"306.1";"0.09067624959163662";"0.310437765436132";"0.5604769683110092";"False";"BATANG TUBUH";"PASAL 42"
"15";"serta keautentikan, keterpercayaan, dan keutuhan";"190.05";"533.4259999999999";"221.7500000000001";"233.7500000000001";"612.2";"BCDFEE+BookmanOldStyle";"12.0";"361.73799999999994";"306.1";"0.09088206468474341";"0.310437765436132";"0.560888598497223";"False";"BATANG TUBUH";"PASAL 42"
"15";"informasi.";"190.05";"249.258";"238.7500000000001";"250.7500000000001";"612.2";"BCDFEE+BookmanOldStyle";"12.0";"219.654";"306.1";"0.14120548840248287";"0.310437765436132";"0.09671349232277032";"False";"BATANG TUBUH";"PASAL 42"
"15";"(2) Tanda tangan sebagaimana dimaksud pada ayat (1) terdiri";"168.85";"532.9259999999999";"255.55000000000007";"267.55000000000007";"612.2";"BCDFEE+BookmanOldStyle";"12.0";"350.888";"306.1";"0.07315909833387774";"0.2758085592943482";"0.5947010780790589";"False";"BATANG TUBUH";"PASAL 42"
"15";"atas:";"190.05";"218.64600000000002";"272.55000000000007";"284.55000000000007";"612.2";"BCDFEE+BookmanOldStyle";"12.0";"204.348";"306.1";"0.16620712185560274";"0.310437765436132";"0.04671022541653055";"False";"BATANG TUBUH";"PASAL 42"
"15";"a. tanda tangan basah; atau";"190.05";"356.46600000000007";"289.3800000000001";"301.3800000000001";"612.2";"BCDFEE+BookmanOldStyle";"12.0";"273.25800000000004";"306.1";"0.05364586736360664";"0.310437765436132";"0.27183273440052275";"False";"BATANG TUBUH";"PASAL 42"
"15";"b. tanda Tangan Elektronik.";"190.05";"354.652";"306.3800000000001";"318.3800000000001";"612.2";"BCDFEE+BookmanOldStyle";"12.0";"272.351";"306.1";"0.05512740934335188";"0.310437765436132";"0.2688696504410323";"False";"BATANG TUBUH";"PASAL 42"
"15";"(3) Pemberian tanda tangan sebagaimana dimaksud pada";"168.85";"532.9380000000001";"323.1700000000001";"335.1700000000001";"612.2";"BCDFEE+BookmanOldStyle";"12.0";"350.89400000000006";"306.1";"0.07316889905259726";"0.2758085592943482";"0.594720679516498";"False";"BATANG TUBUH";"PASAL 42"
"15";"ayat (1) dan ayat (2) dilakukan oleh pejabat yang";"190.05";"533.2719999999999";"340.1700000000001";"352.1700000000001";"612.2";"BCDFEE+BookmanOldStyle";"12.0";"361.66099999999994";"306.1";"0.09075628879451146";"0.310437765436132";"0.5606370467167591";"False";"BATANG TUBUH";"PASAL 42"
"15";"berwenang.";"190.05";"257.646";"356.98";"368.98";"612.2";"BCDFEE+BookmanOldStyle";"12.0";"223.848";"306.1";"0.1343547860176413";"0.310437765436132";"0.11041489709245345";"False";"BATANG TUBUH";"PASAL 42"
"15";"Pasal 43";"274.88";"324.704";"390.7800000000001";"402.7800000000001";"612.2";"BCDFEE+BookmanOldStyle";"12.0";"299.79200000000003";"306.1";"0.010303822280300542";"0.4490035935968637";"0.08138516824567137";"False";"BATANG TUBUH";"PASAL 43"
"15";"(1) Tanda tangan basah digunakan pada Naskah Dinas";"168.85";"533.5740000000001";"424.6";"436.6";"612.2";"BCDFEE+BookmanOldStyle";"12.0";"351.21200000000005";"306.1";"0.07368833714472398";"0.2758085592943482";"0.5957595557007515";"False";"BATANG TUBUH";"PASAL 43"
"15";"dengan media rekam kertas.";"190.05";"357.696";"441.6";"453.6";"612.2";"BCDFEE+BookmanOldStyle";"12.0";"273.87300000000005";"306.1";"0.052641293694870916";"0.310437765436132";"0.2738418817379941";"False";"BATANG TUBUH";"PASAL 43"
"15";"(2) Tanda tangan elektronik digunakan pada Naskah Dinas";"168.85";"533.518";"458.40000000000003";"470.40000000000003";"612.2";"BCDFEE+BookmanOldStyle";"12.0";"351.184";"306.1";"0.07364260045736687";"0.2758085592943482";"0.5956680823260372";"False";"BATANG TUBUH";"PASAL 43"
"15";"dengan media rekam elektronik.";"190.05";"379.98599999999993";"475.40000000000003";"487.40000000000003";"612.2";"BCDFEE+BookmanOldStyle";"12.0";"285.018";"306.1";"0.03443645867363615";"0.310437765436132";"0.31025155178046376";"False";"BATANG TUBUH";"PASAL 43"
"15";"Pasal 44";"274.88";"324.704";"509.2";"521.2";"612.2";"BCDFEE+BookmanOldStyle";"12.0";"299.79200000000003";"306.1";"0.010303822280300542";"0.4490035935968637";"0.08138516824567137";"False";"BATANG TUBUH";"PASAL 44"
"15";"(1) Penulisan nama pejabat yang menandatangani Naskah";"168.85";"533.0459999999999";"543.03";"555.03";"612.2";"BCDFEE+BookmanOldStyle";"12.0";"350.948";"306.1";"0.07325710552107147";"0.2758085592943482";"0.5948970924534464";"False";"BATANG TUBUH";"PASAL 44"
"15";"Dinas pengaturan dan Naskah Dinas penetapan tidak";"190.05";"533.19";"559.8299999999999";"571.8299999999999";"612.2";"BCDFEE+BookmanOldStyle";"12.0";"361.62";"306.1";"0.09068931721659584";"0.310437765436132";"0.5605031035609278";"False";"BATANG TUBUH";"PASAL 44"
"15";"menggunakan gelar.";"190.05";"309.79799999999994";"576.8299999999999";"588.8299999999999";"612.2";"BCDFEE+BookmanOldStyle";"12.0";"249.92399999999998";"306.1";"0.09176086246324737";"0.310437765436132";"0.1956027442012413";"False";"BATANG TUBUH";"PASAL 44"
"15";"(2) Penulisan nama pejabat yang menandatangani Naskah";"168.85";"533.0459999999999";"593.63";"605.63";"612.2";"BCDFEE+BookmanOldStyle";"12.0";"350.948";"306.1";"0.07325710552107147";"0.2758085592943482";"0.5948970924534464";"False";"BATANG TUBUH";"PASAL 44"
"15";"Dinas penugasan, Naskah Dinas korespondensi, dan";"190.05";"533.2119999999999";"610.63";"622.63";"612.2";"BCDFEE+BookmanOldStyle";"12.0";"361.631";"306.1";"0.09070728520091464";"0.310437765436132";"0.5605390395295652";"False";"BATANG TUBUH";"PASAL 44"
"15";"Naskah Dinas khusus menggunakan gelar, kecuali";"190.05";"532.9739999999999";"627.4200000000001";"639.4200000000001";"612.2";"BCDFEE+BookmanOldStyle";"12.0";"361.51199999999994";"306.1";"0.09051290427964703";"0.310437765436132";"0.5601502776870302";"False";"BATANG TUBUH";"PASAL 44"
"15";"piagam, sertifikat, dan surat tanda tamat pendidikan dan";"190.05";"533.0459999999999";"644.45";"656.45";"612.2";"BCDFEE+BookmanOldStyle";"12.0";"361.548";"306.1";"0.09057170859196337";"0.310437765436132";"0.5602678863116627";"False";"BATANG TUBUH";"PASAL 44"
"15";"pelatihan.";"190.05";"249.23400000000004";"661.25";"673.25";"612.2";"BCDFEE+BookmanOldStyle";"12.0";"219.64200000000002";"306.1";"0.14122508983992157";"0.310437765436132";"0.09667428944789289";"False";"BATANG TUBUH";"PASAL 44"
"15";"(3) Penulisan nama penanda tangan untuk pejabat selain";"168.85";"532.794";"678.25";"690.25";"612.2";"BCDFEE+BookmanOldStyle";"12.0";"350.822";"306.1";"0.07305129042796468";"0.2758085592943482";"0.5944854622672329";"False";"BATANG TUBUH";"PASAL 44"
"15";"Bupati, Wakil Bupati, dan Sekretaris Daerah";"190.05";"533.072";"695.05";"707.05";"612.2";"BCDFEE+BookmanOldStyle";"12.0";"361.56100000000004";"306.1";"0.09059294348252206";"0.310437765436132";"0.5603103560927801";"False";"BATANG TUBUH";"PASAL 44"
"15";"menggunakan gelar, nomor induk pegawai dan";"190.05";"533.17";"712.05";"724.05";"612.2";"BCDFEE+BookmanOldStyle";"12.0";"361.61";"306.1";"0.0906729826853969";"0.310437765436132";"0.5604704344985297";"False";"BATANG TUBUH";"PASAL 44"
"15";"pangkat/golongan.";"190.05";"301.782";"728.85";"740.85";"612.2";"BCDFEE+BookmanOldStyle";"12.0";"245.916";"306.1";"0.09830774256778833";"0.310437765436132";"0.18250898399215937";"False";"BATANG TUBUH";"PASAL 44"
"15";"(4) Penulisan nama penanda tangan untuk penjabat, penjabat";"168.85";"533.1419999999998";"745.88";"757.88";"612.2";"BCDFEE+BookmanOldStyle";"12.0";"350.9959999999999";"306.1";"0.07333551127082637";"0.2758085592943482";"0.5950539039529562";"False";"BATANG TUBUH";"PASAL 44"
"15";"sementara, pelaksana tugas, dan pelaksana harian Bupati";"190.05";"533.522";"762.6800000000001";"774.6800000000001";"612.2";"BCDFEE+BookmanOldStyle";"12.0";"361.78600000000006";"306.1";"0.09096047043449858";"0.310437765436132";"0.5610454099967331";"False";"BATANG TUBUH";"PASAL 44"
"15";"tidak menggunakan gelar, nomor induk pegawai, dan";"190.05";"533.1059999999999";"779.6700000000001";"791.6700000000001";"612.2";"BCDFEE+BookmanOldStyle";"12.0";"361.578";"306.1";"0.09062071218556018";"0.310437765436132";"0.5603658934988563";"False";"BATANG TUBUH";"PASAL 44"
"15";"pangkat/golongan.";"190.05";"301.782";"796.6800000000001";"808.6800000000001";"612.2";"BCDFEE+BookmanOldStyle";"12.000000000000014";"245.916";"306.1";"0.09830774256778833";"0.310437765436132";"0.18250898399215937";"False";"BATANG TUBUH";"PASAL 44"
"15";"(5) Penulisan nama penanda tangan untuk penjabat dan";"168.85";"533.4499999999999";"813.47";"825.47";"612.2";"BCDFEE+BookmanOldStyle";"12.0";"351.15";"306.1";"0.07358706305129036";"0.2758085592943482";"0.5955570075138842";"False";"BATANG TUBUH";"PASAL 44"
"15";"pelaksana harian Sekretaris Daerah tidak menggunakan";"190.05";"532.8660000000001";"830.475";"842.475";"612.2";"BCDFEE+BookmanOldStyle";"12.0";"361.4580000000001";"306.1";"0.09042469781117292";"0.310437765436132";"0.5599738647500818";"False";"BATANG TUBUH";"PASAL 44"
"15";"gelar, nomor induk pegawai, dan pangkat/golongan.";"190.05";"498.85800000000006";"847.275";"859.275";"612.2";"BCDFEE+BookmanOldStyle";"12.0";"344.45400000000006";"306.1";"0.0626494609604705";"0.310437765436132";"0.504423391048677";"False";"BATANG TUBUH";"PASAL 44"
"16";"16";"293.1";"307.94";"27.500000000000114";"39.500000000000114";"612.2";"BCDFEE+BookmanOldStyle";"12.0";"300.52";"306.1";"0.009114668409016728";"0.478765109441359";"0.02424044429924857";"False";"BATANG TUBUH";"PASAL 44"
"16";"Pasal 45";"274.88";"324.704";"55.530000000000086";"67.53000000000009";"612.2";"BCDFEE+BookmanOldStyle";"12.0";"299.79200000000003";"306.1";"0.010303822280300542";"0.4490035935968637";"0.08138516824567137";"False";"BATANG TUBUH";"PASAL 45"
"16";"Pemberian Tanda Tangan Elektronik pada Naskah Dinas";"168.85";"533.17";"91.53000000000009";"103.53000000000009";"612.2";"BCDFEE+BookmanOldStyle";"12.0";"351.01";"306.1";"0.073358379614505";"0.2758085592943482";"0.5950996406403135";"False";"BATANG TUBUH";"PASAL 45"
"16";"berlaku ketentuan sebagai berikut:";"168.85";"375.792";"109.53000000000009";"121.53000000000009";"612.2";"BCDFEE+BookmanOldStyle";"12.0";"272.32099999999997";"306.1";"0.05517641293694879";"0.2758085592943482";"0.338030055537406";"False";"BATANG TUBUH";"PASAL 45"
"16";"a. Tanda Tangan Elektronik harus ditandai dalam susunan";"170.45";"532.8100000000001";"127.53000000000009";"139.5300000000001";"612.2";"BCDFEE+BookmanOldStyle";"12.0";"351.63";"306.1";"0.0743711205488402";"0.2784220842861809";"0.5918980725253186";"False";"BATANG TUBUH";"PASAL 45"
"16";"dan bentuk kode quick response;";"186.25";"379.35999999999996";"145.5300000000001";"157.59000000000003";"612.2";"BCDFEE+BookmanOldStyle";"12.0";"282.80499999999995";"306.1";"0.03805129042796483";"0.3042306435805292";"0.315436131983012";"False";"BATANG TUBUH";"PASAL 45"
"16";"b. penulisan nama pejabat yang menandatangani naskah";"170.45";"533.168";"163.7500000000001";"175.7500000000001";"612.2";"BCDFEE+BookmanOldStyle";"12.0";"351.80899999999997";"306.1";"0.07466350865730144";"0.2784220842861809";"0.5924828487422411";"False";"BATANG TUBUH";"PASAL 45"
"16";"dinas sesuai dengan ketentuan dalam Pasal 44;";"186.25";"467.98999999999995";"181.7500000000001";"193.7500000000001";"612.2";"BCDFEE+BookmanOldStyle";"12.0";"327.12";"306.1";"0.034335184580202516";"0.3042306435805292";"0.4602090819993465";"False";"BATANG TUBUH";"PASAL 45"
"16";"c. Naskah Dinas dengan Tanda Tangan Elektronik";"170.45";"532.798";"199.7500000000001";"211.7500000000001";"612.2";"BCDFEE+BookmanOldStyle";"12.0";"351.624";"306.1";"0.07436131983012087";"0.2784220842861809";"0.5918784710878797";"False";"BATANG TUBUH";"PASAL 45"
"16";"didistribusikan kepada pihak yang berhak tanpa harus";"186.25";"533.1980000000001";"217.7500000000001";"229.7500000000001";"612.2";"BCDFEE+BookmanOldStyle";"12.0";"359.72400000000005";"306.1";"0.08759229010127413";"0.3042306435805292";"0.5667232930414898";"False";"BATANG TUBUH";"PASAL 45"
"16";"dicetak;";"186.25";"232.47400000000002";"235.7500000000001";"247.7500000000001";"612.2";"BCDFEE+BookmanOldStyle";"12.0";"209.36200000000002";"306.1";"0.1580169879124469";"0.3042306435805292";"0.07550473701404772";"False";"BATANG TUBUH";"PASAL 45"
"16";"d. pendistribusian sebagaimana dimaksud dalam huruf c";"170.45";"533.21";"253.7500000000001";"265.7500000000001";"612.2";"BCDFEE+BookmanOldStyle";"12.0";"351.83000000000004";"306.1";"0.07469781117281936";"0.2784220842861809";"0.5925514537732768";"False";"BATANG TUBUH";"PASAL 45"
"16";"dapat melalui aplikasi umum bidang kearsipan dinamis,";"186.25";"532.7620000000001";"271.7500000000001";"283.7500000000001";"612.2";"BCDFEE+BookmanOldStyle";"12.0";"359.50600000000003";"306.1";"0.08723619732113688";"0.3042306435805292";"0.5660111074812153";"False";"BATANG TUBUH";"PASAL 45"
"16";"media daring atau media luring; dan";"186.25";"401.794";"289.7800000000001";"301.7800000000001";"612.2";"BCDFEE+BookmanOldStyle";"12.0";"294.022";"306.1";"0.019728846782097402";"0.3042306435805292";"0.3520810192747468";"False";"BATANG TUBUH";"PASAL 45"
"16";"e. menggunakan sertifikat elektronik yang dibuat oleh";"170.45";"532.7019999999999";"307.7800000000001";"319.7800000000001";"612.2";"BCDFEE+BookmanOldStyle";"12.0";"351.5759999999999";"306.1";"0.0742829140803657";"0.2784220842861809";"0.5917216595883696";"False";"BATANG TUBUH";"PASAL 45"
"16";"penyelenggara sertifikasi elektronik Indonesia;";"186.25";"459.78999999999996";"325.7800000000001";"337.7800000000001";"612.2";"BCDFEE+BookmanOldStyle";"12.0";"323.02";"306.1";"0.027638026788631097";"0.3042306435805292";"0.44681476641620377";"False";"BATANG TUBUH";"PASAL 45"
"16";"f. Pembubuhan tanda tangan elektronik merupakan";"170.45";"533.026";"343.7800000000001";"355.7800000000001";"612.2";"BCDFEE+BookmanOldStyle";"12.0";"351.73799999999994";"306.1";"0.07454753348578882";"0.2784220842861809";"0.5922508983992159";"False";"BATANG TUBUH";"PASAL 45"
"16";"tanggungjawab dari pejabat pemilik tanda tangan";"186.25";"533.15";"361.98";"373.98";"612.2";"BCDFEE+BookmanOldStyle";"12.0";"359.7";"306.1";"0.08755308722639654";"0.3042306435805292";"0.5666448872917347";"False";"BATANG TUBUH";"PASAL 45"
"16";"elektronik, tidak diperkenankan mendelegasikan";"186.25";"533.0500000000001";"379.98";"391.98";"612.2";"BCDFEE+BookmanOldStyle";"12.0";"359.65000000000003";"306.1";"0.08747141457040185";"0.3042306435805292";"0.5664815419797452";"False";"BATANG TUBUH";"PASAL 45"
"16";"pembubuhan tanda tangan elektronik.";"186.25";"414.35999999999996";"398.0000000000001";"410.0000000000001";"612.2";"BCDFEE+BookmanOldStyle";"12.0";"300.30499999999995";"306.1";"0.009465860829794302";"0.3042306435805292";"0.37260699117935303";"False";"BATANG TUBUH";"PASAL 45"
"16";"Pasal 46";"274.88";"324.74";"434.0";"446.0";"612.2";"BCDFEE+BookmanOldStyle";"12.0";"299.81";"306.1";"0.01027442012414247";"0.4490035935968637";"0.0814439725579876";"False";"BATANG TUBUH";"PASAL 46"
"16";"(1) Stempel digunakan pada Naskah Dinas dengan media";"168.85";"532.962";"470.0";"482.0";"612.2";"BCDFEE+BookmanOldStyle";"12.0";"350.906";"306.1";"0.0731885004900359";"0.2758085592943482";"0.5947598823913752";"False";"BATANG TUBUH";"PASAL 46"
"16";"rekam kertas.";"190.05";"271.43399999999997";"488.0";"500.0";"612.2";"BCDFEE+BookmanOldStyle";"12.0";"230.742";"306.1";"0.12309376020908204";"0.310437765436132";"0.13293694870957196";"False";"BATANG TUBUH";"PASAL 46"
"16";"(2) Stempel sebagaimana dimaksud pada ayat (1) tidak";"168.85";"532.9500000000002";"506.0";"518.0";"612.2";"BCDFEE+BookmanOldStyle";"12.0";"350.9000000000001";"306.1";"0.07317869977131666";"0.2758085592943482";"0.5947402809539368";"False";"BATANG TUBUH";"PASAL 46"
"16";"digunakan pada Naskah Dinas dengan media rekam";"190.05";"532.818";"524.03";"536.03";"612.2";"BCDFEE+BookmanOldStyle";"12.0";"361.43399999999997";"306.1";"0.09038549493629523";"0.310437765436132";"0.5598954590003266";"False";"BATANG TUBUH";"PASAL 46"
"16";"elektronik.";"190.05";"252.87000000000003";"542.03";"554.03";"612.2";"BCDFEE+BookmanOldStyle";"12.0";"221.46000000000004";"306.1";"0.1382554720679516";"0.310437765436132";"0.10261352499183277";"False";"BATANG TUBUH";"PASAL 46"
"16";"Pasal 47";"274.88";"324.74";"578.23";"590.23";"612.2";"BCDFEE+BookmanOldStyle";"12.0";"299.81";"306.1";"0.01027442012414247";"0.4490035935968637";"0.0814439725579876";"False";"BATANG TUBUH";"PASAL 47"
"16";"Stempel terdiri atas:";"168.85";"288.21399999999994";"614.23";"626.23";"612.2";"BCDFEE+BookmanOldStyle";"12.0";"228.53199999999998";"306.1";"0.126703691604051";"0.2758085592943482";"0.19497549820320148";"False";"BATANG TUBUH";"PASAL 47"
"16";"a. stempel Jabatan Bupati;";"168.85";"327.73999999999995";"632.25";"644.25";"612.2";"BCDFEE+BookmanOldStyle";"12.0";"248.29499999999996";"306.1";"0.0944217575955571";"0.2758085592943482";"0.2595393662201894";"False";"BATANG TUBUH";"PASAL 47"
"16";"b. stempel Perangkat Daerah;";"168.85";"342.18199999999996";"650.25";"662.25";"612.2";"BCDFEE+BookmanOldStyle";"12.0";"255.51599999999996";"306.1";"0.08262659261679199";"0.2758085592943482";"0.2831296961777196";"False";"BATANG TUBUH";"PASAL 47"
"16";"c. stempel unit pelaksana teknis daerah dan/atau badan";"168.85";"533.282";"668.25";"680.25";"612.2";"BCDFEE+BookmanOldStyle";"12.0";"351.06600000000003";"306.1";"0.07344985298921922";"0.2758085592943482";"0.5952825873897419";"False";"BATANG TUBUH";"PASAL 47"
"16";"layanan umum daerah;";"183.05";"321.14";"686.25";"698.25";"612.2";"BCDFEE+BookmanOldStyle";"12.0";"252.095";"306.1";"0.08821463573995429";"0.2990035935968638";"0.2255635413263639";"False";"BATANG TUBUH";"PASAL 47"
"16";"d. stempel pengamanan Naskah Dinas;";"168.85";"398.96999999999997";"704.25";"716.25";"612.2";"BCDFEE+BookmanOldStyle";"12.0";"283.90999999999997";"306.1";"0.03624632473048032";"0.2758085592943482";"0.37589023195034293";"False";"BATANG TUBUH";"PASAL 47"
"16";"e. stempel Ketua Dewan Perwakilan Rakyat Daerah; dan";"168.85";"501.258";"722.25";"734.25";"612.2";"BCDFEE+BookmanOldStyle";"12.0";"335.054";"306.1";"0.047295001633453036";"0.2758085592943482";"0.5429728846782097";"False";"BATANG TUBUH";"PASAL 47"
"16";"f. stempel Kepala Desa.";"168.85";"308.94";"740.25";"752.25";"612.2";"BCDFEE+BookmanOldStyle";"12.0";"238.89499999999998";"306.1";"0.10977621692257437";"0.2758085592943482";"0.22883044756615484";"False";"BATANG TUBUH";"PASAL 47"
"16";"Pasal 48";"274.88";"324.74";"776.48";"788.48";"612.2";"BCDFEE+BookmanOldStyle";"12.0";"299.81";"306.1";"0.01027442012414247";"0.4490035935968637";"0.0814439725579876";"False";"BATANG TUBUH";"PASAL 48"
"16";"Bentuk dan ukuran stempel tercantum dalam Lampiran yang";"168.85";"533.106";"812.48";"824.48";"612.2";"BCDFEE+BookmanOldStyle";"12.0";"350.978";"306.1";"0.07330610911466838";"0.2758085592943482";"0.5949950996406402";"False";"BATANG TUBUH";"PASAL 48"
"16";"merupakan bagian tidak terpisahkan dari Peraturan Bupati";"168.85";"533.1020000000001";"830.475";"842.475";"612.2";"BCDFEE+BookmanOldStyle";"12.0";"350.97600000000006";"306.1";"0.07330284220842867";"0.2758085592943482";"0.5949885658281608";"False";"BATANG TUBUH";"PASAL 48"
"16";"ini.";"168.85";"187.882";"848.475";"860.475";"612.2";"BCDFEE+BookmanOldStyle";"12.0";"178.36599999999999";"306.1";"0.20864750081672662";"0.2758085592943482";"0.03108787977785039";"False";"BATANG TUBUH";"PASAL 48"
"17";"17";"293.1";"307.94";"27.500000000000114";"39.500000000000114";"612.2";"BCDFEE+BookmanOldStyle";"12.0";"300.52";"306.1";"0.009114668409016728";"0.478765109441359";"0.02424044429924857";"False";"BATANG TUBUH";"PASAL 48"
"17";"Bagian Kedua belas";"241.68";"357.932";"55.530000000000086";"67.53000000000009";"612.2";"BCDFEE+BookmanOldStyle";"12.0";"299.80600000000004";"306.1";"0.01028095393662199";"0.3947729500163345";"0.1898921920940869";"False";"BATANG TUBUH";"PASAL 48"
"17";"Amplop dan Map";"249.88";"349.876";"72.33000000000004";"84.33000000000004";"612.2";"BCDFEE+BookmanOldStyle";"12.0";"299.878";"306.1";"0.010163345311989605";"0.40816726559947725";"0.16333877817706627";"False";"BATANG TUBUH";"PASAL 48"
"17";"Pasal 49";"274.88";"324.73999999999995";"106.13000000000011";"118.13000000000011";"612.2";"BCDFEE+BookmanOldStyle";"12.0";"299.80999999999995";"306.1";"0.010274420124142562";"0.4490035935968637";"0.0814439725579875";"False";"BATANG TUBUH";"PASAL 49"
"17";"(1) Amplop Naskah Dinas terdiri atas:";"168.85";"393.162";"140.1300000000001";"152.1300000000001";"612.2";"BCDFEE+BookmanOldStyle";"12.0";"281.006";"306.1";"0.04098987259065673";"0.2758085592943482";"0.36640313622999016";"False";"BATANG TUBUH";"PASAL 49"
"17";"a. Amplop Naskah Dinas Jabatan Kepala Daerah; dan";"190.05";"507.658";"156.92000000000007";"168.92000000000007";"612.2";"BCDFEE+BookmanOldStyle";"12.0";"348.85400000000004";"306.1";"0.06983665468801048";"0.310437765436132";"0.5187977785037569";"False";"BATANG TUBUH";"PASAL 49"
"17";"b. Amplop Naskah Dinas Perangkat Daerah.";"190.05";"448.938";"173.95000000000005";"185.95000000000005";"612.2";"BCDFEE+BookmanOldStyle";"12.0";"319.494";"306.1";"0.021878471087879787";"0.310437765436132";"0.42288141130349555";"False";"BATANG TUBUH";"PASAL 49"
"17";"(2) Bentuk Amplop Naskah Dinas yang digunakan untuk";"168.85";"533.19";"190.7500000000001";"202.7500000000001";"612.2";"BCDFEE+BookmanOldStyle";"12.0";"351.02000000000004";"306.1";"0.07337471414570404";"0.2758085592943482";"0.5951323097027116";"False";"BATANG TUBUH";"PASAL 49"
"17";"pendistribusian Naskah Dinas dengan media rekam kertas";"190.05";"533.0819999999999";"207.7500000000001";"219.7500000000001";"612.2";"BCDFEE+BookmanOldStyle";"12.0";"361.5659999999999";"306.1";"0.09060111074812136";"0.310437765436132";"0.5603266906239789";"False";"BATANG TUBUH";"PASAL 49"
"17";"berbentuk persegi panjang.";"190.05";"351.0059999999999";"224.55000000000007";"236.55000000000007";"612.2";"BCDFEE+BookmanOldStyle";"12.0";"270.52799999999996";"306.1";"0.05810519438092136";"0.310437765436132";"0.2629140803658933";"False";"BATANG TUBUH";"PASAL 49"
"17";"(3) Ukuran amplop yang digunakan untuk pendistribusian";"168.85";"533.034";"241.55000000000007";"253.55000000000007";"612.2";"BCDFEE+BookmanOldStyle";"12.0";"350.942";"306.1";"0.07324730480235214";"0.2758085592943482";"0.5948774910160077";"False";"BATANG TUBUH";"PASAL 49"
"17";"Naskah Dinas dengan media rekam kertas dapat";"190.05";"532.9259999999999";"258.35";"270.35";"612.2";"BCDFEE+BookmanOldStyle";"12.0";"361.48799999999994";"306.1";"0.09047370140476954";"0.310437765436132";"0.5600718719372753";"False";"BATANG TUBUH";"PASAL 49"
"17";"disesuaikan dengan kebutuhan.";"190.05";"380.166";"275.35";"287.35";"612.2";"BCDFEE+BookmanOldStyle";"12.0";"285.108";"306.1";"0.03428944789284551";"0.310437765436132";"0.310545573342045";"False";"BATANG TUBUH";"PASAL 49"
"17";"(4) Amplop Naskah Dinas jabatan sebagaimana dimaksud";"168.85";"532.878";"292.1700000000001";"304.1700000000001";"612.2";"BCDFEE+BookmanOldStyle";"12.0";"350.86400000000003";"306.1";"0.07311989545900034";"0.2758085592943482";"0.5946226723293041";"False";"BATANG TUBUH";"PASAL 49"
"17";"pada ayat (1) huruf a menggunakan kertas warna putih.";"190.05";"521.7900000000001";"309.1700000000001";"321.1700000000001";"612.2";"BCDFEE+BookmanOldStyle";"12.0";"355.9200000000001";"306.1";"0.08137863443319185";"0.310437765436132";"0.5418817379941196";"False";"BATANG TUBUH";"PASAL 49"
"17";"(5) Amplop Naskah Dinas Perangkat Daerah sebagaimana";"168.85";"532.938";"325.98";"337.98";"612.2";"BCDFEE+BookmanOldStyle";"12.0";"350.894";"306.1";"0.07316889905259716";"0.2758085592943482";"0.5947206795164978";"False";"BATANG TUBUH";"PASAL 49"
"17";"dimaksud pada ayat (1) huruf b menggunakan kertas";"190.05";"532.7819999999999";"342.98";"354.98";"612.2";"BCDFEE+BookmanOldStyle";"12.0";"361.41599999999994";"306.1";"0.09035609278013707";"0.310437765436132";"0.5598366546880102";"False";"BATANG TUBUH";"PASAL 49"
"17";"warna coklat.";"190.05";"269.80199999999996";"359.7800000000001";"371.7800000000001";"612.2";"BCDFEE+BookmanOldStyle";"12.0";"229.926";"306.1";"0.12442665795491674";"0.310437765436132";"0.13027115321790256";"False";"BATANG TUBUH";"PASAL 49"
"17";"Pasal 50";"274.88";"324.74";"393.58000000000004";"405.58000000000004";"612.2";"BCDFEE+BookmanOldStyle";"12.0";"299.81";"306.1";"0.01027442012414247";"0.4490035935968637";"0.0814439725579876";"False";"BATANG TUBUH";"PASAL 50"
"17";"(1) Pada amplop Naskah Dinas harus dicantumkan alamat";"168.85";"533.1859999999999";"427.40000000000003";"439.40000000000003";"612.2";"BCDFEE+BookmanOldStyle";"12.0";"351.018";"306.1";"0.07337144723946414";"0.2758085592943482";"0.5951257758902317";"False";"BATANG TUBUH";"PASAL 50"
"17";"pengirim dan alamat tujuan.";"190.05";"359.30999999999995";"444.40000000000003";"456.40000000000003";"612.2";"BCDFEE+BookmanOldStyle";"12.0";"274.67999999999995";"306.1";"0.05132309702711544";"0.310437765436132";"0.27647827507350525";"False";"BATANG TUBUH";"PASAL 50"
"17";"(2) Alamat pengirim sebagaimana dimaksud pada ayat (1)";"168.85";"532.686";"461.2";"473.2";"612.2";"BCDFEE+BookmanOldStyle";"12.0";"350.76800000000003";"306.1";"0.07296308395949037";"0.2758085592943482";"0.5943090493302842";"False";"BATANG TUBUH";"PASAL 50"
"17";"memuat:";"190.05";"242.23800000000003";"478.2";"490.2";"612.2";"BCDFEE+BookmanOldStyle";"12.0";"216.144";"306.1";"0.14693890885331592";"0.310437765436132";"0.08524665142110424";"False";"BATANG TUBUH";"PASAL 50"
"17";"a. lambang negara berwarna kuning emas dan nama";"190.05";"532.9259999999999";"495.0";"507.0";"612.2";"BCDFEE+BookmanOldStyle";"12.0";"361.48799999999994";"306.1";"0.09047370140476954";"0.310437765436132";"0.5600718719372753";"False";"BATANG TUBUH";"PASAL 50"
"17";"jabatan, alamat yang dilengkapi dengan nama";"204.27";"533.178";"512.03";"524.03";"612.2";"BCDFEE+BookmanOldStyle";"12.0";"368.724";"306.1";"0.10229336818033316";"0.3336654688010454";"0.5372557987585757";"False";"BATANG TUBUH";"PASAL 50"
"17";"kabupaten dan nama provinsi, nomor telepon, faksimile,";"204.27";"532.926";"528.8299999999999";"540.8299999999999";"612.2";"BCDFEE+BookmanOldStyle";"12.0";"368.598";"306.1";"0.10208755308722638";"0.3336654688010454";"0.5368441685723621";"False";"BATANG TUBUH";"PASAL 50"
"17";"pos-el, laman, dan kode pos di bagian tengah atas untuk";"204.27";"533.32";"545.8299999999999";"557.8299999999999";"612.2";"BCDFEE+BookmanOldStyle";"12.0";"368.795";"306.1";"0.10240934335184579";"0.3336654688010454";"0.5374877491016009";"False";"BATANG TUBUH";"PASAL 50"
"17";"amplop Naskah Dinas jabatan Bupati.";"204.27";"429.77";"562.63";"574.63";"612.2";"BCDFEE+BookmanOldStyle";"12.0";"317.02";"306.1";"0.017837308069258345";"0.3336654688010454";"0.3683436785364259";"False";"BATANG TUBUH";"PASAL 50"
"17";"b. logo daerah berwarna dan nama pemerintah kabupaten,";"190.05";"533.4200000000001";"579.63";"591.63";"612.2";"BCDFEE+BookmanOldStyle";"12.0";"361.735";"306.1";"0.09087716432538384";"0.310437765436132";"0.5608787977785038";"False";"BATANG TUBUH";"PASAL 50"
"17";"nama Perangkat Daerah yang bersangkutan, alamat";"204.27";"533.0819999999998";"596.4300000000001";"608.4300000000001";"612.2";"BCDFEE+BookmanOldStyle";"12.0";"368.6759999999999";"306.1";"0.102214962430578";"0.3336654688010454";"0.5370989872590652";"False";"BATANG TUBUH";"PASAL 50"
"17";"yang dilengkapi dengan nama kabupaten/kota dan";"204.27";"533.1419999999999";"613.4200000000001";"625.4200000000001";"612.2";"BCDFEE+BookmanOldStyle";"12.0";"368.70599999999996";"306.1";"0.102263966024175";"0.3336654688010454";"0.5371969944462592";"False";"BATANG TUBUH";"PASAL 50"
"17";"nama provinsi, nomor telepon, faksimile, pos-el, laman,";"204.27";"533.138";"630.25";"642.25";"612.2";"BCDFEE+BookmanOldStyle";"12.0";"368.704";"306.1";"0.10226069911793528";"0.3336654688010454";"0.5371904606337798";"False";"BATANG TUBUH";"PASAL 50"
"17";"dan kode pos di bagian tengah atas untuk amplop";"204.27";"533.238";"647.25";"659.25";"612.2";"BCDFEE+BookmanOldStyle";"12.0";"368.754";"306.1";"0.10234237177393007";"0.3336654688010454";"0.5373538059457694";"False";"BATANG TUBUH";"PASAL 50"
"17";"Naskah Dinas Perangkat Daerah.";"204.27";"400.37399999999997";"664.05";"676.05";"612.2";"BCDFEE+BookmanOldStyle";"12.0";"302.322";"306.1";"0.006171185886965076";"0.3336654688010454";"0.320326690623979";"False";"BATANG TUBUH";"PASAL 50"
"17";"(3) Perbandingan huruf pada amplop Naskah Dinas Perangkat";"168.85";"532.986";"681.05";"693.05";"612.2";"BCDFEE+BookmanOldStyle";"12.0";"350.918";"306.1";"0.07320810192747465";"0.2758085592943482";"0.5947990852662528";"False";"BATANG TUBUH";"PASAL 50"
"17";"Daerah antara tulisan nama Pemerintah Daerah dan";"190.05";"532.7699999999999";"698.05";"710.05";"612.2";"BCDFEE+BookmanOldStyle";"12.0";"361.40999999999997";"306.1";"0.09034629206141774";"0.310437765436132";"0.5598170532505714";"False";"BATANG TUBUH";"PASAL 50"
"17";"tulisan nama Perangkat Daerah adalah 3:4 dengan";"190.05";"533.242";"714.85";"726.85";"612.2";"BCDFEE+BookmanOldStyle";"12.0";"361.64599999999996";"306.1";"0.09073178699771306";"0.310437765436132";"0.5605880431231622";"False";"BATANG TUBUH";"PASAL 50"
"17";"menggunakan huruf Arial.";"190.05";"345.94";"731.85";"743.9100000000001";"612.2";"BCDFEE+BookmanOldStyle";"12.0";"267.995";"306.1";"0.06224273113361649";"0.310437765436132";"0.25463900686050306";"False";"BATANG TUBUH";"PASAL 50"
"17";"Pasal 51";"274.88";"324.74";"765.6700000000001";"777.6700000000001";"612.2";"BCDFEE+BookmanOldStyle";"12.0";"299.81";"306.1";"0.01027442012414247";"0.4490035935968637";"0.0814439725579876";"False";"BATANG TUBUH";"PASAL 51"
"17";"(1) Map sebagaimana dimaksud dalam Pasal 21 huruf k terdiri";"168.85";"532.77";"799.48";"811.48";"612.2";"BCDFEE+BookmanOldStyle";"12.000000000000014";"350.81";"306.1";"0.07303168899052594";"0.2758085592943482";"0.5944462593923553";"False";"BATANG TUBUH";"PASAL 51"
"17";"atas:";"190.05";"218.64600000000002";"816.27";"828.27";"612.2";"BCDFEE+BookmanOldStyle";"12.0";"204.348";"306.1";"0.16620712185560274";"0.310437765436132";"0.04671022541653055";"False";"BATANG TUBUH";"PASAL 51"
"17";"a. map Naskah Dinas jabatan; dan";"190.05";"394.458";"833.275";"845.275";"612.2";"BCDFEE+BookmanOldStyle";"12.0";"292.254";"306.1";"0.02261679189807253";"0.310437765436132";"0.333890885331591";"False";"BATANG TUBUH";"PASAL 51"
"17";"b. map Naskah Dinas Perangkat Daerah.";"190.05";"429.94199999999995";"850.075";"862.075";"612.2";"BCDFEE+BookmanOldStyle";"12.0";"309.996";"306.1";"0.006363933355112639";"0.310437765436132";"0.3918523358379613";"False";"BATANG TUBUH";"PASAL 51"
"18";"18";"293.1";"307.94";"27.500000000000114";"39.500000000000114";"612.2";"BCDFEE+BookmanOldStyle";"12.0";"300.52";"306.1";"0.009114668409016728";"0.478765109441359";"0.02424044429924857";"False";"BATANG TUBUH";"PASAL 51"
"18";"(2) Ukuran, bentuk, dan warna map naskah dinas dapat";"168.85";"532.8779999999999";"55.530000000000086";"67.53000000000009";"612.2";"BCDFEE+BookmanOldStyle";"12.0";"350.864";"306.1";"0.07311989545900024";"0.2758085592943482";"0.594622672329304";"False";"BATANG TUBUH";"PASAL 51"
"18";"disesuaikan dengan kebutuhan sesuai dengan";"190.05";"533.154";"73.13000000000011";"85.13000000000011";"612.2";"BCDFEE+BookmanOldStyle";"12.0";"361.602";"306.1";"0.09065991506043768";"0.310437765436132";"0.5604442992486115";"False";"BATANG TUBUH";"PASAL 51"
"18";"kepentingan tiap Perangkat Daerah.";"190.05";"403.16999999999996";"90.73000000000002";"102.73000000000002";"612.2";"BCDFEE+BookmanOldStyle";"12.0";"296.61";"306.1";"0.01550147010780792";"0.310437765436132";"0.3481215289121201";"False";"BATANG TUBUH";"PASAL 51"
"18";"Pasal 52";"274.88";"324.74";"125.92000000000007";"137.92000000000007";"612.2";"BCDFEE+BookmanOldStyle";"12.0";"299.81";"306.1";"0.01027442012414247";"0.4490035935968637";"0.0814439725579876";"False";"BATANG TUBUH";"PASAL 52"
"18";"(1) Map Naskah Dinas jabatan sebagaimana dimaksud dalam";"168.85";"533.106";"161.1300000000001";"173.1300000000001";"612.2";"BCDFEE+BookmanOldStyle";"12.0";"350.978";"306.1";"0.07330610911466838";"0.2758085592943482";"0.5949950996406402";"False";"BATANG TUBUH";"PASAL 52"
"18";"Pasal 51 ayat (1) huruf a terdiri atas:";"190.05";"407.4199999999999";"178.7500000000001";"190.7500000000001";"612.2";"BCDFEE+BookmanOldStyle";"12.0";"298.73499999999996";"306.1";"0.012030382228030162";"0.310437765436132";"0.3550637046716757";"False";"BATANG TUBUH";"PASAL 51"
"18";"a. map Naskah Dinas Kepala Daerah; dan";"190.05";"436.83799999999997";"196.35000000000002";"208.35000000000002";"612.2";"BCDFEE+BookmanOldStyle";"12.0";"313.44399999999996";"306.1";"0.011996079712512148";"0.310437765436132";"0.4031166285527604";"False";"BATANG TUBUH";"PASAL 51"
"18";"b. map Naskah Dinas Kepala Perangkat Daerah.";"190.05";"473.844";"213.95000000000005";"225.95000000000005";"612.2";"BCDFEE+BookmanOldStyle";"12.0";"331.947";"306.1";"0.04221986278993789";"0.310437765436132";"0.46356419470761184";"False";"BATANG TUBUH";"PASAL 51"
"18";"(2) Map Naskah Dinas Kepala Daerah sebagaimana dimaksud";"168.85";"533.0740000000001";"231.55000000000007";"243.55000000000007";"612.2";"BCDFEE+BookmanOldStyle";"12.0";"350.96200000000005";"306.1";"0.07327997386475012";"0.2758085592943482";"0.5949428291408037";"False";"BATANG TUBUH";"PASAL 51"
"18";"pada ayat (1) huruf a memuat lambang negara berwarna";"190.05";"532.8179999999999";"249.1500000000001";"261.1500000000001";"612.2";"BCDFEE+BookmanOldStyle";"12.0";"361.43399999999997";"306.1";"0.09038549493629523";"0.310437765436132";"0.5598954590003264";"False";"BATANG TUBUH";"PASAL 51"
"18";"kuning emas dan tulisan Kepala Daerah menggunakan";"190.05";"533.202";"266.7500000000001";"278.7500000000001";"612.2";"BCDFEE+BookmanOldStyle";"12.0";"361.626";"306.1";"0.09069911793531517";"0.310437765436132";"0.5605227049983665";"False";"BATANG TUBUH";"PASAL 51"
"18";"huruf Arial dengan ukuran disesuaikan dan ditempatkan";"190.05";"533.4259999999999";"284.3800000000001";"296.3800000000001";"612.2";"BCDFEE+BookmanOldStyle";"12.0";"361.73799999999994";"306.1";"0.09088206468474341";"0.310437765436132";"0.560888598497223";"False";"BATANG TUBUH";"PASAL 51"
"18";"pada bagian tengah atas secara simetris.";"190.05";"430.7100000000001";"301.98";"313.98";"612.2";"BCDFEE+BookmanOldStyle";"12.0";"310.38000000000005";"306.1";"0.006991179353152612";"0.310437765436132";"0.3931068278340413";"False";"BATANG TUBUH";"PASAL 51"
"18";"(3) Bentuk dan susunan map Naskah Dinas Kepala Daerah";"168.85";"533.43";"319.58000000000004";"331.58000000000004";"612.2";"BCDFEE+BookmanOldStyle";"12.0";"351.14";"306.1";"0.0735707285200914";"0.2758085592943482";"0.5955243384514863";"False";"BATANG TUBUH";"PASAL 51"
"18";"sebagaimana dimaksud pada ayat (1) huruf a dan map";"190.05";"533.1299999999999";"337.3800000000001";"349.3800000000001";"612.2";"BCDFEE+BookmanOldStyle";"12.0";"361.5899999999999";"306.1";"0.09064031362299885";"0.310437765436132";"0.5604050963737338";"False";"BATANG TUBUH";"PASAL 51"
"18";"Naskah Dinas Kepala Perangkat Daerah sebagaimana";"190.05";"533.076";"354.98";"366.98";"612.2";"BCDFEE+BookmanOldStyle";"12.0";"361.563";"306.1";"0.09059621038876178";"0.310437765436132";"0.5603168899052597";"False";"BATANG TUBUH";"PASAL 51"
"18";"dimaksud pada ayat (1) huruf b tercantum dalam lampiran";"190.05";"532.8539999999999";"372.58000000000004";"384.58000000000004";"612.2";"BCDFEE+BookmanOldStyle";"12.0";"361.452";"306.1";"0.0904148970924534";"0.310437765436132";"0.5599542633126428";"False";"BATANG TUBUH";"PASAL 51"
"18";"yang merupakan bagian tidak terpisahkan dari Peraturan";"190.05";"532.7699999999999";"390.1700000000001";"402.1700000000001";"612.2";"BCDFEE+BookmanOldStyle";"12.0";"361.40999999999997";"306.1";"0.09034629206141774";"0.310437765436132";"0.5598170532505714";"False";"BATANG TUBUH";"PASAL 51"
"18";"Bupati ini.";"190.05";"252.512";"407.80000000000007";"419.80000000000007";"612.2";"BCDFEE+BookmanOldStyle";"12.0";"221.281";"306.1";"0.13854786017641296";"0.310437765436132";"0.10202874877491014";"False";"BATANG TUBUH";"PASAL 51"
"18";"Bagian Ketiga belas";"242.28";"357.53200000000004";"443.0";"455.0";"612.2";"BCDFEE+BookmanOldStyle";"12.0";"299.906";"306.1";"0.0101176086246325";"0.39575302188827177";"0.1882587389741915";"False";"BATANG TUBUH";"PASAL 51"
"18";"Naskah Dinas Bahasa Asing";"216.68";"383.24";"460.6";"472.6";"612.2";"BCDFEE+BookmanOldStyle";"12.0";"299.96000000000004";"306.1";"0.010029402156158095";"0.35393662201894804";"0.27206795164978764";"False";"BATANG TUBUH";"PASAL 51"
"18";"Pasal 53";"274.88";"324.74";"495.8";"507.8";"612.2";"BCDFEE+BookmanOldStyle";"12.0";"299.81";"306.1";"0.01027442012414247";"0.4490035935968637";"0.0814439725579876";"False";"BATANG TUBUH";"PASAL 53"
"18";"(1) Naskah Dinas dapat disusun dalam bahasa asing dengan";"168.85";"533.4499999999999";"531.03";"543.03";"612.2";"BCDFEE+BookmanOldStyle";"12.0";"351.15";"306.1";"0.07358706305129036";"0.2758085592943482";"0.5955570075138842";"False";"BATANG TUBUH";"PASAL 53"
"18";"mengacu pada format Naskah Dinas sebagaimana diatur";"190.05";"532.8059999999999";"548.63";"560.63";"612.2";"BCDFEE+BookmanOldStyle";"12.0";"361.428";"306.1";"0.09037569421757591";"0.310437765436132";"0.5598758575628877";"False";"BATANG TUBUH";"PASAL 53"
"18";"dalam Peraturan Bupati ini.";"190.05";"355.132";"566.23";"578.23";"612.2";"BCDFEE+BookmanOldStyle";"12.0";"272.591";"306.1";"0.05473538059457696";"0.310437765436132";"0.2696537079385821";"False";"BATANG TUBUH";"PASAL 53"
"18";"(2) Penyebutan nama daerah tidak diterjemahkan ke dalam";"168.85";"532.9979999999999";"583.8299999999999";"595.8299999999999";"612.2";"BCDFEE+BookmanOldStyle";"12.0";"350.924";"306.1";"0.07321790264619397";"0.2758085592943482";"0.5948186867036914";"False";"BATANG TUBUH";"PASAL 53"
"18";"bahasa asing.";"190.05";"271.42199999999997";"601.4200000000001";"613.4200000000001";"612.2";"BCDFEE+BookmanOldStyle";"12.0";"230.736";"306.1";"0.12310356092780142";"0.310437765436132";"0.13291734727213322";"False";"BATANG TUBUH";"PASAL 53"
"18";"BAB IV";"278.9";"320.876";"636.6500000000001";"648.6500000000001";"612.2";"BCDFEE+BookmanOldStyle";"12.0";"299.888";"306.1";"0.010147010780790666";"0.45557007513884346";"0.06856582816073178";"True";"BATANG TUBUH";"BAB IV"
"18";"PENGAMANAN NASKAH DINAS";"207.08";"392.276";"654.25";"666.25";"612.2";"BCDFEE+BookmanOldStyle";"12.0";"299.678";"306.1";"0.01049003593596868";"0.33825547206795165";"0.3025089839921594";"True";"BATANG TUBUH";"BAB IV"
"18";"Pasal 54";"274.88";"324.74";"689.45";"701.45";"612.2";"BCDFEE+BookmanOldStyle";"12.0";"299.81";"306.1";"0.01027442012414247";"0.4490035935968637";"0.0814439725579876";"False";"BATANG TUBUH";"PASAL 54"
"18";"Pengamanan Naskah Dinas paling sedikit memuat:";"168.85";"470.0979999999999";"724.65";"736.65";"612.2";"BCDFEE+BookmanOldStyle";"12.0";"319.47399999999993";"306.1";"0.02184580202548172";"0.2758085592943482";"0.49207448546226706";"False";"BATANG TUBUH";"PASAL 54"
"18";"a. penentuan kategori klasifikasi keamanan dan akses Naskah";"168.85";"533.4219999999999";"742.25";"754.25";"612.2";"BCDFEE+BookmanOldStyle";"12.0";"351.13599999999997";"306.1";"0.0735641947076118";"0.2758085592943482";"0.5955112708265271";"False";"BATANG TUBUH";"PASAL 54"
"18";"Dinas;";"183.05";"221.27";"759.88";"771.88";"612.2";"BCDFEE+BookmanOldStyle";"12.0";"202.16000000000003";"306.1";"0.16978111728193399";"0.2990035935968638";"0.06243057824240444";"False";"BATANG TUBUH";"PASAL 54"
"18";"b. perlakuan terhadap Naskah Dinas berdasarkan klasifikasi";"168.85";"533.006";"777.47";"789.47";"612.2";"BCDFEE+BookmanOldStyle";"12.0";"350.928";"306.1";"0.07322443645867359";"0.2758085592943482";"0.5948317543286507";"False";"BATANG TUBUH";"PASAL 54"
"18";"keamanan dan akses yang meliputi:";"183.05";"395.56999999999994";"795.08";"807.08";"612.2";"BCDFEE+BookmanOldStyle";"12.0";"289.30999999999995";"306.1";"0.02742567788304488";"0.2990035935968638";"0.3471414570401828";"False";"BATANG TUBUH";"PASAL 54"
"18";"1) pemberian kode derajat klasifikasi keamanan dan akses;";"183.05";"532.8280000000001";"812.88";"824.88";"612.2";"BCDFEE+BookmanOldStyle";"12.0";"357.9390000000001";"306.1";"0.08467657628226079";"0.2990035935968638";"0.571345965370794";"False";"BATANG TUBUH";"PASAL 54"
"18";"dan";"197.08";"219.388";"830.475";"842.475";"612.2";"BCDFEE+BookmanOldStyle";"12.0";"208.234";"306.1";"0.159859523031689";"0.32192094086899703";"0.03643907219862789";"False";"BATANG TUBUH";"PASAL 54"
"18";"2) pemberian nomor seri pengaman atau security printing.";"183.05";"523.22";"848.075";"860.135";"612.2";"BCDFEE+BookmanOldStyle";"12.0";"353.135";"306.1";"0.07682946749428286";"0.2990035935968638";"0.5556517477948383";"False";"BATANG TUBUH";"PASAL 54"
"19";"19";"293.1";"307.94";"27.500000000000114";"39.500000000000114";"612.2";"BCDFEE+BookmanOldStyle";"12.0";"300.52";"306.1";"0.009114668409016728";"0.478765109441359";"0.02424044429924857";"False";"BATANG TUBUH";"PASAL 54"
"19";"Pasal 55";"274.88";"324.74";"55.530000000000086";"67.53000000000009";"612.2";"BCDFEE+BookmanOldStyle";"12.0";"299.81";"306.1";"0.01027442012414247";"0.4490035935968637";"0.0814439725579876";"False";"BATANG TUBUH";"PASAL 55"
"19";"Dalam rangka pengamanan Naskah Dinas pada media rekam";"168.85";"532.9059999999998";"92.53000000000009";"104.53000000000009";"612.2";"BCDFEE+BookmanOldStyle";"12.0";"350.87799999999993";"306.1";"0.0731427638026787";"0.2758085592943482";"0.5946684090166608";"False";"BATANG TUBUH";"PASAL 55"
"19";"elektronik, aplikasi umum bidang kearsipan dinamis memuat";"168.85";"532.978";"111.92000000000007";"123.92000000000007";"612.2";"BCDFEE+BookmanOldStyle";"12.0";"350.914";"306.1";"0.07320156811499504";"0.2758085592943482";"0.5947860176412936";"False";"BATANG TUBUH";"PASAL 55"
"19";"fitur pengamanan Naskah Dinas.";"168.85";"364.3419999999999";"131.33000000000004";"143.33000000000004";"612.2";"BCDFEE+BookmanOldStyle";"12.0";"266.59599999999995";"306.1";"0.06452793204835033";"0.2758085592943482";"0.31932701731460295";"False";"BATANG TUBUH";"PASAL 55"
"19";"Pasal 56";"274.88";"324.74";"170.35000000000002";"182.35000000000002";"612.2";"BCDFEE+BookmanOldStyle";"12.0";"299.81";"306.1";"0.01027442012414247";"0.4490035935968637";"0.0814439725579876";"False";"BATANG TUBUH";"PASAL 56"
"19";"Kategori klasifikasi keamanan untuk Naskah Dinas terdiri";"168.85";"532.93";"209.1500000000001";"221.1500000000001";"612.2";"BCDFEE+BookmanOldStyle";"12.0";"350.89";"306.1";"0.07316236524011754";"0.2758085592943482";"0.5947076118915385";"False";"BATANG TUBUH";"PASAL 56"
"19";"atas:";"168.85";"197.446";"228.55000000000007";"240.55000000000007";"612.2";"BCDFEE+BookmanOldStyle";"12.0";"183.148";"306.1";"0.20083632799738652";"0.2758085592943482";"0.04671022541653055";"False";"BATANG TUBUH";"PASAL 56"
"19";"a. sangat rahasia;";"168.85";"273.782";"247.95000000000005";"259.95000000000005";"612.2";"BCDFEE+BookmanOldStyle";"12.0";"221.31599999999997";"306.1";"0.13849068931721667";"0.2758085592943482";"0.17140150277687027";"False";"BATANG TUBUH";"PASAL 56"
"19";"b. rahasia;";"168.85";"230.83400000000003";"267.35";"279.35";"612.2";"BCDFEE+BookmanOldStyle";"12.0";"199.842";"306.1";"0.1735674616138517";"0.2758085592943482";"0.10124795818360019";"False";"BATANG TUBUH";"PASAL 56"
"19";"c. terbatas; dan";"168.85";"261.11";"286.7700000000001";"298.7700000000001";"612.2";"BCDFEE+BookmanOldStyle";"12.0";"214.98000000000002";"306.1";"0.14884024828487422";"0.2758085592943482";"0.15070238484155507";"False";"BATANG TUBUH";"PASAL 56"
"19";"d. biasa/terbuka.";"168.85";"271.226";"306.3800000000001";"318.3800000000001";"612.2";"BCDFEE+BookmanOldStyle";"12.0";"220.038";"306.1";"0.140578242404443";"0.2758085592943482";"0.1672263966024175";"False";"BATANG TUBUH";"PASAL 56"
"19";"Pasal 57";"274.88";"324.74";"345.1700000000001";"357.1700000000001";"612.2";"BCDFEE+BookmanOldStyle";"12.0";"299.81";"306.1";"0.01027442012414247";"0.4490035935968637";"0.0814439725579876";"False";"BATANG TUBUH";"PASAL 57"
"19";"Penentuan tingkat klasifikasi keamanan sebagaimana";"168.85";"533.11";"383.98";"395.98";"612.2";"BCDFEE+BookmanOldStyle";"12.0";"350.98";"306.1";"0.07330937602090819";"0.2758085592943482";"0.5950016334531198";"False";"BATANG TUBUH";"PASAL 57"
"19";"dimaksud dalam Pasal 56 disesuaikan dengan kepentingan";"168.85";"533.3199999999999";"403.4000000000001";"415.4000000000001";"612.2";"BCDFEE+BookmanOldStyle";"12.0";"351.085";"306.1";"0.07348088859849715";"0.2758085592943482";"0.5953446586082978";"False";"BATANG TUBUH";"PASAL 57"
"19";"dan substansi Naskah Dinas";"168.85";"338.7819999999999";"422.80000000000007";"434.8";"612.2";"BCDFEE+BookmanOldStyle";"11.999999999999943";"253.81599999999997";"306.1";"0.08540346292061425";"0.2758085592943482";"0.27757595557007503";"False";"BATANG TUBUH";"PASAL 57"
"19";"Pasal 58";"274.88";"324.74";"461.8";"473.8";"612.2";"BCDFEE+BookmanOldStyle";"12.0";"299.81";"306.1";"0.01027442012414247";"0.4490035935968637";"0.0814439725579876";"False";"BATANG TUBUH";"PASAL 58"
"19";"(1) Hak akses terhadap Naskah Dinas yang berklasifikasi";"168.85";"533.0219999999999";"500.6";"512.6";"612.2";"BCDFEE+BookmanOldStyle";"12.0";"350.936";"306.1";"0.07323750408363272";"0.2758085592943482";"0.5948578895785689";"False";"BATANG TUBUH";"PASAL 58"
"19";"sangat rahasia, rahasia, dan terbatas hanya diberikan";"190.05";"532.972";"520.03";"532.03";"612.2";"BCDFEE+BookmanOldStyle";"12.0";"361.51099999999997";"306.1";"0.09051127082652718";"0.310437765436132";"0.5601470107807905";"False";"BATANG TUBUH";"PASAL 58"
"19";"kepada pihak yang berwenang.";"190.05";"372.77399999999994";"539.4200000000001";"551.4200000000001";"612.2";"BCDFEE+BookmanOldStyle";"12.0";"281.412";"306.1";"0.040326690623979165";"0.310437765436132";"0.2984710878797777";"False";"BATANG TUBUH";"PASAL 58"
"19";"(2) Hak akses terhadap Naskah Dinas yang berklasifikasi";"168.85";"533.0219999999999";"558.8299999999999";"570.8299999999999";"612.2";"BCDFEE+BookmanOldStyle";"12.0";"350.936";"306.1";"0.07323750408363272";"0.2758085592943482";"0.5948578895785689";"False";"BATANG TUBUH";"PASAL 58"
"19";"biasa/terbuka diberikan kepada pihak terkait.";"190.05";"463.914";"578.23";"590.23";"612.2";"BCDFEE+BookmanOldStyle";"12.0";"326.98199999999997";"306.1";"0.03410976804965689";"0.310437765436132";"0.4473440052270499";"False";"BATANG TUBUH";"PASAL 58"
"19";"(3) Pihak yang berwenang sebagaimana dimaksud pada ayat";"168.85";"532.9019999999998";"597.8299999999999";"609.8299999999999";"612.2";"BCDFEE+BookmanOldStyle";"12.0";"350.8759999999999";"306.1";"0.0731394968964389";"0.2758085592943482";"0.5946618752041812";"False";"BATANG TUBUH";"PASAL 58"
"19";"(1) adalah penerima surat dan tembusan, sedangkan pihak";"190.05";"533.504";"617.23";"629.23";"612.2";"BCDFEE+BookmanOldStyle";"12.0";"361.77700000000004";"306.1";"0.0909457693564195";"0.310437765436132";"0.5610160078405749";"False";"BATANG TUBUH";"PASAL 58"
"19";"terkait sebagaimana dimaksud pada ayat (2) adalah";"190.05";"532.8059999999999";"636.6500000000001";"648.6500000000001";"612.2";"BCDFEE+BookmanOldStyle";"12.0";"361.428";"306.1";"0.09037569421757591";"0.310437765436132";"0.5598758575628877";"False";"BATANG TUBUH";"PASAL 58"
"19";"seluruh pihak yang membutuhkan informasi dari naskah";"190.05";"532.8659999999999";"656.05";"668.05";"612.2";"BCDFEE+BookmanOldStyle";"12.0";"361.45799999999997";"306.1";"0.09042469781117272";"0.310437765436132";"0.5599738647500814";"False";"BATANG TUBUH";"PASAL 58"
"19";"dinas dimaksud.";"190.05";"288.258";"675.45";"687.45";"612.2";"BCDFEE+BookmanOldStyle";"11.999999999999972";"239.154";"306.1";"0.10935315256452144";"0.310437765436132";"0.1604181639986932";"False";"BATANG TUBUH";"PASAL 58"
"19";"Pasal 59";"274.88";"324.73999999999995";"714.25";"726.25";"612.2";"BCDFEE+BookmanOldStyle";"12.0";"299.80999999999995";"306.1";"0.010274420124142562";"0.4490035935968637";"0.0814439725579875";"False";"BATANG TUBUH";"PASAL 59"
"19";"(1) Naskah Dinas dengan media rekam kertas diberikan kode";"168.85";"532.9860000000001";"753.27";"765.27";"612.2";"BCDFEE+BookmanOldStyle";"12.0";"350.91800000000006";"306.1";"0.07320810192747475";"0.2758085592943482";"0.5947990852662529";"False";"BATANG TUBUH";"PASAL 59"
"19";"derajat pengamanan pada amplop dengan posisi pada";"190.05";"532.962";"772.6700000000001";"784.6700000000001";"612.2";"BCDFEE+BookmanOldStyle";"12.0";"361.506";"306.1";"0.09050310356092771";"0.310437765436132";"0.5601306762495916";"False";"BATANG TUBUH";"PASAL 59"
"19";"sebelah kiri atas Naskah Dinas.";"190.05";"377.18199999999996";"792.08";"804.08";"612.2";"BCDFEE+BookmanOldStyle";"12.0";"283.616";"306.1";"0.03672655994772956";"0.310437765436132";"0.3056713492322769";"False";"BATANG TUBUH";"PASAL 59"
"19";"(2) Dalam hal Naskah Dinas yang memiliki klasifikasi";"168.85";"532.842";"811.47";"823.47";"612.2";"BCDFEE+BookmanOldStyle";"12.0";"350.846";"306.1";"0.07309049330284217";"0.2758085592943482";"0.5945638680169878";"False";"BATANG TUBUH";"PASAL 59"
"19";"keamanan sangat rahasia dan rahasia, menggunakan";"190.05";"532.782";"830.875";"842.875";"612.2";"BCDFEE+BookmanOldStyle";"12.0";"361.41600000000005";"306.1";"0.09035609278013726";"0.310437765436132";"0.5598366546880105";"False";"BATANG TUBUH";"PASAL 59"
"19";"amplop rangkap dua.";"190.05";"315.80999999999995";"850.275";"862.275";"612.2";"BCDFEE+BookmanOldStyle";"12.0";"252.92999999999998";"306.1";"0.08685070238484162";"0.310437765436132";"0.2054230643580528";"False";"BATANG TUBUH";"PASAL 59"
"20";"20";"293.1";"307.94";"27.500000000000114";"39.500000000000114";"612.2";"BCDFEE+BookmanOldStyle";"12.0";"300.52";"306.1";"0.009114668409016728";"0.478765109441359";"0.02424044429924857";"False";"BATANG TUBUH";"PASAL 59"
"20";"Pasal 60";"274.88";"324.74";"55.530000000000086";"67.53000000000009";"612.2";"BCDFEE+BookmanOldStyle";"12.0";"299.81";"306.1";"0.01027442012414247";"0.4490035935968637";"0.0814439725579876";"False";"BATANG TUBUH";"PASAL 60"
"20";"Naskah Dinas dengan media rekam elektronik yang memiliki";"168.85";"532.9660000000001";"94.33000000000004";"106.33000000000004";"612.2";"BCDFEE+BookmanOldStyle";"12.0";"350.9080000000001";"306.1";"0.07319176739627581";"0.2758085592943482";"0.5947664162038551";"False";"BATANG TUBUH";"PASAL 60"
"20";"klasifikasi keamanan sangat rahasia, rahasia, dan terbatas";"168.85";"533.404";"113.73000000000002";"125.73000000000002";"612.2";"BCDFEE+BookmanOldStyle";"12.0";"351.127";"306.1";"0.07354949362953281";"0.2758085592943482";"0.5954818686703691";"False";"BATANG TUBUH";"PASAL 60"
"20";"dapat menggunakan sandi tertentu sesuai dengan";"168.85";"532.87";"133.1300000000001";"145.1300000000001";"612.2";"BCDFEE+BookmanOldStyle";"12.0";"350.86";"306.1";"0.07311336164652073";"0.2758085592943482";"0.5946096047043449";"False";"BATANG TUBUH";"PASAL 60"
"20";"perkembangan teknologi.";"168.85";"317.39799999999997";"152.73000000000002";"164.73000000000002";"612.2";"BCDFEE+BookmanOldStyle";"12.0";"243.12399999999997";"306.1";"0.1028683436785365";"0.2758085592943482";"0.24264619405423057";"False";"BATANG TUBUH";"PASAL 60"
"20";"Pasal 61";"274.88";"324.74";"191.55000000000007";"203.55000000000007";"612.2";"BCDFEE+BookmanOldStyle";"12.0";"299.81";"306.1";"0.01027442012414247";"0.4490035935968637";"0.0814439725579876";"False";"BATANG TUBUH";"PASAL 61"
"20";"Kode derajat klasifikasi keamanan dan akses diberikan";"168.85";"532.918";"230.35000000000002";"242.35000000000002";"612.2";"BCDFEE+BookmanOldStyle";"12.0";"350.884";"306.1";"0.07315256452139822";"0.2758085592943482";"0.5946880104540999";"False";"BATANG TUBUH";"PASAL 61"
"20";"dengan ketentuan sebagai berikut:";"168.85";"373.76199999999994";"249.7500000000001";"261.7500000000001";"612.2";"BCDFEE+BookmanOldStyle";"12.0";"271.306";"306.1";"0.05683436785364266";"0.2758085592943482";"0.3347141457040182";"False";"BATANG TUBUH";"PASAL 61"
"20";"a. Naskah Dinas sangat rahasia diberikan kode ‘SR’ dengan";"168.85";"533.0659999999999";"269.1500000000001";"281.1500000000001";"612.2";"BCDFEE+BookmanOldStyle";"12.0";"350.95799999999997";"306.1";"0.0732734400522704";"0.2758085592943482";"0.5949297615158443";"False";"BATANG TUBUH";"PASAL 61"
"20";"menggunakan tinta warna merah;";"183.05";"383.882";"288.7800000000001";"300.7800000000001";"612.2";"BCDFEE+BookmanOldStyle";"12.0";"283.466";"306.1";"0.03697157791571384";"0.2990035935968638";"0.3280496569748448";"False";"BATANG TUBUH";"PASAL 61"
"20";"b. Naskah Dinas rahasia diberikan kode ‘R’ dengan";"168.85";"533.43";"308.1700000000001";"320.1700000000001";"612.2";"BCDFEE+BookmanOldStyle";"12.0";"351.14";"306.1";"0.0735707285200914";"0.2758085592943482";"0.5955243384514863";"False";"BATANG TUBUH";"PASAL 61"
"20";"menggunakan tinta warna merah;";"183.05";"384.11199999999997";"327.58000000000004";"339.58000000000004";"612.2";"BCDFEE+BookmanOldStyle";"12.0";"283.581";"306.1";"0.036783730806925846";"0.2990035935968638";"0.32842535119242067";"False";"BATANG TUBUH";"PASAL 61"
"20";"c. Naskah Dinas terbatas diberikan kode ‘T’ dengan";"168.85";"533.4499999999999";"346.98";"358.98";"612.2";"BCDFEE+BookmanOldStyle";"12.0";"351.15";"306.1";"0.07358706305129036";"0.2758085592943482";"0.5955570075138842";"False";"BATANG TUBUH";"PASAL 61"
"20";"menggunakan tinta hitam; dan";"183.05";"366.408";"366.3800000000001";"378.3800000000001";"612.2";"BCDFEE+BookmanOldStyle";"12.0";"274.72900000000004";"306.1";"0.05124305782424041";"0.2990035935968638";"0.29950669715779155";"False";"BATANG TUBUH";"PASAL 61"
"20";"d. Naskah Dinas biasa diberikan kode ‘B’ dengan";"168.85";"533.4499999999999";"385.7700000000001";"397.7700000000001";"612.2";"BCDFEE+BookmanOldStyle";"12.0";"351.15";"306.1";"0.07358706305129036";"0.2758085592943482";"0.5955570075138842";"False";"BATANG TUBUH";"PASAL 61"
"20";"menggunakan tinta hitam.";"183.05";"340.316";"405.20000000000005";"417.20000000000005";"612.2";"BCDFEE+BookmanOldStyle";"12.0";"261.683";"306.1";"0.07255308722639664";"0.2990035935968638";"0.2568866383534792";"False";"BATANG TUBUH";"PASAL 61"
"20";"Pasal 62";"274.88";"324.74";"444.2";"456.2";"612.2";"BCDFEE+BookmanOldStyle";"12.0";"299.81";"306.1";"0.01027442012414247";"0.4490035935968637";"0.0814439725579876";"False";"BATANG TUBUH";"PASAL 62"
"20";"Pemberian nomor seri pengaman pada Naskah Dinas atau";"168.85";"533.1339999999999";"483.0";"495.0";"612.2";"BCDFEE+BookmanOldStyle";"12.0";"350.99199999999996";"306.1";"0.07332897745834684";"0.2758085592943482";"0.5950408363279971";"False";"BATANG TUBUH";"PASAL 62"
"20";"security printing sebagaimana dimaksud dalam Pasal 54";"168.85";"533.4100000000001";"502.40000000000003";"514.46";"612.2";"BCDGEE+BookmanOldStyle-Italic";"12.0";"351.13000000000005";"306.1";"0.07355439398889256";"0.2758085592943482";"0.5954916693890886";"False";"BATANG TUBUH";"PASAL 62"
"20";"huruf b angka 2 memiliki tujuan untuk menjamin";"168.85";"533.2239999999999";"521.8299999999999";"533.8299999999999";"612.2";"BCDFEE+BookmanOldStyle";"12.0";"351.037";"306.1";"0.07340248284874216";"0.2758085592943482";"0.5951878471087878";"False";"BATANG TUBUH";"PASAL 62"
"20";"keautentikan dan keterpercayaan informasi pada Naskah";"168.85";"532.8699999999999";"541.23";"553.23";"612.2";"BCDFEE+BookmanOldStyle";"12.0";"350.85999999999996";"306.1";"0.07311336164652063";"0.2758085592943482";"0.5946096047043448";"False";"BATANG TUBUH";"PASAL 62"
"20";"Dinas.";"168.85";"207.07";"560.63";"572.63";"612.2";"BCDFEE+BookmanOldStyle";"12.0";"187.95999999999998";"306.1";"0.19297615158444958";"0.2758085592943482";"0.06243057824240444";"False";"BATANG TUBUH";"PASAL 62"
"20";"Pasal 63";"274.88";"324.74";"580.23";"592.23";"612.2";"BCDFEE+BookmanOldStyle";"12.0";"299.81";"306.1";"0.01027442012414247";"0.4490035935968637";"0.0814439725579876";"False";"BATANG TUBUH";"PASAL 63"
"20";"Ketentuan mengenai pemberian nomor seri pengaman atau";"168.85";"533.1219999999998";"619.03";"631.03";"612.2";"BCDFEE+BookmanOldStyle";"12.0";"350.98599999999993";"306.1";"0.07331917673962741";"0.2758085592943482";"0.5950212348905584";"False";"BATANG TUBUH";"PASAL 63"
"20";"security printing sebagaimana dimaksud dalam Pasal 62 diatur";"168.85";"533.184";"638.45";"650.51";"612.2";"BCDGEE+BookmanOldStyle-Italic";"12.0";"351.017";"306.1";"0.07336981378634429";"0.2758085592943482";"0.595122508983992";"False";"BATANG TUBUH";"PASAL 63"
"20";"sesuai dengan ketentuan peraturan perundang-undangan.";"168.85";"515.918";"657.85";"669.85";"612.2";"BCDFEE+BookmanOldStyle";"12.0";"342.384";"306.1";"0.05926821300228682";"0.2758085592943482";"0.5669193074158771";"False";"BATANG TUBUH";"PASAL 63"
"20";"BAB V";"280.9";"318.87999999999994";"696.65";"708.65";"612.2";"BCDFEE+BookmanOldStyle";"12.0";"299.89";"306.1";"0.010143743874550859";"0.4588369813786344";"0.06203854949362946";"True";"BATANG TUBUH";"BAB V"
"20";"PEJABAT PENANDATANGAN NASKAH DINAS";"165.85";"433.7859999999999";"716.25";"728.25";"612.2";"BCDFEE+BookmanOldStyle";"12.0";"299.8179999999999";"306.1";"0.010261352499183429";"0.27090819993466186";"0.43766089513230955";"True";"BATANG TUBUH";"BAB V"
"20";"Pasal 64";"274.88";"324.74";"755.08";"767.08";"612.2";"BCDFEE+BookmanOldStyle";"12.0";"299.81";"306.1";"0.01027442012414247";"0.4490035935968637";"0.0814439725579876";"False";"BATANG TUBUH";"PASAL 64"
"20";"(1) Kewenangan penandatanganan Naskah Dinas merupakan";"168.85";"533.18";"793.88";"805.88";"612.2";"BCDFEE+BookmanOldStyle";"12.0";"351.015";"306.1";"0.07336654688010448";"0.2758085592943482";"0.5951159751715124";"False";"BATANG TUBUH";"PASAL 64"
"20";"hak, kewajiban, dan tanggung jawab yang ada pada";"190.05";"533.0819999999999";"813.28";"825.28";"612.2";"BCDFEE+BookmanOldStyle";"12.0";"361.5659999999999";"306.1";"0.09060111074812136";"0.310437765436132";"0.5603266906239789";"False";"BATANG TUBUH";"PASAL 64"
"20";"seorang pejabat untuk menandatangani Naskah Dinas";"190.05";"533.1779999999999";"832.6750000000001";"844.6750000000001";"612.2";"BCDFEE+BookmanOldStyle";"12.0";"361.6139999999999";"306.1";"0.09067951649787634";"0.310437765436132";"0.5604835021234889";"False";"BATANG TUBUH";"PASAL 64"
"20";"sesuai dengan tugas dan kewenangan pada jabatannya.";"190.05";"520.014";"852.275";"864.275";"612.2";"BCDFEE+BookmanOldStyle";"12.0";"355.03200000000004";"306.1";"0.07992812806272462";"0.310437765436132";"0.5389807252531852";"False";"BATANG TUBUH";"PASAL 64"
"21";"21";"293.1";"307.94";"27.500000000000114";"39.500000000000114";"612.2";"BCDFEE+BookmanOldStyle";"12.0";"300.52";"306.1";"0.009114668409016728";"0.478765109441359";"0.02424044429924857";"False";"BATANG TUBUH";"PASAL 64"
"21";"(2) Kewenangan penandatanganan Naskah Dinas oleh Bupati";"168.85";"533.5020000000001";"55.530000000000086";"67.53000000000009";"612.2";"BCDFEE+BookmanOldStyle";"12.0";"351.17600000000004";"306.1";"0.07362953283240774";"0.2758085592943482";"0.595641947076119";"False";"BATANG TUBUH";"PASAL 64"
"21";"berlaku mutatis mutandis bagi penjabat, penjabat";"190.05";"533.2819999999999";"73.73000000000002";"85.73000000000002";"612.2";"BCDFEE+BookmanOldStyle";"12.0";"361.66599999999994";"306.1";"0.09076445606011094";"0.310437765436132";"0.560653381247958";"False";"BATANG TUBUH";"PASAL 64"
"21";"sementara, pelaksana tugas, dan pelaksana harian sesuai";"190.05";"532.9499999999999";"92.13000000000011";"104.13000000000011";"612.2";"BCDFEE+BookmanOldStyle";"12.0";"361.5";"306.1";"0.09049330284220838";"0.310437765436132";"0.5601110748121527";"False";"BATANG TUBUH";"PASAL 64"
"21";"dengan ketentuan peraturan perundang-undangan.";"190.05";"495.71799999999996";"110.53000000000009";"122.53000000000009";"612.2";"BCDFEE+BookmanOldStyle";"12.0";"342.884";"306.1";"0.06008493956223455";"0.310437765436132";"0.49929434825220503";"False";"BATANG TUBUH";"PASAL 64"
"21";"(3) Ketentuan mengenai kewenangan penandatangan Naskah";"168.85";"533.0699999999998";"128.73000000000002";"140.73000000000002";"612.2";"BCDFEE+BookmanOldStyle";"12.0";"350.9599999999999";"306.1";"0.07327670695851012";"0.2758085592943482";"0.5949362953283237";"False";"BATANG TUBUH";"PASAL 64"
"21";"Dinas tercantum dalam Lampiran yang merupakan bagian";"190.05";"532.8659999999999";"147.1300000000001";"159.1300000000001";"612.2";"BCDFEE+BookmanOldStyle";"12.0";"361.45799999999997";"306.1";"0.09042469781117272";"0.310437765436132";"0.5599738647500814";"False";"BATANG TUBUH";"PASAL 64"
"21";"tidak terpisahkan dari Peraturan Bupati ini.";"190.05";"450.56199999999995";"165.35000000000002";"177.35000000000002";"612.2";"BCDFEE+BookmanOldStyle";"12.0";"320.306";"306.1";"0.023204835021234823";"0.310437765436132";"0.4255341391702057";"False";"BATANG TUBUH";"PASAL 64"
"21";"Pasal 65";"274.88";"324.74";"201.95000000000005";"213.95000000000005";"612.2";"BCDFEE+BookmanOldStyle";"12.0";"299.81";"306.1";"0.01027442012414247";"0.4490035935968637";"0.0814439725579876";"False";"BATANG TUBUH";"PASAL 65"
"21";"(1) Bupati dan Pimpinan Perangkat Daerah dapat";"168.85";"533.286";"238.7500000000001";"250.7500000000001";"612.2";"BCDFEE+BookmanOldStyle";"12.0";"351.068";"306.1";"0.07345311989545893";"0.2758085592943482";"0.5952891212022213";"False";"BATANG TUBUH";"PASAL 65"
"21";"melimpahkan kewenangan penandatanganan Naskah";"190.05";"533.0819999999999";"256.95000000000005";"268.95000000000005";"612.2";"BCDFEE+BookmanOldStyle";"12.0";"361.5659999999999";"306.1";"0.09060111074812136";"0.310437765436132";"0.5603266906239789";"False";"BATANG TUBUH";"PASAL 65"
"21";"Dinas kepada pejabat di bawahnya.";"190.05";"400.36999999999995";"275.35";"287.35";"612.2";"BCDFEE+BookmanOldStyle";"12.0";"295.21";"306.1";"0.01778830447566162";"0.310437765436132";"0.3435478601764128";"False";"BATANG TUBUH";"PASAL 65"
"21";"(2) Ketentuan mengenai pelimpahan kewenangan";"168.85";"533.414";"293.58000000000004";"305.58000000000004";"612.2";"BCDFEE+BookmanOldStyle";"12.0";"351.132";"306.1";"0.07355766089513227";"0.2758085592943482";"0.595498203201568";"False";"BATANG TUBUH";"PASAL 65"
"21";"sebagaimana dimaksud pada ayat (1) tercantum dalam";"190.05";"533.602";"311.98";"323.98";"612.2";"BCDFEE+BookmanOldStyle";"12.0";"361.826";"306.1";"0.09102580855929435";"0.310437765436132";"0.5611760862463246";"False";"BATANG TUBUH";"PASAL 65"
"21";"Lampiran yang merupakan bagian tidak terpisahkan dari";"190.05";"533.334";"330.1700000000001";"342.1700000000001";"612.2";"BCDFEE+BookmanOldStyle";"12.0";"361.692";"306.1";"0.09080692584122832";"0.310437765436132";"0.5607383208101926";"False";"BATANG TUBUH";"PASAL 65"
"21";"Peraturan Bupati ini.";"190.05";"315.132";"348.58000000000004";"360.58000000000004";"612.2";"BCDFEE+BookmanOldStyle";"12.0";"252.591";"306.1";"0.08740444299248613";"0.310437765436132";"0.20431558314276377";"False";"BATANG TUBUH";"PASAL 65"
"21";"BAB VI";"278.9";"320.96";"385.1700000000001";"397.1700000000001";"612.2";"BCDFEE+BookmanOldStyle";"12.0";"299.92999999999995";"306.1";"0.0100784057497551";"0.45557007513884346";"0.068703038222803";"True";"BATANG TUBUH";"BAB VI"
"21";"PENGENDALIAN NASKAH DINAS";"202.08";"397.69199999999995";"403.6";"415.6";"612.2";"BCDFEE+BookmanOldStyle";"12.0";"299.88599999999997";"306.1";"0.010150277687030472";"0.33008820646847437";"0.3195230316889904";"True";"BATANG TUBUH";"BAB VI"
"21";"Bagian Kesatu";"257.27";"342.566";"440.2";"452.2";"612.2";"BCDFEE+BookmanOldStyle";"12.0";"299.918";"306.1";"0.010098007187193753";"0.4202384841555047";"0.13932701731460304";"False";"BATANG TUBUH";"BAGIAN KESATU"
"21";"Umum";"279.9";"319.94399999999996";"458.40000000000003";"470.40000000000003";"612.2";"BCDFEE+BookmanOldStyle";"12.0";"299.92199999999997";"306.1";"0.010091473374714234";"0.4572035282587389";"0.06540999673309372";"False";"BATANG TUBUH";"BAGIAN KESATU"
"21";"Pasal 66";"274.88";"324.74";"495.0";"507.0";"612.2";"BCDFEE+BookmanOldStyle";"12.0";"299.81";"306.1";"0.01027442012414247";"0.4490035935968637";"0.0814439725579876";"False";"BATANG TUBUH";"PASAL 66"
"21";"Pengendalian Naskah Dinas meliputi kegiatan:";"168.85";"444.10599999999994";"531.63";"543.63";"612.2";"BCDFEE+BookmanOldStyle";"12.0";"306.47799999999995";"306.1";"0.0006174452793203676";"0.2758085592943482";"0.4496177719699444";"False";"BATANG TUBUH";"PASAL 66"
"21";"a. pengendalian Naskah Dinas masuk; dan";"168.85";"421.85";"550.03";"562.03";"612.2";"BCDFEE+BookmanOldStyle";"12.0";"295.35";"306.1";"0.017559621038876184";"0.2758085592943482";"0.41326363933355115";"False";"BATANG TUBUH";"PASAL 66"
"21";"b. pengendalian Naskah Dinas keluar.";"168.85";"393.37399999999997";"568.4200000000001";"580.4200000000001";"612.2";"BCDFEE+BookmanOldStyle";"12.0";"281.11199999999997";"306.1";"0.04081672655994782";"0.2758085592943482";"0.36674942829140794";"False";"BATANG TUBUH";"PASAL 66"
"21";"Bagian Kedua";"258.88";"340.792";"605.02";"617.02";"612.2";"BCDFEE+BookmanOldStyle";"12.0";"299.836";"306.1";"0.01023195034302517";"0.4228683436785364";"0.13379941195687678";"False";"BATANG TUBUH";"BAGIAN KEDUA"
"21";"Pengendalian Naskah Dinas Masuk";"195.45";"404.17799999999994";"623.23";"635.23";"612.2";"BCDFEE+BookmanOldStyle";"12.0";"299.81399999999996";"306.1";"0.01026788631166295";"0.31925841228356744";"0.3409474028095393";"False";"BATANG TUBUH";"BAGIAN KEDUA"
"21";"Pasal 67";"274.88";"324.74";"659.85";"671.85";"612.2";"BCDFEE+BookmanOldStyle";"12.0";"299.81";"306.1";"0.01027442012414247";"0.4490035935968637";"0.0814439725579876";"False";"BATANG TUBUH";"PASAL 67"
"21";"Pengendalian Naskah Dinas masuk sebagaimana dimaksud";"168.85";"533.0020000000001";"696.45";"708.45";"612.2";"BCDFEE+BookmanOldStyle";"12.0";"350.92600000000004";"306.1";"0.07322116955243388";"0.2758085592943482";"0.5948252205161713";"False";"BATANG TUBUH";"PASAL 67"
"21";"dalam Pasal 66 huruf a dilaksanakan melalui tahapan sebagai";"168.85";"533.116";"714.85";"726.85";"612.2";"BCDFEE+BookmanOldStyle";"12.0";"350.983";"306.1";"0.07331427638026786";"0.2758085592943482";"0.5950114341718392";"False";"BATANG TUBUH";"PASAL 67"
"21";"berikut:";"168.85";"215.266";"733.25";"745.25";"612.2";"BCDFEE+BookmanOldStyle";"12.0";"192.058";"306.1";"0.18628226069911796";"0.2758085592943482";"0.07581836001306762";"False";"BATANG TUBUH";"PASAL 67"
"21";"a. unit penerima menindaklanjuti Naskah Dinas yang diterima";"168.85";"533.714";"751.48";"763.48";"612.2";"BCDFEE+BookmanOldStyle";"12.0";"351.28200000000004";"306.1";"0.07380267886311664";"0.2758085592943482";"0.5959882391375367";"False";"BATANG TUBUH";"PASAL 67"
"21";"dengan cara mengagendakan, mengklasifikasikan sesuai";"183.05";"533.33";"769.88";"781.88";"612.2";"BCDFEE+BookmanOldStyle";"12.0";"358.19000000000005";"306.1";"0.08508657301535451";"0.2990035935968638";"0.5721659588369814";"False";"BATANG TUBUH";"PASAL 67"
"21";"dengan sifat surat, dan mendistribusikan ke unit pengelola.";"183.05";"533.2220000000001";"788.08";"800.08";"612.2";"BCDFEE+BookmanOldStyle";"12.0";"358.1360000000001";"306.1";"0.0849983665468802";"0.2990035935968638";"0.5719895459000328";"False";"BATANG TUBUH";"PASAL 67"
"21";"b. unit pengelola menindaklanjuti sesuai dengan klasifikasi";"168.85";"533.222";"806.48";"818.48";"612.2";"BCDFEE+BookmanOldStyle";"12.000000000000014";"351.036";"306.1";"0.0734008493956223";"0.2758085592943482";"0.595184580202548";"False";"BATANG TUBUH";"PASAL 67"
"21";"Naskah Dinas dan arahan pimpinan; dan";"183.05";"427.41799999999995";"824.6800000000001";"836.6800000000001";"612.2";"BCDFEE+BookmanOldStyle";"12.0";"305.234";"306.1";"0.0014145704018295364";"0.2990035935968638";"0.3991636720026134";"False";"BATANG TUBUH";"PASAL 67"
"21";"c. unit tata usaha mengarsipkan Naskah Dinas masuk.";"168.85";"495.65";"843.075";"855.075";"612.2";"BCDFEE+BookmanOldStyle";"12.0";"332.25";"306.1";"0.042714799085266215";"0.2758085592943482";"0.5338124795818359";"False";"BATANG TUBUH";"PASAL 67"
"22";"22";"293.1";"307.94";"27.500000000000114";"39.500000000000114";"612.2";"BCDFEE+BookmanOldStyle";"12.0";"300.52";"306.1";"0.009114668409016728";"0.478765109441359";"0.02424044429924857";"False";"BATANG TUBUH";"PASAL 67"
"22";"Bagian Ketiga";"259.48";"340.384";"55.530000000000086";"67.53000000000009";"612.2";"BCDFEE+BookmanOldStyle";"12.0";"299.932";"306.1";"0.010075138843515201";"0.4238484155504737";"0.1321528912120222";"False";"BATANG TUBUH";"BAGIAN KETIGA"
"22";"Pengendalian Naskah Dinas Keluar";"196.05";"403.818";"78.73000000000002";"90.73000000000002";"612.2";"BCDFEE+BookmanOldStyle";"12.0";"299.93399999999997";"306.1";"0.010071871937275488";"0.3202384841555047";"0.33937928781443966";"False";"BATANG TUBUH";"BAGIAN KETIGA"
"22";"Pasal 68";"274.88";"324.74";"125.33000000000004";"137.33000000000004";"612.2";"BCDFEE+BookmanOldStyle";"12.0";"299.81";"306.1";"0.01027442012414247";"0.4490035935968637";"0.0814439725579876";"False";"BATANG TUBUH";"PASAL 68"
"22";"(1) Pengendalian Naskah Dinas keluar sebagaimana";"168.85";"532.962";"171.7500000000001";"183.7500000000001";"612.2";"BCDFEE+BookmanOldStyle";"12.0";"350.906";"306.1";"0.0731885004900359";"0.2758085592943482";"0.5947598823913752";"False";"BATANG TUBUH";"PASAL 68"
"22";"dimaksud dalam Pasal 66 huruf b dilaksanakan melalui";"190.05";"533.022";"194.95000000000005";"206.95000000000005";"612.2";"BCDFEE+BookmanOldStyle";"12.0";"361.53600000000006";"306.1";"0.09055210715452472";"0.310437765436132";"0.5602286834367853";"False";"BATANG TUBUH";"PASAL 68"
"22";"tahapan sebagai berikut:";"190.05";"336.77399999999994";"218.1500000000001";"230.1500000000001";"612.2";"BCDFEE+BookmanOldStyle";"12.0";"263.412";"306.1";"0.06972884678209743";"0.310437765436132";"0.2396667755635412";"False";"BATANG TUBUH";"PASAL 68"
"22";"a. Naskah Dinas keluar yang telah ditandatangani oleh";"190.05";"533.0459999999999";"241.55000000000007";"253.55000000000007";"612.2";"BCDFEE+BookmanOldStyle";"12.0";"361.548";"306.1";"0.09057170859196337";"0.310437765436132";"0.5602678863116627";"False";"BATANG TUBUH";"PASAL 68"
"22";"pejabat yang berwenang diberi nomor, tanggal, dan";"204.27";"532.8539999999999";"264.7500000000001";"276.7500000000001";"612.2";"BCDFEE+BookmanOldStyle";"12.0";"368.56199999999995";"306.1";"0.10202874877491004";"0.3336654688010454";"0.5367265599477293";"False";"BATANG TUBUH";"PASAL 68"
"22";"stempel oleh unit tata usaha pada masing-masing unit";"204.27";"533.286";"287.98";"299.98";"612.2";"BCDFEE+BookmanOldStyle";"12.0";"368.77799999999996";"306.1";"0.10238157464880747";"0.3336654688010454";"0.5374322116955242";"False";"BATANG TUBUH";"PASAL 68"
"22";"kerja; dan";"204.27";"263.574";"311.1700000000001";"323.1700000000001";"612.2";"BCDFEE+BookmanOldStyle";"12.0";"233.92200000000003";"306.1";"0.11789937928781442";"0.3336654688010454";"0.09687030382228029";"False";"BATANG TUBUH";"PASAL 68"
"22";"b. Naskah Dinas keluar yang telah selesai diproses";"190.05";"532.866";"334.3800000000001";"346.3800000000001";"612.2";"BCDFEE+BookmanOldStyle";"12.0";"361.45799999999997";"306.1";"0.09042469781117272";"0.310437765436132";"0.5599738647500816";"False";"BATANG TUBUH";"PASAL 68"
"22";"diarsipkan pada unit tata usaha dan unit pengelola.";"204.27";"512.162";"357.7700000000001";"369.7700000000001";"612.2";"BCDFEE+BookmanOldStyle";"12.0";"358.216";"306.1";"0.08512904279647171";"0.3336654688010454";"0.5029271479908527";"False";"BATANG TUBUH";"PASAL 68"
"22";"(2) Pengendalian Naskah Dinas keluar lintas instansi";"168.85";"533.276";"380.98";"392.98";"612.2";"BCDFEE+BookmanOldStyle";"12.0";"351.063";"306.1";"0.07344495262985946";"0.2758085592943482";"0.5952727866710223";"False";"BATANG TUBUH";"PASAL 68"
"22";"pemerintah atau pihak luar dilakukan satu pintu melalui";"190.05";"533.0580000000001";"404.20000000000005";"416.20000000000005";"612.2";"BCDFEE+BookmanOldStyle";"12.0";"361.5540000000001";"306.1";"0.09058150931068289";"0.310437765436132";"0.5602874877491018";"False";"BATANG TUBUH";"PASAL 68"
"22";"Sekretariat Daerah.";"190.05";"305.58599999999996";"427.40000000000003";"439.40000000000003";"612.2";"BCDFEE+BookmanOldStyle";"12.0";"247.81799999999998";"306.1";"0.0952009147337472";"0.310437765436132";"0.18872263966024164";"False";"BATANG TUBUH";"PASAL 68"
"22";"(3) Untuk mempercepat penyampaian tujuan surat, dapat";"168.85";"532.8659999999998";"450.6";"462.6";"612.2";"BCDFEE+BookmanOldStyle";"12.0";"350.8579999999999";"306.1";"0.07311009474028073";"0.2758085592943482";"0.5946030708918649";"False";"BATANG TUBUH";"PASAL 68"
"22";"menambahkan tanda untuk perhatian yang disingkat u.p.";"190.05";"533.226";"474.0";"486.0";"612.2";"BCDFEE+BookmanOldStyle";"12.0";"361.63800000000003";"306.1";"0.09071871937275401";"0.310437765436132";"0.560561907873244";"False";"BATANG TUBUH";"PASAL 68"
"22";"diikuti nama jabatan yang menindaklanjuti dibawah nama";"190.05";"533.244";"497.2";"509.2";"612.2";"BCDFEE+BookmanOldStyle";"12.0";"361.64700000000005";"306.1";"0.0907334204508331";"0.310437765436132";"0.5605913100294021";"False";"BATANG TUBUH";"PASAL 68"
"22";"jabatan yang dituju.";"190.05";"309.354";"520.4200000000001";"532.4200000000001";"612.2";"BCDFEE+BookmanOldStyle";"12.0";"249.702";"306.1";"0.09212348905586414";"0.310437765436132";"0.1948774910160078";"False";"BATANG TUBUH";"PASAL 68"
"22";"BAB VII";"276.7";"322.948";"567.03";"579.03";"612.2";"BCDFEE+BookmanOldStyle";"12.0";"299.82399999999996";"306.1";"0.01025155178046401";"0.4519764782750735";"0.07554393988892516";"True";"BATANG TUBUH";"BAB VII"
"22";"PEMBINAAN DAN PENGAWASAN";"202.08";"397.82399999999996";"590.23";"602.23";"612.2";"BCDFEE+BookmanOldStyle";"12.0";"299.952";"306.1";"0.010042469781117322";"0.33008820646847437";"0.3197386475008166";"True";"BATANG TUBUH";"BAB VII"
"22";"Pasal 69";"274.88";"324.73999999999995";"636.6500000000001";"648.6500000000001";"612.2";"BCDFEE+BookmanOldStyle";"12.0";"299.80999999999995";"306.1";"0.010274420124142562";"0.4490035935968637";"0.0814439725579875";"False";"BATANG TUBUH";"PASAL 69"
"22";"(1) Bupati melaksanakan pembinaan dan pengawasan";"168.85";"533.1519999999999";"683.25";"695.25";"612.2";"BCDFEE+BookmanOldStyle";"12.0";"351.001";"306.1";"0.07334367853642593";"0.2758085592943482";"0.5950702384841553";"False";"BATANG TUBUH";"PASAL 69"
"22";"terhadap penyelenggaraan tata naskah dinas pada";"190.05";"533.1179999999999";"706.45";"718.45";"612.2";"BCDFEE+BookmanOldStyle";"12.0";"361.58399999999995";"306.1";"0.09063051290427951";"0.310437765436132";"0.5603854949362952";"False";"BATANG TUBUH";"PASAL 69"
"22";"pemerintah daerah.";"190.05";"305.81399999999996";"729.65";"741.65";"612.2";"BCDFEE+BookmanOldStyle";"12.0";"247.932";"306.1";"0.0950147010780791";"0.310437765436132";"0.18909506697157782";"False";"BATANG TUBUH";"PASAL 69"
"22";"(2) Pembinaan dan pengawasan sebagaimana dimaksud pada";"168.85";"537.254";"752.88";"764.88";"612.2";"BCDFEE+BookmanOldStyle";"12.0";"353.052";"306.1";"0.07669389088533159";"0.2758085592943482";"0.6017706631819666";"False";"BATANG TUBUH";"PASAL 69"
"22";"ayat (1) secara teknis dikoordinasikan oleh Bagian pada";"190.05";"537.126";"776.08";"788.08";"612.2";"BCDFEE+BookmanOldStyle";"12.0";"363.58799999999997";"306.1";"0.09390395295655005";"0.310437765436132";"0.5669323750408363";"False";"BATANG TUBUH";"PASAL 69"
"22";"sekretariat daerah yang memiliki fungsi di bidang tata";"190.05";"537.5400000000001";"799.48";"811.48";"612.2";"BCDFEE+BookmanOldStyle";"12.000000000000014";"363.7950000000001";"306.1";"0.09424207775236858";"0.310437765436132";"0.5676086246324731";"False";"BATANG TUBUH";"PASAL 69"
"22";"laksana dan pelaksanaannya dapat melibatkan perangkat";"190.05";"536.9639999999999";"822.6800000000001";"834.6800000000001";"612.2";"BCDFEE+BookmanOldStyle";"12.0";"363.50699999999995";"306.1";"0.09377164325383848";"0.310437765436132";"0.5666677556354132";"False";"BATANG TUBUH";"PASAL 69"
"22";"daerah terkait.";"190.05";"277.01399999999995";"845.875";"857.875";"612.2";"BCDFEE+BookmanOldStyle";"12.0";"233.53199999999998";"306.1";"0.11853642600457373";"0.310437765436132";"0.1420516171185886";"False";"BATANG TUBUH";"PASAL 69"
"23";"23";"293.1";"307.94";"27.500000000000114";"39.500000000000114";"612.2";"BCDFEE+BookmanOldStyle";"12.0";"300.52";"306.1";"0.009114668409016728";"0.478765109441359";"0.02424044429924857";"False";"BATANG TUBUH";"PASAL 69"
"23";"BAB VIII";"274.67";"324.914";"55.530000000000086";"67.53000000000009";"612.2";"BCDFEE+BookmanOldStyle";"12.0";"299.79200000000003";"306.1";"0.010303822280300542";"0.4486605684416857";"0.08207121855602739";"True";"BATANG TUBUH";"BAB VIII"
"23";"KETENTUAN PENUTUP";"230.68";"368.83599999999996";"75.92000000000007";"87.92000000000007";"612.2";"BCDFEE+BookmanOldStyle";"12.0";"299.758";"306.1";"0.010359359686377068";"0.37680496569748445";"0.22567134923227694";"True";"BATANG TUBUH";"BAB VIII"
"23";"Pasal 70";"274.88";"324.74";"116.73000000000002";"128.73000000000002";"612.2";"BCDFEE+BookmanOldStyle";"12.0";"299.81";"306.1";"0.01027442012414247";"0.4490035935968637";"0.0814439725579876";"False";"BATANG TUBUH";"PASAL 70"
"23";"Pada saat Peraturan Bupati ini berlaku, maka Peraturan";"168.85";"537.3499999999999";"157.73000000000002";"169.73000000000002";"612.2";"BCDFEE+BookmanOldStyle";"12.0";"353.09999999999997";"306.1";"0.07677229663508647";"0.2758085592943482";"0.6019274746814764";"False";"BATANG TUBUH";"PASAL 70"
"23";"Bupati Malang Nomor 36 Tahun 2011 tentang Tata Naskah";"168.85";"537.084";"178.1500000000001";"190.1500000000001";"612.2";"BCDFEE+BookmanOldStyle";"12.0";"352.967";"306.1";"0.0765550473701404";"0.2758085592943482";"0.6014929761515843";"False";"BATANG TUBUH";"PASAL 70"
"23";"Dinas di Lingkungan Pemerintah Kabupaten Malang (Berita";"168.85";"537.49";"198.55000000000007";"210.55000000000007";"612.2";"BCDFEE+BookmanOldStyle";"12.0";"353.17";"306.1";"0.07688663835347924";"0.2758085592943482";"0.602156158118262";"False";"BATANG TUBUH";"PASAL 70"
"23";"Daerah Kabupaten Malang Tahun 2011 Nomor 12/E), dicabut";"168.85";"537.2579999999999";"218.95000000000005";"230.95000000000005";"612.2";"BCDFEE+BookmanOldStyle";"12.0";"353.054";"306.1";"0.0766971577915713";"0.2758085592943482";"0.6017771969944461";"False";"BATANG TUBUH";"PASAL 70"
"23";"dan dinyatakan tidak berlaku.";"168.85";"347.758";"239.35000000000002";"251.35000000000002";"612.2";"BCDFEE+BookmanOldStyle";"12.0";"258.304";"306.1";"0.07807252531852343";"0.2758085592943482";"0.29223783077425675";"False";"BATANG TUBUH";"PASAL 70"
"23";"Pasal 71";"274.88";"324.74";"280.1700000000001";"292.1700000000001";"612.2";"BCDFEE+BookmanOldStyle";"12.0";"299.81";"306.1";"0.01027442012414247";"0.4490035935968637";"0.0814439725579876";"False";"BATANG TUBUH";"PASAL 71"
"23";"Peraturan Bupati Malang ini mulai berlaku pada tanggal";"168.85";"537.28";"321.1700000000001";"333.1700000000001";"612.2";"BCDFEE+BookmanOldStyle";"12.0";"353.065";"306.1";"0.07671512577589018";"0.2758085592943482";"0.6018131329630838";"False";"BATANG TUBUH";"PASAL 71"
"23";"diundangkan.";"168.85";"251.02599999999998";"341.58000000000004";"353.58000000000004";"612.2";"BCDFEE+BookmanOldStyle";"12.0";"209.938";"306.1";"0.15707611891538717";"0.2758085592943482";"0.13423064358052922";"False";"BATANG TUBUH";"PASAL 71"
"23";"Agar setiap orang mengetahuinya, memerintahkan";"168.85";"537.0819999999999";"382.3800000000001";"394.3800000000001";"612.2";"BCDFEE+BookmanOldStyle";"12.0";"352.96599999999995";"306.1";"0.07655341391702046";"0.2758085592943482";"0.6014897092453444";"False";"PENUTUP";""
"23";"pengundangan Peraturan Bupati Malang ini dengan";"168.85";"537.43";"402.80000000000007";"414.80000000000007";"612.2";"BCDFEE+BookmanOldStyle";"12.0";"353.14";"306.1";"0.07683763475988233";"0.2758085592943482";"0.6020581509310681";"False";"PENUTUP";""
"23";"penempatannya dalam Berita Daerah Kabupaten Malang.";"168.85";"508.00600000000003";"423.20000000000005";"435.2";"612.2";"BCDFEE+BookmanOldStyle";"11.999999999999943";"338.428";"306.1";"0.052806272459980354";"0.2758085592943482";"0.5539954263312643";"False";"PENUTUP";""
"23";"Ditetapkan di Kepanjen";"303.5";"442.442";"460.6";"472.6";"612.2";"BCDFEE+BookmanOldStyle";"12.0";"372.971";"306.1";"0.1092306435805292";"0.49575302188827175";"0.22695524338451487";"False";"PENUTUP";""
"23";"pada tanggal 14 Februari 2025";"303.5";"485.79";"476.8";"488.8";"612.2";"BCDFEE+BookmanOldStyle";"12.0";"394.645";"306.1";"0.14463410650114333";"0.49575302188827175";"0.2977621692257432";"False";"PENUTUP";""
"23";"BUPATI MALANG,";"366.13";"475.96599999999995";"509.176";"521.1759999999999";"612.2";"BCDEEE+BookmanOldStyle-Bold";"12.0";"421.048";"306.1";"0.18776216922574318";"0.5980561907873243";"0.17941195687683756";"True";"PENUTUP";""
"23";"ttd.";"409.73";"432.59999999999997";"541.606";"553.606";"612.2";"BCDEEE+BookmanOldStyle-Bold";"12.0";"421.16499999999996";"306.1";"0.18795328324077087";"0.6692747468147664";"0.03735707285200906";"False";"PENUTUP";""
"23";"SANUSI";"397.72";"444.70000000000005";"574.0060000000001";"586.0060000000001";"612.2";"BCDEEE+BookmanOldStyle-Bold";"12.0";"421.21000000000004";"306.1";"0.1880267886311663";"0.649656974844822";"0.07673962757268869";"True";"PENUTUP";""
"23";"Diundangkan di Kepanjen";"62.425";"216.56199999999998";"606.4200000000001";"618.4200000000001";"612.2";"BCDFEE+BookmanOldStyle";"12.0";"139.49349999999998";"306.1";"0.2721439072198628";"0.10196831100947401";"0.25177556354132635";"False";"PENUTUP";""
"23";"Pada tanggal 14 Februari 2025";"62.425";"244.72";"622.63";"634.63";"612.2";"BCDFEE+BookmanOldStyle";"12.0";"153.5725";"306.1";"0.24914652074485466";"0.10196831100947401";"0.2977703364913427";"False";"PENUTUP";""
"23";"Plh. SEKRETARIS DAERAH KABUPATEN MALANG,";"64.225";"379.40999999999997";"655.0260000000001";"667.0260000000001";"612.2";"BCDEEE+BookmanOldStyle-Bold";"12.0";"221.8175";"306.1";"0.13767151257758906";"0.10490852662528584";"0.5148399215942501";"False";"PENUTUP";""
"23";"ttd.";"207.48";"230.35000000000002";"687.426";"699.426";"612.2";"BCDEEE+BookmanOldStyle-Bold";"12.0";"218.91500000000002";"306.1";"0.14241261025808558";"0.3389088533159098";"0.0373570728520092";"False";"PENUTUP";""
"23";"NURMAN RAMDANSYAH";"146.45";"297.18199999999996";"719.826";"731.826";"612.2";"BCDEEE+BookmanOldStyle-Bold";"12.0";"221.81599999999997";"306.1";"0.13767396275726893";"0.23921920940868993";"0.24621365566808226";"True";"PENUTUP";""
"23";"Berita Daerah Kabupaten Malang";"62.425";"259.642";"752.28";"764.28";"612.2";"BCDFEE+BookmanOldStyle";"12.0";"161.0335";"306.1";"0.23695932701731462";"0.10196831100947401";"0.3221447239464227";"False";"PENUTUP";""
"23";"Tahun 2025 Nomor 2 Seri D";"62.425";"228.68";"768.47";"780.47";"612.2";"BCDFEE+BookmanOldStyle";"12.0";"145.5525";"306.1";"0.2622468147664162";"0.10196831100947401";"0.2715697484482195";"False";"PENUTUP";""
