"page";"text";"x0";"x1";"top";"bottom";"page_width";"font_name";"font_size";"line_center";"page_center";"center_score";"left_ratio";"width_ratio";"is_all_caps";"sistematika";"unsur"
"1";"BUPATI MALANG";"252,48";"358,008";"130,69600000000014";"142,69600000000014";"612,2";"BCDEEE+BookmanOldStyle-Bold";"12,0";"305,24399999999997";"306,1";"0,0013982358706305968";"0,41241424371120544";"0,17237504083632796";"True";"JUDUL";""
"1";"PROVINSI JAWA TIMUR";"230,88";"379,572";"149,90600000000006";"161,90600000000006";"612,2";"BCDEEE+BookmanOldStyle-Bold";"12,0";"305,226";"306,1";"0,0014276380267886698";"0,37713165632146356";"0,24288141130349558";"True";"JUDUL";""
"1";"PERATURAN BUPATI MALANG";"211,67";"399,938";"197,7260000000001";"209,7260000000001";"612,2";"BCDEEE+BookmanOldStyle-Bold";"12,0";"305,804";"306,1";"0,00048350212348913604";"0,3457530218882718";"0,3075269519764783";"True";"JUDUL";""
"1";"NOMOR 18 TAHUN 2025";"229,48";"382,65000000000003";"221,52600000000007";"233,52600000000007";"612,2";"BCDEEE+BookmanOldStyle-Bold";"12,0";"306,065";"306,1";"5,717085919638192e-05";"0,3748448219536099";"0,2501960143743875";"True";"JUDUL";""
"1";"TENTANG";"275,48";"336,44000000000005";"245,32600000000014";"257,32600000000014";"612,2";"BCDEEE+BookmanOldStyle-Bold";"12,0";"305,96000000000004";"306,1";"0,00022868343678534195";"0,44998366546880103";"0,09957530218882724";"True";"JUDUL";""
"1";"PERUBAHAN ATAS PERATURAN BUPATI MALANG NOMOR 99 TAHUN 2023";"72,425";"539,3679999999999";"269,15600000000006";"281,15600000000006";"612,2";"BCDEEE+BookmanOldStyle-Bold";"12,0";"305,89649999999995";"306,1";"0,0003324077098988507";"0,1183028422084286";"0,7627295001633452";"True";"JUDUL";""
"1";"TENTANG LAPORAN HARTA KEKAYAAN APARATUR NEGARA";"115,23";"496,554";"292,95600000000013";"304,95600000000013";"612,2";"BCDEEE+BookmanOldStyle-Bold";"12,0";"305,892";"306,1";"0,0003397582489382993";"0,18822280300555375";"0,6228748774910159";"True";"JUDUL";""
"1";"DI LINGKUNGAN PEMERINTAH KABUPATEN MALANG";"138,65";"472,83799999999997";"316,7460000000001";"328,7460000000001";"612,2";"BCDEEE+BookmanOldStyle-Bold";"12,0";"305,74399999999997";"306,1";"0,0005815093106828673";"0,22647827507350538";"0,5458804312316236";"True";"JUDUL";""
"1";"DENGAN RAHMAT TUHAN YANG MAHA ESA";"169,05";"442,656";"364,54600000000005";"376,54600000000005";"612,2";"BCDEEE+BookmanOldStyle-Bold";"12,0";"305,853";"306,1";"0,00040346292061420135";"0,27613524991832733";"0,4469225743221169";"True";"PEMBUKAAN";"FRASA RELIGIUS"
"1";"BUPATI MALANG,";"251,08";"360,916";"412,17600000000004";"424,17600000000004";"612,2";"BCDEEE+BookmanOldStyle-Bold";"12,0";"305,998";"306,1";"0,00016661221822938954";"0,41012740934335185";"0,17941195687683759";"True";"PEMBUKAAN";"PEMBENTUK PPU"
"1";"Menimbang : a. bahwa dalam rangka upaya pelaksanaan transformasi";"70,825";"541,2860000000001";"459,8";"471,8";"612,2";"BCDFEE+BookmanOldStyle";"12,0";"306,05550000000005";"306,1";"7,268866383530038e-05";"0,11568931721659588";"0,7684759882391375";"False";"PEMBUKAAN";"KONSIDERANS"
"1";"aparatur negara yang memiliki integritas, profesionalitas,";"191,45";"541,4200000000001";"482,82000000000005";"494,82000000000005";"612,2";"BCDFEE+BookmanOldStyle";"12,0";"366,43500000000006";"306,1";"0,09855439398889257";"0,3127245998039856";"0,5716595883698139";"False";"PEMBUKAAN";"KONSIDERANS"
"1";"netral dan bebas dari intervensi, bersih dari praktik";"191,45";"541,0120000000001";"505,62000000000006";"517,6200000000001";"612,2";"BCDFEE+BookmanOldStyle";"12,0";"366,231";"306,1";"0,09822116955243379";"0,3127245998039856";"0,5709931394968966";"False";"PEMBUKAAN";"KONSIDERANS"
"1";"korupsi, kolusi, dan nepotisme, serta mampu";"191,45";"541,3299999999999";"528,4200000000001";"540,4200000000001";"612,2";"BCDFEE+BookmanOldStyle";"12,0";"366,39";"306,1";"0,09848088859849716";"0,3127245998039856";"0,5715125775890231";"False";"PEMBUKAAN";"KONSIDERANS"
"1";"menyelenggarakan pelayanan publik bagi masyarakat,";"191,45";"541,204";"551,23";"563,23";"612,2";"BCDFEE+BookmanOldStyle";"12,0";"366,327";"306,1";"0,09837798105194376";"0,3127245998039856";"0,5713067624959163";"False";"PEMBUKAAN";"KONSIDERANS"
"1";"perlu dilakukan penguatan khususnya pada asas";"191,45";"541,3820000000001";"574,02";"586,02";"612,2";"BCDFEE+BookmanOldStyle";"12,0";"366,41600000000005";"306,1";"0,09852335837961455";"0,3127245998039856";"0,5715975171512578";"False";"PEMBUKAAN";"KONSIDERANS"
"1";"akuntabilitas dan asas keterbukaan dalam pelaksanaan";"191,45";"541,2139999999999";"596,85";"608,85";"612,2";"BCDFEE+BookmanOldStyle";"12,0";"366,332";"306,1";"0,09838614831754323";"0,3127245998039856";"0,5713230970271153";"False";"PEMBUKAAN";"KONSIDERANS"
"1";"kebijakan dan manajemen aparatur sipil negara, sekaligus";"191,45";"541,114";"619,6500000000001";"631,6500000000001";"612,2";"BCDFEE+BookmanOldStyle";"12,0";"366,28200000000004";"306,1";"0,09830447566154853";"0,3127245998039856";"0,5711597517151258";"False";"PEMBUKAAN";"KONSIDERANS"
"1";"mengimplementasikan nilai-nilai dasar;";"191,45";"425,16999999999996";"642,6500000000001";"654,6500000000001";"612,2";"BCDFEE+BookmanOldStyle";"12,0";"308,30999999999995";"306,1";"0,003609931394968838";"0,3127245998039856";"0,3817706631819666";"False";"PEMBUKAAN";"KONSIDERANS"
"1";"b. bahwa perilaku dan hasil kerja yang berlandaskan nilai";"170,05";"541,056";"666,45";"678,45";"612,2";"BCDFEE+BookmanOldStyle";"12,0";"355,553";"306,1";"0,08077915713819009";"0,2777687030382228";"0,6060209081999347";"False";"PEMBUKAAN";"KONSIDERANS"
"1";"dasar aparatur sipil negara yaitu berorientasi pelayanan,";"191,45";"541,32";"689,25";"701,25";"612,2";"BCDFEE+BookmanOldStyle";"12,0";"366,385";"306,1";"0,09847272133289768";"0,3127245998039856";"0,5714962430578243";"False";"PEMBUKAAN";"KONSIDERANS"
"1";"akuntabel, kompeten, harmonis, loyal, adaptif, dan";"191,45";"540,9499999999998";"712,07";"724,07";"612,2";"BCDFEE+BookmanOldStyle";"12,0";"366,19999999999993";"306,1";"0,09817053250571693";"0,3127245998039856";"0,5708918654034626";"False";"PEMBUKAAN";"KONSIDERANS"
"1";"kolaboratif, perlu penjabaran secara konkret antara lain";"191,45";"540,8419999999999";"734,87";"746,87";"612,2";"BCDFEE+BookmanOldStyle";"12,0";"366,14599999999996";"306,1";"0,09808232603724262";"0,3127245998039856";"0,570715452466514";"False";"PEMBUKAAN";"KONSIDERANS"
"1";"melalui kesediaan guna pemenuhan kewajiban untuk";"191,45";"541,354";"757,6700000000001";"769,6700000000001";"612,2";"BCDFEE+BookmanOldStyle";"12,0";"366,40200000000004";"306,1";"0,098500490035936";"0,3127245998039856";"0,5715517804639008";"False";"PEMBUKAAN";"KONSIDERANS"
"1";"melaporkan harta kekayaannya kepada pejabat yang";"191,45";"540,8299999999999";"780,6800000000001";"792,6800000000001";"612,2";"BCDFEE+BookmanOldStyle";"12,0";"366,14";"306,1";"0,09807252531852328";"0,3127245998039856";"0,5706958510290753";"False";"PEMBUKAAN";"KONSIDERANS"
"1";"berwenang sesuai dengan ketentuan peraturan";"191,45";"540,8779999999998";"803,5";"815,5";"612,2";"BCDFEE+BookmanOldStyle";"12,0";"366,1639999999999";"306,1";"0,0981117281934006";"0,3127245998039856";"0,5707742567788301";"False";"PEMBUKAAN";"KONSIDERANS"
"1";"perundang-undangan;";"191,45";"323,94";"826,3000000000001";"838,3000000000001";"612,2";"BCDFEE+BookmanOldStyle";"12,0";"257,695";"306,1";"0,07906729826853974";"0,3127245998039856";"0,21641620385494936";"False";"PEMBUKAAN";"KONSIDERANS"
"2";"2";"302,5";"309,94";"35,90000000000009";"47,90000000000009";"612,2";"BCDFEE+BookmanOldStyle";"12,0";"306,22";"306,1";"0,0001960143743874625";"0,4941195687683763";"0,01215289121202221";"False";"PEMBUKAAN";"KONSIDERANS"
"2";"c. bahwa untuk melaksanakan ketentuan Pasal 4A ayat (4)";"170,05";"540,926";"81,5200000000001";"93,5200000000001";"612,2";"BCDFEE+BookmanOldStyle";"12,0";"355,48800000000006";"306,1";"0,08067298268539698";"0,2777687030382228";"0,6058085592943483";"False";"PEMBUKAAN";"KONSIDERANS"
"2";"Peraturan Komisi Pemberantasan Korupsi Nomor 7";"191,45";"540,8540000000002";"99,92000000000007";"111,92000000000007";"612,2";"BCDFEE+BookmanOldStyle";"12,0";"366,15200000000004";"306,1";"0,09809212675596213";"0,3127245998039856";"0,5707350539039532";"False";"PEMBUKAAN";"KONSIDERANS"
"2";"Tahun 2016 tentang Tata Cara Pendaftaran,";"191,45";"541,322";"118,12000000000012";"130,12000000000012";"612,2";"BCDFEE+BookmanOldStyle";"12,0";"366,38599999999997";"306,1";"0,09847435478601754";"0,3127245998039856";"0,5714995099640641";"False";"PEMBUKAAN";"KONSIDERANS"
"2";"Pengumuman, dan Pemeriksaan Harta Kekayaan";"191,45";"541,0939999999998";"136,5200000000001";"148,5200000000001";"612,2";"BCDFEE+BookmanOldStyle";"12,0";"366,27199999999993";"306,1";"0,09828814113034941";"0,3127245998039856";"0,5711270826527276";"False";"PEMBUKAAN";"KONSIDERANS"
"2";"Penyelenggara Negara, sebagaimana telah diubah";"191,45";"541,082";"154,7500000000001";"166,7500000000001";"612,2";"BCDFEE+BookmanOldStyle";"12,0";"366,26599999999996";"306,1";"0,09827834041163008";"0,3127245998039856";"0,5711074812152891";"False";"PEMBUKAAN";"KONSIDERANS"
"2";"beberapa kali, terakhir dengan Peraturan Komisi";"191,45";"540,9979999999999";"173,1500000000001";"185,1500000000001";"612,2";"BCDFEE+BookmanOldStyle";"12,0";"366,22399999999993";"306,1";"0,09820973538059442";"0,3127245998039856";"0,5709702711532177";"False";"PEMBUKAAN";"KONSIDERANS"
"2";"Pemberantasan Korupsi Nomor 3 Tahun 2024 tentang";"191,45";"541,0219999999999";"191,35000000000014";"203,35000000000014";"612,2";"BCDFEE+BookmanOldStyle";"12,0";"366,236";"306,1";"0,09822933681803327";"0,3127245998039856";"0,5710094740280952";"False";"PEMBUKAAN";"KONSIDERANS"
"2";"Perubahan Kedua atas Peraturan Komisi Pemberantasan";"191,45";"541,034";"209,7500000000001";"221,7500000000001";"612,2";"BCDFEE+BookmanOldStyle";"12,0";"366,24199999999996";"306,1";"0,09823913753675259";"0,3127245998039856";"0,571029075465534";"False";"PEMBUKAAN";"KONSIDERANS"
"2";"Korupsi Nomor 7 Tahun 2016 tentang Tata Cara";"191,45";"540,942";"227,95000000000005";"239,95000000000005";"612,2";"BCDFEE+BookmanOldStyle";"12,0";"366,196";"306,1";"0,0981639986932375";"0,3127245998039856";"0,5708787977785037";"False";"PEMBUKAAN";"KONSIDERANS"
"2";"Pendaftaran, Pengumuman, dan Pemeriksaan Harta";"191,45";"540,95";"246,35000000000014";"258,35000000000014";"612,2";"BCDFEE+BookmanOldStyle";"12,0";"366,20000000000005";"306,1";"0,09817053250571711";"0,3127245998039856";"0,5708918654034629";"False";"PEMBUKAAN";"KONSIDERANS"
"2";"Kekayaan Penyelenggara Negara, khususnya ketentuan";"191,45";"541,3059999999999";"264,7700000000001";"276,7700000000001";"612,2";"BCDFEE+BookmanOldStyle";"12,0";"366,37799999999993";"306,1";"0,09846128716105831";"0,3127245998039856";"0,5714733747141456";"False";"PEMBUKAAN";"KONSIDERANS"
"2";"terkait ruang lingkup wajib lapor, jangka waktu";"191,45";"541,1179999999999";"282,97000000000014";"294,97000000000014";"612,2";"BCDFEE+BookmanOldStyle";"12,0";"366,284";"306,1";"0,09830774256778825";"0,3127245998039856";"0,5711662855276052";"False";"PEMBUKAAN";"KONSIDERANS"
"2";"penyampaian, verifikasi dan pengumuman laporan harta";"191,45";"541,1179999999999";"301,3700000000001";"313,3700000000001";"612,2";"BCDFEE+BookmanOldStyle";"12,0";"366,284";"306,1";"0,09830774256778825";"0,3127245998039856";"0,5711662855276052";"False";"PEMBUKAAN";"KONSIDERANS"
"2";"kekayaan penyelenggara negara, sehingga Peraturan";"191,45";"540,952";"319,57000000000005";"331,57000000000005";"612,2";"BCDFEE+BookmanOldStyle";"12,0";"366,201";"306,1";"0,09817216595883697";"0,3127245998039856";"0,5708951323097027";"False";"PEMBUKAAN";"KONSIDERANS"
"2";"Bupati Malang Nomor 99 Tahun 2023 tentang Laporan";"191,45";"540,8419999999999";"337,98000000000013";"349,98000000000013";"612,2";"BCDFEE+BookmanOldStyle";"12,0";"366,14599999999996";"306,1";"0,09808232603724262";"0,3127245998039856";"0,570715452466514";"False";"PEMBUKAAN";"KONSIDERANS"
"2";"Harta Kekayaan Aparatur Negara di Lingkungan";"191,45";"540,83";"356,18000000000006";"368,18000000000006";"612,2";"BCDFEE+BookmanOldStyle";"12,0";"366,14";"306,1";"0,09807252531852328";"0,3127245998039856";"0,5706958510290755";"False";"PEMBUKAAN";"KONSIDERANS"
"2";"Pemerintah Kabupaten Malang perlu dilakukan";"191,45";"540,9499999999999";"374,60000000000014";"386,60000000000014";"612,2";"BCDFEE+BookmanOldStyle";"12,0";"366,19999999999993";"306,1";"0,09817053250571693";"0,3127245998039856";"0,5708918654034628";"False";"PEMBUKAAN";"KONSIDERANS"
"2";"penyesuaian guna pemenuhan asas kepastian hukum;";"191,45";"514,9499999999999";"392,80000000000007";"404,80000000000007";"612,2";"BCDFEE+BookmanOldStyle";"12,0";"353,19999999999993";"306,1";"0,07693564194707596";"0,3127245998039856";"0,5284220842861809";"False";"PEMBUKAAN";"KONSIDERANS"
"2";"d. bahwa berdasarkan pertimbangan sebagaimana dimaksud";"170,05";"541,11";"412,20000000000005";"424,20000000000005";"612,2";"BCDFEE+BookmanOldStyle";"12,0";"355,58000000000004";"306,1";"0,08082326037242733";"0,2777687030382228";"0,606109114668409";"False";"PEMBUKAAN";"KONSIDERANS"
"2";"dalam huruf a, huruf b dan huruf c, maka perlu";"191,45";"541,0659999999999";"430,6";"442,6";"612,2";"BCDFEE+BookmanOldStyle";"12,0";"366,2579999999999";"306,1";"0,09826527278667085";"0,3127245998039856";"0,5710813459653706";"False";"PEMBUKAAN";"KONSIDERANS"
"2";"membentuk Peraturan Bupati tentang Perubahan atas";"191,45";"541,36";"448,8";"460,8";"612,2";"BCDFEE+BookmanOldStyle";"12,0";"366,405";"306,1";"0,09850539039529557";"0,3127245998039856";"0,57156158118262";"False";"PEMBUKAAN";"KONSIDERANS"
"2";"Peraturan Bupati Malang Nomor 99 Tahun 2023 tentang";"191,45";"541,178";"467,20000000000005";"479,20000000000005";"612,2";"BCDFEE+BookmanOldStyle";"12,0";"366,31399999999996";"306,1";"0,09835674616138507";"0,3127245998039856";"0,5712642927147991";"False";"PEMBUKAAN";"KONSIDERANS"
"2";"Laporan Harta Kekayaan Aparatur Negara di Lingkungan";"191,45";"540,734";"485,42";"497,42";"612,2";"BCDFEE+BookmanOldStyle";"12,0";"366,092";"306,1";"0,0979941195687683";"0,3127245998039856";"0,5705390395295655";"False";"PEMBUKAAN";"KONSIDERANS"
"2";"Pemerintah Kabupaten Malang;";"191,45";"377,76";"503,82000000000005";"515,82";"612,2";"BCDFEE+BookmanOldStyle";"12,0";"284,605";"306,1";"0,03511107481215289";"0,3127245998039856";"0,304328650767723";"False";"PEMBUKAAN";"KONSIDERANS"
"2";"Mengingat : 1. Undang-Undang Nomor 12 Tahun 1950 tentang";"70,825";"540,944";"542,4200000000001";"554,4200000000001";"612,2";"BCDFEE+BookmanOldStyle";"12,0";"305,8845";"306,1";"0,0003520091473375041";"0,11568931721659588";"0,7679173472721332";"False";"PEMBUKAAN";"DASAR HUKUM"
"2";"Pemerintahan Daerah Kabupaten di Djawa Timur (Berita";"191,45";"541,082";"560,82";"572,82";"612,2";"BCDFEE+BookmanOldStyle";"12,0";"366,26599999999996";"306,1";"0,09827834041163008";"0,3127245998039856";"0,5711074812152891";"False";"PEMBUKAAN";"DASAR HUKUM"
"2";"Negara Republik Indonesia Tahun 1950 Nomor 41),";"191,45";"540,866";"579,02";"591,02";"612,2";"BCDFEE+BookmanOldStyle";"12,0";"366,158";"306,1";"0,09810192747468145";"0,3127245998039856";"0,5707546553413917";"False";"PEMBUKAAN";"DASAR HUKUM"
"2";"sebagaimana telah diubah dengan Undang-Undang";"191,45";"541,586";"597,45";"609,45";"612,2";"BCDFEE+BookmanOldStyle";"12,0";"366,51800000000003";"306,1";"0,09868997059784385";"0,3127245998039856";"0,5719307415877164";"False";"PEMBUKAAN";"DASAR HUKUM"
"2";"Nomor 2 Tahun 1965 tentang Perubahan Batas Wilayah";"191,45";"540,9399999999999";"615,6500000000001";"627,6500000000001";"612,2";"BCDFEE+BookmanOldStyle";"12,0";"366,19499999999994";"306,1";"0,09816236524011746";"0,3127245998039856";"0,5708755308722638";"False";"PEMBUKAAN";"DASAR HUKUM"
"2";"Kotapraja Surabaya dan Daerah Tingkat II Surabaya";"191,45";"540,8419999999999";"634,05";"646,05";"612,2";"BCDFEE+BookmanOldStyle";"12,0";"366,14599999999996";"306,1";"0,09808232603724262";"0,3127245998039856";"0,570715452466514";"False";"PEMBUKAAN";"DASAR HUKUM"
"2";"dengan mengubah Undang-Undang Nomor 12 Tahun 1950";"191,45";"541,034";"652,25";"664,25";"612,2";"BCDFEE+BookmanOldStyle";"12,0";"366,24199999999996";"306,1";"0,09823913753675259";"0,3127245998039856";"0,571029075465534";"False";"PEMBUKAAN";"DASAR HUKUM"
"2";"tentang Pembentukan Daerah-daerah Kota Besar dalam";"191,45";"541,0459999999999";"670,6500000000001";"682,6500000000001";"612,2";"BCDFEE+BookmanOldStyle";"12,0";"366,24799999999993";"306,1";"0,09824893825547192";"0,3127245998039856";"0,5710486769029728";"False";"PEMBUKAAN";"DASAR HUKUM"
"2";"Lingkungan Propinsi Jawa Timur, Jawa Tengah, Jawa";"191,45";"540,866";"688,85";"700,85";"612,2";"BCDFEE+BookmanOldStyle";"12,0";"366,158";"306,1";"0,09810192747468145";"0,3127245998039856";"0,5707546553413917";"False";"PEMBUKAAN";"DASAR HUKUM"
"2";"Barat dan Daerah Istimewa Yogyakarta (Lembaran Negara";"191,45";"540,8240000000001";"707,27";"719,27";"612,2";"BCDFEE+BookmanOldStyle";"12,0";"366,13700000000006";"306,1";"0,09806762495916373";"0,3127245998039856";"0,5706860503103561";"False";"PEMBUKAAN";"DASAR HUKUM"
"2";"Republik Indonesia Tahun 1965 Nomor 19, Tambahan";"191,45";"541,154";"725,6700000000001";"737,6700000000001";"612,2";"BCDFEE+BookmanOldStyle";"12,0";"366,302";"306,1";"0,09833714472394642";"0,3127245998039856";"0,5712250898399216";"False";"PEMBUKAAN";"DASAR HUKUM"
"2";"Lembaran Negara Republik Indonesia Nomor 2730);";"191,45";"496,39";"743,87";"755,87";"612,2";"BCDFEE+BookmanOldStyle";"12,0";"343,91999999999996";"306,1";"0,06177719699444615";"0,3127245998039856";"0,4981051943809212";"False";"PEMBUKAAN";"DASAR HUKUM"
"2";"2. Undang-Undang Nomor 28 Tahun 1999 tentang";"170,05";"540,944";"763,27";"775,27";"612,2";"BCDFEE+BookmanOldStyle";"12,0";"355,49699999999996";"306,1";"0,08068768376347588";"0,2777687030382228";"0,6058379614505063";"False";"PEMBUKAAN";"DASAR HUKUM"
"2";"Penyelenggara Negara yang Bersih dan Bebas dari Korupsi,";"191,45";"540,8299999999999";"781,48";"793,48";"612,2";"BCDFEE+BookmanOldStyle";"12,0";"366,14";"306,1";"0,09807252531852328";"0,3127245998039856";"0,5706958510290753";"False";"PEMBUKAAN";"DASAR HUKUM"
"2";"Kolusi dan Nepotisme (Lembaran Negara Republik";"191,45";"541,0820000000001";"799,87";"811,87";"612,2";"BCDFEE+BookmanOldStyle";"12,0";"366,2660000000001";"306,1";"0,09827834041163026";"0,3127245998039856";"0,5711074812152893";"False";"PEMBUKAAN";"DASAR HUKUM"
"2";"Indonesia Tahun 1999 Nomor 75, Tambahan Lembaran";"191,45";"540,7099999999999";"818,1";"830,1";"612,2";"BCDFEE+BookmanOldStyle";"12,0";"366,0799999999999";"306,1";"0,09797451813132947";"0,3127245998039856";"0,5704998366546878";"False";"PEMBUKAAN";"DASAR HUKUM"
"2";"Negara Republik Indonesia Nomor 3851);";"191,45";"432,98599999999993";"836,5";"848,5";"612,2";"BCDFEE+BookmanOldStyle";"12,0";"312,21799999999996";"306,1";"0,009993466187520316";"0,3127245998039856";"0,39453773276706944";"False";"PEMBUKAAN";"DASAR HUKUM"
"3";"3";"302,5";"309,94";"35,90000000000009";"47,90000000000009";"612,2";"BCDFEE+BookmanOldStyle";"12,0";"306,22";"306,1";"0,0001960143743874625";"0,4941195687683763";"0,01215289121202221";"False";"PEMBUKAAN";"DASAR HUKUM"
"3";"3. Undang-Undang Nomor 12 Tahun 2011 tentang";"170,05";"540,944";"81,5200000000001";"93,5200000000001";"612,2";"BCDFEE+BookmanOldStyle";"12,0";"355,49699999999996";"306,1";"0,08068768376347588";"0,2777687030382228";"0,6058379614505063";"False";"PEMBUKAAN";"DASAR HUKUM"
"3";"Pembentukan Peraturan Perundang-undangan (Lembaran";"191,45";"541,334";"103,73000000000013";"115,73000000000013";"612,2";"BCDFEE+BookmanOldStyle";"12,0";"366,39199999999994";"306,1";"0,09848415550473687";"0,3127245998039856";"0,5715191114015027";"False";"PEMBUKAAN";"DASAR HUKUM"
"3";"Negara Republik Indonesia Tahun 2011 Nomor 82,";"191,45";"540,8779999999998";"125,73000000000013";"137,73000000000013";"612,2";"BCDFEE+BookmanOldStyle";"12,0";"366,1639999999999";"306,1";"0,0981117281934006";"0,3127245998039856";"0,5707742567788301";"False";"PEMBUKAAN";"DASAR HUKUM"
"3";"Tambahan Lembaran Negara Republik Indonesia";"191,45";"541,066";"147,93000000000006";"159,93000000000006";"612,2";"BCDFEE+BookmanOldStyle";"12,0";"366,25800000000004";"306,1";"0,09826527278667103";"0,3127245998039856";"0,5710813459653709";"False";"PEMBUKAAN";"DASAR HUKUM"
"3";"Nomor 5234), sebagaimana telah diubah beberapa kali,";"191,45";"541,0699999999998";"170,1500000000001";"182,1500000000001";"612,2";"BCDFEE+BookmanOldStyle";"12,0";"366,2599999999999";"306,1";"0,09826853969291056";"0,3127245998039856";"0,57108787977785";"False";"PEMBUKAAN";"DASAR HUKUM"
"3";"terakhir dengan Undang-Undang Nomor 13 Tahun 2022";"191,45";"541,216";"192,1500000000001";"204,1500000000001";"612,2";"BCDFEE+BookmanOldStyle";"12,0";"366,33299999999997";"306,1";"0,09838778177066308";"0,3127245998039856";"0,5713263639333551";"False";"PEMBUKAAN";"DASAR HUKUM"
"3";"tentang Perubahan Kedua atas Undang-Undang Nomor 12";"191,45";"541,2560000000001";"214,35000000000014";"226,35000000000014";"612,2";"BCDFEE+BookmanOldStyle";"12,0";"366,35300000000007";"306,1";"0,09842045083306115";"0,3127245998039856";"0,571391702058151";"False";"PEMBUKAAN";"DASAR HUKUM"
"3";"Tahun 2011 tentang Pembentukan Peraturan";"191,45";"541,1299999999998";"236,35000000000014";"248,35000000000014";"612,2";"BCDFEE+BookmanOldStyle";"12,0";"366,28999999999985";"306,1";"0,0983175432865074";"0,3127245998039856";"0,5711858869650437";"False";"PEMBUKAAN";"DASAR HUKUM"
"3";"Perundang-undangan (Lembaran Negara Republik";"191,45";"540,9340000000001";"258,55000000000007";"270,55000000000007";"612,2";"BCDFEE+BookmanOldStyle";"12,0";"366,192";"306,1";"0,09815746488075788";"0,3127245998039856";"0,5708657301535447";"False";"PEMBUKAAN";"DASAR HUKUM"
"3";"Indonesia Tahun 2022 Nomor 143, Tambahan Lembaran";"191,45";"540,9019999999999";"280,7700000000001";"292,7700000000001";"612,2";"BCDFEE+BookmanOldStyle";"12,0";"366,17599999999993";"306,1";"0,09813132963083944";"0,3127245998039856";"0,5708134596537078";"False";"PEMBUKAAN";"DASAR HUKUM"
"3";"Negara Republik Indonesia Nomor 6801);";"191,45";"433,16999999999996";"302,7700000000001";"314,7700000000001";"612,2";"BCDFEE+BookmanOldStyle";"12,0";"312,30999999999995";"306,1";"0,010143743874550673";"0,3127245998039856";"0,39483828814113026";"False";"PEMBUKAAN";"DASAR HUKUM"
"3";"4. Undang-Undang Nomor 23 Tahun 2014 tentang";"170,05";"540,944";"325,97000000000014";"337,97000000000014";"612,2";"BCDFEE+BookmanOldStyle";"12,0";"355,49699999999996";"306,1";"0,08068768376347588";"0,2777687030382228";"0,6058379614505063";"False";"PEMBUKAAN";"DASAR HUKUM"
"3";"Pemerintahan Daerah (Lembaran Negara Republik";"191,45";"540,866";"348,18000000000006";"360,18000000000006";"612,2";"BCDFEE+BookmanOldStyle";"12,0";"366,158";"306,1";"0,09810192747468145";"0,3127245998039856";"0,5707546553413917";"False";"PEMBUKAAN";"DASAR HUKUM"
"3";"Indonesia Tahun 2014 Nomor 244, Tambahan Lembaran";"191,45";"541,2539999999999";"370,20000000000005";"382,20000000000005";"612,2";"BCDFEE+BookmanOldStyle";"12,0";"366,352";"306,1";"0,09841881737994111";"0,3127245998039856";"0,571388435151911";"False";"PEMBUKAAN";"DASAR HUKUM"
"3";"Negara Republik Indonesia Nomor 5587), sebagaimana";"191,45";"541,01";"392,4000000000001";"404,4000000000001";"612,2";"BCDFEE+BookmanOldStyle";"12,0";"366,23";"306,1";"0,09821953609931393";"0,3127245998039856";"0,5709898725906566";"False";"PEMBUKAAN";"DASAR HUKUM"
"3";"telah diubah beberapa kali, terakhir dengan";"191,45";"540,7579999999999";"414,6";"426,6";"612,2";"BCDFEE+BookmanOldStyle";"12,0";"366,1039999999999";"306,1";"0,09801372100620696";"0,3127245998039856";"0,5705782424044429";"False";"PEMBUKAAN";"DASAR HUKUM"
"3";"Undang-Undang Nomor 9 Tahun 2015 tentang Perubahan";"191,45";"540,896";"436,6";"448,6";"612,2";"BCDFEE+BookmanOldStyle";"12,0";"366,173";"306,1";"0,09812642927147987";"0,3127245998039856";"0,5708036589349885";"False";"PEMBUKAAN";"DASAR HUKUM"
"3";"Kedua atas Undang-Undang Nomor 23 Tahun 2014";"191,45";"540,992";"458,8";"470,8";"612,2";"BCDFEE+BookmanOldStyle";"12,0";"366,221";"306,1";"0,09820483502123485";"0,3127245998039856";"0,5709604704344985";"False";"PEMBUKAAN";"DASAR HUKUM"
"3";"tentang Pemerintahan Daerah (Lembaran Negara Republik";"191,45";"541,2200000000001";"480,82000000000005";"492,82000000000005";"612,2";"BCDFEE+BookmanOldStyle";"12,0";"366,33500000000004";"306,1";"0,09839104867690299";"0,3127245998039856";"0,571332897745835";"False";"PEMBUKAAN";"DASAR HUKUM"
"3";"Indonesia Tahun 2015 Nomor 58, Tambahan Lembaran";"191,45";"540,7099999999999";"503,02000000000004";"515,02";"612,2";"BCDFEE+BookmanOldStyle";"12,0";"366,0799999999999";"306,1";"0,09797451813132947";"0,3127245998039856";"0,5704998366546878";"False";"PEMBUKAAN";"DASAR HUKUM"
"3";"Negara Republik Indonesia Nomor 5679);";"191,45";"433,16999999999996";"525,23";"537,23";"612,2";"BCDFEE+BookmanOldStyle";"12,0";"312,30999999999995";"306,1";"0,010143743874550673";"0,3127245998039856";"0,39483828814113026";"False";"PEMBUKAAN";"DASAR HUKUM"
"3";"5. Undang-Undang Nomor 30 Tahun 2014 tentang";"170,05";"540,944";"548,23";"560,23";"612,2";"BCDFEE+BookmanOldStyle";"12,0";"355,49699999999996";"306,1";"0,08068768376347588";"0,2777687030382228";"0,6058379614505063";"False";"PEMBUKAAN";"DASAR HUKUM"
"3";"Administrasi Pemerintahan (Lembaran Negara Republik";"191,45";"540,818";"570,4200000000001";"582,4200000000001";"612,2";"BCDFEE+BookmanOldStyle";"12,0";"366,134";"306,1";"0,09806272459980396";"0,3127245998039856";"0,5706762495916367";"False";"PEMBUKAAN";"DASAR HUKUM"
"3";"Indonesia Tahun 2014 Nomor 292, Tambahan Lembaran";"191,45";"540,9019999999999";"592,6500000000001";"604,6500000000001";"612,2";"BCDFEE+BookmanOldStyle";"12,0";"366,17599999999993";"306,1";"0,09813132963083944";"0,3127245998039856";"0,5708134596537078";"False";"PEMBUKAAN";"DASAR HUKUM"
"3";"Negara Republik Indonesia Nomor 5601);";"191,45";"433,16999999999996";"614,6500000000001";"626,6500000000001";"612,2";"BCDFEE+BookmanOldStyle";"12,0";"312,30999999999995";"306,1";"0,010143743874550673";"0,3127245998039856";"0,39483828814113026";"False";"PEMBUKAAN";"DASAR HUKUM"
"3";"6. Undang-Undang Nomor 6 Tahun 2023 tentang Penetapan";"170,05";"541,23";"637,85";"649,85";"612,2";"BCDFEE+BookmanOldStyle";"12,0";"355,64";"306,1";"0,08092126755962098";"0,2777687030382228";"0,6063051290427964";"False";"PEMBUKAAN";"DASAR HUKUM"
"3";"Peraturan Pemerintah Pengganti Undang-Undang Nomor 2";"191,45";"541,22";"659,85";"671,85";"612,2";"BCDFEE+BookmanOldStyle";"12,0";"366,33500000000004";"306,1";"0,09839104867690299";"0,3127245998039856";"0,5713328977458347";"False";"PEMBUKAAN";"DASAR HUKUM"
"3";"Tahun 2022 tentang Cipta Kerja menjadi Undang-Undang";"191,45";"541,386";"682,0500000000001";"694,0500000000001";"612,2";"BCDFEE+BookmanOldStyle";"12,0";"366,418";"306,1";"0,09852662528585426";"0,3127245998039856";"0,5716040509637372";"False";"PEMBUKAAN";"DASAR HUKUM"
"3";"(Lembaran Negara Republik Indonesia Tahun 2023";"191,45";"541,22";"704,27";"716,27";"612,2";"BCDFEE+BookmanOldStyle";"12,0";"366,33500000000004";"306,1";"0,09839104867690299";"0,3127245998039856";"0,5713328977458347";"False";"PEMBUKAAN";"DASAR HUKUM"
"3";"Nomor 41, Tambahan Lembaran Negara Republik";"191,45";"541,13";"726,27";"738,27";"612,2";"BCDFEE+BookmanOldStyle";"12,0";"366,28999999999996";"306,1";"0,09831754328650757";"0,3127245998039856";"0,571185886965044";"False";"PEMBUKAAN";"DASAR HUKUM"
"3";"Indonesia Nomor 6856);";"191,45";"332,14";"748,47";"760,47";"612,2";"BCDFEE+BookmanOldStyle";"12,0";"261,79499999999996";"306,1";"0,07237014047696841";"0,3127245998039856";"0,2298105194380921";"False";"PEMBUKAAN";"DASAR HUKUM"
"3";"7. Undang-Undang Nomor 20 Tahun 2023 tentang Aparatur";"170,05";"541,2919999999999";"771,6800000000001";"783,6800000000001";"612,2";"BCDFEE+BookmanOldStyle";"12,0";"355,67099999999994";"306,1";"0,08097190460633764";"0,2777687030382228";"0,6064064031362298";"False";"PEMBUKAAN";"DASAR HUKUM"
"3";"Sipil Negara (Lembaran Negara Republik Indonesia";"191,45";"540,7700000000002";"793,6700000000001";"805,6700000000001";"612,2";"BCDFEE+BookmanOldStyle";"12,0";"366,1100000000001";"306,1";"0,09802352172492666";"0,3127245998039856";"0,5705978438418821";"False";"PEMBUKAAN";"DASAR HUKUM"
"3";"Tahun 2023 Nomor 141, Tambahan Lembaran Negara";"191,45";"540,6499999999999";"815,9000000000001";"827,9000000000001";"612,2";"BCDFEE+BookmanOldStyle";"12,0";"366,04999999999995";"306,1";"0,09792551453773266";"0,3127245998039856";"0,5704018294674941";"False";"PEMBUKAAN";"DASAR HUKUM"
"3";"Republik Indonesia Nomor 6897);";"191,45";"388,57";"838,1";"850,1";"612,2";"BCDFEE+BookmanOldStyle";"12,0";"290,01";"306,1";"0,026282260699117984";"0,3127245998039856";"0,32198627899379284";"False";"PEMBUKAAN";"DASAR HUKUM"
"4";"4";"302,5";"309,94";"35,90000000000009";"47,90000000000009";"612,2";"BCDFEE+BookmanOldStyle";"12,0";"306,22";"306,1";"0,0001960143743874625";"0,4941195687683763";"0,01215289121202221";"False";"PEMBUKAAN";"DASAR HUKUM"
"4";"8. Peraturan Pemerintah Nomor 48 Tahun 2016 tentang Tata";"170,05";"541,186";"81,5200000000001";"93,5200000000001";"612,2";"BCDFEE+BookmanOldStyle";"12,0";"355,61800000000005";"306,1";"0,08088533159098338";"0,2777687030382228";"0,6062332571055211";"False";"PEMBUKAAN";"DASAR HUKUM"
"4";"Cara Pengenaan Sanksi Administratif Kepada Pejabat";"191,45";"540,7099999999998";"103,32000000000005";"115,32000000000005";"612,2";"BCDFEE+BookmanOldStyle";"12,0";"366,0799999999999";"306,1";"0,09797451813132947";"0,3127245998039856";"0,5704998366546876";"False";"PEMBUKAAN";"DASAR HUKUM"
"4";"Pemerintahan (Lembaran Negara Republik Indonesia";"191,45";"540,9980000000003";"125,12000000000012";"137,12000000000012";"612,2";"BCDFEE+BookmanOldStyle";"12,0";"366,22400000000016";"306,1";"0,0982097353805948";"0,3127245998039856";"0,5709702711532183";"False";"PEMBUKAAN";"DASAR HUKUM"
"4";"Tahun 2016 Nomor 230, Tambahan Lembaran Negara";"191,45";"540,6499999999999";"146,93000000000006";"158,93000000000006";"612,2";"BCDFEE+BookmanOldStyle";"12,0";"366,04999999999995";"306,1";"0,09792551453773266";"0,3127245998039856";"0,5704018294674941";"False";"PEMBUKAAN";"DASAR HUKUM"
"4";"Republik Indonesia Nomor 5943);";"191,45";"388,44199999999995";"168,95000000000005";"180,95000000000005";"612,2";"BCDFEE+BookmanOldStyle";"12,0";"289,94599999999997";"306,1";"0,02638680169879133";"0,3127245998039856";"0,3217771969944462";"False";"PEMBUKAAN";"DASAR HUKUM"
"4";"9. Peraturan Pemerintah Nomor 11 Tahun 2017 tentang";"170,05";"540,962";"191,7500000000001";"203,7500000000001";"612,2";"BCDFEE+BookmanOldStyle";"12,0";"355,506";"306,1";"0,08070238484155495";"0,2777687030382228";"0,6058673636066644";"False";"PEMBUKAAN";"DASAR HUKUM"
"4";"Manajemen Pegawai Negeri Sipil (Lembaran Negara";"191,45";"540,786";"213,55000000000007";"225,55000000000007";"612,2";"BCDFEE+BookmanOldStyle";"12,0";"366,11799999999994";"306,1";"0,09803658934988552";"0,3127245998039856";"0,5706239790918";"False";"PEMBUKAAN";"DASAR HUKUM"
"4";"Republik Indonesia Tahun 2017 Nomor 63, Tambahan";"191,45";"540,9619999999999";"235,35000000000014";"247,35000000000014";"612,2";"BCDFEE+BookmanOldStyle";"12,0";"366,2059999999999";"306,1";"0,09818033322443626";"0,3127245998039856";"0,5709114668409014";"False";"PEMBUKAAN";"DASAR HUKUM"
"4";"Lembaran Negara Republik Indonesia Nomor 6037),";"191,45";"540,926";"257,1500000000001";"269,1500000000001";"612,2";"BCDFEE+BookmanOldStyle";"12,0";"366,188";"306,1";"0,09815093106827828";"0,3127245998039856";"0,5708526625285855";"False";"PEMBUKAAN";"DASAR HUKUM"
"4";"sebagaimana telah diubah dengan Peraturan Pemerintah";"191,45";"541,0459999999999";"278,97000000000014";"290,97000000000014";"612,2";"BCDFEE+BookmanOldStyle";"12,0";"366,24799999999993";"306,1";"0,09824893825547192";"0,3127245998039856";"0,5710486769029728";"False";"PEMBUKAAN";"DASAR HUKUM"
"4";"Nomor 17 Tahun 2020 tentang Perubahan atas Peraturan";"191,45";"541,206";"300,97000000000014";"312,97000000000014";"612,2";"BCDFEE+BookmanOldStyle";"12,0";"366,328";"306,1";"0,09837961450506362";"0,3127245998039856";"0,5713100294021561";"False";"PEMBUKAAN";"DASAR HUKUM"
"4";"Pemerintah Nomor 11 Tahun 2017 tentang Manajemen";"191,45";"540,78";"322,7700000000001";"334,7700000000001";"612,2";"BCDFEE+BookmanOldStyle";"12,0";"366,115";"306,1";"0,09803168899052594";"0,3127245998039856";"0,5706141783730806";"False";"PEMBUKAAN";"DASAR HUKUM"
"4";"Pegawai Negeri Sipil (Lembaran Negara Republik Indonesia";"191,45";"540,9740000000002";"344,57000000000005";"356,57000000000005";"612,2";"BCDFEE+BookmanOldStyle";"12,0";"366,2120000000001";"306,1";"0,09819013394315595";"0,3127245998039856";"0,5709310682783406";"False";"PEMBUKAAN";"DASAR HUKUM"
"4";"Tahun 2020 Nomor 68, Tambahan Lembaran Negara";"191,45";"540,9499999999999";"366,3700000000001";"378,3700000000001";"612,2";"BCDFEE+BookmanOldStyle";"12,0";"366,19999999999993";"306,1";"0,09817053250571693";"0,3127245998039856";"0,5708918654034628";"False";"PEMBUKAAN";"DASAR HUKUM"
"4";"Republik Indonesia Nomor 6477);";"191,45";"388,57";"388,20000000000005";"400,20000000000005";"612,2";"BCDFEE+BookmanOldStyle";"12,0";"290,01";"306,1";"0,026282260699117984";"0,3127245998039856";"0,32198627899379284";"False";"PEMBUKAAN";"DASAR HUKUM"
"4";"10. Peraturan Pemerintah Nomor 49 Tahun 2018 tentang";"170,05";"540,962";"411,0000000000001";"423,00000000000006";"612,2";"BCDFEE+BookmanOldStyle";"11,999999999999943";"355,506";"306,1";"0,08070238484155495";"0,2777687030382228";"0,6058673636066644";"False";"PEMBUKAAN";"DASAR HUKUM"
"4";"Manajemen Pegawai Pemerintah dengan Perjanjian Kerja";"191,45";"541,2620000000001";"433,00000000000006";"445,00000000000006";"612,2";"BCDFEE+BookmanOldStyle";"12,0";"366,356";"306,1";"0,09842535119242073";"0,3127245998039856";"0,5714015027768704";"False";"PEMBUKAAN";"DASAR HUKUM"
"4";"(Lembaran Negara Republik Indonesia Tahun 2018";"191,45";"540,818";"454,8";"466,8";"612,2";"BCDFEE+BookmanOldStyle";"12,0";"366,134";"306,1";"0,09806272459980396";"0,3127245998039856";"0,5706762495916367";"False";"PEMBUKAAN";"DASAR HUKUM"
"4";"Nomor 224, Tambahan Lembaran Negara Republik";"191,45";"540,818";"476,62000000000006";"488,62000000000006";"612,2";"BCDFEE+BookmanOldStyle";"12,0";"366,134";"306,1";"0,09806272459980396";"0,3127245998039856";"0,5706762495916367";"False";"PEMBUKAAN";"DASAR HUKUM"
"4";"Indonesia Nomor 6264);";"191,45";"332,14";"498,42";"510,42";"612,2";"BCDFEE+BookmanOldStyle";"12,0";"261,79499999999996";"306,1";"0,07237014047696841";"0,3127245998039856";"0,2298105194380921";"False";"PEMBUKAAN";"DASAR HUKUM"
"4";"11. Peraturan Pemerintah Nomor 94 Tahun 2021 tentang";"170,05";"541,07";"521,23";"533,23";"612,2";"BCDFEE+BookmanOldStyle";"12,0";"355,56000000000006";"306,1";"0,08079059131002946";"0,2777687030382228";"0,6060437765436132";"False";"PEMBUKAAN";"DASAR HUKUM"
"4";"Disiplin Pegawai Negeri Sipil (Lembaran Negara Republik";"191,45";"540,842";"543,02";"555,02";"612,2";"BCDFEE+BookmanOldStyle";"12,0";"366,14599999999996";"306,1";"0,09808232603724262";"0,3127245998039856";"0,5707154524665141";"False";"PEMBUKAAN";"DASAR HUKUM"
"4";"Indonesia Tahun 2021 Nomor 202, Tambahan Lembaran";"191,45";"541,044";"565,02";"577,02";"612,2";"BCDFEE+BookmanOldStyle";"12,0";"366,24699999999996";"306,1";"0,09824730480235205";"0,3127245998039856";"0,571045409996733";"False";"PEMBUKAAN";"DASAR HUKUM"
"4";"Negara Republik Indonesia Nomor 6718);";"191,45";"432,98599999999993";"586,85";"598,85";"612,2";"BCDFEE+BookmanOldStyle";"12,0";"312,21799999999996";"306,1";"0,009993466187520316";"0,3127245998039856";"0,39453773276706944";"False";"PEMBUKAAN";"DASAR HUKUM"
"4";"12. Peraturan Presiden Nomor 87 Tahun 2014 tentang";"170,05";"541,034";"609,6500000000001";"621,6500000000001";"612,2";"BCDFEE+BookmanOldStyle";"12,0";"355,54200000000003";"306,1";"0,08076118915387129";"0,2777687030382228";"0,6059849722312969";"False";"PEMBUKAAN";"DASAR HUKUM"
"4";"Peraturan Pelaksanaan Undang-Undang Nomor 12";"191,45";"541,272";"631,45";"643,45";"612,2";"BCDFEE+BookmanOldStyle";"12,0";"366,361";"306,1";"0,09843351845802019";"0,3127245998039856";"0,5714178373080693";"False";"PEMBUKAAN";"DASAR HUKUM"
"4";"Tahun 2011 tentang Pembentukan Peraturan";"191,45";"541,1299999999998";"653,25";"665,25";"612,2";"BCDFEE+BookmanOldStyle";"12,0";"366,28999999999985";"306,1";"0,0983175432865074";"0,3127245998039856";"0,5711858869650437";"False";"PEMBUKAAN";"DASAR HUKUM"
"4";"Perundang-undangan (Lembaran Negara Republik";"191,45";"541,074";"675,0500000000001";"687,0500000000001";"612,2";"BCDFEE+BookmanOldStyle";"12,0";"366,26199999999994";"306,1";"0,09827180659915047";"0,3127245998039856";"0,5710944135903299";"False";"PEMBUKAAN";"DASAR HUKUM"
"4";"Indonesia Tahun 2014 Nomor 199), sebagaimana telah";"191,45";"540,8899999999999";"697,07";"709,07";"612,2";"BCDFEE+BookmanOldStyle";"12,0";"366,16999999999996";"306,1";"0,09812152891212012";"0,3127245998039856";"0,5707938582162689";"False";"PEMBUKAAN";"DASAR HUKUM"
"4";"diubah dengan Peraturan Presiden Nomor 76 Tahun 2021";"191,45";"540,7819999999999";"718,87";"730,87";"612,2";"BCDFEE+BookmanOldStyle";"12,0";"366,116";"306,1";"0,09803332244364579";"0,3127245998039856";"0,5706174452793203";"False";"PEMBUKAAN";"DASAR HUKUM"
"4";"tentang Perubahan atas Peraturan Presiden Nomor 87";"191,45";"540,7340000000002";"740,6800000000001";"752,6800000000001";"612,2";"BCDFEE+BookmanOldStyle";"12,0";"366,0920000000001";"306,1";"0,0979941195687685";"0,3127245998039856";"0,5705390395295658";"False";"PEMBUKAAN";"DASAR HUKUM"
"4";"Tahun 2014 tentang Peraturan Pelaksanaan";"191,45";"541,0579999999999";"762,48";"774,48";"612,2";"BCDFEE+BookmanOldStyle";"12,0";"366,2539999999999";"306,1";"0,09825873897419124";"0,3127245998039856";"0,5710682783404114";"False";"PEMBUKAAN";"DASAR HUKUM"
"4";"Undang-Undang Nomor 12 Tahun 2011 tentang";"191,45";"541,086";"784,27";"796,2700000000001";"612,2";"BCDFEE+BookmanOldStyle";"12,000000000000014";"366,26800000000003";"306,1";"0,09828160731786997";"0,3127245998039856";"0,5711140150277687";"False";"PEMBUKAAN";"DASAR HUKUM"
"4";"Pembentukan Peraturan Perundang-undangan (Lembaran";"191,45";"541,334";"806,1";"818,1";"612,2";"BCDFEE+BookmanOldStyle";"12,0";"366,39199999999994";"306,1";"0,09848415550473687";"0,3127245998039856";"0,5715191114015027";"False";"PEMBUKAAN";"DASAR HUKUM"
"4";"Negara Republik Indonesia Tahun 2021 Nomor 186);";"191,45";"501,3499999999999";"828,1";"840,1";"612,2";"BCDFEE+BookmanOldStyle";"12,0";"346,4";"306,1";"0,06582816073178692";"0,3127245998039856";"0,5062071218556026";"False";"PEMBUKAAN";"DASAR HUKUM"
"5";"5";"302,5";"309,94";"35,90000000000009";"47,90000000000009";"612,2";"BCDFEE+BookmanOldStyle";"12,0";"306,22";"306,1";"0,0001960143743874625";"0,4941195687683763";"0,01215289121202221";"False";"PEMBUKAAN";"DASAR HUKUM"
"5";"13. Peraturan Menteri Dalam Negeri Nomor 80 Tahun 2015";"170,05";"540,7700000000001";"81,5200000000001";"93,5200000000001";"612,2";"BCDFEE+BookmanOldStyle";"12,0";"355,4100000000001";"306,1";"0,08054557334204518";"0,2777687030382228";"0,6055537406076447";"False";"PEMBUKAAN";"DASAR HUKUM"
"5";"tentang Pembentukan Produk Hukum Daerah (Berita";"191,45";"540,914";"101,32000000000005";"113,32000000000005";"612,2";"BCDFEE+BookmanOldStyle";"12,0";"366,182";"306,1";"0,09814113034955894";"0,3127245998039856";"0,5708330610911466";"False";"PEMBUKAAN";"DASAR HUKUM"
"5";"Negara Republik Indonesia Tahun 2015 Nomor 2036),";"191,45";"541,182";"120,93000000000006";"132,93000000000006";"612,2";"BCDFEE+BookmanOldStyle";"12,0";"366,31600000000003";"306,1";"0,09836001306762497";"0,3127245998039856";"0,5712708265272787";"False";"PEMBUKAAN";"DASAR HUKUM"
"5";"sebagaimana telah diubah dengan Peraturan Menteri";"191,45";"540,7579999999999";"140,73000000000013";"152,73000000000013";"612,2";"BCDFEE+BookmanOldStyle";"12,0";"366,1039999999999";"306,1";"0,09801372100620696";"0,3127245998039856";"0,5705782424044429";"False";"PEMBUKAAN";"DASAR HUKUM"
"5";"Dalam Negeri Nomor 120 Tahun 2018 tentang Perubahan";"191,45";"540,8419999999998";"160,35000000000014";"172,35000000000014";"612,2";"BCDFEE+BookmanOldStyle";"12,0";"366,14599999999984";"306,1";"0,09808232603724243";"0,3127245998039856";"0,5707154524665138";"False";"PEMBUKAAN";"DASAR HUKUM"
"5";"atas Peraturan Menteri Dalam Negeri Nomor 80 Tahun 2015";"191,45";"541,346";"180,1500000000001";"192,1500000000001";"612,2";"BCDFEE+BookmanOldStyle";"12,0";"366,398";"306,1";"0,09849395622345639";"0,3127245998039856";"0,5715387128389415";"False";"PEMBUKAAN";"DASAR HUKUM"
"5";"tentang Pembentukan Produk Hukum Daerah (Berita";"191,45";"541,27";"199,95000000000005";"211,95000000000005";"612,2";"BCDFEE+BookmanOldStyle";"12,0";"366,36";"306,1";"0,09843188500490034";"0,3127245998039856";"0,5714145704018294";"False";"PEMBUKAAN";"DASAR HUKUM"
"5";"Negara Republik Indonesia Tahun 2019 Nomor 157);";"191,45";"501,59";"219,55000000000007";"231,55000000000007";"612,2";"BCDFEE+BookmanOldStyle";"12,0";"346,52";"306,1";"0,06602417510617438";"0,3127245998039856";"0,5065991506043775";"False";"PEMBUKAAN";"DASAR HUKUM"
"5";"14. Peraturan Komisi Pemberantasan Korupsi Nomor 7";"170,05";"540,8540000000002";"240,35000000000014";"252,35000000000014";"612,2";"BCDFEE+BookmanOldStyle";"12,0";"355,4520000000001";"306,1";"0,08061417837308084";"0,2777687030382228";"0,605690950669716";"False";"PEMBUKAAN";"DASAR HUKUM"
"5";"Tahun 2016 tentang Tata Cara Pendaftaran,";"191,45";"540,9499999999999";"259,97000000000014";"271,97000000000014";"612,2";"BCDFEE+BookmanOldStyle";"12,0";"366,19999999999993";"306,1";"0,09817053250571693";"0,3127245998039856";"0,5708918654034628";"False";"PEMBUKAAN";"DASAR HUKUM"
"5";"Pengumuman, dan Pemeriksaan Harta Kekayaan";"191,45";"541,0939999999998";"279,7700000000001";"291,7700000000001";"612,2";"BCDFEE+BookmanOldStyle";"12,0";"366,27199999999993";"306,1";"0,09828814113034941";"0,3127245998039856";"0,5711270826527276";"False";"PEMBUKAAN";"DASAR HUKUM"
"5";"Penyelenggara Negara (Berita Negara Republik Indonesia";"191,45";"540,9020000000002";"299,57000000000005";"311,57000000000005";"612,2";"BCDFEE+BookmanOldStyle";"12,0";"366,17600000000004";"306,1";"0,09813132963083962";"0,3127245998039856";"0,5708134596537082";"False";"PEMBUKAAN";"DASAR HUKUM"
"5";"Tahun 2016 Nomor 985), sebagaimana telah diubah";"191,45";"541,0699999999999";"319,18000000000006";"331,18000000000006";"612,2";"BCDFEE+BookmanOldStyle";"12,0";"366,26";"306,1";"0,09826853969291076";"0,3127245998039856";"0,5710878797778502";"False";"PEMBUKAAN";"DASAR HUKUM"
"5";"beberapa kali, terakhir dengan Peraturan Komisi";"191,45";"541,38";"338,98000000000013";"350,98000000000013";"612,2";"BCDFEE+BookmanOldStyle";"12,0";"366,41499999999996";"306,1";"0,09852172492649451";"0,3127245998039856";"0,571594250245018";"False";"PEMBUKAAN";"DASAR HUKUM"
"5";"Pemberantasan Korupsi Nomor 3 Tahun 2024 tentang";"191,45";"541,2760000000001";"358,57000000000005";"370,57000000000005";"612,2";"BCDFEE+BookmanOldStyle";"12,0";"366,36300000000006";"306,1";"0,0984367853642601";"0,3127245998039856";"0,5714243711205489";"False";"PEMBUKAAN";"DASAR HUKUM"
"5";"Perubahan Kedua atas Peraturan Komisi Pemberantasan";"191,45";"541,034";"378,4000000000001";"390,4000000000001";"612,2";"BCDFEE+BookmanOldStyle";"12,0";"366,24199999999996";"306,1";"0,09823913753675259";"0,3127245998039856";"0,571029075465534";"False";"PEMBUKAAN";"DASAR HUKUM"
"5";"Korupsi Nomor 7 Tahun 2016 tentang Tata Cara";"191,45";"540,8899999999999";"398,20000000000005";"410,20000000000005";"612,2";"BCDFEE+BookmanOldStyle";"12,0";"366,16999999999996";"306,1";"0,09812152891212012";"0,3127245998039856";"0,5707938582162689";"False";"PEMBUKAAN";"DASAR HUKUM"
"5";"Pendaftaran, Pengumuman, dan Pemeriksaan Harta";"191,45";"540,95";"417,8";"429,8";"612,2";"BCDFEE+BookmanOldStyle";"12,0";"366,20000000000005";"306,1";"0,09817053250571711";"0,3127245998039856";"0,5708918654034629";"False";"PEMBUKAAN";"DASAR HUKUM"
"5";"Kekayaan Penyelenggara Negara (Berita Negara Republik";"191,45";"540,9280000000001";"437,6";"449,6";"612,2";"BCDFEE+BookmanOldStyle";"12,0";"366,1890000000001";"306,1";"0,09815256452139832";"0,3127245998039856";"0,5708559294348253";"False";"PEMBUKAAN";"DASAR HUKUM"
"5";"Indonesia Tahun 2024 Nomor 798);";"191,45";"400,77";"457,20000000000005";"469,20000000000005";"612,2";"BCDFEE+BookmanOldStyle";"12,0";"296,11";"306,1";"0,01631819666775565";"0,3127245998039856";"0,34191440705651743";"False";"PEMBUKAAN";"DASAR HUKUM"
"5";"15. Peraturan Daerah Kabupaten Malang Nomor 9";"170,05";"540,806";"478,02000000000004";"490,02000000000004";"612,2";"BCDFEE+BookmanOldStyle";"12,0";"355,428";"306,1";"0,08057497549820315";"0,2777687030382228";"0,6056125449199607";"False";"PEMBUKAAN";"DASAR HUKUM"
"5";"Tahun 2016 tentang Pembentukan dan Susunan";"191,45";"541,0939999999999";"497,82000000000005";"509,82000000000005";"612,2";"BCDFEE+BookmanOldStyle";"12,0";"366,27199999999993";"306,1";"0,09828814113034941";"0,3127245998039856";"0,5711270826527277";"False";"PEMBUKAAN";"DASAR HUKUM"
"5";"Perangkat Daerah (Lembaran Daerah Kabupaten Malang";"191,45";"541,354";"517,4300000000001";"529,4300000000001";"612,2";"BCDFEE+BookmanOldStyle";"12,0";"366,40200000000004";"306,1";"0,098500490035936";"0,3127245998039856";"0,5715517804639008";"False";"PEMBUKAAN";"DASAR HUKUM"
"5";"Tahun 2016 Nomor 1 Seri C), sebagaimana telah diubah";"191,45";"541,4459999999999";"537,22";"549,22";"612,2";"BCDFEE+BookmanOldStyle";"12,0";"366,448";"306,1";"0,09857562887945108";"0,3127245998039856";"0,5717020581509309";"False";"PEMBUKAAN";"DASAR HUKUM"
"5";"beberapa kali, terakhir dengan Peraturan Daerah";"191,45";"540,9019999999998";"556,82";"568,82";"612,2";"BCDFEE+BookmanOldStyle";"12,0";"366,17599999999993";"306,1";"0,09813132963083944";"0,3127245998039856";"0,5708134596537077";"False";"PEMBUKAAN";"DASAR HUKUM"
"5";"Kabupaten Malang Nomor 3 Tahun 2023 tentang";"191,45";"540,8299999999999";"576,6200000000001";"588,6200000000001";"612,2";"BCDFEE+BookmanOldStyle";"12,0";"366,14";"306,1";"0,09807252531852328";"0,3127245998039856";"0,5706958510290753";"False";"PEMBUKAAN";"DASAR HUKUM"
"5";"Perubahan Keempat atas Peraturan Daerah Nomor 9";"191,45";"540,962";"596,45";"608,45";"612,2";"BCDFEE+BookmanOldStyle";"12,0";"366,206";"306,1";"0,09818033322443644";"0,3127245998039856";"0,5709114668409017";"False";"PEMBUKAAN";"DASAR HUKUM"
"5";"Tahun 2016 tentang Pembentukan dan Susunan";"191,45";"541,0939999999999";"616,05";"628,05";"612,2";"BCDFEE+BookmanOldStyle";"12,0";"366,27199999999993";"306,1";"0,09828814113034941";"0,3127245998039856";"0,5711270826527277";"False";"PEMBUKAAN";"DASAR HUKUM"
"5";"Perangkat Daerah (Lembaran Daerah Kabupaten Malang";"191,45";"541,01";"635,85";"647,85";"612,2";"BCDFEE+BookmanOldStyle";"12,0";"366,23";"306,1";"0,09821953609931393";"0,3127245998039856";"0,5709898725906566";"False";"PEMBUKAAN";"DASAR HUKUM"
"5";"Tahun 2023 Nomor 3 Seri C);";"191,45";"364,36999999999995";"655,45";"667,45";"612,2";"BCDFEE+BookmanOldStyle";"12,0";"277,90999999999997";"306,1";"0,046047043449853074";"0,3127245998039856";"0,2824567134923227";"False";"PEMBUKAAN";"DASAR HUKUM"
"5";"16. Peraturan Bupati Malang Nomor 42 Tahun 2022 tentang";"170,05";"541,178";"676,25";"688,25";"612,2";"BCDFEE+BookmanOldStyle";"12,0";"355,61400000000003";"306,1";"0,08087879777850376";"0,2777687030382228";"0,6062201894805619";"False";"PEMBUKAAN";"DASAR HUKUM"
"5";"Kedudukan, Susunan Organisasi, Tugas dan Fungsi, serta";"191,45";"540,902";"696,07";"708,07";"612,2";"BCDFEE+BookmanOldStyle";"12,0";"366,17600000000004";"306,1";"0,09813132963083962";"0,3127245998039856";"0,570813459653708";"False";"PEMBUKAAN";"DASAR HUKUM"
"5";"Tata Kerja Badan Kepegawaian dan Pengembangan";"191,45";"540,842";"715,6800000000001";"727,6800000000001";"612,2";"BCDFEE+BookmanOldStyle";"12,0";"366,14599999999996";"306,1";"0,09808232603724262";"0,3127245998039856";"0,5707154524665141";"False";"PEMBUKAAN";"DASAR HUKUM"
"5";"Sumber Daya Manusia (Berita Daerah Kabupaten Malang";"191,45";"541,0220000000002";"735,48";"747,48";"612,2";"BCDFEE+BookmanOldStyle";"12,0";"366,2360000000001";"306,1";"0,09822933681803345";"0,3127245998039856";"0,5710094740280957";"False";"PEMBUKAAN";"DASAR HUKUM"
"5";"Tahun 2022 Nomor 42 Seri C);";"191,45";"371,76";"755,07";"767,07";"612,2";"BCDFEE+BookmanOldStyle";"12,0";"281,605";"306,1";"0,04001143417183927";"0,3127245998039856";"0,2945279320483502";"False";"PEMBUKAAN";"DASAR HUKUM"
"5";"17. Peraturan Bupati Malang Nomor 44 Tahun 2024 tentang";"170,05";"541,2719999999999";"775,88";"787,88";"612,2";"BCDFEE+BookmanOldStyle";"12,0";"355,66099999999994";"306,1";"0,0809555700751387";"0,2777687030382228";"0,6063737340738319";"False";"PEMBUKAAN";"DASAR HUKUM"
"5";"Koordinasi, Sinkronisasi, dan Pengendalian Perangkat";"191,45";"540,7819999999999";"795,6700000000001";"807,6700000000001";"612,2";"BCDFEE+BookmanOldStyle";"12,0";"366,116";"306,1";"0,09803332244364579";"0,3127245998039856";"0,5706174452793203";"False";"PEMBUKAAN";"DASAR HUKUM"
"5";"Daerah (Berita Daerah Kabupaten Malang Tahun 2024";"191,45";"540,746";"815,3000000000001";"827,3000000000001";"612,2";"BCDFEE+BookmanOldStyle";"12,0";"366,09799999999996";"306,1";"0,09800392028748764";"0,3127245998039856";"0,5705586409670041";"False";"PEMBUKAAN";"DASAR HUKUM"
"5";"Nomor 44 Seri D";"191,45";"289,226";"835,1";"847,1";"612,2";"BCDFEE+BookmanOldStyle";"12,0";"240,338";"306,1";"0,10741914407056521";"0,3127245998039856";"0,15971251225089841";"False";"PEMBUKAAN";"DASAR HUKUM"
"5";");";"289,3";"294,26";"838,2";"846,2";"612,2";"BCDFEE+BookmanOldStyle";"8,0";"291,78";"306,1";"0,023391048676903052";"0,4725579875857563";"0,008101927474681442";"False";"PEMBUKAAN";"DASAR HUKUM"
"6";"6";"302,5";"309,94";"35,90000000000009";"47,90000000000009";"612,2";"BCDFEE+BookmanOldStyle";"12,0";"306,22";"306,1";"0,0001960143743874625";"0,4941195687683763";"0,01215289121202221";"False";"PEMBUKAAN";"DASAR HUKUM"
"6";"MEMUTUSKAN:";"258,88";"353,08";"81,5200000000001";"93,5200000000001";"612,2";"BCDFEE+BookmanOldStyle";"12,0";"305,98";"306,1";"0,0001960143743874625";"0,4228683436785364";"0,1538712838941522";"True";"PEMBUKAAN";"DASAR HUKUM"
"6";"Menetapkan : PERATURAN BUPATI TENTANG PERUBAHAN ATAS";"70,825";"541,1859999999999";"119,32000000000005";"131,32000000000005";"612,2";"BCDFEE+BookmanOldStyle";"12,0";"306,0055";"306,1";"0,00015436131983018474";"0,11568931721659588";"0,7683126429271478";"False";"PEMBUKAAN";"DASAR HUKUM"
"6";"PERATURAN BUPATI NOMOR 99 TAHUN 2023 TENTANG";"170,05";"540,982";"137,32000000000005";"149,32000000000005";"612,2";"BCDFEE+BookmanOldStyle";"12,0";"355,51599999999996";"306,1";"0,08071871937275389";"0,2777687030382228";"0,6059000326690623";"True";"PEMBUKAAN";"DASAR HUKUM"
"6";"LAPORAN HARTA KEKAYAAN APARATUR NEGARA";"170,05";"540,754";"155,1500000000001";"167,1500000000001";"612,2";"BCDFEE+BookmanOldStyle";"12,0";"355,40200000000004";"306,1";"0,08053250571708595";"0,2777687030382228";"0,6055276053577262";"True";"PEMBUKAAN";"DASAR HUKUM"
"6";"DI LINGKUNGAN PEMERINTAH KABUPATEN MALANG.";"170,05";"497,19";"173,1500000000001";"185,1500000000001";"612,2";"BCDFEE+BookmanOldStyle";"12,0";"333,62";"306,1";"0,044952629859522995";"0,2777687030382228";"0,5343678536426004";"True";"PEMBUKAAN";"DASAR HUKUM"
"6";"Pasal I";"286,5";"325,56";"210,95000000000005";"222,95000000000005";"612,2";"BCDFEE+BookmanOldStyle";"12,0";"306,03";"306,1";"0,00011434171839276384";"0,467984318850049";"0,06380267886311662";"False";"PEMBUKAAN";"DASAR HUKUM"
"6";"Beberapa ketentuan dalam Peraturan Bupati Nomor 99";"170,05";"540,766";"248,7500000000001";"260,7500000000001";"612,2";"BCDFEE+BookmanOldStyle";"12,0";"355,408";"306,1";"0,08054230643580527";"0,2777687030382228";"0,6055472067951648";"False";"PEMBUKAAN";"DASAR HUKUM"
"6";"Tahun 2023 tentang Laporan Harta Kekayaan Aparatur";"170,05";"540,9359999999999";"266,57000000000005";"278,57000000000005";"612,2";"BCDFEE+BookmanOldStyle";"12,0";"355,49299999999994";"306,1";"0,08068114995099626";"0,2777687030382228";"0,605824893825547";"False";"PEMBUKAAN";"DASAR HUKUM"
"6";"Negara di Lingkungan Pemerintah Kabupaten Malang";"170,05";"541,226";"284,57000000000005";"296,57000000000005";"612,2";"BCDFEE+BookmanOldStyle";"12,0";"355,63800000000003";"306,1";"0,08091800065338126";"0,2777687030382228";"0,6062985952303168";"False";"PEMBUKAAN";"DASAR HUKUM"
"6";"(Berita Daerah Tahun 2023 Nomor 99 Seri D), diubah";"170,05";"540,852";"302,3700000000001";"314,3700000000001";"612,2";"BCDFEE+BookmanOldStyle";"12,0";"355,451";"306,1";"0,0806125449199608";"0,2777687030382228";"0,6056876837634759";"False";"PEMBUKAAN";"DASAR HUKUM"
"6";"sebagai berikut:";"170,05";"264,22599999999994";"320,3700000000001";"332,3700000000001";"612,2";"BCDFEE+BookmanOldStyle";"12,0";"217,13799999999998";"306,1";"0,14531525645213988";"0,2777687030382228";"0,15383208101927462";"False";"PEMBUKAAN";"DASAR HUKUM"
"6";"1. Ketentuan Pasal 1 diubah, sehingga berbunyi sebagai";"170,05";"541,224";"358,18000000000006";"370,18000000000006";"612,2";"BCDFEE+BookmanOldStyle";"12,0";"355,63700000000006";"306,1";"0,08091636720026141";"0,2777687030382228";"0,6062953283240771";"False";"PEMBUKAAN";"DASAR HUKUM"
"6";"berikut:";"191,45";"237,866";"376,0000000000001";"388,0000000000001";"612,2";"BCDFEE+BookmanOldStyle";"12,0";"214,65800000000002";"306,1";"0,14936622018948056";"0,3127245998039856";"0,07581836001306766";"False";"PEMBUKAAN";"DASAR HUKUM"
"6";"Pasal 1";"284,9";"327,32";"413,8";"425,8";"612,2";"BCDFEE+BookmanOldStyle";"12,0";"306,11";"306,1";"1,6334531198939734e-05";"0,4653707938582162";"0,06929108134596539";"False";"BATANG TUBUH";"PASAL 1"
"6";"Dalam Peraturan Bupati ini yang dimaksud dengan:";"191,45";"499,24999999999994";"451,6";"463,6";"612,2";"BCDFEE+BookmanOldStyle";"12,0";"345,34999999999997";"306,1";"0,06411303495589667";"0,3127245998039856";"0,5027768703038221";"False";"BATANG TUBUH";"PASAL 1"
"6";"1. Daerah adalah Kabupaten Malang.";"191,45";"418,15999999999997";"470,6";"482,6";"612,2";"BCDFEE+BookmanOldStyle";"12,0";"304,80499999999995";"306,1";"0,002115321790264738";"0,3127245998039856";"0,37032015681149943";"False";"BATANG TUBUH";"PASAL 1"
"6";"2. Pemerintah Daerah adalah Pemerintah Kabupaten";"191,45";"540,926";"489,42";"501,42";"612,2";"BCDFEE+BookmanOldStyle";"12,0";"366,188";"306,1";"0,09815093106827828";"0,3127245998039856";"0,5708526625285855";"False";"BATANG TUBUH";"PASAL 1"
"6";"Malang.";"212,68";"259,51";"507,42";"519,4200000000001";"612,2";"BCDFEE+BookmanOldStyle";"12,0";"236,095";"306,1";"0,11434988565828164";"0,3474028095393662";"0,07649460960470432";"False";"BATANG TUBUH";"PASAL 1"
"6";"3. Bupati adalah Bupati Malang.";"191,45";"390,15999999999997";"526,23";"538,23";"612,2";"BCDFEE+BookmanOldStyle";"12,0";"290,80499999999995";"306,1";"0,024983665468801163";"0,3127245998039856";"0,3245834694544266";"False";"BATANG TUBUH";"PASAL 1"
"6";"4. Komisi Pemberantasan Korupsi yang selanjutnya";"191,45";"540,9760000000001";"545,22";"557,22";"612,2";"BCDFEE+BookmanOldStyle";"12,0";"366,2130000000001";"306,1";"0,09819176739627582";"0,3127245998039856";"0,5709343351845804";"False";"BATANG TUBUH";"PASAL 1"
"6";"disingkat KPK adalah lembaga negara dalam rumpun";"212,68";"540,6759999999998";"563,02";"575,02";"612,2";"BCDFEE+BookmanOldStyle";"12,0";"376,6779999999999";"306,1";"0,11528585429598147";"0,3474028095393662";"0,5357660895132306";"False";"BATANG TUBUH";"PASAL 1"
"6";"kekuasaan eksekutif yang melaksanakan tugas";"212,68";"541,048";"581,02";"593,02";"612,2";"BCDFEE+BookmanOldStyle";"12,0";"376,86400000000003";"306,1";"0,11558967657628227";"0,3474028095393662";"0,536373734073832";"False";"BATANG TUBUH";"PASAL 1"
"6";"pencegahan dan pemberantasan tindak pidana";"212,68";"541,51";"598,85";"610,85";"612,2";"BCDFEE+BookmanOldStyle";"12,0";"377,095";"306,1";"0,11596700424697812";"0,3474028095393662";"0,5371283894152237";"False";"BATANG TUBUH";"PASAL 1"
"6";"korupsi.";"212,68";"261,304";"616,85";"628,85";"612,2";"BCDFEE+BookmanOldStyle";"12,0";"236,992";"306,1";"0,11288467820973543";"0,3474028095393662";"0,07942502450179674";"False";"BATANG TUBUH";"PASAL 1"
"6";"5. Perangkat Daerah adalah unsur pembantu Bupati dan";"191,45";"540,8319999999999";"635,6500000000001";"647,6500000000001";"612,2";"BCDFEE+BookmanOldStyle";"12,0";"366,14099999999996";"306,1";"0,09807415877164315";"0,3127245998039856";"0,570699117935315";"False";"BATANG TUBUH";"PASAL 1"
"6";"Dewan Perwakilan Rakyat Daerah dalam";"212,68";"540,9159999999999";"653,6500000000001";"665,6500000000001";"612,2";"BCDFEE+BookmanOldStyle";"12,0";"376,798";"306,1";"0,11548186867036912";"0,3474028095393662";"0,5361581182620058";"False";"BATANG TUBUH";"PASAL 1"
"6";"penyelenggaraan Urusan Pemerintahan yang menjadi";"212,68";"540,7600000000001";"671,45";"683,45";"612,2";"BCDFEE+BookmanOldStyle";"12,0";"376,72";"306,1";"0,11535445932701731";"0,3474028095393662";"0,5359032995753024";"False";"BATANG TUBUH";"PASAL 1"
"6";"kewenangan Daerah.";"212,68";"336,82";"689,45";"701,45";"612,2";"BCDFEE+BookmanOldStyle";"12,0";"274,75";"306,1";"0,051208755308722674";"0,3474028095393662";"0,20277687030382224";"False";"BATANG TUBUH";"PASAL 1"
"6";"6. Penyelenggara Negara adalah pejabat negara yang";"191,45";"541,024";"708,27";"720,27";"612,2";"BCDFEE+BookmanOldStyle";"12,0";"366,23699999999997";"306,1";"0,09823097027115311";"0,3127245998039856";"0,5710127409343352";"False";"BATANG TUBUH";"PASAL 1"
"6";"menjalankan fungsi eksekutif dan pejabat lain yang";"212,68";"541,114";"726,27";"738,27";"612,2";"BCDFEE+BookmanOldStyle";"12,0";"376,89700000000005";"306,1";"0,11564358052923884";"0,3474028095393662";"0,5364815419797452";"False";"BATANG TUBUH";"PASAL 1"
"6";"memiliki fungsi strategis atau fungsi dan tugas";"212,68";"540,808";"744,07";"756,07";"612,2";"BCDFEE+BookmanOldStyle";"12,0";"376,744";"306,1";"0,1153936622018948";"0,3474028095393662";"0,5359817053250571";"False";"BATANG TUBUH";"PASAL 1"
"6";"pokoknya berkaitan dengan penyelenggaraan negara";"212,68";"540,7599999999999";"762,07";"774,07";"612,2";"BCDFEE+BookmanOldStyle";"12,0";"376,7199999999999";"306,1";"0,11535445932701713";"0,3474028095393662";"0,5359032995753019";"False";"BATANG TUBUH";"PASAL 1"
"6";"atau pejabat publik lainnya, dan menerima";"212,68";"540,748";"779,87";"791,87";"612,2";"BCDFEE+BookmanOldStyle";"12,0";"376,71400000000006";"306,1";"0,11534465860829798";"0,3474028095393662";"0,5358836981378635";"False";"BATANG TUBUH";"PASAL 1"
"6";"penghasilan/fasilitas dari keuangan negara atau";"212,68";"540,9639999999998";"797,87";"809,87";"612,2";"BCDFEE+BookmanOldStyle";"12,0";"376,8219999999999";"306,1";"0,11552107154524642";"0,3474028095393662";"0,5362365240117606";"False";"BATANG TUBUH";"PASAL 1"
"6";"Daerah sesuai dengan ketentuan peraturan";"212,68";"541,132";"815,7";"827,7";"612,2";"BCDFEE+BookmanOldStyle";"12,0";"376,90599999999995";"306,1";"0,11565828160731774";"0,3474028095393662";"0,5365109441359032";"False";"BATANG TUBUH";"PASAL 1"
"6";"perundang-undangan.";"212,68";"345,14";"833,7";"845,7";"612,2";"BCDFEE+BookmanOldStyle";"12,0";"278,90999999999997";"306,1";"0,04441359032995761";"0,3474028095393662";"0,21636720026135245";"False";"BATANG TUBUH";"PASAL 1"
"7";"7";"302,5";"309,94";"35,90000000000009";"47,90000000000009";"612,2";"BCDFEE+BookmanOldStyle";"12,0";"306,22";"306,1";"0,0001960143743874625";"0,4941195687683763";"0,01215289121202221";"False";"BATANG TUBUH";"PASAL 1"
"7";"7. Aparatur Sipil Negara yang selanjutnya disingkat ASN";"191,45";"540,796";"81,5200000000001";"93,5200000000001";"612,2";"BCDFEE+BookmanOldStyle";"12,0";"366,12300000000005";"306,1";"0,09804475661548517";"0,3127245998039856";"0,570640313622999";"False";"BATANG TUBUH";"PASAL 1"
"7";"adalah profesi bagi pegawai negeri sipil dan pegawai";"212,68";"540,9879999999999";"100,32000000000005";"112,32000000000005";"612,2";"BCDFEE+BookmanOldStyle";"12,0";"376,83399999999995";"306,1";"0,11554067298268526";"0,3474028095393662";"0,5362757268866382";"False";"BATANG TUBUH";"PASAL 1"
"7";"pemerintah dengan perjanjian kerja yang bekerja pada";"212,68";"540,748";"118,92000000000007";"130,92000000000007";"612,2";"BCDFEE+BookmanOldStyle";"12,0";"376,71400000000006";"306,1";"0,11534465860829798";"0,3474028095393662";"0,5358836981378635";"False";"BATANG TUBUH";"PASAL 1"
"7";"instansi Pemerintah Daerah.";"212,68";"381,76";"137,72000000000014";"149,72000000000014";"612,2";"BCDFEE+BookmanOldStyle";"12,0";"297,22";"306,1";"0,014505063704671667";"0,3474028095393662";"0,27618425351192416";"False";"BATANG TUBUH";"PASAL 1"
"7";"8. Laporan Harta Kekayaan Aparatur Negara yang";"191,45";"540,7959999999999";"157,35000000000014";"169,35000000000014";"612,2";"BCDFEE+BookmanOldStyle";"12,0";"366,12299999999993";"306,1";"0,09804475661548498";"0,3127245998039856";"0,5706403136229989";"False";"BATANG TUBUH";"PASAL 1"
"7";"selanjutnya disingkat LHKAN adalah kewajiban yang";"212,68";"541,376";"176,1500000000001";"188,1500000000001";"612,2";"BCDFEE+BookmanOldStyle";"12,0";"377,028";"306,1";"0,1158575628879451";"0,3474028095393662";"0,5369095066971578";"False";"BATANG TUBUH";"PASAL 1"
"7";"harus disampaikan oleh setiap Penyelenggara Negara";"212,68";"540,7359999999999";"194,95000000000005";"206,95000000000005";"612,2";"BCDFEE+BookmanOldStyle";"12,0";"376,70799999999997";"306,1";"0,11533485788957848";"0,3474028095393662";"0,5358640967004245";"False";"BATANG TUBUH";"PASAL 1"
"7";"atau ASN baik berupa Laporan Harta Kekayaan";"212,68";"541,0599999999998";"213,55000000000007";"225,55000000000007";"612,2";"BCDFEE+BookmanOldStyle";"12,0";"376,8699999999999";"306,1";"0,1155994772950014";"0,3474028095393662";"0,5363933355112706";"False";"BATANG TUBUH";"PASAL 1"
"7";"Penyelenggara Negara dan/atau Surat Pemberitahuan";"212,68";"541,024";"232,35000000000014";"244,35000000000014";"612,2";"BCDFEE+BookmanOldStyle";"12,0";"376,852";"306,1";"0,11557007513884343";"0,3474028095393662";"0,5363345311989546";"False";"BATANG TUBUH";"PASAL 1"
"7";"Tahunan Pajak Penghasilan Wajib Pajak Orang Pribadi";"212,68";"540,7599999999999";"251,1500000000001";"263,1500000000001";"612,2";"BCDFEE+BookmanOldStyle";"12,0";"376,7199999999999";"306,1";"0,11535445932701713";"0,3474028095393662";"0,5359032995753019";"False";"BATANG TUBUH";"PASAL 1"
"7";"sesuai dengan ketentuan peraturan perundang-";"212,68";"541,38";"269,7700000000001";"281,7700000000001";"612,2";"BCDFEE+BookmanOldStyle";"12,0";"377,03";"306,1";"0,11586082979418481";"0,3474028095393662";"0,5369160405096373";"False";"BATANG TUBUH";"PASAL 1"
"7";"undangan.";"212,68";"276,51";"288,57000000000005";"300,57000000000005";"612,2";"BCDFEE+BookmanOldStyle";"12,0";"244,595";"306,1";"0,10046553413917024";"0,3474028095393662";"0,10426331264292711";"False";"BATANG TUBUH";"PASAL 1"
"7";"9. Laporan Harta Kekayaan Penyelenggara Negara yang";"191,45";"540,808";"308,18000000000006";"320,18000000000006";"612,2";"BCDFEE+BookmanOldStyle";"12,0";"366,129";"306,1";"0,0980545573342045";"0,3127245998039856";"0,5706599150604378";"False";"BATANG TUBUH";"PASAL 1"
"7";"selanjutnya disingkat LHKPN adalah laporan dalam";"212,68";"541,288";"326,97000000000014";"338,97000000000014";"612,2";"BCDFEE+BookmanOldStyle";"12,0";"376,98400000000004";"306,1";"0,11578569095066973";"0,3474028095393662";"0,5367657628226069";"False";"BATANG TUBUH";"PASAL 1"
"7";"bentuk dokumen, termasuk namun tidak terbatas";"212,68";"541,036";"345,7700000000001";"357,7700000000001";"612,2";"BCDFEE+BookmanOldStyle";"12,0";"376,85799999999995";"306,1";"0,11557987585756276";"0,3474028095393662";"0,5363541326363932";"False";"BATANG TUBUH";"PASAL 1"
"7";"pada dokumen elektronik tentang uraian dan rincian";"212,68";"540,9159999999998";"364,3700000000001";"376,3700000000001";"612,2";"BCDFEE+BookmanOldStyle";"12,0";"376,7979999999999";"306,1";"0,11548186867036893";"0,3474028095393662";"0,5361581182620055";"False";"BATANG TUBUH";"PASAL 1"
"7";"informasi mengenai harta kekayaan, data pribadi,";"212,68";"541,118";"383,20000000000005";"395,20000000000005";"612,2";"BCDFEE+BookmanOldStyle";"12,0";"376,899";"306,1";"0,11564684743547855";"0,3474028095393662";"0,5364880757922248";"False";"BATANG TUBUH";"PASAL 1"
"7";"penerimaan, pengeluaran, dan data lainnya atas harta";"212,68";"541,0959999999998";"401,80000000000007";"413,8";"612,2";"BCDFEE+BookmanOldStyle";"11,999999999999943";"376,8879999999999";"306,1";"0,11562887945115957";"0,3474028095393662";"0,5364521398235866";"False";"BATANG TUBUH";"PASAL 1"
"7";"kekayaan Penyelenggara Negara.";"212,68";"405,57";"420,6";"432,6";"612,2";"BCDFEE+BookmanOldStyle";"12,0";"309,125";"306,1";"0,004941195687683726";"0,3474028095393662";"0,31507677229663505";"False";"BATANG TUBUH";"PASAL 1"
"7";"10. Harta Kekayaan adalah harta benda berupa benda";"191,45";"540,916";"440,40000000000003";"452,40000000000003";"612,2";"BCDFEE+BookmanOldStyle";"12,0";"366,183";"306,1";"0,0981427638026788";"0,3127245998039856";"0,5708363279973865";"False";"BATANG TUBUH";"PASAL 1"
"7";"bergerak atau tidak bergerak, berwujud atau tidak";"212,68";"540,94";"459,00000000000006";"471,00000000000006";"612,2";"BCDFEE+BookmanOldStyle";"12,0";"376,81000000000006";"306,1";"0,11550147010780795";"0,3474028095393662";"0,5361973211368835";"False";"BATANG TUBUH";"PASAL 1"
"7";"berwujud, termasuk hak dan kewajiban lainnya yang";"212,68";"541,048";"477,82000000000005";"489,82000000000005";"612,2";"BCDFEE+BookmanOldStyle";"12,0";"376,86400000000003";"306,1";"0,11558967657628227";"0,3474028095393662";"0,536373734073832";"False";"BATANG TUBUH";"PASAL 1"
"7";"dapat dinilai dengan uang yang dimiliki oleh";"212,68";"540,8319999999999";"496,42";"508,42";"612,2";"BCDFEE+BookmanOldStyle";"12,0";"376,756";"306,1";"0,11541326363933346";"0,3474028095393662";"0,5360209081999344";"False";"BATANG TUBUH";"PASAL 1"
"7";"Penyelenggara Negara beserta istri/suami dan anak";"212,68";"541,012";"515,23";"527,23";"612,2";"BCDFEE+BookmanOldStyle";"12,0";"376,846";"306,1";"0,1155602744201241";"0,3474028095393662";"0,5363149297615157";"False";"BATANG TUBUH";"PASAL 1"
"7";"tanggungan Penyelenggara Negara, baik atas nama";"212,68";"540,6999999999999";"534,02";"546,02";"612,2";"BCDFEE+BookmanOldStyle";"12,0";"376,68999999999994";"306,1";"0,11530545573342031";"0,3474028095393662";"0,5358052923881083";"False";"BATANG TUBUH";"PASAL 1"
"7";"Penyelenggara Negara, istri/suami, anak tanggungan";"212,68";"540,892";"552,6200000000001";"564,6200000000001";"612,2";"BCDFEE+BookmanOldStyle";"12,0";"376,78600000000006";"306,1";"0,11546226723293046";"0,3474028095393662";"0,5361189153871284";"False";"BATANG TUBUH";"PASAL 1"
"7";"atau pihak lain, yang diperoleh sebelum dan selama";"212,68";"540,808";"571,4300000000001";"583,4300000000001";"612,2";"BCDFEE+BookmanOldStyle";"12,0";"376,744";"306,1";"0,1153936622018948";"0,3474028095393662";"0,5359817053250571";"False";"BATANG TUBUH";"PASAL 1"
"7";"Penyelenggara Negara memangku jabatannya.";"212,68";"484,98999999999995";"590,25";"602,25";"612,2";"BCDFEE+BookmanOldStyle";"12,0";"348,835";"306,1";"0,06980561907873237";"0,3474028095393662";"0,44480561907873234";"False";"BATANG TUBUH";"PASAL 1"
"7";"11. Surat Pemberitahuan Tahunan Pajak Penghasilan";"191,45";"541,1080000000001";"609,85";"621,85";"612,2";"BCDFEE+BookmanOldStyle";"12,0";"366,279";"306,1";"0,09829957530218877";"0,3127245998039856";"0,5711499509964065";"False";"BATANG TUBUH";"PASAL 1"
"7";"Wajib Pajak Orang Pribadi yang selanjutnya disebut";"212,68";"540,7719999999999";"628,6500000000001";"640,6500000000001";"612,2";"BCDFEE+BookmanOldStyle";"12,0";"376,726";"306,1";"0,11536426004573665";"0,3474028095393662";"0,5359229010127408";"False";"BATANG TUBUH";"PASAL 1"
"7";"SPT adalah surat yang digunakan oleh wajib pajak";"212,68";"541,18";"647,25";"659,25";"612,2";"BCDFEE+BookmanOldStyle";"12,0";"376,92999999999995";"306,1";"0,11569748448219523";"0,3474028095393662";"0,5365893498856581";"False";"BATANG TUBUH";"PASAL 1"
"7";"untuk melaporkan perhitungan dan/atau pembayaran";"212,68";"540,8319999999998";"666,0500000000001";"678,0500000000001";"612,2";"BCDFEE+BookmanOldStyle";"11,999999999999972";"376,75599999999986";"306,1";"0,11541326363933327";"0,3474028095393662";"0,5360209081999342";"False";"BATANG TUBUH";"PASAL 1"
"7";"pajak, objek pajak dan/atau bukan objek pajak, serta";"212,68";"541,278";"684,85";"696,85";"612,2";"BCDFEE+BookmanOldStyle";"12,0";"376,97900000000004";"306,1";"0,11577752368507026";"0,3474028095393662";"0,536749428291408";"False";"BATANG TUBUH";"PASAL 1"
"7";"harta dan kewajiban sesuai dengan ketentuan";"212,68";"540,88";"703,47";"715,47";"612,2";"BCDFEE+BookmanOldStyle";"12,0";"376,78";"306,1";"0,11545246651421096";"0,3474028095393662";"0,5360993139496896";"False";"BATANG TUBUH";"PASAL 1"
"7";"peraturan perundang-undangan di bidang perpajakan.";"212,68";"536,4200000000001";"722,27";"734,27";"612,2";"BCDFEE+BookmanOldStyle";"12,0";"374,55000000000007";"306,1";"0,11180986605684423";"0,3474028095393662";"0,528814113034956";"False";"BATANG TUBUH";"PASAL 1"
"7";"12. Pengumuman adalah pengumuman LHKPN oleh";"191,45";"540,7719999999999";"741,87";"753,87";"612,2";"BCDFEE+BookmanOldStyle";"12,0";"366,111";"306,1";"0,09802515517804633";"0,3127245998039856";"0,5706011107481214";"False";"BATANG TUBUH";"PASAL 1"
"7";"Penyelenggara Negara selaku wajib LHKPN dan/atau";"212,68";"540,9639999999999";"760,6800000000001";"772,6800000000001";"612,2";"BCDFEE+BookmanOldStyle";"12,0";"376,822";"306,1";"0,11552107154524661";"0,3474028095393662";"0,5362365240117607";"False";"BATANG TUBUH";"PASAL 1"
"7";"KPK kepada publik.";"212,68";"328,94";"779,48";"791,48";"612,2";"BCDFEE+BookmanOldStyle";"12,0";"270,81";"306,1";"0,05764456060111078";"0,3474028095393662";"0,18990525971904604";"False";"BATANG TUBUH";"PASAL 1"
"7";"13. Unit Pengelolaan LHKPN adalah unit yang menjadi";"191,45";"541,13";"799,07";"811,07";"612,2";"BCDFEE+BookmanOldStyle";"12,0";"366,28999999999996";"306,1";"0,09831754328650757";"0,3127245998039856";"0,571185886965044";"False";"BATANG TUBUH";"PASAL 1"
"7";"mitra KPK dalam melakukan pengelolaan LHKPN di";"212,68";"540,8439999999999";"817,9000000000001";"829,9000000000001";"612,2";"BCDFEE+BookmanOldStyle";"12,0";"376,76199999999994";"306,1";"0,11542306435805279";"0,3474028095393662";"0,5360405096373733";"False";"BATANG TUBUH";"PASAL 1"
"7";"lingkungan Pemerintah Daerah.";"212,68";"401,15999999999997";"836,7";"848,7";"612,2";"BCDFEE+BookmanOldStyle";"12,0";"306,91999999999996";"306,1";"0,0013394315583141723";"0,3474028095393662";"0,307873244037896";"False";"BATANG TUBUH";"PASAL 1"
"8";"8";"302,5";"309,94";"35,90000000000009";"47,90000000000009";"612,2";"BCDFEE+BookmanOldStyle";"12,0";"306,22";"306,1";"0,0001960143743874625";"0,4941195687683763";"0,01215289121202221";"False";"BATANG TUBUH";"PASAL 1"
"8";"2. Ketentuan Pasal 4 diubah, sehingga berbunyi sebagai";"170,05";"541,224";"81,5200000000001";"93,5200000000001";"612,2";"BCDFEE+BookmanOldStyle";"12,0";"355,63700000000006";"306,1";"0,08091636720026141";"0,2777687030382228";"0,6062953283240771";"False";"BATANG TUBUH";"PASAL 1"
"8";"berikut:";"191,45";"237,866";"99,92000000000007";"111,92000000000007";"612,2";"BCDFEE+BookmanOldStyle";"12,0";"214,65800000000002";"306,1";"0,14936622018948056";"0,3127245998039856";"0,07581836001306766";"False";"BATANG TUBUH";"PASAL 1"
"8";"Pasal 4";"284,9";"327,32";"138,72000000000014";"150,72000000000014";"612,2";"BCDFEE+BookmanOldStyle";"12,0";"306,11";"306,1";"1,6334531198939734e-05";"0,4653707938582162";"0,06929108134596539";"False";"BATANG TUBUH";"PASAL 4"
"8";"(1) LHKAN terdiri atas:";"191,45";"327,24399999999997";"177,7500000000001";"189,7500000000001";"612,2";"BCDFEE+BookmanOldStyle";"12,0";"259,347";"306,1";"0,07636883371447246";"0,3127245998039856";"0,22181313296308391";"False";"BATANG TUBUH";"PASAL 4"
"8";"a. LHKPN; dan";"212,68";"305,40000000000003";"197,1500000000001";"209,1500000000001";"612,2";"BCDFEE+BookmanOldStyle";"12,0";"259,04";"306,1";"0,0768703038222803";"0,3474028095393662";"0,151453773276707";"False";"BATANG TUBUH";"PASAL 4"
"8";"b. SPT.";"212,68";"260,316";"216,55000000000007";"228,55000000000007";"612,2";"BCDFEE+BookmanOldStyle";"12,0";"236,498";"306,1";"0,11369160405096378";"0,3474028095393662";"0,07781117281934002";"False";"BATANG TUBUH";"PASAL 4"
"8";"(2) Penyampaian LHKAN sebagaimana dimaksud pada";"191,45";"540,988";"235,95000000000005";"247,95000000000005";"612,2";"BCDFEE+BookmanOldStyle";"12,0";"366,21900000000005";"306,1";"0,09820156811499514";"0,3127245998039856";"0,570953936622019";"False";"BATANG TUBUH";"PASAL 4"
"8";"ayat (1) diwajibkan bagi Penyelenggara Negara sebagai";"212,68";"540,818";"254,35000000000014";"266,35000000000014";"612,2";"BCDFEE+BookmanOldStyle";"12,0";"376,749";"306,1";"0,11540182946749428";"0,3474028095393662";"0,535998039856256";"False";"BATANG TUBUH";"PASAL 4"
"8";"berikut:";"212,68";"259,096";"272,7700000000001";"284,7700000000001";"612,2";"BCDFEE+BookmanOldStyle";"12,0";"235,888";"306,1";"0,11468801045409999";"0,3474028095393662";"0,07581836001306762";"False";"BATANG TUBUH";"PASAL 4"
"8";"a. Bupati;";"212,68";"277,272";"292,3700000000001";"304,3700000000001";"612,2";"BCDFEE+BookmanOldStyle";"12,0";"244,976";"306,1";"0,09984318850049007";"0,3474028095393662";"0,10550800392028746";"False";"BATANG TUBUH";"PASAL 4"
"8";"b. Wakil Bupati;";"212,68";"314,2559999999999";"311,7700000000001";"323,7700000000001";"612,2";"BCDFEE+BookmanOldStyle";"12,0";"263,46799999999996";"306,1";"0,06963737340738331";"0,3474028095393662";"0,16591963410650098";"False";"BATANG TUBUH";"PASAL 4"
"8";"c. Sekretaris Daerah;";"212,68";"344,05199999999996";"331,18000000000006";"343,18000000000006";"612,2";"BCDFEE+BookmanOldStyle";"12,0";"278,366";"306,1";"0,04530218882718072";"0,3474028095393662";"0,21459000326690617";"False";"BATANG TUBUH";"PASAL 4"
"8";"d. pejabat pimpinan tinggi pratama;";"212,68";"430,368";"350,57000000000005";"362,57000000000005";"612,2";"BCDFEE+BookmanOldStyle";"12,0";"321,524";"306,1";"0,025194380921267523";"0,3474028095393662";"0,35558314276380265";"False";"BATANG TUBUH";"PASAL 4"
"8";"e. pejabat administrator;";"212,68";"365,00399999999996";"370,0000000000001";"382,0000000000001";"612,2";"BCDFEE+BookmanOldStyle";"12,0";"288,842";"306,1";"0,028190133943155893";"0,3474028095393662";"0,2488141130349558";"False";"BATANG TUBUH";"PASAL 4"
"8";"f. direksi, anggota dewan komisaris atau anggota";"212,68";"540,7560000000001";"389,4000000000001";"401,4000000000001";"612,2";"BCDFEE+BookmanOldStyle";"12,0";"376,7180000000001";"306,1";"0,1153511924207776";"0,3474028095393662";"0,5358967657628227";"False";"BATANG TUBUH";"PASAL 4"
"8";"dewan pengawas, dan kepala bagian atau satuan";"233,88";"540,852";"407,80000000000007";"419,8";"612,2";"BCDFEE+BookmanOldStyle";"11,999999999999943";"387,366";"306,1";"0,1327442012414243";"0,3820320156811499";"0,5014243711205487";"False";"BATANG TUBUH";"PASAL 4"
"8";"pengawas intern atau setingkat pejabat eksekutif";"233,88";"540,908";"426,40000000000003";"438,40000000000003";"612,2";"BCDFEE+BookmanOldStyle";"12,0";"387,394";"306,1";"0,1327899379287814";"0,3820320156811499";"0,501515844495263";"False";"BATANG TUBUH";"PASAL 4"
"8";"pada badan usaha milik daerah;";"233,88";"424,99199999999996";"444,8";"456,8";"612,2";"BCDFEE+BookmanOldStyle";"12,0";"329,436";"306,1";"0,03811826200588036";"0,3820320156811499";"0,3121724926494609";"False";"BATANG TUBUH";"PASAL 4"
"8";"g. pejabat pengguna anggaran atau kuasa pengguna";"212,68";"540,6960000000001";"464,20000000000005";"476,20000000000005";"612,2";"BCDFEE+BookmanOldStyle";"12,0";"376,6880000000001";"306,1";"0,11530218882718078";"0,3474028095393662";"0,5357987585756291";"False";"BATANG TUBUH";"PASAL 4"
"8";"anggaran;";"233,88";"292,64399999999995";"482,62000000000006";"494,62000000000006";"612,2";"BCDFEE+BookmanOldStyle";"12,0";"263,26199999999994";"306,1";"0,0699738647500818";"0,3820320156811499";"0,09598823913753667";"False";"BATANG TUBUH";"PASAL 4"
"8";"h. bendahara penerimaan, bendahara pengeluaran,";"212,68";"540,852";"502,02000000000004";"514,02";"612,2";"BCDFEE+BookmanOldStyle";"12,0";"376,76599999999996";"306,1";"0,1154295981705324";"0,3474028095393662";"0,5360535772623325";"False";"BATANG TUBUH";"PASAL 4"
"8";"bendahara penerimaan pembantu, dan bendahara";"233,88";"541,008";"520,4200000000001";"532,4200000000001";"612,2";"BCDFEE+BookmanOldStyle";"12,0";"387,444";"306,1";"0,1328716105847762";"0,3820320156811499";"0,5016791898072526";"False";"BATANG TUBUH";"PASAL 4"
"8";"pengeluaran pembantu;";"233,88";"374,61599999999993";"539,02";"551,02";"612,2";"BCDFEE+BookmanOldStyle";"12,0";"304,24799999999993";"306,1";"0,0030251551780465353";"0,3820320156811499";"0,2298856582816072";"False";"BATANG TUBUH";"PASAL 4"
"8";"i. pejabat pembuat komitmen, pejabat";"212,68";"541,0939999999999";"558,4200000000001";"570,4200000000001";"612,2";"BCDFEE+BookmanOldStyle";"12,0";"376,88699999999994";"306,1";"0,11562724599803972";"0,3474028095393662";"0,5364488729173471";"False";"BATANG TUBUH";"PASAL 4"
"8";"penatausahaan keuangan, dan pejabat pelaksana";"233,88";"540,972";"576,82";"588,82";"612,2";"BCDFEE+BookmanOldStyle";"12,0";"387,426";"306,1";"0,13284220842861802";"0,3820320156811499";"0,5016203854949363";"False";"BATANG TUBUH";"PASAL 4"
"8";"teknis kegiatan;";"233,88";"327,73999999999995";"595,25";"607,25";"612,2";"BCDFEE+BookmanOldStyle";"12,0";"280,80999999999995";"306,1";"0,04131002940215628";"0,3820320156811499";"0,1533159098333877";"False";"BATANG TUBUH";"PASAL 4"
"8";"j. pejabat administrasi yang bertugas dalam lingkup";"212,68";"540,8400000000001";"614,6500000000001";"626,6500000000001";"612,2";"BCDFEE+BookmanOldStyle";"12,0";"376,7600000000001";"306,1";"0,11541979745181326";"0,3474028095393662";"0,536033975824894";"False";"BATANG TUBUH";"PASAL 4"
"8";"pengadaan barang/jasa dan pejabat pengawas";"233,88";"541,0440000000001";"633,05";"645,05";"612,2";"BCDFEE+BookmanOldStyle";"12,0";"387,46200000000005";"306,1";"0,13290101274093435";"0,3820320156811499";"0,5017379941195689";"False";"BATANG TUBUH";"PASAL 4"
"8";"pada Perangkat Daerah/Unit Kerja Perangkat";"233,88";"540,8039999999999";"651,45";"663,45";"612,2";"BCDFEE+BookmanOldStyle";"12,0";"387,3419999999999";"306,1";"0,13270499836654673";"0,3820320156811499";"0,5013459653707936";"False";"BATANG TUBUH";"PASAL 4"
"8";"Daerah penyangga utama terhadap 8 (delapan)";"233,88";"540,7800000000001";"670,0500000000001";"682,0500000000001";"612,2";"BCDFEE+BookmanOldStyle";"12,0";"387,33000000000004";"306,1";"0,13268539692910816";"0,3820320156811499";"0,5013067624959164";"False";"BATANG TUBUH";"PASAL 4"
"8";"fokus area Pencegahan Korupsi melalui Monitoring,";"233,88";"541,1800000000001";"688,45";"700,51";"612,2";"BCDFEE+BookmanOldStyle";"12,0";"387,53000000000003";"306,1";"0,13301208755308722";"0,3820320156811499";"0,5019601437438747";"False";"BATANG TUBUH";"PASAL 4"
"8";"Controling, Surveilance for Prevention (MCSP) KPK;";"233,88";"527,99";"706,87";"718,9300000000001";"612,2";"BCDGEE+BookmanOldStyle-Italic";"12,0";"380,935";"306,1";"0,12223946422737664";"0,3820320156811499";"0,48041489709245344";"False";"BATANG TUBUH";"PASAL 4"
"8";"k. pejabat fungsional pengelola pengadaan";"212,68";"541,0219999999999";"726,27";"738,27";"612,2";"BCDFEE+BookmanOldStyle";"12,0";"376,851";"306,1";"0,11556844168572357";"0,3474028095393662";"0,5363312642927146";"False";"BATANG TUBUH";"PASAL 4"
"8";"barang/jasa;";"233,88";"309,64799999999997";"744,6800000000001";"756,6800000000001";"612,2";"BCDFEE+BookmanOldStyle";"12,0";"271,764";"306,1";"0,0560862463247305";"0,3820320156811499";"0,12376347598823909";"False";"BATANG TUBUH";"PASAL 4"
"8";"l. pejabat fungsional pengawas penyelenggara urusan";"212,68";"540,7319999999999";"764,07";"776,07";"612,2";"BCDFEE+BookmanOldStyle";"12,0";"376,7059999999999";"306,1";"0,11533159098333857";"0,3474028095393662";"0,5358575628879448";"False";"BATANG TUBUH";"PASAL 4"
"8";"pemerintahan daerah, pejabat fungsional auditor,";"233,88";"541,032";"782,6700000000001";"794,6700000000001";"612,2";"BCDFEE+BookmanOldStyle";"12,0";"387,456";"306,1";"0,13289121202221493";"0,3820320156811499";"0,50171839268213";"False";"BATANG TUBUH";"PASAL 4"
"8";"pejabat fungsional pemeriksa atau pejabat yang";"233,88";"540,868";"801,07";"813,07";"612,2";"BCDFEE+BookmanOldStyle";"12,0";"387,374";"306,1";"0,13275726886638353";"0,3820320156811499";"0,5014505063704672";"False";"BATANG TUBUH";"PASAL 4"
"8";"menjalankan tugas dan fungsi sejenis, dan penyidik";"233,88";"540,9720000000001";"819,5";"831,5";"612,2";"BCDFEE+BookmanOldStyle";"12,0";"387,42600000000004";"306,1";"0,13284220842861813";"0,3820320156811499";"0,5016203854949364";"False";"BATANG TUBUH";"PASAL 4"
"8";"pegawai negeri sipil;";"233,88";"352,53999999999996";"837,9000000000001";"849,9000000000001";"612,2";"BCDFEE+BookmanOldStyle";"12,0";"293,21";"306,1";"0,021055210715452535";"0,3820320156811499";"0,1938255472067951";"False";"BATANG TUBUH";"PASAL 4"
"9";"9";"302,5";"309,94";"35,90000000000009";"47,90000000000009";"612,2";"BCDFEE+BookmanOldStyle";"12,0";"306,22";"306,1";"0,0001960143743874625";"0,4941195687683763";"0,01215289121202221";"False";"BATANG TUBUH";"PASAL 4"
"9";"m. lurah, kepala sekolah, dan kepala pusat kesehatan";"212,68";"540,936";"81,5200000000001";"93,5200000000001";"612,2";"BCDFEE+BookmanOldStyle";"12,0";"376,808";"306,1";"0,11549820320156806";"0,3474028095393662";"0,5361907873244038";"False";"BATANG TUBUH";"PASAL 4"
"9";"masyarakat yang mengelola anggaran atau";"233,88";"540,9119999999999";"99,92000000000007";"111,92000000000007";"612,2";"BCDFEE+BookmanOldStyle";"12,0";"387,39599999999996";"306,1";"0,1327932048350211";"0,3820320156811499";"0,5015223783077424";"False";"BATANG TUBUH";"PASAL 4"
"9";"keuangan di atas Rp1.000.000.000,00 (satu milyar";"233,88";"540,948";"118,32000000000005";"130,32000000000005";"612,2";"BCDFEE+BookmanOldStyle";"12,0";"387,414";"306,1";"0,1328226069911793";"0,3820320156811499";"0,5015811826200587";"False";"BATANG TUBUH";"PASAL 4"
"9";"rupiah);";"233,88";"280,73999999999995";"136,73000000000013";"148,73000000000013";"612,2";"BCDFEE+BookmanOldStyle";"12,0";"257,30999999999995";"306,1";"0,07969617771969957";"0,3820320156811499";"0,07654361319830114";"False";"BATANG TUBUH";"PASAL 4"
"9";"n. ajudan Bupati, ajudan Wakil Bupati, dan ajudan";"212,68";"540,8879999999999";"156,35000000000014";"168,35000000000014";"612,2";"BCDFEE+BookmanOldStyle";"12,0";"376,784";"306,1";"0,11545900032669057";"0,3474028095393662";"0,5361123815746486";"False";"BATANG TUBUH";"PASAL 4"
"9";"Sekretaris Daerah; dan";"233,88";"370,128";"174,7500000000001";"186,7500000000001";"612,2";"BCDFEE+BookmanOldStyle";"12,0";"302,004";"306,1";"0,006690623979091806";"0,3820320156811499";"0,22255472067951645";"False";"BATANG TUBUH";"PASAL 4"
"9";"o. pejabat tertentu atau lainnya, termasuk staf";"212,68";"540,7800000000001";"194,1500000000001";"206,1500000000001";"612,2";"BCDFEE+BookmanOldStyle";"12,0";"376,73";"306,1";"0,11537079385821625";"0,3474028095393662";"0,5359359686377002";"False";"BATANG TUBUH";"PASAL 4"
"9";"khusus atas permintaan KPK dan/atau yang";"233,88";"540,876";"212,55000000000007";"224,55000000000007";"612,2";"BCDFEE+BookmanOldStyle";"12,0";"387,378";"306,1";"0,13276380267886304";"0,3820320156811499";"0,5014635739954263";"False";"BATANG TUBUH";"PASAL 4"
"9";"ditetapkan dengan Keputusan Bupati.";"233,88";"459,14399999999995";"230,95000000000005";"242,95000000000005";"612,2";"BCDFEE+BookmanOldStyle";"12,0";"346,51199999999994";"306,1";"0,06601110748121515";"0,3820320156811499";"0,36795818360013055";"False";"BATANG TUBUH";"PASAL 4"
"9";"(3) Khusus untuk ASN yang tidak termasuk sebagai";"191,45";"540,736";"250,35000000000014";"262,35000000000014";"612,2";"BCDFEE+BookmanOldStyle";"12,0";"366,09299999999996";"306,1";"0,09799575302188816";"0,3127245998039856";"0,5705423064358053";"False";"BATANG TUBUH";"PASAL 4"
"9";"Penyelenggara Negara sebagaimana dimaksud pada";"212,68";"541,04";"268,7700000000001";"280,7700000000001";"612,2";"BCDFEE+BookmanOldStyle";"12,0";"376,86";"306,1";"0,11558314276380266";"0,3474028095393662";"0,5363606664488728";"False";"BATANG TUBUH";"PASAL 4"
"9";"ayat (2), hanya diwajibkan menyampaikan SPT.";"212,68";"492,55799999999994";"287,3700000000001";"299,3700000000001";"612,2";"BCDFEE+BookmanOldStyle";"12,0";"352,61899999999997";"306,1";"0,07598660568441677";"0,3474028095393662";"0,4571675922901011";"False";"BATANG TUBUH";"PASAL 4"
"9";"(4) Perubahan dan penambahan ruang lingkup wajib lapor";"191,45";"540,616";"306,7700000000001";"318,7700000000001";"612,2";"BCDFEE+BookmanOldStyle";"12,0";"366,033";"306,1";"0,09789774583469453";"0,3127245998039856";"0,5703462920614177";"False";"BATANG TUBUH";"PASAL 4"
"9";"Penyelenggara Negara sebagaimana dimaksud pada";"212,68";"541,15";"325,1700000000001";"337,1700000000001";"612,2";"BCDFEE+BookmanOldStyle";"12,0";"376,91499999999996";"306,1";"0,11567298268539683";"0,3474028095393662";"0,5365403462920614";"False";"BATANG TUBUH";"PASAL 4"
"9";"ayat (2), ditetapkan dengan Keputusan Bupati.";"212,68";"489,39";"343,57000000000005";"355,57000000000005";"612,2";"BCDFEE+BookmanOldStyle";"12,0";"351,03499999999997";"306,1";"0,07339921594250236";"0,3474028095393662";"0,4519928128062724";"False";"BATANG TUBUH";"PASAL 4"
"9";"3. Ketentuan Pasal 5 diubah, sehingga berbunyi sebagai";"170,05";"541,224";"382,4000000000001";"394,4000000000001";"612,2";"BCDFEE+BookmanOldStyle";"12,0";"355,63700000000006";"306,1";"0,08091636720026141";"0,2777687030382228";"0,6062953283240771";"False";"BATANG TUBUH";"PASAL 4"
"9";"berikut:";"191,45";"237,866";"400,80000000000007";"412,8";"612,2";"BCDFEE+BookmanOldStyle";"11,999999999999943";"214,65800000000002";"306,1";"0,14936622018948056";"0,3127245998039856";"0,07581836001306766";"False";"BATANG TUBUH";"PASAL 4"
"9";"Pasal 5";"284,9";"327,32";"439,8";"451,8";"612,2";"BCDFEE+BookmanOldStyle";"12,0";"306,11";"306,1";"1,6334531198939734e-05";"0,4653707938582162";"0,06929108134596539";"False";"BATANG TUBUH";"PASAL 5"
"9";"(1) Penyelenggara Negara sebagaimana dimaksud dalam";"191,45";"540,904";"478,63000000000005";"490,63000000000005";"612,2";"BCDFEE+BookmanOldStyle";"12,0";"366,177";"306,1";"0,09813296308395948";"0,3127245998039856";"0,5708167265599478";"False";"BATANG TUBUH";"PASAL 5"
"9";"Pasal 4 ayat (2), wajib mengisi dan menyampaikan";"212,68";"541,0519999999999";"497,02000000000004";"509,02000000000004";"612,2";"BCDFEE+BookmanOldStyle";"12,0";"376,866";"306,1";"0,11559294348252198";"0,3474028095393662";"0,5363802678863114";"False";"BATANG TUBUH";"PASAL 4"
"9";"LHKPN kepada KPK pada saat:";"212,68";"394,228";"515,4200000000001";"527,4200000000001";"612,2";"BCDFEE+BookmanOldStyle";"12,0";"303,454";"306,1";"0,004322116955243409";"0,3474028095393662";"0,29655014701078075";"False";"BATANG TUBUH";"PASAL 4"
"9";"a. pengangkatan sebagai Penyelenggara Negara pada";"212,68";"540,7679999999998";"535,02";"547,02";"612,2";"BCDFEE+BookmanOldStyle";"12,0";"376,72399999999993";"306,1";"0,11536099313949674";"0,3474028095393662";"0,5359163672002609";"False";"BATANG TUBUH";"PASAL 4"
"9";"saat pertama kali menjabat;";"233,88";"398,97599999999994";"553,4300000000001";"565,4300000000001";"612,2";"BCDFEE+BookmanOldStyle";"12,0";"316,428";"306,1";"0,016870303822280257";"0,3820320156811499";"0,2696765762822606";"False";"BATANG TUBUH";"PASAL 4"
"9";"b. berakhirnya masa jabatan atau pensiun sebagai";"212,68";"540,884";"572,82";"584,82";"612,2";"BCDFEE+BookmanOldStyle";"12,0";"376,78200000000004";"306,1";"0,11545573342045085";"0,3474028095393662";"0,5361058477621692";"False";"BATANG TUBUH";"PASAL 4"
"9";"Penyelenggara Negara;";"233,88";"366,4199999999999";"591,25";"603,25";"612,2";"BCDFEE+BookmanOldStyle";"12,0";"300,15";"306,1";"0,009719046063378055";"0,3820320156811499";"0,21649787651094396";"False";"BATANG TUBUH";"PASAL 4"
"9";"c. pengangkatan kembali sebagai Penyelenggara";"212,68";"540,864";"610,6500000000001";"622,6500000000001";"612,2";"BCDFEE+BookmanOldStyle";"12,0";"376,77200000000005";"306,1";"0,1154393988892519";"0,3474028095393662";"0,5360731786997713";"False";"BATANG TUBUH";"PASAL 4"
"9";"Negara setelah berakhirnya masa jabatan atau";"233,88";"540,8879999999999";"629,05";"641,05";"612,2";"BCDFEE+BookmanOldStyle";"12,0";"387,38399999999996";"306,1";"0,13277360339758237";"0,3820320156811499";"0,5014831754328649";"False";"BATANG TUBUH";"PASAL 4"
"9";"pensiun; atau";"233,88";"315,78000000000003";"647,45";"659,45";"612,2";"BCDFEE+BookmanOldStyle";"12,0";"274,83000000000004";"306,1";"0,05107807905913097";"0,3820320156811499";"0,13377981051943813";"False";"BATANG TUBUH";"PASAL 4"
"9";"d. masih menjabat.";"212,68";"332,4479999999999";"667,0500000000001";"679,0500000000001";"612,2";"BCDFEE+BookmanOldStyle";"11,999999999999972";"272,56399999999996";"306,1";"0,0547794838288142";"0,3474028095393662";"0,19563541326363917";"False";"BATANG TUBUH";"PASAL 4"
"9";"(2) LHKPN sebagaimana dimaksud pada ayat (1) huruf a,";"191,45";"540,772";"686,45";"698,45";"612,2";"BCDFEE+BookmanOldStyle";"12,0";"366,111";"306,1";"0,09802515517804633";"0,3127245998039856";"0,5706011107481216";"False";"BATANG TUBUH";"PASAL 4"
"9";"huruf b, dan huruf c wajib diisi dan disampaikan";"212,68";"541,2059999999999";"704,87";"716,87";"612,2";"BCDFEE+BookmanOldStyle";"12,0";"376,943";"306,1";"0,11571871937275392";"0,3474028095393662";"0,5366318196667753";"False";"BATANG TUBUH";"PASAL 4"
"9";"secara khusus paling lambat 2 (dua) bulan terhitung";"212,68";"541,2280000000001";"723,27";"735,27";"612,2";"BCDFEE+BookmanOldStyle";"12,0";"376,95400000000006";"306,1";"0,11573668735707292";"0,3474028095393662";"0,5366677556354134";"False";"BATANG TUBUH";"PASAL 4"
"9";"sejak:";"212,68";"246,91600000000003";"741,6700000000001";"753,6700000000001";"612,2";"BCDFEE+BookmanOldStyle";"12,0";"229,798";"306,1";"0,12463573995426334";"0,3474028095393662";"0,05592290101274096";"False";"BATANG TUBUH";"PASAL 4"
"9";"a. saat pengangkatan pertama;";"212,68";"401,95199999999994";"761,07";"773,07";"612,2";"BCDFEE+BookmanOldStyle";"12,0";"307,316";"306,1";"0,0019862789937927987";"0,3474028095393662";"0,30916693890885316";"False";"BATANG TUBUH";"PASAL 4"
"9";"b. berakhirnya jabatan atau pensiun; atau";"212,68";"469,62000000000006";"780,48";"792,48";"612,2";"BCDFEE+BookmanOldStyle";"12,0";"341,15000000000003";"306,1";"0,05725253185233585";"0,3474028095393662";"0,4196994446259393";"False";"BATANG TUBUH";"PASAL 4"
"9";"c. pengangkatan kembali setelah berakhirnya masa";"212,68";"540,7919999999999";"800,07";"812,07";"612,2";"BCDFEE+BookmanOldStyle";"12,0";"376,736";"306,1";"0,11538059457693559";"0,3474028095393662";"0,5359555700751386";"False";"BATANG TUBUH";"PASAL 4"
"9";"jabatan atau pensiun,";"233,88";"363,9959999999999";"818,5";"830,5";"612,2";"BCDFEE+BookmanOldStyle";"12,0";"298,938";"306,1";"0,011698791244691333";"0,3820320156811499";"0,2125383861483174";"False";"BATANG TUBUH";"PASAL 4"
"9";"sebagai Penyelenggara Negara.";"212,68";"392,78799999999995";"837,9000000000001";"849,9000000000001";"612,2";"BCDFEE+BookmanOldStyle";"12,0";"302,734";"306,1";"0,005498203201568183";"0,3474028095393662";"0,29419797451813123";"False";"BATANG TUBUH";"PASAL 4"
"10";"10";"298,7";"313,53999999999996";"35,90000000000009";"47,90000000000009";"612,2";"BCDFEE+BookmanOldStyle";"12,0";"306,12";"306,1";"3,266906239787947e-05";"0,4879124469127735";"0,02424044429924857";"False";"BATANG TUBUH";"PASAL 4"
"10";"(3) LHKPN sebagaimana dimaksud pada ayat (1) huruf d,";"191,45";"540,912";"81,5200000000001";"93,5200000000001";"612,2";"BCDFEE+BookmanOldStyle";"12,0";"366,18100000000004";"306,1";"0,0981394968964391";"0,3127245998039856";"0,570829794184907";"False";"BATANG TUBUH";"PASAL 4"
"10";"wajib disampaikan secara periodik setiap 1 (satu)";"212,68";"540,82";"102,32000000000005";"114,32000000000005";"612,2";"BCDFEE+BookmanOldStyle";"12,0";"376,75";"306,1";"0,11540346292061414";"0,3474028095393662";"0,5360013067624959";"False";"BATANG TUBUH";"PASAL 4"
"10";"tahun sekali atas Harta Kekayaan per tanggal";"212,68";"540,916";"122,93000000000006";"134,93000000000006";"612,2";"BCDFEE+BookmanOldStyle";"12,0";"376,798";"306,1";"0,11548186867036912";"0,3474028095393662";"0,5361581182620059";"False";"BATANG TUBUH";"PASAL 4"
"10";"31 Desember tahun laporan.";"212,68";"382,012";"143,72000000000014";"155,72000000000014";"612,2";"BCDFEE+BookmanOldStyle";"12,0";"297,346";"306,1";"0,014299248611564877";"0,3474028095393662";"0,2765958836981378";"False";"BATANG TUBUH";"PASAL 4"
"10";"(4) LHKPN sebagaimana dimaksud pada ayat (3), wajib";"191,45";"541,3580000000001";"165,35000000000014";"177,35000000000014";"612,2";"BCDFEE+BookmanOldStyle";"12,0";"366,404";"306,1";"0,09850375694217571";"0,3127245998039856";"0,5715583142763804";"False";"BATANG TUBUH";"PASAL 4"
"10";"disampaikan dalam jangka waktu paling lambat";"212,68";"541,2779999999999";"186,1500000000001";"198,1500000000001";"612,2";"BCDFEE+BookmanOldStyle";"12,0";"376,9789999999999";"306,1";"0,11577752368507008";"0,3474028095393662";"0,5367494282914078";"False";"BATANG TUBUH";"PASAL 4"
"10";"tanggal 31 Maret tahun berikutnya.";"212,68";"423,3279999999999";"206,95000000000005";"218,95000000000005";"612,2";"BCDFEE+BookmanOldStyle";"12,0";"318,00399999999996";"306,1";"0,019444625939235443";"0,3474028095393662";"0,34408363279973847";"False";"BATANG TUBUH";"PASAL 4"
"10";"(5) Penyampaian LHKPN sebagaimana dimaksud pada";"191,45";"541,0360000000001";"228,55000000000007";"240,55000000000007";"612,2";"BCDFEE+BookmanOldStyle";"12,0";"366,24300000000005";"306,1";"0,09824077098987263";"0,3127245998039856";"0,571032342371774";"False";"BATANG TUBUH";"PASAL 4"
"10";"ayat (1), wajib dilaksanakan secara elektronik melalui";"212,68";"540,8580000000001";"249,35000000000014";"261,35000000000014";"612,2";"BCDFEE+BookmanOldStyle";"12,0";"376,769";"306,1";"0,11543449852989215";"0,3474028095393662";"0,536063377981052";"False";"BATANG TUBUH";"PASAL 4"
"10";"laman resmi KPK dengan pemenuhan format dan";"212,68";"541,0839999999998";"269,97000000000014";"281,97000000000014";"612,2";"BCDFEE+BookmanOldStyle";"12,0";"376,88199999999995";"306,1";"0,11561907873244025";"0,3474028095393662";"0,536432538386148";"False";"BATANG TUBUH";"PASAL 4"
"10";"mekanisme penilaian estimasi harta saat pelaporan";"212,68";"540,928";"290,7700000000001";"302,7700000000001";"612,2";"BCDFEE+BookmanOldStyle";"12,0";"376,804";"306,1";"0,11549166938908845";"0,3474028095393662";"0,5361777196994446";"False";"BATANG TUBUH";"PASAL 4"
"10";"sesuai dengan ketentuan peraturan perundang-undangan.";"212,68";"538,974";"311,3700000000001";"323,3700000000001";"612,2";"BCDFEE+BookmanOldStyle";"12,0";"375,827";"306,1";"0,11389578569095062";"0,3474028095393662";"0,5329859523031689";"False";"BATANG TUBUH";"PASAL 4"
"10";"4. Ketentuan Pasal 6 diubah, sehingga berbunyi sebagai";"170,05";"541,33";"354,97000000000014";"366,97000000000014";"612,2";"BCDFEE+BookmanOldStyle";"12,0";"355,69000000000005";"306,1";"0,08100294021561585";"0,2777687030382228";"0,606468474354786";"False";"BATANG TUBUH";"PASAL 4"
"10";"berikut:";"191,45";"237,866";"375,60000000000014";"387,60000000000014";"612,2";"BCDFEE+BookmanOldStyle";"12,0";"214,65800000000002";"306,1";"0,14936622018948056";"0,3127245998039856";"0,07581836001306766";"False";"BATANG TUBUH";"PASAL 4"
"10";"Pasal 6";"284,9";"327,34";"419,00000000000006";"431,00000000000006";"612,2";"BCDFEE+BookmanOldStyle";"12,0";"306,12";"306,1";"3,266906239787947e-05";"0,4653707938582162";"0,06932375040836328";"False";"BATANG TUBUH";"PASAL 6"
"10";"(1) Pelaksanaan kewajiban penyampaian LHKPN yang";"191,45";"541,11";"462,6";"474,6";"612,2";"BCDFEE+BookmanOldStyle";"12,0";"366,28";"306,1";"0,09830120875530864";"0,3127245998039856";"0,5711532179026462";"False";"BATANG TUBUH";"PASAL 6"
"10";"sudah dilaksanakan sebagaimana dimaksud dalam";"212,68";"540,9159999999999";"483,22";"495,22";"612,2";"BCDFEE+BookmanOldStyle";"12,0";"376,798";"306,1";"0,11548186867036912";"0,3474028095393662";"0,5361581182620058";"False";"BATANG TUBUH";"PASAL 6"
"10";"Pasal 5 ayat (5) telah memenuhi kewajiban";"212,68";"540,9639999999999";"504,02000000000004";"516,02";"612,2";"BCDFEE+BookmanOldStyle";"12,0";"376,822";"306,1";"0,11552107154524661";"0,3474028095393662";"0,5362365240117607";"False";"BATANG TUBUH";"PASAL 5"
"10";"administratif apabila sudah diverifikasi dan dinyatakan";"212,68";"540,948";"524,6200000000001";"536,6200000000001";"612,2";"BCDFEE+BookmanOldStyle";"12,0";"376,81399999999996";"306,1";"0,11550800392028739";"0,3474028095393662";"0,5362103887618425";"False";"BATANG TUBUH";"PASAL 5"
"10";"lengkap serta mendapat tanda terima secara elektronik";"212,68";"540,7960000000003";"545,4300000000001";"557,4300000000001";"612,2";"BCDFEE+BookmanOldStyle";"12,0";"376,73800000000017";"306,1";"0,11538386148317567";"0,3474028095393662";"0,5359621038876188";"False";"BATANG TUBUH";"PASAL 5"
"10";"dari KPK.";"212,68";"268,10999999999996";"566,23";"578,23";"612,2";"BCDFEE+BookmanOldStyle";"12,0";"240,39499999999998";"306,1";"0,1073260372427312";"0,3474028095393662";"0,0905423064358052";"False";"BATANG TUBUH";"PASAL 5"
"10";"(2) Dalam hal penyampaian LHKPN yang sudah";"191,45";"541,284";"587,85";"599,85";"612,2";"BCDFEE+BookmanOldStyle";"12,0";"366,36699999999996";"306,1";"0,09844331917673953";"0,3127245998039856";"0,571437438745508";"False";"BATANG TUBUH";"PASAL 5"
"10";"dilaksanakan sebagaimana dimaksud dalam Pasal 5";"212,68";"540,8320000000001";"608,6500000000001";"620,6500000000001";"612,2";"BCDFEE+BookmanOldStyle";"12,0";"376,7560000000001";"306,1";"0,11541326363933364";"0,3474028095393662";"0,5360209081999348";"False";"BATANG TUBUH";"PASAL 5"
"10";"ayat (5) dan dinyatakan tidak lengkap oleh KPK,";"212,68";"540,98";"629,25";"641,25";"612,2";"BCDFEE+BookmanOldStyle";"12,0";"376,83000000000004";"306,1";"0,11553413917020583";"0,3474028095393662";"0,5362626592616792";"False";"BATANG TUBUH";"PASAL 5"
"10";"Penyelenggara Negara harus menyampaikan perbaikan";"212,68";"540,7879999999999";"650,05";"662,05";"612,2";"BCDFEE+BookmanOldStyle";"12,0";"376,7339999999999";"306,1";"0,11537732767069568";"0,3474028095393662";"0,535949036262659";"False";"BATANG TUBUH";"PASAL 5"
"10";"dan/atau kelengkapan dokumen paling lambat 30";"212,68";"541,048";"670,85";"682,85";"612,2";"BCDFEE+BookmanOldStyle";"12,0";"376,86400000000003";"306,1";"0,11558967657628227";"0,3474028095393662";"0,536373734073832";"False";"BATANG TUBUH";"PASAL 5"
"10";"(tiga puluh) hari kalender sejak diterimanya";"212,68";"540,808";"691,45";"703,45";"612,2";"BCDFEE+BookmanOldStyle";"12,0";"376,744";"306,1";"0,1153936622018948";"0,3474028095393662";"0,5359817053250571";"False";"BATANG TUBUH";"PASAL 5"
"10";"pemberitahuan melalui surat elektonik dari KPK.";"212,68";"501,74799999999993";"712,27";"724,27";"612,2";"BCDFEE+BookmanOldStyle";"12,0";"357,21399999999994";"306,1";"0,08349232277033636";"0,3474028095393662";"0,4721790264619404";"False";"BATANG TUBUH";"PASAL 5"
"10";"(3) Apabila Penyelenggara Negara tidak memperbaiki";"191,45";"540,6520000000002";"733,87";"745,87";"612,2";"BCDFEE+BookmanOldStyle";"12,0";"366,05100000000004";"306,1";"0,0979271479908527";"0,3127245998039856";"0,5704050963737343";"False";"BATANG TUBUH";"PASAL 5"
"10";"dan/atau melengkapi dokumen sesuai waktu";"212,68";"541,222";"754,6700000000001";"766,6700000000001";"612,2";"BCDFEE+BookmanOldStyle";"12,0";"376,951";"306,1";"0,11573178699771315";"0,3474028095393662";"0,5366579549166938";"False";"BATANG TUBUH";"PASAL 5"
"10";"sebagaimana dimaksud pada ayat (2), maka LHKPN";"212,68";"541,17";"775,27";"787,27";"612,2";"BCDFEE+BookmanOldStyle";"12,0";"376,92499999999995";"306,1";"0,11568931721659577";"0,3474028095393662";"0,5365730153544592";"False";"BATANG TUBUH";"PASAL 5"
"10";"dinyatakan tidak lengkap dan Penyelenggara Negara";"212,68";"540,7479999999998";"796,07";"808,07";"612,2";"BCDFEE+BookmanOldStyle";"12,0";"376,71399999999994";"306,1";"0,1153446586082978";"0,3474028095393662";"0,5358836981378631";"False";"BATANG TUBUH";"PASAL 5"
"10";"dianggap tidak patuh dalam memenuhi kewajiban";"212,68";"540,9399999999999";"816,9000000000001";"828,9000000000001";"612,2";"BCDFEE+BookmanOldStyle";"12,0";"376,80999999999995";"306,1";"0,11550147010780777";"0,3474028095393662";"0,5361973211368832";"False";"BATANG TUBUH";"PASAL 5"
"10";"pelaporan LHKPN.";"212,68";"320,53999999999996";"837,5";"849,5";"612,2";"BCDFEE+BookmanOldStyle";"12,0";"266,61";"306,1";"0,06450506370467168";"0,3474028095393662";"0,17618425351192413";"False";"BATANG TUBUH";"PASAL 5"
"11";"11";"298,7";"313,53999999999996";"35,90000000000009";"47,90000000000009";"612,2";"BCDFEE+BookmanOldStyle";"12,0";"306,12";"306,1";"3,266906239787947e-05";"0,4879124469127735";"0,02424044429924857";"False";"BATANG TUBUH";"PASAL 5"
"11";"5. Di antara Pasal 6 dan Pasal 7 disisipkan 2 (dua) pasal,";"170,05";"540,9979999999999";"81,5200000000001";"93,5200000000001";"612,2";"BCDFEE+BookmanOldStyle";"12,0";"355,524";"306,1";"0,08073178699771312";"0,2777687030382228";"0,6059261679189806";"False";"BATANG TUBUH";"PASAL 5"
"11";"yakni Pasal 6A dan Pasal 6B sehingga berbunyi sebagai";"191,45";"541,026";"100,32000000000005";"112,32000000000005";"612,2";"BCDFEE+BookmanOldStyle";"12,0";"366,23799999999994";"306,1";"0,09823260372427298";"0,3127245998039856";"0,5710160078405748";"False";"BATANG TUBUH";"PASAL 5"
"11";"berikut:";"191,45";"237,866";"118,92000000000007";"130,92000000000007";"612,2";"BCDFEE+BookmanOldStyle";"12,0";"214,65800000000002";"306,1";"0,14936622018948056";"0,3127245998039856";"0,07581836001306766";"False";"BATANG TUBUH";"PASAL 5"
"11";"Pasal 6A";"280,7";"331,244";"156,35000000000014";"168,35000000000014";"612,2";"BCDFEE+BookmanOldStyle";"12,0";"305,972";"306,1";"0,00020908199934668856";"0,45851029075465527";"0,08256125449199614";"False";"BATANG TUBUH";"PASAL 6"
"11";"(1) LHKPN yang dinyatakan lengkap sebagaimana";"191,45";"540,82";"194,95000000000005";"206,95000000000005";"612,2";"BCDFEE+BookmanOldStyle";"12,0";"366,135";"306,1";"0,09806435805292382";"0,3127245998039856";"0,5706795164978765";"False";"BATANG TUBUH";"PASAL 6"
"11";"dimaksud dalam Pasal 6 ayat (1), diumumkan paling";"212,68";"541,116";"213,55000000000007";"225,55000000000007";"612,2";"BCDFEE+BookmanOldStyle";"12,0";"376,898";"306,1";"0,1156452139823587";"0,3474028095393662";"0,5364848088859849";"False";"BATANG TUBUH";"PASAL 6"
"11";"lambat 2 (dua) bulan terhitung sejak dinyatakan";"212,68";"540,688";"232,35000000000014";"244,35000000000014";"612,2";"BCDFEE+BookmanOldStyle";"12,0";"376,68399999999997";"306,1";"0,11529565501470099";"0,3474028095393662";"0,5357856909506696";"False";"BATANG TUBUH";"PASAL 6"
"11";"lengkap.";"212,68";"262,51";"251,1500000000001";"263,1500000000001";"612,2";"BCDFEE+BookmanOldStyle";"12,0";"237,595";"306,1";"0,11189970597843844";"0,3474028095393662";"0,08139496896439069";"False";"BATANG TUBUH";"PASAL 6"
"11";"(2) LHKPN yang dinyatakan tidak lengkap sebagaimana";"191,45";"540,94";"270,7700000000001";"282,7700000000001";"612,2";"BCDFEE+BookmanOldStyle";"12,0";"366,19500000000005";"306,1";"0,09816236524011765";"0,3127245998039856";"0,5708755308722641";"False";"BATANG TUBUH";"PASAL 6"
"11";"dimaksud dalam Pasal 6 ayat (2) dan Penyelenggara";"212,68";"540,84";"289,57000000000005";"301,57000000000005";"612,2";"BCDFEE+BookmanOldStyle";"12,0";"376,76";"306,1";"0,11541979745181308";"0,3474028095393662";"0,5360339758248939";"False";"BATANG TUBUH";"PASAL 6"
"11";"Negara tidak memperbaiki dan/atau melengkapi";"212,68";"541,0120000000001";"308,18000000000006";"320,18000000000006";"612,2";"BCDFEE+BookmanOldStyle";"12,0";"376,846";"306,1";"0,1155602744201241";"0,3474028095393662";"0,5363149297615158";"False";"BATANG TUBUH";"PASAL 6"
"11";"dokumen sebagaimana dimaksud dalam Pasal 6";"212,68";"541,0719999999999";"326,97000000000014";"338,97000000000014";"612,2";"BCDFEE+BookmanOldStyle";"12,0";"376,876";"306,1";"0,11560927801372092";"0,3474028095393662";"0,5364129369487093";"False";"BATANG TUBUH";"PASAL 6"
"11";"ayat (3), diumumkan paling lambat 2 (dua) bulan";"212,68";"540,894";"345,7700000000001";"357,7700000000001";"612,2";"BCDFEE+BookmanOldStyle";"12,0";"376,78700000000003";"306,1";"0,11546390068605032";"0,3474028095393662";"0,5361221822933682";"False";"BATANG TUBUH";"PASAL 6"
"11";"terhitung sejak dinyatakan tidak lengkap.";"212,68";"459,39";"364,3700000000001";"376,3700000000001";"612,2";"BCDFEE+BookmanOldStyle";"12,0";"336,03499999999997";"306,1";"0,048897419144070475";"0,3474028095393662";"0,4029892192094086";"False";"BATANG TUBUH";"PASAL 6"
"11";"(3) Pengumuman sebagaimana dimaksud pada ayat (1)";"191,45";"541,086";"384,20000000000005";"396,20000000000005";"612,2";"BCDFEE+BookmanOldStyle";"12,0";"366,26800000000003";"306,1";"0,09828160731786997";"0,3127245998039856";"0,5711140150277687";"False";"BATANG TUBUH";"PASAL 6"
"11";"dan ayat (2), dilaksanakan secara elektronik dan/atau";"212,68";"541,06";"402,80000000000007";"414,8";"612,2";"BCDFEE+BookmanOldStyle";"11,999999999999943";"376,87";"306,1";"0,1155994772950016";"0,3474028095393662";"0,5363933355112707";"False";"BATANG TUBUH";"PASAL 6"
"11";"non-elektronik melalui media Pengumuman resmi KPK";"212,68";"540,9299999999998";"421,6";"433,6";"612,2";"BCDFEE+BookmanOldStyle";"12,0";"376,80499999999995";"306,1";"0,1154933028422083";"0,3474028095393662";"0,5361809866056841";"False";"BATANG TUBUH";"PASAL 6"
"11";"dan/atau Pemerintah Daerah.";"212,68";"390,96999999999997";"440,40000000000003";"452,40000000000003";"612,2";"BCDFEE+BookmanOldStyle";"12,0";"301,825";"306,1";"0,006983012087553142";"0,3474028095393662";"0,2912283567461613";"False";"BATANG TUBUH";"PASAL 6"
"11";"Pasal 6B";"280,3";"331,58";"479,82000000000005";"491,82000000000005";"612,2";"BCDFEE+BookmanOldStyle";"12,0";"305,94";"306,1";"0,0002613524991833143";"0,45785690950669716";"0,08376347598823909";"False";"BATANG TUBUH";"PASAL 6"
"11";"(1) Dalam hal LHKPN yang dinyatakan lengkap dan telah";"191,45";"540,8919999999999";"519,22";"531,22";"612,2";"BCDFEE+BookmanOldStyle";"12,0";"366,17099999999994";"306,1";"0,09812316236523996";"0,3127245998039856";"0,5707971251225089";"False";"BATANG TUBUH";"PASAL 6"
"11";"diumumkan sebagaimana dimaksud dalam Pasal 6A";"212,68";"540,772";"538,02";"550,02";"612,2";"BCDFEE+BookmanOldStyle";"12,0";"376,726";"306,1";"0,11536426004573665";"0,3474028095393662";"0,535922901012741";"False";"BATANG TUBUH";"PASAL 6"
"11";"ayat (1) diketahui terdapat Harta Kekayaan yang belum";"212,68";"540,828";"556,6200000000001";"568,6200000000001";"612,2";"BCDFEE+BookmanOldStyle";"12,0";"376,754";"306,1";"0,11540999673309374";"0,3474028095393662";"0,536014374387455";"False";"BATANG TUBUH";"PASAL 6"
"11";"dilaporkan dalam tahun berjalan, KPK menyampaikan";"212,68";"540,7119999999999";"575,4200000000001";"587,4200000000001";"612,2";"BCDFEE+BookmanOldStyle";"12,0";"376,6959999999999";"306,1";"0,11531525645213964";"0,3474028095393662";"0,535824893825547";"False";"BATANG TUBUH";"PASAL 6"
"11";"pemberitahuan melalui surat resmi atau surat";"212,68";"540,712";"594,25";"606,25";"612,2";"BCDFEE+BookmanOldStyle";"12,0";"376,696";"306,1";"0,11531525645213982";"0,3474028095393662";"0,5358248938255471";"False";"BATANG TUBUH";"PASAL 6"
"11";"elektronik kepada Penyelenggara Negara untuk";"212,68";"540,892";"612,85";"624,85";"612,2";"BCDFEE+BookmanOldStyle";"12,0";"376,78600000000006";"306,1";"0,11546226723293046";"0,3474028095393662";"0,5361189153871284";"False";"BATANG TUBUH";"PASAL 6"
"11";"memperbaiki LHKPN.";"212,68";"338,73999999999995";"631,6500000000001";"643,6500000000001";"612,2";"BCDFEE+BookmanOldStyle";"12,0";"275,71";"306,1";"0,049640640313623065";"0,3474028095393662";"0,20591310029402146";"False";"BATANG TUBUH";"PASAL 6"
"11";"(2) Penyelenggara Negara harus memperbaiki dan";"191,45";"541,3599999999998";"651,25";"663,25";"612,2";"BCDFEE+BookmanOldStyle";"12,0";"366,40499999999986";"306,1";"0,09850539039529538";"0,3127245998039856";"0,5715615811826197";"False";"BATANG TUBUH";"PASAL 6"
"11";"menyampaikan LHKPN sebagaimana dimaksud pada";"212,68";"541,194";"670,0500000000001";"682,0500000000001";"612,2";"BCDFEE+BookmanOldStyle";"12,0";"376,937";"306,1";"0,1157089186540346";"0,3474028095393662";"0,5366122182293367";"False";"BATANG TUBUH";"PASAL 6"
"11";"ayat (1) secara elektronik melalui aplikasi atau laman";"212,68";"541,4699999999999";"688,85";"700,85";"612,2";"BCDFEE+BookmanOldStyle";"12,0";"377,07499999999993";"306,1";"0,11593433518458005";"0,3474028095393662";"0,5370630512904278";"False";"BATANG TUBUH";"PASAL 6"
"11";"resmi KPK paling lambat 14 (empat belas) hari kalender";"212,68";"541,5239999999999";"707,48";"719,48";"612,2";"BCDFEE+BookmanOldStyle";"12,0";"377,102";"306,1";"0,11597843841881729";"0,3474028095393662";"0,537151257758902";"False";"BATANG TUBUH";"PASAL 6"
"11";"terhitung sejak disampaikannya pemberitahuan KPK";"212,68";"541,4799999999997";"726,27";"738,27";"612,2";"BCDFEE+BookmanOldStyle";"12,0";"377,0799999999998";"306,1";"0,11594250245017933";"0,3474028095393662";"0,5370793858216263";"False";"BATANG TUBUH";"PASAL 6"
"11";"sebagaimana dimaksud pada ayat (1).";"212,68";"425,57";"744,88";"756,88";"612,2";"BCDFEE+BookmanOldStyle";"12,0";"319,125";"306,1";"0,021275726886638313";"0,3474028095393662";"0,34774583469454423";"False";"BATANG TUBUH";"PASAL 6"
"11";"(3) LHKPN yang telah diperbaiki sebagaimana dimaksud";"191,45";"540,964";"764,6700000000001";"776,6700000000001";"612,2";"BCDFEE+BookmanOldStyle";"12,0";"366,207";"306,1";"0,0981819666775563";"0,3127245998039856";"0,5709147337471415";"False";"BATANG TUBUH";"PASAL 6"
"11";"pada ayat (2) diumumkan dalam laman resmi KPK";"212,68";"540,8079999999999";"783,48";"795,48";"612,2";"BCDFEE+BookmanOldStyle";"12,000000000000014";"376,7439999999999";"306,1";"0,11539366220189462";"0,3474028095393662";"0,535981705325057";"False";"BATANG TUBUH";"PASAL 6"
"11";"paling lambat 30 (tiga puluh) hari kalender terhitung";"212,68";"540,892";"802,1";"814,1";"612,2";"BCDFEE+BookmanOldStyle";"12,0";"376,78600000000006";"306,1";"0,11546226723293046";"0,3474028095393662";"0,5361189153871284";"False";"BATANG TUBUH";"PASAL 6"
"11";"sejak perbaikan LHKPN disampaikan Penyelenggara";"212,68";"540,8680000000002";"820,9000000000001";"832,9000000000001";"612,2";"BCDFEE+BookmanOldStyle";"12,0";"376,7740000000001";"306,1";"0,11544266579549181";"0,3474028095393662";"0,5360797125122512";"False";"BATANG TUBUH";"PASAL 6"
"11";"Negara.";"212,68";"257,11";"839,7";"851,7";"612,2";"BCDFEE+BookmanOldStyle";"12,0";"234,895";"306,1";"0,11631002940215616";"0,3474028095393662";"0,07257432211695525";"False";"BATANG TUBUH";"PASAL 6"
"12";"12";"298,7";"313,53999999999996";"35,90000000000009";"47,90000000000009";"612,2";"BCDFEE+BookmanOldStyle";"12,0";"306,12";"306,1";"3,266906239787947e-05";"0,4879124469127735";"0,02424044429924857";"False";"BATANG TUBUH";"PASAL 6"
"12";"6. Ketentuan Pasal 8 diubah, sehingga berbunyi sebagai";"170,05";"541,224";"81,5200000000001";"93,5200000000001";"612,2";"BCDFEE+BookmanOldStyle";"12,0";"355,63700000000006";"306,1";"0,08091636720026141";"0,2777687030382228";"0,6062953283240771";"False";"BATANG TUBUH";"PASAL 6"
"12";"berikut:";"191,45";"237,866";"103,73000000000013";"115,73000000000013";"612,2";"BCDFEE+BookmanOldStyle";"12,0";"214,65800000000002";"306,1";"0,14936622018948056";"0,3127245998039856";"0,07581836001306766";"False";"BATANG TUBUH";"PASAL 6"
"12";"Pasal 8";"284,9";"327,344";"148,92000000000007";"160,92000000000007";"612,2";"BCDFEE+BookmanOldStyle";"12,0";"306,12199999999996";"306,1";"3,593596863759313e-05";"0,4653707938582162";"0,06933028422084288";"False";"BATANG TUBUH";"PASAL 8"
"12";"(1) Pengelolaan LHKPN dilaksanakan oleh Unit";"191,45";"541,288";"195,1500000000001";"207,1500000000001";"612,2";"BCDFEE+BookmanOldStyle";"12,0";"366,369";"306,1";"0,09844658608297942";"0,3127245998039856";"0,5714439725579876";"False";"BATANG TUBUH";"PASAL 8"
"12";"Pengelolaan LHKPN yang ditetapkan dengan";"212,68";"541,0759999999999";"217,35000000000014";"229,35000000000014";"612,2";"BCDFEE+BookmanOldStyle";"12,0";"376,87799999999993";"306,1";"0,11561254491996063";"0,3474028095393662";"0,5364194707611889";"False";"BATANG TUBUH";"PASAL 8"
"12";"Keputusan Bupati.";"212,68";"324,21999999999997";"239,35000000000014";"251,35000000000014";"612,2";"BCDFEE+BookmanOldStyle";"12,0";"268,45";"306,1";"0,06149950996406408";"0,3474028095393662";"0,18219536099313943";"False";"BATANG TUBUH";"PASAL 8"
"12";"(2) Unit Pengelolaan LHKPN sebagaimana dimaksud pada";"191,45";"541,124";"262,57000000000005";"274,57000000000005";"612,2";"BCDFEE+BookmanOldStyle";"12,0";"366,28700000000003";"306,1";"0,098312642927148";"0,3127245998039856";"0,5711760862463248";"False";"BATANG TUBUH";"PASAL 8"
"12";"ayat (1), sekurang-kurangnya terdiri dari:";"212,68";"457,59";"284,7700000000001";"296,7700000000001";"612,2";"BCDFEE+BookmanOldStyle";"12,0";"335,135";"306,1";"0,047427311336164596";"0,3474028095393662";"0,4000490035935968";"False";"BATANG TUBUH";"PASAL 8"
"12";"a. penanggung jawab;";"212,68";"347,94";"307,7700000000001";"319,7700000000001";"612,2";"BCDFEE+BookmanOldStyle";"12,0";"280,31";"306,1";"0,04212675596210392";"0,3474028095393662";"0,22094086899705975";"False";"BATANG TUBUH";"PASAL 8"
"12";"b. koordinator bidang kepegawaian;";"212,68";"429,38399999999996";"330,98000000000013";"342,98000000000013";"612,2";"BCDFEE+BookmanOldStyle";"12,0";"321,032";"306,1";"0,024390721986278927";"0,3474028095393662";"0,35397582489382545";"False";"BATANG TUBUH";"PASAL 8"
"12";"c. koordinator bidang pengawasan; dan";"212,68";"452,488";"354,18000000000006";"366,18000000000006";"612,2";"BCDFEE+BookmanOldStyle";"12,0";"332,584";"306,1";"0,0432603724273113";"0,3474028095393662";"0,3917151257758902";"False";"BATANG TUBUH";"PASAL 8"
"12";"d. koordinator bidang pelayanan publik.";"212,68";"455,98999999999995";"377,20000000000005";"389,20000000000005";"612,2";"BCDFEE+BookmanOldStyle";"12,0";"334,335";"306,1";"0,04612054884024821";"0,3474028095393662";"0,39743547860176404";"False";"BATANG TUBUH";"PASAL 8"
"12";"(3) Koordinator bidang kepegawaian sebagaimana";"191,45";"541,0";"400,4000000000001";"412,40000000000003";"612,2";"BCDFEE+BookmanOldStyle";"11,999999999999943";"366,225";"306,1";"0,09821136883371447";"0,3127245998039856";"0,5709735380594577";"False";"BATANG TUBUH";"PASAL 8"
"12";"dimaksud pada ayat (2) huruf b membawahi:";"212,68";"478,144";"422,6";"434,6";"612,2";"BCDFEE+BookmanOldStyle";"12,0";"345,41200000000003";"306,1";"0,0642143090493303";"0,3474028095393662";"0,43362299901992807";"False";"BATANG TUBUH";"PASAL 8"
"12";"a. administrator tingkat pemerintahan Daerah;";"212,68";"496,284";"445,6";"457,6";"612,2";"BCDFEE+BookmanOldStyle";"12,0";"354,48199999999997";"306,1";"0,07902972884678201";"0,3474028095393662";"0,4632538386148317";"False";"BATANG TUBUH";"PASAL 8"
"12";"b. administrator tingkat Perangkat Daerah; dan";"212,68";"499,368";"468,8";"480,8";"612,2";"BCDFEE+BookmanOldStyle";"12,0";"356,024";"306,1";"0,08154851355766085";"0,3474028095393662";"0,4682914080365893";"False";"BATANG TUBUH";"PASAL 8"
"12";"c. administrator tingkat badan usaha milik daerah.";"212,68";"521,812";"491,82000000000005";"503,82000000000005";"612,2";"BCDFEE+BookmanOldStyle";"12,0";"367,246";"306,1";"0,09987912446912767";"0,3474028095393662";"0,504952629859523";"False";"BATANG TUBUH";"PASAL 8"
"12";"(4) Pejabat struktural yang melaksanakan tugas bidang";"191,45";"541,024";"515,02";"527,02";"612,2";"BCDFEE+BookmanOldStyle";"12,0";"366,23699999999997";"306,1";"0,09823097027115311";"0,3127245998039856";"0,5710127409343352";"False";"BATANG TUBUH";"PASAL 8"
"12";"kepegawaian pada masing-masing Perangkat Daerah";"212,68";"541,0939999999999";"537,22";"549,22";"612,2";"BCDFEE+BookmanOldStyle";"12,0";"376,88699999999994";"306,1";"0,11562724599803972";"0,3474028095393662";"0,5364488729173471";"False";"BATANG TUBUH";"PASAL 8"
"12";"menjadi koordinator pelaporan SPT bagi ASN di";"212,68";"540,82";"559,23";"571,23";"612,2";"BCDFEE+BookmanOldStyle";"12,0";"376,75";"306,1";"0,11540346292061414";"0,3474028095393662";"0,5360013067624959";"False";"BATANG TUBUH";"PASAL 8"
"12";"lingkungan kerjanya.";"212,68";"337,62399999999997";"581,4200000000001";"593,4200000000001";"612,2";"BCDFEE+BookmanOldStyle";"12,0";"275,152";"306,1";"0,05055210715452472";"0,3474028095393662";"0,20409016661221815";"False";"BATANG TUBUH";"PASAL 8"
"12";"(5) Perangkat Daerah yang menyelenggarakan urusan";"191,45";"541,2879999999998";"604,6500000000001";"616,6500000000001";"612,2";"BCDFEE+BookmanOldStyle";"12,0";"366,3689999999999";"306,1";"0,09844658608297924";"0,3127245998039856";"0,5714439725579872";"False";"BATANG TUBUH";"PASAL 8"
"12";"pemerintahan di bidang pengawasan sekaligus sebagai";"212,68";"541,416";"626,6500000000001";"638,6500000000001";"612,2";"BCDFEE+BookmanOldStyle";"12,0";"377,048";"306,1";"0,11589023195034298";"0,3474028095393662";"0,5369748448219537";"False";"BATANG TUBUH";"PASAL 8"
"12";"aparat pengawas intern pemerintah melakukan";"212,68";"541,3239999999998";"648,85";"660,85";"612,2";"BCDFEE+BookmanOldStyle";"12,0";"377,00199999999995";"306,1";"0,11581509310682771";"0,3474028095393662";"0,5368245671349229";"False";"BATANG TUBUH";"PASAL 8"
"12";"pemantauan dan pelaporan atas penyampaian LHKAN";"212,68";"541,6599999999999";"670,85";"682,85";"612,2";"BCDFEE+BookmanOldStyle";"12,0";"377,16999999999996";"306,1";"0,11608951323097016";"0,3474028095393662";"0,5373734073832078";"False";"BATANG TUBUH";"PASAL 8"
"12";"sesuai dengan ketentuan peraturan perundang-undangan.";"212,68";"533,566";"693,07";"705,07";"612,2";"BCDFEE+BookmanOldStyle";"12,0";"373,12300000000005";"306,1";"0,10947892845475338";"0,3474028095393662";"0,5241522378307742";"False";"BATANG TUBUH";"PASAL 8"
"12";"(6) Hasil pemantauan dan pelaporan atas penyampaian";"191,45";"540,88";"716,27";"728,27";"612,2";"BCDFEE+BookmanOldStyle";"12,0";"366,16499999999996";"306,1";"0,09811336164652064";"0,3127245998039856";"0,5707775236850702";"False";"BATANG TUBUH";"PASAL 8"
"12";"LHKAN sebagaimana dimaksud pada ayat (5)";"212,68";"541,062";"738,27";"750,27";"612,2";"BCDFEE+BookmanOldStyle";"12,0";"376,871";"306,1";"0,11560111074812145";"0,3474028095393662";"0,5363966024175106";"False";"BATANG TUBUH";"PASAL 8"
"12";"disampaikan kepada Bupati untuk selanjutnya";"212,68";"541,1800000000001";"760,48";"772,48";"612,2";"BCDFEE+BookmanOldStyle";"12,0";"376,93000000000006";"306,1";"0,11569748448219543";"0,3474028095393662";"0,5365893498856583";"False";"BATANG TUBUH";"PASAL 8"
"12";"disampaikan kepada Menteri Pendayagunaan Aparatur";"212,68";"541,0239999999999";"782,6700000000001";"794,6700000000001";"612,2";"BCDFEE+BookmanOldStyle";"12,0";"376,852";"306,1";"0,11557007513884343";"0,3474028095393662";"0,5363345311989544";"False";"BATANG TUBUH";"PASAL 8"
"12";"Negara dan Reformasi Birokrasi paling lambat tanggal";"212,68";"540,76";"804,7";"816,7";"612,2";"BCDFEE+BookmanOldStyle";"12,0";"376,72";"306,1";"0,11535445932701731";"0,3474028095393662";"0,5359032995753021";"False";"BATANG TUBUH";"PASAL 8"
"12";"30 April setiap tahun.";"212,68";"341,61999999999995";"826,9000000000001";"838,9000000000001";"612,2";"BCDFEE+BookmanOldStyle";"12,0";"277,15";"306,1";"0,04728846782097361";"0,3474028095393662";"0,21061744527932036";"False";"BATANG TUBUH";"PASAL 8"
"13";"13";"298,7";"313,53999999999996";"35,90000000000009";"47,90000000000009";"612,2";"BCDFEE+BookmanOldStyle";"12,0";"306,12";"306,1";"3,266906239787947e-05";"0,4879124469127735";"0,02424044429924857";"False";"BATANG TUBUH";"PASAL 8"
"13";"7. Ketentuan Pasal 9 diubah, sehingga berbunyi sebagai";"170,05";"541,224";"81,5200000000001";"93,5200000000001";"612,2";"BCDFEE+BookmanOldStyle";"12,0";"355,63700000000006";"306,1";"0,08091636720026141";"0,2777687030382228";"0,6062953283240771";"False";"BATANG TUBUH";"PASAL 8"
"13";"berikut:";"191,45";"237,866";"104,72000000000014";"116,72000000000014";"612,2";"BCDFEE+BookmanOldStyle";"12,0";"214,65800000000002";"306,1";"0,14936622018948056";"0,3127245998039856";"0,07581836001306766";"False";"BATANG TUBUH";"PASAL 8"
"13";"Pasal 9";"284,9";"327,32";"153,35000000000014";"165,35000000000014";"612,2";"BCDFEE+BookmanOldStyle";"12,0";"306,11";"306,1";"1,6334531198939734e-05";"0,4653707938582162";"0,06929108134596539";"False";"BATANG TUBUH";"PASAL 9"
"13";"(1) ASN atau Penyelenggara Negara sebagaimana";"191,45";"540,736";"201,7500000000001";"213,7500000000001";"612,2";"BCDFEE+BookmanOldStyle";"12,0";"366,09299999999996";"306,1";"0,09799575302188816";"0,3127245998039856";"0,5705423064358053";"False";"BATANG TUBUH";"PASAL 9"
"13";"dimaksud dalam Pasal 4 ayat (2), dikenakan sanksi";"212,68";"541,044";"224,95000000000005";"236,95000000000005";"612,2";"BCDFEE+BookmanOldStyle";"12,0";"376,86199999999997";"306,1";"0,11558640967004237";"0,3474028095393662";"0,5363672002613524";"False";"BATANG TUBUH";"PASAL 9"
"13";"administratif atau hukuman disiplin apabila:";"212,68";"478,6479999999999";"248,1500000000001";"260,1500000000001";"612,2";"BCDFEE+BookmanOldStyle";"12,0";"345,664";"306,1";"0,06462593923554388";"0,3474028095393662";"0,43444625939235526";"False";"BATANG TUBUH";"PASAL 9"
"13";"a. terlambat melaporkan LHKAN;";"212,68";"414,57";"272,57000000000005";"284,57000000000005";"612,2";"BCDFEE+BookmanOldStyle";"12,0";"313,625";"306,1";"0,012291734727213292";"0,3474028095393662";"0,3297778503756942";"False";"BATANG TUBUH";"PASAL 9"
"13";"b. tidak melaporkan harta dalam LHKPN secara tepat,";"212,68";"540,75";"295,7700000000001";"307,7700000000001";"612,2";"BCDFEE+BookmanOldStyle";"12,0";"376,71500000000003";"306,1";"0,11534629206141785";"0,3474028095393662";"0,5358869650441032";"False";"BATANG TUBUH";"PASAL 9"
"13";"lengkap dan benar;";"233,88";"347,4719999999999";"318,97000000000014";"330,97000000000014";"612,2";"BCDFEE+BookmanOldStyle";"12,0";"290,67599999999993";"306,1";"0,025194380921267707";"0,3820320156811499";"0,18554720679516484";"False";"BATANG TUBUH";"PASAL 9"
"13";"c. tidak memenuhi undangan klarifikasi oleh KPK";"212,68";"540,97";"342,1700000000001";"354,1700000000001";"612,2";"BCDFEE+BookmanOldStyle";"12,0";"376,82500000000005";"306,1";"0,11552597190460637";"0,3474028095393662";"0,5362463247304803";"False";"BATANG TUBUH";"PASAL 9"
"13";"dalam rangka pemeriksaan LHKPN dan/atau";"233,88";"540,842";"365,57000000000005";"377,57000000000005";"612,2";"BCDFEE+BookmanOldStyle";"12,0";"387,361";"306,1";"0,13273603397582484";"0,3820320156811499";"0,5014080365893498";"False";"BATANG TUBUH";"PASAL 9"
"13";"aparat pengawas intern pemerintah dalam rangka";"233,88";"540,8420000000001";"388,80000000000007";"400,80000000000007";"612,2";"BCDFEE+BookmanOldStyle";"12,0";"387,36100000000005";"306,1";"0,13273603397582492";"0,3820320156811499";"0,5014080365893501";"False";"BATANG TUBUH";"PASAL 9"
"13";"pemeriksaan LHKAN;";"233,88";"359,57";"412,00000000000006";"424,00000000000006";"612,2";"BCDFEE+BookmanOldStyle";"12,0";"296,725";"306,1";"0,015313622999019927";"0,3820320156811499";"0,2053087226396602";"False";"BATANG TUBUH";"PASAL 9"
"13";"d. tidak melakukan perbaikan LHKPN atas hasil";"212,68";"540,66";"435,20000000000005";"447,20000000000005";"612,2";"BCDFEE+BookmanOldStyle";"12,0";"376,66999999999996";"306,1";"0,11527278667102243";"0,3474028095393662";"0,5357399542633126";"False";"BATANG TUBUH";"PASAL 9"
"13";"konfirmasi/klarifikasi sesuai dengan ketentuan";"233,88";"540,7919999999999";"458,40000000000003";"470,40000000000003";"612,2";"BCDFEE+BookmanOldStyle";"12,0";"387,33599999999996";"306,1";"0,1326951976478274";"0,3820320156811499";"0,501326363933355";"False";"BATANG TUBUH";"PASAL 9"
"13";"pelaporan LHKPN; dan/atau";"233,88";"401,748";"481,82000000000005";"493,82000000000005";"612,2";"BCDFEE+BookmanOldStyle";"12,0";"317,81399999999996";"306,1";"0,01913426984645531";"0,3820320156811499";"0,2742045083306109";"False";"BATANG TUBUH";"PASAL 9"
"13";"e. tidak melaporkan LHKAN.";"212,68";"387,57";"505,02000000000004";"517,02";"612,2";"BCDFEE+BookmanOldStyle";"12,0";"300,125";"306,1";"0,009759882391375404";"0,3474028095393662";"0,2856746161385168";"False";"BATANG TUBUH";"PASAL 9"
"13";"(2) ASN atau Penyelenggara Negara sebagaimana";"191,45";"540,958";"528,22";"540,22";"612,2";"BCDFEE+BookmanOldStyle";"12,0";"366,20399999999995";"306,1";"0,09817706631819655";"0,3127245998039856";"0,570904933028422";"False";"BATANG TUBUH";"PASAL 9"
"13";"dimaksud pada ayat (1), dikenakan sanksi";"212,68";"541,078";"551,4200000000001";"563,4200000000001";"612,2";"BCDFEE+BookmanOldStyle";"12,0";"376,879";"306,1";"0,11561417837308068";"0,3474028095393662";"0,5364227376674289";"False";"BATANG TUBUH";"PASAL 9"
"13";"administratif atau hukuman disiplin sebagai berikut:";"212,68";"526,1080000000001";"574,6200000000001";"586,6200000000001";"612,2";"BCDFEE+BookmanOldStyle";"12,0";"369,394";"306,1";"0,10338778177066314";"0,3474028095393662";"0,511969944462594";"False";"BATANG TUBUH";"PASAL 9"
"13";"a. pejabat administrator, pejabat pengawas, dan";"212,68";"540,7439999999999";"599,05";"611,05";"612,2";"BCDFEE+BookmanOldStyle";"12,0";"376,712";"306,1";"0,1153413917020581";"0,3474028095393662";"0,5358771643253837";"False";"BATANG TUBUH";"PASAL 9"
"13";"pejabat fungsional dikenakan hukuman disiplin";"233,88";"540,804";"622,25";"634,25";"612,2";"BCDFEE+BookmanOldStyle";"12,0";"387,342";"306,1";"0,1327049983665468";"0,3820320156811499";"0,5013459653707938";"False";"BATANG TUBUH";"PASAL 9"
"13";"sedang;";"233,88";"278,90399999999994";"645,45";"657,45";"612,2";"BCDFEE+BookmanOldStyle";"12,0";"256,39199999999994";"306,1";"0,0811956876837636";"0,3820320156811499";"0,07354459327017306";"False";"BATANG TUBUH";"PASAL 9"
"13";"b. pejabat pimpinan tinggi dan pejabat lainnya";"212,68";"540,8600000000001";"669,6500000000001";"681,6500000000001";"612,2";"BCDFEE+BookmanOldStyle";"12,0";"376,7700000000001";"306,1";"0,1154361319830122";"0,3474028095393662";"0,5360666448872919";"False";"BATANG TUBUH";"PASAL 9"
"13";"sebagai wajib LHKPN dikenakan hukuman disiplin";"233,88";"540,792";"692,85";"704,85";"612,2";"BCDFEE+BookmanOldStyle";"12,0";"387,336";"306,1";"0,13269519764782747";"0,3820320156811499";"0,5013263639333552";"False";"BATANG TUBUH";"PASAL 9"
"13";"berat; dan";"233,88";"294,168";"716,27";"728,27";"612,2";"BCDFEE+BookmanOldStyle";"12,0";"264,024";"306,1";"0,06872917347272137";"0,3820320156811499";"0,09847762169225745";"False";"BATANG TUBUH";"PASAL 9"
"13";"c. direksi, anggota dewan komisaris atau anggota";"212,68";"540,7560000000001";"740,48";"752,48";"612,2";"BCDFEE+BookmanOldStyle";"12,0";"376,7180000000001";"306,1";"0,1153511924207776";"0,3474028095393662";"0,5358967657628227";"False";"BATANG TUBUH";"PASAL 9"
"13";"dewan pengawas, dan kepala bagian atau satuan";"233,88";"540,852";"763,6700000000001";"775,6700000000001";"612,2";"BCDFEE+BookmanOldStyle";"12,0";"387,366";"306,1";"0,1327442012414243";"0,3820320156811499";"0,5014243711205487";"False";"BATANG TUBUH";"PASAL 9"
"13";"pengawas intern atau setingkat pejabat eksekutif";"233,88";"540,8040000000002";"786,87";"798,87";"612,2";"BCDFEE+BookmanOldStyle";"12,000000000000014";"387,3420000000001";"306,1";"0,132704998366547";"0,3820320156811499";"0,5013459653707941";"False";"BATANG TUBUH";"PASAL 9"
"13";"pada badan usaha milik daerah berupa:";"233,88";"470,502";"810,1";"822,1";"612,2";"BCDFEE+BookmanOldStyle";"12,0";"352,19100000000003";"306,1";"0,07528748774910161";"0,3820320156811499";"0,3865109441359033";"False";"BATANG TUBUH";"PASAL 9"
"13";"1. teguran tertulis;";"233,88";"350,61999999999995";"834,5";"846,5";"612,2";"BCDFEE+BookmanOldStyle";"12,0";"292,25";"306,1";"0,02262332571055214";"0,3820320156811499";"0,1906893172165958";"False";"BATANG TUBUH";"PASAL 9"
"14";"14";"298,7";"313,53999999999996";"35,90000000000009";"47,90000000000009";"612,2";"BCDFEE+BookmanOldStyle";"12,0";"306,12";"306,1";"3,266906239787947e-05";"0,4879124469127735";"0,02424044429924857";"False";"BATANG TUBUH";"PASAL 9"
"14";"2 pemberhentian sementara; dan";"233,88";"439,684";"81,5200000000001";"93,5200000000001";"612,2";"BCDFEE+BookmanOldStyle";"12,0";"336,78200000000004";"306,1";"0,0501176086246325";"0,3820320156811499";"0,3361711858869651";"False";"BATANG TUBUH";"PASAL 9"
"14";"3. pemberhentian tetap,";"233,88";"381,82";"104,5200000000001";"116,5200000000001";"612,2";"BCDFEE+BookmanOldStyle";"12,0";"307,85";"306,1";"0,002858542959817053";"0,3820320156811499";"0,24165305455733418";"False";"BATANG TUBUH";"PASAL 9"
"14";"sesuai dengan tata cara dalam ketentuan peraturan";"212,68";"541,036";"127,5200000000001";"139,5200000000001";"612,2";"BCDFEE+BookmanOldStyle";"12,0";"376,85799999999995";"306,1";"0,11557987585756276";"0,3474028095393662";"0,5363541326363932";"False";"BATANG TUBUH";"PASAL 9"
"14";"perundang-undangan.";"212,68";"345,068";"149,32000000000005";"161,32000000000005";"612,2";"BCDFEE+BookmanOldStyle";"12,0";"278,874";"306,1";"0,04447239464227376";"0,3474028095393662";"0,21624959163671997";"False";"BATANG TUBUH";"PASAL 9"
"14";"(3) Dalam hal Penyelenggara Negara sebagaimana";"191,45";"540,976";"172,35000000000014";"184,35000000000014";"612,2";"BCDFEE+BookmanOldStyle";"12,0";"366,21299999999997";"306,1";"0,09819176739627562";"0,3127245998039856";"0,5709343351845801";"False";"BATANG TUBUH";"PASAL 9"
"14";"dimaksud dalam Pasal 4 ayat (2) memenuhi lebih dari";"212,68";"541,176";"194,35000000000014";"206,35000000000014";"612,2";"BCDFEE+BookmanOldStyle";"12,0";"376,928";"306,1";"0,11569421757595552";"0,3474028095393662";"0,5365828160731787";"False";"BATANG TUBUH";"PASAL 9"
"14";"1 (satu) kriteria Penyelenggara Negara dan";"212,68";"540,7599999999999";"216,35000000000014";"228,35000000000014";"612,2";"BCDFEE+BookmanOldStyle";"12,0";"376,7199999999999";"306,1";"0,11535445932701713";"0,3474028095393662";"0,5359032995753019";"False";"BATANG TUBUH";"PASAL 9"
"14";"menimbulkan dampak negatif pada penyelenggaraan";"212,68";"540,8919999999999";"238,1500000000001";"250,1500000000001";"612,2";"BCDFEE+BookmanOldStyle";"12,0";"376,78599999999994";"306,1";"0,11546226723293028";"0,3474028095393662";"0,5361189153871282";"False";"BATANG TUBUH";"PASAL 9"
"14";"tugas Pemerintah Daerah, maka dikenakan sanksi";"212,68";"541,2280000000001";"260,18000000000006";"272,18000000000006";"612,2";"BCDFEE+BookmanOldStyle";"12,0";"376,95400000000006";"306,1";"0,11573668735707292";"0,3474028095393662";"0,5366677556354134";"False";"BATANG TUBUH";"PASAL 9"
"14";"administratif tambahan atau hukuman disiplin yang";"212,68";"541,0600000000002";"282,18000000000006";"294,18000000000006";"612,2";"BCDFEE+BookmanOldStyle";"12,0";"376,8700000000001";"306,1";"0,11559947729500178";"0,3474028095393662";"0,5363933355112711";"False";"BATANG TUBUH";"PASAL 9"
"14";"lebih berat sebagaimana dimaksud pada ayat (2).";"212,68";"502,56399999999996";"304,18000000000006";"316,18000000000006";"612,2";"BCDFEE+BookmanOldStyle";"12,0";"357,62199999999996";"306,1";"0,08415877164325372";"0,3474028095393662";"0,47351192420777516";"False";"BATANG TUBUH";"PASAL 9"
"14";"(4) Pengenaan sanksi administratif atau hukuman disiplin";"191,45";"541,012";"326,97000000000014";"338,97000000000014";"612,2";"BCDFEE+BookmanOldStyle";"12,0";"366,231";"306,1";"0,09822116955243379";"0,3127245998039856";"0,5709931394968963";"False";"BATANG TUBUH";"PASAL 9"
"14";"sebagaimana dimaksud pada ayat (2), dilakukan secara";"212,68";"541,042";"348,98000000000013";"360,98000000000013";"612,2";"BCDFEE+BookmanOldStyle";"12,0";"376,861";"306,1";"0,11558477621692251";"0,3474028095393662";"0,5363639333551127";"False";"BATANG TUBUH";"PASAL 9"
"14";"bertahap sesuai dengan tata cara dalam ketentuan";"212,68";"540,844";"371,0000000000001";"383,0000000000001";"612,2";"BCDFEE+BookmanOldStyle";"12,0";"376,76200000000006";"306,1";"0,11542306435805297";"0,3474028095393662";"0,5360405096373735";"False";"BATANG TUBUH";"PASAL 9"
"14";"peraturan perundang-undangan.";"212,68";"407,66799999999995";"393,0000000000001";"405,0000000000001";"612,2";"BCDFEE+BookmanOldStyle";"12,0";"310,174";"306,1";"0,006654688010454026";"0,3474028095393662";"0,31850375694217564";"False";"BATANG TUBUH";"PASAL 9"
"14";"(5) Bupati dapat memberikan sanksi tambahan atau";"191,45";"541,002";"415,8";"427,8";"612,2";"BCDFEE+BookmanOldStyle";"12,0";"366,226";"306,1";"0,09821300228683433";"0,3127245998039856";"0,5709768049656974";"False";"BATANG TUBUH";"PASAL 9"
"14";"sanksi lebih berat kepada Penyelenggara Negara";"212,68";"541,11";"437,8";"449,8";"612,2";"BCDFEE+BookmanOldStyle";"12,0";"376,895";"306,1";"0,11564031362299894";"0,3474028095393662";"0,5364750081672656";"False";"BATANG TUBUH";"PASAL 9"
"14";"sebagaimana dimaksud pada ayat (3) atas dasar";"212,68";"541,346";"459,8";"471,8";"612,2";"BCDFEE+BookmanOldStyle";"12,0";"377,01300000000003";"306,1";"0,11583306109114669";"0,3474028095393662";"0,5368605031035609";"False";"BATANG TUBUH";"PASAL 9"
"14";"rekomendasi dari KPK.";"212,68";"347,34";"481,82000000000005";"493,82000000000005";"612,2";"BCDFEE+BookmanOldStyle";"12,0";"280,01";"306,1";"0,042616791898072576";"0,3474028095393662";"0,21996079712512245";"False";"BATANG TUBUH";"PASAL 9"
"14";"(6) Penyelenggara Negara sebagaimana dimaksud dalam";"191,45";"540,904";"504,62000000000006";"516,6200000000001";"612,2";"BCDFEE+BookmanOldStyle";"12,0";"366,177";"306,1";"0,09813296308395948";"0,3127245998039856";"0,5708167265599478";"False";"BATANG TUBUH";"PASAL 9"
"14";"Pasal 4 ayat (2) dari unsur ASN dan ASN yang tidak";"212,68";"540,7239999999999";"526,6200000000001";"538,6200000000001";"612,2";"BCDFEE+BookmanOldStyle";"12,0";"376,702";"306,1";"0,11532505717085914";"0,3474028095393662";"0,5358444952629858";"False";"BATANG TUBUH";"PASAL 4"
"14";"termasuk sebagai Penyelenggara Negara sebagaimana";"212,68";"540,9639999999999";"548,6200000000001";"560,6200000000001";"612,2";"BCDFEE+BookmanOldStyle";"12,0";"376,822";"306,1";"0,11552107154524661";"0,3474028095393662";"0,5362365240117607";"False";"BATANG TUBUH";"PASAL 4"
"14";"dimaksud dalam Pasal 4 ayat (3) yang tidak";"212,68";"541,35";"570,6200000000001";"582,6200000000001";"612,2";"BCDFEE+BookmanOldStyle";"12,0";"377,015";"306,1";"0,11583632799738641";"0,3474028095393662";"0,5368670369160405";"False";"BATANG TUBUH";"PASAL 4"
"14";"menjalankan atau memenuhi kewajiban sebagaimana";"212,68";"541,258";"592,45";"604,45";"612,2";"BCDFEE+BookmanOldStyle";"12,0";"376,96900000000005";"306,1";"0,11576118915387132";"0,3474028095393662";"0,5367167592290102";"False";"BATANG TUBUH";"PASAL 4"
"14";"dimaksud pada ayat (1), dikenakan sanksi berupa";"212,68";"541,004";"614,45";"626,45";"612,2";"BCDFEE+BookmanOldStyle";"12,0";"376,842";"306,1";"0,11555374060764449";"0,3474028095393662";"0,5363018621365566";"False";"BATANG TUBUH";"PASAL 4"
"14";"pemotongan atau penundaan hingga penghentian";"212,68";"540,868";"636,45";"648,45";"612,2";"BCDFEE+BookmanOldStyle";"12,0";"376,774";"306,1";"0,11544266579549163";"0,3474028095393662";"0,536079712512251";"False";"BATANG TUBUH";"PASAL 4"
"14";"pembayaran tambahan penghasilan pegawai,";"212,68";"541,036";"658,45";"670,45";"612,2";"BCDFEE+BookmanOldStyle";"12,0";"376,85799999999995";"306,1";"0,11557987585756276";"0,3474028095393662";"0,5363541326363932";"False";"BATANG TUBUH";"PASAL 4"
"14";"tunjangan kinerja, tunjangan profesi, remunerasi atau";"212,68";"541,206";"680,25";"692,25";"612,2";"BCDFEE+BookmanOldStyle";"12,0";"376,943";"306,1";"0,11571871937275392";"0,3474028095393662";"0,5366318196667755";"False";"BATANG TUBUH";"PASAL 4"
"14";"istilah lain yang sejenis sesuai dengan ketentuan";"212,68";"541,0199999999999";"702,27";"714,27";"612,2";"BCDFEE+BookmanOldStyle";"12,0";"376,8499999999999";"306,1";"0,11556680823260353";"0,3474028095393662";"0,5363279973864747";"False";"BATANG TUBUH";"PASAL 4"
"14";"peraturan perundang-undangan.";"212,68";"407,76";"724,27";"736,27";"612,2";"BCDFEE+BookmanOldStyle";"12,0";"310,22";"306,1";"0,0067298268539692984";"0,3474028095393662";"0,3186540346292061";"False";"BATANG TUBUH";"PASAL 4"
"14";"(7) Pemotongan atau penundaan pembayaran";"191,45";"541,0219999999999";"747,27";"759,27";"612,2";"BCDFEE+BookmanOldStyle";"12,0";"366,236";"306,1";"0,09822933681803327";"0,3127245998039856";"0,5710094740280952";"False";"BATANG TUBUH";"PASAL 4"
"14";"sebagaimana dimaksud pada ayat (6) dalam hal alokasi";"212,68";"540,928";"769,07";"781,07";"612,2";"BCDFEE+BookmanOldStyle";"12,0";"376,804";"306,1";"0,11549166938908845";"0,3474028095393662";"0,5361777196994446";"False";"BATANG TUBUH";"PASAL 4"
"14";"dana masih tersedia pada beban tahun anggaran";"212,68";"541,06";"791,07";"803,07";"612,2";"BCDFEE+BookmanOldStyle";"12,0";"376,87";"306,1";"0,1155994772950016";"0,3474028095393662";"0,5363933355112707";"False";"BATANG TUBUH";"PASAL 4"
"14";"berkenaan sesuai dengan ketentuan peraturan";"212,68";"540,9639999999999";"813,1";"825,1";"612,2";"BCDFEE+BookmanOldStyle";"12,0";"376,822";"306,1";"0,11552107154524661";"0,3474028095393662";"0,5362365240117607";"False";"BATANG TUBUH";"PASAL 4"
"14";"perundang-undangan.";"212,68";"345,068";"835,1";"847,1";"612,2";"BCDFEE+BookmanOldStyle";"12,0";"278,874";"306,1";"0,04447239464227376";"0,3474028095393662";"0,21624959163671997";"False";"BATANG TUBUH";"PASAL 4"
"15";"15";"298,7";"313,53999999999996";"35,90000000000009";"47,90000000000009";"612,2";"BCDFEE+BookmanOldStyle";"12,0";"306,12";"306,1";"3,266906239787947e-05";"0,4879124469127735";"0,02424044429924857";"False";"BATANG TUBUH";"PASAL 4"
"15";"(8) Penghentian pembayaran sebagaimana dimaksud pada";"191,45";"540,796";"81,5200000000001";"93,5200000000001";"612,2";"BCDFEE+BookmanOldStyle";"12,0";"366,12300000000005";"306,1";"0,09804475661548517";"0,3127245998039856";"0,570640313622999";"False";"BATANG TUBUH";"PASAL 4"
"15";"ayat (6) dalam hal melewati batas akhir permohonan";"212,68";"541,0480000000001";"103,32000000000005";"115,32000000000005";"612,2";"BCDFEE+BookmanOldStyle";"12,0";"376,86400000000003";"306,1";"0,11558967657628227";"0,3474028095393662";"0,5363737340738323";"False";"BATANG TUBUH";"PASAL 4"
"15";"atau pengajuan pencairan kepada Bendahara Umum";"212,68";"540,8199999999999";"125,12000000000012";"137,12000000000012";"612,2";"BCDFEE+BookmanOldStyle";"12,0";"376,75";"306,1";"0,11540346292061414";"0,3474028095393662";"0,5360013067624958";"False";"BATANG TUBUH";"PASAL 4"
"15";"Daerah pada tahun anggaran berkenaan sesuai dengan";"212,68";"540,916";"146,93000000000006";"158,93000000000006";"612,2";"BCDFEE+BookmanOldStyle";"12,0";"376,798";"306,1";"0,11548186867036912";"0,3474028095393662";"0,5361581182620059";"False";"BATANG TUBUH";"PASAL 4"
"15";"ketentuan peraturan perundang-undangan.";"212,68";"471,518";"168,95000000000005";"180,95000000000005";"612,2";"BCDFEE+BookmanOldStyle";"12,0";"342,099";"306,1";"0,05880267886311657";"0,3474028095393662";"0,42279973864750076";"False";"BATANG TUBUH";"PASAL 4"
"15";"8. Ketentuan Pasal 10 diubah, sehingga berbunyi sebagai";"170,05";"540,99";"214,55000000000007";"226,55000000000007";"612,2";"BCDFEE+BookmanOldStyle";"12,0";"355,52";"306,1";"0,0807252531852335";"0,2777687030382228";"0,6059131002940216";"False";"BATANG TUBUH";"PASAL 4"
"15";"berikut:";"191,45";"237,866";"236,35000000000014";"248,35000000000014";"612,2";"BCDFEE+BookmanOldStyle";"12,0";"214,65800000000002";"306,1";"0,14936622018948056";"0,3127245998039856";"0,07581836001306766";"False";"BATANG TUBUH";"PASAL 4"
"15";"Pasal 10";"281,1";"330,92400000000004";"280,97000000000014";"292,97000000000014";"612,2";"BCDFEE+BookmanOldStyle";"12,0";"306,01200000000006";"306,1";"0,00014374387455074394";"0,45916367200261354";"0,08138516824567137";"False";"BATANG TUBUH";"PASAL 10"
"15";"Pada saat Peraturan Bupati ini mulai berlaku:";"191,45";"463,84999999999997";"326,7700000000001";"338,7700000000001";"612,2";"BCDFEE+BookmanOldStyle";"12,0";"327,65";"306,1";"0,03520091473374706";"0,3127245998039856";"0,44495262985952294";"False";"BATANG TUBUH";"PASAL 10"
"15";"a. pejabat tertentu atau lainnya sebagaimana dimaksud";"191,45";"541,492";"349,57000000000005";"361,57000000000005";"612,2";"BCDFEE+BookmanOldStyle";"12,0";"366,471";"306,1";"0,09861319830120871";"0,3127245998039856";"0,5717771969944462";"False";"BATANG TUBUH";"PASAL 10"
"15";"dalam Pasal 4 ayat (2) huruf o dan Penyelenggara Negara";"212,68";"541,3119999999998";"371,4000000000001";"383,4000000000001";"612,2";"BCDFEE+BookmanOldStyle";"12,0";"376,99599999999987";"306,1";"0,1158052923881082";"0,3474028095393662";"0,536804965697484";"False";"BATANG TUBUH";"PASAL 10"
"15";"yang diangkat pertama kali atau diangkat kembali";"212,68";"541,342";"393,20000000000005";"405,20000000000005";"612,2";"BCDFEE+BookmanOldStyle";"12,0";"377,01099999999997";"306,1";"0,1158297941849068";"0,3474028095393662";"0,5368539692910813";"False";"BATANG TUBUH";"PASAL 10"
"15";"sebagaimana dimaksud dalam Pasal 5 ayat (1) huruf a";"212,68";"541,3599999999999";"415,00000000000006";"427,00000000000006";"612,2";"BCDFEE+BookmanOldStyle";"12,0";"377,02";"306,1";"0,11584449526298587";"0,3474028095393662";"0,5368833714472393";"False";"BATANG TUBUH";"PASAL 10"
"15";"atau huruf c sebelum tanggal 1 Januari 2026 wajib";"212,68";"541,594";"437,00000000000006";"449,00000000000006";"612,2";"BCDFEE+BookmanOldStyle";"12,0";"377,13700000000006";"306,1";"0,11603560927801376";"0,3474028095393662";"0,537265599477295";"False";"BATANG TUBUH";"PASAL 10"
"15";"mengisi dan menyampaikan LHKPN secara khusus atas";"212,68";"541,444";"458,8";"470,8";"612,2";"BCDFEE+BookmanOldStyle";"12,0";"377,062";"306,1";"0,11591310029402153";"0,3474028095393662";"0,5370205815093105";"False";"BATANG TUBUH";"PASAL 10"
"15";"Harta Kekayaan per tanggal 31 Desember 2025;";"212,68";"482,78999999999996";"480,62000000000006";"492,62000000000006";"612,2";"BCDFEE+BookmanOldStyle";"12,0";"347,735";"306,1";"0,06800882064684742";"0,3474028095393662";"0,4412120222149623";"False";"BATANG TUBUH";"PASAL 10"
"15";"b. pejabat penatausahaan keuangan, pejabat pelaksana";"191,45";"541,29";"503,42";"515,4200000000001";"612,2";"BCDFEE+BookmanOldStyle";"12,0";"366,37";"306,1";"0,09844821953609928";"0,3127245998039856";"0,5714472394642273";"False";"BATANG TUBUH";"PASAL 10"
"15";"teknis kegiatan, pejabat fungsional pemeriksa atau";"212,68";"540,892";"525,23";"537,23";"612,2";"BCDFEE+BookmanOldStyle";"12,0";"376,78600000000006";"306,1";"0,11546226723293046";"0,3474028095393662";"0,5361189153871284";"False";"BATANG TUBUH";"PASAL 10"
"15";"pejabat yang menjalankan tugas dan fungsi sejenis,";"212,68";"540,8080000000001";"547,02";"559,02";"612,2";"BCDFEE+BookmanOldStyle";"12,0";"376,744";"306,1";"0,1153936622018948";"0,3474028095393662";"0,5359817053250573";"False";"BATANG TUBUH";"PASAL 10"
"15";"dan penyidik pegawai negeri sipil sebagaimana";"212,68";"541,258";"569,02";"581,02";"612,2";"BCDFEE+BookmanOldStyle";"12,0";"376,96900000000005";"306,1";"0,11576118915387132";"0,3474028095393662";"0,5367167592290102";"False";"BATANG TUBUH";"PASAL 10"
"15";"dimaksud dalam Pasal 4 ayat (2) huruf i dan huruf l";"212,68";"540,4599999999999";"590,85";"602,85";"612,2";"BCDFEE+BookmanOldStyle";"12,0";"376,56999999999994";"306,1";"0,11510944135903285";"0,3474028095393662";"0,5354132636393334";"False";"BATANG TUBUH";"PASAL 10"
"15";"yang belum pernah menyampaikan LHKPN wajib";"212,68";"541,0360000000001";"612,6500000000001";"624,6500000000001";"612,2";"BCDFEE+BookmanOldStyle";"12,0";"376,85800000000006";"306,1";"0,11557987585756294";"0,3474028095393662";"0,5363541326363934";"False";"BATANG TUBUH";"PASAL 10"
"15";"mengisi dan menyampaikan LHKPN atas Harta";"212,68";"541,0260000000001";"634,45";"646,45";"612,2";"BCDFEE+BookmanOldStyle";"12,0";"376,85300000000007";"306,1";"0,11557170859196347";"0,3474028095393662";"0,5363377981051944";"False";"BATANG TUBUH";"PASAL 10"
"15";"Kekayaan per tanggal 31 Desember 2025, paling lambat";"212,68";"541,4979999999999";"656,25";"668,25";"612,2";"BCDFEE+BookmanOldStyle";"12,0";"377,08899999999994";"306,1";"0,1159572035282586";"0,3474028095393662";"0,5371087879777848";"False";"BATANG TUBUH";"PASAL 10"
"15";"tanggal 15 Februari 2026; dan";"212,68";"383,846";"678,0500000000001";"690,0500000000001";"612,2";"BCDFEE+BookmanOldStyle";"12,0";"298,26300000000003";"306,1";"0,012801372100620694";"0,3474028095393662";"0,2795916367200261";"False";"BATANG TUBUH";"PASAL 10"
"15";"c. kepala sekolah dan kepala pusat kesehatan";"191,45";"541,18";"701,07";"713,07";"612,2";"BCDFEE+BookmanOldStyle";"12,0";"366,31499999999994";"306,1";"0,09835837961450493";"0,3127245998039856";"0,5712675596210388";"False";"BATANG TUBUH";"PASAL 10"
"15";"masyarakat yang mengelola anggaran atau keuangan";"212,68";"541,012";"722,87";"734,87";"612,2";"BCDFEE+BookmanOldStyle";"12,0";"376,846";"306,1";"0,1155602744201241";"0,3474028095393662";"0,5363149297615157";"False";"BATANG TUBUH";"PASAL 10"
"15";"di atas Rp1.000.000.000,00 (satu milyar rupiah)";"212,68";"541,024";"744,6800000000001";"756,6800000000001";"612,2";"BCDFEE+BookmanOldStyle";"12,0";"376,852";"306,1";"0,11557007513884343";"0,3474028095393662";"0,5363345311989546";"False";"BATANG TUBUH";"PASAL 10"
"15";"sebagaimana dimaksud dalam Pasal 4 ayat (2) huruf m";"212,68";"540,844";"766,47";"778,47";"612,2";"BCDFEE+BookmanOldStyle";"12,0";"376,76200000000006";"306,1";"0,11542306435805297";"0,3474028095393662";"0,5360405096373735";"False";"BATANG TUBUH";"PASAL 10"
"15";"wajib mengisi dan menyampaikan LHKPN atas Harta";"212,68";"540,9759999999999";"788,28";"800,2800000000001";"612,2";"BCDFEE+BookmanOldStyle";"12,000000000000014";"376,828";"306,1";"0,11553087226396594";"0,3474028095393662";"0,5362561254491993";"False";"BATANG TUBUH";"PASAL 10"
"15";"Kekayaan per tanggal 31 Desember 2025, paling";"212,68";"541,182";"810,1";"822,1";"612,2";"BCDFEE+BookmanOldStyle";"12,0";"376,93100000000004";"306,1";"0,11569911793531527";"0,3474028095393662";"0,5365926167918981";"False";"BATANG TUBUH";"PASAL 10"
"15";"lambat tanggal 28 Februari 2026.";"212,68";"410,77";"832,1";"844,1";"612,2";"BCDFEE+BookmanOldStyle";"12,0";"311,725";"306,1";"0,009188173799411956";"0,3474028095393662";"0,3235707285200914";"False";"BATANG TUBUH";"PASAL 10"
"16";"16";"298,7";"313,53999999999996";"35,90000000000009";"47,90000000000009";"612,2";"BCDFEE+BookmanOldStyle";"12,0";"306,12";"306,1";"3,266906239787947e-05";"0,4879124469127735";"0,02424044429924857";"False";"BATANG TUBUH";"PASAL 10"
"16";"Pasal II";"284,5";"327,556";"81,5200000000001";"93,5200000000001";"612,2";"BCDFEE+BookmanOldStyle";"12,0";"306,028";"306,1";"0,0001176086246324775";"0,46471741261025806";"0,07032995753021885";"False";"BATANG TUBUH";"PASAL 10"
"16";"Peraturan Bupati ini mulai berlaku pada tanggal";"170,05";"540,6819999999999";"120,12000000000012";"132,12000000000012";"612,2";"BCDFEE+BookmanOldStyle";"12,0";"355,366";"306,1";"0,08047370140476962";"0,2777687030382228";"0,6054099967330936";"False";"BATANG TUBUH";"PASAL 10"
"16";"diundangkan.";"170,05";"252,22600000000003";"138,5200000000001";"150,5200000000001";"612,2";"BCDFEE+BookmanOldStyle";"12,0";"211,13800000000003";"306,1";"0,15511597517151254";"0,2777687030382228";"0,13423064358052925";"False";"BATANG TUBUH";"PASAL 10"
"16";"Agar setiap orang mengetahuinya, memerintahkan";"170,05";"540,9399999999999";"177,1500000000001";"189,1500000000001";"612,2";"BCDFEE+BookmanOldStyle";"12,0";"355,495";"306,1";"0,08068441685723617";"0,2777687030382228";"0,6058314276380267";"False";"PENUTUP";""
"16";"pengundangan Peraturan Bupati ini dengan penempatannya";"170,05";"540,634";"195,35000000000014";"207,35000000000014";"612,2";"BCDFEE+BookmanOldStyle";"12,0";"355,342";"306,1";"0,08043449852989212";"0,2777687030382228";"0,6053315909833388";"False";"PENUTUP";""
"16";"dalam Berita Daerah Kabupaten Malang.";"170,05";"411,08199999999994";"213,7500000000001";"225,7500000000001";"612,2";"BCDFEE+BookmanOldStyle";"12,0";"290,566";"306,1";"0,025374060764456138";"0,2777687030382228";"0,39371447239464213";"False";"PENUTUP";""
"16";"Ditetapkan di Kepanjen";"323,5";"462,432";"271,7700000000001";"283,7700000000001";"612,2";"BCDFEE+BookmanOldStyle";"12,0";"392,966";"306,1";"0,1418915387128389";"0,528422084286181";"0,2269389088533159";"False";"PENUTUP";""
"16";"pada tanggal 23 Juli 2025";"323,5";"477,79";"290,97000000000014";"302,97000000000014";"612,2";"BCDFEE+BookmanOldStyle";"12,0";"400,645";"306,1";"0,1544348252205161";"0,528422084286181";"0,2520254818686704";"False";"PENUTUP";""
"16";"BUPATI MALANG,";"382,13";"491,96599999999995";"329,54600000000005";"341,54600000000005";"612,2";"BCDEEE+BookmanOldStyle-Bold";"12,0";"437,048";"306,1";"0,2138974191440705";"0,6241914407056517";"0,17941195687683756";"True";"PENUTUP";""
"16";"ttd.";"427,52";"448,83";"368,17600000000004";"380,17600000000004";"612,2";"BCDEEE+BookmanOldStyle-Bold";"12,0";"438,17499999999995";"306,1";"0,21573832081019262";"0,6983338778177065";"0,03480888598497223";"False";"PENUTUP";""
"16";"SANUSI";"413,73";"460,71000000000004";"402,3760000000001";"414,37600000000003";"612,2";"BCDEEE+BookmanOldStyle-Bold";"11,999999999999943";"437,22";"306,1";"0,21417837308069257";"0,6758085592943482";"0,07673962757268869";"True";"PENUTUP";""
"16";"Diundangkan di Kepanjen";"70,825";"224,96200000000002";"441,00000000000006";"453,00000000000006";"612,2";"BCDFEE+BookmanOldStyle";"12,0";"147,89350000000002";"306,1";"0,2584229010127409";"0,11568931721659588";"0,25177556354132635";"False";"PENUTUP";""
"16";"pada tanggal 23 Juli 2025";"70,825";"225,08599999999998";"460,20000000000005";"472,20000000000005";"612,2";"BCDFEE+BookmanOldStyle";"12,0";"147,9555";"306,1";"0,25832162691930743";"0,11568931721659588";"0,25197811172819334";"False";"PENUTUP";""
"16";"Pj. SEKRETARIS DAERAH KABUPATEN MALANG,";"72,425";"360,32199999999995";"498,79600000000005";"510,79600000000005";"612,2";"BCDEEE+BookmanOldStyle-Bold";"12,0";"216,37349999999998";"306,1";"0,14656403136229995";"0,1183028422084286";"0,47026625285854284";"False";"PENUTUP";""
"16";"ttd.";"205,68";"226,96";"537,596";"549,596";"612,2";"BCDEEE+BookmanOldStyle-Bold";"12,0";"216,32";"306,1";"0,14665142110421434";"0,335968637700098";"0,03475988239137537";"False";"PENUTUP";""
"16";"NURCAHYO";"179,85";"252,02999999999997";"572,9960000000001";"584,9960000000001";"612,2";"BCDEEE+BookmanOldStyle-Bold";"12,0";"215,94";"306,1";"0,14727213328977462";"0,29377654361319827";"0,11790264619405419";"True";"PENUTUP";""
"16";"Berita Daerah Kabupaten Malang";"70,825";"267,953";"611,6500000000001";"623,6500000000001";"612,2";"BCDFEE+BookmanOldStyle";"12,0";"169,38899999999998";"306,1";"0,22331100947402815";"0,11568931721659588";"0,321999346618752";"False";"PENUTUP";""
"16";"Tahun 2025 Nomor 18 Seri D";"70,825";"244,48";"631,05";"643,05";"612,2";"BCDFEE+BookmanOldStyle";"12,0";"157,6525";"306,1";"0,24248203201568116";"0,11568931721659588";"0,2836573015354459";"False";"PENUTUP";""
