"page";"text";"x0";"x1";"top";"bottom";"page_width";"font_name";"font_size";"line_center";"page_center";"center_score";"left_ratio";"width_ratio";"is_all_caps";"sistematika";"unsur"
"1";"pp";"298,5";"313,78000000000003";"79,69600000000014";"91,69600000000014";"612,2";"BCDFEE+BookmanOldStyle-Bold";"12,0";"306,14";"306,1";"6,533812479575894e-05";"0,48758575628879447";"0,02495916367200266";"False";"BODY_TEXT";""
"1";"BUPATI MALANG";"253,08";"358,608";"119,09600000000012";"131,09600000000012";"612,2";"BCDFEE+BookmanOldStyle-Bold";"12,0";"305,844";"306,1";"0,00041816399869328425";"0,41339431558314277";"0,17237504083632796";"True";"JUDUL";""
"1";"PROVINSI JAWA TIMUR";"231,48";"380,17199999999997";"138,90600000000006";"150,90600000000006";"612,2";"BCDFEE+BookmanOldStyle-Bold";"12,0";"305,82599999999996";"306,1";"0,00044756615485145007";"0,37811172819340083";"0,24288141130349553";"True";"JUDUL";""
"1";"PERATURAN BUPATI MALANG";"211,67";"400,036";"176,7260000000001";"188,7260000000001";"612,2";"BCDFEE+BookmanOldStyle-Bold";"12,0";"305,853";"306,1";"0,00040346292061420135";"0,3457530218882718";"0,30768703038222806";"True";"JUDUL";""
"1";"NOMOR 4 TAHUN 2025";"233,48";"378,85";"195,1260000000001";"207,1260000000001";"612,2";"BCDFEE+BookmanOldStyle-Bold";"12,0";"306,165";"306,1";"0,00010617445279320112";"0,3813786344331917";"0,2374550800392029";"True";"JUDUL";""
"1";"TENTANG";"275,48";"336,44000000000005";"213,32600000000014";"225,32600000000014";"612,2";"BCDFEE+BookmanOldStyle-Bold";"12,0";"305,96000000000004";"306,1";"0,00022868343678534195";"0,44998366546880103";"0,09957530218882724";"True";"JUDUL";""
"1";"PERUBAHAN ATAS PERATURAN BUPATI MALANG";"149,85";"459,466";"231,7260000000001";"243,7260000000001";"612,2";"BCDFEE+BookmanOldStyle-Bold";"12,0";"304,658";"306,1";"0,0023554393988892636";"0,2447729500163345";"0,5057432211695524";"True";"JUDUL";""
"1";"NOMOR 189 TAHUN 2024 TENTANG PENJABARAN ANGGARAN";"108,62";"500,74";"249,92600000000004";"261,92600000000004";"612,2";"BCDFEE+BookmanOldStyle-Bold";"12,0";"304,68";"306,1";"0,0023195034302515775";"0,17742567788304475";"0,6405096373734074";"True";"JUDUL";""
"1";"PENDAPATAN DAN BELANJA DAERAH";"185,65";"423,82399999999996";"267,3460000000001";"279,3460000000001";"612,2";"BCDFEE+BookmanOldStyle-Bold";"12,0";"304,73699999999997";"306,1";"0,0022263966024176026";"0,30325057170859193";"0,3890460633779809";"True";"JUDUL";""
"1";"TAHUN ANGGARAN 2025";"226,68";"383,05";"285,54600000000005";"297,54600000000005";"612,2";"BCDFEE+BookmanOldStyle-Bold";"12,0";"304,865";"306,1";"0,002017314603070914";"0,3702711532179026";"0,2554230643580529";"True";"JUDUL";""
"1";"DENGAN RAHMAT TUHAN YANG MAHA ESA";"169,05";"442,624";"320,7460000000001";"332,7460000000001";"612,2";"BCDFEE+BookmanOldStyle-Bold";"12,0";"305,837";"306,1";"0,0004295981705325607";"0,27613524991832733";"0,44687030382228027";"True";"PEMBUKAAN";"FRASA RELIGIUS"
"1";"BUPATI MALANG,";"251,08";"361,0";"355,95600000000013";"367,95600000000013";"612,2";"BCDFEE+BookmanOldStyle-Bold";"12,0";"306,04";"306,1";"9,800718719373124e-05";"0,41012740934335185";"0,17954916693890882";"True";"PEMBUKAAN";"PEMBENTUK PPU"
"1";"Menimbang : a. bahwa untuk melaksanakan ketentuan dalam";"70,825";"541,0339999999999";"393,0000000000001";"405,0000000000001";"612,2";"BCDGEE+BookmanOldStyle";"12,0";"305,92949999999996";"306,1";"0,0002785037569422753";"0,11568931721659588";"0,7680643580529236";"False";"PEMBUKAAN";"KONSIDERANS"
"1";"Pasal 18 Peraturan Daerah Kabupaten Malang";"191,45";"540,902";"410,6";"422,6";"612,2";"BCDGEE+BookmanOldStyle";"12,0";"366,17600000000004";"306,1";"0,09813132963083962";"0,3127245998039856";"0,570813459653708";"False";"BATANG TUBUH";"PASAL 18"
"1";"Nomor 8 Tahun 2024 tentang Anggaran Pendapatan dan";"191,45";"541,2679999999999";"428,20000000000005";"440,20000000000005";"612,2";"BCDGEE+BookmanOldStyle";"12,0";"366,3589999999999";"306,1";"0,0984302515517803";"0,3127245998039856";"0,5714113034955896";"False";"BATANG TUBUH";"PASAL 18"
"1";"Belanja Daerah Tahun Anggaran 2025, telah ditetapkan";"191,45";"541,222";"445,8";"457,8";"612,2";"BCDGEE+BookmanOldStyle";"12,0";"366,336";"306,1";"0,09839268213002285";"0,3127245998039856";"0,5713361646520744";"False";"BATANG TUBUH";"PASAL 18"
"1";"Peraturan Bupati Malang Nomor 189 Tahun 2024 tentang";"191,45";"541,37";"463,40000000000003";"475,40000000000003";"612,2";"BCDGEE+BookmanOldStyle";"12,0";"366,40999999999997";"306,1";"0,09851355766089503";"0,3127245998039856";"0,571577915713819";"False";"BATANG TUBUH";"PASAL 18"
"1";"Penjabaran Anggaran Pendapatan dan Belanja Daerah";"191,45";"540,602";"481,02000000000004";"493,02000000000004";"612,2";"BCDGEE+BookmanOldStyle";"12,0";"366,02599999999995";"306,1";"0,09788631166285515";"0,3127245998039856";"0,5703234237177393";"False";"BATANG TUBUH";"PASAL 18"
"1";"Tahun Anggaran 2025;";"191,45";"327,14";"498,62000000000006";"510,62000000000006";"612,2";"BCDGEE+BookmanOldStyle";"12,0";"259,29499999999996";"306,1";"0,07645377327670706";"0,3127245998039856";"0,2216432538386148";"False";"BATANG TUBUH";"PASAL 18"
"1";"b. bahwa sesuai Instruksi Presiden Nomor 1 Tahun 2025";"170,05";"541,2180000000001";"517,23";"529,23";"612,2";"BCDGEE+BookmanOldStyle";"12,0";"355,634";"306,1";"0,08091146684090164";"0,2777687030382228";"0,6062855276053578";"False";"BATANG TUBUH";"PASAL 18"
"1";"tentang Efisiensi Belanja dalam Pelaksanaan Anggaran";"191,45";"541,034";"537,02";"549,02";"612,2";"BCDGEE+BookmanOldStyle";"12,0";"366,24199999999996";"306,1";"0,09823913753675259";"0,3127245998039856";"0,571029075465534";"False";"BATANG TUBUH";"PASAL 18"
"1";"Pendapatan dan Belanja Negara dan Anggaran Pendapatan";"191,45";"541,1039999999999";"556,6200000000001";"568,6200000000001";"612,2";"BCDGEE+BookmanOldStyle";"12,0";"366,27699999999993";"306,1";"0,09829630839594888";"0,3127245998039856";"0,5711434171839267";"False";"BATANG TUBUH";"PASAL 18"
"1";"dan Belanja Daerah Tahun Anggaran 2025, Keputusan";"191,45";"541,222";"576,4300000000001";"588,4300000000001";"612,2";"BCDGEE+BookmanOldStyle";"12,0";"366,336";"306,1";"0,09839268213002285";"0,3127245998039856";"0,5713361646520744";"False";"BATANG TUBUH";"PASAL 18"
"1";"Menteri Keuangan Nomor 453 Tahun 2024 tentang";"191,45";"540,998";"596,25";"608,25";"612,2";"BCDGEE+BookmanOldStyle";"12,0";"366,22400000000005";"306,1";"0,0982097353805946";"0,3127245998039856";"0,570970271153218";"False";"BATANG TUBUH";"PASAL 18"
"1";"Perubahan Rincian Alokasi Dana Alokasi Khusus Nonfisik";"191,45";"541,0340000000001";"615,85";"627,85";"612,2";"BCDGEE+BookmanOldStyle";"12,0";"366,2420000000001";"306,1";"0,09823913753675277";"0,3127245998039856";"0,5710290754655343";"False";"BATANG TUBUH";"PASAL 18"
"1";"Bantuan Operasional Kesehatan Subjenis Bantuan";"191,45";"541,0699999999999";"635,6500000000001";"647,6500000000001";"612,2";"BCDGEE+BookmanOldStyle";"12,0";"366,26";"306,1";"0,09826853969291076";"0,3127245998039856";"0,5710878797778502";"False";"BATANG TUBUH";"PASAL 18"
"1";"Operasional Kesehatan Pengawasan Obat dan Makanan";"191,45";"541,2439999999999";"655,25";"667,25";"612,2";"BCDGEE+BookmanOldStyle";"12,0";"366,347";"306,1";"0,09841065011434164";"0,3127245998039856";"0,571372100620712";"False";"BATANG TUBUH";"PASAL 18"
"1";"dan Subjenis Bantuan Operasional Kesehatan Puskesmas";"191,45";"540,7819999999999";"675,0500000000001";"687,0500000000001";"612,2";"BCDGEE+BookmanOldStyle";"12,0";"366,116";"306,1";"0,09803332244364579";"0,3127245998039856";"0,5706174452793203";"False";"BATANG TUBUH";"PASAL 18"
"1";"dan Perubahan Rincian Alokasi Dana Alokasi Khusus";"191,45";"540,806";"694,88";"706,88";"612,2";"BCDGEE+BookmanOldStyle";"12,0";"366,12800000000004";"306,1";"0,09805292388108464";"0,3127245998039856";"0,570656648154198";"False";"BATANG TUBUH";"PASAL 18"
"1";"Nonfisik Dana Ketahanan Pangan dan Pertanian Subjenis";"191,45";"541,412";"714,47";"726,47";"612,2";"BCDGEE+BookmanOldStyle";"12,0";"366,43100000000004";"306,1";"0,09854786017641295";"0,3127245998039856";"0,5716465207448547";"False";"BATANG TUBUH";"PASAL 18"
"1";"Bantuan Operasional Penyuluh Pertanian Tahun";"191,45";"540,8659999999999";"734,27";"746,27";"612,2";"BCDGEE+BookmanOldStyle";"12,0";"366,1579999999999";"306,1";"0,09810192747468127";"0,3127245998039856";"0,5707546553413915";"False";"BATANG TUBUH";"PASAL 18"
"1";"Anggaran 2025, Keputusan Menteri Keuangan Nomor 29";"191,45";"541,042";"753,88";"765,88";"612,2";"BCDGEE+BookmanOldStyle";"12,0";"366,246";"306,1";"0,0982456713492322";"0,3127245998039856";"0,5710421430904933";"False";"BATANG TUBUH";"PASAL 18"
"1";"Tahun 2025 tentang Penyesuaian Rincian Alokasi Transfer";"191,45";"540,806";"773,6700000000001";"785,6700000000001";"612,2";"BCDGEE+BookmanOldStyle";"12,0";"366,12800000000004";"306,1";"0,09805292388108464";"0,3127245998039856";"0,570656648154198";"False";"BATANG TUBUH";"PASAL 18"
"1";"ke Daerah menurut Provinsi/Kabupaten/Kota Tahun";"191,45";"541,082";"793,47";"805,47";"612,2";"BCDGEE+BookmanOldStyle";"12,000000000000014";"366,26599999999996";"306,1";"0,09827834041163008";"0,3127245998039856";"0,5711074812152891";"False";"BATANG TUBUH";"PASAL 18"
"1";"Anggaran 2025 dalam Rangka Efisiensi Belanja dalam";"191,45";"540,8539999999999";"813,1";"825,1";"612,2";"BCDGEE+BookmanOldStyle";"12,0";"366,15199999999993";"306,1";"0,09809212675596195";"0,3127245998039856";"0,5707350539039528";"False";"BATANG TUBUH";"PASAL 18"
"1";"Pelaksanaan Anggaran Pendapatan dan Belanja Negara";"191,45";"540,902";"832,9000000000001";"844,9000000000001";"612,2";"BCDGEE+BookmanOldStyle";"12,0";"366,17600000000004";"306,1";"0,09813132963083962";"0,3127245998039856";"0,570813459653708";"False";"BATANG TUBUH";"PASAL 18"
"2";"2";"302,5";"309,94";"37,90000000000009";"49,90000000000009";"612,2";"BCDGEE+BookmanOldStyle";"12,0";"306,22";"306,1";"0,0001960143743874625";"0,4941195687683763";"0,01215289121202221";"False";"BATANG TUBUH";"PASAL 18"
"2";"dan Anggaran Pendapatan dan Belanja Daerah Tahun";"191,45";"541,036";"78,73000000000013";"90,73000000000013";"612,2";"BCDGEE+BookmanOldStyle";"12,0";"366,24299999999994";"306,1";"0,09824077098987244";"0,3127245998039856";"0,5710323423717738";"False";"BATANG TUBUH";"PASAL 18"
"2";"Anggaran 2025, Keputusan Gubernur Jawa Timur Nomor:";"191,45";"540,888";"98,32000000000005";"110,32000000000005";"612,2";"BCDGEE+BookmanOldStyle";"12,0";"366,169";"306,1";"0,09811989545900025";"0,3127245998039856";"0,5707905913100294";"False";"BATANG TUBUH";"PASAL 18"
"2";"100.3.3.1/66/013/2025 tentang Penetapan Pagu Definitif";"191,45";"540,9020000000002";"118,12000000000012";"130,12000000000012";"612,2";"BCDGEE+BookmanOldStyle";"12,0";"366,17600000000004";"306,1";"0,09813132963083962";"0,3127245998039856";"0,5708134596537082";"False";"BATANG TUBUH";"PASAL 18"
"2";"Bantuan Keuangan Khusus Bidang Kesehatan kepada";"191,45";"540,6979999999999";"137,93000000000006";"149,93000000000006";"612,2";"BCDGEE+BookmanOldStyle";"12,0";"366,07399999999996";"306,1";"0,09796471741261015";"0,3127245998039856";"0,570480235217249";"False";"BATANG TUBUH";"PASAL 18"
"2";"Pemerintah Kabupaten/Kota yang Diverifikasi oleh Dinas";"191,45";"541,046";"157,55000000000007";"169,55000000000007";"612,2";"BCDGEE+BookmanOldStyle";"12,0";"366,24800000000005";"306,1";"0,0982489382554721";"0,3127245998039856";"0,5710486769029729";"False";"BATANG TUBUH";"PASAL 18"
"2";"Kesehatan Provinsi Jawa Timur Tahun Anggaran 2025,";"191,45";"540,928";"177,35000000000014";"189,35000000000014";"612,2";"BCDGEE+BookmanOldStyle";"12,0";"366,18899999999996";"306,1";"0,09815256452139813";"0,3127245998039856";"0,5708559294348252";"False";"BATANG TUBUH";"PASAL 18"
"2";"sebagaimana telah diubah dengan Keputusan Gubernur";"191,45";"540,806";"196,95000000000005";"208,95000000000005";"612,2";"BCDGEE+BookmanOldStyle";"12,0";"366,12800000000004";"306,1";"0,09805292388108464";"0,3127245998039856";"0,570656648154198";"False";"BATANG TUBUH";"PASAL 18"
"2";"Jawa Timur Nomor: 100.3.3.1/176/013/2025 tentang";"191,45";"541,37";"216,7500000000001";"228,7500000000001";"612,2";"BCDGEE+BookmanOldStyle";"12,0";"366,40999999999997";"306,1";"0,09851355766089503";"0,3127245998039856";"0,571577915713819";"False";"BATANG TUBUH";"PASAL 18"
"2";"Perubahan atas Keputusan Gubernur Jawa Timur Nomor:";"191,45";"540,872";"236,55000000000007";"248,55000000000007";"612,2";"BCDGEE+BookmanOldStyle";"12,0";"366,16099999999994";"306,1";"0,09810682783404102";"0,3127245998039856";"0,570764456060111";"False";"BATANG TUBUH";"PASAL 18"
"2";"100.3.3.1/66/013/2025 tentang Penetapan Pagu Definitif";"191,45";"540,9020000000002";"256,1500000000001";"268,1500000000001";"612,2";"BCDGEE+BookmanOldStyle";"12,0";"366,17600000000004";"306,1";"0,09813132963083962";"0,3127245998039856";"0,5708134596537082";"False";"BATANG TUBUH";"PASAL 18"
"2";"Bantuan Keuangan Khusus Bidang Kesehatan kepada";"191,45";"540,9200000000001";"275,97000000000014";"287,97000000000014";"612,2";"BCDGEE+BookmanOldStyle";"12,0";"366,18500000000006";"306,1";"0,09814603070891871";"0,3127245998039856";"0,5708428618098661";"False";"BATANG TUBUH";"PASAL 18"
"2";"Pemerintah Kabupaten/Kota yang Diverifikasi oleh Dinas";"191,45";"541,046";"295,57000000000005";"307,57000000000005";"612,2";"BCDGEE+BookmanOldStyle";"12,0";"366,24800000000005";"306,1";"0,0982489382554721";"0,3127245998039856";"0,5710486769029729";"False";"BATANG TUBUH";"PASAL 18"
"2";"Kesehatan Provinsi Jawa Timur Tahun Anggaran 2025,";"191,45";"541,22";"315,3700000000001";"327,3700000000001";"612,2";"BCDGEE+BookmanOldStyle";"12,0";"366,33500000000004";"306,1";"0,09839104867690299";"0,3127245998039856";"0,5713328977458347";"False";"BATANG TUBUH";"PASAL 18"
"2";"Keputusan Gubernur Jawa Timur Nomor:";"191,45";"540,8539999999999";"335,18000000000006";"347,18000000000006";"612,2";"BCDGEE+BookmanOldStyle";"12,0";"366,15199999999993";"306,1";"0,09809212675596195";"0,3127245998039856";"0,5707350539039528";"False";"BATANG TUBUH";"PASAL 18"
"2";"100.3.3.1/99/013/2025 tentang Pagu Definitif Belanja";"191,45";"540,806";"354,7700000000001";"366,7700000000001";"612,2";"BCDGEE+BookmanOldStyle";"12,0";"366,12800000000004";"306,1";"0,09805292388108464";"0,3127245998039856";"0,570656648154198";"False";"BATANG TUBUH";"PASAL 18"
"2";"Bantuan Keuangan Khusus Bidang Pendidikan kepada";"191,45";"541,3100000000001";"374,60000000000014";"386,60000000000014";"612,2";"BCDGEE+BookmanOldStyle";"12,0";"366,38";"306,1";"0,09846455406729822";"0,3127245998039856";"0,5714799085266253";"False";"BATANG TUBUH";"PASAL 18"
"2";"Pemerintah Kabupaten/Kota yang Diverifikasi oleh Dinas";"191,45";"541,306";"394,20000000000005";"406,20000000000005";"612,2";"BCDGEE+BookmanOldStyle";"12,0";"366,37800000000004";"306,1";"0,09846128716105851";"0,3127245998039856";"0,5714733747141457";"False";"BATANG TUBUH";"PASAL 18"
"2";"Pendidikan Provinsi Jawa Timur Tahun Anggaran 2025,";"191,45";"541,22";"414,00000000000006";"426,00000000000006";"612,2";"BCDGEE+BookmanOldStyle";"12,0";"366,33500000000004";"306,1";"0,09839104867690299";"0,3127245998039856";"0,5713328977458347";"False";"BATANG TUBUH";"PASAL 18"
"2";"Surat Edaran Menteri Dalam Negeri Nomor: 900/833/SJ";"191,45";"540,818";"433,8";"445,8";"612,2";"BCDGEE+BookmanOldStyle";"12,0";"366,134";"306,1";"0,09806272459980396";"0,3127245998039856";"0,5706762495916367";"False";"BATANG TUBUH";"PASAL 18"
"2";"tanggal 23 Februari 2025 tentang Penyesuaian";"191,45";"541,1059999999999";"453,40000000000003";"465,40000000000003";"612,2";"BCDGEE+BookmanOldStyle";"12,0";"366,2779999999999";"306,1";"0,09829794184906873";"0,3127245998039856";"0,5711466840901664";"False";"BATANG TUBUH";"PASAL 18"
"2";"Pendapatan dan Efisiensi Belanja Daerah dalam Anggaran";"191,45";"541,194";"473,20000000000005";"485,20000000000005";"612,2";"BCDGEE+BookmanOldStyle";"12,0";"366,322";"306,1";"0,0983698137863443";"0,3127245998039856";"0,5712904279647173";"False";"BATANG TUBUH";"PASAL 18"
"2";"Pendapatan dan Belanja Daerah Tahun Anggaran 2025,";"191,45";"541,224";"492,82000000000005";"504,82000000000005";"612,2";"BCDGEE+BookmanOldStyle";"12,0";"366,337";"306,1";"0,0983943155831427";"0,3127245998039856";"0,5713394315583143";"False";"BATANG TUBUH";"PASAL 18"
"2";"dan Surat Menteri Pendayagunaan Aparatur Negara dan";"191,45";"540,6279999999998";"512,6200000000001";"524,6200000000001";"612,2";"BCDGEE+BookmanOldStyle";"12,0";"366,0389999999999";"306,1";"0,09790754655341366";"0,3127245998039856";"0,5703658934988562";"False";"BATANG TUBUH";"PASAL 18"
"2";"Reformasi Birokrasi Nomor: B/1043/M.SM.01.00/2025";"191,45";"540,9859999999999";"532,4200000000001";"544,4200000000001";"612,2";"BCDGEE+BookmanOldStyle";"12,0";"366,21799999999996";"306,1";"0,0981999346618751";"0,3127245998039856";"0,5709506697157789";"False";"BATANG TUBUH";"PASAL 18"
"2";"tanggal 7 Maret 2025 perihal Tindak Lanjut Penyesuaian";"191,45";"540,818";"552,02";"564,02";"612,2";"BCDGEE+BookmanOldStyle";"12,0";"366,134";"306,1";"0,09806272459980396";"0,3127245998039856";"0,5706762495916367";"False";"BATANG TUBUH";"PASAL 18"
"2";"Jadwal Pengangkatan CASN T.A. 2024, serta untuk";"191,45";"541,094";"571,82";"583,82";"612,2";"BCDGEE+BookmanOldStyle";"12,0";"366,27200000000005";"306,1";"0,09828814113034959";"0,3127245998039856";"0,5711270826527279";"False";"BATANG TUBUH";"PASAL 18"
"2";"melaksanakan ketentuan dalam Peraturan Menteri Dalam";"191,45";"541,3979999999999";"591,45";"603,45";"612,2";"BCDGEE+BookmanOldStyle";"12,0";"366,424";"306,1";"0,09853642600457359";"0,3127245998039856";"0,571623652401176";"False";"BATANG TUBUH";"PASAL 18"
"2";"Negeri Nomor 15 Tahun 2024 tentang Pedoman";"191,45";"541,1539999999999";"611,25";"623,25";"612,2";"BCDGEE+BookmanOldStyle";"12,0";"366,3019999999999";"306,1";"0,09833714472394622";"0,3127245998039856";"0,5712250898399214";"False";"BATANG TUBUH";"PASAL 18"
"2";"Penyusunan Anggaran Pendapatan dan Belanja Daerah";"191,45";"541,0339999999999";"631,05";"643,05";"612,2";"BCDGEE+BookmanOldStyle";"12,0";"366,24199999999996";"306,1";"0,09823913753675259";"0,3127245998039856";"0,5710290754655339";"False";"BATANG TUBUH";"PASAL 18"
"2";"Tahun Anggaran 2025, maka Peraturan Bupati Malang";"191,45";"541,0";"650,6500000000001";"662,6500000000001";"612,2";"BCDGEE+BookmanOldStyle";"12,0";"366,225";"306,1";"0,09821136883371447";"0,3127245998039856";"0,5709735380594577";"False";"BATANG TUBUH";"PASAL 18"
"2";"Nomor 189 Tahun 2024 tentang Penjabaran Anggaran";"191,45";"541,2019999999999";"670,45";"682,45";"612,2";"BCDGEE+BookmanOldStyle";"12,0";"366,3259999999999";"306,1";"0,09837634759882372";"0,3127245998039856";"0,5713034955896764";"False";"BATANG TUBUH";"PASAL 18"
"2";"Pendapatan dan Belanja Daerah Tahun Anggaran 2025";"191,45";"541,22";"690,0500000000001";"702,0500000000001";"612,2";"BCDGEE+BookmanOldStyle";"12,0";"366,33500000000004";"306,1";"0,09839104867690299";"0,3127245998039856";"0,5713328977458347";"False";"BATANG TUBUH";"PASAL 18"
"2";"perlu disesuaikan;";"191,45";"300,73999999999995";"709,87";"721,87";"612,2";"BCDGEE+BookmanOldStyle";"12,0";"246,09499999999997";"306,1";"0,09801535445932709";"0,3127245998039856";"0,17852009147337464";"False";"BATANG TUBUH";"PASAL 18"
"2";"c. bahwa berdasarkan pertimbangan sebagaimana dimaksud";"170,05";"540,832";"730,6700000000001";"742,6700000000001";"612,2";"BCDGEE+BookmanOldStyle";"12,0";"355,44100000000003";"306,1";"0,08059621038876184";"0,2777687030382228";"0,605655014701078";"False";"BATANG TUBUH";"PASAL 18"
"2";"dalam huruf a dan huruf b, maka perlu membentuk";"191,45";"540,962";"750,27";"762,27";"612,2";"BCDGEE+BookmanOldStyle";"12,0";"366,206";"306,1";"0,09818033322443644";"0,3127245998039856";"0,5709114668409017";"False";"BATANG TUBUH";"PASAL 18"
"2";"Peraturan Bupati Malang tentang Perubahan atas";"191,45";"541,572";"770,07";"782,07";"612,2";"BCDGEE+BookmanOldStyle";"12,0";"366,51099999999997";"306,1";"0,09867853642600448";"0,3127245998039856";"0,5719078732440379";"False";"BATANG TUBUH";"PASAL 18"
"2";"Peraturan Bupati Malang Nomor 189 Tahun 2024 tentang";"191,45";"541,37";"789,6800000000001";"801,6800000000001";"612,2";"BCDGEE+BookmanOldStyle";"12,000000000000014";"366,40999999999997";"306,1";"0,09851355766089503";"0,3127245998039856";"0,571577915713819";"False";"BATANG TUBUH";"PASAL 18"
"2";"Penjabaran Anggaran Pendapatan dan Belanja Daerah";"191,45";"541,0799999999999";"809,5";"821,5";"612,2";"BCDGEE+BookmanOldStyle";"12,0";"366,265";"306,1";"0,09827670695851022";"0,3127245998039856";"0,5711042143090492";"False";"BATANG TUBUH";"PASAL 18"
"2";"Tahun Anggaran 2025;";"191,45";"327,14";"829,3000000000001";"841,3000000000001";"612,2";"BCDGEE+BookmanOldStyle";"12,0";"259,29499999999996";"306,1";"0,07645377327670706";"0,3127245998039856";"0,2216432538386148";"False";"BATANG TUBUH";"PASAL 18"
"3";"3";"302,5";"309,94";"37,90000000000009";"49,90000000000009";"612,2";"BCDGEE+BookmanOldStyle";"12,0";"306,22";"306,1";"0,0001960143743874625";"0,4941195687683763";"0,01215289121202221";"False";"BATANG TUBUH";"PASAL 18"
"3";"Mengingat : 1. Pasal 18 ayat (6) Undang-Undang Dasar Negara Republik";"71,025";"540,9720000000001";"78,73000000000013";"90,73000000000013";"612,2";"BCDGEE+BookmanOldStyle";"12,0";"305,99850000000004";"306,1";"0,00016579549166936827";"0,11601600784057498";"0,7676363933355114";"False";"BATANG TUBUH";"PASAL 18"
"3";"Indonesia Tahun 1945;";"191,45";"328,03399999999993";"95,5200000000001";"107,5200000000001";"612,2";"BCDGEE+BookmanOldStyle";"12,0";"259,74199999999996";"306,1";"0,07572361973211378";"0,3127245998039856";"0,22310356092780126";"False";"BATANG TUBUH";"PASAL 18"
"3";"2. Undang-Undang Nomor 12 Tahun 1950 tentang";"169,85";"538,76";"113,5200000000001";"125,5200000000001";"612,2";"BCDGEE+BookmanOldStyle";"12,0";"354,305";"306,1";"0,07874060764456058";"0,27744201241424366";"0,6025971904606336";"False";"BATANG TUBUH";"PASAL 18"
"3";"Pembentukan Daerah-daerah Kabupaten di Lingkungan";"191,45";"538,52";"130,32000000000005";"142,32000000000005";"612,2";"BCDGEE+BookmanOldStyle";"12,0";"364,985";"306,1";"0,09618588696504408";"0,3127245998039856";"0,5669225743221169";"False";"BATANG TUBUH";"PASAL 18"
"3";"Propinsi Jawa Timur (Berita Negara Republik Indonesia";"191,45";"538,662";"147,32000000000005";"159,32000000000005";"612,2";"BCDGEE+BookmanOldStyle";"12,0";"365,05600000000004";"306,1";"0,0963018621365567";"0,3127245998039856";"0,5671545246651422";"False";"BATANG TUBUH";"PASAL 18"
"3";"Tahun 1950 Nomor 41), sebagaimana telah diubah";"191,45";"538,59";"164,1500000000001";"176,1500000000001";"612,2";"BCDGEE+BookmanOldStyle";"12,0";"365,02";"306,1";"0,09624305782424036";"0,3127245998039856";"0,5670369160405097";"False";"BATANG TUBUH";"PASAL 18"
"3";"dengan Undang-Undang Nomor 2 Tahun 1965 tentang";"191,45";"538,78";"181,1500000000001";"193,1500000000001";"612,2";"BCDGEE+BookmanOldStyle";"12,0";"365,115";"306,1";"0,09639823587063048";"0,3127245998039856";"0,5673472721332897";"False";"BATANG TUBUH";"PASAL 18"
"3";"Perubahan Batas Wilayah Kotapraja Surabaya dan Daerah";"191,45";"538,3579999999998";"197,95000000000005";"209,95000000000005";"612,2";"BCDGEE+BookmanOldStyle";"12,0";"364,9039999999999";"306,1";"0,09605357726233234";"0,3127245998039856";"0,5666579549166936";"False";"BATANG TUBUH";"PASAL 18"
"3";"Tingkat II Surabaya dengan mengubah Undang-Undang";"191,45";"539,006";"214,95000000000005";"226,95000000000005";"612,2";"BCDGEE+BookmanOldStyle";"12,0";"365,22799999999995";"306,1";"0,09658281607317858";"0,3127245998039856";"0,5677164325383861";"False";"BATANG TUBUH";"PASAL 18"
"3";"Nomor 12 Tahun 1950 tentang Pembentukan Daerah-daerah";"191,45";"538,87";"231,7500000000001";"243,7500000000001";"612,2";"BCDGEE+BookmanOldStyle";"12,0";"365,15999999999997";"306,1";"0,09647174126102571";"0,3127245998039856";"0,5674942829140803";"False";"BATANG TUBUH";"PASAL 18"
"3";"Kota Besar dalam Lingkungan Propinsi Jawa Timur,";"191,45";"538,296";"248,7500000000001";"260,7500000000001";"612,2";"BCDGEE+BookmanOldStyle";"12,0";"364,87300000000005";"306,1";"0,09600294021561584";"0,3127245998039856";"0,5665566808232604";"False";"BATANG TUBUH";"PASAL 18"
"3";"Jawa Tengah, Jawa Barat dan Daerah Istimewa";"191,45";"538,25";"265,57000000000005";"277,57000000000005";"612,2";"BCDGEE+BookmanOldStyle";"12,0";"364,85";"306,1";"0,09596537079385821";"0,3127245998039856";"0,5664815419797452";"False";"BATANG TUBUH";"PASAL 18"
"3";"Yogyakarta (Lembaran Negara Republik Indonesia";"191,45";"538,48";"282,57000000000005";"294,57000000000005";"612,2";"BCDGEE+BookmanOldStyle";"12,0";"364,96500000000003";"306,1";"0,0961532179026462";"0,3127245998039856";"0,5668572361973211";"False";"BATANG TUBUH";"PASAL 18"
"3";"Tahun 1965 Nomor 19, Tambahan Lembaran Negara";"191,45";"538,71";"299,3700000000001";"311,3700000000001";"612,2";"BCDGEE+BookmanOldStyle";"12,0";"365,08000000000004";"306,1";"0,09634106501143419";"0,3127245998039856";"0,5672329304148971";"False";"BATANG TUBUH";"PASAL 18"
"3";"Republik Indonesia Nomor 2730);";"191,45";"386,864";"316,3700000000001";"328,3700000000001";"612,2";"BCDGEE+BookmanOldStyle";"12,0";"289,157";"306,1";"0,027675596210388825";"0,3127245998039856";"0,3191996079712512";"False";"BATANG TUBUH";"PASAL 18"
"3";"3. Undang-Undang Nomor 17 Tahun 2003 tentang Keuangan";"169,85";"538,7979999999999";"334,1700000000001";"346,1700000000001";"612,2";"BCDGEE+BookmanOldStyle";"12,0";"354,32399999999996";"306,1";"0,0787716432538385";"0,27744201241424366";"0,6026592616791896";"False";"BATANG TUBUH";"PASAL 18"
"3";"Negara (Lembaran Negara Republik Indonesia Tahun 2003";"191,45";"538,4180000000001";"351,1700000000001";"363,1700000000001";"612,2";"BCDGEE+BookmanOldStyle";"12,0";"364,9340000000001";"306,1";"0,09610258085592953";"0,3127245998039856";"0,5667559621038878";"False";"BATANG TUBUH";"PASAL 18"
"3";"Nomor 47, Tambahan Lembaran Negara Republik Indonesia";"191,45";"538,6940000000001";"368,20000000000005";"380,20000000000005";"612,2";"BCDGEE+BookmanOldStyle";"12,0";"365,072";"306,1";"0,09632799738647496";"0,3127245998039856";"0,5672067951649788";"False";"BATANG TUBUH";"PASAL 18"
"3";"Nomor 4286);";"191,45";"271,27399999999994";"385,0000000000001";"397,0000000000001";"612,2";"BCDGEE+BookmanOldStyle";"12,0";"231,36199999999997";"306,1";"0,1220810192747469";"0,3127245998039856";"0,13038876184253503";"False";"BATANG TUBUH";"PASAL 18"
"3";"4. Undang-Undang Nomor 1 Tahun 2004 tentang";"169,85";"538,568";"403,0000000000001";"415,00000000000006";"612,2";"BCDGEE+BookmanOldStyle";"11,999999999999943";"354,209";"306,1";"0,0785837961450506";"0,27744201241424366";"0,6022835674616137";"False";"BATANG TUBUH";"PASAL 18"
"3";"Perbendaharaan Negara (Lembaran Negara Republik";"191,45";"538,4280000000001";"419,8";"431,8";"612,2";"BCDGEE+BookmanOldStyle";"12,0";"364,9390000000001";"306,1";"0,09611074812152899";"0,3127245998039856";"0,5667722966350868";"False";"BATANG TUBUH";"PASAL 18"
"3";"Indonesia Tahun 2004 Nomor 5, Tambahan Lembaran";"191,45";"538,3899999999999";"436,8";"448,8";"612,2";"BCDGEE+BookmanOldStyle";"12,0";"364,91999999999996";"306,1";"0,09607971251225078";"0,3127245998039856";"0,5667102254165303";"False";"BATANG TUBUH";"PASAL 18"
"3";"Negara Republik Indonesia Nomor 4355);";"191,45";"432,98599999999993";"453,6";"465,6";"612,2";"BCDGEE+BookmanOldStyle";"12,0";"312,21799999999996";"306,1";"0,009993466187520316";"0,3127245998039856";"0,39453773276706944";"False";"BATANG TUBUH";"PASAL 18"
"3";"5. Undang-Undang Nomor 12 Tahun 2011 tentang";"169,85";"540,944";"471,6";"483,6";"612,2";"BCDGEE+BookmanOldStyle";"12,0";"355,397";"306,1";"0,08052433845148639";"0,27744201241424366";"0,6061646520744853";"False";"BATANG TUBUH";"PASAL 18"
"3";"Pembentukan Peraturan Perundang-undangan (Lembaran";"191,45";"541,334";"488,42";"500,42";"612,2";"BCDGEE+BookmanOldStyle";"12,0";"366,39199999999994";"306,1";"0,09848415550473687";"0,3127245998039856";"0,5715191114015027";"False";"BATANG TUBUH";"PASAL 18"
"3";"Negara Republik Indonesia Tahun 2011 Nomor 82,";"191,45";"541,114";"505,42";"517,4200000000001";"612,2";"BCDGEE+BookmanOldStyle";"12,0";"366,28200000000004";"306,1";"0,09830447566154853";"0,3127245998039856";"0,5711597517151258";"False";"BATANG TUBUH";"PASAL 18"
"3";"Tambahan Lembaran Negara Republik Indonesia";"191,45";"541,344";"522,23";"534,23";"612,2";"BCDGEE+BookmanOldStyle";"12,0";"366,39700000000005";"306,1";"0,09849232277033652";"0,3127245998039856";"0,5715354459327018";"False";"BATANG TUBUH";"PASAL 18"
"3";"Nomor 5234), sebagaimana telah beberapa kali diubah,";"191,45";"541,1719999999999";"539,23";"551,23";"612,2";"BCDGEE+BookmanOldStyle";"12,0";"366,3109999999999";"306,1";"0,09835184580202531";"0,3127245998039856";"0,5712544919960796";"False";"BATANG TUBUH";"PASAL 18"
"3";"terakhir dengan Undang-Undang Nomor 13 Tahun 2022";"191,45";"541,216";"556,02";"568,02";"612,2";"BCDGEE+BookmanOldStyle";"12,0";"366,33299999999997";"306,1";"0,09838778177066308";"0,3127245998039856";"0,5713263639333551";"False";"BATANG TUBUH";"PASAL 18"
"3";"tentang Perubahan Kedua atas Undang-Undang Nomor 12";"191,45";"541,2560000000001";"573,02";"585,02";"612,2";"BCDGEE+BookmanOldStyle";"12,0";"366,35300000000007";"306,1";"0,09842045083306115";"0,3127245998039856";"0,571391702058151";"False";"BATANG TUBUH";"PASAL 18"
"3";"Tahun 2011 tentang Pembentukan Peraturan";"191,45";"541,4019999999999";"589,85";"601,85";"612,2";"BCDGEE+BookmanOldStyle";"12,0";"366,42599999999993";"306,1";"0,0985396929108133";"0,3127245998039856";"0,5716301862136556";"False";"BATANG TUBUH";"PASAL 18"
"3";"Perundang-undangan (Lembaran Negara Republik";"191,45";"541,22";"606,85";"618,85";"612,2";"BCDGEE+BookmanOldStyle";"12,0";"366,33500000000004";"306,1";"0,09839104867690299";"0,3127245998039856";"0,5713328977458347";"False";"BATANG TUBUH";"PASAL 18"
"3";"Indonesia Tahun 2022 Nomor 143, Tambahan Lembaran";"191,45";"541,1059999999999";"623,6500000000001";"635,6500000000001";"612,2";"BCDGEE+BookmanOldStyle";"12,0";"366,2779999999999";"306,1";"0,09829794184906873";"0,3127245998039856";"0,5711466840901664";"False";"BATANG TUBUH";"PASAL 18"
"3";"Negara Republik Indonesia Nomor 6801);";"191,45";"433,16999999999996";"640,6500000000001";"652,6500000000001";"612,2";"BCDGEE+BookmanOldStyle";"12,0";"312,30999999999995";"306,1";"0,010143743874550673";"0,3127245998039856";"0,39483828814113026";"False";"BATANG TUBUH";"PASAL 18"
"3";"6. Undang-Undang Nomor 23 Tahun 2014 tentang";"169,85";"540,944";"658,45";"670,45";"612,2";"BCDGEE+BookmanOldStyle";"12,0";"355,397";"306,1";"0,08052433845148639";"0,27744201241424366";"0,6061646520744853";"False";"BATANG TUBUH";"PASAL 18"
"3";"Pemerintahan Daerah (Lembaran Negara Republik";"191,45";"540,866";"675,45";"687,45";"612,2";"BCDGEE+BookmanOldStyle";"12,0";"366,158";"306,1";"0,09810192747468145";"0,3127245998039856";"0,5707546553413917";"False";"BATANG TUBUH";"PASAL 18"
"3";"Indonesia Tahun 2014 Nomor 244, Tambahan Lembaran";"191,45";"541,564";"692,25";"704,25";"612,2";"BCDGEE+BookmanOldStyle";"12,0";"366,50699999999995";"306,1";"0,09867200261352486";"0,3127245998039856";"0,5718948056190787";"False";"BATANG TUBUH";"PASAL 18"
"3";"Negara Republik Indonesia Nomor 5587), sebagaimana telah";"191,45";"541,608";"709,27";"721,27";"612,2";"BCDGEE+BookmanOldStyle";"12,0";"366,529";"306,1";"0,09870793858216265";"0,3127245998039856";"0,571966677556354";"False";"BATANG TUBUH";"PASAL 18"
"3";"beberapa kali diubah, terakhir dengan Undang-Undang";"191,45";"541,586";"726,07";"738,07";"612,2";"BCDGEE+BookmanOldStyle";"12,0";"366,51800000000003";"306,1";"0,09868997059784385";"0,3127245998039856";"0,5719307415877164";"False";"BATANG TUBUH";"PASAL 18"
"3";"Nomor 6 Tahun 2023 tentang Penetapan Peraturan";"191,45";"540,8419999999999";"743,07";"755,07";"612,2";"BCDGEE+BookmanOldStyle";"12,0";"366,14599999999996";"306,1";"0,09808232603724262";"0,3127245998039856";"0,570715452466514";"False";"BATANG TUBUH";"PASAL 18"
"3";"Pemerintah Pengganti Undang-Undang Nomor 2";"191,45";"541,2700000000001";"759,87";"771,87";"612,2";"BCDGEE+BookmanOldStyle";"12,0";"366,36";"306,1";"0,09843188500490034";"0,3127245998039856";"0,5714145704018296";"False";"BATANG TUBUH";"PASAL 18"
"3";"Tahun 2022 tentang Cipta Kerja menjadi Undang-Undang";"191,45";"541,386";"776,87";"788,87";"612,2";"BCDGEE+BookmanOldStyle";"12,0";"366,418";"306,1";"0,09852662528585426";"0,3127245998039856";"0,5716040509637372";"False";"BATANG TUBUH";"PASAL 18"
"3";"(Lembaran Negara Republik Indonesia Tahun 2023";"191,45";"541,0120000000001";"793,6700000000001";"805,6700000000001";"612,2";"BCDGEE+BookmanOldStyle";"12,0";"366,231";"306,1";"0,09822116955243379";"0,3127245998039856";"0,5709931394968966";"False";"BATANG TUBUH";"PASAL 18"
"3";"Nomor 41, Tambahan Lembaran Negara Republik";"191,45";"540,8840000000001";"810,7";"822,7";"612,2";"BCDGEE+BookmanOldStyle";"12,0";"366,16700000000003";"306,1";"0,09811662855276054";"0,3127245998039856";"0,57078405749755";"False";"BATANG TUBUH";"PASAL 18"
"3";"Indonesia Nomor 6856);";"191,45";"332,0539999999999";"827,5";"839,5";"612,2";"BCDGEE+BookmanOldStyle";"12,0";"261,75199999999995";"306,1";"0,07244037896112393";"0,3127245998039856";"0,22967004246978098";"False";"BATANG TUBUH";"PASAL 18"
"4";"4";"302,5";"309,94";"37,90000000000009";"49,90000000000009";"612,2";"BCDGEE+BookmanOldStyle";"12,0";"306,22";"306,1";"0,0001960143743874625";"0,4941195687683763";"0,01215289121202221";"False";"BATANG TUBUH";"PASAL 18"
"4";"7. Undang-Undang Nomor 7 Tahun 2021 tentang Harmonisasi";"169,85";"541,302";"78,73000000000013";"90,73000000000013";"612,2";"BCDGEE+BookmanOldStyle";"12,0";"355,576";"306,1";"0,08081672655994772";"0,27744201241424366";"0,606749428291408";"False";"BATANG TUBUH";"PASAL 18"
"4";"Peraturan Perpajakan (Lembaran Negara Republik";"191,45";"540,8420000000001";"97,72000000000014";"109,72000000000014";"612,2";"BCDGEE+BookmanOldStyle";"12,0";"366,1460000000001";"306,1";"0,0980823260372428";"0,3127245998039856";"0,5707154524665143";"False";"BATANG TUBUH";"PASAL 18"
"4";"Indonesia Tahun 2021 Nomor 246, Tambahan Lembaran";"191,45";"541,222";"116,73000000000013";"128,73000000000013";"612,2";"BCDGEE+BookmanOldStyle";"12,0";"366,336";"306,1";"0,09839268213002285";"0,3127245998039856";"0,5713361646520744";"False";"BATANG TUBUH";"PASAL 18"
"4";"Negara Republik Indonesia Nomor 6736);";"191,45";"432,98599999999993";"135,73000000000013";"147,73000000000013";"612,2";"BCDGEE+BookmanOldStyle";"12,0";"312,21799999999996";"306,1";"0,009993466187520316";"0,3127245998039856";"0,39453773276706944";"False";"BATANG TUBUH";"PASAL 18"
"4";"8. Undang-Undang Nomor 1 Tahun 2022 tentang Hubungan";"169,85";"541,0999999999999";"155,7500000000001";"167,7500000000001";"612,2";"BCDGEE+BookmanOldStyle";"12,0";"355,47499999999997";"306,1";"0,08065174779483819";"0,27744201241424366";"0,606419470761189";"False";"BATANG TUBUH";"PASAL 18"
"4";"Keuangan antara Pemerintah Pusat dan Pemerintahan";"191,45";"540,83";"174,7500000000001";"186,7500000000001";"612,2";"BCDGEE+BookmanOldStyle";"12,0";"366,14";"306,1";"0,09807252531852328";"0,3127245998039856";"0,5706958510290755";"False";"BATANG TUBUH";"PASAL 18"
"4";"Daerah (Lembaran Negara Republik Indonesia Tahun 2022";"191,45";"540,83";"193,7500000000001";"205,7500000000001";"612,2";"BCDGEE+BookmanOldStyle";"12,0";"366,14";"306,1";"0,09807252531852328";"0,3127245998039856";"0,5706958510290755";"False";"BATANG TUBUH";"PASAL 18"
"4";"Nomor 4, Tambahan Lembaran Negara Republik Indonesia";"191,45";"541,108";"212,7500000000001";"224,7500000000001";"612,2";"BCDGEE+BookmanOldStyle";"12,0";"366,279";"306,1";"0,09829957530218877";"0,3127245998039856";"0,5711499509964063";"False";"BATANG TUBUH";"PASAL 18"
"4";"Nomor 6757);";"191,45";"271,27399999999994";"231,7500000000001";"243,7500000000001";"612,2";"BCDGEE+BookmanOldStyle";"12,0";"231,36199999999997";"306,1";"0,1220810192747469";"0,3127245998039856";"0,13038876184253503";"False";"BATANG TUBUH";"PASAL 18"
"4";"9. Peraturan Pemerintah Nomor 5 Tahun 2009 tentang";"169,85";"541,37";"251,7500000000001";"263,7500000000001";"612,2";"BCDGEE+BookmanOldStyle";"12,0";"355,61";"306,1";"0,08087226396602415";"0,27744201241424366";"0,6068605031035609";"False";"BATANG TUBUH";"PASAL 18"
"4";"Bantuan Keuangan kepada Partai Politik (Lembaran";"191,45";"540,8539999999999";"270,97000000000014";"282,97000000000014";"612,2";"BCDGEE+BookmanOldStyle";"12,0";"366,15199999999993";"306,1";"0,09809212675596195";"0,3127245998039856";"0,5707350539039528";"False";"BATANG TUBUH";"PASAL 18"
"4";"Negara Republik Indonesia Tahun 2009 Nomor 18,";"191,45";"540,8779999999998";"289,97000000000014";"301,97000000000014";"612,2";"BCDGEE+BookmanOldStyle";"12,0";"366,1639999999999";"306,1";"0,0981117281934006";"0,3127245998039856";"0,5707742567788301";"False";"BATANG TUBUH";"PASAL 18"
"4";"Tambahan Lembaran Negara Republik Indonesia";"191,45";"540,896";"308,97000000000014";"320,97000000000014";"612,2";"BCDGEE+BookmanOldStyle";"12,0";"366,173";"306,1";"0,09812642927147987";"0,3127245998039856";"0,5708036589349885";"False";"BATANG TUBUH";"PASAL 18"
"4";"Nomor 4972), sebagaimana telah beberapa kali diubah,";"191,45";"541,22";"327,97000000000014";"339,97000000000014";"612,2";"BCDGEE+BookmanOldStyle";"12,0";"366,33500000000004";"306,1";"0,09839104867690299";"0,3127245998039856";"0,5713328977458347";"False";"BATANG TUBUH";"PASAL 18"
"4";"terakhir dengan Peraturan Pemerintah Nomor 1";"191,45";"540,87";"346,98000000000013";"358,98000000000013";"612,2";"BCDGEE+BookmanOldStyle";"12,0";"366,15999999999997";"306,1";"0,09810519438092118";"0,3127245998039856";"0,5707611891538713";"False";"BATANG TUBUH";"PASAL 18"
"4";"Tahun 2018 tentang Perubahan Kedua atas Peraturan";"191,45";"540,8419999999999";"365,98000000000013";"377,98000000000013";"612,2";"BCDGEE+BookmanOldStyle";"12,0";"366,14599999999996";"306,1";"0,09808232603724262";"0,3127245998039856";"0,570715452466514";"False";"BATANG TUBUH";"PASAL 18"
"4";"Pemerintah Nomor 5 Tahun 2009 tentang Bantuan";"191,45";"541,4739999999999";"385,0000000000001";"397,0000000000001";"612,2";"BCDGEE+BookmanOldStyle";"12,0";"366,462";"306,1";"0,09859849722312963";"0,3127245998039856";"0,571747794838288";"False";"BATANG TUBUH";"PASAL 18"
"4";"Keuangan kepada Partai Politik (Lembaran Negara Republik";"191,45";"541,19";"404,0000000000001";"416,00000000000006";"612,2";"BCDGEE+BookmanOldStyle";"11,999999999999943";"366,32000000000005";"306,1";"0,09836654688010457";"0,3127245998039856";"0,5712838941522379";"False";"BATANG TUBUH";"PASAL 18"
"4";"Indonesia Tahun 2018 Nomor 1, Tambahan Lembaran";"191,45";"541,284";"423,00000000000006";"435,00000000000006";"612,2";"BCDGEE+BookmanOldStyle";"12,0";"366,36699999999996";"306,1";"0,09844331917673953";"0,3127245998039856";"0,571437438745508";"False";"BATANG TUBUH";"PASAL 18"
"4";"Negara Republik Indonesia Nomor 6177);";"191,45";"432,98599999999993";"442,00000000000006";"454,00000000000006";"612,2";"BCDGEE+BookmanOldStyle";"12,0";"312,21799999999996";"306,1";"0,009993466187520316";"0,3127245998039856";"0,39453773276706944";"False";"BATANG TUBUH";"PASAL 18"
"4";"10. Peraturan Pemerintah Nomor 71 Tahun 2010 tentang";"169,85";"541,062";"462,00000000000006";"474,00000000000006";"612,2";"BCDGEE+BookmanOldStyle";"12,0";"355,456";"306,1";"0,08062071218556026";"0,27744201241424366";"0,606357399542633";"False";"BATANG TUBUH";"PASAL 18"
"4";"Standar Akuntansi Pemerintahan (Lembaran Negara";"191,45";"540,9379999999999";"481,02000000000004";"493,02000000000004";"612,2";"BCDGEE+BookmanOldStyle";"12,0";"366,19399999999996";"306,1";"0,09816073178699761";"0,3127245998039856";"0,570872263966024";"False";"BATANG TUBUH";"PASAL 18"
"4";"Republik Indonesia Tahun 2010 Nomor 123, Tambahan";"191,45";"540,938";"500,22";"512,22";"612,2";"BCDGEE+BookmanOldStyle";"12,0";"366,19399999999996";"306,1";"0,09816073178699761";"0,3127245998039856";"0,5708722639660241";"False";"BATANG TUBUH";"PASAL 18"
"4";"Lembaran Negara Republik Indonesia Nomor 5165);";"191,45";"496,354";"519,22";"531,22";"612,2";"BCDGEE+BookmanOldStyle";"12,0";"343,902";"306,1";"0,06174779483828808";"0,3127245998039856";"0,49804639006860496";"False";"BATANG TUBUH";"PASAL 18"
"4";"11. Peraturan Pemerintah Nomor 18 Tahun 2017 tentang Hak";"169,85";"540,99";"539,23";"551,23";"612,2";"BCDGEE+BookmanOldStyle";"12,0";"355,42";"306,1";"0,08056190787324402";"0,27744201241424366";"0,6062397909180006";"False";"BATANG TUBUH";"PASAL 18"
"4";"Keuangan dan Administratif Pimpinan dan Anggota Dewan";"191,45";"541,1959999999999";"558,23";"570,23";"612,2";"BCDGEE+BookmanOldStyle";"12,0";"366,323";"306,1";"0,09837144723946414";"0,3127245998039856";"0,571293694870957";"False";"BATANG TUBUH";"PASAL 18"
"4";"Perwakilan Rakyat Daerah (Lembaran Negara Republik";"191,45";"540,818";"577,22";"589,22";"612,2";"BCDGEE+BookmanOldStyle";"12,0";"366,134";"306,1";"0,09806272459980396";"0,3127245998039856";"0,5706762495916367";"False";"BATANG TUBUH";"PASAL 18"
"4";"Indonesia Tahun 2017 Nomor 106, Tambahan Lembaran";"191,45";"540,9019999999999";"596,25";"608,25";"612,2";"BCDGEE+BookmanOldStyle";"12,0";"366,17599999999993";"306,1";"0,09813132963083944";"0,3127245998039856";"0,5708134596537078";"False";"BATANG TUBUH";"PASAL 18"
"4";"Negara Republik Indonesia Nomor 6057), sebagaimana";"191,45";"541,258";"615,25";"627,25";"612,2";"BCDGEE+BookmanOldStyle";"12,0";"366,35400000000004";"306,1";"0,09842208428618102";"0,3127245998039856";"0,5713949689643908";"False";"BATANG TUBUH";"PASAL 18"
"4";"telah diubah dengan Peraturan Pemerintah Nomor 1";"191,45";"541,1120000000001";"634,25";"646,25";"612,2";"BCDGEE+BookmanOldStyle";"12,0";"366,28100000000006";"306,1";"0,09830284220842868";"0,3127245998039856";"0,5711564848088861";"False";"BATANG TUBUH";"PASAL 18"
"4";"Tahun 2023 tentang Perubahan atas Peraturan";"191,45";"541,0459999999999";"653,25";"665,25";"612,2";"BCDGEE+BookmanOldStyle";"12,0";"366,24799999999993";"306,1";"0,09824893825547192";"0,3127245998039856";"0,5710486769029728";"False";"BATANG TUBUH";"PASAL 18"
"4";"Pemerintah Nomor 18 Tahun 2017 tentang Hak Keuangan";"191,45";"540,9979999999999";"672,25";"684,25";"612,2";"BCDGEE+BookmanOldStyle";"12,0";"366,22399999999993";"306,1";"0,09820973538059442";"0,3127245998039856";"0,5709702711532177";"False";"BATANG TUBUH";"PASAL 18"
"4";"dan Administratif Pimpinan dan Anggota Dewan";"191,45";"540,8659999999999";"691,25";"703,25";"612,2";"BCDGEE+BookmanOldStyle";"12,0";"366,1579999999999";"306,1";"0,09810192747468127";"0,3127245998039856";"0,5707546553413915";"False";"BATANG TUBUH";"PASAL 18"
"4";"Perwakilan Rakyat Daerah (Lembaran Negara Republik";"191,45";"541,22";"710,27";"722,27";"612,2";"BCDGEE+BookmanOldStyle";"12,0";"366,33500000000004";"306,1";"0,09839104867690299";"0,3127245998039856";"0,5713328977458347";"False";"BATANG TUBUH";"PASAL 18"
"4";"Indonesia Tahun 2023 Nomor 6, Tambahan Lembaran";"191,45";"541,226";"729,27";"741,27";"612,2";"BCDGEE+BookmanOldStyle";"12,0";"366,33799999999997";"306,1";"0,09839594903626256";"0,3127245998039856";"0,571342698464554";"False";"BATANG TUBUH";"PASAL 18"
"4";"Negara Republik Indonesia Nomor 6847);";"191,45";"433,16999999999996";"748,47";"760,47";"612,2";"BCDGEE+BookmanOldStyle";"12,0";"312,30999999999995";"306,1";"0,010143743874550673";"0,3127245998039856";"0,39483828814113026";"False";"BATANG TUBUH";"PASAL 18"
"4";"12. Peraturan Pemerintah Nomor 12 Tahun 2019 tentang";"169,85";"540,962";"768,47";"780,47";"612,2";"BCDGEE+BookmanOldStyle";"12,0";"355,406";"306,1";"0,08053903952956547";"0,27744201241424366";"0,6061940542306434";"False";"BATANG TUBUH";"PASAL 18"
"4";"Pengelolaan Keuangan Daerah (Lembaran Negara Republik";"191,45";"540,806";"787,48";"799,48";"612,2";"BCDGEE+BookmanOldStyle";"12,0";"366,12800000000004";"306,1";"0,09805292388108464";"0,3127245998039856";"0,570656648154198";"False";"BATANG TUBUH";"PASAL 18"
"4";"Indonesia Tahun 2019 Nomor 42, Tambahan Lembaran";"191,45";"540,7099999999999";"806,5";"818,5";"612,2";"BCDGEE+BookmanOldStyle";"12,0";"366,0799999999999";"306,1";"0,09797451813132947";"0,3127245998039856";"0,5704998366546878";"False";"BATANG TUBUH";"PASAL 18"
"4";"Negara Republik Indonesia Nomor 6322);";"191,45";"433,11599999999993";"825,5";"837,5";"612,2";"BCDGEE+BookmanOldStyle";"12,0";"312,28299999999996";"306,1";"0,010099640640313517";"0,3127245998039856";"0,39475008167265585";"False";"BATANG TUBUH";"PASAL 18"
"5";"5";"302,5";"309,94";"37,90000000000009";"49,90000000000009";"612,2";"BCDGEE+BookmanOldStyle";"12,0";"306,22";"306,1";"0,0001960143743874625";"0,4941195687683763";"0,01215289121202221";"False";"BATANG TUBUH";"PASAL 18"
"5";"13. Peraturan Pemerintah Nomor 35 Tahun 2023 tentang";"169,85";"541,07";"78,73000000000013";"90,73000000000013";"612,2";"BCDGEE+BookmanOldStyle";"12,0";"355,46000000000004";"306,1";"0,08062724599803987";"0,27744201241424366";"0,6063704671675922";"False";"BATANG TUBUH";"PASAL 18"
"5";"Ketentuan Umum Pajak Daerah dan Retribusi Daerah";"191,45";"541,036";"98,32000000000005";"110,32000000000005";"612,2";"BCDGEE+BookmanOldStyle";"12,0";"366,24299999999994";"306,1";"0,09824077098987244";"0,3127245998039856";"0,5710323423717738";"False";"BATANG TUBUH";"PASAL 18"
"5";"(Lembaran Negara Republik Indonesia Tahun 2023";"191,45";"540,818";"118,12000000000012";"130,12000000000012";"612,2";"BCDGEE+BookmanOldStyle";"12,0";"366,134";"306,1";"0,09806272459980396";"0,3127245998039856";"0,5706762495916367";"False";"BATANG TUBUH";"PASAL 18"
"5";"Nomor 85, Tambahan Lembaran Negara Republik";"191,45";"540,8299999999999";"137,93000000000006";"149,93000000000006";"612,2";"BCDGEE+BookmanOldStyle";"12,0";"366,14";"306,1";"0,09807252531852328";"0,3127245998039856";"0,5706958510290753";"False";"BATANG TUBUH";"PASAL 18"
"5";"Indonesia Nomor 6881);";"191,45";"332,0539999999999";"157,55000000000007";"169,55000000000007";"612,2";"BCDGEE+BookmanOldStyle";"12,0";"261,75199999999995";"306,1";"0,07244037896112393";"0,3127245998039856";"0,22967004246978098";"False";"BATANG TUBUH";"PASAL 18"
"5";"14. Peraturan Pemerintah Nomor 37 Tahun 2023 tentang";"169,85";"541,3820000000001";"178,35000000000014";"190,35000000000014";"612,2";"BCDGEE+BookmanOldStyle";"12,0";"355,61600000000004";"306,1";"0,08088206468474357";"0,27744201241424366";"0,6068801045409997";"False";"BATANG TUBUH";"PASAL 18"
"5";"Pengelolaan Transfer ke Daerah (Lembaran Negara";"191,45";"540,7579999999999";"197,95000000000005";"209,95000000000005";"612,2";"BCDGEE+BookmanOldStyle";"12,0";"366,1039999999999";"306,1";"0,09801372100620696";"0,3127245998039856";"0,5705782424044429";"False";"BATANG TUBUH";"PASAL 18"
"5";"Republik Indonesia Tahun 2023 Nomor 100, Tambahan";"191,45";"540,958";"217,7500000000001";"229,7500000000001";"612,2";"BCDGEE+BookmanOldStyle";"12,0";"366,20399999999995";"306,1";"0,09817706631819655";"0,3127245998039856";"0,570904933028422";"False";"BATANG TUBUH";"PASAL 18"
"5";"Lembaran Negara Republik Indonesia Nomor 6883);";"191,45";"496,39";"237,55000000000007";"249,55000000000007";"612,2";"BCDGEE+BookmanOldStyle";"12,0";"343,91999999999996";"306,1";"0,06177719699444615";"0,3127245998039856";"0,4981051943809212";"False";"BATANG TUBUH";"PASAL 18"
"5";"15. Peraturan Pemerintah Nomor 1 Tahun 2024 tentang";"169,85";"541,258";"258,1500000000001";"270,1500000000001";"612,2";"BCDGEE+BookmanOldStyle";"12,0";"355,55400000000003";"306,1";"0,08078079059131003";"0,27744201241424366";"0,6066775563541326";"False";"BATANG TUBUH";"PASAL 18"
"5";"Harmonisasi Kebijakan Fiskal Nasional (Lembaran Negara";"191,45";"541,042";"277,97000000000014";"289,97000000000014";"612,2";"BCDGEE+BookmanOldStyle";"12,0";"366,246";"306,1";"0,0982456713492322";"0,3127245998039856";"0,5710421430904933";"False";"BATANG TUBUH";"PASAL 18"
"5";"Republik Indonesia Tahun 2023 Nomor 100, Tambahan";"191,45";"541,218";"297,57000000000005";"309,57000000000005";"612,2";"BCDGEE+BookmanOldStyle";"12,0";"366,33399999999995";"306,1";"0,09838941522378294";"0,3127245998039856";"0,5713296308395949";"False";"BATANG TUBUH";"PASAL 18"
"5";"Lembaran Negara Republik Indonesia Nomor 6883);";"191,45";"496,39";"317,3700000000001";"329,3700000000001";"612,2";"BCDGEE+BookmanOldStyle";"12,0";"343,91999999999996";"306,1";"0,06177719699444615";"0,3127245998039856";"0,4981051943809212";"False";"BATANG TUBUH";"PASAL 18"
"5";"16. Peraturan Presiden Nomor 87 Tahun 2014 tentang";"169,85";"544,25";"338,18000000000006";"350,18000000000006";"612,2";"BCDGEE+BookmanOldStyle";"12,0";"357,05";"306,1";"0,08322443645867361";"0,27744201241424366";"0,6115648480888598";"False";"BATANG TUBUH";"PASAL 18"
"5";"Peraturan Pelaksanaan Undang-Undang Nomor 12";"191,45";"544,466";"357,7700000000001";"369,7700000000001";"612,2";"BCDGEE+BookmanOldStyle";"12,0";"367,95799999999997";"306,1";"0,10104214309049321";"0,3127245998039856";"0,5766350865730153";"False";"BATANG TUBUH";"PASAL 18"
"5";"Tahun 2011 tentang Pembentukan Peraturan";"191,45";"544,602";"377,60000000000014";"389,60000000000014";"612,2";"BCDGEE+BookmanOldStyle";"12,0";"368,02599999999995";"306,1";"0,10115321790264607";"0,3127245998039856";"0,5768572361973211";"False";"BATANG TUBUH";"PASAL 18"
"5";"Perundang-undangan (Lembaran Negara Republik";"191,45";"544,3240000000001";"397,20000000000005";"409,20000000000005";"612,2";"BCDGEE+BookmanOldStyle";"12,0";"367,88700000000006";"306,1";"0,10092616791898078";"0,3127245998039856";"0,5764031362299903";"False";"BATANG TUBUH";"PASAL 18"
"5";"Indonesia Tahun 2014 Nomor 199), sebagaimana telah";"191,45";"544,4359999999999";"417,00000000000006";"429,00000000000006";"612,2";"BCDGEE+BookmanOldStyle";"12,0";"367,943";"306,1";"0,1010176412936948";"0,3127245998039856";"0,5765860829794184";"False";"BATANG TUBUH";"PASAL 18"
"5";"diubah dengan Peraturan Presiden Nomor 76 Tahun 2021";"191,45";"544,226";"436,8";"448,8";"612,2";"BCDGEE+BookmanOldStyle";"12,0";"367,83799999999997";"306,1";"0,10084612871610575";"0,3127245998039856";"0,5762430578242405";"False";"BATANG TUBUH";"PASAL 18"
"5";"tentang Perubahan atas Peraturan Presiden Nomor 87";"191,45";"544,1540000000001";"456,40000000000003";"468,40000000000003";"612,2";"BCDGEE+BookmanOldStyle";"12,0";"367,802";"306,1";"0,1007873244037896";"0,3127245998039856";"0,5761254491996082";"False";"BATANG TUBUH";"PASAL 18"
"5";"Tahun 2014 tentang Peraturan Pelaksanaan";"191,45";"544,66";"476,23";"488,23";"612,2";"BCDGEE+BookmanOldStyle";"12,0";"368,05499999999995";"306,1";"0,10120058804312304";"0,3127245998039856";"0,576951976478275";"False";"BATANG TUBUH";"PASAL 18"
"5";"Undang-Undang Nomor 12 Tahun 2011 tentang";"191,45";"544,496";"495,82000000000005";"507,82000000000005";"612,2";"BCDGEE+BookmanOldStyle";"12,0";"367,97299999999996";"306,1";"0,10106664488729161";"0,3127245998039856";"0,5766840901666122";"False";"BATANG TUBUH";"PASAL 18"
"5";"Pembentukan Peraturan Perundang-undangan (Lembaran";"191,45";"544,554";"515,6200000000001";"527,6200000000001";"612,2";"BCDGEE+BookmanOldStyle";"12,0";"368,00199999999995";"306,1";"0,10111401502776858";"0,3127245998039856";"0,5767788304475661";"False";"BATANG TUBUH";"PASAL 18"
"5";"Negara Republik Indonesia Tahun 2021 Nomor 186);";"191,45";"501,3499999999999";"535,4300000000001";"547,4300000000001";"612,2";"BCDGEE+BookmanOldStyle";"12,0";"346,4";"306,1";"0,06582816073178692";"0,3127245998039856";"0,5062071218556026";"False";"BATANG TUBUH";"PASAL 18"
"5";"17. Peraturan Presiden Nomor 57 Tahun 2024 tentang";"169,85";"541,034";"556,02";"568,02";"612,2";"BCDGEE+BookmanOldStyle";"12,0";"355,442";"306,1";"0,0805978438418817";"0,27744201241424366";"0,6063116628552759";"False";"BATANG TUBUH";"PASAL 18"
"5";"Petunjuk Teknis Dana Alokasi Khusus Fisik (Lembaran";"191,45";"541,3";"575,82";"587,82";"612,2";"BCDGEE+BookmanOldStyle";"12,0";"366,375";"306,1";"0,09845638680169874";"0,3127245998039856";"0,5714635739954262";"False";"BATANG TUBUH";"PASAL 18"
"5";"Negara Republik Indonesia Tahun 2024 Nomor 75);";"191,45";"494,19";"595,45";"607,45";"612,2";"BCDGEE+BookmanOldStyle";"12,0";"342,82";"306,1";"0,0599803985625612";"0,3127245998039856";"0,49451159751715124";"False";"BATANG TUBUH";"PASAL 18"
"5";"18. Peraturan Menteri Dalam Negeri Nomor 52 Tahun 2012";"169,85";"541,1460000000001";"616,25";"628,25";"612,2";"BCDGEE+BookmanOldStyle";"12,0";"355,49800000000005";"306,1";"0,08068931721659592";"0,27744201241424366";"0,6064946096047044";"False";"BATANG TUBUH";"PASAL 18"
"5";"tentang Pedoman Pengelolaan Investasi Pemerintah";"191,45";"541,226";"636,05";"648,05";"612,2";"BCDGEE+BookmanOldStyle";"12,0";"366,33799999999997";"306,1";"0,09839594903626256";"0,3127245998039856";"0,571342698464554";"False";"BATANG TUBUH";"PASAL 18"
"5";"Daerah (Berita Negara Republik Indonesia Tahun 2012";"191,45";"541,3380000000001";"655,6500000000001";"667,6500000000001";"612,2";"BCDGEE+BookmanOldStyle";"12,0";"366,394";"306,1";"0,09848742241097677";"0,3127245998039856";"0,5715256452139824";"False";"BATANG TUBUH";"PASAL 18"
"5";"Nomor 754);";"191,45";"263,92199999999997";"675,45";"687,45";"612,2";"BCDGEE+BookmanOldStyle";"12,0";"227,68599999999998";"306,1";"0,1280855929434826";"0,3127245998039856";"0,11837961450506367";"False";"BATANG TUBUH";"PASAL 18"
"5";"19. Peraturan Menteri Dalam Negeri Nomor 80 Tahun 2015";"169,85";"541,162";"696,07";"708,07";"612,2";"BCDGEE+BookmanOldStyle";"12,0";"355,50600000000003";"306,1";"0,08070238484155505";"0,27744201241424366";"0,6065207448546226";"False";"BATANG TUBUH";"PASAL 18"
"5";"tentang Pembentukan Produk Hukum Daerah (Berita";"191,45";"540,914";"715,87";"727,87";"612,2";"BCDGEE+BookmanOldStyle";"12,0";"366,182";"306,1";"0,09814113034955894";"0,3127245998039856";"0,5708330610911466";"False";"BATANG TUBUH";"PASAL 18"
"5";"Negara Republik Indonesia Tahun 2015 Nomor 2036),";"191,45";"541,174";"735,6800000000001";"747,6800000000001";"612,2";"BCDGEE+BookmanOldStyle";"12,0";"366,312";"306,1";"0,09835347925514536";"0,3127245998039856";"0,5712577589023194";"False";"BATANG TUBUH";"PASAL 18"
"5";"sebagaimana telah diubah dengan Peraturan Menteri";"191,45";"540,7579999999999";"755,27";"767,27";"612,2";"BCDGEE+BookmanOldStyle";"12,0";"366,1039999999999";"306,1";"0,09801372100620696";"0,3127245998039856";"0,5705782424044429";"False";"BATANG TUBUH";"PASAL 18"
"5";"Dalam Negeri Nomor 120 Tahun 2018 tentang Perubahan";"191,45";"540,8419999999998";"775,07";"787,07";"612,2";"BCDGEE+BookmanOldStyle";"12,0";"366,14599999999984";"306,1";"0,09808232603724243";"0,3127245998039856";"0,5707154524665138";"False";"BATANG TUBUH";"PASAL 18"
"5";"atas Peraturan Menteri Dalam Negeri Nomor 80 Tahun 2015";"191,45";"541,5620000000001";"794,6800000000001";"806,6800000000001";"612,2";"BCDGEE+BookmanOldStyle";"12,000000000000014";"366,5060000000001";"306,1";"0,0986703691604052";"0,3127245998039856";"0,5718915387128392";"False";"BATANG TUBUH";"PASAL 18"
"5";"tentang Pembentukan Produk Hukum Daerah (Berita";"191,45";"541,27";"814,5";"826,5";"612,2";"BCDGEE+BookmanOldStyle";"12,0";"366,36";"306,1";"0,09843188500490034";"0,3127245998039856";"0,5714145704018294";"False";"BATANG TUBUH";"PASAL 18"
"5";"Negara Republik Indonesia Tahun 2019 Nomor 157);";"191,45";"501,59";"834,3000000000001";"846,3000000000001";"612,2";"BCDGEE+BookmanOldStyle";"12,0";"346,52";"306,1";"0,06602417510617438";"0,3127245998039856";"0,5065991506043775";"False";"BATANG TUBUH";"PASAL 18"
"6";"6";"302,5";"309,94";"37,90000000000009";"49,90000000000009";"612,2";"BCDGEE+BookmanOldStyle";"12,0";"306,22";"306,1";"0,0001960143743874625";"0,4941195687683763";"0,01215289121202221";"False";"BATANG TUBUH";"PASAL 18"
"6";"20. Peraturan Menteri Dalam Negeri Nomor 36 Tahun 2018";"169,85";"540,7700000000001";"78,73000000000013";"90,73000000000013";"612,2";"BCDGEE+BookmanOldStyle";"12,0";"355,31000000000006";"306,1";"0,0803822280300556";"0,27744201241424366";"0,6058804312316237";"False";"BATANG TUBUH";"PASAL 18"
"6";"tentang Tata Cara Penghitungan, Penganggaran dalam";"191,45";"540,7459999999999";"96,32000000000005";"108,32000000000005";"612,2";"BCDGEE+BookmanOldStyle";"12,0";"366,09799999999996";"306,1";"0,09800392028748764";"0,3127245998039856";"0,570558640967004";"False";"BATANG TUBUH";"PASAL 18"
"6";"Anggaran Pendapatan dan Belanja Daerah, dan Tertib";"191,45";"541,22";"114,12000000000012";"126,12000000000012";"612,2";"BCDGEE+BookmanOldStyle";"12,0";"366,33500000000004";"306,1";"0,09839104867690299";"0,3127245998039856";"0,5713328977458347";"False";"BATANG TUBUH";"PASAL 18"
"6";"Administrasi Pengajuan, Penyaluran, dan Laporan";"191,45";"541,1059999999999";"131,93000000000006";"143,93000000000006";"612,2";"BCDGEE+BookmanOldStyle";"12,0";"366,2779999999999";"306,1";"0,09829794184906873";"0,3127245998039856";"0,5711466840901664";"False";"BATANG TUBUH";"PASAL 18"
"6";"Pertanggungjawaban Penggunaan Bantuan Keuangan Partai";"191,45";"541,476";"149,5200000000001";"161,5200000000001";"612,2";"BCDGEE+BookmanOldStyle";"12,0";"366,46299999999997";"306,1";"0,0986001306762495";"0,3127245998039856";"0,5717510617445279";"False";"BATANG TUBUH";"PASAL 18"
"6";"Politik (Berita Negara Republik Indonesia Tahun 2018";"191,45";"541,4100000000001";"167,35000000000014";"179,35000000000014";"612,2";"BCDGEE+BookmanOldStyle";"12,0";"366,43000000000006";"306,1";"0,0985462267232931";"0,3127245998039856";"0,5716432538386149";"False";"BATANG TUBUH";"PASAL 18"
"6";"Nomor 630), sebagaimana telah diubah dengan Peraturan";"191,45";"541,206";"184,95000000000005";"196,95000000000005";"612,2";"BCDGEE+BookmanOldStyle";"12,0";"366,328";"306,1";"0,09837961450506362";"0,3127245998039856";"0,5713100294021561";"False";"BATANG TUBUH";"PASAL 18"
"6";"Menteri Dalam Negeri Nomor 78 Tahun 2020 tentang";"191,45";"541,436";"202,7500000000001";"214,7500000000001";"612,2";"BCDGEE+BookmanOldStyle";"12,0";"366,443";"306,1";"0,09856746161385162";"0,3127245998039856";"0,5716857236197321";"False";"BATANG TUBUH";"PASAL 18"
"6";"Perubahan atas Peraturan Menteri Dalam Negeri Nomor 36";"191,45";"540,892";"220,55000000000007";"232,55000000000007";"612,2";"BCDGEE+BookmanOldStyle";"12,0";"366,17100000000005";"306,1";"0,09812316236524016";"0,3127245998039856";"0,570797125122509";"False";"BATANG TUBUH";"PASAL 18"
"6";"Tahun 2018 tentang Tata Cara Penghitungan,";"191,45";"541,0260000000001";"238,1500000000001";"250,1500000000001";"612,2";"BCDGEE+BookmanOldStyle";"12,0";"366,23800000000006";"306,1";"0,09823260372427316";"0,3127245998039856";"0,571016007840575";"False";"BATANG TUBUH";"PASAL 18"
"6";"Penganggaran dalam Anggaran Pendapatan dan Belanja";"191,45";"541,0340000000001";"255,95000000000005";"267,95000000000005";"612,2";"BCDGEE+BookmanOldStyle";"12,0";"366,2420000000001";"306,1";"0,09823913753675277";"0,3127245998039856";"0,5710290754655343";"False";"BATANG TUBUH";"PASAL 18"
"6";"Daerah, dan Tertib Administrasi Pengajuan, Penyaluran,";"191,45";"541,1880000000001";"273,7700000000001";"285,7700000000001";"612,2";"BCDGEE+BookmanOldStyle";"12,0";"366,3190000000001";"306,1";"0,09836491342698472";"0,3127245998039856";"0,5712806272459982";"False";"BATANG TUBUH";"PASAL 18"
"6";"dan Laporan Pertanggungjawaban Penggunaan Bantuan";"191,45";"541,5";"291,3700000000001";"303,3700000000001";"612,2";"BCDGEE+BookmanOldStyle";"12,0";"366,475";"306,1";"0,09861973211368832";"0,3127245998039856";"0,5717902646194054";"False";"BATANG TUBUH";"PASAL 18"
"6";"Keuangan Partai Politik (Berita Negara Republik Indonesia";"191,45";"541,076";"309,18000000000006";"321,18000000000006";"612,2";"BCDGEE+BookmanOldStyle";"12,0";"366,26300000000003";"306,1";"0,09827344005227051";"0,3127245998039856";"0,5710976804965697";"False";"BATANG TUBUH";"PASAL 18"
"6";"Tahun 2020 Nomor 1777);";"191,45";"347,08199999999994";"326,7700000000001";"338,7700000000001";"612,2";"BCDGEE+BookmanOldStyle";"12,0";"269,26599999999996";"306,1";"0,06016661221822943";"0,3127245998039856";"0,25421757595557";"False";"BATANG TUBUH";"PASAL 18"
"6";"21. Peraturan Menteri Dalam Negeri Nomor 70 Tahun 2019";"169,85";"540,7700000000001";"345,57000000000005";"357,57000000000005";"612,2";"BCDGEE+BookmanOldStyle";"12,0";"355,31000000000006";"306,1";"0,0803822280300556";"0,27744201241424366";"0,6058804312316237";"False";"BATANG TUBUH";"PASAL 18"
"6";"tentang Sistem Informasi Pemerintahan Daerah (Berita";"191,45";"541,076";"363,3700000000001";"375,3700000000001";"612,2";"BCDGEE+BookmanOldStyle";"12,0";"366,26300000000003";"306,1";"0,09827344005227051";"0,3127245998039856";"0,5710976804965697";"False";"BATANG TUBUH";"PASAL 18"
"6";"Negara Republik Indonesia Tahun 2019 Nomor 1114);";"191,45";"508,9459999999999";"381,0000000000001";"393,0000000000001";"612,2";"BCDGEE+BookmanOldStyle";"12,0";"350,198";"306,1";"0,07203201568114988";"0,3127245998039856";"0,5186148317543285";"False";"BATANG TUBUH";"PASAL 18"
"6";"22. Peraturan Menteri Dalam Negeri Nomor 90 Tahun 2019";"169,85";"540,9240000000001";"399,80000000000007";"411,8";"612,2";"BCDGEE+BookmanOldStyle";"11,999999999999943";"355,38700000000006";"306,1";"0,08050800392028754";"0,27744201241424366";"0,6061319830120876";"False";"BATANG TUBUH";"PASAL 18"
"6";"tentang Klasifikasi, Kodefikasi, dan Nomenklatur";"191,45";"541,284";"417,6";"429,6";"612,2";"BCDGEE+BookmanOldStyle";"12,0";"366,36699999999996";"306,1";"0,09844331917673953";"0,3127245998039856";"0,571437438745508";"False";"BATANG TUBUH";"PASAL 18"
"6";"Perencanaan Pembangunan dan Keuangan Daerah (Berita";"191,45";"541,2900000000001";"435,20000000000005";"447,20000000000005";"612,2";"BCDGEE+BookmanOldStyle";"12,0";"366,37";"306,1";"0,09844821953609928";"0,3127245998039856";"0,5714472394642275";"False";"BATANG TUBUH";"PASAL 18"
"6";"Negara Republik Indonesia Tahun 2019 Nomor 1447);";"191,45";"524,3620000000001";"453,00000000000006";"465,00000000000006";"612,2";"BCDGEE+BookmanOldStyle";"12,0";"357,90600000000006";"306,1";"0,0846226723293042";"0,3127245998039856";"0,5437961450506371";"False";"BATANG TUBUH";"PASAL 18"
"6";"23. Peraturan Menteri Dalam Negeri Nomor 77 Tahun 2020";"169,85";"540,7700000000001";"471,6";"483,6";"612,2";"BCDGEE+BookmanOldStyle";"12,0";"355,31000000000006";"306,1";"0,0803822280300556";"0,27744201241424366";"0,6058804312316237";"False";"BATANG TUBUH";"PASAL 18"
"6";"tentang Pedoman Teknis Pengelolaan Keuangan Daerah";"191,45";"541,2399999999999";"489,42";"501,42";"612,2";"BCDGEE+BookmanOldStyle";"12,0";"366,3449999999999";"306,1";"0,09840738320810175";"0,3127245998039856";"0,5713655668082324";"False";"BATANG TUBUH";"PASAL 18"
"6";"(Berita Negara Republik Indonesia Tahun 2020";"191,45";"541,162";"507,23";"519,23";"612,2";"BCDGEE+BookmanOldStyle";"12,0";"366,30600000000004";"306,1";"0,09834367853642603";"0,3127245998039856";"0,5712381574648808";"False";"BATANG TUBUH";"PASAL 18"
"6";"Nomor 1781);";"191,45";"271,27399999999994";"524,82";"536,82";"612,2";"BCDGEE+BookmanOldStyle";"12,0";"231,36199999999997";"306,1";"0,1220810192747469";"0,3127245998039856";"0,13038876184253503";"False";"BATANG TUBUH";"PASAL 18"
"6";"24. Peraturan Menteri Dalam Negeri Nomor 9 Tahun 2021";"169,85";"540,794";"543,6200000000001";"555,6200000000001";"612,2";"BCDGEE+BookmanOldStyle";"12,0";"355,322";"306,1";"0,08040182946749425";"0,27744201241424366";"0,6059196341065011";"False";"BATANG TUBUH";"PASAL 18"
"6";"tentang Tata Cara Evaluasi Rancangan Peraturan Daerah";"191,45";"540,7219999999999";"561,4200000000001";"573,4200000000001";"612,2";"BCDGEE+BookmanOldStyle";"12,0";"366,0859999999999";"306,1";"0,0979843188500488";"0,3127245998039856";"0,5705194380921265";"False";"BATANG TUBUH";"PASAL 18"
"6";"tentang Anggaran Pendapatan dan Belanja Daerah,";"191,45";"541,62";"579,02";"591,02";"612,2";"BCDGEE+BookmanOldStyle";"12,0";"366,53499999999997";"306,1";"0,09871773930088197";"0,3127245998039856";"0,5719862789937928";"False";"BATANG TUBUH";"PASAL 18"
"6";"Rancangan Peraturan Daerah tentang Perubahan";"191,45";"541,0459999999999";"596,85";"608,85";"612,2";"BCDGEE+BookmanOldStyle";"12,0";"366,24799999999993";"306,1";"0,09824893825547192";"0,3127245998039856";"0,5710486769029728";"False";"BATANG TUBUH";"PASAL 18"
"6";"Anggaran Pendapatan dan Belanja Daerah, Rancangan";"191,45";"541,1959999999999";"614,45";"626,45";"612,2";"BCDGEE+BookmanOldStyle";"12,0";"366,323";"306,1";"0,09837144723946414";"0,3127245998039856";"0,571293694870957";"False";"BATANG TUBUH";"PASAL 18"
"6";"Peraturan Kepala Daerah tentang Penjabaran Anggaran";"191,45";"540,8059999999999";"632,25";"644,25";"612,2";"BCDGEE+BookmanOldStyle";"12,0";"366,12799999999993";"306,1";"0,09805292388108446";"0,3127245998039856";"0,5706566481541978";"False";"BATANG TUBUH";"PASAL 18"
"6";"Pendapatan dan Belanja Daerah, dan Rancangan";"191,45";"540,9279999999999";"650,05";"662,05";"612,2";"BCDGEE+BookmanOldStyle";"12,0";"366,18899999999996";"306,1";"0,09815256452139813";"0,3127245998039856";"0,570855929434825";"False";"BATANG TUBUH";"PASAL 18"
"6";"Peraturan Kepala Daerah tentang Penjabaran Perubahan";"191,45";"540,7579999999998";"667,6500000000001";"679,6500000000001";"612,2";"BCDGEE+BookmanOldStyle";"12,0";"366,1039999999999";"306,1";"0,09801372100620696";"0,3127245998039856";"0,5705782424044427";"False";"BATANG TUBUH";"PASAL 18"
"6";"Anggaran Pendapatan dan Belanja Daerah (Berita Negara";"191,45";"540,9399999999999";"685,45";"697,45";"612,2";"BCDGEE+BookmanOldStyle";"12,0";"366,19499999999994";"306,1";"0,09816236524011746";"0,3127245998039856";"0,5708755308722638";"False";"BATANG TUBUH";"PASAL 18"
"6";"Republik Indonesia Tahun 2021 Nomor 431);";"191,45";"456,93999999999994";"703,27";"715,27";"612,2";"BCDGEE+BookmanOldStyle";"12,0";"324,19499999999994";"306,1";"0,029557334204508186";"0,3127245998039856";"0,4336654688010453";"False";"BATANG TUBUH";"PASAL 18"
"6";"25. Peraturan Menteri Keuangan Nomor 204/PMK.07/2022";"169,85";"541,138";"721,88";"733,88";"612,2";"BCDGEE+BookmanOldStyle";"12,0";"355,494";"306,1";"0,0806827834041163";"0,27744201241424366";"0,6064815419797451";"False";"BATANG TUBUH";"PASAL 18"
"6";"tentang Pengelolaan Dana Alokasi Khusus Nonfisik (Berita";"191,45";"541,09";"739,6700000000001";"751,6700000000001";"612,2";"BCDGEE+BookmanOldStyle";"12,0";"366,27";"306,1";"0,0982848742241097";"0,3127245998039856";"0,5711205488402483";"False";"BATANG TUBUH";"PASAL 18"
"6";"Negara Republik Indonesia Tahun 2022 Nomor 1319);";"191,45";"509,19";"757,27";"769,27";"612,2";"BCDGEE+BookmanOldStyle";"12,0";"350,32";"306,1";"0,07223129696177714";"0,3127245998039856";"0,5190133943155831";"False";"BATANG TUBUH";"PASAL 18"
"6";"26. Peraturan Menteri Dalam Negeri Nomor 15 Tahun 2024";"169,85";"540,908";"776,07";"788,07";"612,2";"BCDGEE+BookmanOldStyle";"12,0";"355,379";"306,1";"0,0804949362953283";"0,27744201241424366";"0,6061058477621691";"False";"BATANG TUBUH";"PASAL 18"
"6";"tentang Pedoman Penyusunan Anggaran Pendapatan dan";"191,45";"541,0859999999999";"793,8800000000001";"805,8800000000001";"612,2";"BCDGEE+BookmanOldStyle";"12,0";"366,2679999999999";"306,1";"0,09828160731786979";"0,3127245998039856";"0,5711140150277685";"False";"BATANG TUBUH";"PASAL 18"
"6";"Belanja Daerah Tahun Anggaran 2025 (Berita Negara";"191,45";"540,7339999999999";"811,5";"823,5";"612,2";"BCDGEE+BookmanOldStyle";"12,0";"366,092";"306,1";"0,0979941195687683";"0,3127245998039856";"0,5705390395295653";"False";"BATANG TUBUH";"PASAL 18"
"6";"Republik Indonesia Tahun 2024 Nomor 648);";"191,45";"456,864";"829,3000000000001";"841,3000000000001";"612,2";"BCDGEE+BookmanOldStyle";"12,0";"324,157";"306,1";"0,029495262985952234";"0,3127245998039856";"0,4335413263639333";"False";"BATANG TUBUH";"PASAL 18"
"7";"7";"302,5";"309,94";"37,90000000000009";"49,90000000000009";"612,2";"BCDGEE+BookmanOldStyle";"12,0";"306,22";"306,1";"0,0001960143743874625";"0,4941195687683763";"0,01215289121202221";"False";"BATANG TUBUH";"PASAL 18"
"7";"27. Peraturan Menteri Keuangan Nomor 25 Tahun 2024";"169,85";"540,818";"78,73000000000013";"90,73000000000013";"612,2";"BCDGEE+BookmanOldStyle";"12,0";"355,334";"306,1";"0,08042143090493299";"0,27744201241424366";"0,6059588369813785";"False";"BATANG TUBUH";"PASAL 18"
"7";"tentang Pengelolaan Dana Alokasi Khusus Fisik (Berita";"191,45";"541,034";"95,92000000000007";"107,92000000000007";"612,2";"BCDGEE+BookmanOldStyle";"12,0";"366,24199999999996";"306,1";"0,09823913753675259";"0,3127245998039856";"0,571029075465534";"False";"BATANG TUBUH";"PASAL 18"
"7";"Negara Republik Indonesia Tahun 2024 Nomor 229);";"191,45";"501,49199999999996";"113,32000000000005";"125,32000000000005";"612,2";"BCDGEE+BookmanOldStyle";"12,0";"346,471";"306,1";"0,06594413590329953";"0,3127245998039856";"0,5064390721986278";"False";"BATANG TUBUH";"PASAL 18"
"7";"28. Peraturan Menteri Keuangan Nomor 67 Tahun 2024";"169,85";"541,0720000000001";"131,5200000000001";"143,5200000000001";"612,2";"BCDGEE+BookmanOldStyle";"12,0";"355,46100000000007";"306,1";"0,08062887945115982";"0,27744201241424366";"0,6063737340738322";"False";"BATANG TUBUH";"PASAL 18"
"7";"tentang Pengelolaan Dana Bagi Hasil dan Dana Alokasi";"191,45";"541,192";"148,92000000000007";"160,92000000000007";"612,2";"BCDGEE+BookmanOldStyle";"12,0";"366,321";"306,1";"0,09836818033322443";"0,3127245998039856";"0,5712871610584777";"False";"BATANG TUBUH";"PASAL 18"
"7";"Umum (Berita Negara Republik Indonesia Tahun 2024";"191,45";"540,8720000000001";"166,35000000000014";"178,35000000000014";"612,2";"BCDGEE+BookmanOldStyle";"12,0";"366,16100000000006";"306,1";"0,09810682783404122";"0,3127245998039856";"0,5707644560601112";"False";"BATANG TUBUH";"PASAL 18"
"7";"Nomor 630);";"191,45";"263,71000023799996";"183,55000000000007";"195,55000000000007";"612,2";"BCDGEE+BookmanOldStyle";"12,0";"227,58000011899998";"306,1";"0,1282587387798106";"0,3127245998039856";"0,11803332283240767";"False";"BATANG TUBUH";"PASAL 18"
"7";"29. Keputusan Menteri Keuangan Nomor 453 Tahun 2024";"169,85";"540,976";"201,95000000000005";"213,95000000000005";"612,2";"BCDGEE+BookmanOldStyle";"12,0";"355,413";"306,1";"0,08055047370140475";"0,27744201241424366";"0,606216922574322";"False";"BATANG TUBUH";"PASAL 18"
"7";"tentang Perubahan Rincian Alokasi Dana Alokasi Khusus";"191,45";"541,388";"219,1500000000001";"231,1500000000001";"612,2";"BCDGEE+BookmanOldStyle";"12,0";"366,419";"306,1";"0,09852825873897413";"0,3127245998039856";"0,5716073178699772";"False";"BATANG TUBUH";"PASAL 18"
"7";"Nonfisik Bantuan Operasional Kesehatan Subjenis";"191,45";"541,0220000000002";"236,55000000000007";"248,55000000000007";"612,2";"BCDGEE+BookmanOldStyle";"12,0";"366,2360000000001";"306,1";"0,09822933681803345";"0,3127245998039856";"0,5710094740280957";"False";"BATANG TUBUH";"PASAL 18"
"7";"Bantuan Operasional Kesehatan Pengawasan Obat dan";"191,45";"541,2679999999999";"253,7500000000001";"265,7500000000001";"612,2";"BCDGEE+BookmanOldStyle";"12,0";"366,3589999999999";"306,1";"0,0984302515517803";"0,3127245998039856";"0,5714113034955896";"False";"BATANG TUBUH";"PASAL 18"
"7";"Makanan dan Subjenis Bantuan Operasional Kesehatan";"191,45";"541,058";"271,18000000000006";"283,18000000000006";"612,2";"BCDGEE+BookmanOldStyle";"12,0";"366,254";"306,1";"0,09825873897419143";"0,3127245998039856";"0,5710682783404116";"False";"BATANG TUBUH";"PASAL 18"
"7";"Puskesmas dan Perubahan Rincian Alokasi Dana Alokasi";"191,45";"541,15";"288,57000000000005";"300,57000000000005";"612,2";"BCDGEE+BookmanOldStyle";"12,0";"366,29999999999995";"306,1";"0,09833387781770651";"0,3127245998039856";"0,571218556027442";"False";"BATANG TUBUH";"PASAL 18"
"7";"Khusus Nonfisik Dana Ketahanan Pangan dan Pertanian";"191,45";"540,984";"305,7700000000001";"317,7700000000001";"612,2";"BCDGEE+BookmanOldStyle";"12,0";"366,217";"306,1";"0,09819830120875524";"0,3127245998039856";"0,5709474028095394";"False";"BATANG TUBUH";"PASAL 18"
"7";"Subjenis Bantuan Operasional Penyuluh Pertanian Tahun";"191,45";"540,8419999999999";"323,1700000000001";"335,1700000000001";"612,2";"BCDGEE+BookmanOldStyle";"12,0";"366,14599999999996";"306,1";"0,09808232603724262";"0,3127245998039856";"0,570715452466514";"False";"BATANG TUBUH";"PASAL 18"
"7";"Anggaran 2025;";"191,45";"284,83399999999995";"340,3700000000001";"352,3700000000001";"612,2";"BCDGEE+BookmanOldStyle";"12,0";"238,14199999999997";"306,1";"0,11100620712185569";"0,3127245998039856";"0,15253838614831747";"False";"BATANG TUBUH";"PASAL 18"
"7";"30. Keputusan Menteri Keuangan Nomor 29 Tahun 2025";"169,85";"540,868";"358,7700000000001";"370,7700000000001";"612,2";"BCDGEE+BookmanOldStyle";"12,0";"355,35900000000004";"306,1";"0,08046226723293043";"0,27744201241424366";"0,6060405096373734";"False";"BATANG TUBUH";"PASAL 18"
"7";"tentang Penyesuaian Rincian Alokasi Transfer ke Daerah";"191,45";"540,8779999999998";"376,0000000000001";"388,0000000000001";"612,2";"BCDGEE+BookmanOldStyle";"12,0";"366,1639999999999";"306,1";"0,0981117281934006";"0,3127245998039856";"0,5707742567788301";"False";"BATANG TUBUH";"PASAL 18"
"7";"menurut Provinsi/Kabupaten/Kota Tahun Anggaran 2025";"191,45";"541,0160000000001";"393,4000000000001";"405,4000000000001";"612,2";"BCDGEE+BookmanOldStyle";"12,0";"366,23300000000006";"306,1";"0,0982244364586737";"0,3127245998039856";"0,5709996733093762";"False";"BATANG TUBUH";"PASAL 18"
"7";"dalam Rangka Efisiensi Belanja dalam Pelaksanaan";"191,45";"540,9379999999999";"410,80000000000007";"422,8";"612,2";"BCDGEE+BookmanOldStyle";"11,999999999999943";"366,19399999999996";"306,1";"0,09816073178699761";"0,3127245998039856";"0,570872263966024";"False";"BATANG TUBUH";"PASAL 18"
"7";"Anggaran Pendapatan dan Belanja Negara dan Anggaran";"191,45";"540,7819999999998";"428,00000000000006";"440,00000000000006";"612,2";"BCDGEE+BookmanOldStyle";"12,0";"366,1159999999999";"306,1";"0,09803332244364561";"0,3127245998039856";"0,5706174452793201";"False";"BATANG TUBUH";"PASAL 18"
"7";"Pendapatan dan Belanja Daerah Tahun Anggaran 2025;";"191,45";"521,4999999999999";"445,40000000000003";"457,40000000000003";"612,2";"BCDGEE+BookmanOldStyle";"12,0";"356,4749999999999";"306,1";"0,08228520091473356";"0,3127245998039856";"0,5391212022214961";"False";"BATANG TUBUH";"PASAL 18"
"7";"31. Keputusan Gubernur Jawa Timur Nomor:";"169,85";"540,8539999999999";"463,6";"475,6";"612,2";"BCDGEE+BookmanOldStyle";"12,0";"355,352";"306,1";"0,08045083306109106";"0,27744201241424366";"0,6060176412936946";"False";"BATANG TUBUH";"PASAL 18"
"7";"100.3.3.1/66/013/2025 tentang Penetapan Pagu Definitif";"191,45";"540,928";"481,02000000000004";"493,02000000000004";"612,2";"BCDGEE+BookmanOldStyle";"12,0";"366,18899999999996";"306,1";"0,09815256452139813";"0,3127245998039856";"0,5708559294348252";"False";"BATANG TUBUH";"PASAL 18"
"7";"Bantuan Keuangan Khusus Bidang Kesehatan kepada";"191,45";"540,8520000000001";"498,22";"510,22";"612,2";"BCDGEE+BookmanOldStyle";"12,0";"366,15100000000007";"306,1";"0,09809049330284228";"0,3127245998039856";"0,5707317869977133";"False";"BATANG TUBUH";"PASAL 18"
"7";"Pemerintah Kabupaten/Kota yang Diverifikasi oleh Dinas";"191,45";"541,046";"515,6200000000001";"527,6200000000001";"612,2";"BCDGEE+BookmanOldStyle";"12,0";"366,24800000000005";"306,1";"0,0982489382554721";"0,3127245998039856";"0,5710486769029729";"False";"BATANG TUBUH";"PASAL 18"
"7";"Kesehatan Provinsi Jawa Timur Tahun Anggaran 2025,";"191,45";"541,028";"533,02";"545,02";"612,2";"BCDGEE+BookmanOldStyle";"12,0";"366,23900000000003";"306,1";"0,09823423717739302";"0,3127245998039856";"0,5710192747468148";"False";"BATANG TUBUH";"PASAL 18"
"7";"sebagaimana telah diubah dengan Keputusan Gubernur";"191,45";"540,806";"550,23";"562,23";"612,2";"BCDGEE+BookmanOldStyle";"12,0";"366,12800000000004";"306,1";"0,09805292388108464";"0,3127245998039856";"0,570656648154198";"False";"BATANG TUBUH";"PASAL 18"
"7";"Jawa Timur Nomor: 100.3.3.1/176/013/2025 tentang";"191,45";"541,37";"567,6200000000001";"579,6200000000001";"612,2";"BCDGEE+BookmanOldStyle";"12,0";"366,40999999999997";"306,1";"0,09851355766089503";"0,3127245998039856";"0,571577915713819";"False";"BATANG TUBUH";"PASAL 18"
"7";"Perubahan atas Keputusan Gubernur Jawa Timur Nomor:";"191,45";"540,872";"584,85";"596,85";"612,2";"BCDGEE+BookmanOldStyle";"12,0";"366,16099999999994";"306,1";"0,09810682783404102";"0,3127245998039856";"0,570764456060111";"False";"BATANG TUBUH";"PASAL 18"
"7";"100.3.3.1/66/013/2025 tentang Penetapan Pagu Definitif";"191,45";"540,9020000000002";"602,25";"614,25";"612,2";"BCDGEE+BookmanOldStyle";"12,0";"366,17600000000004";"306,1";"0,09813132963083962";"0,3127245998039856";"0,5708134596537082";"False";"BATANG TUBUH";"PASAL 18"
"7";"Bantuan Keuangan Khusus Bidang Kesehatan kepada";"191,45";"540,8520000000001";"619,45";"631,45";"612,2";"BCDGEE+BookmanOldStyle";"12,0";"366,15100000000007";"306,1";"0,09809049330284228";"0,3127245998039856";"0,5707317869977133";"False";"BATANG TUBUH";"PASAL 18"
"7";"Pemerintah Kabupaten/Kota yang Diverifikasi oleh Dinas";"191,45";"541,046";"636,85";"648,85";"612,2";"BCDGEE+BookmanOldStyle";"12,0";"366,24800000000005";"306,1";"0,0982489382554721";"0,3127245998039856";"0,5710486769029729";"False";"BATANG TUBUH";"PASAL 18"
"7";"Kesehatan Provinsi Jawa Timur Tahun Anggaran 2025;";"191,45";"517,62";"654,25";"666,25";"612,2";"BCDGEE+BookmanOldStyle";"12,0";"354,53499999999997";"306,1";"0,07911630186213646";"0,3127245998039856";"0,5327834041163019";"False";"BATANG TUBUH";"PASAL 18"
"7";"32. Keputusan Gubernur Jawa Timur Nomor:";"169,85";"541,046";"672,45";"684,45";"612,2";"BCDGEE+BookmanOldStyle";"12,0";"355,44800000000004";"306,1";"0,08060764456060113";"0,27744201241424366";"0,6063312642927148";"False";"BATANG TUBUH";"PASAL 18"
"7";"100.3.3.1/99/013/2025 tentang Pagu Definitif Belanja";"191,45";"540,806";"689,85";"701,85";"612,2";"BCDGEE+BookmanOldStyle";"12,0";"366,12800000000004";"306,1";"0,09805292388108464";"0,3127245998039856";"0,570656648154198";"False";"BATANG TUBUH";"PASAL 18"
"7";"Bantuan Keuangan Khusus Bidang Pendidikan kepada";"191,45";"541,274";"707,07";"719,07";"612,2";"BCDGEE+BookmanOldStyle";"12,0";"366,36199999999997";"306,1";"0,09843515191114005";"0,3127245998039856";"0,571421104214309";"False";"BATANG TUBUH";"PASAL 18"
"7";"Pemerintah Kabupaten/Kota yang Diverifikasi oleh Dinas";"191,45";"541,366";"724,48";"736,48";"612,2";"BCDGEE+BookmanOldStyle";"12,0";"366,408";"306,1";"0,09851029075465532";"0,3127245998039856";"0,5715713819013394";"False";"BATANG TUBUH";"PASAL 18"
"7";"Pendidikan Provinsi Jawa Timur Tahun Anggaran 2025;";"191,45";"521,604";"741,6700000000001";"753,6700000000001";"612,2";"BCDGEE+BookmanOldStyle";"12,0";"356,52700000000004";"306,1";"0,08237014047696833";"0,3127245998039856";"0,5392910813459654";"False";"BATANG TUBUH";"PASAL 18"
"7";"33. Peraturan Daerah Kabupaten Malang Nomor 2";"169,85";"541,11";"760,07";"772,07";"612,2";"BCDGEE+BookmanOldStyle";"12,0";"355,48";"306,1";"0,08065991506043775";"0,27744201241424366";"0,606435805292388";"False";"BATANG TUBUH";"PASAL 18"
"7";"Tahun 2022 tentang Penambahan Penyertaan Modal";"191,45";"541,178";"777,47";"789,47";"612,2";"BCDGEE+BookmanOldStyle";"12,0";"366,31399999999996";"306,1";"0,09835674616138507";"0,3127245998039856";"0,5712642927147991";"False";"BATANG TUBUH";"PASAL 18"
"7";"Daerah kepada Perusahaan Umum Daerah Tirta";"191,45";"541,12";"794,6800000000001";"806,6800000000001";"612,2";"BCDGEE+BookmanOldStyle";"12,000000000000014";"366,28499999999997";"306,1";"0,0983093760209081";"0,3127245998039856";"0,5711695524338452";"False";"BATANG TUBUH";"PASAL 18"
"7";"Kanjuruhan (Lembaran Daerah Kabupaten Malang";"191,45";"541,022";"812,1";"824,1";"612,2";"BCDGEE+BookmanOldStyle";"12,0";"366,236";"306,1";"0,09822933681803327";"0,3127245998039856";"0,5710094740280954";"False";"BATANG TUBUH";"PASAL 18"
"7";"Tahun 2022 Nomor 2 Seri D);";"191,45";"365,018";"829,3000000000001";"841,3000000000001";"612,2";"BCDGEE+BookmanOldStyle";"12,0";"278,234";"306,1";"0,045517804639006926";"0,3127245998039856";"0,28351519111401496";"False";"BATANG TUBUH";"PASAL 18"
"8";"8";"302,5";"309,94";"37,90000000000009";"49,90000000000009";"612,2";"BCDGEE+BookmanOldStyle";"12,0";"306,22";"306,1";"0,0001960143743874625";"0,4941195687683763";"0,01215289121202221";"False";"BATANG TUBUH";"PASAL 18"
"8";"34. Peraturan Daerah Kabupaten Malang Nomor 6";"169,85";"540,9159999999999";"78,73000000000013";"90,73000000000013";"612,2";"BCDGEE+BookmanOldStyle";"12,0";"355,383";"306,1";"0,08050147010780784";"0,27744201241424366";"0,6061189153871283";"False";"BATANG TUBUH";"PASAL 18"
"8";"Tahun 2022 tentang Pengelolaan Keuangan Daerah";"191,45";"541,0559999999999";"97,12000000000012";"109,12000000000012";"612,2";"BCDGEE+BookmanOldStyle";"12,0";"366,25299999999993";"306,1";"0,09825710552107139";"0,3127245998039856";"0,5710650114341717";"False";"BATANG TUBUH";"PASAL 18"
"8";"(Lembaran Daerah Kabupaten Malang Tahun 2022";"191,45";"540,7940000000001";"115,5200000000001";"127,5200000000001";"612,2";"BCDGEE+BookmanOldStyle";"12,0";"366,12200000000007";"306,1";"0,09804312316236531";"0,3127245998039856";"0,5706370467167594";"False";"BATANG TUBUH";"PASAL 18"
"8";"Nomor 6 Seri A);";"191,45";"287,65399999999994";"133,93000000000006";"145,93000000000006";"612,2";"BCDGEE+BookmanOldStyle";"12,0";"239,55199999999996";"306,1";"0,1087030382228031";"0,3127245998039856";"0,15714472394642265";"False";"BATANG TUBUH";"PASAL 18"
"8";"35. Peraturan Daerah Kabupaten Malang Nomor 7 Tahun 2023";"169,85";"541,3319999999999";"153,35000000000014";"165,35000000000014";"612,2";"BCDGEE+BookmanOldStyle";"12,0";"355,59099999999995";"306,1";"0,08084122835674604";"0,27744201241424366";"0,6067984318850046";"False";"BATANG TUBUH";"PASAL 18"
"8";"tentang Pajak Daerah dan Retribusi Daerah (Lembaran";"191,45";"541,284";"171,7500000000001";"183,7500000000001";"612,2";"BCDGEE+BookmanOldStyle";"12,0";"366,36699999999996";"306,1";"0,09844331917673953";"0,3127245998039856";"0,571437438745508";"False";"BATANG TUBUH";"PASAL 18"
"8";"Daerah Kabupaten Malang Tahun 2023 Nomor 7 Seri B);";"191,45";"526,22";"190,35000000000014";"202,35000000000014";"612,2";"BCDGEE+BookmanOldStyle";"12,0";"358,83500000000004";"306,1";"0,08614015027768705";"0,3127245998039856";"0,5468311009474028";"False";"BATANG TUBUH";"PASAL 18"
"8";"36. Peraturan Daerah Kabupaten Malang Nomor 8 Tahun 2024";"169,45";"545,186";"209,7500000000001";"221,7500000000001";"612,2";"BCDGEE+BookmanOldStyle";"12,0";"357,318";"306,1";"0,08366220189480555";"0,2767886311662855";"0,6137471414570402";"False";"BATANG TUBUH";"PASAL 18"
"8";"tentang Anggaran Pendapatan dan Belanja Daerah Tahun";"191,05";"544,534";"228,1500000000001";"240,1500000000001";"612,2";"BCDGEE+BookmanOldStyle";"12,0";"367,79200000000003";"306,1";"0,10077098987259066";"0,31207121855602743";"0,5773995426331263";"False";"BATANG TUBUH";"PASAL 18"
"8";"Anggaran 2025 (Lembaran Daerah Kabupaten Malang";"191,05";"544,804";"246,55000000000007";"258,55000000000007";"612,2";"BCDGEE+BookmanOldStyle";"12,0";"367,927";"306,1";"0,10099150604377653";"0,31207121855602743";"0,5778405749754981";"False";"BATANG TUBUH";"PASAL 18"
"8";"Tahun 2024 Nomor 8 Seri A);";"191,05";"363,36999999999995";"264,97000000000014";"276,97000000000014";"612,2";"BCDGEE+BookmanOldStyle";"12,0";"277,21";"306,1";"0,04719046063377988";"0,31207121855602743";"0,2814766416203854";"False";"BATANG TUBUH";"PASAL 18"
"8";"37. Peraturan Bupati Malang Nomor 32 Tahun 2024 tentang";"169,45";"544,764";"284,3700000000001";"296,3700000000001";"612,2";"BCDGEE+BookmanOldStyle";"12,0";"357,10699999999997";"306,1";"0,08331754328650759";"0,2767886311662855";"0,6130578242404443";"False";"BATANG TUBUH";"PASAL 18"
"8";"Sistem dan Prosedur Pengelolaan Keuangan Daerah (Berita";"191,05";"545,09";"302,98000000000013";"314,98000000000013";"612,2";"BCDGEE+BookmanOldStyle";"12,0";"368,07000000000005";"306,1";"0,10122508983992164";"0,31207121855602743";"0,5783077425677883";"False";"BATANG TUBUH";"PASAL 18"
"8";"Daerah Kabupaten Malang Tahun 2024 Nomor 32 Seri D);";"191,05";"534,01";"321,3700000000001";"333,3700000000001";"612,2";"BCDGEE+BookmanOldStyle";"12,0";"362,53";"306,1";"0,09217575955570066";"0,31207121855602743";"0,5602090819993465";"False";"BATANG TUBUH";"PASAL 18"
"8";"38. Peraturan Bupati Malang Nomor 189 Tahun 2024 tentang";"169,45";"544,894";"340,7700000000001";"352,7700000000001";"612,2";"BCDGEE+BookmanOldStyle";"12,0";"357,172";"306,1";"0,08342371773930088";"0,2767886311662855";"0,6132701731460307";"False";"BATANG TUBUH";"PASAL 18"
"8";"Penjabaran Anggaran Pendapatan dan Belanja Daerah";"191,05";"544,5239999999999";"359,1700000000001";"371,1700000000001";"612,2";"BCDGEE+BookmanOldStyle";"12,0";"367,7869999999999";"306,1";"0,100762822606991";"0,31207121855602743";"0,5773832081019272";"False";"BATANG TUBUH";"PASAL 18"
"8";"Tahun Anggaran 2025 (Berita Daerah Kabupaten Malang";"191,05";"544,76";"377,60000000000014";"389,60000000000014";"612,2";"BCDGEE+BookmanOldStyle";"12,0";"367,905";"306,1";"0,10095557007513875";"0,31207121855602743";"0,5777687030382227";"False";"BATANG TUBUH";"PASAL 18"
"8";"Tahun 2024 Nomor 189 Seri A);";"191,05";"378,16999999999996";"396,0000000000001";"408,0000000000001";"612,2";"BCDGEE+BookmanOldStyle";"12,0";"284,61";"306,1";"0,03510290754655342";"0,31207121855602743";"0,30565174779483817";"False";"BATANG TUBUH";"PASAL 18"
"8";"MEMUTUSKAN:";"258,88";"353,08";"431,8";"443,8";"612,2";"BCDGEE+BookmanOldStyle";"12,0";"305,98";"306,1";"0,0001960143743874625";"0,4228683436785364";"0,1538712838941522";"True";"BATANG TUBUH";"PASAL 18"
"8";"Menetapkan : PERATURAN BUPATI TENTANG PERUBAHAN ATAS PERATURAN";"75,425";"541,606";"471,20000000000005";"483,20000000000005";"612,2";"BCDGEE+BookmanOldStyle";"12,0";"308,5155";"306,1";"0,003945606011107402";"0,12320320156811498";"0,7614848088859849";"False";"BATANG TUBUH";"PASAL 18"
"8";"BUPATI MALANG NOMOR 189 TAHUN 2024 TENTANG";"174,45";"541,55";"489,62000000000006";"501,62000000000006";"612,2";"BCDGEE+BookmanOldStyle";"12,0";"358,0";"306,1";"0,08477621692257428";"0,2849558967657628";"0,5996406403136229";"True";"BATANG TUBUH";"PASAL 18"
"8";"PENJABARAN ANGGARAN PENDAPATAN DAN BELANJA";"174,45";"541,4239999999999";"508,02000000000004";"520,02";"612,2";"BCDGEE+BookmanOldStyle";"12,0";"357,9369999999999";"306,1";"0,0846733093760207";"0,2849558967657628";"0,5994348252205159";"True";"BATANG TUBUH";"PASAL 18"
"8";"DAERAH TAHUN ANGGARAN 2025.";"174,45";"375,35999999999996";"526,6200000000001";"538,6200000000001";"612,2";"BCDGEE+BookmanOldStyle";"12,0";"274,905";"306,1";"0,05095557007513892";"0,2849558967657628";"0,3281770663181966";"True";"BATANG TUBUH";"PASAL 18"
"8";"Pasal 1";"284,9";"327,32";"565,4200000000001";"577,4200000000001";"612,2";"BCDGEE+BookmanOldStyle";"12,0";"306,11";"306,1";"1,6334531198939734e-05";"0,4653707938582162";"0,06929108134596539";"False";"BATANG TUBUH";"PASAL 1"
"8";"Anggaran Pendapatan dan Belanja Daerah Tahun Anggaran 2025 semula";"70,825";"541,0780000000001";"604,85";"616,85";"612,2";"BCDGEE+BookmanOldStyle";"12,0";"305,95150000000007";"306,1";"0,0002425677883044036";"0,11568931721659588";"0,7681362299901994";"False";"BATANG TUBUH";"PASAL 1"
"8";"sebesar Rp5.021.475.137.837,00 (lima triliun dua puluh satu miliar empat ratus";"70,825";"541,17";"623,25";"635,3100000000001";"612,2";"BCDGEE+BookmanOldStyle";"12,0";"305,9975";"306,1";"0,00016742894478931797";"0,11568931721659588";"0,7682865076772296";"False";"BATANG TUBUH";"PASAL 1"
"8";"tujuh puluh lima juta seratus tiga puluh tujuh ribu delapan ratus tiga puluh tujuh";"70,825";"540,7540000000002";"641,71";"653,71";"612,2";"BCDIEE+BookmanOldStyle-Italic";"12,0";"305,78950000000015";"306,1";"0,0005071871937273387";"0,11568931721659588";"0,7676069911793535";"False";"BATANG TUBUH";"PASAL 1"
"8";"rupiah) berkurang sebesar Rp33.078.951.000,00 (tiga puluh tiga miliar tujuh";"70,825";"541,1460000000001";"660,0500000000001";"672,11";"612,2";"BCDIEE+BookmanOldStyle-Italic";"11,999999999999972";"305,98550000000006";"306,1";"0,00018703038222797136";"0,11568931721659588";"0,7682473048023523";"False";"BATANG TUBUH";"PASAL 1"
"8";"puluh delapan juta sembilan ratus lima puluh satu ribu rupiah), sehingga";"70,825";"541,07";"678,45";"690,51";"612,2";"BCDIEE+BookmanOldStyle-Italic";"12,0";"305,94750000000005";"306,1";"0,0002491016007840166";"0,11568931721659588";"0,7681231623652401";"False";"BATANG TUBUH";"PASAL 1"
"8";"menjadi Rp4.988.396.186.837,00 (empat triliun sembilan ratus delapan puluh";"70,825";"540,972";"697,07";"709,13";"612,2";"BCDGEE+BookmanOldStyle";"12,0";"305,8985";"306,1";"0,0003291408036589513";"0,11568931721659588";"0,7679630839594903";"False";"BATANG TUBUH";"PASAL 1"
"8";"delapan miliar tiga ratus sembilan puluh enam juta seratus delapan puluh enam";"70,825";"541,1779999999999";"715,5400000000001";"727,5400000000001";"612,2";"BCDIEE+BookmanOldStyle-Italic";"12,0";"306,00149999999996";"306,1";"0,00016089513230979779";"0,11568931721659588";"0,7682995753021886";"False";"BATANG TUBUH";"PASAL 1"
"8";"ribu delapan ratus tiga puluh tujuh rupiah), dengan rincian sebagai berikut:";"70,825";"503,19";"733,87";"745,9300000000001";"612,2";"BCDIEE+BookmanOldStyle-Italic";"12,0";"287,0075";"306,1";"0,031186703691604097";"0,11568931721659588";"0,7062479581836001";"False";"BATANG TUBUH";"PASAL 1"
"8";"a. Pendapatan Daerah:";"70,825";"212,765";"755,88";"767,88";"612,2";"BCDGEE+BookmanOldStyle";"12,0";"141,795";"306,1";"0,26838451486442344";"0,11568931721659588";"0,23185233583796144";"False";"BATANG TUBUH";"PASAL 1"
"8";"1. Semula Rp 4.861.511.340.737,00";"92,225";"527,586";"775,27";"787,27";"612,2";"BCDGEE+BookmanOldStyle";"10,0";"309,9055";"306,1";"0,00621610584776216";"0,1506452139823587";"0,7111417837308068";"False";"BATANG TUBUH";"PASAL 1"
"8";"2. Berkurang Rp (33.078.951.000,00)";"92,225";"530,1800000000001";"794,6800000000001";"806,6800000000001";"612,2";"BCDGEE+BookmanOldStyle";"10,0";"311,20250000000004";"306,1";"0,008334694544266613";"0,1506452139823587";"0,7153789611238157";"False";"BATANG TUBUH";"PASAL 1"
"8";"Jumlah Pendapatan Daerah setelah";"92,225";"315,932";"814,1";"826,1";"612,2";"BCDGEE+BookmanOldStyle";"12,0";"204,07850000000002";"306,1";"0,16664733747141455";"0,1506452139823587";"0,36541489709245345";"False";"BATANG TUBUH";"PASAL 1"
"8";"Perubahan Rp 4.828.432.389.737,00";"92,225";"527,59";"833,5";"845,5";"612,2";"BCDGEE+BookmanOldStyle";"12,0";"309,9075";"306,1";"0,006219372754001967";"0,1506452139823587";"0,7111483175432864";"False";"BATANG TUBUH";"PASAL 1"
"9";"9";"302,5";"309,94";"37,90000000000009";"49,90000000000009";"612,2";"BCDGEE+BookmanOldStyle";"12,0";"306,22";"306,1";"0,0001960143743874625";"0,4941195687683763";"0,01215289121202221";"False";"BATANG TUBUH";"PASAL 1"
"9";"b. Belanja Daerah:";"70,825";"186,989";"78,73000000000013";"90,73000000000013";"612,2";"BCDGEE+BookmanOldStyle";"12,0";"128,907";"306,1";"0,28943645867363604";"0,11568931721659588";"0,1897484482195361";"False";"BATANG TUBUH";"PASAL 1"
"9";"1. Semula Rp 5.021.475.137.837,00";"92,225";"527,5980000000001";"98,32000000000005";"110,32000000000005";"612,2";"BCDGEE+BookmanOldStyle";"10,0";"309,91150000000005";"306,1";"0,00622590656648158";"0,1506452139823587";"0,7111613851682457";"False";"BATANG TUBUH";"PASAL 1"
"9";"2. Berkurang Rp (33.078.951.000,00)";"92,225";"530,1800000000001";"117,92000000000007";"129,92000000000007";"612,2";"BCDGEE+BookmanOldStyle";"10,0";"311,20250000000004";"306,1";"0,008334694544266613";"0,1506452139823587";"0,7153789611238157";"False";"BATANG TUBUH";"PASAL 1"
"9";"Jumlah Belanja Daerah setelah Perubahan Rp 4.988.396.186.837,00";"92,225";"527,586";"137,5200000000001";"149,5200000000001";"612,2";"BCDGEE+BookmanOldStyle";"12,0";"309,9055";"306,1";"0,00621610584776216";"0,1506452139823587";"0,7111417837308068";"False";"BATANG TUBUH";"PASAL 1"
"9";"Defisit setelah Perubahan Rp 159.963.797.100,00";"92,225";"527,378";"157,1500000000001";"169,1500000000001";"612,2";"BCDGEE+BookmanOldStyle";"12,0";"309,80150000000003";"306,1";"0,006046226723293057";"0,1506452139823587";"0,7108020254818687";"False";"BATANG TUBUH";"PASAL 1"
"9";"c. Pembiayaan Daerah:";"70,825";"213,977";"176,7500000000001";"188,7500000000001";"612,2";"BCDGEE+BookmanOldStyle";"12,0";"142,401";"306,1";"0,26739464227376675";"0,11568931721659588";"0,23383208101927472";"False";"BATANG TUBUH";"PASAL 1"
"9";"1. Penerimaan Pembiayaan Daerah:";"92,225";"309,14";"196,35000000000014";"208,35000000000014";"612,2";"BCDGEE+BookmanOldStyle";"12,0";"200,6825";"306,1";"0,17219454426657957";"0,1506452139823587";"0,3543204835021235";"False";"BATANG TUBUH";"PASAL 1"
"9";"a) Semula Rp 169.963.797.100,00";"113,42";"527,3900000000001";"215,95000000000005";"227,95000000000005";"612,2";"BCDGEE+BookmanOldStyle";"12,0";"320,40500000000003";"306,1";"0,02336654688010455";"0,18526625285854295";"0,6762005880431232";"False";"BATANG TUBUH";"PASAL 1"
"9";"b) Bertambah/(Berkurang) Rp 0,00";"113,42";"527,1780000000001";"235,55000000000007";"247,55000000000007";"612,2";"BCDGEE+BookmanOldStyle";"12,0";"320,29900000000004";"306,1";"0,02319340084939564";"0,18526625285854295";"0,6758542959817054";"False";"BATANG TUBUH";"PASAL 1"
"9";"Jumlah Penerimaan Pembiayaan Daerah";"113,42";"347,432";"255,1500000000001";"267,1500000000001";"612,2";"BCDGEE+BookmanOldStyle";"12,0";"230,42600000000002";"306,1";"0,12360993139496897";"0,18526625285854295";"0,38224763149297614";"False";"BATANG TUBUH";"PASAL 1"
"9";"setelah Perubahan Rp 169.963.797.100,00";"113,42";"527,3900000000001";"274,7700000000001";"286,7700000000001";"612,2";"BCDGEE+BookmanOldStyle";"12,0";"320,40500000000003";"306,1";"0,02336654688010455";"0,18526625285854295";"0,6762005880431232";"False";"BATANG TUBUH";"PASAL 1"
"9";"2. Pengeluaran Pembiayaan Daerah:";"92,225";"312,34";"294,3700000000001";"306,3700000000001";"612,2";"BCDGEE+BookmanOldStyle";"12,0";"202,28249999999997";"306,1";"0,1695810192747469";"0,1506452139823587";"0,3595475334857889";"False";"BATANG TUBUH";"PASAL 1"
"9";"a) Semula Rp 10.000.000.000,00";"113,42";"526,974";"313,97000000000014";"325,97000000000014";"612,2";"BCDGEE+BookmanOldStyle";"12,0";"320,197";"306,1";"0,02302678863116625";"0,18526625285854295";"0,6755210715452467";"False";"BATANG TUBUH";"PASAL 1"
"9";"b) Bertambah/(Berkurang) Rp 0,00";"113,42";"529,3900000000001";"333,57000000000005";"345,57000000000005";"612,2";"BCDGEE+BookmanOldStyle";"12,0";"321,40500000000003";"306,1";"0,02500000000000001";"0,18526625285854295";"0,6794674942829142";"False";"BATANG TUBUH";"PASAL 1"
"9";"Jumlah Pengeluaran Pembiayaan Daerah";"113,42";"346,81600000000003";"353,18000000000006";"365,18000000000006";"612,2";"BCDGEE+BookmanOldStyle";"12,0";"230,11800000000002";"306,1";"0,12411303495589676";"0,18526625285854295";"0,3812414243711205";"False";"BATANG TUBUH";"PASAL 1"
"9";"setelah Perubahan Rp 10.000.000.000,00";"113,42";"526,974";"372,80000000000007";"384,80000000000007";"612,2";"BCDGEE+BookmanOldStyle";"12,0";"320,197";"306,1";"0,02302678863116625";"0,18526625285854295";"0,6755210715452467";"False";"BATANG TUBUH";"PASAL 1"
"9";"Jumlah Pembiayaan Neto setelah Perubahan Rp 159.963.797.100,00";"92,225";"527,378";"392,4000000000001";"404,4000000000001";"612,2";"BCDGEE+BookmanOldStyle";"12,0";"309,80150000000003";"306,1";"0,006046226723293057";"0,1506452139823587";"0,7108020254818687";"False";"BATANG TUBUH";"PASAL 1"
"9";"Sisa Lebih Pembiayaan Anggaran setelah";"70,825";"327,35200000000003";"416,20000000000005";"428,20000000000005";"612,2";"BCDGEE+BookmanOldStyle";"12,0";"199,0885";"306,1";"0,1747982685396929";"0,11568931721659588";"0,41902482848742245";"False";"BATANG TUBUH";"PASAL 1"
"9";"Perubahan Rp 0,00";"70,825";"529,3900000000001";"435,8";"447,8";"612,2";"BCDGEE+BookmanOldStyle";"12,0";"300,1075000000001";"306,1";"0,009788467820973456";"0,11568931721659588";"0,7490444299248613";"False";"BATANG TUBUH";"PASAL 1"
"9";"Pasal 2";"284,9";"327,328";"472,20000000000005";"484,20000000000005";"612,2";"BCDGEE+BookmanOldStyle";"12,0";"306,114";"306,1";"2,2868343678459916e-05";"0,4653707938582162";"0,06930414897092453";"False";"BATANG TUBUH";"PASAL 2"
"9";"Uraian lebih lanjut Perubahan Penjabaran Anggaran Pendapatan dan Belanja";"70,825";"541,71";"505,42";"517,4200000000001";"612,2";"BCDGEE+BookmanOldStyle";"12,0";"306,26750000000004";"306,1";"0,0002736033975825191";"0,11568931721659588";"0,7691685723619732";"False";"BATANG TUBUH";"PASAL 2"
"9";"Daerah Tahun Anggaran 2025 sebagaimana dimaksud dalam Pasal 1, tercantum";"70,825";"541,162";"524,02";"536,02";"612,2";"BCDGEE+BookmanOldStyle";"12,0";"305,99350000000004";"306,1";"0,00017396275726883816";"0,11568931721659588";"0,7682734400522705";"False";"BATANG TUBUH";"PASAL 2"
"9";"dalam Lampiran yang merupakan bagian tidak terpisahkan dari Peraturan";"70,825";"540,4929999999998";"542,6200000000001";"554,6200000000001";"612,2";"BCDGEE+BookmanOldStyle";"12,0";"305,65899999999993";"306,1";"0,0007203528258740408";"0,11568931721659588";"0,7671806599150601";"False";"BATANG TUBUH";"PASAL 2"
"9";"Bupati ini, terdiri dari:";"70,825";"203,842";"561,23";"573,23";"612,2";"BCDGEE+BookmanOldStyle";"12,0";"137,33350000000002";"306,1";"0,275672165958837";"0,11568931721659588";"0,21727703364913425";"False";"BATANG TUBUH";"PASAL 2"
"9";"a. Lampiran I Ringkasan Perubahan Penjabaran Anggaran";"70,825";"524,4019999999999";"581,82";"593,82";"612,2";"BCDGEE+BookmanOldStyle";"12,0";"297,6135";"306,1";"0,013862299901992869";"0,11568931721659588";"0,7408967657628225";"False";"BATANG TUBUH";"PASAL 2"
"9";"Pendapatan dan Belanja Daerah yang Diklasifikasi";"201,88";"524,256";"600,45";"612,45";"612,2";"BCDGEE+BookmanOldStyle";"12,0";"363,068";"306,1";"0,09305455733420444";"0,32976151584449526";"0,5265860829794184";"False";"BATANG TUBUH";"PASAL 2"
"9";"Menurut Kelompok, Jenis, Objek, dan Rincian Objek,";"201,88";"524,17";"619,05";"631,05";"612,2";"BCDGEE+BookmanOldStyle";"12,0";"363,025";"306,1";"0,09298431885004892";"0,32976151584449526";"0,5264456060111073";"False";"BATANG TUBUH";"PASAL 2"
"9";"dan Sub Rincian Objek Pendapatan, Belanja, dan";"201,88";"524,1959999999999";"637,6500000000001";"649,6500000000001";"612,2";"BCDGEE+BookmanOldStyle";"12,0";"363,03799999999995";"306,1";"0,09300555374060752";"0,32976151584449526";"0,5264880757922246";"False";"BATANG TUBUH";"PASAL 2"
"9";"Pembiayaan;";"201,88";"276,868";"656,25";"668,25";"612,2";"BCDGEE+BookmanOldStyle";"12,0";"239,374";"306,1";"0,10899379287814444";"0,32976151584449526";"0,12248938255472067";"False";"BATANG TUBUH";"PASAL 2"
"9";"b. Lampiran II Perubahan Penjabaran Anggaran Pendapatan dan";"70,825";"524,382";"676,85";"688,85";"612,2";"BCDGEE+BookmanOldStyle";"12,0";"297,6035";"306,1";"0,013878634433191808";"0,11568931721659588";"0,7408640967004245";"False";"BATANG TUBUH";"PASAL 2"
"9";"Belanja Daerah Menurut Urusan Pemerintahan";"201,88";"524,228";"695,48";"707,48";"612,2";"BCDGEE+BookmanOldStyle";"12,0";"363,054";"306,1";"0,09303168899052588";"0,32976151584449526";"0,5265403462920613";"False";"BATANG TUBUH";"PASAL 2"
"9";"Daerah, Organisasi, Program, Kegiatan, Sub Kegiatan,";"201,88";"524,2479999999999";"714,07";"726,07";"612,2";"BCDGEE+BookmanOldStyle";"12,0";"363,06399999999996";"306,1";"0,09304802352172482";"0,32976151584449526";"0,5265730153544592";"False";"BATANG TUBUH";"PASAL 2"
"9";"Kelompok, Jenis, Objek, dan Rincian Objek, dan Sub";"201,88";"524,7180000000001";"732,6700000000001";"744,6700000000001";"612,2";"BCDGEE+BookmanOldStyle";"12,0";"363,29900000000004";"306,1";"0,09343188500490038";"0,32976151584449526";"0,5273407383208103";"False";"BATANG TUBUH";"PASAL 2"
"9";"Rincian Objek Pendapatan, Belanja, dan Pembiayaan;";"201,88";"519,4200000000001";"751,27";"763,27";"612,2";"BCDGEE+BookmanOldStyle";"12,0";"360,65000000000003";"306,1";"0,0891048676902973";"0,32976151584449526";"0,5186867036916042";"False";"BATANG TUBUH";"PASAL 2"
"9";"c. Lampiran III Daftar Nama Penerima, Alamat Penerima dan Besaran";"70,825";"524,206";"771,88";"783,88";"612,2";"BCDGEE+BookmanOldStyle";"12,0";"297,51550000000003";"306,1";"0,014022378307742552";"0,11568931721659588";"0,740576608951323";"False";"BATANG TUBUH";"PASAL 2"
"9";"Hibah; dan";"201,88";"267,38800000000003";"790,48";"802,48";"612,2";"BCDGEE+BookmanOldStyle";"12,0";"234,63400000000001";"306,1";"0,11673636066644888";"0,32976151584449526";"0,10700424697811178";"False";"BATANG TUBUH";"PASAL 2"
"9";"d. Lampiran IV Daftar Nama Penerima, Alamat Penerima dan Besaran";"70,825";"524,206";"811,1";"823,1";"612,2";"BCDGEE+BookmanOldStyle";"12,0";"297,51550000000003";"306,1";"0,014022378307742552";"0,11568931721659588";"0,740576608951323";"False";"BATANG TUBUH";"PASAL 2"
"9";"Bantuan Sosial.";"201,88";"296,14";"829,7";"841,7";"612,2";"BCDGEE+BookmanOldStyle";"12,0";"249,01";"306,1";"0,0932538386148318";"0,32976151584449526";"0,15396929108134594";"False";"BATANG TUBUH";"PASAL 2"
"10";"10";"298,7";"313,53999999999996";"37,90000000000009";"49,90000000000009";"612,2";"BCDGEE+BookmanOldStyle";"12,0";"306,12";"306,1";"3,266906239787947e-05";"0,4879124469127735";"0,02424044429924857";"False";"BATANG TUBUH";"PASAL 2"
"10";"Pasal 3";"284,9";"327,34";"78,73000000000013";"90,73000000000013";"612,2";"BCDGEE+BookmanOldStyle";"12,0";"306,12";"306,1";"3,266906239787947e-05";"0,4653707938582162";"0,06932375040836328";"False";"BATANG TUBUH";"PASAL 3"
"10";"Pelaksanaan Perubahan Penjabaran Anggaran Pendapatan dan Belanja";"70,825";"541,162";"112,32000000000005";"124,32000000000005";"612,2";"BCDGEE+BookmanOldStyle";"12,0";"305,99350000000004";"306,1";"0,00017396275726883816";"0,11568931721659588";"0,7682734400522705";"False";"BATANG TUBUH";"PASAL 3"
"10";"Daerah yang ditetapkan dalam Peraturan Bupati ini dituangkan lebih lanjut";"70,825";"541,27";"131,32000000000005";"143,32000000000005";"612,2";"BCDGEE+BookmanOldStyle";"12,0";"306,0475";"306,1";"8,575628879452644e-05";"0,11568931721659588";"0,7684498529892192";"False";"BATANG TUBUH";"PASAL 3"
"10";"dalam Perubahan Dokumen Pelaksanaan Anggaran Satuan Kerja Perangkat";"70,825";"541,27";"150,35000000000014";"162,35000000000014";"612,2";"BCDGEE+BookmanOldStyle";"12,0";"306,0475";"306,1";"8,575628879452644e-05";"0,11568931721659588";"0,7684498529892192";"False";"BATANG TUBUH";"PASAL 3"
"10";"Daerah sesuai dengan ketentuan peraturan perundang-undangan.";"70,825";"464,98999999999995";"169,35000000000014";"181,35000000000014";"612,2";"BCDGEE+BookmanOldStyle";"12,0";"267,90749999999997";"306,1";"0,0623856582816074";"0,11568931721659588";"0,6438500490035934";"False";"BATANG TUBUH";"PASAL 3"
"10";"Pasal 4";"284,9";"327,34";"209,55000000000007";"221,55000000000007";"612,2";"BCDGEE+BookmanOldStyle";"12,0";"306,12";"306,1";"3,266906239787947e-05";"0,4653707938582162";"0,06932375040836328";"False";"BATANG TUBUH";"PASAL 4"
"10";"Peraturan Bupati ini mulai berlaku pada tanggal diundangkan.";"70,825";"443,6739999999999";"243,1500000000001";"255,1500000000001";"612,2";"BCDGEE+BookmanOldStyle";"12,0";"257,24949999999995";"306,1";"0,07979500163345322";"0,11568931721659588";"0,6090313622999018";"False";"BATANG TUBUH";"PASAL 4"
"10";"Agar setiap orang mengetahuinya, memerintahkan pengundangan Peraturan";"70,825";"540,8639999999998";"272,18000000000006";"284,18000000000006";"612,2";"BCDGEE+BookmanOldStyle";"12,0";"305,8444999999999";"306,1";"0,0004173472721334487";"0,11568931721659588";"0,7677866710225413";"False";"PENUTUP";""
"10";"Bupati ini dengan penempatannya dalam Berita Daerah Kabupaten Malang.";"70,825";"519,332";"291,18000000000006";"303,18000000000006";"612,2";"BCDGEE+BookmanOldStyle";"12,0";"295,0785";"306,1";"0,018003103560927804";"0,11568931721659588";"0,7326151584449526";"False";"PENUTUP";""
"10";"Ditetapkan di Kepanjen";"313,9";"452,84200000000004";"346,3700000000001";"358,3700000000001";"612,2";"BCDGEE+BookmanOldStyle";"12,0";"383,371";"306,1";"0,12621855602744195";"0,5127409343351845";"0,22695524338451495";"False";"PENUTUP";""
"10";"pada tanggal 26 Maret 2025";"313,9";"479,59";"366,3700000000001";"378,3700000000001";"612,2";"BCDGEE+BookmanOldStyle";"12,0";"396,745";"306,1";"0,14806435805292384";"0,5127409343351845";"0,27064684743547857";"False";"PENUTUP";""
"10";"BUPATI MALANG,";"371,93";"481,76599999999996";"406,576";"418,576";"612,2";"BCDFEE+BookmanOldStyle-Bold";"12,0";"426,84799999999996";"306,1";"0,19723619732113676";"0,6075302188827181";"0,17941195687683756";"True";"PENUTUP";""
"10";"ttd.";"415,32";"438,21";"440,17600000000004";"452,17600000000004";"612,2";"BCDFEE+BookmanOldStyle-Bold";"12,0";"426,765";"306,1";"0,19710062071218548";"0,678405749754982";"0,03738974191440703";"False";"PENUTUP";""
"10";"SANUSI";"403,33";"450,31";"472,37600000000003";"484,37600000000003";"612,2";"BCDFEE+BookmanOldStyle-Bold";"12,0";"426,82";"306,1";"0,19719046063377973";"0,6588206468474354";"0,07673962757268869";"True";"PENUTUP";""
"10";"Diundangkan di Kepanjen";"70,825";"224,96200000000002";"506,02000000000004";"518,02";"612,2";"BCDGEE+BookmanOldStyle";"12,0";"147,89350000000002";"306,1";"0,2584229010127409";"0,11568931721659588";"0,25177556354132635";"False";"PENUTUP";""
"10";"pada tanggal 26 Maret 2025";"70,825";"236,52";"526,02";"538,02";"612,2";"BCDGEE+BookmanOldStyle";"12,0";"153,6725";"306,1";"0,24898317543286508";"0,11568931721659588";"0,27065501470107806";"False";"PENUTUP";""
"10";"Plh. SEKRETARIS DAERAH KABUPATEN MALANG,";"70,825";"385,94";"559,796";"571,796";"612,2";"BCDFEE+BookmanOldStyle-Bold";"12,0";"228,3825";"306,1";"0,12694789284547536";"0,11568931721659588";"0,5147255798758575";"False";"PENUTUP";""
"10";"ttd.";"204,68";"227,55";"599,826";"611,826";"612,2";"BCDFEE+BookmanOldStyle-Bold";"12,0";"216,115";"306,1";"0,14698627899379288";"0,33433518458020256";"0,03735707285200915";"False";"PENUTUP";""
"10";"]";"216,08";"216,38000000000002";"617,9730000000001";"618,9730000000001";"612,2";"BCDFEE+BookmanOldStyle-Bold";"1,0";"216,23000000000002";"306,1";"0,1467984318850049";"0,3529565501470108";"0,0004900359359686562";"False";"PENUTUP";""
"10";"NURMAN RAMDANSYAH";"140,65";"291,382";"622,426";"634,426";"612,2";"BCDFEE+BookmanOldStyle-Bold";"12,0";"216,01600000000002";"306,1";"0,14714799085266253";"0,2297451813132963";"0,24621365566808232";"True";"PENUTUP";""
"10";"Berita Daerah Kabupaten Malang";"70,825";"267,976";"656,05";"668,05";"612,2";"BCDGEE+BookmanOldStyle";"12,0";"169,4005";"306,1";"0,22329222476314933";"0,11568931721659588";"0,32203691604050966";"False";"PENUTUP";""
"10";"Tahun 2025 Nomor 4 Seri A";"70,825";"235,63";"676,0500000000001";"688,0500000000001";"612,2";"BCDGEE+BookmanOldStyle";"12,0";"153,2275";"306,1";"0,2497100620712186";"0,11568931721659588";"0,26920124142437113";"False";"PENUTUP";""
