"page","text","x0","x1","top","bottom","page_width","font_name","font_size","line_center","page_center","center_score","left_ratio","width_ratio","is_all_caps","sistematika","unsur"
"1","BUPATI MALANG","253.08","358.608","121.096","133.096","612.0","BCDFEE+BookmanOldStyle-Bold","12.0","305.844","306.0","0.0002549019607843234","0.4135294117647059","0.1724313725490196","True","JUDUL",""
"1","PROVINSI JAWA TIMUR","231.48","380.17199999999997","138.096","150.096","612.0","BCDFEE+BookmanOldStyle-Bold","12.0","305.82599999999996","306.0","0.0002843137254902533","0.37823529411764706","0.24296078431372545","True","JUDUL",""
"1","PERATURAN DAERAH KABUPATEN MALANG","166.45","444.274","171.92600000000004","183.92600000000004","612.0","BCDFEE+BookmanOldStyle-Bold","12.0","305.36199999999997","306.0","0.001042483660130774","0.2719771241830065","0.4539607843137255","True","JUDUL",""
"1","NOMOR 2 TAHUN 2025","232.88","378.24","188.726","200.726","612.0","BCDFEE+BookmanOldStyle-Bold","12.0","305.56","306.0","0.0007189542483660093","0.38052287581699346","0.23751633986928106","True","JUDUL",""
"1","TENTANG","274.67","335.63","205.726","217.726","612.0","BCDFEE+BookmanOldStyle-Bold","12.0","305.15","306.0","0.001388888888888926","0.44880718954248366","0.09960784313725486","True","JUDUL",""
"1","PENGHORMATAN, PELINDUNGAN, DAN PEMENUHAN","140.25","470.296","222.52600000000007","234.52600000000007","612.0","BCDFEE+BookmanOldStyle-Bold","12.0","305.273","306.0","0.001187908496731986","0.22916666666666666","0.5392908496732026","True","JUDUL",""
"1","HAK PENYANDANG DISABILITAS","202.48","407.896","239.52600000000007","251.52600000000007","612.0","BCDFEE+BookmanOldStyle-Bold","12.0","305.188","306.0","0.0013267973856209343","0.3308496732026144","0.33564705882352946","True","JUDUL",""
"1","DENGAN RAHMAT TUHAN YANG MAHA ESA","168.45","441.93000000000006","273.326","285.326","612.0","BCDFEE+BookmanOldStyle-Bold","12.0","305.19000000000005","306.0","0.0013235294117646167","0.27524509803921565","0.44686274509803936","True","PEMBUKAAN","FRASA RELIGIUS"
"1","BUPATI MALANG,","250.47","360.306","307.1460000000001","319.1460000000001","612.0","BCDFEE+BookmanOldStyle-Bold","12.0","305.388","306.0","0.001000000000000038","0.4092647058823529","0.1794705882352941","True","PEMBUKAAN","PEMBENTUK PPU"
"1","Menimbang : a. bahwa hak asasi manusia adalah hak-hak dasar","72.025","534.174","340.98","352.98","612.0","BCDGEE+BookmanOldStyle","12.0","303.0995","306.0","0.004739379084967357","0.11768790849673204","0.7551454248366013","False","PEMBUKAAN","KONSIDERANS"
"1","yang melekat pada setiap manusia sejak lahir,","193.65","534.0300000000001","357.98","369.98","612.0","BCDGEE+BookmanOldStyle","12.0","363.84000000000003","306.0","0.09450980392156869","0.31642156862745097","0.5561764705882355","False","PEMBUKAAN","KONSIDERANS"
"1","bersifat universal, dan tidak dapat dicabut;","193.65","448.98999999999995","374.7700000000001","386.7700000000001","612.0","BCDGEE+BookmanOldStyle","12.0","321.32","306.0","0.02503267973856208","0.31642156862745097","0.41722222222222216","False","PEMBUKAAN","KONSIDERANS"
"1","b. bahwa setiap warga masyarakat, termasuk para","171.25","533.502","391.80000000000007","403.80000000000007","612.0","BCDGEE+BookmanOldStyle","12.0","352.376","306.0","0.07577777777777774","0.2798202614379085","0.5919150326797384","False","PEMBUKAAN","KONSIDERANS"
"1","penyandang disabilitas mempunyai kedudukan hukum","193.65","533.874","408.6","420.6","612.0","BCDGEE+BookmanOldStyle","12.0","363.762","306.0","0.09438235294117647","0.31642156862745097","0.555921568627451","False","PEMBUKAAN","KONSIDERANS"
"1","dan memiliki hak asasi manusia yang sama sebagai","193.65","533.9000000000001","425.59999999999997","437.59999999999997","612.0","BCDGEE+BookmanOldStyle","12.0","363.77500000000003","306.0","0.09440359477124188","0.31642156862745097","0.5559640522875818","False","PEMBUKAAN","KONSIDERANS"
"1","warga masyarakat untuk hidup maju dan berkembang","193.65","533.896","442.4","454.4","612.0","BCDGEE+BookmanOldStyle","12.0","363.77299999999997","306.0","0.09440032679738557","0.31642156862745097","0.5559575163398692","False","PEMBUKAAN","KONSIDERANS"
"1","secara adil dan bermartabat, guna mencapai kesejahteraan;","193.65","531.22","459.4","471.4","612.0","BCDGEE+BookmanOldStyle","12.0","362.435","306.0","0.0922140522875817","0.31642156862745097","0.5515849673202615","False","PEMBUKAAN","KONSIDERANS"
"1","c. bahwa berdasarkan pertimbangan sebagaimana dimaksud","171.25","534.1559999999997","476.2","488.2","612.0","BCDGEE+BookmanOldStyle","12.0","352.70299999999986","306.0","0.07631209150326775","0.2798202614379085","0.5929836601307185","False","PEMBUKAAN","KONSIDERANS"
"1","pada huruf a dan huruf b, serta untuk melaksanakan","193.65","534.1459999999998","493.2","505.2","612.0","BCDGEE+BookmanOldStyle","12.0","363.8979999999999","306.0","0.09460457516339854","0.31642156862745097","0.5563660130718953","False","PEMBUKAAN","KONSIDERANS"
"1","ketentuan dalam Pasal 27 ayat (1) Undang-Undang","193.65","534.638","510.03","522.03","612.0","BCDGEE+BookmanOldStyle","12.0","364.144","306.0","0.09500653594771243","0.31642156862745097","0.557169934640523","False","PEMBUKAAN","KONSIDERANS"
"1","Nomor 8 Tahun 2016 tentang Penyandang Disabilitas,","193.65","534.4200000000001","527.03","539.03","612.0","BCDGEE+BookmanOldStyle","12.0","364.035","306.0","0.09482843137254907","0.31642156862745097","0.5568137254901963","False","PEMBUKAAN","KONSIDERANS"
"1","maka perlu menetapkan Peraturan Daerah tentang","193.65","534.1000000000001","543.8199999999999","555.8199999999999","612.0","BCDGEE+BookmanOldStyle","12.0","363.87500000000006","306.0","0.09456699346405238","0.31642156862745097","0.5562908496732029","False","PEMBUKAAN","KONSIDERANS"
"1","Penghormatan, Pelindungan, dan Pemenuhan Hak","193.65","534.254","560.8199999999999","572.8199999999999","612.0","BCDGEE+BookmanOldStyle","12.0","363.952","306.0","0.09469281045751633","0.31642156862745097","0.5565424836601308","False","PEMBUKAAN","KONSIDERANS"
"1","Penyandang Disabilitas;","193.65","335.53999999999996","577.62","589.62","612.0","BCDGEE+BookmanOldStyle","12.0","264.59499999999997","306.0","0.06765522875816998","0.31642156862745097","0.2318464052287581","False","PEMBUKAAN","KONSIDERANS"
"1","Mengingat : 1. Pasal 18 ayat (6) Undang-Undang Dasar Negara","72.025","540.0500000000001","611.4200000000001","623.4200000000001","612.0","BCDGEE+BookmanOldStyle","12.0","306.0375","306.0","6.127450980395872e-05","0.11768790849673204","0.764746732026144","False","PEMBUKAAN","DASAR HUKUM"
"1","Republik Indonesia Tahun 1945;","192.65","385.76","628.45","640.45","612.0","BCDGEE+BookmanOldStyle","12.0","289.205","306.0","0.027442810457516367","0.3147875816993464","0.31553921568627447","False","PEMBUKAAN","DASAR HUKUM"
"1","2. Undang-Undang Nomor 12 Tahun 1950 tentang","171.45","540.224","645.25","657.25","612.0","BCDGEE+BookmanOldStyle","12.0","355.837","306.0","0.08143300653594769","0.2801470588235294","0.6025718954248367","False","PEMBUKAAN","DASAR HUKUM"
"1","Pembentukan Daerah-daerah Kabupaten di Lingkungan","193.05","539.8439999999999","662.25","674.25","612.0","BCDGEE+BookmanOldStyle","12.0","366.447","306.0","0.09876960784313726","0.3154411764705883","0.566656862745098","False","PEMBUKAAN","DASAR HUKUM"
"1","Propinsi Jawa Timur (Berita Negara Republik Indonesia","193.05","540.006","679.05","691.05","612.0","BCDGEE+BookmanOldStyle","11.999999999999972","366.528","306.0","0.09890196078431376","0.3154411764705883","0.5669215686274509","False","PEMBUKAAN","DASAR HUKUM"
"1","Tahun 1950 Nomor 41), sebagaimana telah diubah","193.05","539.922","696.05","708.05","612.0","BCDGEE+BookmanOldStyle","12.0","366.486","306.0","0.09883333333333331","0.3154411764705883","0.5667843137254902","False","PEMBUKAAN","DASAR HUKUM"
"1","dengan Undang-Undang Nomor 2 Tahun 1965 tentang","193.05","539.996","712.85","724.85","612.0","BCDGEE+BookmanOldStyle","12.0","366.523","306.0","0.09889379084967324","0.3154411764705883","0.5669052287581698","False","PEMBUKAAN","DASAR HUKUM"
"1","Perubahan Batas Wilayah Kotapraja Surabaya dan Daerah","193.05","539.4419999999999","729.85","741.85","612.0","BCDGEE+BookmanOldStyle","12.0","366.246","306.0","0.0984411764705882","0.3154411764705883","0.5659999999999998","False","PEMBUKAAN","DASAR HUKUM"
"1","Tingkat II Surabaya dengan mengubah Undang-Undang","193.05","540.386","746.67","758.67","612.0","BCDGEE+BookmanOldStyle","12.0","366.71799999999996","306.0","0.09921241830065353","0.3154411764705883","0.5675424836601306","False","PEMBUKAAN","DASAR HUKUM"
"1","Nomor 12 Tahun 1950 tentang Pembentukan","193.05","539.958","763.67","775.67","612.0","BCDGEE+BookmanOldStyle","12.0","366.504","306.0","0.09886274509803925","0.3154411764705883","0.5668431372549019","False","PEMBUKAAN","DASAR HUKUM"
"1","Daerah-daerah Kota Besar dalam Lingkungan Propinsi","193.05","539.8","780.48","792.48","612.0","BCDGEE+BookmanOldStyle","12.0","366.42499999999995","306.0","0.09873366013071888","0.3154411764705883","0.5665849673202613","False","PEMBUKAAN","DASAR HUKUM"
"1","Jawa Timur, Jawa Tengah, Jawa Barat dan Daerah","193.05","539.9879999999999","797.48","809.48","612.0","BCDGEE+BookmanOldStyle","12.000000000000014","366.519","306.0","0.09888725490196079","0.3154411764705883","0.566892156862745","False","PEMBUKAAN","DASAR HUKUM"
"1","Istimewa Yogyakarta (Lembaran Negara Republik","193.05","540.032","814.48","826.48","612.0","BCDGEE+BookmanOldStyle","12.0","366.54100000000005","306.0","0.09892320261437917","0.3154411764705883","0.5669640522875817","False","PEMBUKAAN","DASAR HUKUM"
"1","Indonesia Tahun 1965 Nomor 19, Tambahan Lembaran","193.05","539.8439999999999","831.275","843.275","612.0","BCDGEE+BookmanOldStyle","12.0","366.447","306.0","0.09876960784313726","0.3154411764705883","0.566656862745098","False","PEMBUKAAN","DASAR HUKUM"
"1","Negara Republik Indonesia Nomor 2730);","193.05","434.76","848.275","860.275","612.0","BCDGEE+BookmanOldStyle","12.0","313.905","306.0","0.012916666666666621","0.3154411764705883","0.3949509803921568","False","PEMBUKAAN","DASAR HUKUM"
"2","2","302.3","309.74","23.300000000000068","35.30000000000007","612.0","BCDGEE+BookmanOldStyle","12.0","306.02","306.0","3.267973856206178e-05","0.4939542483660131","0.012156862745098036","False","PEMBUKAAN","DASAR HUKUM"
"2","3. Undang-Undang Nomor 12 Tahun 2011 tentang","171.45","540.164","74.12","86.12","612.0","BCDGEE+BookmanOldStyle","12.0","355.807","306.0","0.0813839869281046","0.2801470588235294","0.6024738562091503","False","PEMBUKAAN","DASAR HUKUM"
"2","Pembentukan Peraturan Perundang-undangan (Lembaran","192.65","540.2339999999999","95.32000000000005","107.32000000000005","612.0","BCDGEE+BookmanOldStyle","12.0","366.44199999999995","306.0","0.09876143790849665","0.3147875816993464","0.5679477124183006","False","PEMBUKAAN","DASAR HUKUM"
"2","Negara Republik Indonesia Tahun 2011 Nomor 82,","192.65","540.0079999999999","116.32000000000005","128.32000000000005","612.0","BCDGEE+BookmanOldStyle","12.0","366.32899999999995","306.0","0.09857679738562083","0.3147875816993464","0.5675784313725489","False","PEMBUKAAN","DASAR HUKUM"
"2","Tambahan Lembaran Negara Republik Indonesia","192.65","539.7740000000001","137.5300000000001","149.5300000000001","612.0","BCDGEE+BookmanOldStyle","12.0","366.21200000000005","306.0","0.09838562091503275","0.3147875816993464","0.5671960784313728","False","PEMBUKAAN","DASAR HUKUM"
"2","Nomor 5234), sebagaimana telah diubah beberapa kali,","192.65","540.154","158.73000000000002","170.73000000000002","612.0","BCDGEE+BookmanOldStyle","12.0","366.402","306.0","0.09869607843137253","0.3147875816993464","0.5678169934640523","False","PEMBUKAAN","DASAR HUKUM"
"2","terakhir dengan Undang-Undang Nomor 13 Tahun 2022","192.65","540.22","179.75","191.75","612.0","BCDGEE+BookmanOldStyle","12.0","366.435","306.0","0.09875","0.3147875816993464","0.5679248366013073","False","PEMBUKAAN","DASAR HUKUM"
"2","tentang Perubahan Kedua atas Undang-Undang Nomor 12","192.65","540.546","200.95000000000005","212.95000000000005","612.0","BCDGEE+BookmanOldStyle","12.0","366.598","306.0","0.09901633986928107","0.3147875816993464","0.5684575163398694","False","PEMBUKAAN","DASAR HUKUM"
"2","Tahun 2011 tentang Pembentukan Peraturan","192.65","539.808","222.1500000000001","234.1500000000001","612.0","BCDGEE+BookmanOldStyle","12.0","366.229","306.0","0.09841339869281043","0.3147875816993464","0.5672516339869281","False","PEMBUKAAN","DASAR HUKUM"
"2","Perundang-undangan (Lembaran Negara Republik","192.65","540.19","243.1500000000001","255.1500000000001","612.0","BCDGEE+BookmanOldStyle","12.0","366.42","306.0","0.09872549019607846","0.3147875816993464","0.5678758169934642","False","PEMBUKAAN","DASAR HUKUM"
"2","Indonesia Tahun 2022 Nomor 143, Tambahan Lembaran","192.65","539.934","264.35","276.35","612.0","BCDGEE+BookmanOldStyle","12.0","366.292","306.0","0.098516339869281","0.3147875816993464","0.5674575163398693","False","PEMBUKAAN","DASAR HUKUM"
"2","Negara Republik Indonesia Nomor 6801);","192.65","434.360000238","285.37","297.37","612.0","BCDGEE+BookmanOldStyle","12.0","313.505000119","306.0","0.012263072089869261","0.3147875816993464","0.39495098078104574","False","PEMBUKAAN","DASAR HUKUM"
"2","4. Undang-Undang Nomor 19 Tahun 2011 tentang","171.25","540.164","307.57000000000005","319.57000000000005","612.0","BCDGEE+BookmanOldStyle","12.0","355.707","306.0","0.08122058823529411","0.2798202614379085","0.6028006535947712","False","PEMBUKAAN","DASAR HUKUM"
"2","Pengesahan Convention on the Rights of Persons with","192.65","540.062","328.7800000000001","340.84000000000003","612.0","BCDGEE+BookmanOldStyle","12.0","366.356","306.0","0.09862091503267972","0.3147875816993464","0.5676666666666668","False","PEMBUKAAN","DASAR HUKUM"
"2","Disabilities (Konvensi mengenai Hak-Hak Penyandang","192.65","540.338","349.7700000000001","361.83000000000004","612.0","BCDHEE+BookmanOldStyle-Italic","12.0","366.49399999999997","306.0","0.09884640522875812","0.3147875816993464","0.5681176470588235","False","PEMBUKAAN","DASAR HUKUM"
"2","Disabilitas) (Lembaran Negara Republik Indonesia Tahun","192.65","539.9060000000001","370.98","382.98","612.0","BCDGEE+BookmanOldStyle","12.0","366.278","306.0","0.09849346405228761","0.3147875816993464","0.5674117647058825","False","PEMBUKAAN","DASAR HUKUM"
"2","2011 Nomor 107, Tambahan Lembaran Negara Republik","192.65","539.846","392.20000000000005","404.20000000000005","612.0","BCDGEE+BookmanOldStyle","12.0","366.248","306.0","0.09844444444444443","0.3147875816993464","0.5673137254901961","False","PEMBUKAAN","DASAR HUKUM"
"2","Indonesia Nomor 5251);","192.65","333.25399999999996","413.20000000000005","425.2","612.0","BCDGEE+BookmanOldStyle","11.999999999999943","262.952","306.0","0.07033986928104576","0.3147875816993464","0.2297450980392156","False","PEMBUKAAN","DASAR HUKUM"
"2","5. Undang-Undang Nomor 23 Tahun 2014 tentang","171.25","540.164","435.4","447.4","612.0","BCDGEE+BookmanOldStyle","12.0","355.707","306.0","0.08122058823529411","0.2798202614379085","0.6028006535947712","False","PEMBUKAAN","DASAR HUKUM"
"2","Pemerintahan Daerah (Lembaran Negara Republik","192.65","540.0120000000001","456.59999999999997","468.59999999999997","612.0","BCDGEE+BookmanOldStyle","12.0","366.331","306.0","0.09858006535947715","0.3147875816993464","0.5675849673202615","False","PEMBUKAAN","DASAR HUKUM"
"2","Indonesia Tahun 2014 Nomor 244, Tambahan Lembaran","192.65","539.6779999999999","477.59999999999997","489.59999999999997","612.0","BCDGEE+BookmanOldStyle","12.0","366.16399999999993","306.0","0.09830718954248355","0.3147875816993464","0.5670392156862744","False","PEMBUKAAN","DASAR HUKUM"
"2","Negara Republik Indonesia Nomor 5587), sebagaimana","192.65","539.7860000000001","498.8","510.8","612.0","BCDGEE+BookmanOldStyle","12.0","366.218","306.0","0.09839542483660134","0.3147875816993464","0.5672156862745099","False","PEMBUKAAN","DASAR HUKUM"
"2","telah diubah beberapa kali, terakhir dengan","192.65","539.7379999999999","520.03","532.03","612.0","BCDGEE+BookmanOldStyle","12.0","366.19399999999996","306.0","0.09835620915032674","0.3147875816993464","0.5671372549019608","False","PEMBUKAAN","DASAR HUKUM"
"2","Undang-Undang Nomor 9 Tahun 2015 tentang Perubahan","192.65","539.9119999999999","541.03","553.03","612.0","BCDGEE+BookmanOldStyle","12.0","366.28099999999995","306.0","0.09849836601307181","0.3147875816993464","0.5674215686274509","False","PEMBUKAAN","DASAR HUKUM"
"2","Kedua atas Undang-Undang Nomor 23 Tahun 2014","192.65","539.816","562.23","574.23","612.0","BCDGEE+BookmanOldStyle","12.0","366.233","306.0","0.09841993464052289","0.3147875816993464","0.567264705882353","False","PEMBUKAAN","DASAR HUKUM"
"2","tentang Pemerintahan Daerah (Lembaran Negara Republik","192.65","539.7620000000002","583.4200000000001","595.4200000000001","612.0","BCDGEE+BookmanOldStyle","12.0","366.2060000000001","306.0","0.09837581699346418","0.3147875816993464","0.5671764705882356","False","PEMBUKAAN","DASAR HUKUM"
"2","Indonesia Tahun 2015 Nomor 58, Tambahan Lembaran","192.65","540.052","604.4200000000001","616.4200000000001","612.0","BCDGEE+BookmanOldStyle","12.0","366.351","306.0","0.09861274509803922","0.3147875816993464","0.5676503267973857","False","PEMBUKAAN","DASAR HUKUM"
"2","Negara Republik Indonesia Nomor 5679);","192.65","434.186","625.65","637.65","612.0","BCDGEE+BookmanOldStyle","12.0","313.418","306.0","0.012120915032679749","0.3147875816993464","0.3946666666666666","False","PEMBUKAAN","DASAR HUKUM"
"2","6. Undang-Undang Nomor 8 Tahun 2016 tentang","171.25","540.128","647.8499999999999","659.8499999999999","612.0","BCDGEE+BookmanOldStyle","12.0","355.689","306.0","0.08119117647058827","0.2798202614379085","0.6027418300653595","False","PEMBUKAAN","DASAR HUKUM"
"2","Penyandang Disabilitas (Lembaran Negara Republik","192.65","539.642","668.8499999999999","680.8499999999999","612.0","BCDGEE+BookmanOldStyle","12.0","366.146","306.0","0.0982777777777778","0.3147875816993464","0.5669803921568629","False","PEMBUKAAN","DASAR HUKUM"
"2","Indonesia Tahun 2016 Nomor 69, Tambahan Lembaran","192.65","539.87","690.05","702.05","612.0","BCDGEE+BookmanOldStyle","12.0","366.26","306.0","0.09846405228758169","0.3147875816993464","0.5673529411764706","False","PEMBUKAAN","DASAR HUKUM"
"2","Negara Republik Indonesia Nomor 5871);","192.65","434.186","711.05","723.05","612.0","BCDGEE+BookmanOldStyle","12.0","313.418","306.0","0.012120915032679749","0.3147875816993464","0.3946666666666666","False","PEMBUKAAN","DASAR HUKUM"
"2","7. Peraturan Pemerintah Nomor 70 Tahun 2019 tentang","171.25","539.99","732.25","744.25","612.0","BCDGEE+BookmanOldStyle","12.0","355.62","306.0","0.08107843137254903","0.2798202614379085","0.6025163398692811","False","PEMBUKAAN","DASAR HUKUM"
"2","Perencanaan, Penyelenggaraan, dan Evaluasi terhadap","192.65","540.0260000000001","753.48","765.48","612.0","BCDGEE+BookmanOldStyle","12.0","366.338","306.0","0.09859150326797389","0.3147875816993464","0.5676078431372551","False","PEMBUKAAN","DASAR HUKUM"
"2","Penghormatan, Pelindungan, dan Pemenuhan Hak","192.65","540.0260000000001","774.48","786.48","612.0","BCDGEE+BookmanOldStyle","12.0","366.338","306.0","0.09859150326797389","0.3147875816993464","0.5676078431372551","False","PEMBUKAAN","DASAR HUKUM"
"2","Penyandang Disabilitas (Lembaran Negara Republik","192.65","539.812","795.67","807.67","612.0","BCDGEE+BookmanOldStyle","12.0","366.231","306.0","0.09841666666666665","0.3147875816993464","0.5672581699346406","False","PEMBUKAAN","DASAR HUKUM"
"2","Indonesia Tahun 2019 Nomor 184, Tambahan Lembaran","192.65","539.6779999999999","816.88","828.88","612.0","BCDGEE+BookmanOldStyle","12.0","366.16399999999993","306.0","0.09830718954248355","0.3147875816993464","0.5670392156862744","False","PEMBUKAAN","DASAR HUKUM"
"2","Negara Republik Indonesia Nomor 6399);","192.65","434.186","837.875","849.875","612.0","BCDGEE+BookmanOldStyle","12.0","313.418","306.0","0.012120915032679749","0.3147875816993464","0.3946666666666666","False","PEMBUKAAN","DASAR HUKUM"
"3","3","302.3","309.74","23.300000000000068","35.30000000000007","612.0","BCDGEE+BookmanOldStyle","12.0","306.02","306.0","3.267973856206178e-05","0.4939542483660131","0.012156862745098036","False","PEMBUKAAN","DASAR HUKUM"
"3","8. Peraturan Presiden Nomor 87 Tahun 2014 tentang Peraturan","171.25","540.2399999999998","74.12","86.12","612.0","BCDGEE+BookmanOldStyle","12.0","355.7449999999999","306.0","0.08128267973856192","0.2798202614379085","0.6029248366013068","False","PEMBUKAAN","DASAR HUKUM"
"3","Pelaksanaan Undang-Undang Nomor 12 Tahun 2011","192.65","540.0","93.53000000000009","105.53000000000009","612.0","BCDGEE+BookmanOldStyle","12.0","366.325","306.0","0.09857026143790848","0.3147875816993464","0.5675653594771242","False","PEMBUKAAN","DASAR HUKUM"
"3","tentang Pembentukan Peraturan Perundang-undangan","192.65","540.226","112.73000000000002","124.73000000000002","612.0","BCDGEE+BookmanOldStyle","12.0","366.438","306.0","0.09875490196078429","0.3147875816993464","0.5679346405228759","False","PEMBUKAAN","DASAR HUKUM"
"3","(Lembaran Negara Republik Indonesia Tahun 2014","192.65","539.8820000000001","132.12","144.12","612.0","BCDGEE+BookmanOldStyle","12.0","366.266","306.0","0.09847385620915036","0.3147875816993464","0.567372549019608","False","PEMBUKAAN","DASAR HUKUM"
"3","Nomor 199), sebagaimana telah diubah dengan Peraturan","192.65","539.6299999999999","151.32000000000005","163.32000000000005","612.0","BCDGEE+BookmanOldStyle","12.0","366.13999999999993","306.0","0.09826797385620903","0.3147875816993464","0.5669607843137253","False","PEMBUKAAN","DASAR HUKUM"
"3","Presiden Nomor 76 Tahun 2021 tentang Perubahan atas","192.65","539.9639999999999","170.75","182.75","612.0","BCDGEE+BookmanOldStyle","12.0","366.30699999999996","306.0","0.09854084967320255","0.3147875816993464","0.5675065359477124","False","PEMBUKAAN","DASAR HUKUM"
"3","Peraturan Presiden Nomor 87 Tahun 2014 tentang Peraturan","192.65","540.0739999999997","189.95000000000005","201.95000000000005","612.0","BCDGEE+BookmanOldStyle","12.0","366.36199999999985","306.0","0.09863071895424813","0.3147875816993464","0.5676862745098035","False","PEMBUKAAN","DASAR HUKUM"
"3","Pelaksanaan Undang-Undang Nomor 12 Tahun 2011","192.65","540.142","209.35000000000002","221.35000000000002","612.0","BCDGEE+BookmanOldStyle","12.0","366.396","306.0","0.09868627450980394","0.3147875816993464","0.5677973856209152","False","PEMBUKAAN","DASAR HUKUM"
"3","tentang Pembentukan Peraturan Perundang-undangan","192.65","540.226","228.55000000000007","240.55000000000007","612.0","BCDGEE+BookmanOldStyle","12.0","366.438","306.0","0.09875490196078429","0.3147875816993464","0.5679346405228759","False","PEMBUKAAN","DASAR HUKUM"
"3","(Lembaran Negara Republik Indonesia Tahun 2021","192.65","539.8820000000001","247.95000000000005","259.95000000000005","612.0","BCDGEE+BookmanOldStyle","12.0","366.266","306.0","0.09847385620915036","0.3147875816993464","0.567372549019608","False","PEMBUKAAN","DASAR HUKUM"
"3","Nomor 186);","192.65","264.878","267.1500000000001","279.1500000000001","612.0","BCDGEE+BookmanOldStyle","12.0","228.764","306.0","0.12620261437908495","0.3147875816993464","0.11801960784313723","False","PEMBUKAAN","DASAR HUKUM"
"3","9. Peraturan Menteri Dalam Negeri Nomor 80 Tahun 2015","171.25","539.57","286.57000000000005","298.57000000000005","612.0","BCDGEE+BookmanOldStyle","12.0","355.41","306.0","0.0807352941176471","0.2798202614379085","0.6018300653594773","False","PEMBUKAAN","DASAR HUKUM"
"3","tentang Pembentukan Produk Hukum Daerah (Berita","192.65","539.75","305.98","317.98","612.0","BCDGEE+BookmanOldStyle","12.0","366.2","306.0","0.09836601307189541","0.3147875816993464","0.567156862745098","False","PEMBUKAAN","DASAR HUKUM"
"3","Negara Republik Indonesia Tahun 2015 Nomor 2036),","192.65","540.0079999999999","325.1700000000001","337.1700000000001","612.0","BCDGEE+BookmanOldStyle","12.0","366.32899999999995","306.0","0.09857679738562083","0.3147875816993464","0.5675784313725489","False","PEMBUKAAN","DASAR HUKUM"
"3","sebagaimana telah diubah dengan Peraturan Menteri","192.65","539.726","344.57000000000005","356.57000000000005","612.0","BCDGEE+BookmanOldStyle","12.0","366.188","306.0","0.09834640522875815","0.3147875816993464","0.5671176470588236","False","PEMBUKAAN","DASAR HUKUM"
"3","Dalam Negeri Nomor 120 Tahun 2018 tentang Perubahan","192.65","539.764","363.7800000000001","375.7800000000001","612.0","BCDGEE+BookmanOldStyle","12.0","366.207","306.0","0.09837745098039215","0.3147875816993464","0.5671797385620916","False","PEMBUKAAN","DASAR HUKUM"
"3","atas Peraturan Menteri Dalam Negeri Nomor 80","192.65","539.6060000000001","383.1700000000001","395.1700000000001","612.0","BCDGEE+BookmanOldStyle","12.0","366.12800000000004","306.0","0.09824836601307196","0.3147875816993464","0.5669215686274512","False","PEMBUKAAN","DASAR HUKUM"
"3","Tahun 2015 tentang Pembentukan Produk Hukum","192.65","540.0860000000001","402.4000000000001","414.4000000000001","612.0","BCDGEE+BookmanOldStyle","12.0","366.36800000000005","306.0","0.09864052287581708","0.3147875816993464","0.5677058823529414","False","PEMBUKAAN","DASAR HUKUM"
"3","Daerah (Berita Negara Republik Indonesia Tahun 2019","192.65","540.1419999999999","421.80000000000007","433.8","612.0","BCDGEE+BookmanOldStyle","11.999999999999943","366.39599999999996","306.0","0.09868627450980386","0.3147875816993464","0.567797385620915","False","PEMBUKAAN","DASAR HUKUM"
"3","Nomor 157);","192.65","262.89799999999997","441.0","453.0","612.0","BCDGEE+BookmanOldStyle","12.0","227.774","306.0","0.1278202614379085","0.3147875816993464","0.11478431372549014","False","PEMBUKAAN","DASAR HUKUM"
"3","Dengan Persetujuan Bersama","224.08","399.136","479.8","491.8","612.0","BCDGEE+BookmanOldStyle","12.0","311.608","306.0","0.009163398692810465","0.36614379084967325","0.28603921568627455","False","PEMBUKAAN","DIKTUM"
"3","DEWAN PERWAKILAN RAKYAT DAERAH KABUPATEN MALANG","123.05","500.2460000000001","518.4300000000001","530.4300000000001","612.0","BCDGEE+BookmanOldStyle","12.0","311.648","306.0","0.009228758169934681","0.20106209150326798","0.6163333333333335","True","PEMBUKAAN","DIKTUM"
"3","dan","294.1","316.408","537.62","549.62","612.0","BCDGEE+BookmanOldStyle","12.0","305.254","306.0","0.0012189542483659818","0.48055555555555557","0.03645098039215685","False","PEMBUKAAN","DIKTUM"
"3","BUPATI MALANG","254.08","356.02000000000004","557.03","569.03","612.0","BCDGEE+BookmanOldStyle","12.0","305.05","306.0","0.0015522875816993279","0.4151633986928105","0.16656862745098044","True","PEMBUKAAN","DIKTUM"
"3","MEMUTUSKAN:","258.07","352.2699999999999","595.62","607.62","612.0","BCDGEE+BookmanOldStyle","12.0","305.16999999999996","306.0","0.0013562091503268642","0.4216830065359477","0.15392156862745088","True","PEMBUKAAN","DIKTUM"
"3","Menetapkan : PERATURAN DAERAH TENTANG PENGHORMATAN,","72.025","528.332","634.25","646.25","612.0","BCDGEE+BookmanOldStyle","12.0","300.1785","306.0","0.009512254901960808","0.11768790849673204","0.7455996732026144","False","PEMBUKAAN","DIKTUM"
"3","PELINDUNGAN, DAN PEMENUHAN HAK PENYANDANG","171.25","528.102","653.45","665.45","612.0","BCDGEE+BookmanOldStyle","12.0","349.676","306.0","0.0713660130718954","0.2798202614379085","0.5830915032679738","True","PEMBUKAAN","DIKTUM"
"3","DISABILITAS.","171.25","252.52","672.85","684.85","612.0","BCDGEE+BookmanOldStyle","11.999999999999972","211.885","306.0","0.1537826797385621","0.2798202614379085","0.13279411764705884","True","PEMBUKAAN","DIKTUM"
"3","BAB I","288.5","322.15999999999997","711.45","723.45","612.0","BCDGEE+BookmanOldStyle","12.0","305.33","306.0","0.0010947712418300914","0.4714052287581699","0.054999999999999945","True","BATANG TUBUH",""
"3","KETENTUAN UMUM","245.08","365.632","730.85","742.85","612.0","BCDGEE+BookmanOldStyle","12.0","305.356","306.0","0.0010522875816993554","0.4004575163398693","0.19698039215686272","True","BATANG TUBUH",""
"3","Pasal 1","284.3","326.72","769.48","781.48","612.0","BCDGEE+BookmanOldStyle","12.0","305.51","306.0","0.0008006535947712567","0.46454248366013073","0.0693137254901961","False","BATANG TUBUH",""
"3","Dalam Peraturan Daerah ini yang dimaksud dengan:","171.25","482.45799999999997","808.08","820.08","612.0","BCDGEE+BookmanOldStyle","12.0","326.854","306.0","0.034075163398692786","0.2798202614379085","0.5085098039215685","False","BATANG TUBUH",""
"3","1. Daerah adalah Kabupaten Malang.","171.25","397.92199999999997","827.275","839.275","612.0","BCDGEE+BookmanOldStyle","12.0","284.586","306.0","0.03499019607843135","0.2798202614379085","0.3703790849673202","False","BATANG TUBUH",""
"3","2. Pemerintah Daerah adalah Pemerintah Kabupaten Malang.","171.25","520.01","846.675","858.675","612.0","BCDGEE+BookmanOldStyle","12.0","345.63","306.0","0.0647549019607843","0.2798202614379085","0.5698692810457516","False","BATANG TUBUH",""
"4","4","302.3","309.74","23.300000000000068","35.30000000000007","612.0","BCDGEE+BookmanOldStyle","12.0","306.02","306.0","3.267973856206178e-05","0.4939542483660131","0.012156862745098036","False","BATANG TUBUH",""
"4","3. Bupati adalah Bupati Malang.","171.25","369.91399999999993","74.12","86.12","612.0","BCDGEE+BookmanOldStyle","12.0","270.582","306.0","0.05787254901960785","0.2798202614379085","0.3246143790849672","False","BATANG TUBUH",""
"4","4. Perangkat Daerah adalah unsur pembantu Bupati","171.25","523.706","93.53000000000009","105.53000000000009","612.0","BCDGEE+BookmanOldStyle","12.0","347.478","306.0","0.06777450980392158","0.2798202614379085","0.5759084967320262","False","BATANG TUBUH",""
"4","dan Dewan Perwakilan Rakyat Daerah dalam","192.65","524.4019999999999","113.92000000000007","125.92000000000007","612.0","BCDGEE+BookmanOldStyle","12.0","358.52599999999995","306.0","0.08582679738562084","0.3147875816993464","0.542078431372549","False","BATANG TUBUH",""
"4","penyelenggaraan Urusan Pemerintahan yang menjadi","192.65","523.958","134.32000000000005","146.32000000000005","612.0","BCDGEE+BookmanOldStyle","12.0","358.304","306.0","0.08546405228758165","0.3147875816993464","0.5413529411764706","False","BATANG TUBUH",""
"4","kewenangan Daerah.","192.65","316.78999999999996","154.73000000000002","166.73000000000002","612.0","BCDGEE+BookmanOldStyle","12.0","254.71999999999997","306.0","0.08379084967320266","0.3147875816993464","0.20284313725490188","False","BATANG TUBUH",""
"4","5. Dinas adalah Dinas Sosial.","171.25","351.59","175.1500000000001","187.1500000000001","612.0","BCDGEE+BookmanOldStyle","12.0","261.41999999999996","306.0","0.07284313725490203","0.2798202614379085","0.29467320261437907","False","BATANG TUBUH",""
"4","6. Kepala Dinas adalah Kepala Dinas Sosial.","171.25","439.142","195.55000000000007","207.55000000000007","612.0","BCDGEE+BookmanOldStyle","12.0","305.196","306.0","0.0013137254901960354","0.2798202614379085","0.43773202614379086","False","BATANG TUBUH",""
"4","7. Penyandang Disabilitas adalah setiap orang yang","171.25","524.0540000000001","215.95000000000005","227.95000000000005","612.0","BCDGEE+BookmanOldStyle","12.0","347.65200000000004","306.0","0.06805882352941184","0.2798202614379085","0.5764771241830067","False","BATANG TUBUH",""
"4","mengalami keterbatasan fisik, intelektual, mental,","192.65","524.73","236.35000000000002","248.35000000000002","612.0","BCDGEE+BookmanOldStyle","12.0","358.69","306.0","0.08609477124183006","0.3147875816993464","0.5426143790849673","False","BATANG TUBUH",""
"4","dan/atau sensorik dalam jangka waktu lama yang","192.65","524.3899999999999","256.95000000000005","268.95000000000005","612.0","BCDGEE+BookmanOldStyle","12.0","358.5199999999999","306.0","0.08581699346405217","0.3147875816993464","0.5420588235294116","False","BATANG TUBUH",""
"4","dalam berinteraksi dengan lingkungan dapat","192.65","524.1739999999999","277.37","289.37","612.0","BCDGEE+BookmanOldStyle","12.0","358.4119999999999","306.0","0.08564052287581686","0.3147875816993464","0.541705882352941","False","BATANG TUBUH",""
"4","mengalami hambatan dan kesulitan untuk","192.65","524.4380000000001","297.7800000000001","309.7800000000001","612.0","BCDGEE+BookmanOldStyle","12.0","358.54400000000004","306.0","0.08585620915032686","0.3147875816993464","0.542137254901961","False","BATANG TUBUH",""
"4","berpartisipasi secara penuh dan efektif dengan warga","192.65","524.1619999999999","318.1700000000001","330.1700000000001","612.0","BCDGEE+BookmanOldStyle","12.0","358.40599999999995","306.0","0.08563071895424829","0.3147875816993464","0.5416862745098038","False","BATANG TUBUH",""
"4","negara lainnya berdasarkan kesamaan hak.","192.65","451.502","338.57000000000005","350.57000000000005","612.0","BCDGEE+BookmanOldStyle","12.0","322.076","306.0","0.026267973856209187","0.3147875816993464","0.42296078431372547","False","BATANG TUBUH",""
"4","8. Kesamaan Kesempatan adalah keadaan yang","171.25","524.276","358.98","370.98","612.0","BCDGEE+BookmanOldStyle","12.0","347.763","306.0","0.06824019607843133","0.2798202614379085","0.5768398692810457","False","BATANG TUBUH",""
"4","memberikan peluang dan/atau menyediakan akses","192.65","524.0179999999999","379.37","391.37","612.0","BCDGEE+BookmanOldStyle","12.0","358.33399999999995","306.0","0.08551307189542474","0.3147875816993464","0.5414509803921568","False","BATANG TUBUH",""
"4","kepada Penyandang Disabilitas untuk menyalurkan","192.65","524.126","399.80000000000007","411.80000000000007","612.0","BCDGEE+BookmanOldStyle","12.0","358.388","306.0","0.08560130718954245","0.3147875816993464","0.5416274509803921","False","BATANG TUBUH",""
"4","potensi dalam segala aspek penyelenggaraan negara","192.65","523.9699999999999","420.4","432.4","612.0","BCDGEE+BookmanOldStyle","12.0","358.30999999999995","306.0","0.08547385620915024","0.3147875816993464","0.5413725490196077","False","BATANG TUBUH",""
"4","dan masyarakat.","192.65","291.59","440.8","452.8","612.0","BCDGEE+BookmanOldStyle","12.0","242.12","306.0","0.10437908496732025","0.3147875816993464","0.16166666666666663","False","BATANG TUBUH",""
"4","9. Diskriminasi adalah setiap pembedaan, pengecualian","171.25","524.354","461.2","473.2","612.0","BCDGEE+BookmanOldStyle","12.0","347.802","306.0","0.06830392156862748","0.2798202614379085","0.5769673202614379","False","BATANG TUBUH",""
"4","pembatasan, pelecehan, atau pengucilan atas dasar","192.65","524.846","481.59999999999997","493.59999999999997","612.0","BCDGEE+BookmanOldStyle","12.0","358.748","306.0","0.08618954248366012","0.3147875816993464","0.5428039215686274","False","BATANG TUBUH",""
"4","Disabilitas yang bermaksud atau berdampak pada","192.65","524.162","502.0","514.0","612.0","BCDGEE+BookmanOldStyle","12.0","358.406","306.0","0.08563071895424837","0.3147875816993464","0.541686274509804","False","BATANG TUBUH",""
"4","pembatasan atau peniadaan pengakuan, penikmatan,","192.65","524.3420000000001","522.4200000000001","534.4200000000001","612.0","BCDGEE+BookmanOldStyle","12.0","358.49600000000004","306.0","0.08577777777777784","0.3147875816993464","0.5419803921568629","False","BATANG TUBUH",""
"4","atau pelaksanaan hak Penyandang Disabilitas.","192.65","469.27399999999994","542.8199999999999","554.8199999999999","612.0","BCDGEE+BookmanOldStyle","12.0","330.962","306.0","0.04078758169934639","0.3147875816993464","0.45199999999999985","False","BATANG TUBUH",""
"4","10. Penghormatan adalah sikap menghargai atau menerima","171.25","523.8740000000001","563.22","575.22","612.0","BCDGEE+BookmanOldStyle","12.0","347.56200000000007","306.0","0.06791176470588246","0.2798202614379085","0.5761830065359479","False","BATANG TUBUH",""
"4","keberadaan Penyandang Disabilitas dengan segala hak","192.65","524.7940000000001","583.62","595.62","612.0","BCDGEE+BookmanOldStyle","12.0","358.72200000000004","306.0","0.08614705882352947","0.3147875816993464","0.5427189542483662","False","BATANG TUBUH",""
"4","yang melekat tanpa berkurang.","192.65","371.5339999999999","604.22","616.22","612.0","BCDGEE+BookmanOldStyle","12.0","282.0919999999999","306.0","0.0390653594771243","0.3147875816993464","0.2922941176470586","False","BATANG TUBUH",""
"4","11. Pelindungan adalah upaya yang dilakukan secara sadar","171.25","523.9959999999999","624.65","636.65","612.0","BCDGEE+BookmanOldStyle","12.0","347.62299999999993","306.0","0.06801143790849662","0.2798202614379085","0.5763823529411762","False","BATANG TUBUH",""
"4","untuk melindungi, mengayomi, dan memperkuat hak","192.65","523.994","645.05","657.05","612.0","BCDGEE+BookmanOldStyle","12.0","358.322","306.0","0.08549346405228758","0.3147875816993464","0.5414117647058825","False","BATANG TUBUH",""
"4","Penyandang Disabilitas.","192.65","334.406","665.45","677.45","612.0","BCDGEE+BookmanOldStyle","12.0","263.528","306.0","0.06939869281045748","0.3147875816993464","0.23162745098039217","False","BATANG TUBUH",""
"4","12. Pemenuhan adalah upaya yang dilakukan untuk","171.25","524.138","685.85","697.85","612.0","BCDGEE+BookmanOldStyle","12.0","347.694","306.0","0.06812745098039219","0.2798202614379085","0.5766143790849674","False","BATANG TUBUH",""
"4","memenuhi, melaksanakan, dan mewujudkan hak","192.65","524.2460000000001","706.25","718.25","612.0","BCDGEE+BookmanOldStyle","12.0","358.44800000000004","306.0","0.08569934640522882","0.3147875816993464","0.5418235294117649","False","BATANG TUBUH",""
"4","Penyandang Disabilitas.","192.65","334.42799999999994","726.65","738.65","612.0","BCDGEE+BookmanOldStyle","12.0","263.539","306.0","0.06938071895424838","0.3147875816993464","0.23166339869281036","False","BATANG TUBUH",""
"4","13. Pemberdayaan adalah upaya untuk menguatkan","171.25","524.054","747.0699999999999","759.0699999999999","612.0","BCDGEE+BookmanOldStyle","12.0","347.652","306.0","0.06805882352941174","0.2798202614379085","0.5764771241830065","False","BATANG TUBUH",""
"4","keberadaan Penyandang Disabilitas dalam bentuk","192.65","524.0420000000001","767.68","779.68","612.0","BCDGEE+BookmanOldStyle","12.0","358.34600000000006","306.0","0.08553267973856218","0.3147875816993464","0.5414901960784316","False","BATANG TUBUH",""
"4","penumbuhan iklim dan pengembangan potensi","192.65","524.054","788.0699999999999","800.0699999999999","612.0","BCDGEE+BookmanOldStyle","12.0","358.352","306.0","0.08554248366013067","0.3147875816993464","0.5415098039215687","False","BATANG TUBUH",""
"4","sehingga mampu tumbuh dan berkembang menjadi","192.65","523.994","808.48","820.48","612.0","BCDGEE+BookmanOldStyle","12.0","358.322","306.0","0.08549346405228758","0.3147875816993464","0.5414117647058825","False","BATANG TUBUH",""
"4","individu atau kelompok Penyandang Disabilitas yang","192.65","524.0540000000001","828.875","840.875","612.0","BCDGEE+BookmanOldStyle","12.0","358.35200000000003","306.0","0.08554248366013077","0.3147875816993464","0.5415098039215688","False","BATANG TUBUH",""
"4","tangguh dan mandiri.","192.65","321.07199999999995","849.275","861.275","612.0","BCDGEE+BookmanOldStyle","12.0","256.861","306.0","0.08029248366013074","0.3147875816993464","0.20983986928104564","False","BATANG TUBUH",""
"5","5","302.3","309.74","23.300000000000068","35.30000000000007","612.0","BCDGEE+BookmanOldStyle","12.0","306.02","306.0","3.267973856206178e-05","0.4939542483660131","0.012156862745098036","False","BATANG TUBUH",""
"5","14. Aksesibilitas adalah kemudahan yang disediakan untuk","171.25","524.1980000000001","74.12","86.12","612.0","BCDGEE+BookmanOldStyle","12.0","347.72400000000005","306.0","0.06817647058823537","0.2798202614379085","0.5767124183006538","False","BATANG TUBUH",""
"5","Penyandang Disabilitas guna mewujudkan Kesamaan","192.65","524.0899999999999","95.32000000000005","107.32000000000005","612.0","BCDGEE+BookmanOldStyle","12.0","358.36999999999995","306.0","0.08557189542483652","0.3147875816993464","0.5415686274509803","False","BATANG TUBUH",""
"5","Kesempatan.","192.65","268.84999999999997","116.32000000000005","128.32000000000005","612.0","BCDGEE+BookmanOldStyle","12.0","230.75","306.0","0.12295751633986927","0.3147875816993464","0.12450980392156856","False","BATANG TUBUH",""
"5","15. Akomodasi yang Layak adalah modifikasi dan","171.25","524.102","137.5300000000001","149.5300000000001","612.0","BCDGEE+BookmanOldStyle","12.0","347.676","306.0","0.06809803921568626","0.2798202614379085","0.5765555555555555","False","BATANG TUBUH",""
"5","penyesuaian yang tepat dan diperlukan untuk","192.65","524.1740000000001","158.73000000000002","170.73000000000002","612.0","BCDGEE+BookmanOldStyle","12.0","358.41200000000003","306.0","0.08564052287581705","0.3147875816993464","0.5417058823529414","False","BATANG TUBUH",""
"5","menjamin penikmatan atau pelaksanaan semua hak","192.65","524.7420000000001","179.75","191.75","612.0","BCDGEE+BookmanOldStyle","12.0","358.696","306.0","0.08610457516339874","0.3147875816993464","0.5426339869281047","False","BATANG TUBUH",""
"5","asasi manusia dan kebebasan fundamental untuk","192.65","524.3780000000002","200.95000000000005","212.95000000000005","612.0","BCDGEE+BookmanOldStyle","12.0","358.51400000000007","306.0","0.08580718954248377","0.3147875816993464","0.5420392156862748","False","BATANG TUBUH",""
"5","Penyandang Disabilitas berdasarkan kesetaraan.","192.65","481.08199999999994","222.1500000000001","234.1500000000001","612.0","BCDGEE+BookmanOldStyle","12.0","336.866","306.0","0.050434640522875794","0.3147875816993464","0.47129411764705864","False","BATANG TUBUH",""
"5","16. Alat Bantu adalah benda yang berfungsi membantu","171.25","524.2339999999999","243.1500000000001","255.1500000000001","612.0","BCDGEE+BookmanOldStyle","12.0","347.74199999999996","306.0","0.06820588235294112","0.2798202614379085","0.5767712418300652","False","BATANG TUBUH",""
"5","kemandirian Penyandang Disabilitas dalam melakukan","192.65","524.294","264.35","276.35","612.0","BCDGEE+BookmanOldStyle","12.0","358.472","306.0","0.08573856209150324","0.3147875816993464","0.5419019607843137","False","BATANG TUBUH",""
"5","kegiatan sehari-hari.","192.65","315.31199999999995","285.37","297.37","612.0","BCDGEE+BookmanOldStyle","12.0","253.981","306.0","0.08499836601307191","0.3147875816993464","0.20042810457516333","False","BATANG TUBUH",""
"5","17. Alat Bantu Kesehatan adalah benda yang berfungsi","171.25","524.3140000000001","306.57000000000005","318.57000000000005","612.0","BCDGEE+BookmanOldStyle","12.0","347.78200000000004","306.0","0.06827124183006543","0.2798202614379085","0.5769019607843139","False","BATANG TUBUH",""
"5","mengoptimalkan fungsi anggota tubuh Penyandang","192.65","524.258","327.7800000000001","339.7800000000001","612.0","BCDGEE+BookmanOldStyle","12.0","358.454","306.0","0.08570915032679739","0.3147875816993464","0.5418431372549021","False","BATANG TUBUH",""
"5","Disabilitas berdasarkan rekomendasi dari tenaga medis.","192.65","514.1059999999998","348.7700000000001","360.7700000000001","612.0","BCDGEE+BookmanOldStyle","12.0","353.3779999999999","306.0","0.07741503267973836","0.3147875816993464","0.525254901960784","False","BATANG TUBUH",""
"5","18. Konsesi adalah segala bentuk potongan biaya yang","171.25","524.234","369.98","381.98","612.0","BCDGEE+BookmanOldStyle","12.0","347.742","306.0","0.06820588235294121","0.2798202614379085","0.5767712418300655","False","BATANG TUBUH",""
"5","diberikan oleh Pemerintah, Pemerintah Daerah,","192.65","524.4200000000001","391.20000000000005","403.20000000000005","612.0","BCDGEE+BookmanOldStyle","12.0","358.535","306.0","0.08584150326797389","0.3147875816993464","0.542107843137255","False","BATANG TUBUH",""
"5","dan/atau setiap orang kepada Penyandang Disabilitas","192.65","524.558","412.20000000000005","424.2","612.0","BCDGEE+BookmanOldStyle","11.999999999999943","358.604","306.0","0.08595424836601305","0.3147875816993464","0.5423333333333333","False","BATANG TUBUH",""
"5","berdasarkan kebijakan Pemerintah dan Pemerintah","192.65","524.434","433.4","445.4","612.0","BCDGEE+BookmanOldStyle","12.0","358.542","306.0","0.08585294117647055","0.3147875816993464","0.5421307189542484","False","BATANG TUBUH",""
"5","Daerah.","192.65","239.45000000000002","454.59999999999997","466.59999999999997","612.0","BCDGEE+BookmanOldStyle","12.0","216.05","306.0","0.1469771241830065","0.3147875816993464","0.07647058823529414","False","BATANG TUBUH",""
"5","19. Pelayanan Publik adalah kegiatan atau rangkaian","171.25","524.0419999999999","475.59999999999997","487.59999999999997","612.0","BCDGEE+BookmanOldStyle","12.0","347.64599999999996","306.0","0.06804901960784307","0.2798202614379085","0.5764575163398692","False","BATANG TUBUH",""
"5","kegiatan dalam rangka Pemenuhan kebutuhan","192.65","524.43","496.8","508.8","612.0","BCDGEE+BookmanOldStyle","12.0","358.53999999999996","306.0","0.08584967320261432","0.3147875816993464","0.5421241830065359","False","BATANG TUBUH",""
"5","pelayanan sesuai dengan ketentuan peraturan","192.65","524.1019999999999","518.03","530.03","612.0","BCDGEE+BookmanOldStyle","12.0","358.3759999999999","306.0","0.0855816993464051","0.3147875816993464","0.5415882352941175","False","BATANG TUBUH",""
"5","perundang-undangan bagi setiap warga negara dan","192.65","524.13","539.03","551.03","612.0","BCDGEE+BookmanOldStyle","12.0","358.39","306.0","0.08560457516339867","0.3147875816993464","0.5416339869281046","False","BATANG TUBUH",""
"5","penduduk atas barang, jasa, dan/atau pelayanan","192.65","524.1839999999999","560.23","572.23","612.0","BCDGEE+BookmanOldStyle","12.0","358.4169999999999","306.0","0.08564869281045738","0.3147875816993464","0.541722222222222","False","BATANG TUBUH",""
"5","administratif yang disediakan oleh penyelenggara","192.65","523.9940000000001","581.23","593.23","612.0","BCDGEE+BookmanOldStyle","12.0","358.32200000000006","306.0","0.08549346405228768","0.3147875816993464","0.5414117647058826","False","BATANG TUBUH",""
"5","Pelayanan Publik.","192.65","298.53999999999996","602.4200000000001","614.4200000000001","612.0","BCDGEE+BookmanOldStyle","12.0","245.59499999999997","306.0","0.09870098039215691","0.3147875816993464","0.17302287581699338","False","BATANG TUBUH",""
"5","20. Unit Layanan Disabilitas adalah bagian dari satu","171.25","524.0779999999999","623.65","635.65","612.0","BCDGEE+BookmanOldStyle","12.0","347.66399999999993","306.0","0.0680784313725489","0.2798202614379085","0.5765163398692809","False","BATANG TUBUH",""
"5","institusi atau lembaga yang berfungsi sebagai penyedia","192.65","524.1500000000001","644.65","656.65","612.0","BCDGEE+BookmanOldStyle","12.0","358.40000000000003","306.0","0.0856209150326798","0.3147875816993464","0.5416666666666669","False","BATANG TUBUH",""
"5","layanan dan fasilitas untuk Penyandang Disabilitas.","192.65","500.98999999999995","665.8499999999999","677.8499999999999","612.0","BCDGEE+BookmanOldStyle","12.0","346.82","306.0","0.06669934640522875","0.3147875816993464","0.5038235294117646","False","BATANG TUBUH",""
"5","21. Pemberi Kerja adalah orang perseorangan, pengusaha,","171.25","523.982","687.05","699.05","612.0","BCDGEE+BookmanOldStyle","12.0","347.616","306.0","0.06799999999999998","0.2798202614379085","0.576359477124183","False","BATANG TUBUH",""
"5","badan hukum, atau badan lainnya yang","192.65","524.186","708.05","720.05","612.0","BCDGEE+BookmanOldStyle","12.0","358.418","306.0","0.08565032679738563","0.3147875816993464","0.5417254901960785","False","BATANG TUBUH",""
"5","mempekerjakan tenaga kerja dengan membayar upah","192.65","523.8739999999998","729.25","741.25","612.0","BCDGEE+BookmanOldStyle","12.0","358.2619999999999","306.0","0.08539542483660112","0.3147875816993464","0.5412156862745096","False","BATANG TUBUH",""
"5","atau imbalan dalam bentuk lain.","192.65","386.3179999999999","750.47","762.47","612.0","BCDGEE+BookmanOldStyle","12.0","289.484","306.0","0.026986928104575196","0.3147875816993464","0.31645098039215674","False","BATANG TUBUH",""
"5","22. Perencanaan adalah suatu proses untuk menentukan","171.25","523.994","771.48","783.48","612.0","BCDGEE+BookmanOldStyle","12.0","347.622","306.0","0.06800980392156865","0.2798202614379085","0.5763790849673203","False","BATANG TUBUH",""
"5","tindakan masa depan yang tepat, melalui urutan","192.65","524.3779999999999","792.67","804.67","612.0","BCDGEE+BookmanOldStyle","12.0","358.51399999999995","306.0","0.08580718954248358","0.3147875816993464","0.5420392156862744","False","BATANG TUBUH",""
"5","pilihan, dengan memperhitungkan sumber daya yang","192.65","524.0539999999999","813.87","825.87","612.0","BCDGEE+BookmanOldStyle","12.0","358.3519999999999","306.0","0.08554248366013059","0.3147875816993464","0.5415098039215684","False","BATANG TUBUH",""
"5","tersedia.","192.65","242.92000000000002","834.875","846.875","612.0","BCDGEE+BookmanOldStyle","12.0","217.78500000000003","306.0","0.14414215686274506","0.3147875816993464","0.08214052287581701","False","BATANG TUBUH",""
"6","6","302.3","309.74","23.300000000000068","35.30000000000007","612.0","BCDGEE+BookmanOldStyle","12.0","306.02","306.0","3.267973856206178e-05","0.4939542483660131","0.012156862745098036","False","BATANG TUBUH",""
"6","23. Penyelenggaraan adalah pelaksanaan terhadap","171.25","539.8340000000001","74.12","86.12","612.0","BCDGEE+BookmanOldStyle","12.0","355.54200000000003","306.0","0.08095098039215691","0.2798202614379085","0.6022614379084968","False","BATANG TUBUH",""
"6","Penghormatan, Pelindungan, dan Pemenuhan hak","192.65","540.1020000000001","92.12","104.12","612.0","BCDGEE+BookmanOldStyle","12.0","366.37600000000003","306.0","0.09865359477124189","0.3147875816993464","0.567732026143791","False","BATANG TUBUH",""
"6","penyandang Disabilitas berdasarkan pada rencana induk","192.65","539.8100000000002","110.12","122.12","612.0","BCDGEE+BookmanOldStyle","12.0","366.2300000000001","306.0","0.09841503267973868","0.3147875816993464","0.5672549019607847","False","BATANG TUBUH",""
"6","Penyandang Disabilitas, dan rencana aksi daerah","192.65","539.834","128.12","140.12","612.0","BCDGEE+BookmanOldStyle","12.0","366.24199999999996","306.0","0.09843464052287576","0.3147875816993464","0.5672941176470587","False","BATANG TUBUH",""
"6","penyandang Disabilitas.","192.65","334.406","146.12","158.12","612.0","BCDGEE+BookmanOldStyle","12.0","263.528","306.0","0.06939869281045748","0.3147875816993464","0.23162745098039217","False","BATANG TUBUH",""
"6","24. Rencana Aksi Daerah Penyandang Disabilitas adalah","171.25","540.3379999999996","164.1500000000001","176.1500000000001","612.0","BCDGEE+BookmanOldStyle","12.0","355.7939999999998","306.0","0.08136274509803891","0.2798202614379085","0.6030849673202608","False","BATANG TUBUH",""
"6","dokumen perencanaan dan penganggaran pembangunan","192.65","540.2059999999998","182.35000000000002","194.35000000000002","612.0","BCDGEE+BookmanOldStyle","12.0","366.4279999999999","306.0","0.09873856209150307","0.3147875816993464","0.5679019607843134","False","BATANG TUBUH",""
"6","terkait Penghormatan, Pelindungan, dan Pemenuhan hak","192.65","540.4699999999999","200.35000000000002","212.35000000000002","612.0","BCDGEE+BookmanOldStyle","12.0","366.55999999999995","306.0","0.09895424836601298","0.3147875816993464","0.5683333333333332","False","BATANG TUBUH",""
"6","Penyandang Disabilitas yang merupakan penjabaran","192.65","540.3739999999997","218.35000000000002","230.35000000000002","612.0","BCDGEE+BookmanOldStyle","12.0","366.51199999999983","306.0","0.09887581699346377","0.3147875816993464","0.5681764705882348","False","BATANG TUBUH",""
"6","rencana induk Penyandang Disabilitas di tingkat Daerah.","192.65","520.572","236.35000000000002","248.35000000000002","612.0","BCDGEE+BookmanOldStyle","12.0","356.611","306.0","0.08269771241830064","0.3147875816993464","0.5358202614379085","False","BATANG TUBUH",""
"6","25. Evaluasi adalah rangkaian kegiatan membandingkan","171.25","539.8939999999999","254.35000000000002","266.35","612.0","BCDGEE+BookmanOldStyle","12.0","355.57199999999995","306.0","0.0809999999999999","0.2798202614379085","0.6023594771241828","False","BATANG TUBUH",""
"6","antara target capaian rencana induk Penyandang","192.65","540.4019999999999","272.35","284.35","612.0","BCDGEE+BookmanOldStyle","12.0","366.52599999999995","306.0","0.09889869281045743","0.3147875816993464","0.5682222222222222","False","BATANG TUBUH",""
"6","Disabilitas dan Rencana Aksi Daeerah Penyandang","192.65","540.236","290.37","302.37","612.0","BCDGEE+BookmanOldStyle","12.0","366.443","306.0","0.09876307189542481","0.3147875816993464","0.5679509803921569","False","BATANG TUBUH",""
"6","Disabilitas Daerah dengan dokumen perencanaan dan","192.65","539.882","308.37","320.37","612.0","BCDGEE+BookmanOldStyle","12.0","366.26599999999996","306.0","0.09847385620915027","0.3147875816993464","0.5673725490196078","False","BATANG TUBUH",""
"6","penganggaran, serta pelaksanaan terhadap","192.65","540.3380000000001","326.37","338.37","612.0","BCDGEE+BookmanOldStyle","12.0","366.494","306.0","0.09884640522875822","0.3147875816993464","0.5681176470588237","False","BATANG TUBUH",""
"6","Penghormatan, Pelindungan, dan Pemenuhan hak","192.65","540.2","344.37","356.37","612.0","BCDGEE+BookmanOldStyle","12.0","366.425","306.0","0.09873366013071898","0.3147875816993464","0.5678921568627452","False","BATANG TUBUH",""
"6","Penyandang Disabilitas tingkat pusat dan tingkat daerah.","192.65","533.018","362.37","374.37","612.0","BCDGEE+BookmanOldStyle","12.0","362.834","306.0","0.09286601307189543","0.3147875816993464","0.5561568627450981","False","BATANG TUBUH",""
"6","Pasal 2","285.5","327.92","398.6","410.6","612.0","BCDGEE+BookmanOldStyle","12.0","306.71000000000004","306.0","0.0011601307189543079","0.4665032679738562","0.0693137254901961","False","BATANG TUBUH",""
"6","Pelaksanaan Penghormatan, Pelindungan, dan Pemenuhan","171.25","539.85","434.59999999999997","446.59999999999997","612.0","BCDGEE+BookmanOldStyle","12.0","355.55","306.0","0.08096405228758172","0.2798202614379085","0.6022875816993465","False","BATANG TUBUH",""
"6","hak Penyandang Disabilitas berasaskan:","171.25","410.734","452.59999999999997","464.59999999999997","612.0","BCDGEE+BookmanOldStyle","12.0","290.99199999999996","306.0","0.024522875816993528","0.2798202614379085","0.39131372549019605","False","BATANG TUBUH",""
"6","a. Penghormatan terhadap martabat;","171.25","396.61199999999997","470.59999999999997","482.59999999999997","612.0","BCDGEE+BookmanOldStyle","12.0","283.931","306.0","0.0360604575163399","0.2798202614379085","0.3682385620915032","False","BATANG TUBUH",""
"6","b. otonomi individu;","171.25","295.912","488.59999999999997","500.59999999999997","612.0","BCDGEE+BookmanOldStyle","12.0","233.581","306.0","0.11833169934640525","0.2798202614379085","0.20369607843137252","False","BATANG TUBUH",""
"6","c. tanpa Diskriminasi;","171.25","309.53999999999996","506.62","518.62","612.0","BCDGEE+BookmanOldStyle","12.0","240.39499999999998","306.0","0.10719771241830069","0.2798202614379085","0.22596405228758165","False","BATANG TUBUH",""
"6","d. partisipasi penuh;","171.25","299.834","524.62","536.62","612.0","BCDGEE+BookmanOldStyle","12.0","235.542","306.0","0.11512745098039215","0.2798202614379085","0.2101045751633987","False","BATANG TUBUH",""
"6","e. keragaman manusia dan kemanusiaan;","171.25","426.49399999999997","542.62","554.62","612.0","BCDGEE+BookmanOldStyle","12.0","298.87199999999996","306.0","0.01164705882352948","0.2798202614379085","0.41706535947712414","False","BATANG TUBUH",""
"6","f. Kesamaan Kesempatan;","171.25","334.14","560.62","572.62","612.0","BCDGEE+BookmanOldStyle","12.0","252.695","306.0","0.08709967320261439","0.2798202614379085","0.2661601307189542","False","BATANG TUBUH",""
"6","g. kesetaraan;","171.25","261.22999999999996","578.8199999999999","590.8199999999999","612.0","BCDGEE+BookmanOldStyle","12.0","216.23999999999998","306.0","0.1466666666666667","0.2798202614379085","0.1470261437908496","False","BATANG TUBUH",""
"6","h. Aksesibilitas;","171.25","270.32","596.8199999999999","608.8199999999999","612.0","BCDGEE+BookmanOldStyle","12.0","220.785","306.0","0.13924019607843138","0.2798202614379085","0.16187908496732026","False","BATANG TUBUH",""
"6","i. kapasitas yang terus berkembang dan identitas anak;","171.25","509.62999999999994","614.8199999999999","626.8199999999999","612.0","BCDGEE+BookmanOldStyle","12.0","340.43999999999994","306.0","0.05627450980392147","0.2798202614379085","0.552908496732026","False","BATANG TUBUH",""
"6","j. inklusif; dan","171.25","266.954","632.8499999999999","644.8499999999999","612.0","BCDGEE+BookmanOldStyle","12.0","219.102","306.0","0.14199019607843136","0.2798202614379085","0.15637908496732028","False","BATANG TUBUH",""
"6","k. perlakuan khusus dan Pelindungan lebih.","171.25","440.96999999999997","650.8499999999999","662.8499999999999","612.0","BCDGEE+BookmanOldStyle","12.0","306.11","306.0","0.00017973856209152557","0.2798202614379085","0.440718954248366","False","BATANG TUBUH",""
"6","Pasal 3","285.5","327.92","686.85","698.85","612.0","BCDGEE+BookmanOldStyle","12.0","306.71000000000004","306.0","0.0011601307189543079","0.4665032679738562","0.0693137254901961","False","BATANG TUBUH",""
"6","Pelaksanaan Penghormatan, Pelindungan, dan Pemenuhan","171.25","539.608","722.85","734.85","612.0","BCDGEE+BookmanOldStyle","12.0","355.429","306.0","0.080766339869281","0.2798202614379085","0.601892156862745","False","BATANG TUBUH",""
"6","hak Penyandang Disabilitas bertujuan untuk:","171.25","441.57","740.87","752.87","612.0","BCDGEE+BookmanOldStyle","12.0","306.40999999999997","306.0","0.0006699346405228238","0.2798202614379085","0.44169934640522873","False","BATANG TUBUH",""
"6","a. mewujudkan Penghormatan, pemajuan, Pelindungan,","171.25","540.342","758.87","770.87","612.0","BCDGEE+BookmanOldStyle","12.0","355.796","306.0","0.08136601307189541","0.2798202614379085","0.6030915032679738","False","BATANG TUBUH",""
"6","dan Pemenuhan hak serta kebebasan dasar Penyandang","192.65","540.038","777.0699999999999","789.0699999999999","612.0","BCDGEE+BookmanOldStyle","12.0","366.344","306.0","0.09860130718954248","0.3147875816993464","0.5676274509803922","False","BATANG TUBUH",""
"6","Disabilitas secara penuh dan setara;","192.65","408.316","795.0699999999999","807.0699999999999","612.0","BCDGEE+BookmanOldStyle","12.0","300.483","306.0","0.009014705882352935","0.3147875816993464","0.35239542483660125","False","BATANG TUBUH",""
"6","b. menjamin upaya Penghormatan, pemajuan, Pelindungan,","171.25","540.342","813.08","825.08","612.0","BCDGEE+BookmanOldStyle","12.0","355.796","306.0","0.08136601307189541","0.2798202614379085","0.6030915032679738","False","BATANG TUBUH",""
"6","dan Pemenuhan hak sebagai martabat yang melekat pada","192.65","539.8460000000001","831.075","843.075","612.0","BCDGEE+BookmanOldStyle","12.0","366.24800000000005","306.0","0.09844444444444451","0.3147875816993464","0.5673137254901963","False","BATANG TUBUH",""
"6","diri Penyandang Disabilitas;","192.65","358.00999999999993","849.075","861.075","612.0","BCDGEE+BookmanOldStyle","12.0","275.33","306.0","0.050114379084967346","0.3147875816993464","0.27019607843137244","False","BATANG TUBUH",""
"7","7","302.3","309.74","23.300000000000068","35.30000000000007","612.0","BCDGEE+BookmanOldStyle","12.0","306.02","306.0","3.267973856206178e-05","0.4939542483660131","0.012156862745098036","False","BATANG TUBUH",""
"7","c. mewujudkan taraf kehidupan Penyandang Disabilitas","171.25","539.8100000000001","74.12","86.12","612.0","BCDGEE+BookmanOldStyle","12.0","355.53000000000003","306.0","0.08093137254901965","0.2798202614379085","0.6022222222222223","False","BATANG TUBUH",""
"7","yang lebih berkualitas, adil, sejahtera lahir dan batin,","192.65","539.966","92.12","104.12","612.0","BCDGEE+BookmanOldStyle","12.0","366.308","306.0","0.0985424836601307","0.3147875816993464","0.5675098039215687","False","BATANG TUBUH",""
"7","mandiri, serta bermartabat;","192.65","356.138","110.12","122.12","612.0","BCDGEE+BookmanOldStyle","12.0","274.394","306.0","0.051643790849673195","0.3147875816993464","0.2671372549019607","False","BATANG TUBUH",""
"7","d. melindungi Penyandang Disabilitas dari penelantaran dan","171.25","540.0039999999999","128.12","140.12","612.0","BCDGEE+BookmanOldStyle","12.0","355.62699999999995","306.0","0.08108986928104567","0.2798202614379085","0.6025392156862743","False","BATANG TUBUH",""
"7","eksploitasi, pelecehan dan segala tindakan diskriminatif,","192.65","539.87","146.12","158.12","612.0","BCDGEE+BookmanOldStyle","12.0","366.26","306.0","0.09846405228758169","0.3147875816993464","0.5673529411764706","False","BATANG TUBUH",""
"7","serta pelanggaran hak asasi manusia; dan","192.65","443.038","164.1500000000001","176.1500000000001","612.0","BCDGEE+BookmanOldStyle","12.0","317.844","306.0","0.01935294117647058","0.3147875816993464","0.40913071895424835","False","BATANG TUBUH",""
"7","e. memastikan pelaksanaan upaya Penghormatan,","171.25","540.306","182.35000000000002","194.35000000000002","612.0","BCDGEE+BookmanOldStyle","12.0","355.778","306.0","0.08133660130718957","0.2798202614379085","0.6030326797385621","False","BATANG TUBUH",""
"7","pemajuan, Pelindungan, dan Pemenuhan hak","192.65","540.176","200.35000000000002","212.35000000000002","612.0","BCDGEE+BookmanOldStyle","12.0","366.413","306.0","0.09871405228758172","0.3147875816993464","0.5678529411764707","False","BATANG TUBUH",""
"7","Penyandang Disabilitas untuk mengembangkan diri serta","192.65","540.01","218.35000000000002","230.35000000000002","612.0","BCDGEE+BookmanOldStyle","12.0","366.33","306.0","0.098578431372549","0.3147875816993464","0.5675816993464052","False","BATANG TUBUH",""
"7","mendayagunakan seluruh kemampuan sesuai bakat dan","192.65","539.8459999999999","236.35000000000002","248.35000000000002","612.0","BCDGEE+BookmanOldStyle","12.0","366.24799999999993","306.0","0.09844444444444433","0.3147875816993464","0.567313725490196","False","BATANG TUBUH",""
"7","minat yang dimilikinya untuk menikmati, berperan serta","192.65","539.6779999999999","254.35000000000002","266.35","612.0","BCDGEE+BookmanOldStyle","12.0","366.16399999999993","306.0","0.09830718954248355","0.3147875816993464","0.5670392156862744","False","BATANG TUBUH",""
"7","berkontribusi secara optimal, aman, leluasa, dan","192.65","539.906","272.35","284.35","612.0","BCDGEE+BookmanOldStyle","12.0","366.27799999999996","306.0","0.09849346405228752","0.3147875816993464","0.5674117647058823","False","BATANG TUBUH",""
"7","bermartabat dalam segala aspek kehidupan berbangsa,","192.65","539.75","290.37","302.37","612.0","BCDGEE+BookmanOldStyle","12.0","366.2","306.0","0.09836601307189541","0.3147875816993464","0.567156862745098","False","BATANG TUBUH",""
"7","bernegara, dan bermasyarakat.","192.65","376.92199999999997","308.37","320.37","612.0","BCDGEE+BookmanOldStyle","12.0","284.786","306.0","0.03466339869281045","0.3147875816993464","0.30109803921568623","False","BATANG TUBUH",""
"7","BAB II","275.48","313.352","344.37","356.37","612.0","BCDGEE+BookmanOldStyle","12.0","294.416","306.0","0.018928104575163404","0.4501307189542484","0.0618823529411764","True","BATANG TUBUH",""
"7","RUANG LINGKUP","242.67","346.06199999999995","362.37","374.37","612.0","BCDGEE+BookmanOldStyle","12.0","294.366","306.0","0.01900980392156865","0.3965196078431372","0.16894117647058818","True","BATANG TUBUH",""
"7","Pasal 4","273.27","315.69","398.6","410.6","612.0","BCDGEE+BookmanOldStyle","12.0","294.48","306.0","0.018823529411764676","0.4465196078431372","0.0693137254901961","False","BATANG TUBUH",""
"7","Ruang lingkup Peraturan Daerah ini meliputi:","171.25","442.464","434.59999999999997","446.59999999999997","612.0","BCDGEE+BookmanOldStyle","12.0","306.85699999999997","306.0","0.0014003267973855733","0.2798202614379085","0.44316013071895427","False","BATANG TUBUH",""
"7","a. ragam Penyandang Disabilitas;","171.25","382.026","452.59999999999997","464.59999999999997","612.0","BCDGEE+BookmanOldStyle","12.0","276.63800000000003","306.0","0.04797712418300648","0.2798202614379085","0.34440522875817","False","BATANG TUBUH",""
"7","b. hak Penyandang Disabilitas;","171.25","367.63599999999997","470.59999999999997","482.59999999999997","612.0","BCDGEE+BookmanOldStyle","12.0","269.443","306.0","0.05973366013071898","0.2798202614379085","0.320892156862745","False","BATANG TUBUH",""
"7","c. pelaksanaan Penghormatan, Pelindungan, dan Pemenuhan","171.25","540.4799999999999","488.59999999999997","500.59999999999997","612.0","BCDGEE+BookmanOldStyle","12.0","355.86499999999995","306.0","0.08147875816993456","0.2798202614379085","0.6033169934640521","False","BATANG TUBUH",""
"7","hak Penyandang Disabilitas;","199.68","367.63599999999997","506.62","518.62","612.0","BCDGEE+BookmanOldStyle","12.0","283.658","306.0","0.036506535947712394","0.3262745098039216","0.27443790849673194","False","BATANG TUBUH",""
"7","d. koordinasi;","171.25","265.52","524.62","536.62","612.0","BCDGEE+BookmanOldStyle","12.0","218.385","306.0","0.14316176470588238","0.2798202614379085","0.15403594771241827","False","BATANG TUBUH",""
"7","e. pendanaan; dan","171.25","295.578","542.62","554.62","612.0","BCDGEE+BookmanOldStyle","12.0","233.414","306.0","0.11860457516339871","0.2798202614379085","0.20315032679738557","False","BATANG TUBUH",""
"7","f. penghargaan.","171.25","280.10999999999996","560.62","572.62","612.0","BCDGEE+BookmanOldStyle","12.0","225.67999999999998","306.0","0.1312418300653595","0.2798202614379085","0.17787581699346397","False","BATANG TUBUH",""
"7","BAB III","284.9","326.78","596.8199999999999","608.8199999999999","612.0","BCDGEE+BookmanOldStyle","12.0","305.84","306.0","0.00026143790849677287","0.4655228758169934","0.0684313725490196","True","BATANG TUBUH",""
"7","RAGAM PENYANDANG DISABILITAS","197.67","414.2699999999999","614.8199999999999","626.8199999999999","612.0","BCDGEE+BookmanOldStyle","12.0","305.96999999999997","306.0","4.9019607843185554e-05","0.3229901960784314","0.3539215686274509","True","BATANG TUBUH",""
"7","Pasal 5","284.7","327.12","650.8499999999999","662.8499999999999","612.0","BCDGEE+BookmanOldStyle","12.0","305.90999999999997","306.0","0.00014705882352946377","0.4651960784313725","0.0693137254901961","False","BATANG TUBUH",""
"7","(1) Ragam Penyandang Disabilitas meliputi:","171.25","430.92199999999997","686.85","698.85","612.0","BCDGEE+BookmanOldStyle","12.0","301.086","306.0","0.008029411764705861","0.2798202614379085","0.4243006535947712","False","BATANG TUBUH",""
"7","a. Penyandang Disabilitas fisik;","192.65","384.05199999999996","704.85","716.85","612.0","BCDGEE+BookmanOldStyle","12.0","288.351","306.0","0.028838235294117647","0.3147875816993464","0.3127483660130718","False","BATANG TUBUH",""
"7","b. Penyandang Disabilitas intelektual;","192.65","422.37999999999994","722.85","734.85","612.0","BCDGEE+BookmanOldStyle","12.0","307.515","306.0","0.002475490196078409","0.3147875816993464","0.37537581699346395","False","BATANG TUBUH",""
"7","c. Penyandang Disabilitas mental; dan/atau","192.65","460.06","740.87","752.87","612.0","BCDGEE+BookmanOldStyle","12.0","326.355","306.0","0.03325980392156866","0.3147875816993464","0.4369444444444444","False","BATANG TUBUH",""
"7","d. Penyandang Disabilitas sensorik.","192.65","409.036","758.87","770.87","612.0","BCDGEE+BookmanOldStyle","12.0","300.843","306.0","0.008426470588235264","0.3147875816993464","0.3535718954248366","False","BATANG TUBUH",""
"7","(2) Ragam Penyandang Disabilitas sebagaimana dimaksud","171.25","539.832","777.0699999999999","789.0699999999999","612.0","BCDGEE+BookmanOldStyle","12.0","355.541","306.0","0.08094934640522876","0.2798202614379085","0.6022581699346405","False","BATANG TUBUH",""
"7","pada ayat (1) dapat dialami secara tunggal, ganda, atau","192.65","539.4139999999998","795.0699999999999","807.0699999999999","612.0","BCDGEE+BookmanOldStyle","12.0","366.03199999999987","306.0","0.09809150326797364","0.3147875816993464","0.5666078431372545","False","BATANG TUBUH",""
"7","multi dalam jangka waktu lama yang ditetapkan oleh","192.65","539.642","813.08","825.08","612.0","BCDGEE+BookmanOldStyle","12.0","366.146","306.0","0.0982777777777778","0.3147875816993464","0.5669803921568629","False","BATANG TUBUH",""
"7","tenaga medis sesuai dengan ketentuan peraturan","192.65","539.6419999999998","831.075","843.075","612.0","BCDGEE+BookmanOldStyle","12.0","366.1459999999999","306.0","0.09827777777777762","0.3147875816993464","0.5669803921568625","False","BATANG TUBUH",""
"7","perundang-undangan.","192.65","325.03799999999995","849.075","861.075","612.0","BCDGEE+BookmanOldStyle","12.0","258.844","306.0","0.07705228758169935","0.3147875816993464","0.21632026143790842","False","BATANG TUBUH",""
"8","8","302.3","309.74","23.300000000000068","35.30000000000007","612.0","BCDGEE+BookmanOldStyle","12.0","306.02","306.0","3.267973856206178e-05","0.4939542483660131","0.012156862745098036","False","BATANG TUBUH",""
"8","BAB IV","284.9","326.9","74.12","86.12","612.0","BCDGEE+BookmanOldStyle","12.0","305.9","306.0","0.00016339869281049467","0.4655228758169934","0.06862745098039216","True","BATANG TUBUH",""
"8","HAK PENYANDANG DISABILITAS","207.08","404.28799999999995","92.53000000000009","104.53000000000009","612.0","BCDGEE+BookmanOldStyle","12.0","305.68399999999997","306.0","0.0005163398692810963","0.33836601307189546","0.32223529411764695","True","BATANG TUBUH",""
"8","Bagian Kesatu","263.27","348.566","129.12","141.12","612.0","BCDGEE+BookmanOldStyle","12.0","305.918","306.0","0.00013398692810456477","0.43017973856209146","0.13937254901960783","False","BATANG TUBUH",""
"8","Umum","285.9","325.94399999999996","147.32000000000005","159.32000000000005","612.0","BCDGEE+BookmanOldStyle","12.0","305.92199999999997","306.0","0.00012745098039220813","0.467156862745098","0.06543137254901958","False","BATANG TUBUH",""
"8","Pasal 6","284.7","327.12","183.95000000000005","195.95000000000005","612.0","BCDGEE+BookmanOldStyle","12.0","305.90999999999997","306.0","0.00014705882352946377","0.4651960784313725","0.0693137254901961","False","BATANG TUBUH",""
"8","(1) Penyandang Disabilitas memiliki hak:","171.25","414.98599999999993","220.55000000000007","232.55000000000007","612.0","BCDGEE+BookmanOldStyle","12.0","293.11799999999994","306.0","0.02104901960784324","0.2798202614379085","0.3982614379084966","False","BATANG TUBUH",""
"8","a. hidup;","192.65","252.304","238.95000000000005","250.95000000000005","612.0","BCDGEE+BookmanOldStyle","12.0","222.477","306.0","0.13647549019607844","0.3147875816993464","0.09747385620915032","False","BATANG TUBUH",""
"8","b. bebas dari stigma;","192.65","321.85599999999994","257.35","269.35","612.0","BCDGEE+BookmanOldStyle","12.0","257.253","306.0","0.07965196078431375","0.3147875816993464","0.21112091503267963","False","BATANG TUBUH",""
"8","c. privasi;","192.65","256.912","275.57000000000005","287.57000000000005","612.0","BCDGEE+BookmanOldStyle","12.0","224.781","306.0","0.1327107843137255","0.3147875816993464","0.10500326797385616","False","BATANG TUBUH",""
"8","d. keadilan dan Pelindungan hukum;","192.65","418.52","293.98","305.98","612.0","BCDGEE+BookmanOldStyle","12.0","305.585","306.0","0.0006781045751634321","0.3147875816993464","0.36906862745098035","False","BATANG TUBUH",""
"8","e. pendidikan;","192.65","283.70799999999997","312.1700000000001","324.1700000000001","612.0","BCDGEE+BookmanOldStyle","12.0","238.17899999999997","306.0","0.11081862745098044","0.3147875816993464","0.14878758169934636","False","BATANG TUBUH",""
"8","f. pekerjaan, kewirausahaan, dan koperasi;","192.65","456.97599999999994","330.57000000000005","342.57000000000005","612.0","BCDGEE+BookmanOldStyle","12.0","324.813","306.0","0.030740196078431353","0.3147875816993464","0.4319052287581698","False","BATANG TUBUH",""
"8","g. kesehatan;","192.65","278.272","348.7700000000001","360.7700000000001","612.0","BCDGEE+BookmanOldStyle","12.0","235.461","306.0","0.11525980392156861","0.3147875816993464","0.1399052287581699","False","BATANG TUBUH",""
"8","h. politik;","192.65","254.704","367.1700000000001","379.1700000000001","612.0","BCDGEE+BookmanOldStyle","12.0","223.67700000000002","306.0","0.1345147058823529","0.3147875816993464","0.10139542483660131","False","BATANG TUBUH",""
"8","i. keagamaan;","192.65","284.84799999999996","385.57000000000005","397.57000000000005","612.0","BCDGEE+BookmanOldStyle","12.0","238.74899999999997","306.0","0.10988725490196084","0.3147875816993464","0.15065032679738555","False","BATANG TUBUH",""
"8","j. keolahragaan;","192.65","297.23199999999997","403.80000000000007","415.80000000000007","612.0","BCDGEE+BookmanOldStyle","12.0","244.94099999999997","306.0","0.09976960784313729","0.3147875816993464","0.17088562091503262","False","BATANG TUBUH",""
"8","k. kebudayaan dan pariwisata;","192.65","380.57199999999995","422.20000000000005","434.2","612.0","BCDGEE+BookmanOldStyle","11.999999999999943","286.611","306.0","0.03168137254901962","0.3147875816993464","0.30706209150326785","False","BATANG TUBUH",""
"8","l. kesejahteraan sosial;","192.65","337.44399999999996","440.4","452.4","612.0","BCDGEE+BookmanOldStyle","12.0","265.04699999999997","306.0","0.06691666666666672","0.3147875816993464","0.2365915032679738","False","BATANG TUBUH",""
"8","m. Aksesibilitas;","192.65","291.53999999999996","458.8","470.8","612.0","BCDGEE+BookmanOldStyle","12.0","242.09499999999997","306.0","0.10441993464052292","0.3147875816993464","0.16158496732026137","False","BATANG TUBUH",""
"8","n. Pelayanan Publik;","192.65","319.73999999999995","477.0","489.0","612.0","BCDGEE+BookmanOldStyle","12.0","256.195","306.0","0.08138071895424838","0.3147875816993464","0.20766339869281036","False","BATANG TUBUH",""
"8","o. Pelindungan dari bencana;","192.65","372.092","495.4","507.4","612.0","BCDGEE+BookmanOldStyle","12.0","282.371","306.0","0.038609477124183035","0.3147875816993464","0.29320588235294115","False","BATANG TUBUH",""
"8","p. habilitasi dan rehabilitasi;","192.65","368.21199999999993","513.62","525.62","612.0","BCDGEE+BookmanOldStyle","12.0","280.431","306.0","0.04177941176470591","0.3147875816993464","0.2868660130718953","False","BATANG TUBUH",""
"8","q. Konsesi;","192.65","263.32","532.03","544.03","612.0","BCDGEE+BookmanOldStyle","12.0","227.985","306.0","0.1274754901960784","0.3147875816993464","0.11547385620915031","False","BATANG TUBUH",""
"8","r. pendataan;","192.65","280.252","550.4200000000001","562.4200000000001","612.0","BCDGEE+BookmanOldStyle","12.0","236.45100000000002","306.0","0.11364215686274506","0.3147875816993464","0.143140522875817","False","BATANG TUBUH",""
"8","s. hidup secara mandiri dan dilibatkan dalam","192.65","539.7159999999999","568.62","580.62","612.0","BCDGEE+BookmanOldStyle","12.0","366.18299999999994","306.0","0.09833823529411755","0.3147875816993464","0.5671013071895423","False","BATANG TUBUH",""
"8","masyarakat;","213.88","286.63599999999997","587.02","599.02","612.0","BCDGEE+BookmanOldStyle","12.0","250.25799999999998","306.0","0.09108169934640525","0.3494771241830065","0.11888235294117643","False","BATANG TUBUH",""
"8","t. berekspresi, berkomunikasi, dan memperoleh","192.65","539.848","605.23","617.23","612.0","BCDGEE+BookmanOldStyle","12.0","366.24899999999997","306.0","0.0984460784313725","0.3147875816993464","0.5673169934640523","False","BATANG TUBUH",""
"8","informasi;","213.88","273.08799999999997","623.65","635.65","612.0","BCDGEE+BookmanOldStyle","12.0","243.48399999999998","306.0","0.10215032679738566","0.3494771241830065","0.09674509803921563","False","BATANG TUBUH",""
"8","u. berpindah tempat dan kewarganegaraan; dan","192.65","482.466","641.8499999999999","653.8499999999999","612.0","BCDGEE+BookmanOldStyle","12.0","337.558","306.0","0.05156535947712417","0.3147875816993464","0.4735555555555556","False","BATANG TUBUH",""
"8","v. bebas dari tindakan Diskriminasi, penelantaran,","192.65","540.298","660.25","672.25","612.0","BCDGEE+BookmanOldStyle","12.0","366.474","306.0","0.09881372549019606","0.3147875816993464","0.5680522875816993","False","BATANG TUBUH",""
"8","penyiksaan, dan eksploitasi.","213.88","381.256","678.45","690.45","612.0","BCDGEE+BookmanOldStyle","12.0","297.568","306.0","0.013777777777777804","0.3494771241830065","0.27349019607843134","False","BATANG TUBUH",""
"8","(2) Selain hak Penyandang Disabilitas sebagaimana","171.25","539.606","696.85","708.85","612.0","BCDGEE+BookmanOldStyle","12.0","355.428","306.0","0.08076470588235293","0.2798202614379085","0.6018888888888889","False","BATANG TUBUH",""
"8","dimaksud pada ayat (1), perempuan dengan Disabilitas","192.65","540.17","715.25","727.25","612.0","BCDGEE+BookmanOldStyle","12.0","366.40999999999997","306.0","0.09870915032679733","0.3147875816993464","0.567843137254902","False","BATANG TUBUH",""
"8","memiliki hak:","192.65","273.07399999999996","733.45","745.45","612.0","BCDGEE+BookmanOldStyle","12.0","232.86199999999997","306.0","0.11950653594771248","0.3147875816993464","0.13141176470588228","False","BATANG TUBUH",""
"8","a. atas kesehatan reproduksi;","192.65","374.224","751.87","763.87","612.0","BCDGEE+BookmanOldStyle","12.0","283.437","306.0","0.03686764705882351","0.3147875816993464","0.2966895424836601","False","BATANG TUBUH",""
"8","b. menerima atau menolak penggunaan alat kontrasepsi;","192.65","535.7700000000001","770.0699999999999","782.0699999999999","612.0","BCDGEE+BookmanOldStyle","12.0","364.21000000000004","306.0","0.09511437908496738","0.3147875816993464","0.560653594771242","False","BATANG TUBUH",""
"8","c. mendapatkan Pelindungan lebih dari perlakuan","192.65","539.7639999999999","788.48","800.48","612.0","BCDGEE+BookmanOldStyle","12.0","366.20699999999994","306.0","0.09837745098039205","0.3147875816993464","0.5671797385620914","False","BATANG TUBUH",""
"8","Diskriminasi berlapis; dan","213.88","369.736","806.67","818.67","612.0","BCDGEE+BookmanOldStyle","12.000000000000014","291.808","306.0","0.023189542483660144","0.3494771241830065","0.25466666666666665","False","BATANG TUBUH",""
"8","d. untuk mendapatkan Pelindungan lebih dari tindak","192.65","539.8599999999999","825.08","837.08","612.0","BCDGEE+BookmanOldStyle","12.0","366.25499999999994","306.0","0.09845588235294107","0.3147875816993464","0.5673366013071894","False","BATANG TUBUH",""
"8","kekerasan, termasuk kekerasan dan eksploitasi seksual.","213.88","537.5439999999999","843.275","855.275","612.0","BCDGEE+BookmanOldStyle","12.0","375.71199999999993","306.0","0.11390849673202603","0.3494771241830065","0.528862745098039","False","BATANG TUBUH",""
"9","9","302.3","309.74","23.300000000000068","35.30000000000007","612.0","BCDGEE+BookmanOldStyle","12.0","306.02","306.0","3.267973856206178e-05","0.4939542483660131","0.012156862745098036","False","BATANG TUBUH",""
"9","(3) Selain hak Penyandang Disabilitas sebagaimana","171.25","539.606","74.12","86.12","612.0","BCDGEE+BookmanOldStyle","12.0","355.428","306.0","0.08076470588235293","0.2798202614379085","0.6018888888888889","False","BATANG TUBUH",""
"9","dimaksud pada ayat (1), anak Penyandang Disabilitas","192.65","539.826","92.53000000000009","104.53000000000009","612.0","BCDGEE+BookmanOldStyle","12.0","366.238","306.0","0.09842810457516339","0.3147875816993464","0.5672810457516341","False","BATANG TUBUH",""
"9","memiliki hak:","192.65","273.07399999999996","110.73000000000002","122.73000000000002","612.0","BCDGEE+BookmanOldStyle","12.0","232.86199999999997","306.0","0.11950653594771248","0.3147875816993464","0.13141176470588228","False","BATANG TUBUH",""
"9","a. mendapatkan Pelindungan khusus dari Diskriminasi,","192.65","539.5000000000001","129.12","141.12","612.0","BCDGEE+BookmanOldStyle","12.0","366.07500000000005","306.0","0.09816176470588242","0.3147875816993464","0.5667483660130721","False","BATANG TUBUH",""
"9","penelantaran, pelecehan, eksploitasi, serta kekerasan","213.88","539.584","147.32000000000005","159.32000000000005","612.0","BCDGEE+BookmanOldStyle","12.0","376.73199999999997","306.0","0.11557516339869277","0.3494771241830065","0.5321960784313725","False","BATANG TUBUH",""
"9","dan kejahatan seksual;","213.88","351.21999999999997","165.75","177.75","612.0","BCDGEE+BookmanOldStyle","12.0","282.54999999999995","306.0","0.03831699346405236","0.3494771241830065","0.2244117647058823","False","BATANG TUBUH",""
"9","b. mendapatkan perawatan dan pengasuhan keluarga","192.65","539.716","183.95000000000005","195.95000000000005","612.0","BCDGEE+BookmanOldStyle","12.0","366.183","306.0","0.09833823529411763","0.3147875816993464","0.5671013071895425","False","BATANG TUBUH",""
"9","atau keluarga pengganti untuk tumbuh kembang","213.88","540.052","202.35000000000002","214.35000000000002","612.0","BCDGEE+BookmanOldStyle","12.0","376.966","306.0","0.1159575163398693","0.3494771241830065","0.5329607843137255","False","BATANG TUBUH",""
"9","secara optimal;","213.88","303.46","220.55000000000007","232.55000000000007","612.0","BCDGEE+BookmanOldStyle","12.0","258.66999999999996","306.0","0.07733660130718961","0.3494771241830065","0.1463725490196078","False","BATANG TUBUH",""
"9","c. dilindungi kepentingannya dalam pengambilan","192.65","539.608","238.95000000000005","250.95000000000005","612.0","BCDGEE+BookmanOldStyle","12.0","366.12899999999996","306.0","0.09824999999999993","0.3147875816993464","0.5669248366013071","False","BATANG TUBUH",""
"9","keputusan;","213.88","280.864","257.35","269.35","612.0","BCDGEE+BookmanOldStyle","12.0","247.37199999999999","306.0","0.09579738562091505","0.3494771241830065","0.10945098039215682","False","BATANG TUBUH",""
"9","d. perlakuan anak secara manusiawi sesuai dengan","192.65","539.524","275.57000000000005","287.57000000000005","612.0","BCDGEE+BookmanOldStyle","12.0","366.087","306.0","0.0981813725490196","0.3147875816993464","0.5667875816993464","False","BATANG TUBUH",""
"9","martabat dan hak anak;","213.88","357.17199999999997","293.98","305.98","612.0","BCDGEE+BookmanOldStyle","12.0","285.52599999999995","306.0","0.03345424836601315","0.3494771241830065","0.23413725490196075","False","BATANG TUBUH",""
"9","e. Pemenuhan kebutuhan khusus;","192.65","404.64799999999997","312.1700000000001","324.1700000000001","612.0","BCDGEE+BookmanOldStyle","12.0","298.649","306.0","0.01201143790849673","0.3147875816993464","0.3464019607843137","False","BATANG TUBUH",""
"9","f. perlakuan yang sama dengan anak lain untuk mencapai","192.65","540.2439999999998","330.57000000000005","342.57000000000005","612.0","BCDGEE+BookmanOldStyle","12.0","366.4469999999999","306.0","0.09876960784313707","0.3147875816993464","0.5679640522875814","False","BATANG TUBUH",""
"9","integrasi sosial dan pengembangan individu; dan","213.88","503.034","348.7700000000001","360.7700000000001","612.0","BCDGEE+BookmanOldStyle","12.0","358.457","306.0","0.0857140522875817","0.3494771241830065","0.47247385620915033","False","BATANG TUBUH",""
"9","g. mendapatkan pendampingan sosial.","192.65","427.39599999999996","367.1700000000001","379.1700000000001","612.0","BCDGEE+BookmanOldStyle","12.0","310.02299999999997","306.0","0.0065735294117646535","0.3147875816993464","0.38357189542483655","False","BATANG TUBUH",""
"9","Bagian Kedua","264.88","346.792","403.80000000000007","415.80000000000007","612.0","BCDGEE+BookmanOldStyle","12.0","305.836","306.0","0.00026797385620912955","0.43281045751633984","0.13384313725490193","False","BATANG TUBUH",""
"9","Hak Hidup","273.88","337.9","422.20000000000005","434.2","612.0","BCDGEE+BookmanOldStyle","11.999999999999943","305.89","306.0","0.00017973856209152557","0.447516339869281","0.10460784313725487","False","BATANG TUBUH",""
"9","Pasal 7","284.7","327.12","458.8","470.8","612.0","BCDGEE+BookmanOldStyle","12.0","305.90999999999997","306.0","0.00014705882352946377","0.4651960784313725","0.0693137254901961","False","BATANG TUBUH",""
"9","Hak hidup untuk Penyandang Disabilitas meliputi hak:","171.25","497.91599999999994","495.4","507.4","612.0","BCDGEE+BookmanOldStyle","12.0","334.58299999999997","306.0","0.04670424836601302","0.2798202614379085","0.533767973856209","False","BATANG TUBUH",""
"9","a. atas Penghormatan integritas;","171.25","369.914","513.62","525.62","612.0","BCDGEE+BookmanOldStyle","12.0","270.582","306.0","0.05787254901960785","0.2798202614379085","0.3246143790849673","False","BATANG TUBUH",""
"9","b. tidak dirampas nyawanya;","171.25","348.15799999999996","532.03","544.03","612.0","BCDGEE+BookmanOldStyle","12.0","259.70399999999995","306.0","0.0756470588235295","0.2798202614379085","0.28906535947712414","False","BATANG TUBUH",""
"9","c. mendapatkan perawatan dan pengasuhan yang menjamin","171.25","539.594","550.4200000000001","562.4200000000001","612.0","BCDGEE+BookmanOldStyle","12.0","355.422","306.0","0.08075490196078436","0.2798202614379085","0.6018692810457518","False","BATANG TUBUH",""
"9","kelangsungan hidupnya;","192.65","338.70399999999995","568.62","580.62","612.0","BCDGEE+BookmanOldStyle","12.0","265.67699999999996","306.0","0.06588725490196085","0.3147875816993464","0.23865032679738554","False","BATANG TUBUH",""
"9","d. bebas dari penelantaran, pemasungan, pengurungan, dan","171.25","539.6659999999999","587.02","599.02","612.0","BCDGEE+BookmanOldStyle","12.0","355.45799999999997","306.0","0.08081372549019603","0.2798202614379085","0.6019869281045751","False","BATANG TUBUH",""
"9","pengucilan;","192.65","261.05","605.23","617.23","612.0","BCDGEE+BookmanOldStyle","12.0","226.85000000000002","306.0","0.12933006535947708","0.3147875816993464","0.11176470588235295","False","BATANG TUBUH",""
"9","e. bebas dari ancaman dan berbagai bentuk eksploitasi; dan","171.25","534.386","623.65","635.65","612.0","BCDGEE+BookmanOldStyle","12.0","352.818","306.0","0.07649999999999997","0.2798202614379085","0.5933594771241829","False","BATANG TUBUH",""
"9","f. bebas dari penyiksaan, perlakuan dan penghukuman lain","171.25","539.8820000000001","641.8499999999999","653.8499999999999","612.0","BCDGEE+BookmanOldStyle","12.0","355.56600000000003","306.0","0.08099019607843143","0.2798202614379085","0.6023398692810459","False","BATANG TUBUH",""
"9","yang kejam, tidak manusiawi, dan merendahkan martabat","192.65","539.8219999999999","660.25","672.25","612.0","BCDGEE+BookmanOldStyle","12.0","366.23599999999993","306.0","0.09842483660130708","0.3147875816993464","0.5672745098039215","False","BATANG TUBUH",""
"9","manusia.","192.65","247.63400000000001","678.45","690.45","612.0","BCDGEE+BookmanOldStyle","12.0","220.142","306.0","0.14029084967320263","0.3147875816993464","0.08984313725490198","False","BATANG TUBUH",""
"9","Bagian Ketiga","265.48","346.44800000000004","715.25","727.25","612.0","BCDGEE+BookmanOldStyle","12.0","305.96400000000006","306.0","5.8823529411674055e-05","0.43379084967320264","0.13230065359477128","False","BATANG TUBUH",""
"9","Hak Bebas dari Stigma","238.28","373.388","733.45","745.45","612.0","BCDGEE+BookmanOldStyle","12.0","305.834","306.0","0.00027124183006535426","0.3893464052287582","0.2207647058823529","False","BATANG TUBUH",""
"9","Pasal 8","284.7","327.12","770.0699999999999","782.0699999999999","612.0","BCDGEE+BookmanOldStyle","12.0","305.90999999999997","306.0","0.00014705882352946377","0.4651960784313725","0.0693137254901961","False","BATANG TUBUH",""
"9","Hak bebas dari stigma untuk Penyandang Disabilitas meliputi","171.25","539.2540000000001","806.67","818.67","612.0","BCDGEE+BookmanOldStyle","12.000000000000014","355.25200000000007","306.0","0.08047712418300665","0.2798202614379085","0.6013137254901963","False","BATANG TUBUH",""
"9","hak bebas dari pelecehan, penghinaan, dan pelabelan negatif","171.25","539.41","825.08","837.08","612.0","BCDGEE+BookmanOldStyle","12.0","355.33","306.0","0.08060457516339867","0.2798202614379085","0.6015686274509804","False","BATANG TUBUH",""
"9","terkait kondisi disabilitasnya.","171.25","345.7899999999999","843.275","855.275","612.0","BCDGEE+BookmanOldStyle","12.0","258.52","306.0","0.07758169934640526","0.2798202614379085","0.2851960784313724","False","BATANG TUBUH",""
"10","10","298.7","313.53999999999996","23.300000000000068","35.30000000000007","612.0","BCDGEE+BookmanOldStyle","12.0","306.12","306.0","0.00019607843137255644","0.4880718954248366","0.024248366013071853","False","BATANG TUBUH",""
"10","Bagian Keempat","257.88","353.592","74.12","86.12","612.0","BCDGEE+BookmanOldStyle","12.0","305.736","306.0","0.0004313725490196242","0.42137254901960786","0.15639215686274507","False","BATANG TUBUH",""
"10","Hak Privasi","272.27","339.254","93.53000000000009","105.53000000000009","612.0","BCDGEE+BookmanOldStyle","12.0","305.762","306.0","0.00038888888888888816","0.44488562091503264","0.10945098039215692","False","BATANG TUBUH",""
"10","Pasal 9","284.7","327.12","132.32000000000005","144.32000000000005","612.0","BCDGEE+BookmanOldStyle","12.0","305.90999999999997","306.0","0.00014705882352946377","0.4651960784313725","0.0693137254901961","False","BATANG TUBUH",""
"10","Hak privasi untuk Penyandang Disabilitas meliputi hak:","171.25","502.71599999999995","171.35000000000002","183.35000000000002","612.0","BCDGEE+BookmanOldStyle","12.0","336.98299999999995","306.0","0.05062581699346397","0.2798202614379085","0.541611111111111","False","BATANG TUBUH",""
"10","a. diakui sebagai manusia pribadi yang dapat menuntut dan","171.25","539.642","190.75","202.75","612.0","BCDGEE+BookmanOldStyle","12.0","355.446","306.0","0.08079411764705886","0.2798202614379085","0.6019477124183007","False","BATANG TUBUH",""
"10","memperoleh perlakuan serta Pelindungan yang sama","192.65","539.726","210.1500000000001","222.1500000000001","612.0","BCDGEE+BookmanOldStyle","12.0","366.188","306.0","0.09834640522875815","0.3147875816993464","0.5671176470588236","False","BATANG TUBUH",""
"10","sesuai dengan martabat manusia di depan umum;","192.65","490.478","229.55000000000007","241.55000000000007","612.0","BCDGEE+BookmanOldStyle","12.0","341.564","306.0","0.05811111111111115","0.3147875816993464","0.4866470588235294","False","BATANG TUBUH",""
"10","b. membentuk sebuah keluarga dan melanjutkan keturunan","171.25","539.63","248.95000000000005","260.95000000000005","612.0","BCDGEE+BookmanOldStyle","12.0","355.44","306.0","0.08078431372549019","0.2798202614379085","0.6019281045751634","False","BATANG TUBUH",""
"10","melalui perkawinan yang sah;","192.65","369.53999999999996","268.35","280.35","612.0","BCDGEE+BookmanOldStyle","12.0","281.09499999999997","306.0","0.04069444444444449","0.3147875816993464","0.28903594771241825","False","BATANG TUBUH",""
"10","c. Penghormatan rumah dan keluarga;","171.25","406.63199999999995","287.7800000000001","299.7800000000001","612.0","BCDGEE+BookmanOldStyle","12.0","288.941","306.0","0.02787418300653599","0.2798202614379085","0.384611111111111","False","BATANG TUBUH",""
"10","d. mendapat Pelindungan terhadap kehidupan pribadi dan","171.25","539.6899999999998","307.37","319.37","612.0","BCDGEE+BookmanOldStyle","12.0","355.4699999999999","306.0","0.08083333333333319","0.2798202614379085","0.6020261437908494","False","BATANG TUBUH",""
"10","keluarga; dan","192.65","273.518","326.7800000000001","338.7800000000001","612.0","BCDGEE+BookmanOldStyle","12.0","233.084","306.0","0.11914379084967319","0.3147875816993464","0.13213725490196074","False","BATANG TUBUH",""
"10","e. dilindungi kerahasiaan atas data pribadi, surat-menyurat,","171.25","540.014","346.1700000000001","358.1700000000001","612.0","BCDGEE+BookmanOldStyle","12.0","355.632","306.0","0.08109803921568629","0.2798202614379085","0.6025555555555556","False","BATANG TUBUH",""
"10","dan bentuk komunikasi pribadi lainnya, termasuk data","192.65","539.486","365.57000000000005","377.57000000000005","612.0","BCDGEE+BookmanOldStyle","12.0","366.068","306.0","0.0981503267973856","0.3147875816993464","0.5667254901960784","False","BATANG TUBUH",""
"10","dan informasi kesehatan.","192.65","342.39799999999997","384.98","396.98","612.0","BCDGEE+BookmanOldStyle","12.0","267.524","306.0","0.06286928104575164","0.3147875816993464","0.24468627450980385","False","BATANG TUBUH",""
"10","Bagian Kelima","263.48","348.2","423.80000000000007","435.8","612.0","BCDGEE+BookmanOldStyle","11.999999999999943","305.84000000000003","306.0","0.00026143790849668","0.4305228758169935","0.13843137254901955","False","BATANG TUBUH",""
"10","Hak Keadilan dan Pelindungan Hukum","190.25","421.602","443.4","455.4","612.0","BCDGEE+BookmanOldStyle","12.0","305.926","306.0","0.00012091503267975863","0.31086601307189543","0.37802614379084964","False","BATANG TUBUH",""
"10","Pasal 10","280.9","330.724","482.2","494.2","612.0","BCDGEE+BookmanOldStyle","12.0","305.812","306.0","0.00030718954248364083","0.45898692810457514","0.08141176470588238","False","BATANG TUBUH",""
"10","Hak keadilan dan pelindungan hukum untuk Penyandang","171.25","539.846","521.03","533.03","612.0","BCDGEE+BookmanOldStyle","12.0","355.548","306.0","0.0809607843137255","0.2798202614379085","0.602281045751634","False","BATANG TUBUH",""
"10","Disabilitas meliputi hak:","171.25","315.81399999999996","540.4200000000001","552.4200000000001","612.0","BCDGEE+BookmanOldStyle","12.0","243.53199999999998","306.0","0.10207189542483663","0.2798202614379085","0.23621568627450976","False","BATANG TUBUH",""
"10","a. atas perlakuan yang sama di hadapan hukum;","171.25","469.07","559.8199999999999","571.8199999999999","612.0","BCDGEE+BookmanOldStyle","12.0","320.15999999999997","306.0","0.02313725490196073","0.2798202614379085","0.48663398692810456","False","BATANG TUBUH",""
"10","b. diakui sebagai subjek hukum;","171.25","370.9939999999999","579.23","591.23","612.0","BCDGEE+BookmanOldStyle","12.0","271.12199999999996","306.0","0.05699019607843144","0.2798202614379085","0.3263790849673201","False","BATANG TUBUH",""
"10","c. memiliki dan mewarisi harta bergerak atau tidak bergerak;","171.25","539.4259999999999","598.8199999999999","610.8199999999999","612.0","BCDGEE+BookmanOldStyle","12.0","355.33799999999997","306.0","0.08061764705882347","0.2798202614379085","0.6015947712418299","False","BATANG TUBUH",""
"10","d. mengendalikan masalah keuangan atau menunjuk orang","171.25","540.028","618.22","630.22","612.0","BCDGEE+BookmanOldStyle","12.0","355.639","306.0","0.08110947712418302","0.2798202614379085","0.6025784313725491","False","BATANG TUBUH",""
"10","untuk mewakili kepentingannya dalam urusan keuangan;","192.65","535.01","637.65","649.65","612.0","BCDGEE+BookmanOldStyle","12.0","363.83","306.0","0.09449346405228756","0.3147875816993464","0.5594117647058824","False","BATANG TUBUH",""
"10","e. memperoleh akses terhadap pelayanan jasa perbankan","171.25","539.8459999999999","657.05","669.05","612.0","BCDGEE+BookmanOldStyle","12.0","355.54799999999994","306.0","0.0809607843137254","0.2798202614379085","0.6022810457516338","False","BATANG TUBUH",""
"10","dan nonperbankan;","192.65","309.01399999999995","676.45","688.45","612.0","BCDGEE+BookmanOldStyle","12.0","250.832","306.0","0.09014379084967321","0.3147875816993464","0.1901372549019607","False","BATANG TUBUH",""
"10","f. memperoleh penyediaan Aksesibilitas dalam pelayanan","171.25","539.93","695.85","707.85","612.0","BCDGEE+BookmanOldStyle","12.0","355.59","306.0","0.08102941176470584","0.2798202614379085","0.6024183006535947","False","BATANG TUBUH",""
"10","peradilan;","192.65","251.85800000000003","715.25","727.25","612.0","BCDGEE+BookmanOldStyle","12.0","222.25400000000002","306.0","0.13683986928104572","0.3147875816993464","0.09674509803921573","False","BATANG TUBUH",""
"10","g. atas Pelindungan dari segala tekanan, kekerasan,","171.25","540.246","734.85","746.85","612.0","BCDGEE+BookmanOldStyle","12.0","355.748","306.0","0.08128758169934638","0.2798202614379085","0.6029346405228758","False","BATANG TUBUH",""
"10","penganiayaan, Diskriminasi, dan/atau perampasan atau","192.65","539.9179999999998","754.28","766.28","612.0","BCDGEE+BookmanOldStyle","12.0","366.2839999999999","306.0","0.09850326797385602","0.3147875816993464","0.5674313725490193","False","BATANG TUBUH",""
"10","pengambilalihan hak milik;","192.65","353.80999999999995","773.67","785.67","612.0","BCDGEE+BookmanOldStyle","12.0","273.22999999999996","306.0","0.05354575163398699","0.3147875816993464","0.26333333333333325","False","BATANG TUBUH",""
"10","h. memilih dan menunjuk orang untuk mewakili","171.25","540.0000000000001","793.0699999999999","805.0699999999999","612.0","BCDGEE+BookmanOldStyle","12.0","355.62500000000006","306.0","0.08108660130718963","0.2798202614379085","0.6025326797385623","False","BATANG TUBUH",""
"10","kepentingannya dalam hal keperdataan di dalam dan di","192.65","539.918","812.48","824.48","612.0","BCDGEE+BookmanOldStyle","12.0","366.284","306.0","0.0985032679738562","0.3147875816993464","0.5674313725490197","False","BATANG TUBUH",""
"10","luar pengadilan; dan","192.65","314.894","831.875","843.875","612.0","BCDGEE+BookmanOldStyle","12.0","253.772","306.0","0.08533986928104577","0.3147875816993464","0.1997450980392157","False","BATANG TUBUH",""
"10","i. dilindungi hak kekayaan intelektualnya.","171.25","430.95","851.3","863.3","612.0","BCDGEE+BookmanOldStyle","12.0","301.1","306.0","0.008006535947712381","0.2798202614379085","0.42434640522875816","False","BATANG TUBUH",""
"11","11","298.7","313.53999999999996","23.300000000000068","35.30000000000007","612.0","BCDGEE+BookmanOldStyle","12.0","306.12","306.0","0.00019607843137255644","0.4880718954248366","0.024248366013071853","False","BATANG TUBUH",""
"11","Bagian Keenam","260.08","351.904","74.12","86.12","612.0","BCDGEE+BookmanOldStyle","12.0","305.99199999999996","306.0","1.3071895424899018e-05","0.4249673202614379","0.15003921568627454","False","BATANG TUBUH",""
"11","Hak Pendidikan","259.08","352.78799999999995","93.32000000000005","105.32000000000005","612.0","BCDGEE+BookmanOldStyle","12.0","305.93399999999997","306.0","0.00010784313725495248","0.4233333333333333","0.15311764705882347","False","BATANG TUBUH",""
"11","Pasal 11","281.1","330.92400000000004","131.5300000000001","143.5300000000001","612.0","BCDGEE+BookmanOldStyle","12.0","306.01200000000006","306.0","1.9607843137348527e-05","0.4593137254901961","0.08141176470588238","False","BATANG TUBUH",""
"11","Hak pendidikan untuk Penyandang Disabilitas meliputi hak:","171.25","529.102","169.75","181.75","612.0","BCDGEE+BookmanOldStyle","12.0","350.176","306.0","0.0721830065359477","0.2798202614379085","0.5847254901960784","False","BATANG TUBUH",""
"11","a. mendapatkan pendidikan yang bermutu pada satuan","171.25","539.6539999999999","188.95000000000005","200.95000000000005","612.0","BCDGEE+BookmanOldStyle","12.0","355.45199999999994","306.0","0.08080392156862735","0.2798202614379085","0.6019673202614377","False","BATANG TUBUH",""
"11","pendidikan di semua jenis, jalur, dan jenjang pendidikan","192.65","539.786","208.1500000000001","220.1500000000001","612.0","BCDGEE+BookmanOldStyle","12.0","366.21799999999996","306.0","0.09839542483660124","0.3147875816993464","0.5672156862745098","False","BATANG TUBUH",""
"11","secara inklusif dan khusus;","192.65","356.618","227.1500000000001","239.1500000000001","612.0","BCDGEE+BookmanOldStyle","12.0","274.634","306.0","0.05125163398692808","0.3147875816993464","0.267921568627451","False","BATANG TUBUH",""
"11","b. mempunyai Kesamaan Kesempatan untuk menjadi","171.25","539.806","246.35000000000002","258.35","612.0","BCDGEE+BookmanOldStyle","12.0","355.528","306.0","0.08092810457516343","0.2798202614379085","0.6022156862745098","False","BATANG TUBUH",""
"11","pendidik atau tenaga kependidikan pada satuan","192.65","539.7139999999998","265.55000000000007","277.55000000000007","612.0","BCDGEE+BookmanOldStyle","12.0","366.1819999999999","306.0","0.09833660130718938","0.3147875816993464","0.567098039215686","False","BATANG TUBUH",""
"11","pendidikan di semua jenis, jalur, dan jenjang pendidikan;","192.65","533.1500000000001","284.57000000000005","296.57000000000005","612.0","BCDGEE+BookmanOldStyle","12.0","362.90000000000003","306.0","0.09297385620915039","0.3147875816993464","0.556372549019608","False","BATANG TUBUH",""
"11","c. mempunyai Kesamaan Kesempatan sebagai penyelenggara","171.25","539.894","303.7700000000001","315.7700000000001","612.0","BCDGEE+BookmanOldStyle","12.0","355.572","306.0","0.081","0.2798202614379085","0.602359477124183","False","BATANG TUBUH",""
"11","pendidikan yang bermutu pada satuan pendidikan di","192.65","539.702","322.98","334.98","612.0","BCDGEE+BookmanOldStyle","12.0","366.176","306.0","0.09832679738562089","0.3147875816993464","0.5670784313725491","False","BATANG TUBUH",""
"11","semua jenis, jalur, dan jenjang pendidikan; dan","192.65","469.8","341.98","353.98","612.0","BCDGEE+BookmanOldStyle","12.0","331.225","306.0","0.04121732026143794","0.3147875816993464","0.45285947712418295","False","BATANG TUBUH",""
"11","d. mendapatkan Akomodasi yang Layak sebagai peserta didik.","171.25","533.5579999999998","361.1700000000001","373.1700000000001","612.0","BCDGEE+BookmanOldStyle","12.0","352.4039999999999","306.0","0.07582352941176451","0.2798202614379085","0.592006535947712","False","BATANG TUBUH",""
"11","Bagian Ketujuh","259.88","351.716","399.4000000000001","411.4000000000001","612.0","BCDGEE+BookmanOldStyle","12.0","305.798","306.0","0.0003300653594771212","0.424640522875817","0.15005882352941177","False","BATANG TUBUH",""
"11","Hak Pekerjaan, Kewirausahaan, dan Koperasi","170.85","440.49","418.6","430.59999999999997","612.0","BCDGEE+BookmanOldStyle","11.999999999999943","305.67","306.0","0.0005392156862744838","0.2791666666666667","0.4405882352941176","False","BATANG TUBUH",""
"11","Pasal 12","280.9","330.724","456.8","468.8","612.0","BCDGEE+BookmanOldStyle","12.0","305.812","306.0","0.00030718954248364083","0.45898692810457514","0.08141176470588238","False","BATANG TUBUH",""
"11","Hak pekerjaan, kewirausahaan, dan koperasi untuk","171.25","539.734","495.2","507.2","612.0","BCDGEE+BookmanOldStyle","12.0","355.492","306.0","0.08086928104575167","0.2798202614379085","0.6020980392156864","False","BATANG TUBUH",""
"11","Penyandang Disabilitas meliputi hak:","171.25","391.36599999999993","514.23","526.23","612.0","BCDGEE+BookmanOldStyle","12.0","281.308","306.0","0.04034640522875818","0.2798202614379085","0.3596666666666665","False","BATANG TUBUH",""
"11","a. memperoleh pekerjaan yang diselenggarakan oleh","171.25","539.728","533.4200000000001","545.4200000000001","612.0","BCDGEE+BookmanOldStyle","12.0","355.489","306.0","0.08086437908496728","0.2798202614379085","0.6020882352941176","False","BATANG TUBUH",""
"11","pemerintah, Pemerintah Daerah, atau swasta tanpa","192.65","539.5840000000001","552.62","564.62","612.0","BCDGEE+BookmanOldStyle","12.0","366.117","306.0","0.09823039215686277","0.3147875816993464","0.5668856209150328","False","BATANG TUBUH",""
"11","Diskriminasi;","192.65","271.66999999999996","571.63","583.63","612.0","BCDGEE+BookmanOldStyle","12.0","232.15999999999997","306.0","0.12065359477124188","0.3147875816993464","0.12911764705882345","False","BATANG TUBUH",""
"11","b. memperoleh upah yang sama dengan tenaga kerja yang","171.25","539.376","590.8199999999999","602.8199999999999","612.0","BCDGEE+BookmanOldStyle","12.0","355.313","306.0","0.0805767973856209","0.2798202614379085","0.6015130718954248","False","BATANG TUBUH",""
"11","bukan Penyandang Disabilitas dalam jenis pekerjaan dan","192.65","539.5219999999998","610.03","622.03","612.0","BCDGEE+BookmanOldStyle","12.0","366.0859999999999","306.0","0.09817973856209133","0.3147875816993464","0.56678431372549","False","BATANG TUBUH",""
"11","tanggung jawab yang sama;","192.65","356.31800000000004","629.05","641.05","612.0","BCDGEE+BookmanOldStyle","12.0","274.48400000000004","306.0","0.05149673202614373","0.3147875816993464","0.26743137254901966","False","BATANG TUBUH",""
"11","c. memperoleh Akomodasi yang Layak dalam pekerjaan;","171.25","509.74199999999996","648.25","660.25","612.0","BCDGEE+BookmanOldStyle","12.0","340.496","306.0","0.05636601307189539","0.2798202614379085","0.5530915032679737","False","BATANG TUBUH",""
"11","d. tidak diberhentikan karena alasan disabilitas;","171.25","464.19","667.45","679.45","612.0","BCDGEE+BookmanOldStyle","12.0","317.72","306.0","0.019150326797385667","0.2798202614379085","0.47866013071895425","False","BATANG TUBUH",""
"11","e. mendapatkan program kembali bekerja;","171.25","428.12600000000003","686.45","698.45","612.0","BCDGEE+BookmanOldStyle","12.0","299.688","306.0","0.010313725490196098","0.2798202614379085","0.4197320261437909","False","BATANG TUBUH",""
"11","f. penempatan kerja yang adil, proporsional, dan","171.25","539.5579999999999","705.65","717.65","612.0","BCDGEE+BookmanOldStyle","12.0","355.40399999999994","306.0","0.08072549019607833","0.2798202614379085","0.6018104575163397","False","BATANG TUBUH",""
"11","bermartabat;","192.65","269.21","724.85","736.85","612.0","BCDGEE+BookmanOldStyle","12.0","230.93","306.0","0.12266339869281044","0.3147875816993464","0.12509803921568624","False","BATANG TUBUH",""
"11","g. memperoleh kesempatan dalam mengembangkan jenjang","171.25","539.474","743.87","755.87","612.0","BCDGEE+BookmanOldStyle","12.0","355.362","306.0","0.08065686274509808","0.2798202614379085","0.6016732026143792","False","BATANG TUBUH",""
"11","karier serta segala hak normatif yang melekat di","192.65","539.3539999999999","763.0699999999999","775.0699999999999","612.0","BCDGEE+BookmanOldStyle","12.0","366.00199999999995","306.0","0.09804248366013064","0.3147875816993464","0.5665098039215686","False","BATANG TUBUH",""
"11","dalamnya; dan","192.65","280.148","782.27","794.27","612.0","BCDGEE+BookmanOldStyle","12.0","236.399","306.0","0.11372712418300654","0.3147875816993464","0.14297058823529415","False","BATANG TUBUH",""
"11","h. memajukan usaha, memiliki pekerjaan sendiri,","171.25","539.4620000000001","801.28","813.28","612.0","BCDGEE+BookmanOldStyle","12.0","355.35600000000005","306.0","0.0806470588235295","0.2798202614379085","0.601653594771242","False","BATANG TUBUH",""
"11","wiraswasta, pengembangan koperasi, dan memulai usaha","192.65","539.8820000000001","820.47","832.47","612.0","BCDGEE+BookmanOldStyle","12.0","366.266","306.0","0.09847385620915036","0.3147875816993464","0.567372549019608","False","BATANG TUBUH",""
"11","sendiri.","192.65","236.69000000000003","839.675","851.675","612.0","BCDGEE+BookmanOldStyle","12.0","214.67000000000002","306.0","0.14923202614379083","0.3147875816993464","0.07196078431372552","False","BATANG TUBUH",""
"12","12","298.7","313.53999999999996","23.300000000000068","35.30000000000007","612.0","BCDGEE+BookmanOldStyle","12.0","306.12","306.0","0.00019607843137255644","0.4880718954248366","0.024248366013071853","False","BATANG TUBUH",""
"12","Bagian Kedelapan","252.88","358.74399999999997","74.12","86.12","612.0","BCDGEE+BookmanOldStyle","12.0","305.812","306.0","0.00030718954248364083","0.41320261437908495","0.1729803921568627","False","BATANG TUBUH",""
"12","Hak Kesehatan","261.08","350.552","91.73000000000002","103.73000000000002","612.0","BCDGEE+BookmanOldStyle","12.0","305.81600000000003","306.0","0.0003006535947711913","0.4266013071895425","0.1461960784313726","False","BATANG TUBUH",""
"12","Pasal 13","280.9","330.724","126.92000000000007","138.92000000000007","612.0","BCDGEE+BookmanOldStyle","12.0","305.812","306.0","0.00030718954248364083","0.45898692810457514","0.08141176470588238","False","BATANG TUBUH",""
"12","Hak kesehatan untuk Penyandang Disabilitas meliputi hak:","171.25","523.6940000000001","162.1500000000001","174.1500000000001","612.0","BCDGEE+BookmanOldStyle","12.0","347.47200000000004","306.0","0.067764705882353","0.2798202614379085","0.575888888888889","False","BATANG TUBUH",""
"12","a. memperoleh informasi dan komunikasi yang mudah","171.25","539.602","179.75","191.75","612.0","BCDGEE+BookmanOldStyle","12.0","355.426","306.0","0.08076143790849671","0.2798202614379085","0.6018823529411764","False","BATANG TUBUH",""
"12","diakses dalam pelayanan kesehatan;","192.65","409.34599999999995","197.35000000000002","209.35000000000002","612.0","BCDGEE+BookmanOldStyle","12.0","300.998","306.0","0.0081732026143791","0.3147875816993464","0.3540784313725489","False","BATANG TUBUH",""
"12","b. memperoleh kesamaan dan kesempatan akses atas","171.25","539.6059999999999","214.95000000000005","226.95000000000005","612.0","BCDGEE+BookmanOldStyle","12.0","355.42799999999994","306.0","0.08076470588235285","0.2798202614379085","0.6018888888888887","False","BATANG TUBUH",""
"12","sumber daya di bidang kesehatan;","192.65","395.56999999999994","232.55000000000007","244.55000000000007","612.0","BCDGEE+BookmanOldStyle","12.0","294.10999999999996","306.0","0.01942810457516347","0.3147875816993464","0.33156862745098026","False","BATANG TUBUH",""
"12","c. memperoleh kesamaan dan kesempatan pelayanan","171.25","539.5459999999999","250.1500000000001","262.1500000000001","612.0","BCDGEE+BookmanOldStyle","12.0","355.39799999999997","306.0","0.08071568627450976","0.2798202614379085","0.6017908496732025","False","BATANG TUBUH",""
"12","kesehatan yang aman, bermutu, dan terjangkau;","192.65","481.63400000000007","267.75","279.75","612.0","BCDGEE+BookmanOldStyle","12.0","337.14200000000005","306.0","0.050885620915032764","0.3147875816993464","0.4721960784313726","False","BATANG TUBUH",""
"12","d. memperoleh kesamaan dan kesempatan secara mandiri","171.25","539.722","285.37","297.37","612.0","BCDGEE+BookmanOldStyle","12.0","355.486","306.0","0.080859477124183","0.2798202614379085","0.602078431372549","False","BATANG TUBUH",""
"12","dan bertanggung jawab menentukan sendiri pelayanan","192.65","539.438","302.98","314.98","612.0","BCDGEE+BookmanOldStyle","12.0","366.044","306.0","0.09811111111111108","0.3147875816993464","0.5666470588235294","False","BATANG TUBUH",""
"12","kesehatan yang diperlukan bagi dirinya;","192.65","429.7459999999999","320.7700000000001","332.7700000000001","612.0","BCDGEE+BookmanOldStyle","12.0","311.198","306.0","0.008493464052287547","0.3147875816993464","0.38741176470588223","False","BATANG TUBUH",""
"12","e. memperoleh Alat Bantu Kesehatan berdasarkan","171.25","539.4979999999998","338.37","350.37","612.0","BCDGEE+BookmanOldStyle","12.0","355.3739999999999","306.0","0.08067647058823514","0.2798202614379085","0.6017124183006533","False","BATANG TUBUH",""
"12","kebutuhannya;","192.65","282.794","355.98","367.98","612.0","BCDGEE+BookmanOldStyle","12.0","237.72199999999998","306.0","0.11156535947712422","0.3147875816993464","0.1472941176470588","False","BATANG TUBUH",""
"12","f. memperoleh obat yang bermutu dengan efek samping","171.25","539.678","373.57000000000005","385.57000000000005","612.0","BCDGEE+BookmanOldStyle","12.0","355.464","306.0","0.0808235294117647","0.2798202614379085","0.6020065359477124","False","BATANG TUBUH",""
"12","yang rendah;","192.65","269.834","391.20000000000005","403.20000000000005","612.0","BCDGEE+BookmanOldStyle","12.0","231.24200000000002","306.0","0.1221535947712418","0.3147875816993464","0.12611764705882353","False","BATANG TUBUH",""
"12","g. memperoleh Pelindungan dari upaya percobaan medis; dan","171.25","532.4739999999999","408.80000000000007","420.80000000000007","612.0","BCDGEE+BookmanOldStyle","12.0","351.86199999999997","306.0","0.07493790849673197","0.2798202614379085","0.590235294117647","False","BATANG TUBUH",""
"12","h. memperoleh Pelindungan dalam penelitian dan","171.25","539.6519999999999","426.4","438.4","612.0","BCDGEE+BookmanOldStyle","12.0","355.45099999999996","306.0","0.08080228758169929","0.2798202614379085","0.6019640522875815","False","BATANG TUBUH",""
"12","pengembangan kesehatan yang mengikutsertakan","192.65","539.51","444.0","456.0","612.0","BCDGEE+BookmanOldStyle","12.0","366.08","306.0","0.09816993464052284","0.3147875816993464","0.566764705882353","False","BATANG TUBUH",""
"12","manusia sebagai subjek.","192.65","338.018","461.59999999999997","473.59999999999997","612.0","BCDGEE+BookmanOldStyle","12.0","265.334","306.0","0.06644771241830065","0.3147875816993464","0.23752941176470582","False","BATANG TUBUH",""
"12","Bagian Kesembilan","249.48","362.14799999999997","496.8","508.8","612.0","BCDGEE+BookmanOldStyle","12.0","305.81399999999996","306.0","0.0003039215686275089","0.4076470588235294","0.18409803921568624","False","BATANG TUBUH",""
"12","Hak Politik","273.48","338.29200000000003","514.4200000000001","526.4200000000001","612.0","BCDGEE+BookmanOldStyle","12.0","305.886","306.0","0.0001862745098038822","0.44686274509803925","0.10590196078431374","False","BATANG TUBUH",""
"12","Pasal 14","280.9","330.724","549.62","561.62","612.0","BCDGEE+BookmanOldStyle","12.0","305.812","306.0","0.00030718954248364083","0.45898692810457514","0.08141176470588238","False","BATANG TUBUH",""
"12","Hak politik untuk Penyandang Disabilitas meliputi hak:","171.25","500.26399999999995","584.8199999999999","596.8199999999999","612.0","BCDGEE+BookmanOldStyle","12.0","335.75699999999995","306.0","0.04862254901960776","0.2798202614379085","0.5376045751633987","False","BATANG TUBUH",""
"12","a. memilih dan dipilih dalam jabatan publik;","171.25","440.87199999999996","602.4200000000001","614.4200000000001","612.0","BCDGEE+BookmanOldStyle","12.0","306.061","306.0","9.967320261434416e-05","0.2798202614379085","0.44055882352941167","False","BATANG TUBUH",""
"12","b. menyalurkan aspirasi politik baik tertulis maupun lisan;","171.25","526.8380000000001","620.03","632.03","612.0","BCDGEE+BookmanOldStyle","12.0","349.04400000000004","306.0","0.0703333333333334","0.2798202614379085","0.5810261437908498","False","BATANG TUBUH",""
"12","c. memilih partai politik dan/atau individu yang menjadi","171.25","539.75","637.65","649.65","612.0","BCDGEE+BookmanOldStyle","12.0","355.5","306.0","0.08088235294117647","0.2798202614379085","0.6021241830065359","False","BATANG TUBUH",""
"12","peserta dalam pemilihan umum;","192.65","384.3619999999999","655.25","667.25","612.0","BCDGEE+BookmanOldStyle","12.0","288.506","306.0","0.028584967320261483","0.3147875816993464","0.31325490196078415","False","BATANG TUBUH",""
"12","d. membentuk, menjadi anggota, dan/atau pengurus","171.25","539.9780000000001","672.85","684.85","612.0","BCDGEE+BookmanOldStyle","11.999999999999972","355.61400000000003","306.0","0.08106862745098045","0.2798202614379085","0.6024967320261438","False","BATANG TUBUH",""
"12","organisasi masyarakat dan/atau partai politik;","192.65","468.62600000000003","690.45","702.45","612.0","BCDGEE+BookmanOldStyle","12.0","330.63800000000003","306.0","0.04025816993464058","0.3147875816993464","0.45094117647058823","False","BATANG TUBUH",""
"12","e. membentuk dan bergabung dalam organisasi Penyandang","171.25","539.884","708.05","720.05","612.0","BCDGEE+BookmanOldStyle","12.0","355.567","306.0","0.08099183006535948","0.2798202614379085","0.602343137254902","False","BATANG TUBUH",""
"12","Disabilitas dan untuk mewakili Penyandang Disabilitas","192.65","540.15","725.65","737.65","612.0","BCDGEE+BookmanOldStyle","12.0","366.4","306.0","0.09869281045751631","0.3147875816993464","0.5678104575163399","False","BATANG TUBUH",""
"12","pada tingkat lokal, nasional, dan internasional;","192.65","471.99999999999994","743.28","755.28","612.0","BCDGEE+BookmanOldStyle","12.0","332.325","306.0","0.04301470588235292","0.3147875816993464","0.45645424836601295","False","BATANG TUBUH",""
"12","f. berperan serta secara aktif dalam sistem pemilihan umum","171.25","539.8340000000002","760.87","772.87","612.0","BCDGEE+BookmanOldStyle","12.0","355.5420000000001","306.0","0.08095098039215701","0.2798202614379085","0.6022614379084971","False","BATANG TUBUH",""
"12","pada semua tahap dan/atau bagian penyelenggaraannya;","192.65","532.802","778.48","790.48","612.0","BCDGEE+BookmanOldStyle","12.0","362.726","306.0","0.09268954248366013","0.3147875816993464","0.5558039215686276","False","BATANG TUBUH",""
"12","g. memperoleh Aksesibilitas pada sarana dan prasarana","171.25","539.93","796.27","808.27","612.0","BCDGEE+BookmanOldStyle","12.000000000000014","355.59","306.0","0.08102941176470584","0.2798202614379085","0.6024183006535947","False","BATANG TUBUH",""
"12","penyelenggaraan pemilihan umum, pemilihan gubernur,","192.65","540.22","813.87","825.87","612.0","BCDGEE+BookmanOldStyle","12.0","366.435","306.0","0.09875","0.3147875816993464","0.5679248366013073","False","BATANG TUBUH",""
"12","Bupati, dan pemilihan kepala desa; dan","192.65","427.846","831.475","843.475","612.0","BCDGEE+BookmanOldStyle","12.0","310.248","306.0","0.00694117647058822","0.3147875816993464","0.38430718954248366","False","BATANG TUBUH",""
"12","h. memperoleh pendidikan politik.","171.25","379.23799999999994","849.075","861.075","612.0","BCDGEE+BookmanOldStyle","12.0","275.24399999999997","306.0","0.05025490196078436","0.2798202614379085","0.3398496732026143","False","BATANG TUBUH",""
"13","13","298.7","313.53999999999996","23.300000000000068","35.30000000000007","612.0","BCDGEE+BookmanOldStyle","12.0","306.12","306.0","0.00019607843137255644","0.4880718954248366","0.024248366013071853","False","BATANG TUBUH",""
"13","Bagian Kesepuluh","252.48","359.544","74.12","86.12","612.0","BCDGEE+BookmanOldStyle","12.0","306.012","306.0","1.9607843137255645e-05","0.4125490196078431","0.1749411764705882","False","BATANG TUBUH",""
"13","Hak Keagamaan","257.88","353.928","95.92000000000007","107.92000000000007","612.0","BCDGEE+BookmanOldStyle","12.0","305.904","306.0","0.00015686274509804516","0.42137254901960786","0.15694117647058825","False","BATANG TUBUH",""
"13","Pasal 15","281.1","330.92400000000004","139.5300000000001","151.5300000000001","612.0","BCDGEE+BookmanOldStyle","12.0","306.01200000000006","306.0","1.9607843137348527e-05","0.4593137254901961","0.08141176470588238","False","BATANG TUBUH",""
"13","Hak keagamaan untuk Penyandang Disabilitas meliputi hak:","171.25","530.538","183.35000000000002","195.35000000000002","612.0","BCDGEE+BookmanOldStyle","12.0","350.894","306.0","0.07335620915032681","0.2798202614379085","0.5870718954248366","False","BATANG TUBUH",""
"13","a. memeluk agama dan kepercayaan masing-masing dan","171.25","540.222","205.1500000000001","217.1500000000001","612.0","BCDGEE+BookmanOldStyle","12.0","355.736","306.0","0.08126797385620914","0.2798202614379085","0.6028954248366013","False","BATANG TUBUH",""
"13","beribadat menurut agama dan kepercayaannya;","192.65","475.64799999999997","226.95000000000005","238.95000000000005","612.0","BCDGEE+BookmanOldStyle","12.0","334.149","306.0","0.045995098039215684","0.3147875816993464","0.46241503267973844","False","BATANG TUBUH",""
"13","b. memperoleh kemudahan akses dalam memanfaatkan","171.25","539.882","248.75","260.75","612.0","BCDGEE+BookmanOldStyle","12.0","355.566","306.0","0.08099019607843133","0.2798202614379085","0.6023398692810457","False","BATANG TUBUH",""
"13","tempat peribadatan;","192.65","311.98999999999995","270.55000000000007","282.55000000000007","612.0","BCDGEE+BookmanOldStyle","12.0","252.32","306.0","0.0877124183006536","0.3147875816993464","0.19499999999999992","False","BATANG TUBUH",""
"13","c. mendapatkan kitab suci dan lektur keagamaan lainnya","171.25","539.6540000000001","292.57000000000005","304.57000000000005","612.0","BCDGEE+BookmanOldStyle","12.0","355.45200000000006","306.0","0.08080392156862753","0.2798202614379085","0.6019673202614381","False","BATANG TUBUH",""
"13","yang mudah diakses berdasarkan kebutuhannya;","192.65","486.07","314.38","326.38","612.0","BCDGEE+BookmanOldStyle","12.0","339.36","306.0","0.05450980392156865","0.3147875816993464","0.4794444444444444","False","BATANG TUBUH",""
"13","d. mendapatkan pelayanan sesuai dengan kebutuhan","171.25","539.942","336.1700000000001","348.1700000000001","612.0","BCDGEE+BookmanOldStyle","12.0","355.596","306.0","0.08103921568627452","0.2798202614379085","0.6024379084967321","False","BATANG TUBUH",""
"13","pada saat menjalankan ibadat menurut agama dan","192.65","539.7739999999998","357.98","369.98","612.0","BCDGEE+BookmanOldStyle","12.0","366.2119999999999","306.0","0.09838562091503247","0.3147875816993464","0.5671960784313722","False","BATANG TUBUH",""
"13","kepercayaannya; dan","192.65","318.098","379.7800000000001","391.7800000000001","612.0","BCDGEE+BookmanOldStyle","12.0","255.37400000000002","306.0","0.08272222222222218","0.3147875816993464","0.20498039215686276","False","BATANG TUBUH",""
"13","e. berperan aktif dalam organisasi keagamaan.","171.25","454.3","401.6","413.6","612.0","BCDGEE+BookmanOldStyle","12.0","312.775","306.0","0.01107026143790846","0.2798202614379085","0.4625","False","BATANG TUBUH",""
"13","Bagian Kesebelas","254.88","357.08399999999995","445.4","457.4","612.0","BCDGEE+BookmanOldStyle","12.0","305.98199999999997","306.0","2.941176470592991e-05","0.4164705882352941","0.16699999999999993","False","BATANG TUBUH",""
"13","Hak Keolahragaan","251.88","360.312","467.2","479.2","612.0","BCDGEE+BookmanOldStyle","12.0","306.096","306.0","0.00015686274509804516","0.4115686274509804","0.17717647058823532","False","BATANG TUBUH",""
"13","Pasal 16","281.1","330.92400000000004","510.82","522.8199999999999","612.0","BCDGEE+BookmanOldStyle","12.0","306.01200000000006","306.0","1.9607843137348527e-05","0.4593137254901961","0.08141176470588238","False","BATANG TUBUH",""
"13","Hak keolahragaan untuk Penyandang Disabilitas meliputi hak:","171.25","531.166","554.62","566.62","612.0","BCDGEE+BookmanOldStyle","12.0","351.208","306.0","0.07386928104575168","0.2798202614379085","0.5880980392156864","False","BATANG TUBUH",""
"13","a. melakukan kegiatan keolahragaan;","171.25","399.518","576.4300000000001","588.4300000000001","612.0","BCDGEE+BookmanOldStyle","12.0","285.384","306.0","0.033686274509803896","0.2798202614379085","0.3729869281045751","False","BATANG TUBUH",""
"13","b. mendapatkan penghargaan yang sama dalam kegiatan","171.25","539.786","598.23","610.23","612.0","BCDGEE+BookmanOldStyle","12.0","355.518","306.0","0.08091176470588231","0.2798202614379085","0.6021830065359476","False","BATANG TUBUH",""
"13","keolahragaan;","192.65","276.002","620.03","632.03","612.0","BCDGEE+BookmanOldStyle","12.0","234.32600000000002","306.0","0.11711437908496729","0.3147875816993464","0.13619607843137255","False","BATANG TUBUH",""
"13","c. memperoleh pelayanan dalam kegiatan keolahragaan;","171.25","510.25399999999996","641.8499999999999","653.8499999999999","612.0","BCDGEE+BookmanOldStyle","12.0","340.75199999999995","306.0","0.056784313725490115","0.2798202614379085","0.5539281045751633","False","BATANG TUBUH",""
"13","d. memperoleh sarana dan prasarana keolahragaan yang","171.25","539.966","663.65","675.65","612.0","BCDGEE+BookmanOldStyle","12.0","355.608","306.0","0.08105882352941177","0.2798202614379085","0.6024771241830066","False","BATANG TUBUH",""
"13","mudah diakses;","192.65","286.05799999999994","685.65","697.65","612.0","BCDGEE+BookmanOldStyle","12.0","239.35399999999998","306.0","0.10889869281045754","0.3147875816993464","0.15262745098039204","False","BATANG TUBUH",""
"13","e. memilih dan mengikuti jenis atau cabang olahraga;","171.25","495.7319999999999","707.45","719.45","612.0","BCDGEE+BookmanOldStyle","12.0","333.491","306.0","0.04491993464052285","0.2798202614379085","0.5301993464052286","False","BATANG TUBUH",""
"13","f. memperoleh pengarahan, dukungan, bimbingan,","171.25","539.8460000000001","729.25","741.25","612.0","BCDGEE+BookmanOldStyle","12.0","355.54800000000006","306.0","0.08096078431372558","0.2798202614379085","0.6022810457516342","False","BATANG TUBUH",""
"13","pembinaan, dan pengembangan dalam keolahragaan;","192.65","508.65799999999996","751.0699999999999","763.0699999999999","612.0","BCDGEE+BookmanOldStyle","12.0","350.654","306.0","0.0729640522875817","0.3147875816993464","0.5163529411764705","False","BATANG TUBUH",""
"13","g. menjadi pelaku keolahragaan;","171.25","370.41999999999996","772.87","784.87","612.0","BCDGEE+BookmanOldStyle","12.0","270.835","306.0","0.057459150326797416","0.2798202614379085","0.3254411764705882","False","BATANG TUBUH",""
"13","h. mengembangkan industri keolahragaan; dan","171.25","456.974","794.68","806.68","612.0","BCDGEE+BookmanOldStyle","12.0","314.11199999999997","306.0","0.013254901960784259","0.2798202614379085","0.4668692810457516","False","BATANG TUBUH",""
"13","i. meningkatkan prestasi dan mengikuti kejuaraan di semua","171.25","539.906","816.6800000000001","828.6800000000001","612.0","BCDGEE+BookmanOldStyle","12.0","355.578","306.0","0.08100980392156859","0.2798202614379085","0.6023790849673202","False","BATANG TUBUH",""
"13","tingkatan.","192.65","253.086","838.475","850.475","612.0","BCDGEE+BookmanOldStyle","12.0","222.868","306.0","0.13583660130718955","0.3147875816993464","0.09875163398692811","False","BATANG TUBUH",""
"14","14","298.7","313.53999999999996","23.300000000000068","35.30000000000007","612.0","BCDGEE+BookmanOldStyle","12.0","306.12","306.0","0.00019607843137255644","0.4880718954248366","0.024248366013071853","False","BATANG TUBUH",""
"14","Bagian Kedua Belas","247.08","364.644","74.12","86.12","612.0","BCDGEE+BookmanOldStyle","12.0","305.862","306.0","0.00022549019607839347","0.40372549019607845","0.19209803921568627","False","BATANG TUBUH",""
"14","Hak Kebudayaan dan Pariwisata","210.08","401.90000000000003","93.92000000000007","105.92000000000007","612.0","BCDGEE+BookmanOldStyle","12.0","305.99","306.0","1.633986928103089e-05","0.34326797385620916","0.31343137254901965","False","BATANG TUBUH",""
"14","Pasal 17","281.1","330.92400000000004","133.32000000000005","145.32000000000005","612.0","BCDGEE+BookmanOldStyle","12.0","306.01200000000006","306.0","1.9607843137348527e-05","0.4593137254901961","0.08141176470588238","False","BATANG TUBUH",""
"14","Hak kebudayaan dan pariwisata untuk Penyandang","171.25","540.182","172.75","184.75","612.0","BCDGEE+BookmanOldStyle","12.0","355.716","306.0","0.08123529411764707","0.2798202614379085","0.6028300653594771","False","BATANG TUBUH",""
"14","Disabilitas meliputi hak:","171.25","315.81399999999996","192.55000000000007","204.55000000000007","612.0","BCDGEE+BookmanOldStyle","12.0","243.53199999999998","306.0","0.10207189542483663","0.2798202614379085","0.23621568627450976","False","BATANG TUBUH",""
"14","a. memperoleh kesamaan dan kesempatan untuk","171.25","539.8460000000001","212.1500000000001","224.1500000000001","612.0","BCDGEE+BookmanOldStyle","12.0","355.54800000000006","306.0","0.08096078431372558","0.2798202614379085","0.6022810457516342","False","BATANG TUBUH",""
"14","berpartisipasi secara aktif dalam kegiatan seni dan","192.65","539.726","231.95000000000005","243.95000000000005","612.0","BCDGEE+BookmanOldStyle","12.0","366.188","306.0","0.09834640522875815","0.3147875816993464","0.5671176470588236","False","BATANG TUBUH",""
"14","budaya;","192.65","239.846","251.55000000000007","263.55000000000007","612.0","BCDGEE+BookmanOldStyle","12.0","216.248","306.0","0.14665359477124185","0.3147875816993464","0.07711764705882353","False","BATANG TUBUH",""
"14","b. memperoleh Kesamaan Kesempatan untuk melakukan","171.25","539.8559999999999","271.35","283.35","612.0","BCDGEE+BookmanOldStyle","12.0","355.55299999999994","306.0","0.08096895424836592","0.2798202614379085","0.6022973856209148","False","BATANG TUBUH",""
"14","kegiatan wisata, melakukan usaha pariwisata, menjadi","192.65","539.4739999999999","291.1700000000001","303.1700000000001","612.0","BCDGEE+BookmanOldStyle","12.0","366.06199999999995","306.0","0.09814052287581693","0.3147875816993464","0.5667058823529411","False","BATANG TUBUH",""
"14","pekerja pariwisata, dan/atau berperan dalam proses","192.65","539.582","310.7800000000001","322.7800000000001","612.0","BCDGEE+BookmanOldStyle","12.0","366.116","306.0","0.09822875816993462","0.3147875816993464","0.5668823529411765","False","BATANG TUBUH",""
"14","pembangunan pariwisata; dan","192.65","372.048","330.57000000000005","342.57000000000005","612.0","BCDGEE+BookmanOldStyle","12.0","282.349","306.0","0.03864542483660133","0.3147875816993464","0.29313398692810455","False","BATANG TUBUH",""
"14","c. mendapatkan kemudahan untuk mengakses, perlakuan,","171.25","539.5699999999999","350.1700000000001","362.1700000000001","612.0","BCDGEE+BookmanOldStyle","12.0","355.40999999999997","306.0","0.080735294117647","0.2798202614379085","0.601830065359477","False","BATANG TUBUH",""
"14","dan Akomodasi yang Layak sesuai dengan kebutuhannya","192.65","540.086","369.98","381.98","612.0","BCDGEE+BookmanOldStyle","12.0","366.368","306.0","0.09864052287581698","0.3147875816993464","0.5677058823529413","False","BATANG TUBUH",""
"14","sebagai wisatawan.","192.65","306.34","389.7800000000001","401.7800000000001","612.0","BCDGEE+BookmanOldStyle","12.0","249.495","306.0","0.09232843137254901","0.3147875816993464","0.1857679738562091","False","BATANG TUBUH",""
"14","Bagian Ketiga Belas","247.48","364.03599999999994","429.2","441.2","612.0","BCDGEE+BookmanOldStyle","12.0","305.758","306.0","0.00039542483660133765","0.4043790849673202","0.1904509803921568","False","BATANG TUBUH",""
"14","Hak Kesejahteraan Sosial","230.68","381.1840000000001","448.8","460.8","612.0","BCDGEE+BookmanOldStyle","12.0","305.932","306.0","0.00011111111111108436","0.3769281045751634","0.2459215686274511","False","BATANG TUBUH",""
"14","Pasal 18","280.9","330.724","488.4","500.4","612.0","BCDGEE+BookmanOldStyle","12.0","305.812","306.0","0.00030718954248364083","0.45898692810457514","0.08141176470588238","False","BATANG TUBUH",""
"14","Hak kesejahteraan sosial untuk Penyandang Disabilitas","171.25","539.4340000000001","527.8199999999999","539.8199999999999","612.0","BCDGEE+BookmanOldStyle","12.0","355.34200000000004","306.0","0.08062418300653601","0.2798202614379085","0.601607843137255","False","BATANG TUBUH",""
"14","meliputi hak:","171.25","249.72","547.4200000000001","559.4200000000001","612.0","BCDGEE+BookmanOldStyle","12.0","210.485","306.0","0.15607026143790848","0.2798202614379085","0.12821895424836602","False","BATANG TUBUH",""
"14","a. rehabilitasi sosial;","171.25","296.34","567.23","579.23","612.0","BCDGEE+BookmanOldStyle","12.0","233.795","306.0","0.11798202614379087","0.2798202614379085","0.20439542483660125","False","BATANG TUBUH",""
"14","b. jaminan sosial;","171.25","278.71999999999997","587.02","599.02","612.0","BCDGEE+BookmanOldStyle","12.0","224.98499999999999","306.0","0.1323774509803922","0.2798202614379085","0.17560457516339864","False","BATANG TUBUH",""
"14","c. pemberdayaan sosial; dan","171.25","343.008","606.62","618.62","612.0","BCDGEE+BookmanOldStyle","12.0","257.129","306.0","0.07985457516339867","0.2798202614379085","0.2806503267973856","False","BATANG TUBUH",""
"14","d. pelindungan sosial.","171.25","304.104","626.45","638.45","612.0","BCDGEE+BookmanOldStyle","12.0","237.677","306.0","0.1116388888888889","0.2798202614379085","0.2170816993464052","False","BATANG TUBUH",""
"14","Bagian Keempat Belas","239.88","371.424","665.8499999999999","677.8499999999999","612.0","BCDGEE+BookmanOldStyle","12.0","305.652","306.0","0.0005686274509804138","0.3919607843137255","0.21494117647058822","False","BATANG TUBUH",""
"14","Hak Aksesibilitas","254.88","356.484","685.65","697.65","612.0","BCDGEE+BookmanOldStyle","12.0","305.682","306.0","0.0005196078431372282","0.4164705882352941","0.16601960784313724","False","BATANG TUBUH",""
"14","Pasal 19","280.9","330.724","725.05","737.05","612.0","BCDGEE+BookmanOldStyle","12.0","305.812","306.0","0.00030718954248364083","0.45898692810457514","0.08141176470588238","False","BATANG TUBUH",""
"14","Hak Aksesibilitas untuk Penyandang Disabilitas meliputi hak:","171.25","537.22","764.47","776.47","612.0","BCDGEE+BookmanOldStyle","12.0","354.235","306.0","0.0788153594771242","0.2798202614379085","0.5979901960784314","False","BATANG TUBUH",""
"14","a. mendapatkan Aksesibilitas untuk memanfaatkan fasilitas","171.25","539.762","784.28","796.28","612.0","BCDGEE+BookmanOldStyle","12.0","355.506","306.0","0.08089215686274505","0.2798202614379085","0.6021437908496731","False","BATANG TUBUH",""
"14","publik; dan","192.65","260.162","803.87","815.87","612.0","BCDGEE+BookmanOldStyle","12.0","226.406","306.0","0.13005555555555554","0.3147875816993464","0.11031372549019604","False","BATANG TUBUH",""
"14","b. mendapatkan Akomodasi yang Layak sebagai bentuk","171.25","539.582","823.6800000000001","835.6800000000001","612.0","BCDGEE+BookmanOldStyle","12.0","355.416","306.0","0.08074509803921569","0.2798202614379085","0.6018496732026144","False","BATANG TUBUH",""
"14","Aksesibilitas bagi individu.","192.65","350.43799999999993","843.275","855.275","612.0","BCDGEE+BookmanOldStyle","12.0","271.544","306.0","0.05630065359477127","0.3147875816993464","0.25782352941176456","False","BATANG TUBUH",""
"15","15","298.7","313.53999999999996","23.300000000000068","35.30000000000007","612.0","BCDGEE+BookmanOldStyle","12.0","306.12","306.0","0.00019607843137255644","0.4880718954248366","0.024248366013071853","False","BATANG TUBUH",""
"15","Bagian Kelima Belas","245.47","366.034","74.12","86.12","612.0","BCDGEE+BookmanOldStyle","12.0","305.752","306.0","0.00040522875816991903","0.4010947712418301","0.19699999999999998","False","BATANG TUBUH",""
"15","Hak Pelayanan Publik","240.88","370.664","92.53000000000009","104.53000000000009","612.0","BCDGEE+BookmanOldStyle","12.0","305.772","306.0","0.00037254901960785724","0.39359477124183007","0.21206535947712418","False","BATANG TUBUH",""
"15","Pasal 20","280.9","330.724","129.12","141.12","612.0","BCDGEE+BookmanOldStyle","12.0","305.812","306.0","0.00030718954248364083","0.45898692810457514","0.08141176470588238","False","BATANG TUBUH",""
"15","Hak Pelayanan Publik untuk Penyandang Disabilitas meliputi:","171.25","533.1819999999999","165.75","177.75","612.0","BCDGEE+BookmanOldStyle","12.0","352.21599999999995","306.0","0.07551633986928097","0.2798202614379085","0.5913921568627449","False","BATANG TUBUH",""
"15","a. memperoleh Akomodasi yang Layak dalam Pelayanan","171.25","539.51","183.95000000000005","195.95000000000005","612.0","BCDGEE+BookmanOldStyle","12.0","355.38","306.0","0.08068627450980391","0.2798202614379085","0.6017320261437908","False","BATANG TUBUH",""
"15","Publik secara optimal, wajar, bermartabat tanpa","192.65","539.5219999999999","202.35000000000002","214.35000000000002","612.0","BCDGEE+BookmanOldStyle","12.0","366.08599999999996","306.0","0.09817973856209143","0.3147875816993464","0.5667843137254901","False","BATANG TUBUH",""
"15","Diskriminasi; dan","192.65","297.74600000000004","220.55000000000007","232.55000000000007","612.0","BCDGEE+BookmanOldStyle","12.0","245.19800000000004","306.0","0.09934967320261431","0.3147875816993464","0.1717254901960785","False","BATANG TUBUH",""
"15","b. pendampingan, penerjemahan, dan penyediaan fasilitas","171.25","539.6419999999999","238.95000000000005","250.95000000000005","612.0","BCDGEE+BookmanOldStyle","12.0","355.44599999999997","306.0","0.08079411764705878","0.2798202614379085","0.6019477124183006","False","BATANG TUBUH",""
"15","yang mudah diakses di tempat layanan publik tanpa","192.65","539.4860000000001","257.35","269.35","612.0","BCDGEE+BookmanOldStyle","12.0","366.06800000000004","306.0","0.09815032679738568","0.3147875816993464","0.5667254901960787","False","BATANG TUBUH",""
"15","tambahan biaya.","192.65","291.782","275.57000000000005","287.57000000000005","612.0","BCDGEE+BookmanOldStyle","12.0","242.216","306.0","0.1042222222222222","0.3147875816993464","0.16198039215686272","False","BATANG TUBUH",""
"15","Bagian Keenam Belas","242.08","369.448","312.1700000000001","324.1700000000001","612.0","BCDGEE+BookmanOldStyle","12.0","305.764","306.0","0.0003856209150326634","0.39555555555555555","0.20811764705882346","False","BATANG TUBUH",""
"15","Hak Pelindungan dari Bencana","214.08","397.548","330.57000000000005","342.57000000000005","612.0","BCDGEE+BookmanOldStyle","12.0","305.814","306.0","0.00030392156862741606","0.3498039215686275","0.2997843137254902","False","BATANG TUBUH",""
"15","Pasal 21","280.9","330.724","367.1700000000001","379.1700000000001","612.0","BCDGEE+BookmanOldStyle","12.0","305.812","306.0","0.00030718954248364083","0.45898692810457514","0.08141176470588238","False","BATANG TUBUH",""
"15","Hak Pelindungan dari bencana untuk Penyandang Disabilitas","171.25","539.804","403.80000000000007","415.80000000000007","612.0","BCDGEE+BookmanOldStyle","12.0","355.527","306.0","0.08092647058823527","0.2798202614379085","0.6022124183006535","False","BATANG TUBUH",""
"15","meliputi hak:","171.25","249.72","422.20000000000005","434.2","612.0","BCDGEE+BookmanOldStyle","11.999999999999943","210.485","306.0","0.15607026143790848","0.2798202614379085","0.12821895424836602","False","BATANG TUBUH",""
"15","a. mendapatkan informasi yang mudah diakses akan adanya","171.25","539.522","440.4","452.4","612.0","BCDGEE+BookmanOldStyle","12.0","355.386","306.0","0.0806960784313726","0.2798202614379085","0.6017516339869282","False","BATANG TUBUH",""
"15","bencana;","192.65","246.274","458.8","470.8","612.0","BCDGEE+BookmanOldStyle","12.0","219.462","306.0","0.14140196078431375","0.3147875816993464","0.08762091503267973","False","BATANG TUBUH",""
"15","b. mendapatkan pengetahuan tentang pengurangan risiko","171.25","539.258","477.0","489.0","612.0","BCDGEE+BookmanOldStyle","12.0","355.254","306.0","0.08048039215686277","0.2798202614379085","0.6013202614379085","False","BATANG TUBUH",""
"15","bencana;","192.65","246.25400000000002","495.4","507.4","612.0","BCDGEE+BookmanOldStyle","12.0","219.452","306.0","0.1414183006535948","0.3147875816993464","0.08758823529411768","False","BATANG TUBUH",""
"15","c. mendapatkan prioritas dalam proses penyelamatan dan","171.25","539.498","513.62","525.62","612.0","BCDGEE+BookmanOldStyle","12.0","355.374","306.0","0.08067647058823534","0.2798202614379085","0.6017124183006537","False","BATANG TUBUH",""
"15","evakuasi dalam keadaan bencana;","192.65","395.55799999999994","532.03","544.03","612.0","BCDGEE+BookmanOldStyle","12.0","294.104","306.0","0.01943790849673205","0.3147875816993464","0.331549019607843","False","BATANG TUBUH",""
"15","d. mendapatkan fasilitas dan sarana penyelamatan dan","171.25","539.4499999999999","550.4200000000001","562.4200000000001","612.0","BCDGEE+BookmanOldStyle","12.0","355.34999999999997","306.0","0.08063725490196073","0.2798202614379085","0.6016339869281044","False","BATANG TUBUH",""
"15","evakuasi yang mudah diakses; dan","192.65","399.6620000000001","568.62","580.62","612.0","BCDGEE+BookmanOldStyle","12.0","296.15600000000006","306.0","0.016084967320261337","0.3147875816993464","0.33825490196078445","False","BATANG TUBUH",""
"15","e. mendapatkan prioritas, fasilitas, dan sarana yang mudah","171.25","539.8059999999999","587.02","599.02","612.0","BCDGEE+BookmanOldStyle","12.0","355.52799999999996","306.0","0.08092810457516333","0.2798202614379085","0.6022156862745097","False","BATANG TUBUH",""
"15","diakses di lokasi pengungsian.","192.65","373.0219999999999","605.23","617.23","612.0","BCDGEE+BookmanOldStyle","12.0","282.83599999999996","306.0","0.03784967320261445","0.3147875816993464","0.29472549019607824","False","BATANG TUBUH",""
"15","Bagian Ketujuh Belas","242.08","369.76","641.8499999999999","653.8499999999999","612.0","BCDGEE+BookmanOldStyle","12.0","305.92","306.0","0.00013071895424834","0.39555555555555555","0.20862745098039212","False","BATANG TUBUH",""
"15","Hak Habilitasi dan Rehabilitasi","214.27","397.57000000000005","660.25","672.25","612.0","BCDGEE+BookmanOldStyle","12.0","305.92","306.0","0.00013071895424834","0.35011437908496734","0.2995098039215687","False","BATANG TUBUH",""
"15","Pasal 22","280.9","330.724","696.85","708.85","612.0","BCDGEE+BookmanOldStyle","12.0","305.812","306.0","0.00030718954248364083","0.45898692810457514","0.08141176470588238","False","BATANG TUBUH",""
"15","Hak habilitasi dan rehabilitasi untuk Penyandang Disabilitas","171.25","539.802","733.45","745.45","612.0","BCDGEE+BookmanOldStyle","12.0","355.526","306.0","0.08092483660130721","0.2798202614379085","0.6022091503267974","False","BATANG TUBUH",""
"15","meliputi hak:","171.25","249.72","751.87","763.87","612.0","BCDGEE+BookmanOldStyle","12.0","210.485","306.0","0.15607026143790848","0.2798202614379085","0.12821895424836602","False","BATANG TUBUH",""
"15","a. mendapatkan habilitasi dan rehabilitasi sejak dini dan","171.25","540.0899999999999","770.0699999999999","782.0699999999999","612.0","BCDGEE+BookmanOldStyle","12.0","355.66999999999996","306.0","0.08116013071895418","0.2798202614379085","0.6026797385620913","False","BATANG TUBUH",""
"15","secara inklusif sesuai dengan kebutuhan;","192.65","439.35999999999996","788.48","800.48","612.0","BCDGEE+BookmanOldStyle","12.0","316.005","306.0","0.016348039215686266","0.3147875816993464","0.40312091503267966","False","BATANG TUBUH",""
"15","b. bebas memilih bentuk rehabilitasi yang akan diikuti; dan","171.05","530.858","806.67","818.67","612.0","BCDGEE+BookmanOldStyle","12.000000000000014","350.95399999999995","306.0","0.073454248366013","0.2794934640522876","0.5879215686274509","False","BATANG TUBUH",""
"15","c. mendapatkan habilitasi dan rehabilitasi yang tidak","171.05","539.9900000000001","825.08","837.08","612.0","BCDGEE+BookmanOldStyle","12.0","355.5200000000001","306.0","0.08091503267973872","0.2794934640522876","0.6028431372549021","False","BATANG TUBUH",""
"15","merendahkan martabat manusia.","192.65","390.71","843.275","855.275","612.0","BCDGEE+BookmanOldStyle","12.0","291.68","306.0","0.023398692810457505","0.3147875816993464","0.32362745098039214","False","BATANG TUBUH",""
"16","16","298.7","313.53999999999996","23.300000000000068","35.30000000000007","612.0","BCDGEE+BookmanOldStyle","12.0","306.12","306.0","0.00019607843137255644","0.4880718954248366","0.024248366013071853","False","BATANG TUBUH",""
"16","Bagian Kedelapan Belas","235.08","376.644","74.12","86.12","612.0","BCDGEE+BookmanOldStyle","12.0","305.862","306.0","0.00022549019607839347","0.38411764705882356","0.23131372549019608","False","BATANG TUBUH",""
"16","Hak Pendataan","260.88","351.132","90.12","102.12","612.0","BCDGEE+BookmanOldStyle","12.0","306.006","306.0","9.803921568581381e-06","0.42627450980392156","0.14747058823529413","False","BATANG TUBUH",""
"16","Pasal 23","281.1","330.92400000000004","122.32000000000005","134.32000000000005","612.0","BCDGEE+BookmanOldStyle","12.0","306.01200000000006","306.0","1.9607843137348527e-05","0.4593137254901961","0.08141176470588238","False","BATANG TUBUH",""
"16","Hak pendataan untuk Penyandang Disabilitas meliputi hak:","171.25","525.8100000000001","154.5300000000001","166.5300000000001","612.0","BCDGEE+BookmanOldStyle","12.0","348.53000000000003","306.0","0.06949346405228762","0.2798202614379085","0.5793464052287582","False","BATANG TUBUH",""
"16","a. didata sebagai penduduk dengan disabilitas dalam","171.25","539.9179999999999","170.55000000000007","182.55000000000007","612.0","BCDGEE+BookmanOldStyle","12.0","355.58399999999995","306.0","0.08101960784313716","0.2798202614379085","0.6023986928104573","False","BATANG TUBUH",""
"16","kegiatan pendaftaran penduduk dan pencatatan sipil;","192.65","509.89399999999995","186.75","198.75","612.0","BCDGEE+BookmanOldStyle","12.0","351.272","306.0","0.07397385620915031","0.3147875816993464","0.5183725490196077","False","BATANG TUBUH",""
"16","b. mendapatkan dokumen kependudukan; dan","171.25","455.46599999999995","202.75","214.75","612.0","BCDGEE+BookmanOldStyle","12.0","313.35799999999995","306.0","0.012022875816993378","0.2798202614379085","0.46440522875816986","False","BATANG TUBUH",""
"16","c. mendapatkan kartu Penyandang Disabilitas.","171.25","455.498","218.95000000000005","230.95000000000005","612.0","BCDGEE+BookmanOldStyle","12.0","313.374","306.0","0.012049019607843176","0.2798202614379085","0.46445751633986926","False","BATANG TUBUH",""
"16","Bagian Kesembilan Belas","231.68","380.048","250.95000000000005","262.95000000000005","612.0","BCDGEE+BookmanOldStyle","12.0","305.86400000000003","306.0","0.00022222222222216873","0.378562091503268","0.24243137254901959","False","BATANG TUBUH",""
"16","Hak Hidup Secara Mandiri dan","214.27","397.404","267.1500000000001","279.1500000000001","612.0","BCDGEE+BookmanOldStyle","12.0","305.837","306.0","0.00026633986928106357","0.35011437908496734","0.29923856209150324","False","BATANG TUBUH",""
"16","dilibatkan dalam Masyarakat","219.67","391.772","283.1700000000001","295.1700000000001","612.0","BCDGEE+BookmanOldStyle","12.0","305.721","306.0","0.00045588235294117055","0.358937908496732","0.2812124183006536","False","BATANG TUBUH",""
"16","Pasal 24","280.9","330.724","315.38","327.38","612.0","BCDGEE+BookmanOldStyle","12.0","305.812","306.0","0.00030718954248364083","0.45898692810457514","0.08141176470588238","False","BATANG TUBUH",""
"16","Hak hidup secara mandiri dan dilibatkan dalam masyarakat","171.25","539.7259999999999","347.57000000000005","359.57000000000005","612.0","BCDGEE+BookmanOldStyle","12.0","355.48799999999994","306.0","0.08086274509803912","0.2798202614379085","0.6020849673202613","False","BATANG TUBUH",""
"16","untuk Penyandang Disabilitas meliputi hak:","171.25","431.76","363.57000000000005","375.57000000000005","612.0","BCDGEE+BookmanOldStyle","12.0","301.505","306.0","0.007344771241830072","0.2798202614379085","0.4256699346405229","False","BATANG TUBUH",""
"16","a. mobilitas pribadi dengan penyediaan Alat Bantu dan","171.05","539.6659999999998","379.7800000000001","391.7800000000001","612.0","BCDGEE+BookmanOldStyle","12.0","355.35799999999995","306.0","0.08065032679738554","0.2794934640522876","0.6023137254901958","False","BATANG TUBUH",""
"16","kemudahan untuk mendapatkan akses;","192.65","428.522","395.80000000000007","407.80000000000007","612.0","BCDGEE+BookmanOldStyle","12.0","310.586","306.0","0.007493464052287602","0.3147875816993464","0.38541176470588234","False","BATANG TUBUH",""
"16","b. mendapatkan kesempatan untuk hidup mandiri di tengah","171.05","539.6159999999999","412.0","424.0","612.0","BCDGEE+BookmanOldStyle","12.0","355.33299999999997","306.0","0.08060947712418295","0.2794934640522876","0.6022320261437906","False","BATANG TUBUH",""
"16","masyarakat;","192.65","265.406","428.0","440.0","612.0","BCDGEE+BookmanOldStyle","12.0","229.02800000000002","306.0","0.12577124183006533","0.3147875816993464","0.11888235294117647","False","BATANG TUBUH",""
"16","c. mendapatkan pelatihan dan pendampingan untuk hidup","171.05","539.7740000000001","444.0","456.0","612.0","BCDGEE+BookmanOldStyle","12.0","355.41200000000003","306.0","0.08073856209150332","0.2794934640522876","0.6024901960784316","False","BATANG TUBUH",""
"16","secara mandiri;","192.65","284.042","460.2","472.2","612.0","BCDGEE+BookmanOldStyle","12.0","238.346","306.0","0.11054575163398692","0.3147875816993464","0.1493333333333333","False","BATANG TUBUH",""
"16","d. menentukan sendiri atau memperoleh bantuan dari","171.05","539.796","476.2","488.2","612.0","BCDGEE+BookmanOldStyle","12.0","355.423","306.0","0.08075653594771243","0.2794934640522876","0.6025261437908498","False","BATANG TUBUH",""
"16","pemerintah dan Pemerintah Daerah untuk menetapkan","192.65","539.746","492.4","504.4","612.0","BCDGEE+BookmanOldStyle","12.0","366.198","306.0","0.09836274509803918","0.3147875816993464","0.5671503267973856","False","BATANG TUBUH",""
"16","tempat tinggal dan/atau pengasuhan keluarga atau","192.65","540.114","508.43","520.4300000000001","612.0","BCDGEE+BookmanOldStyle","12.0","366.382","306.0","0.09866339869281046","0.3147875816993464","0.5677516339869282","False","BATANG TUBUH",""
"16","keluarga pengganti;","192.65","308.98999999999995","524.4200000000001","536.4200000000001","612.0","BCDGEE+BookmanOldStyle","12.0","250.82","306.0","0.09016339869281047","0.3147875816993464","0.1900980392156862","False","BATANG TUBUH",""
"16","e. mendapatkan akses ke berbagai pelayanan, baik yang","171.05","539.894","540.62","552.62","612.0","BCDGEE+BookmanOldStyle","12.0","355.472","306.0","0.0808366013071895","0.2794934640522876","0.6026862745098039","False","BATANG TUBUH",""
"16","diberikan di dalam rumah, di tempat permukiman,","192.65","539.6320000000001","556.62","568.62","612.0","BCDGEE+BookmanOldStyle","12.0","366.141","306.0","0.09826960784313729","0.3147875816993464","0.5669640522875818","False","BATANG TUBUH",""
"16","maupun dalam masyarakat; dan","192.65","385.20200000000006","572.8199999999999","584.8199999999999","612.0","BCDGEE+BookmanOldStyle","12.0","288.92600000000004","306.0","0.027898692810457443","0.3147875816993464","0.31462745098039224","False","BATANG TUBUH",""
"16","f. mendapatkan akomodasi yang wajar untuk berperan serta","171.05","539.222","588.8199999999999","600.8199999999999","612.0","BCDGEE+BookmanOldStyle","12.0","355.13599999999997","306.0","0.08028758169934636","0.2794934640522876","0.6015882352941176","False","BATANG TUBUH",""
"16","dalam kehidupan bermasyarakat.","192.65","391.334","604.8199999999999","616.8199999999999","612.0","BCDGEE+BookmanOldStyle","12.0","291.992","306.0","0.022888888888888858","0.3147875816993464","0.3246470588235294","False","BATANG TUBUH",""
"16","Bagian Kedua Puluh","245.27","366.302","637.05","649.05","612.0","BCDGEE+BookmanOldStyle","12.0","305.786","306.0","0.0003496732026143769","0.40076797385620916","0.19776470588235295","False","BATANG TUBUH",""
"16","Hak Berekspresi, Berkomunikasi,","206.88","404.84399999999994","653.25","665.25","612.0","BCDGEE+BookmanOldStyle","12.0","305.86199999999997","306.0","0.00022549019607848636","0.3380392156862745","0.323470588235294","False","BATANG TUBUH",""
"16","dan Memperoleh Informasi","226.88","384.62","669.25","681.25","612.0","BCDGEE+BookmanOldStyle","12.0","305.75","306.0","0.0004084967320261438","0.370718954248366","0.2577450980392157","False","BATANG TUBUH",""
"16","Pasal 25","280.9","330.724","701.45","713.45","612.0","BCDGEE+BookmanOldStyle","12.0","305.812","306.0","0.00030718954248364083","0.45898692810457514","0.08141176470588238","False","BATANG TUBUH",""
"16","Hak berekspresi, berkomunikasi, dan memperoleh informasi","171.25","539.4820000000001","733.65","745.65","612.0","BCDGEE+BookmanOldStyle","12.0","355.36600000000004","306.0","0.08066339869281053","0.2798202614379085","0.601686274509804","False","BATANG TUBUH",""
"16","untuk Penyandang Disabilitas meliputi hak:","171.25","431.76","749.68","761.68","612.0","BCDGEE+BookmanOldStyle","12.0","301.505","306.0","0.007344771241830072","0.2798202614379085","0.4256699346405229","False","BATANG TUBUH",""
"16","a. memiliki kebebasan berekspresi dan berpendapat;","171.25","489.17","765.87","777.87","612.0","BCDGEE+BookmanOldStyle","12.0","330.21000000000004","306.0","0.03955882352941183","0.2798202614379085","0.5194771241830065","False","BATANG TUBUH",""
"16","b. mendapatkan informasi dan berkomunikasi melalui media","171.25","539.87","781.87","793.87","612.0","BCDGEE+BookmanOldStyle","12.0","355.56","306.0","0.08098039215686274","0.2798202614379085","0.6023202614379085","False","BATANG TUBUH",""
"16","yang mudah diakses; dan","192.65","343.886","797.87","809.87","612.0","BCDGEE+BookmanOldStyle","12.000000000000014","268.26800000000003","306.0","0.061653594771241785","0.3147875816993464","0.24711764705882355","False","BATANG TUBUH",""
"16","c. menggunakan dan memperoleh fasilitas informasi dan","171.25","540.3739999999998","814.08","826.08","612.0","BCDGEE+BookmanOldStyle","12.0","355.8119999999999","306.0","0.08139215686274494","0.2798202614379085","0.6031437908496728","False","BATANG TUBUH",""
"16","komunikasi berupa bahasa isyarat, braille, dan komunikasi","192.65","540.5500000000001","830.075","842.135","612.0","BCDGEE+BookmanOldStyle","12.0","366.6","306.0","0.09901960784313729","0.3147875816993464","0.5684640522875819","False","BATANG TUBUH",""
"16","augmentatif dalam interaksi resmi.","192.65","392.53399999999993","846.275","858.275","612.0","BCDGEE+BookmanOldStyle","12.0","292.592","306.0","0.02190849673202617","0.3147875816993464","0.32660784313725477","False","BATANG TUBUH",""
"17","17","298.7","313.53999999999996","23.300000000000068","35.30000000000007","612.0","BCDGEE+BookmanOldStyle","12.0","306.12","306.0","0.00019607843137255644","0.4880718954248366","0.024248366013071853","False","BATANG TUBUH",""
"17","Bagian Kedua Puluh Satu","229.67","382.42","74.12","86.12","612.0","BCDGEE+BookmanOldStyle","12.0","306.045","306.0","7.352941176473188e-05","0.37527777777777777","0.2495915032679739","False","BATANG TUBUH",""
"17","Hak Kewarganegaraan","239.88","372.08200000000005","91.73000000000002","103.73000000000002","612.0","BCDGEE+BookmanOldStyle","12.0","305.981","306.0","3.1045751633995846e-05","0.3919607843137255","0.21601633986928115","False","BATANG TUBUH",""
"17","Pasal 26","281.1","330.92400000000004","126.92000000000007","138.92000000000007","612.0","BCDGEE+BookmanOldStyle","12.0","306.01200000000006","306.0","1.9607843137348527e-05","0.4593137254901961","0.08141176470588238","False","BATANG TUBUH",""
"17","Hak kewarganegaraan untuk Penyandang Disabilitas meliputi hak:","171.25","536.4200000000001","162.1500000000001","174.1500000000001","612.0","BCDGEE+BookmanOldStyle","12.0","353.83500000000004","306.0","0.07816176470588242","0.2798202614379085","0.5966830065359479","False","BATANG TUBUH",""
"17","a. berpindah, mempertahankan, atau memperoleh","171.25","539.762","179.75","191.75","612.0","BCDGEE+BookmanOldStyle","12.0","355.506","306.0","0.08089215686274505","0.2798202614379085","0.6021437908496731","False","BATANG TUBUH",""
"17","kewarganegaraan sesuai dengan ketentuan peraturan","192.65","539.8339999999998","197.35000000000002","209.35000000000002","612.0","BCDGEE+BookmanOldStyle","12.0","366.2419999999999","306.0","0.09843464052287566","0.3147875816993464","0.5672941176470586","False","BATANG TUBUH",""
"17","perundang-undangan;","192.65","325.03799999999995","214.95000000000005","226.95000000000005","612.0","BCDGEE+BookmanOldStyle","12.0","258.844","306.0","0.07705228758169935","0.3147875816993464","0.21632026143790842","False","BATANG TUBUH",""
"17","b. memperoleh, memiliki, dan menggunakan dokumen","171.25","539.762","232.55000000000007","244.55000000000007","612.0","BCDGEE+BookmanOldStyle","12.0","355.506","306.0","0.08089215686274505","0.2798202614379085","0.6021437908496731","False","BATANG TUBUH",""
"17","kewarganegaraan sesuai dengan ketentuan peraturan","192.65","539.8339999999998","250.1500000000001","262.1500000000001","612.0","BCDGEE+BookmanOldStyle","12.0","366.2419999999999","306.0","0.09843464052287566","0.3147875816993464","0.5672941176470586","False","BATANG TUBUH",""
"17","perundang-undangan; dan","192.65","351.114","267.75","279.75","612.0","BCDGEE+BookmanOldStyle","12.0","271.882","306.0","0.055748366013071884","0.3147875816993464","0.25892810457516335","False","BATANG TUBUH",""
"17","c. keluar atau masuk wilayah Indonesia sesuai dengan","171.25","539.594","285.37","297.37","612.0","BCDGEE+BookmanOldStyle","12.0","355.422","306.0","0.08075490196078436","0.2798202614379085","0.6018692810457518","False","BATANG TUBUH",""
"17","ketentuan peraturan perundang-undangan.","192.65","451.518","302.98","314.98","612.0","BCDGEE+BookmanOldStyle","12.0","322.084","306.0","0.02628104575163399","0.3147875816993464","0.42298692810457506","False","BATANG TUBUH",""
"17","Bagian Kedua Puluh Dua","231.08","380.73199999999997","338.37","350.37","612.0","BCDGEE+BookmanOldStyle","12.0","305.906","306.0","0.00015359477124182041","0.37758169934640523","0.2445294117647058","False","BATANG TUBUH",""
"17","Hak Bebas dari Diskriminasi, Penelantaran,","176.25","435.74999999999994","355.98","367.98","612.0","BCDGEE+BookmanOldStyle","12.0","306.0","306.0","0.0","0.28799019607843135","0.42401960784313714","False","BATANG TUBUH",""
"17","Penyiksaan, dan Eksploitasi","223.08","389.0160000000001","373.57000000000005","385.57000000000005","612.0","BCDGEE+BookmanOldStyle","12.0","306.04800000000006","306.0","7.843137254911547e-05","0.3645098039215686","0.2711372549019609","False","BATANG TUBUH",""
"17","Pasal 27","281.1","330.94","408.80000000000007","420.80000000000007","612.0","BCDGEE+BookmanOldStyle","12.0","306.02","306.0","3.267973856206178e-05","0.4593137254901961","0.08143790849673199","False","BATANG TUBUH",""
"17","Hak bebas dari Diskriminasi, penelantaran, penyiksaan, dan","171.25","539.742","444.0","456.0","612.0","BCDGEE+BookmanOldStyle","12.0","355.496","306.0","0.08087581699346402","0.2798202614379085","0.602111111111111","False","BATANG TUBUH",""
"17","eksploitasi untuk Penyandang Disabilitas meliputi hak:","171.25","498.19","461.59999999999997","473.59999999999997","612.0","BCDGEE+BookmanOldStyle","12.0","334.72","306.0","0.04692810457516344","0.2798202614379085","0.5342156862745098","False","BATANG TUBUH",""
"17","a. bersosialisasi dan berinteraksi dalam kehidupan","171.25","539.762","479.2","491.2","612.0","BCDGEE+BookmanOldStyle","12.0","355.506","306.0","0.08089215686274505","0.2798202614379085","0.6021437908496731","False","BATANG TUBUH",""
"17","berkeluarga, bermasyarakat, dan bernegara tanpa rasa","192.65","539.558","496.8","508.8","612.0","BCDGEE+BookmanOldStyle","12.0","366.104","306.0","0.09820915032679736","0.3147875816993464","0.566843137254902","False","BATANG TUBUH",""
"17","takut; dan","192.65","254.30599999999998","514.4200000000001","526.4200000000001","612.0","BCDGEE+BookmanOldStyle","12.0","223.478","306.0","0.13483986928104574","0.3147875816993464","0.10074509803921565","False","BATANG TUBUH",""
"17","b. mendapatkan Pelindungan dari segala bentuk kekerasan","171.25","539.4859999999999","532.03","544.03","612.0","BCDGEE+BookmanOldStyle","12.0","355.36799999999994","306.0","0.08066666666666657","0.2798202614379085","0.6016928104575161","False","BATANG TUBUH",""
"17","fisik, psikis, ekonomi, dan seksual.","192.65","399.6459999999999","549.62","561.62","612.0","BCDGEE+BookmanOldStyle","12.0","296.14799999999997","306.0","0.016098039215686328","0.3147875816993464","0.3382287581699345","False","BATANG TUBUH",""
"17","bab V","288.9","322.9","584.8199999999999","596.8199999999999","612.0","BCDGEE+BookmanOldStyle","12.0","305.9","306.0","0.00016339869281049467","0.47205882352941175","0.05555555555555555","False","BATANG TUBUH",""
"17","PELAKSANAAN PENGHORMATAN, PELINDUNGAN,","158.65","453.48999999999995","602.4200000000001","614.4200000000001","612.0","BCDGEE+BookmanOldStyle","12.0","306.07","306.0","0.00011437908496730912","0.2592320261437909","0.4817647058823528","True","BATANG TUBUH",""
"17","DAN PEMENUHAN HAK PENYANDANG DISABILITAS","151.05","460.45399999999995","620.03","632.03","612.0","BCDGEE+BookmanOldStyle","12.0","305.75199999999995","306.0","0.0004052287581700119","0.2468137254901961","0.5055620915032679","True","BATANG TUBUH",""
"17","Bagian Kesatu","263.27","348.566","655.25","667.25","612.0","BCDGEE+BookmanOldStyle","12.0","305.918","306.0","0.00013398692810456477","0.43017973856209146","0.13937254901960783","False","BATANG TUBUH",""
"17","Umum","285.9","325.94399999999996","672.85","684.85","612.0","BCDGEE+BookmanOldStyle","11.999999999999972","305.92199999999997","306.0","0.00012745098039220813","0.467156862745098","0.06543137254901958","False","BATANG TUBUH",""
"17","Pasal 28","280.9","330.74","708.05","720.05","612.0","BCDGEE+BookmanOldStyle","12.0","305.82","306.0","0.00029411764705883467","0.45898692810457514","0.08143790849673208","False","BATANG TUBUH",""
"17","(1) Pemerintah Daerah wajib melakukan perencanaan,","171.25","540.0500000000001","743.28","755.28","612.0","BCDGEE+BookmanOldStyle","12.0","355.65000000000003","306.0","0.08112745098039222","0.2798202614379085","0.6026143790849674","False","BATANG TUBUH",""
"17","penyelenggaraan, dan evaluasi tentang pelaksanaan","192.65","539.6419999999999","760.87","772.87","612.0","BCDGEE+BookmanOldStyle","12.0","366.14599999999996","306.0","0.09827777777777771","0.3147875816993464","0.5669803921568627","False","BATANG TUBUH",""
"17","Penghormatan, Pelindungan, dan Pemenuhan hak","192.65","540.166","778.48","790.48","612.0","BCDGEE+BookmanOldStyle","12.0","366.408","306.0","0.0987058823529412","0.3147875816993464","0.5678366013071897","False","BATANG TUBUH",""
"17","Penyandang Disabilitas yang bertujuan untuk","192.65","540.386","796.27","808.27","612.0","BCDGEE+BookmanOldStyle","12.000000000000014","366.518","306.0","0.09888562091503264","0.3147875816993464","0.5681960784313725","False","BATANG TUBUH",""
"17","menyinergikan, mengharmonisasikan, dan mengefektifkan","192.65","540.2039999999997","813.87","825.87","612.0","BCDGEE+BookmanOldStyle","12.0","366.42699999999985","306.0","0.09873692810457492","0.3147875816993464","0.5678986928104571","False","BATANG TUBUH",""
"17","pelaksanaan Penghormatan, Pelindungan, dan Pemenuhan","192.65","540.2779999999999","831.475","843.475","612.0","BCDGEE+BookmanOldStyle","12.0","366.46399999999994","306.0","0.09879738562091493","0.3147875816993464","0.5680196078431371","False","BATANG TUBUH",""
"17","hak Penyandang Disabilitas.","192.65","355.53999999999996","849.075","861.075","612.0","BCDGEE+BookmanOldStyle","12.0","274.09499999999997","306.0","0.05213235294117652","0.3147875816993464","0.26616013071895417","False","BATANG TUBUH",""
"18","18","298.7","313.53999999999996","23.300000000000068","35.30000000000007","612.0","BCDGEE+BookmanOldStyle","12.0","306.12","306.0","0.00019607843137255644","0.4880718954248366","0.024248366013071853","False","BATANG TUBUH",""
"18","(2) Dalam hal efektivitas pelaksanaan Penghormatan,","171.25","539.7740000000001","74.12","86.12","612.0","BCDGEE+BookmanOldStyle","12.0","355.51200000000006","306.0","0.08090196078431382","0.2798202614379085","0.6021633986928107","False","BATANG TUBUH",""
"18","Pelindungan, dan Pemenuhan hak Penyandang Disabilitas","192.65","539.8720000000001","94.53000000000009","106.53000000000009","612.0","BCDGEE+BookmanOldStyle","12.0","366.261","306.0","0.09846568627450984","0.3147875816993464","0.5673562091503269","False","BATANG TUBUH",""
"18","sebagaimana dimaksud pada ayat (1), Pemerintah Daerah","192.65","539.4499999999999","114.92000000000007","126.92000000000007","612.0","BCDGEE+BookmanOldStyle","12.0","366.04999999999995","306.0","0.09812091503267967","0.3147875816993464","0.5666666666666665","False","BATANG TUBUH",""
"18","wajib merumuskannya dalam rencana induk.","192.65","461.282","135.32000000000005","147.32000000000005","612.0","BCDGEE+BookmanOldStyle","12.0","326.966","306.0","0.03425816993464054","0.3147875816993464","0.43894117647058817","False","BATANG TUBUH",""
"18","(3) Pelaksanaan Penghormatan, Pelindungan, dan Pemenuhan","171.25","540.2099999999997","155.73000000000002","167.73000000000002","612.0","BCDGEE+BookmanOldStyle","12.0","355.72999999999985","306.0","0.08125816993464027","0.2798202614379085","0.6028758169934636","False","BATANG TUBUH",""
"18","hak Penyandang Disabilitas dilaksanakan sesuai dengan","192.65","539.7379999999999","176.35000000000002","188.35000000000002","612.0","BCDGEE+BookmanOldStyle","12.0","366.19399999999996","306.0","0.09835620915032674","0.3147875816993464","0.5671372549019608","False","BATANG TUBUH",""
"18","kemampuan keuangan Daerah.","192.65","378.772","196.75","208.75","612.0","BCDGEE+BookmanOldStyle","12.0","285.711","306.0","0.033151960784313705","0.3147875816993464","0.30412091503267974","False","BATANG TUBUH",""
"18","Bagian Kedua","264.88","346.786","237.55000000000007","249.55000000000007","612.0","BCDGEE+BookmanOldStyle","12.0","305.83299999999997","306.0","0.0002728758169935131","0.43281045751633984","0.13383333333333333","False","BATANG TUBUH",""
"18","Perencanaan","267.88","343.94800000000004","257.95000000000005","269.95000000000005","612.0","BCDGEE+BookmanOldStyle","12.0","305.914","306.0","0.00014052287581701426","0.4377124183006536","0.12429411764705889","False","BATANG TUBUH",""
"18","Pasal 29","280.9","330.73999999999995","298.7800000000001","310.7800000000001","612.0","BCDGEE+BookmanOldStyle","12.0","305.81999999999994","306.0","0.00029411764705892753","0.45898692810457514","0.08143790849673199","False","BATANG TUBUH",""
"18","(1) Perencanaan Penghormatan, Pelindungan dan Pemenuhan","171.25","540.0019999999998","339.7700000000001","351.7700000000001","612.0","BCDGEE+BookmanOldStyle","12.0","355.6259999999999","306.0","0.08108823529411752","0.2798202614379085","0.602535947712418","False","BATANG TUBUH",""
"18","hak Penyandang Disabilitas sebagaimana dimaksud","192.65","539.5920000000001","360.1700000000001","372.1700000000001","612.0","BCDGEE+BookmanOldStyle","12.0","366.12100000000004","306.0","0.09823692810457522","0.3147875816993464","0.5668986928104577","False","BATANG TUBUH",""
"18","dalam Pasal 28 ayat (1), dirumuskan dalam Rencana Aksi","192.65","539.668","380.57000000000005","392.57000000000005","612.0","BCDGEE+BookmanOldStyle","12.0","366.159","306.0","0.09829901960784312","0.3147875816993464","0.5670228758169935","False","BATANG TUBUH",""
"18","Daerah Penyandang Disabilitas setiap periode 5 (lima) tahun.","192.65","536.4200000000001","401.0","413.0","612.0","BCDGEE+BookmanOldStyle","12.0","364.535","306.0","0.09564542483660135","0.3147875816993464","0.56171568627451","False","BATANG TUBUH",""
"18","(2) Perencanaan terhadap Penghormatan, Pelindungan, dan","171.25","540.0199999999999","421.4","433.4","612.0","BCDGEE+BookmanOldStyle","12.0","355.63499999999993","306.0","0.08110294117647047","0.2798202614379085","0.602565359477124","False","BATANG TUBUH",""
"18","Pemenuhan hak Penyandang Disabilitas untuk periode","192.65","539.93","441.8","453.8","612.0","BCDGEE+BookmanOldStyle","12.0","366.28999999999996","306.0","0.09851307189542478","0.3147875816993464","0.5674509803921568","False","BATANG TUBUH",""
"18","1 (satu) tahun, disusun dalam program dan kegiatan","192.65","539.592","462.2","474.2","612.0","BCDGEE+BookmanOldStyle","12.0","366.121","306.0","0.09823692810457513","0.3147875816993464","0.5668986928104576","False","BATANG TUBUH",""
"18","Perangkat Daerah dan Pemerintah Daerah terkait","192.65","539.882","482.59999999999997","494.59999999999997","612.0","BCDGEE+BookmanOldStyle","12.0","366.26599999999996","306.0","0.09847385620915027","0.3147875816993464","0.5673725490196078","False","BATANG TUBUH",""
"18","pelindungan dan pemenuhan hak Penyandang Disabilitas","192.65","539.624","503.2","515.2","612.0","BCDGEE+BookmanOldStyle","12.0","366.137","306.0","0.09826307189542484","0.3147875816993464","0.566950980392157","False","BATANG TUBUH",""
"18","dalam dokumen perencanaan dan penganggaran","192.65","539.5219999999999","523.62","535.62","612.0","BCDGEE+BookmanOldStyle","12.0","366.08599999999996","306.0","0.09817973856209143","0.3147875816993464","0.5667843137254901","False","BATANG TUBUH",""
"18","pembangunan tingkat Daerah.","192.65","373.334","544.03","556.03","612.0","BCDGEE+BookmanOldStyle","12.0","282.992","306.0","0.037594771241830034","0.3147875816993464","0.29523529411764704","False","BATANG TUBUH",""
"18","(3) Penyusunan Rencana Aksi Daerah Penyandang Disabilitas","171.25","539.9540000000001","564.4200000000001","576.4200000000001","612.0","BCDGEE+BookmanOldStyle","12.0","355.60200000000003","306.0","0.08104901960784319","0.2798202614379085","0.6024575163398694","False","BATANG TUBUH",""
"18","sebagaimana dimaksud ayat (2) mengacu pada :","192.65","472.44199999999984","584.8199999999999","596.8199999999999","612.0","BCDGEE+BookmanOldStyle","12.0","332.54599999999994","306.0","0.04337581699346395","0.3147875816993464","0.45717647058823496","False","BATANG TUBUH",""
"18","a. Rencana Aksi Penyandang Disabilitas Nasional;","192.65","494.356","605.23","617.23","612.0","BCDGEE+BookmanOldStyle","12.0","343.503","306.0","0.06127941176470586","0.3147875816993464","0.492983660130719","False","BATANG TUBUH",""
"18","b. Rencana Aksi Penyandang Disabilitas Provinsi;","192.65","490.59","625.65","637.65","612.0","BCDGEE+BookmanOldStyle","12.0","341.62","306.0","0.05820261437908497","0.3147875816993464","0.48683006535947704","False","BATANG TUBUH",""
"18","c. Rencana Pembangunan Jangka Panjang Daerah; dan","192.65","527.9799999999998","646.05","658.05","612.0","BCDGEE+BookmanOldStyle","12.0","360.3149999999999","306.0","0.08874999999999982","0.3147875816993464","0.5479248366013069","False","BATANG TUBUH",""
"18","d. Rencana Pembangunan Jangka Menengah Daerah.","192.65","515.3199999999999","666.65","678.65","612.0","BCDGEE+BookmanOldStyle","12.0","353.98499999999996","306.0","0.07840686274509796","0.3147875816993464","0.5272385620915032","False","BATANG TUBUH",""
"18","(4) Pemerintah Daerah menjamin pelibatan Penyandang","171.25","540.1219999999998","687.05","699.05","612.0","BCDGEE+BookmanOldStyle","12.0","355.6859999999999","306.0","0.0811862745098038","0.2798202614379085","0.6027320261437906","False","BATANG TUBUH",""
"18","Disabilitas dalam proses perencanaan yang inklusif melalui:","192.65","536.5519999999999","707.45","719.45","612.0","BCDGEE+BookmanOldStyle","12.0","364.60099999999994","306.0","0.09575326797385611","0.3147875816993464","0.5619313725490195","False","BATANG TUBUH",""
"18","a. Forum Tematik Disabilitas dalam proses perencanaan;","192.65","540.01","727.85","739.85","612.0","BCDGEE+BookmanOldStyle","12.0","366.33","306.0","0.098578431372549","0.3147875816993464","0.5675816993464052","False","BATANG TUBUH",""
"18","dan","213.88","236.188","748.28","760.28","612.0","BCDGEE+BookmanOldStyle","12.0","225.034","306.0","0.13229738562091506","0.3494771241830065","0.03645098039215685","False","BATANG TUBUH",""
"18","b. sosialisasi Pemerintah Daerah tentang inklusifitas","192.65","539.6200000000001","768.67","780.67","612.0","BCDGEE+BookmanOldStyle","12.0","366.13500000000005","306.0","0.0982598039215687","0.3147875816993464","0.5669444444444447","False","BATANG TUBUH",""
"18","penyandang Disabilitas dalam perencanaan.","213.88","475.744","789.0699999999999","801.0699999999999","612.0","BCDGEE+BookmanOldStyle","12.0","344.812","306.0","0.06341830065359479","0.3494771241830065","0.42788235294117655","False","BATANG TUBUH",""
"18","(5) Ketentuan lebih lanjut mengenai Rencana Aksi Daerah","171.25","539.7699999999999","809.47","821.47","612.0","BCDGEE+BookmanOldStyle","12.0","355.50999999999993","306.0","0.0808986928104574","0.2798202614379085","0.6021568627450978","False","BATANG TUBUH",""
"18","Penyandang Disabilitas sebagaimana dimaksud pada","192.65","539.5939999999999","830.075","842.075","612.0","BCDGEE+BookmanOldStyle","12.0","366.12199999999996","306.0","0.0982385620915032","0.3147875816993464","0.5669019607843137","False","BATANG TUBUH",""
"18","ayat (2) diatur dengan Peraturan Bupati.","192.65","432.76","850.5","862.5","612.0","BCDGEE+BookmanOldStyle","12.0","312.705","306.0","0.01095588235294115","0.3147875816993464","0.3923366013071895","False","BATANG TUBUH",""
"19","19","298.7","313.53999999999996","23.300000000000068","35.30000000000007","612.0","BCDGEE+BookmanOldStyle","12.0","306.12","306.0","0.00019607843137255644","0.4880718954248366","0.024248366013071853","False","BATANG TUBUH",""
"19","Bagian ketiga","265.88","345.584","74.12","86.12","612.0","BCDGEE+BookmanOldStyle","12.0","305.73199999999997","306.0","0.0004379084967320737","0.4344444444444444","0.13023529411764706","False","BATANG TUBUH",""
"19","Pelindungan Hukum","244.68","366.952","95.32000000000005","107.32000000000005","612.0","BCDGEE+BookmanOldStyle","12.0","305.81600000000003","306.0","0.0003006535947711913","0.3998039215686275","0.1997908496732026","False","BATANG TUBUH",""
"19","Pasal 30","280.9","330.74","137.5300000000001","149.5300000000001","612.0","BCDGEE+BookmanOldStyle","12.0","305.82","306.0","0.00029411764705883467","0.45898692810457514","0.08143790849673208","False","BATANG TUBUH",""
"19","Pemerintah Daerah wajib menjamin dan melindungi hak","171.25","539.59","179.75","191.75","612.0","BCDGEE+BookmanOldStyle","12.0","355.42","306.0","0.08075163398692813","0.2798202614379085","0.6018627450980393","False","BATANG TUBUH",""
"19","Penyandang Disabilitas sebagai subjek hukum untuk","171.25","539.4220000000001","200.95000000000005","212.95000000000005","612.0","BCDGEE+BookmanOldStyle","12.0","355.33600000000007","306.0","0.08061437908496744","0.2798202614379085","0.6015882352941179","False","BATANG TUBUH",""
"19","melakukan tindakan hukum yang sama dengan lainnya.","171.25","505.426","222.1500000000001","234.1500000000001","612.0","BCDGEE+BookmanOldStyle","12.0","338.33799999999997","306.0","0.0528398692810457","0.2798202614379085","0.5460392156862744","False","BATANG TUBUH",""
"19","Pasal 31","280.9","330.724","264.35","276.35","612.0","BCDGEE+BookmanOldStyle","12.0","305.812","306.0","0.00030718954248364083","0.45898692810457514","0.08141176470588238","False","BATANG TUBUH",""
"19","Pemerintah Daerah wajib menyediakan bantuan hukum","171.25","539.88","306.57000000000005","318.57000000000005","612.0","BCDGEE+BookmanOldStyle","12.0","355.565","306.0","0.08098856209150326","0.2798202614379085","0.6023366013071896","False","BATANG TUBUH",""
"19","kepada Penyandang Disabilitas dalam setiap pemeriksaan","171.25","539.314","327.7800000000001","339.7800000000001","612.0","BCDGEE+BookmanOldStyle","12.0","355.282","306.0","0.08052614379084964","0.2798202614379085","0.6014117647058823","False","BATANG TUBUH",""
"19","pada setiap lembaga penegak hukum dalam hal keperdataan","171.25","539.2299999999998","348.7700000000001","360.7700000000001","612.0","BCDGEE+BookmanOldStyle","12.0","355.2399999999999","306.0","0.08045751633986911","0.2798202614379085","0.6012745098039213","False","BATANG TUBUH",""
"19","dan/atau pidana sesuai dengan ketentuan peraturan","171.25","539.578","369.98","381.98","612.0","BCDGEE+BookmanOldStyle","12.0","355.414","306.0","0.08074183006535945","0.2798202614379085","0.6018431372549019","False","BATANG TUBUH",""
"19","perundang-undangan.","171.25","303.64799999999997","391.20000000000005","403.20000000000005","612.0","BCDGEE+BookmanOldStyle","12.0","237.44899999999998","306.0","0.11201143790849676","0.2798202614379085","0.21633660130718949","False","BATANG TUBUH",""
"19","Pasal 32","280.9","330.724","433.4","445.4","612.0","BCDGEE+BookmanOldStyle","12.0","305.812","306.0","0.00030718954248364083","0.45898692810457514","0.08141176470588238","False","BATANG TUBUH",""
"19","(1) Penegak hukum sebelum memeriksa Penyandang","171.25","539.534","475.59999999999997","487.59999999999997","612.0","BCDGEE+BookmanOldStyle","12.0","355.392","306.0","0.08070588235294117","0.2798202614379085","0.6017712418300654","False","BATANG TUBUH",""
"19","Disabilitas wajib meminta pertimbangan atau saran dari:","192.65","530.032","496.8","508.8","612.0","BCDGEE+BookmanOldStyle","12.0","361.341","306.0","0.0904264705882353","0.3147875816993464","0.5512777777777779","False","BATANG TUBUH",""
"19","a. dokter atau tenaga kesehatan lainnya mengenai","192.65","539.82","518.03","530.03","612.0","BCDGEE+BookmanOldStyle","12.0","366.235","306.0","0.0984232026143791","0.3147875816993464","0.5672712418300655","False","BATANG TUBUH",""
"19","kondisi kesehatan;","210.67","321.86199999999997","539.03","551.03","612.0","BCDGEE+BookmanOldStyle","12.0","266.26599999999996","306.0","0.06492483660130725","0.34423202614379084","0.18168627450980387","False","BATANG TUBUH",""
"19","b. psikolog atau psikiater mengenai kondisi kejiwaan;","192.65","539.638","560.23","572.23","612.0","BCDGEE+BookmanOldStyle","12.0","366.144","306.0","0.09827450980392158","0.3147875816993464","0.5669738562091504","False","BATANG TUBUH",""
"19","dan/atau","210.67","266.96200000000005","581.23","593.23","612.0","BCDGEE+BookmanOldStyle","12.0","238.81600000000003","306.0","0.10977777777777772","0.34423202614379084","0.09198039215686284","False","BATANG TUBUH",""
"19","c. pekerja sosial mengenai kondisi psikososial.","192.65","470.8179999999999","602.4200000000001","614.4200000000001","612.0","BCDGEE+BookmanOldStyle","12.0","331.734","306.0","0.0420490196078431","0.3147875816993464","0.4545228758169933","False","BATANG TUBUH",""
"19","(2) Dalam hal pertimbangan atau saran sebagaimana","171.25","539.8340000000001","623.65","635.65","612.0","BCDGEE+BookmanOldStyle","12.0","355.54200000000003","306.0","0.08095098039215691","0.2798202614379085","0.6022614379084968","False","BATANG TUBUH",""
"19","dimaksud pada ayat (1) tidak memungkinkan dilakukan","192.65","539.4859999999999","644.65","656.65","612.0","BCDGEE+BookmanOldStyle","12.0","366.0679999999999","306.0","0.0981503267973855","0.3147875816993464","0.5667254901960783","False","BATANG TUBUH",""
"19","pemeriksaan, maka dilakukan penundaan hingga waktu","192.65","539.5219999999999","665.8499999999999","677.8499999999999","612.0","BCDGEE+BookmanOldStyle","12.0","366.08599999999996","306.0","0.09817973856209143","0.3147875816993464","0.5667843137254901","False","BATANG TUBUH",""
"19","tertentu.","192.65","244.02200000000002","687.05","699.05","612.0","BCDGEE+BookmanOldStyle","12.0","218.336","306.0","0.14324183006535945","0.3147875816993464","0.08394117647058826","False","BATANG TUBUH",""
"19","Pasal 33","280.9","330.724","729.25","741.25","612.0","BCDGEE+BookmanOldStyle","12.0","305.812","306.0","0.00030718954248364083","0.45898692810457514","0.08141176470588238","False","BATANG TUBUH",""
"19","Penegak hukum dalam melakukan pemeriksaan terhadap","171.25","539.6139999999999","771.48","783.48","612.0","BCDGEE+BookmanOldStyle","12.0","355.43199999999996","306.0","0.08077124183006529","0.2798202614379085","0.6019019607843136","False","BATANG TUBUH",""
"19","anak Penyandang Disabilitas wajib mengizinkan kepada orang","171.25","539.6560000000001","792.67","804.67","612.0","BCDGEE+BookmanOldStyle","12.0","355.45300000000003","306.0","0.0808055555555556","0.2798202614379085","0.6019705882352943","False","BATANG TUBUH",""
"19","tua atau keluarga anak dan pendamping atau penerjemah","171.25","539.3019999999999","813.87","825.87","612.0","BCDGEE+BookmanOldStyle","12.0","355.27599999999995","306.0","0.08051633986928097","0.2798202614379085","0.6013921568627449","False","BATANG TUBUH",""
"19","untuk mendampingi anak Penyandang Disabilitas.","171.25","470.39","834.875","846.875","612.0","BCDGEE+BookmanOldStyle","12.0","320.82","306.0","0.024215686274509794","0.2798202614379085","0.4887908496732026","False","BATANG TUBUH",""
"20","20","298.7","313.53999999999996","23.300000000000068","35.30000000000007","612.0","BCDGEE+BookmanOldStyle","12.0","306.12","306.0","0.00019607843137255644","0.4880718954248366","0.024248366013071853","False","BATANG TUBUH",""
"20","Pasal 34","280.9","330.724","74.12","86.12","612.0","BCDGEE+BookmanOldStyle","12.0","305.812","306.0","0.00030718954248364083","0.45898692810457514","0.08141176470588238","False","BATANG TUBUH",""
"20","Penyandang Disabilitas dapat dinyatakan tidak cakap","171.25","539.614","114.73000000000002","126.73000000000002","612.0","BCDGEE+BookmanOldStyle","12.0","355.432","306.0","0.08077124183006539","0.2798202614379085","0.6019019607843138","False","BATANG TUBUH",""
"20","berdasarkan penetapan pengadilan negeri.","171.25","422.5659999999999","135.12","147.12","612.0","BCDGEE+BookmanOldStyle","12.0","296.90799999999996","306.0","0.014856209150326864","0.2798202614379085","0.41064705882352925","False","BATANG TUBUH",""
"20","Pasal 35","280.9","330.724","175.75","187.75","612.0","BCDGEE+BookmanOldStyle","12.0","305.812","306.0","0.00030718954248364083","0.45898692810457514","0.08141176470588238","False","BATANG TUBUH",""
"20","(1) Penetapan pengadilan negeri sebagaimana dimaksud","171.25","539.438","216.35000000000002","228.35000000000002","612.0","BCDGEE+BookmanOldStyle","12.0","355.344","306.0","0.08062745098039215","0.2798202614379085","0.6016143790849673","False","BATANG TUBUH",""
"20","dalam Pasal 34 diajukan melalui permohonan kepada","192.65","539.68","236.1500000000001","248.1500000000001","612.0","BCDGEE+BookmanOldStyle","12.0","366.16499999999996","306.0","0.0983088235294117","0.3147875816993464","0.5670424836601307","False","BATANG TUBUH",""
"20","pengadilan negeri tempat tinggal Penyandang Disabilitas","192.65","539.57","255.95000000000005","267.95000000000005","612.0","BCDGEE+BookmanOldStyle","12.0","366.11","306.0","0.09821895424836603","0.3147875816993464","0.5668627450980394","False","BATANG TUBUH",""
"20","sesuai dengan ketentuan peraturan perundang-undangan.","192.65","523.986","275.7700000000001","287.7700000000001","612.0","BCDGEE+BookmanOldStyle","12.0","358.318","306.0","0.08548692810457513","0.3147875816993464","0.5413986928104575","False","BATANG TUBUH",""
"20","(2) Permohonan penetapan sebagaimana dimaksud pada","171.25","539.378","295.7700000000001","307.7700000000001","612.0","BCDGEE+BookmanOldStyle","12.0","355.314","306.0","0.08057843137254905","0.2798202614379085","0.6015163398692811","False","BATANG TUBUH",""
"20","ayat (1) didasarkan pada alasan yang jelas dan wajib","192.65","539.758","315.57000000000005","327.57000000000005","612.0","BCDGEE+BookmanOldStyle","12.0","366.204","306.0","0.09837254901960786","0.3147875816993464","0.567169934640523","False","BATANG TUBUH",""
"20","menghadirkan atau melampirkan bukti dari dokter,","192.65","539.4139999999999","335.37","347.37","612.0","BCDGEE+BookmanOldStyle","12.0","366.0319999999999","306.0","0.09809150326797374","0.3147875816993464","0.5666078431372548","False","BATANG TUBUH",""
"20","psikolog, dan/atau psikiater.","192.65","363.59","355.1700000000001","367.1700000000001","612.0","BCDGEE+BookmanOldStyle","12.0","278.12","306.0","0.04555555555555555","0.3147875816993464","0.279313725490196","False","BATANG TUBUH",""
"20","(3) Keluarga Penyandang Disabilitas berhak menunjuk","171.25","539.6540000000001","374.98","386.98","612.0","BCDGEE+BookmanOldStyle","12.0","355.45200000000006","306.0","0.08080392156862753","0.2798202614379085","0.6019673202614381","False","BATANG TUBUH",""
"20","seseorang untuk mewakili kepentingannya pada saat","192.65","539.4979999999998","394.80000000000007","406.80000000000007","612.0","BCDGEE+BookmanOldStyle","12.0","366.0739999999999","306.0","0.09816013071895409","0.3147875816993464","0.5667450980392155","False","BATANG TUBUH",""
"20","Penyandang Disabilitas ditetapkan tidak cakap oleh","192.65","539.498","414.80000000000007","426.8","612.0","BCDGEE+BookmanOldStyle","11.999999999999943","366.074","306.0","0.09816013071895427","0.3147875816993464","0.5667450980392158","False","BATANG TUBUH",""
"20","pengadilan negeri.","192.65","300.44599999999997","434.59999999999997","446.59999999999997","612.0","BCDGEE+BookmanOldStyle","12.0","246.548","306.0","0.0971437908496732","0.3147875816993464","0.17613725490196072","False","BATANG TUBUH",""
"20","(4) Dalam hal seseorang sebagaimana dimaksud pada","171.25","539.396","454.4","466.4","612.0","BCDGEE+BookmanOldStyle","12.0","355.323","306.0","0.08059313725490193","0.2798202614379085","0.6015457516339868","False","BATANG TUBUH",""
"20","ayat (3) ditunjuk mewakili kepentingan Penyandang","192.65","539.642","474.2","486.2","612.0","BCDGEE+BookmanOldStyle","12.0","366.146","306.0","0.0982777777777778","0.3147875816993464","0.5669803921568629","False","BATANG TUBUH",""
"20","Disabilitas melakukan tindakan yang berdampak kepada","192.65","539.838","494.0","506.0","612.0","BCDGEE+BookmanOldStyle","12.0","366.24399999999997","306.0","0.09843790849673198","0.3147875816993464","0.5673006535947712","False","BATANG TUBUH",""
"20","bertambah, berkurang, atau hilangnya hak kepemilikan","192.65","539.198","514.03","526.03","612.0","BCDGEE+BookmanOldStyle","12.0","365.924","306.0","0.09791503267973853","0.3147875816993464","0.5662549019607843","False","BATANG TUBUH",""
"20","Penyandang Disabilitas wajib mendapat penetapan dari","192.65","539.934","533.8199999999999","545.8199999999999","612.0","BCDGEE+BookmanOldStyle","12.0","366.292","306.0","0.098516339869281","0.3147875816993464","0.5674575163398693","False","BATANG TUBUH",""
"20","pengadilan negeri.","192.65","300.44599999999997","553.62","565.62","612.0","BCDGEE+BookmanOldStyle","12.0","246.548","306.0","0.0971437908496732","0.3147875816993464","0.17613725490196072","False","BATANG TUBUH",""
"20","Pasal 36","280.9","330.724","593.8199999999999","605.8199999999999","612.0","BCDGEE+BookmanOldStyle","12.0","305.812","306.0","0.00030718954248364083","0.45898692810457514","0.08141176470588238","False","BATANG TUBUH",""
"20","(1) Penetapan pengadilan negeri sebagaimana dimaksud","171.25","539.438","634.45","646.45","612.0","BCDGEE+BookmanOldStyle","12.0","355.344","306.0","0.08062745098039215","0.2798202614379085","0.6016143790849673","False","BATANG TUBUH",""
"20","dalam Pasal 34 dapat dibatalkan.","192.65","390.436","654.25","666.25","612.0","BCDGEE+BookmanOldStyle","12.0","291.543","306.0","0.023622549019607832","0.3147875816993464","0.3231797385620915","False","BATANG TUBUH",""
"20","(2) Pembatalan penetapan pengadilan negeri sebagaimana","171.25","539.522","674.05","686.05","612.0","BCDGEE+BookmanOldStyle","11.999999999999972","355.386","306.0","0.0806960784313726","0.2798202614379085","0.6017516339869282","False","BATANG TUBUH",""
"20","dimaksud pada ayat (1) diajukan ke pengadilan negeri","192.65","539.3420000000001","693.85","705.85","612.0","BCDGEE+BookmanOldStyle","12.0","365.99600000000004","306.0","0.09803267973856215","0.3147875816993464","0.5664901960784315","False","BATANG TUBUH",""
"20","tempat tinggal Penyandang Disabilitas.","192.65","422.94199999999995","713.65","725.65","612.0","BCDGEE+BookmanOldStyle","12.0","307.796","306.0","0.0029346405228758044","0.3147875816993464","0.3762941176470587","False","BATANG TUBUH",""
"20","(3) Pembatalan sebagaimana dimaksud pada ayat (1)","171.25","539.5459999999999","733.65","745.65","612.0","BCDGEE+BookmanOldStyle","12.0","355.39799999999997","306.0","0.08071568627450976","0.2798202614379085","0.6017908496732025","False","BATANG TUBUH",""
"20","diajukan oleh Penyandang Disabilitas atau keluarganya","192.65","539.498","753.48","765.48","612.0","BCDGEE+BookmanOldStyle","12.0","366.074","306.0","0.09816013071895427","0.3147875816993464","0.5667450980392158","False","BATANG TUBUH",""
"20","dengan menghadirkan atau melampirkan bukti dari","192.65","539.626","773.27","785.27","612.0","BCDGEE+BookmanOldStyle","12.0","366.138","306.0","0.0982647058823529","0.3147875816993464","0.566954248366013","False","BATANG TUBUH",""
"20","dokter, psikolog, dan/atau psikiater bahwa yang","192.65","539.654","793.0699999999999","805.0699999999999","612.0","BCDGEE+BookmanOldStyle","12.0","366.152","306.0","0.09828758169934639","0.3147875816993464","0.5670000000000001","False","BATANG TUBUH",""
"20","bersangkutan dinilai mampu dan cakap untuk mengambil","192.65","539.3300000000002","812.87","824.87","612.0","BCDGEE+BookmanOldStyle","12.0","365.99000000000007","306.0","0.09802287581699357","0.3147875816993464","0.5664705882352944","False","BATANG TUBUH",""
"20","keputusan.","192.65","259.66","832.875","844.875","612.0","BCDGEE+BookmanOldStyle","12.0","226.15500000000003","306.0","0.13046568627450975","0.3147875816993464","0.10949346405228762","False","BATANG TUBUH",""
"21","21","298.7","313.53999999999996","23.300000000000068","35.30000000000007","612.0","BCDGEE+BookmanOldStyle","12.0","306.12","306.0","0.00019607843137255644","0.4880718954248366","0.024248366013071853","False","BATANG TUBUH",""
"21","Pasal 37","280.9","330.724","74.12","86.12","612.0","BCDGEE+BookmanOldStyle","12.0","305.812","306.0","0.00030718954248364083","0.45898692810457514","0.08141176470588238","False","BATANG TUBUH",""
"21","Proses peradilan pidana bagi Penyandang Disabilitas","171.25","539.662","112.92000000000007","124.92000000000007","612.0","BCDGEE+BookmanOldStyle","12.0","355.456","306.0","0.0808104575163399","0.2798202614379085","0.6019803921568628","False","BATANG TUBUH",""
"21","dilaksanakan sesuai dengan ketentuan hukum acara pidana.","171.25","533.6139999999999","132.32000000000005","144.32000000000005","612.0","BCDGEE+BookmanOldStyle","12.0","352.43199999999996","306.0","0.07586928104575157","0.2798202614379085","0.5920980392156862","False","BATANG TUBUH",""
"21","Pasal 38","280.9","330.724","171.35000000000002","183.35000000000002","612.0","BCDGEE+BookmanOldStyle","12.0","305.812","306.0","0.00030718954248364083","0.45898692810457514","0.08141176470588238","False","BATANG TUBUH",""
"21","Lembaga penegak hukum wajib menyediakan Akomodasi","171.25","539.158","210.1500000000001","222.1500000000001","612.0","BCDGEE+BookmanOldStyle","12.0","355.204","306.0","0.08039869281045753","0.2798202614379085","0.601156862745098","False","BATANG TUBUH",""
"21","yang Layak bagi Penyandang Disabilitas dalam proses","171.25","539.2059999999999","229.55000000000007","241.55000000000007","612.0","BCDGEE+BookmanOldStyle","12.0","355.22799999999995","306.0","0.08043790849673195","0.2798202614379085","0.6012352941176469","False","BATANG TUBUH",""
"21","peradilan.","171.25","230.458","248.95000000000005","260.95000000000005","612.0","BCDGEE+BookmanOldStyle","12.0","200.85399999999998","306.0","0.1718071895424837","0.2798202614379085","0.09674509803921569","False","BATANG TUBUH",""
"21","Pasal 39","280.9","330.72","287.7800000000001","299.7800000000001","612.0","BCDGEE+BookmanOldStyle","12.0","305.81","306.0","0.00031045751633986554","0.45898692810457514","0.08140522875817002","False","BATANG TUBUH",""
"21","(1) Rumah tahanan negara dan lembaga permasyarakatan","171.25","539.3899999999998","326.7800000000001","338.7800000000001","612.0","BCDGEE+BookmanOldStyle","12.0","355.3199999999999","306.0","0.08058823529411745","0.2798202614379085","0.6015359477124179","False","BATANG TUBUH",""
"21","wajib menyediakan Unit Layanan Disabilitas.","192.65","459.2899999999999","346.1700000000001","358.1700000000001","612.0","BCDGEE+BookmanOldStyle","12.0","325.96999999999997","306.0","0.032630718954248315","0.3147875816993464","0.43568627450980374","False","BATANG TUBUH",""
"21","(2) Unit Layanan Disabilitas sebagaimana dimaksud pada","171.25","539.808","365.57000000000005","377.57000000000005","612.0","BCDGEE+BookmanOldStyle","12.0","355.529","306.0","0.0809297385620915","0.2798202614379085","0.602218954248366","False","BATANG TUBUH",""
"21","ayat (1) berfungsi:","192.65","298.82599999999996","384.98","396.98","612.0","BCDGEE+BookmanOldStyle","12.0","245.738","306.0","0.09846732026143791","0.3147875816993464","0.1734901960784313","False","BATANG TUBUH",""
"21","a. menyediakan pelayanan masa adaptasi bagi tahanan","192.65","539.446","404.4000000000001","416.4000000000001","612.0","BCDGEE+BookmanOldStyle","12.0","366.048","306.0","0.09811764705882353","0.3147875816993464","0.5666601307189544","False","BATANG TUBUH",""
"21","Penyandang Disabilitas selama 6 (enam) bulan;","210.67","490.31399999999996","423.80000000000007","435.8","612.0","BCDGEE+BookmanOldStyle","11.999999999999943","350.49199999999996","306.0","0.0726993464052287","0.34423202614379084","0.4569346405228758","False","BATANG TUBUH",""
"21","b. menyediakan kebutuhan khusus, termasuk obat-obatan","192.65","540.0699999999999","443.4","455.4","612.0","BCDGEE+BookmanOldStyle","12.0","366.35999999999996","306.0","0.09862745098039209","0.3147875816993464","0.5676797385620914","False","BATANG TUBUH",""
"21","yang melekat pada Penyandang Disabilitas dalam masa","210.67","539.29","462.8","474.8","612.0","BCDGEE+BookmanOldStyle","12.0","374.97999999999996","306.0","0.11271241830065354","0.34423202614379084","0.5369607843137255","False","BATANG TUBUH",""
"21","tahanan dan pembinaan; dan","210.67","385.654","482.2","494.2","612.0","BCDGEE+BookmanOldStyle","12.0","298.162","306.0","0.012807189542483697","0.34423202614379084","0.285921568627451","False","BATANG TUBUH",""
"21","c. menyediakan layanan rehabilitasi untuk Penyandang","192.65","539.662","501.59999999999997","513.5999999999999","612.0","BCDGEE+BookmanOldStyle","12.0","366.156","306.0","0.09829411764705884","0.3147875816993464","0.5670130718954249","False","BATANG TUBUH",""
"21","Disabilitas mental.","210.67","321.23799999999994","521.03","533.03","612.0","BCDGEE+BookmanOldStyle","12.0","265.95399999999995","306.0","0.0654346405228759","0.34423202614379084","0.1806666666666666","False","BATANG TUBUH",""
"21","Pasal 40","280.9","330.724","559.8199999999999","571.8199999999999","612.0","BCDGEE+BookmanOldStyle","12.0","305.812","306.0","0.00030718954248364083","0.45898692810457514","0.08141176470588238","False","BATANG TUBUH",""
"21","Pembantaran terhadap Penyandang Disabilitas mental wajib","171.25","539.8340000000001","598.8199999999999","610.8199999999999","612.0","BCDGEE+BookmanOldStyle","12.0","355.54200000000003","306.0","0.08095098039215691","0.2798202614379085","0.6022614379084968","False","BATANG TUBUH",""
"21","ditempatkan dalam layanan rumah sakit jiwa atau pusat","171.25","539.3739999999999","618.22","630.22","612.0","BCDGEE+BookmanOldStyle","12.0","355.31199999999995","306.0","0.08057516339869274","0.2798202614379085","0.6015098039215685","False","BATANG TUBUH",""
"21","rehabilitasi.","171.25","241.042","637.65","649.65","612.0","BCDGEE+BookmanOldStyle","12.0","206.14600000000002","306.0","0.16316013071895422","0.2798202614379085","0.11403921568627451","False","BATANG TUBUH",""
"21","Pasal 41","280.9","330.724","676.45","688.45","612.0","BCDGEE+BookmanOldStyle","12.0","305.812","306.0","0.00030718954248364083","0.45898692810457514","0.08141176470588238","False","BATANG TUBUH",""
"21","(1) Pemerintah Daerah wajib melakukan sosialisasi","171.25","539.894","715.25","727.25","612.0","BCDGEE+BookmanOldStyle","12.0","355.572","306.0","0.081","0.2798202614379085","0.602359477124183","False","BATANG TUBUH",""
"21","perlindungan hukum kepada masyarakat dan aparatur","192.65","539.6179999999998","734.85","746.85","612.0","BCDGEE+BookmanOldStyle","12.0","366.1339999999999","306.0","0.09825816993464036","0.3147875816993464","0.566941176470588","False","BATANG TUBUH",""
"21","sipil negara tentang Pelindungan Penyandang Disabilitas.","192.65","532.6200000000001","754.28","766.28","612.0","BCDGEE+BookmanOldStyle","12.0","362.63500000000005","306.0","0.0925408496732027","0.3147875816993464","0.5555065359477126","False","BATANG TUBUH",""
"21","(2) Sosialisasi sebagaimana dimaksud pada ayat (1) meliputi:","171.25","533.4860000000001","773.67","785.67","612.0","BCDGEE+BookmanOldStyle","12.0","352.36800000000005","306.0","0.07576470588235303","0.2798202614379085","0.591888888888889","False","BATANG TUBUH",""
"21","a. pencegahan;","192.65","284.866","793.0699999999999","805.0699999999999","612.0","BCDGEE+BookmanOldStyle","12.0","238.75799999999998","306.0","0.10987254901960787","0.3147875816993464","0.15067973856209146","False","BATANG TUBUH",""
"21","b. pengenalan tindak pidana; dan","192.65","394.282","812.48","824.48","612.0","BCDGEE+BookmanOldStyle","12.0","293.466","306.0","0.02048039215686273","0.3147875816993464","0.3294640522875817","False","BATANG TUBUH",""
"21","c. laporan dan pengaduan kasus eksploitasi, kekerasan,","192.65","539.626","831.875","843.875","612.0","BCDGEE+BookmanOldStyle","12.0","366.138","306.0","0.0982647058823529","0.3147875816993464","0.566954248366013","False","BATANG TUBUH",""
"21","dan pelecehan.","210.67","299.48199999999997","851.3","863.3","612.0","BCDGEE+BookmanOldStyle","12.0","255.07599999999996","306.0","0.08320915032679745","0.34423202614379084","0.1451176470588235","False","BATANG TUBUH",""
"22","22","298.7","313.53999999999996","23.300000000000068","35.30000000000007","612.0","BCDGEE+BookmanOldStyle","12.0","306.12","306.0","0.00019607843137255644","0.4880718954248366","0.024248366013071853","False","BATANG TUBUH",""
"22","Bagian Ketiga","265.48","346.384","74.12","86.12","612.0","BCDGEE+BookmanOldStyle","12.0","305.932","306.0","0.00011111111111108436","0.43379084967320264","0.13219607843137254","False","BATANG TUBUH",""
"22","Pendidikan","272.88","338.796","94.32000000000005","106.32000000000005","612.0","BCDGEE+BookmanOldStyle","12.0","305.83799999999997","306.0","0.00026470588235299764","0.44588235294117645","0.10770588235294117","False","BATANG TUBUH",""
"22","Pasal 42","280.9","330.73999999999995","134.5300000000001","146.5300000000001","612.0","BCDGEE+BookmanOldStyle","12.0","305.81999999999994","306.0","0.00029411764705892753","0.45898692810457514","0.08143790849673199","False","BATANG TUBUH",""
"22","(1) Pemerintah Daerah wajib menyelenggarakan dan/atau","171.25","540.108","174.75","186.75","612.0","BCDGEE+BookmanOldStyle","12.0","355.679","306.0","0.08117483660130714","0.2798202614379085","0.6027091503267973","False","BATANG TUBUH",""
"22","memfasilitasi pendidikan untuk Penyandang Disabilitas","192.65","539.852","194.95000000000005","206.95000000000005","612.0","BCDGEE+BookmanOldStyle","12.0","366.251","306.0","0.09844934640522872","0.3147875816993464","0.5673235294117647","False","BATANG TUBUH",""
"22","di setiap jalur, jenis, dan jenjang pendidikan sesuai","192.65","539.8100000000001","215.1500000000001","227.1500000000001","612.0","BCDGEE+BookmanOldStyle","12.0","366.23","306.0","0.0984150326797386","0.3147875816993464","0.5672549019607844","False","BATANG TUBUH",""
"22","dengan kewenangannya.","192.65","338.174","235.1500000000001","247.1500000000001","612.0","BCDGEE+BookmanOldStyle","12.0","265.412","306.0","0.06632026143790853","0.3147875816993464","0.23778431372549014","False","BATANG TUBUH",""
"22","(2) Penyelenggaraan dan/atau fasilitasi pendidikan untuk","171.25","539.5800000000002","255.35000000000002","267.35","612.0","BCDGEE+BookmanOldStyle","12.0","355.4150000000001","306.0","0.0807434640522877","0.2798202614379085","0.6018464052287584","False","BATANG TUBUH",""
"22","Penyandang Disabilitas sebagaimana dimaksud pada","192.65","539.5939999999999","275.57000000000005","287.57000000000005","612.0","BCDGEE+BookmanOldStyle","12.0","366.12199999999996","306.0","0.0982385620915032","0.3147875816993464","0.5669019607843137","False","BATANG TUBUH",""
"22","ayat (1) dilaksanakan dalam sistem pendidikan nasional","192.65","539.7239999999999","295.57000000000005","307.57000000000005","612.0","BCDGEE+BookmanOldStyle","12.0","366.18699999999995","306.0","0.09834477124183","0.3147875816993464","0.5671143790849672","False","BATANG TUBUH",""
"22","melalui pendidikan inklusif dan pendidikan khusus.","192.65","501.974","315.7800000000001","327.7800000000001","612.0","BCDGEE+BookmanOldStyle","12.0","347.312","306.0","0.06750326797385622","0.3147875816993464","0.5054313725490195","False","BATANG TUBUH",""
"22","(3) Dalam rangka mewujudkan ketentuan sebagaimana","171.25","539.498","335.98","347.98","612.0","BCDGEE+BookmanOldStyle","12.0","355.374","306.0","0.08067647058823534","0.2798202614379085","0.6017124183006537","False","BATANG TUBUH",""
"22","dimaksud pada ayat (1), Pemerintah Daerah berkewajiban:","192.65","528.3499999999998","355.98","367.98","612.0","BCDGEE+BookmanOldStyle","12.0","360.4999999999999","306.0","0.08905228758169915","0.3147875816993464","0.5485294117647056","False","BATANG TUBUH",""
"22","a. mengikutsertakan anak Penyandang Disabilitas dalam","192.45","540.002","376.1700000000001","388.1700000000001","612.0","BCDGEE+BookmanOldStyle","12.0","366.226","306.0","0.09840849673202615","0.3144607843137255","0.5678954248366013","False","BATANG TUBUH",""
"22","program wajib belajar 9 (sembilan) tahun;","213.88","461.092","396.20000000000005","408.20000000000005","612.0","BCDGEE+BookmanOldStyle","12.0","337.486","306.0","0.05144771241830064","0.3494771241830065","0.4039411764705882","False","BATANG TUBUH",""
"22","b. mengutamakan anak Penyandang Disabilitas bersekolah","192.45","540.0659999999999","416.4","428.4","612.0","BCDGEE+BookmanOldStyle","12.0","366.2579999999999","306.0","0.09846078431372536","0.3144607843137255","0.5679999999999998","False","BATANG TUBUH",""
"22","di lokasi yang dekat tempat tinggalnya;","213.88","444.93999999999994","436.59999999999997","448.59999999999997","612.0","BCDGEE+BookmanOldStyle","12.0","329.40999999999997","306.0","0.03825163398692805","0.3494771241830065","0.37754901960784304","False","BATANG TUBUH",""
"22","c. menyediakan beasiswa untuk peserta didik","192.45","539.58","456.59999999999997","468.59999999999997","612.0","BCDGEE+BookmanOldStyle","12.0","366.015","306.0","0.09806372549019605","0.3144607843137255","0.5672058823529412","False","BATANG TUBUH",""
"22","Penyandang Disabilitas berprestasi yang orang tuanya","213.88","539.5240000000001","476.8","488.8","612.0","BCDGEE+BookmanOldStyle","12.0","376.70200000000006","306.0","0.11552614379084976","0.3494771241830065","0.5320980392156864","False","BATANG TUBUH",""
"22","tidak mampu membiayai pendidikannya; dan","213.88","481.858","497.0","509.0","612.0","BCDGEE+BookmanOldStyle","12.0","347.869","306.0","0.0684133986928105","0.3494771241830065","0.43787254901960787","False","BATANG TUBUH",""
"22","d. menyediakan biaya pendidikan untuk anak dari","192.45","539.6479999999999","517.03","529.03","612.0","BCDGEE+BookmanOldStyle","12.0","366.049","306.0","0.0981192810457516","0.3144607843137255","0.5673169934640522","False","BATANG TUBUH",""
"22","Penyandang Disabilitas yang tidak mampu membiayai","213.88","539.404","537.22","549.22","612.0","BCDGEE+BookmanOldStyle","12.0","376.642","306.0","0.11542810457516339","0.3494771241830065","0.5319019607843137","False","BATANG TUBUH",""
"22","pendidikannya.","213.88","305.08","557.4200000000001","569.4200000000001","612.0","BCDGEE+BookmanOldStyle","12.0","259.48","306.0","0.0760130718954248","0.3494771241830065","0.14901960784313723","False","BATANG TUBUH",""
"22","(4) Pemerintah Daerah memfasilitasi Penyandang Disabilitas","171.25","539.6540000000001","577.4200000000001","589.4200000000001","612.0","BCDGEE+BookmanOldStyle","12.0","355.45200000000006","306.0","0.08080392156862753","0.2798202614379085","0.6019673202614381","False","BATANG TUBUH",""
"22","yang tidak berpendidikan formal untuk mendapatkan","192.65","539.8299999999999","597.62","609.62","612.0","BCDGEE+BookmanOldStyle","12.0","366.23999999999995","306.0","0.09843137254901953","0.3147875816993464","0.5672875816993463","False","BATANG TUBUH",""
"22","ijazah pendidikan dasar dan menengah melalui program","192.65","539.774","617.8199999999999","629.8199999999999","612.0","BCDGEE+BookmanOldStyle","12.0","366.212","306.0","0.09838562091503267","0.3147875816993464","0.5671960784313725","False","BATANG TUBUH",""
"22","kesetaraan.","192.65","261.22999999999996","637.8499999999999","649.8499999999999","612.0","BCDGEE+BookmanOldStyle","12.0","226.94","306.0","0.12918300653594772","0.3147875816993464","0.1120588235294117","False","BATANG TUBUH",""
"22","Pasal 43","280.9","330.73999999999995","678.25","690.25","612.0","BCDGEE+BookmanOldStyle","12.0","305.81999999999994","306.0","0.00029411764705892753","0.45898692810457514","0.08143790849673199","False","BATANG TUBUH",""
"22","(1) Pemerintah Daerah dalam menyelenggarakan dan/atau","171.25","539.4859999999999","718.45","730.45","612.0","BCDGEE+BookmanOldStyle","12.0","355.36799999999994","306.0","0.08066666666666657","0.2798202614379085","0.6016928104575161","False","BATANG TUBUH",""
"22","memfasilitasi pendidikan inklusif dan pendidikan khusus","192.65","540.004","738.67","750.67","612.0","BCDGEE+BookmanOldStyle","12.0","366.327","306.0","0.0985735294117647","0.3147875816993464","0.5675718954248367","False","BATANG TUBUH",""
"22","sebagaimana dimaksud dalam Pasal 42 ayat (2) wajib","192.65","539.8860000000001","758.68","770.68","612.0","BCDGEE+BookmanOldStyle","12.0","366.26800000000003","306.0","0.09847712418300658","0.3147875816993464","0.5673790849673205","False","BATANG TUBUH",""
"22","memfasilitasi Penyandang Disabilitas untuk mempelajari","192.65","539.582","778.87","790.87","612.0","BCDGEE+BookmanOldStyle","12.0","366.116","306.0","0.09822875816993462","0.3147875816993464","0.5668823529411765","False","BATANG TUBUH",""
"22","keterampilan dasar yang dibutuhkan untuk kemandirian","192.65","539.504","799.0799999999999","811.08","612.0","BCDGEE+BookmanOldStyle","12.000000000000014","366.077","306.0","0.09816503267973856","0.3147875816993464","0.5667549019607844","False","BATANG TUBUH",""
"22","dan partisipasi penuh dalam menempuh pendidikan dan","192.65","539.318","819.08","831.08","612.0","BCDGEE+BookmanOldStyle","12.0","365.984","306.0","0.09801307189542481","0.3147875816993464","0.5664509803921569","False","BATANG TUBUH",""
"22","pengembangan sosial.","192.65","322.82599999999996","839.275","851.275","612.0","BCDGEE+BookmanOldStyle","12.0","257.738","306.0","0.07885947712418301","0.3147875816993464","0.2127058823529411","False","BATANG TUBUH",""
"23","23","298.7","313.53999999999996","23.300000000000068","35.30000000000007","612.0","BCDGEE+BookmanOldStyle","12.0","306.12","306.0","0.00019607843137255644","0.4880718954248366","0.024248366013071853","False","BATANG TUBUH",""
"23","(2) Keterampilan dasar sebagaimana dimaksud pada ayat (1)","171.25","539.774","74.12","86.12","612.0","BCDGEE+BookmanOldStyle","12.0","355.512","306.0","0.08090196078431372","0.2798202614379085","0.6021633986928104","False","BATANG TUBUH",""
"23","meliputi:","192.65","244.86200000000002","93.12","105.12","612.0","BCDGEE+BookmanOldStyle","12.0","218.75600000000003","306.0","0.14255555555555552","0.3147875816993464","0.08531372549019611","False","BATANG TUBUH",""
"23","a. keterampilan menulis dan membaca huruf braille","192.45","539.4639999999999","112.12","124.12","612.0","BCDGEE+BookmanOldStyle","12.0","365.957","306.0","0.097968954248366","0.3144607843137255","0.567016339869281","False","BATANG TUBUH",""
"23","untuk Penyandang Disabilitas netra;","213.88","430.54","131.12","143.12","612.0","BCDGEE+BookmanOldStyle","12.0","322.21000000000004","306.0","0.026486928104575223","0.3494771241830065","0.3540196078431373","False","BATANG TUBUH",""
"23","b. keterampilan orientasi dan mobilitas;","192.45","433.984","150.12","162.12","612.0","BCDGEE+BookmanOldStyle","12.0","313.217","306.0","0.011792483660130694","0.3144607843137255","0.3946633986928104","False","BATANG TUBUH",""
"23","c. keterampilan sistem dukungan dan bimbingan sesama","192.45","539.608","169.1500000000001","181.1500000000001","612.0","BCDGEE+BookmanOldStyle","12.0","366.029","306.0","0.09808660130718953","0.3144607843137255","0.567251633986928","False","BATANG TUBUH",""
"23","Penyandang Disabilitas;","213.88","355.63599999999997","188.1500000000001","200.1500000000001","612.0","BCDGEE+BookmanOldStyle","12.0","284.758","306.0","0.03470915032679742","0.3494771241830065","0.2316274509803921","False","BATANG TUBUH",""
"23","d. keterampilan komunikasi dalam bentuk, sarana, dan","192.45","539.68","207.35000000000002","219.35000000000002","612.0","BCDGEE+BookmanOldStyle","12.0","366.06499999999994","306.0","0.09814542483660121","0.3144607843137255","0.5673692810457516","False","BATANG TUBUH",""
"23","format yang bersifat augmentatif dan alternatif; dan","213.88","520.2579999999999","226.35000000000002","238.35000000000002","612.0","BCDGEE+BookmanOldStyle","12.0","367.06899999999996","306.0","0.09978594771241824","0.3494771241830065","0.5006176470588234","False","BATANG TUBUH",""
"23","e. keterampilan bahasa isyarat dan pemajuan identitas","192.45","539.874","245.35000000000002","257.35","612.0","BCDGEE+BookmanOldStyle","12.0","366.16200000000003","306.0","0.09830392156862751","0.3144607843137255","0.567686274509804","False","BATANG TUBUH",""
"23","linguistik dari komunitas Penyandang Disabilitas tuna","213.88","539.878","264.35","276.35","612.0","BCDGEE+BookmanOldStyle","12.0","376.879","306.0","0.11581535947712421","0.3494771241830065","0.5326764705882354","False","BATANG TUBUH",""
"23","rungu.","213.88","253.72","283.37","295.37","612.0","BCDGEE+BookmanOldStyle","12.0","233.8","306.0","0.11797385620915031","0.3494771241830065","0.06509803921568628","False","BATANG TUBUH",""
"23","Pasal 44","280.9","330.73999999999995","321.37","333.37","612.0","BCDGEE+BookmanOldStyle","12.0","305.81999999999994","306.0","0.00029411764705892753","0.45898692810457514","0.08143790849673199","False","BATANG TUBUH",""
"23","(1) Pemerintah Daerah wajib memfasilitasi pembentukan Unit","171.25","539.7199999999999","359.38","371.38","612.0","BCDGEE+BookmanOldStyle","12.0","355.48499999999996","306.0","0.08085784313725483","0.2798202614379085","0.6020751633986927","False","BATANG TUBUH",""
"23","Layanan Disabilitas untuk mendukung penyelenggaraan","192.65","539.4619999999999","378.38","390.38","612.0","BCDGEE+BookmanOldStyle","12.0","366.0559999999999","306.0","0.09813071895424824","0.3147875816993464","0.5666862745098038","False","BATANG TUBUH",""
"23","pendidikan inklusif tingkat dasar.","192.65","392.594","397.4000000000001","409.4000000000001","612.0","BCDGEE+BookmanOldStyle","12.0","292.622","306.0","0.021859477124182982","0.3147875816993464","0.3267058823529412","False","BATANG TUBUH",""
"23","(2) Unit Layanan Disabilitas sebagaimana dimaksud pada","171.25","539.7280000000001","416.4","428.4","612.0","BCDGEE+BookmanOldStyle","12.0","355.48900000000003","306.0","0.08086437908496738","0.2798202614379085","0.6020882352941177","False","BATANG TUBUH",""
"23","ayat (1) berfungsi:","192.65","298.82599999999996","435.59999999999997","447.59999999999997","612.0","BCDGEE+BookmanOldStyle","12.0","245.738","306.0","0.09846732026143791","0.3147875816993464","0.1734901960784313","False","BATANG TUBUH",""
"23","a. meningkatkan kompetensi pendidik dan tenaga","192.65","539.476","454.59999999999997","466.59999999999997","612.0","BCDGEE+BookmanOldStyle","12.0","366.063","306.0","0.09814215686274508","0.3147875816993464","0.5667091503267975","False","BATANG TUBUH",""
"23","kependidikan di sekolah reguler dalam menangani","213.88","539.6320000000001","473.59999999999997","485.59999999999997","612.0","BCDGEE+BookmanOldStyle","12.0","376.75600000000003","306.0","0.11561437908496737","0.3494771241830065","0.5322745098039217","False","BATANG TUBUH",""
"23","peserta didik Penyandang Disabilitas;","213.88","435.82","492.59999999999997","504.59999999999997","612.0","BCDGEE+BookmanOldStyle","12.0","324.85","306.0","0.030800653594771278","0.3494771241830065","0.36264705882352943","False","BATANG TUBUH",""
"23","b. menyediakan pendampingan kepada peserta didik","192.65","539.512","511.62","523.62","612.0","BCDGEE+BookmanOldStyle","12.0","366.08099999999996","306.0","0.09817156862745091","0.3147875816993464","0.5667679738562091","False","BATANG TUBUH",""
"23","Penyandang Disabilitas untuk mendukung kelancaran","213.88","539.8059999999999","530.62","542.62","612.0","BCDGEE+BookmanOldStyle","12.0","376.84299999999996","306.0","0.11575653594771236","0.3494771241830065","0.5325588235294116","False","BATANG TUBUH",""
"23","proses pembelajaran;","213.88","339.4599999999999","549.62","561.62","612.0","BCDGEE+BookmanOldStyle","12.0","276.66999999999996","306.0","0.04792483660130726","0.3494771241830065","0.20519607843137244","False","BATANG TUBUH",""
"23","c. mengembangkan program kompensatorik;","192.65","463.132","568.62","580.62","612.0","BCDGEE+BookmanOldStyle","12.0","327.891","306.0","0.035769607843137284","0.3147875816993464","0.4419640522875817","False","BATANG TUBUH",""
"23","d. menyediakan media pembelajaran dan Alat Bantu","192.65","539.56","587.62","599.62","612.0","BCDGEE+BookmanOldStyle","12.0","366.10499999999996","306.0","0.09821078431372543","0.3147875816993464","0.5668464052287581","False","BATANG TUBUH",""
"23","yang diperlukan peserta didik Penyandang Disabilitas;","213.88","535.3480000000001","606.62","618.62","612.0","BCDGEE+BookmanOldStyle","12.0","374.61400000000003","306.0","0.11211437908496738","0.3494771241830065","0.5252745098039217","False","BATANG TUBUH",""
"23","e. melakukan deteksi dini dan intervensi dini bagi","192.65","539.5","625.65","637.65","612.0","BCDGEE+BookmanOldStyle","12.0","366.075","306.0","0.09816176470588234","0.3147875816993464","0.5667483660130719","False","BATANG TUBUH",""
"23","peserta didik dan calon peserta didik Penyandang","213.88","539.782","644.65","656.65","612.0","BCDGEE+BookmanOldStyle","12.0","376.831","306.0","0.1157369281045752","0.3494771241830065","0.5325196078431373","False","BATANG TUBUH",""
"23","Disabilitas;","213.88","280.084","663.65","675.65","612.0","BCDGEE+BookmanOldStyle","12.0","246.982","306.0","0.09643464052287581","0.3494771241830065","0.1081764705882353","False","BATANG TUBUH",""
"23","f. menyediakan data dan informasi tentang disabilitas;","192.65","523.708","682.85","694.85","612.0","BCDGEE+BookmanOldStyle","12.0","358.179","306.0","0.08525980392156858","0.3147875816993464","0.5409444444444444","False","BATANG TUBUH",""
"23","g. menyediakan layanan konsultasi; dan","192.65","438.04","701.85","713.85","612.0","BCDGEE+BookmanOldStyle","12.0","315.345","306.0","0.015269607843137299","0.3147875816993464","0.4009640522875817","False","BATANG TUBUH",""
"23","h. mengembangkan kerja sama dengan pihak atau","192.65","539.73","720.85","732.85","612.0","BCDGEE+BookmanOldStyle","12.0","366.19","306.0","0.09834967320261438","0.3147875816993464","0.567124183006536","False","BATANG TUBUH",""
"23","lembaga lain dalam upaya meningkatkan kualitas","213.88","539.56","739.88","751.88","612.0","BCDGEE+BookmanOldStyle","12.0","376.71999999999997","306.0","0.11555555555555551","0.3494771241830065","0.532156862745098","False","BATANG TUBUH",""
"23","pendidikan peserta didik Penyandang Disabilitas.","213.88","505.59999999999997","758.87","770.87","612.0","BCDGEE+BookmanOldStyle","12.0","359.74","306.0","0.08781045751633988","0.3494771241830065","0.4766666666666666","False","BATANG TUBUH",""
"23","(3) Penyediaan dan peningkatan kompetensi pendidik dan","171.25","539.62","777.87","789.87","612.0","BCDGEE+BookmanOldStyle","12.0","355.435","306.0","0.08077614379084967","0.2798202614379085","0.6019117647058824","False","BATANG TUBUH",""
"23","tenaga kependidikan dalam menangani peserta didik","192.65","539.666","796.87","808.87","612.0","BCDGEE+BookmanOldStyle","12.000000000000014","366.158","306.0","0.09829738562091506","0.3147875816993464","0.5670196078431374","False","BATANG TUBUH",""
"23","Penyandang Disabilitas sebagaimana dimaksud pada ayat (2)","192.65","540.15","815.87","827.87","612.0","BCDGEE+BookmanOldStyle","12.0","366.4","306.0","0.09869281045751631","0.3147875816993464","0.5678104575163399","False","BATANG TUBUH",""
"23","huruf a dilakukan melalui program dan kegiatan tertentu.","192.65","535.8140000000001","834.875","846.875","612.0","BCDGEE+BookmanOldStyle","12.0","364.232","306.0","0.09515032679738566","0.3147875816993464","0.5607254901960786","False","BATANG TUBUH",""
"24","24","298.7","313.53999999999996","23.300000000000068","35.30000000000007","612.0","BCDGEE+BookmanOldStyle","12.0","306.12","306.0","0.00019607843137255644","0.4880718954248366","0.024248366013071853","False","BATANG TUBUH",""
"24","Pasal 45","280.9","330.73999999999995","74.12","86.12","612.0","BCDGEE+BookmanOldStyle","12.0","305.81999999999994","306.0","0.00029411764705892753","0.45898692810457514","0.08143790849673199","False","BATANG TUBUH",""
"24","(1) Pemerintah Daerah wajib memfasilitasi lembaga","171.25","539.846","116.32000000000005","128.32000000000005","612.0","BCDGEE+BookmanOldStyle","12.0","355.548","306.0","0.0809607843137255","0.2798202614379085","0.602281045751634","False","BATANG TUBUH",""
"24","penyelenggara pendidikan dalam menyediakan Akomodasi","192.65","539.9100000000001","137.5300000000001","149.5300000000001","612.0","BCDGEE+BookmanOldStyle","12.0","366.28000000000003","306.0","0.09849673202614384","0.3147875816993464","0.5674183006535949","False","BATANG TUBUH",""
"24","yang Layak.","192.65","263.10999999999996","158.73000000000002","170.73000000000002","612.0","BCDGEE+BookmanOldStyle","12.0","227.88","306.0","0.12764705882352942","0.3147875816993464","0.11513071895424828","False","BATANG TUBUH",""
"24","(2) Penyelenggara pendidikan yang tidak menyediakan","171.25","539.582","179.75","191.75","612.0","BCDGEE+BookmanOldStyle","12.0","355.416","306.0","0.08074509803921569","0.2798202614379085","0.6018496732026144","False","BATANG TUBUH",""
"24","Akomodasi yang Layak untuk peserta didik Penyandang","192.65","539.856","200.95000000000005","212.95000000000005","612.0","BCDGEE+BookmanOldStyle","12.0","366.253","306.0","0.09845261437908494","0.3147875816993464","0.5673300653594772","False","BATANG TUBUH",""
"24","Disabilitas dikenai sanksi administratif berupa:","192.65","472.9339999999999","222.1500000000001","234.1500000000001","612.0","BCDGEE+BookmanOldStyle","12.0","332.792","306.0","0.043777777777777735","0.3147875816993464","0.45798039215686254","False","BATANG TUBUH",""
"24","a. teguran tertulis;","192.65","309.21999999999997","243.1500000000001","255.1500000000001","612.0","BCDGEE+BookmanOldStyle","12.0","250.935","306.0","0.08997549019607842","0.3147875816993464","0.19047385620915028","False","BATANG TUBUH",""
"24","b. penghentian kegiatan pendidikan;","192.65","414.8299999999999","264.35","276.35","612.0","BCDGEE+BookmanOldStyle","12.0","303.73999999999995","306.0","0.003692810457516418","0.3147875816993464","0.3630392156862744","False","BATANG TUBUH",""
"24","c. pembekuan izin penyelenggaraan pendidikan; dan","192.65","510.2679999999999","285.37","297.37","612.0","BCDGEE+BookmanOldStyle","12.0","351.45899999999995","306.0","0.07427941176470579","0.3147875816993464","0.5189836601307188","False","BATANG TUBUH",""
"24","d. pencabutan izin penyelenggaraan pendidikan.","192.65","484.9599999999999","306.57000000000005","318.57000000000005","612.0","BCDGEE+BookmanOldStyle","12.0","338.80499999999995","306.0","0.053602941176470506","0.3147875816993464","0.4776307189542483","False","BATANG TUBUH",""
"24","(3) Ketentuan lebih lanjut mengenai penyediaan Akomodasi","171.25","539.594","327.7800000000001","339.7800000000001","612.0","BCDGEE+BookmanOldStyle","12.0","355.422","306.0","0.08075490196078436","0.2798202614379085","0.6018692810457518","False","BATANG TUBUH",""
"24","yang Layak untuk peserta didik Penyandang Disabilitas","192.65","539.3900000000001","348.7700000000001","360.7700000000001","612.0","BCDGEE+BookmanOldStyle","12.0","366.02000000000004","306.0","0.09807189542483666","0.3147875816993464","0.5665686274509806","False","BATANG TUBUH",""
"24","sebagaimana dimaksud pada ayat (1) dan mekanisme","192.65","539.938","369.98","381.98","612.0","BCDGEE+BookmanOldStyle","12.0","366.294","306.0","0.09851960784313722","0.3147875816993464","0.5674640522875817","False","BATANG TUBUH",""
"24","pemberian sanksi administratif sebagaimana dimaksud","192.65","539.426","391.20000000000005","403.20000000000005","612.0","BCDGEE+BookmanOldStyle","12.0","366.038","306.0","0.0981013071895425","0.3147875816993464","0.5666274509803922","False","BATANG TUBUH",""
"24","pada ayat (2) diatur dengan Peraturan Bupati.","192.65","465.234","412.20000000000005","424.2","612.0","BCDGEE+BookmanOldStyle","11.999999999999943","328.942","306.0","0.03748692810457518","0.3147875816993464","0.4453986928104574","False","BATANG TUBUH",""
"24","Bagian Keempat","257.88","353.592","475.59999999999997","487.59999999999997","612.0","BCDGEE+BookmanOldStyle","12.0","305.736","306.0","0.0004313725490196242","0.42137254901960786","0.15639215686274507","False","BATANG TUBUH",""
"24","Pekerjaan, Kewirausahaan, dan Koperasi","184.45","426.13000000000005","496.8","508.8","612.0","BCDGEE+BookmanOldStyle","12.0","305.29","306.0","0.0011601307189542148","0.3013888888888889","0.39490196078431383","False","BATANG TUBUH",""
"24","Pasal 46","280.5","330.34","539.03","551.03","612.0","BCDGEE+BookmanOldStyle","12.0","305.41999999999996","306.0","0.0009477124183007204","0.4583333333333333","0.08143790849673199","False","BATANG TUBUH",""
"24","Pemerintah Daerah wajib menjamin proses rekrutmen,","171.25","539.644","581.23","593.23","612.0","BCDGEE+BookmanOldStyle","12.0","355.447","306.0","0.08079575163398693","0.2798202614379085","0.6019509803921569","False","BATANG TUBUH",""
"24","penerimaan, pelatihan kerja, penempatan kerja,","171.25","539.662","602.4200000000001","614.4200000000001","612.0","BCDGEE+BookmanOldStyle","12.0","355.456","306.0","0.0808104575163399","0.2798202614379085","0.6019803921568628","False","BATANG TUBUH",""
"24","keberlanjutan kerja, dan pengembangan karier yang adil","171.25","539.428","623.65","635.65","612.0","BCDGEE+BookmanOldStyle","12.0","355.339","306.0","0.08061928104575163","0.2798202614379085","0.6015980392156862","False","BATANG TUBUH",""
"24","dan tanpa Diskriminasi kepada Penyandang Disabilitas.","171.25","502.29400000000004","644.65","656.65","612.0","BCDGEE+BookmanOldStyle","12.0","336.77200000000005","306.0","0.050281045751634064","0.2798202614379085","0.540921568627451","False","BATANG TUBUH",""
"24","Pasal 47","280.9","330.73999999999995","687.05","699.05","612.0","BCDGEE+BookmanOldStyle","12.0","305.81999999999994","306.0","0.00029411764705892753","0.45898692810457514","0.08143790849673199","False","BATANG TUBUH",""
"24","(1) Pemerintah Daerah wajib memberikan kesempatan","171.25","539.74","729.25","741.25","612.0","BCDGEE+BookmanOldStyle","12.0","355.495","306.0","0.08087418300653595","0.2798202614379085","0.602107843137255","False","BATANG TUBUH",""
"24","kepada Penyandang Disabilitas untuk mengikuti pelatihan","192.65","539.6540000000001","750.47","762.47","612.0","BCDGEE+BookmanOldStyle","12.0","366.15200000000004","306.0","0.09828758169934648","0.3147875816993464","0.5670000000000002","False","BATANG TUBUH",""
"24","keterampilan kerja di lembaga pelatihan kerja Pemerintah","192.65","539.5039999999999","771.48","783.48","612.0","BCDGEE+BookmanOldStyle","12.0","366.07699999999994","306.0","0.09816503267973847","0.3147875816993464","0.5667549019607842","False","BATANG TUBUH",""
"24","Daerah dan/atau swasta.","192.65","343.718","792.67","804.67","612.0","BCDGEE+BookmanOldStyle","12.0","268.184","306.0","0.06179084967320257","0.3147875816993464","0.24684313725490198","False","BATANG TUBUH",""
"24","(2) Lembaga pelatihan kerja sebagaimana dimaksud pada","171.25","539.534","813.87","825.87","612.0","BCDGEE+BookmanOldStyle","12.0","355.392","306.0","0.08070588235294117","0.2798202614379085","0.6017712418300654","False","BATANG TUBUH",""
"24","ayat (1) harus bersifat inklusif dan mudah diakses.","192.65","494.0319999999999","834.875","846.875","612.0","BCDGEE+BookmanOldStyle","12.0","343.34099999999995","306.0","0.06101470588235286","0.3147875816993464","0.492454248366013","False","BATANG TUBUH",""
"25","25","298.7","313.53999999999996","23.300000000000068","35.30000000000007","612.0","BCDGEE+BookmanOldStyle","12.0","306.12","306.0","0.00019607843137255644","0.4880718954248366","0.024248366013071853","False","BATANG TUBUH",""
"25","Pasal 48","280.9","330.73999999999995","74.12","86.12","612.0","BCDGEE+BookmanOldStyle","12.0","305.81999999999994","306.0","0.00029411764705892753","0.45898692810457514","0.08143790849673199","False","BATANG TUBUH",""
"25","Pemberi Kerja dalam proses rekrutmen tenaga kerja","171.25","539.714","115.73000000000002","127.73000000000002","612.0","BCDGEE+BookmanOldStyle","12.0","355.482","306.0","0.08085294117647063","0.2798202614379085","0.6020653594771243","False","BATANG TUBUH",""
"25","Penyandang Disabilitas dapat:","171.25","350.27599999999995","136.73000000000002","148.73000000000002","612.0","BCDGEE+BookmanOldStyle","12.0","260.763","306.0","0.0739166666666667","0.2798202614379085","0.2925261437908496","False","BATANG TUBUH",""
"25","a. melakukan ujian penempatan untuk mengetahui minat,","171.25","540.0440000000001","157.5300000000001","169.5300000000001","612.0","BCDGEE+BookmanOldStyle","12.0","355.64700000000005","306.0","0.08112254901960793","0.2798202614379085","0.6026045751633988","False","BATANG TUBUH",""
"25","bakat, dan kemampuan;","192.65","337.18999999999994","178.35000000000002","190.35000000000002","612.0","BCDGEE+BookmanOldStyle","12.0","264.91999999999996","306.0","0.06712418300653601","0.3147875816993464","0.23617647058823518","False","BATANG TUBUH",""
"25","b. menyediakan asistensi dalam proses pengisian formulir","171.25","539.4740000000002","199.1500000000001","211.1500000000001","612.0","BCDGEE+BookmanOldStyle","12.0","355.3620000000001","306.0","0.08065686274509817","0.2798202614379085","0.6016732026143794","False","BATANG TUBUH",""
"25","aplikasi dan proses lainnya yang diperlukan;","192.65","457.1419999999999","219.95000000000005","231.95000000000005","612.0","BCDGEE+BookmanOldStyle","12.0","324.89599999999996","306.0","0.030875816993463985","0.3147875816993464","0.43217647058823505","False","BATANG TUBUH",""
"25","c. menyediakan alat dan bentuk tes yang sesuai dengan","171.25","539.462","240.75","252.75","612.0","BCDGEE+BookmanOldStyle","12.0","355.356","306.0","0.0806470588235294","0.2798202614379085","0.6016535947712418","False","BATANG TUBUH",""
"25","kondisi disabilitas; dan","192.65","329.62","261.75","273.75","612.0","BCDGEE+BookmanOldStyle","12.0","261.135","306.0","0.07330882352941177","0.3147875816993464","0.22380718954248366","False","BATANG TUBUH",""
"25","d. memberikan keleluasaan dalam waktu pengerjaan tes","171.25","539.46","282.57000000000005","294.57000000000005","612.0","BCDGEE+BookmanOldStyle","12.0","355.355","306.0","0.08064542483660134","0.2798202614379085","0.6016503267973857","False","BATANG TUBUH",""
"25","sesuai dengan kondisi Penyandang Disabilitas.","192.65","469.1659999999999","303.37","315.37","612.0","BCDGEE+BookmanOldStyle","12.0","330.90799999999996","306.0","0.04069934640522869","0.3147875816993464","0.45182352941176446","False","BATANG TUBUH",""
"25","Pasal 49","280.9","330.73999999999995","344.98","356.98","612.0","BCDGEE+BookmanOldStyle","12.0","305.81999999999994","306.0","0.00029411764705892753","0.45898692810457514","0.08143790849673199","False","BATANG TUBUH",""
"25","Pemberi Kerja dalam penempatan tenaga kerja","171.25","539.714","386.7800000000001","398.7800000000001","612.0","BCDGEE+BookmanOldStyle","12.0","355.482","306.0","0.08085294117647063","0.2798202614379085","0.6020653594771243","False","BATANG TUBUH",""
"25","Penyandang Disabilitas dapat:","171.25","350.248","407.6","419.6","612.0","BCDGEE+BookmanOldStyle","12.0","260.749","306.0","0.0739395424836601","0.2798202614379085","0.2924803921568627","False","BATANG TUBUH",""
"25","a. memberikan kesempatan untuk masa orientasi atau","171.25","539.5219999999999","428.4","440.4","612.0","BCDGEE+BookmanOldStyle","12.0","355.38599999999997","306.0","0.0806960784313725","0.2798202614379085","0.601751633986928","False","BATANG TUBUH",""
"25","adaptasi di awal masa kerja untuk menentukan apa yang","192.65","539.756","449.2","461.2","612.0","BCDGEE+BookmanOldStyle","12.0","366.203","306.0","0.0983709150326797","0.3147875816993464","0.5671666666666667","False","BATANG TUBUH",""
"25","diperlukan, termasuk penyelenggaraan pelatihan atau","192.65","539.4979999999999","470.0","482.0","612.0","BCDGEE+BookmanOldStyle","12.0","366.07399999999996","306.0","0.09816013071895417","0.3147875816993464","0.5667450980392156","False","BATANG TUBUH",""
"25","magang;","192.65","242.43800000000002","491.0","503.0","612.0","BCDGEE+BookmanOldStyle","12.0","217.544","306.0","0.1445359477124183","0.3147875816993464","0.0813529411764706","False","BATANG TUBUH",""
"25","b. menyediakan tempat bekerja yang fleksibel dengan","171.25","539.534","511.82","523.8199999999999","612.0","BCDGEE+BookmanOldStyle","12.0","355.392","306.0","0.08070588235294117","0.2798202614379085","0.6017712418300654","False","BATANG TUBUH",""
"25","menyesuaikan kepada ragam disabilitas tanpa","192.65","539.5700000000002","532.62","544.62","612.0","BCDGEE+BookmanOldStyle","12.0","366.11000000000007","306.0","0.09821895424836613","0.3147875816993464","0.5668627450980395","False","BATANG TUBUH",""
"25","mengurangi target tugas kerja;","192.65","373.91","553.4300000000001","565.4300000000001","612.0","BCDGEE+BookmanOldStyle","12.0","283.28000000000003","306.0","0.0371241830065359","0.3147875816993464","0.2961764705882353","False","BATANG TUBUH",""
"25","c. menyediakan waktu istirahat;","171.25","368.72599999999994","574.23","586.23","612.0","BCDGEE+BookmanOldStyle","12.0","269.98799999999994","306.0","0.058843137254902055","0.2798202614379085","0.322673202614379","False","BATANG TUBUH",""
"25","d. menyediakan jadwal kerja yang fleksibel dengan tetap","171.25","539.652","595.03","607.03","612.0","BCDGEE+BookmanOldStyle","12.0","355.451","306.0","0.08080228758169938","0.2798202614379085","0.6019640522875818","False","BATANG TUBUH",""
"25","memenuhi alokasi waktu kerja;","192.65","377.96599999999995","616.02","628.02","612.0","BCDGEE+BookmanOldStyle","12.0","285.308","306.0","0.03381045751633988","0.3147875816993464","0.30280392156862734","False","BATANG TUBUH",""
"25","e. memberikan asistensi dalam pelaksanaan pekerjaan","171.25","539.5459999999999","636.8499999999999","648.8499999999999","612.0","BCDGEE+BookmanOldStyle","12.0","355.39799999999997","306.0","0.08071568627450976","0.2798202614379085","0.6017908496732025","False","BATANG TUBUH",""
"25","dengan memperhatikan kebutuhan khusus Penyandang","192.65","539.74","657.65","669.65","612.0","BCDGEE+BookmanOldStyle","12.0","366.195","306.0","0.09835784313725489","0.3147875816993464","0.5671405228758171","False","BATANG TUBUH",""
"25","Disabilitas; dan","192.65","284.93","678.45","690.45","612.0","BCDGEE+BookmanOldStyle","12.0","238.79000000000002","306.0","0.10982026143790846","0.3147875816993464","0.1507843137254902","False","BATANG TUBUH",""
"25","f. memberikan izin atau cuti khusus untuk pengobatan.","171.25","512.21","699.25","711.25","612.0","BCDGEE+BookmanOldStyle","12.0","341.73","306.0","0.0583823529411765","0.2798202614379085","0.557124183006536","False","BATANG TUBUH",""
"25","Pasal 50","280.9","330.73999999999995","741.0699999999999","753.0699999999999","612.0","BCDGEE+BookmanOldStyle","12.0","305.81999999999994","306.0","0.00029411764705892753","0.45898692810457514","0.08143790849673199","False","BATANG TUBUH",""
"25","Pemberi Kerja wajib memberi upah kepada tenaga kerja","171.25","539.094","782.67","794.67","612.0","BCDGEE+BookmanOldStyle","12.0","355.172","306.0","0.08034640522875822","0.2798202614379085","0.6010522875816995","False","BATANG TUBUH",""
"25","Penyandang Disabilitas yang sama dengan tenaga kerja yang","171.25","539.3859999999999","803.48","815.48","612.0","BCDGEE+BookmanOldStyle","12.000000000000014","355.3179999999999","306.0","0.08058496732026132","0.2798202614379085","0.6015294117647056","False","BATANG TUBUH",""
"25","bukan Penyandang Disabilitas dengan jenis pekerjaan dan","171.25","539.482","824.28","836.28","612.0","BCDGEE+BookmanOldStyle","12.0","355.366","306.0","0.08066339869281043","0.2798202614379085","0.6016862745098038","False","BATANG TUBUH",""
"25","tanggung jawab yang sama.","171.25","334.918","845.275","857.275","612.0","BCDGEE+BookmanOldStyle","12.0","253.084","306.0","0.0864640522875817","0.2798202614379085","0.2674313725490196","False","BATANG TUBUH",""
"26","26","298.7","313.53999999999996","23.300000000000068","35.30000000000007","612.0","BCDGEE+BookmanOldStyle","12.0","306.12","306.0","0.00019607843137255644","0.4880718954248366","0.024248366013071853","False","BATANG TUBUH",""
"26","Pasal 51","280.9","330.73999999999995","74.12","86.12","612.0","BCDGEE+BookmanOldStyle","12.0","305.81999999999994","306.0","0.00029411764705892753","0.45898692810457514","0.08143790849673199","False","BATANG TUBUH",""
"26","(1) Pemberi Kerja wajib menyediakan Akomodasi yang","171.25","539.7020000000001","115.73000000000002","127.73000000000002","612.0","BCDGEE+BookmanOldStyle","12.0","355.47600000000006","306.0","0.08084313725490205","0.2798202614379085","0.6020457516339871","False","BATANG TUBUH",""
"26","Layak dan fasilitas yang mudah diakses oleh tenaga kerja","192.65","539.714","136.73000000000002","148.73000000000002","612.0","BCDGEE+BookmanOldStyle","12.0","366.182","306.0","0.09833660130718958","0.3147875816993464","0.5670980392156864","False","BATANG TUBUH",""
"26","Penyandang Disabilitas.","192.65","334.406","157.5300000000001","169.5300000000001","612.0","BCDGEE+BookmanOldStyle","12.0","263.528","306.0","0.06939869281045748","0.3147875816993464","0.23162745098039217","False","BATANG TUBUH",""
"26","(2) Pemberi Kerja wajib membuka mekanisme pengaduan","171.25","539.3299999999999","178.35000000000002","190.35000000000002","612.0","BCDGEE+BookmanOldStyle","12.0","355.28999999999996","306.0","0.08053921568627445","0.2798202614379085","0.601437908496732","False","BATANG TUBUH",""
"26","atas tidak terpenuhinya hak Penyandang Disabilitas.","192.65","505.63999999999993","199.1500000000001","211.1500000000001","612.0","BCDGEE+BookmanOldStyle","12.0","349.145","306.0","0.07049836601307187","0.3147875816993464","0.5114215686274508","False","BATANG TUBUH",""
"26","(3) Pemerintah Daerah wajib menyosialisasikan penyediaan","171.25","539.74","219.95000000000005","231.95000000000005","612.0","BCDGEE+BookmanOldStyle","12.0","355.495","306.0","0.08087418300653595","0.2798202614379085","0.602107843137255","False","BATANG TUBUH",""
"26","Akomodasi yang layak dan fasilitas yang mudah diakses","192.65","539.8420000000001","240.75","252.75","612.0","BCDGEE+BookmanOldStyle","12.0","366.24600000000004","306.0","0.0984411764705883","0.3147875816993464","0.5673071895424838","False","BATANG TUBUH",""
"26","oleh tenaga kerja Penyandang Disabilitas.","192.65","438.93799999999993","261.75","273.75","612.0","BCDGEE+BookmanOldStyle","12.0","315.794","306.0","0.01600326797385618","0.3147875816993464","0.4024313725490195","False","BATANG TUBUH",""
"26","(4) Pemberi Kerja yang tidak melaksanakan ketentuan","171.25","540.0619999999999","282.57000000000005","294.57000000000005","612.0","BCDGEE+BookmanOldStyle","12.0","355.65599999999995","306.0","0.0811372549019607","0.2798202614379085","0.6026339869281044","False","BATANG TUBUH",""
"26","sebagaimana dimaksud pada ayat (1) dikenai sanksi","192.65","539.946","303.37","315.37","612.0","BCDGEE+BookmanOldStyle","12.0","366.298","306.0","0.09852614379084967","0.3147875816993464","0.5674771241830067","False","BATANG TUBUH",""
"26","administratif berupa:","192.65","313.51399999999995","324.1700000000001","336.1700000000001","612.0","BCDGEE+BookmanOldStyle","12.0","253.082","306.0","0.08646732026143791","0.3147875816993464","0.1974901960784313","False","BATANG TUBUH",""
"26","a. teguran tertulis;","192.65","309.21999999999997","344.98","356.98","612.0","BCDGEE+BookmanOldStyle","12.0","250.935","306.0","0.08997549019607842","0.3147875816993464","0.19047385620915028","False","BATANG TUBUH",""
"26","b. penghentian kegiatan operasional;","192.65","416.57199999999995","365.7700000000001","377.7700000000001","612.0","BCDGEE+BookmanOldStyle","12.0","304.611","306.0","0.0022696078431372712","0.3147875816993464","0.36588562091503257","False","BATANG TUBUH",""
"26","c. pembekuan izin usaha; dan","192.65","377.764","386.7800000000001","398.7800000000001","612.0","BCDGEE+BookmanOldStyle","12.0","285.207","306.0","0.03397549019607844","0.3147875816993464","0.30247385620915035","False","BATANG TUBUH",""
"26","d. pencabutan izin usaha.","192.65","352.40799999999996","407.6","419.6","612.0","BCDGEE+BookmanOldStyle","12.0","272.529","306.0","0.05469117647058824","0.3147875816993464","0.26104248366013066","False","BATANG TUBUH",""
"26","Pasal 52","280.9","330.73999999999995","449.2","461.2","612.0","BCDGEE+BookmanOldStyle","12.0","305.81999999999994","306.0","0.00029411764705892753","0.45898692810457514","0.08143790849673199","False","BATANG TUBUH",""
"26","Pemberi Kerja wajib menjamin agar Penyandang Disabilitas","171.25","539.422","491.0","503.0","612.0","BCDGEE+BookmanOldStyle","12.0","355.336","306.0","0.08061437908496734","0.2798202614379085","0.6015882352941176","False","BATANG TUBUH",""
"26","dapat melaksanakan hak berserikat dan berkumpul dalam","171.25","539.6879999999999","511.82","523.8199999999999","612.0","BCDGEE+BookmanOldStyle","12.0","355.46899999999994","306.0","0.08083169934640512","0.2798202614379085","0.6020228758169932","False","BATANG TUBUH",""
"26","lingkungan pekerjaan.","171.25","303.40599999999995","532.62","544.62","612.0","BCDGEE+BookmanOldStyle","12.0","237.32799999999997","306.0","0.11220915032679743","0.2798202614379085","0.21594117647058816","False","BATANG TUBUH",""
"26","Pasal 53","280.9","330.73999999999995","574.23","586.23","612.0","BCDGEE+BookmanOldStyle","12.0","305.81999999999994","306.0","0.00029411764705892753","0.45898692810457514","0.08143790849673199","False","BATANG TUBUH",""
"26","Pemerintah Daerah wajib menjamin akses yang setara bagi","171.25","539.5360000000001","616.02","628.02","612.0","BCDGEE+BookmanOldStyle","12.0","355.39300000000003","306.0","0.08070751633986933","0.2798202614379085","0.6017745098039217","False","BATANG TUBUH",""
"26","Penyandang Disabilitas terhadap manfaat dan program dalam","171.25","539.456","636.8499999999999","648.8499999999999","612.0","BCDGEE+BookmanOldStyle","12.0","355.353","306.0","0.08064215686274512","0.2798202614379085","0.6016437908496732","False","BATANG TUBUH",""
"26","sistem jaminan sosial nasional di bidang ketenagakerjaan.","171.25","515.6859999999999","657.65","669.65","612.0","BCDGEE+BookmanOldStyle","12.0","343.46799999999996","306.0","0.06122222222222216","0.2798202614379085","0.5628039215686274","False","BATANG TUBUH",""
"26","Pasal 54","280.9","330.73999999999995","699.25","711.25","612.0","BCDGEE+BookmanOldStyle","12.0","305.81999999999994","306.0","0.00029411764705892753","0.45898692810457514","0.08143790849673199","False","BATANG TUBUH",""
"26","(1) Pemerintah Daerah dan Badan Usaha Milik Daerah wajib","171.25","539.758","741.0699999999999","753.0699999999999","612.0","BCDGEE+BookmanOldStyle","12.0","355.504","306.0","0.08088888888888893","0.2798202614379085","0.6021372549019608","False","BATANG TUBUH",""
"26","mempekerjakan paling sedikit 2% (dua persen)","192.65","539.6780000000001","761.87","773.87","612.0","BCDGEE+BookmanOldStyle","12.0","366.16400000000004","306.0","0.09830718954248373","0.3147875816993464","0.5670392156862747","False","BATANG TUBUH",""
"26","Penyandang Disabilitas dari jumlah pegawai atau pekerja.","192.65","535.33","782.67","794.67","612.0","BCDGEE+BookmanOldStyle","12.0","363.99","306.0","0.09475490196078433","0.3147875816993464","0.5599346405228759","False","BATANG TUBUH",""
"26","(2) Perusahaan swasta wajib mempekerjakan paling sedikit","171.25","539.3180000000001","803.48","815.48","612.0","BCDGEE+BookmanOldStyle","12.000000000000014","355.28400000000005","306.0","0.08052941176470596","0.2798202614379085","0.6014183006535949","False","BATANG TUBUH",""
"26","1% (satu persen) Penyandang Disabilitas dari jumlah","192.65","539.4979999999998","824.28","836.28","612.0","BCDGEE+BookmanOldStyle","12.0","366.0739999999999","306.0","0.09816013071895409","0.3147875816993464","0.5667450980392155","False","BATANG TUBUH",""
"26","pegawai atau pekerja.","192.65","320.924","845.275","857.275","612.0","BCDGEE+BookmanOldStyle","12.0","256.787","306.0","0.0804133986928105","0.3147875816993464","0.20959803921568623","False","BATANG TUBUH",""
"27","27","298.7","313.53999999999996","23.300000000000068","35.30000000000007","612.0","BCDGEE+BookmanOldStyle","12.0","306.12","306.0","0.00019607843137255644","0.4880718954248366","0.024248366013071853","False","BATANG TUBUH",""
"27","Pasal 55","280.9","330.73999999999995","74.12","86.12","612.0","BCDGEE+BookmanOldStyle","12.0","305.81999999999994","306.0","0.00029411764705892753","0.45898692810457514","0.08143790849673199","False","BATANG TUBUH",""
"27","(1) Pemerintah Daerah dapat memberikan insentif kepada","171.25","539.71","109.32000000000005","121.32000000000005","612.0","BCDGEE+BookmanOldStyle","12.0","355.48","306.0","0.08084967320261441","0.2798202614379085","0.6020588235294119","False","BATANG TUBUH",""
"27","perusahaan swasta yang mempekerjakan Penyandang","192.65","540.0600000000001","126.92000000000007","138.92000000000007","612.0","BCDGEE+BookmanOldStyle","12.0","366.355","306.0","0.09861928104575167","0.3147875816993464","0.5676633986928106","False","BATANG TUBUH",""
"27","Disabilitas.","192.65","258.896","144.5300000000001","156.5300000000001","612.0","BCDGEE+BookmanOldStyle","12.0","225.77300000000002","306.0","0.1310898692810457","0.3147875816993464","0.1082450980392157","False","BATANG TUBUH",""
"27","(2) Ketentuan mengenai bentuk dan tata cara pemberian","171.25","539.4259999999999","162.1500000000001","174.1500000000001","612.0","BCDGEE+BookmanOldStyle","12.0","355.33799999999997","306.0","0.08061764705882347","0.2798202614379085","0.6015947712418299","False","BATANG TUBUH",""
"27","insentif sebagaimana dimaksud pada ayat (1) diatur","192.65","539.6299999999999","179.75","191.75","612.0","BCDGEE+BookmanOldStyle","12.0","366.13999999999993","306.0","0.09826797385620903","0.3147875816993464","0.5669607843137253","False","BATANG TUBUH",""
"27","dengan Peraturan Bupati.","192.65","345.53999999999996","197.35000000000002","209.35000000000002","612.0","BCDGEE+BookmanOldStyle","12.0","269.09499999999997","306.0","0.06030228758169939","0.3147875816993464","0.24982026143790842","False","BATANG TUBUH",""
"27","Pasal 56","280.9","330.73999999999995","233.35000000000002","245.35000000000002","612.0","BCDGEE+BookmanOldStyle","12.0","305.81999999999994","306.0","0.00029411764705892753","0.45898692810457514","0.08143790849673199","False","BATANG TUBUH",""
"27","(1) Pemerintah Daerah wajib memiliki Unit Layanan","171.25","539.716","269.95000000000005","281.95000000000005","612.0","BCDGEE+BookmanOldStyle","12.0","355.483","306.0","0.0808545751633987","0.2798202614379085","0.6020686274509804","False","BATANG TUBUH",""
"27","Disabilitas pada perangkat daerah yang menyelenggarakan","192.65","539.8639999999999","288.38","300.38","612.0","BCDGEE+BookmanOldStyle","12.0","366.25699999999995","306.0","0.0984591503267973","0.3147875816993464","0.5673431372549018","False","BATANG TUBUH",""
"27","urusan pemerintahan di bidang ketenagakerjaan.","192.65","484.93","306.57000000000005","318.57000000000005","612.0","BCDGEE+BookmanOldStyle","12.0","338.79","306.0","0.05357843137254905","0.3147875816993464","0.4775816993464052","False","BATANG TUBUH",""
"27","(2) Tugas Unit Layanan Disabilitas sebagaimana dimaksud","171.25","539.58","324.98","336.98","612.0","BCDGEE+BookmanOldStyle","12.0","355.415","306.0","0.08074346405228762","0.2798202614379085","0.6018464052287582","False","BATANG TUBUH",""
"27","pada ayat (1) meliputi:","192.65","324.6019999999999","343.1700000000001","355.1700000000001","612.0","BCDGEE+BookmanOldStyle","12.0","258.626","306.0","0.07740849673202618","0.3147875816993464","0.21560784313725476","False","BATANG TUBUH",""
"27","a. merencanakan Penghormatan, Pelindungan, dan","192.65","539.858","361.57000000000005","373.57000000000005","612.0","BCDGEE+BookmanOldStyle","12.0","366.25399999999996","306.0","0.098454248366013","0.3147875816993464","0.5673333333333332","False","BATANG TUBUH",""
"27","Pemenuhan hak atas pekerjaan Penyandang Disabilitas;","213.88","530.9079999999998","379.7800000000001","391.7800000000001","612.0","BCDGEE+BookmanOldStyle","12.0","372.3939999999999","306.0","0.10848692810457498","0.3494771241830065","0.5180196078431369","False","BATANG TUBUH",""
"27","b. memberikan informasi kepada Pemerintah Daerah","192.65","539.89","398.20000000000005","410.20000000000005","612.0","BCDGEE+BookmanOldStyle","12.0","366.27","306.0","0.09848039215686272","0.3147875816993464","0.5673856209150326","False","BATANG TUBUH",""
"27","dan perusahaan swasta mengenai proses rekrutmen,","213.88","539.416","416.4","428.4","612.0","BCDGEE+BookmanOldStyle","12.0","376.648","306.0","0.11543790849673206","0.3494771241830065","0.5319215686274511","False","BATANG TUBUH",""
"27","penerimaan, pelatihan kerja, penempatan kerja,","213.88","539.704","434.8","446.8","612.0","BCDGEE+BookmanOldStyle","12.0","376.792","306.0","0.11567320261437904","0.3494771241830065","0.532392156862745","False","BATANG TUBUH",""
"27","keberlanjutan kerja, dan pengembangan karier yang","213.88","539.488","453.2","465.2","612.0","BCDGEE+BookmanOldStyle","12.0","376.684","306.0","0.11549673202614383","0.3494771241830065","0.5320392156862747","False","BATANG TUBUH",""
"27","adil dan tanpa Diskriminasi kepada Penyandang","213.88","539.5360000000001","471.4","483.4","612.0","BCDGEE+BookmanOldStyle","12.0","376.708","306.0","0.11553594771241835","0.3494771241830065","0.5321176470588236","False","BATANG TUBUH",""
"27","Disabilitas;","213.88","280.084","489.8","501.8","612.0","BCDGEE+BookmanOldStyle","12.0","246.982","306.0","0.09643464052287581","0.3494771241830065","0.1081764705882353","False","BATANG TUBUH",""
"27","c. menyediakan pendampingan kepada tenaga kerja","192.65","539.632","508.03","520.03","612.0","BCDGEE+BookmanOldStyle","12.0","366.14099999999996","306.0","0.0982696078431372","0.3147875816993464","0.5669640522875816","False","BATANG TUBUH",""
"27","Penyandang Disabilitas;","213.88","355.6359999999999","526.03","538.03","612.0","BCDGEE+BookmanOldStyle","12.0","284.7579999999999","306.0","0.03470915032679751","0.3494771241830065","0.23162745098039203","False","BATANG TUBUH",""
"27","d. menyediakan pendampingan kepada Pemberi Kerja","192.65","539.656","544.03","556.03","612.0","BCDGEE+BookmanOldStyle","12.0","366.15299999999996","306.0","0.09828921568627445","0.3147875816993464","0.5670032679738561","False","BATANG TUBUH",""
"27","yang menerima tenaga kerja Penyandang Disabilitas;","213.88","539.8360000000001","562.23","574.23","612.0","BCDGEE+BookmanOldStyle","12.0","376.85800000000006","306.0","0.11578104575163409","0.3494771241830065","0.5326078431372551","False","BATANG TUBUH",""
"27","dan","213.88","236.188","580.23","592.23","612.0","BCDGEE+BookmanOldStyle","12.0","225.034","306.0","0.13229738562091506","0.3494771241830065","0.03645098039215685","False","BATANG TUBUH",""
"27","e. mengoordinasikan Unit Layanan Disabilitas, Pemberi","192.65","539.508","598.23","610.23","612.0","BCDGEE+BookmanOldStyle","12.0","366.079","306.0","0.09816830065359479","0.3147875816993464","0.5667614379084969","False","BATANG TUBUH",""
"27","Kerja, dan tenaga kerja dalam Pemenuhan dan","213.88","539.74","616.23","628.23","612.0","BCDGEE+BookmanOldStyle","12.0","376.81","306.0","0.11570261437908497","0.3494771241830065","0.5324509803921569","False","BATANG TUBUH",""
"27","penyediaan Alat Bantu kerja untuk Penyandang","213.88","540.002","634.25","646.25","612.0","BCDGEE+BookmanOldStyle","12.0","376.941","306.0","0.11591666666666663","0.3494771241830065","0.5328790849673202","False","BATANG TUBUH",""
"27","Disabilitas.","213.88","280.084","652.25","664.25","612.0","BCDGEE+BookmanOldStyle","12.0","246.982","306.0","0.09643464052287581","0.3494771241830065","0.1081764705882353","False","BATANG TUBUH",""
"27","(3) Anggaran pembentukan Unit Layanan Disabilitas berasal","171.25","539.498","670.25","682.25","612.0","BCDGEE+BookmanOldStyle","12.0","355.374","306.0","0.08067647058823534","0.2798202614379085","0.6017124183006537","False","BATANG TUBUH",""
"27","dari Anggaran Pendapatan dan Belanja Daerah.","192.65","474.484","688.25","700.25","612.0","BCDGEE+BookmanOldStyle","12.0","333.567","306.0","0.04504411764705884","0.3147875816993464","0.46051307189542473","False","BATANG TUBUH",""
"27","(4) Ketentuan lebih lanjut mengenai Unit Layanan Disabilitas","171.25","539.738","706.25","718.25","612.0","BCDGEE+BookmanOldStyle","12.0","355.494","306.0","0.08087254901960789","0.2798202614379085","0.6021045751633988","False","BATANG TUBUH",""
"27","diatur dengan Peraturan Bupati.","192.65","385.35999999999996","724.25","736.25","612.0","BCDGEE+BookmanOldStyle","12.0","289.005","306.0","0.027769607843137263","0.3147875816993464","0.3148856209150326","False","BATANG TUBUH",""
"27","Pasal 57","280.9","330.74","760.48","772.48","612.0","BCDGEE+BookmanOldStyle","12.0","305.82","306.0","0.00029411764705883467","0.45898692810457514","0.08143790849673208","False","BATANG TUBUH",""
"27","Pemerintah Daerah wajib memberikan jaminan, Pelindungan,","171.25","539.902","796.48","808.48","612.0","BCDGEE+BookmanOldStyle","12.000000000000014","355.576","306.0","0.08100653594771245","0.2798202614379085","0.6023725490196079","False","BATANG TUBUH",""
"27","dan pendampingan kepada Penyandang Disabilitas untuk","171.25","539.6380000000001","814.48","826.48","612.0","BCDGEE+BookmanOldStyle","12.0","355.4440000000001","306.0","0.08079084967320274","0.2798202614379085","0.6019411764705884","False","BATANG TUBUH",""
"27","berwirausaha dan mendirikan badan usaha sesuai dengan","171.25","539.446","832.475","844.475","612.0","BCDGEE+BookmanOldStyle","12.0","355.348","306.0","0.0806339869281046","0.2798202614379085","0.6016274509803922","False","BATANG TUBUH",""
"27","ketentuan peraturan perundang-undangan.","171.25","430.10799999999995","850.5","862.5","612.0","BCDGEE+BookmanOldStyle","12.0","300.679","306.0","0.008694444444444487","0.2798202614379085","0.42297058823529404","False","BATANG TUBUH",""
"28","28","298.7","313.53999999999996","23.300000000000068","35.30000000000007","612.0","BCDGEE+BookmanOldStyle","12.0","306.12","306.0","0.00019607843137255644","0.4880718954248366","0.024248366013071853","False","BATANG TUBUH",""
"28","Pasal 58","280.9","330.74","74.12","86.12","612.0","BCDGEE+BookmanOldStyle","12.0","305.82","306.0","0.00029411764705883467","0.45898692810457514","0.08143790849673208","False","BATANG TUBUH",""
"28","Pemerintah Daerah dapat memberikan bantuan dan akses","171.25","539.752","116.32000000000005","128.32000000000005","612.0","BCDGEE+BookmanOldStyle","12.0","355.501","306.0","0.08088398692810454","0.2798202614379085","0.6021274509803921","False","BATANG TUBUH",""
"28","permodalan untuk usaha mandiri, badan usaha, dan/atau","171.25","539.9019999999999","137.5300000000001","149.5300000000001","612.0","BCDGEE+BookmanOldStyle","12.0","355.57599999999996","306.0","0.08100653594771236","0.2798202614379085","0.6023725490196077","False","BATANG TUBUH",""
"28","koperasi yang diselenggarakan oleh Penyandang Disabilitas.","171.25","526.306","158.73000000000002","170.73000000000002","612.0","BCDGEE+BookmanOldStyle","12.0","348.778","306.0","0.06989869281045755","0.2798202614379085","0.5801568627450981","False","BATANG TUBUH",""
"28","Pasal 59","280.9","330.74","200.95000000000005","212.95000000000005","612.0","BCDGEE+BookmanOldStyle","12.0","305.82","306.0","0.00029411764705883467","0.45898692810457514","0.08143790849673208","False","BATANG TUBUH",""
"28","Pemerintah Daerah wajib memperluas peluang dalam","171.25","539.632","243.1500000000001","255.1500000000001","612.0","BCDGEE+BookmanOldStyle","12.0","355.441","306.0","0.08078594771241826","0.2798202614379085","0.6019313725490195","False","BATANG TUBUH",""
"28","pengadaan barang dan jasa kepada unit usaha mandiri yang","171.25","539.5539999999999","264.35","276.35","612.0","BCDGEE+BookmanOldStyle","12.0","355.40199999999993","306.0","0.08072222222222211","0.2798202614379085","0.6018039215686273","False","BATANG TUBUH",""
"28","diselenggarakan oleh Penyandang Disabilitas sesuai dengan","171.25","539.842","285.37","297.37","612.0","BCDGEE+BookmanOldStyle","12.0","355.546","306.0","0.08095751633986926","0.2798202614379085","0.6022745098039215","False","BATANG TUBUH",""
"28","ketentuan peraturan perundang-undangan.","171.25","430.10799999999995","306.57000000000005","318.57000000000005","612.0","BCDGEE+BookmanOldStyle","12.0","300.679","306.0","0.008694444444444487","0.2798202614379085","0.42297058823529404","False","BATANG TUBUH",""
"28","Pasal 60","280.9","330.74","348.7700000000001","360.7700000000001","612.0","BCDGEE+BookmanOldStyle","12.0","305.82","306.0","0.00029411764705883467","0.45898692810457514","0.08143790849673208","False","BATANG TUBUH",""
"28","Pemerintah Daerah wajib memfasilitasi pemasaran produk","171.25","539.548","391.20000000000005","403.20000000000005","612.0","BCDGEE+BookmanOldStyle","12.0","355.399","306.0","0.08071732026143791","0.2798202614379085","0.6017941176470588","False","BATANG TUBUH",""
"28","yang dihasilkan oleh unit usaha mandiri yang","171.25","539.674","412.20000000000005","424.2","612.0","BCDGEE+BookmanOldStyle","11.999999999999943","355.462","306.0","0.08082026143790848","0.2798202614379085","0.602","False","BATANG TUBUH",""
"28","diselenggarakan oleh Penyandang Disabilitas.","171.25","441.16999999999996","433.4","445.4","612.0","BCDGEE+BookmanOldStyle","12.0","306.21","306.0","0.00034313725490192734","0.2798202614379085","0.44104575163398685","False","BATANG TUBUH",""
"28","Pasal 61","280.9","330.74","475.59999999999997","487.59999999999997","612.0","BCDGEE+BookmanOldStyle","12.0","305.82","306.0","0.00029411764705883467","0.45898692810457514","0.08143790849673208","False","BATANG TUBUH",""
"28","Pemerintah Daerah wajib memberikan pelatihan","171.25","539.7399999999999","518.03","530.03","612.0","BCDGEE+BookmanOldStyle","12.0","355.49499999999995","306.0","0.08087418300653586","0.2798202614379085","0.6021078431372547","False","BATANG TUBUH",""
"28","kewirausahaan kepada Penyandang Disabilitas yang","171.25","539.4340000000001","539.03","551.03","612.0","BCDGEE+BookmanOldStyle","12.0","355.34200000000004","306.0","0.08062418300653601","0.2798202614379085","0.601607843137255","False","BATANG TUBUH",""
"28","menjalankan unit usaha mandiri.","171.25","369.90999999999997","560.23","572.23","612.0","BCDGEE+BookmanOldStyle","12.0","270.58","306.0","0.05787581699346408","0.2798202614379085","0.3246078431372548","False","BATANG TUBUH",""
"28","Bagian Kelima","263.27","347.98999999999995","602.4200000000001","614.4200000000001","612.0","BCDGEE+BookmanOldStyle","12.0","305.63","306.0","0.0006045751633987003","0.43017973856209146","0.13843137254901955","False","BATANG TUBUH",""
"28","Kesehatan","275.08","336.76","623.65","635.65","612.0","BCDGEE+BookmanOldStyle","12.0","305.91999999999996","306.0","0.0001307189542484329","0.4494771241830065","0.10078431372549021","False","BATANG TUBUH",""
"28","Pasal 62","280.9","330.74","665.8499999999999","677.8499999999999","612.0","BCDGEE+BookmanOldStyle","12.0","305.82","306.0","0.00029411764705883467","0.45898692810457514","0.08143790849673208","False","BATANG TUBUH",""
"28","(1) Pemerintah Daerah dan swasta wajib memastikan fasilitas","171.25","539.5580000000001","708.05","720.05","612.0","BCDGEE+BookmanOldStyle","12.0","355.40400000000005","306.0","0.08072549019607851","0.2798202614379085","0.60181045751634","False","BATANG TUBUH",""
"28","pelayanan kesehatan menerima pasien Penyandang","192.65","539.652","729.25","741.25","612.0","BCDGEE+BookmanOldStyle","12.0","366.151","306.0","0.09828594771241832","0.3147875816993464","0.5669967320261439","False","BATANG TUBUH",""
"28","Disabilitas.","192.65","258.854","750.47","762.47","612.0","BCDGEE+BookmanOldStyle","12.0","225.752","306.0","0.13112418300653594","0.3147875816993464","0.10817647058823526","False","BATANG TUBUH",""
"28","(2) Pemerintah Daerah dan swasta wajib menyediakan","171.25","539.708","771.48","783.48","612.0","BCDGEE+BookmanOldStyle","12.0","355.479","306.0","0.08084803921568624","0.2798202614379085","0.6020555555555555","False","BATANG TUBUH",""
"28","fasilitas pelayanan kesehatan kepada Penyandang","192.65","539.666","792.67","804.67","612.0","BCDGEE+BookmanOldStyle","12.0","366.158","306.0","0.09829738562091506","0.3147875816993464","0.5670196078431374","False","BATANG TUBUH",""
"28","Disabilitas tanpa Diskriminasi sesuai dengan standar dan","192.65","539.4739999999999","813.87","825.87","612.0","BCDGEE+BookmanOldStyle","12.0","366.06199999999995","306.0","0.09814052287581693","0.3147875816993464","0.5667058823529411","False","BATANG TUBUH",""
"28","ketentuan peraturan perundang-undangan.","192.65","451.518","834.875","846.875","612.0","BCDGEE+BookmanOldStyle","12.0","322.084","306.0","0.02628104575163399","0.3147875816993464","0.42298692810457506","False","BATANG TUBUH",""
"29","29","298.7","313.53999999999996","23.300000000000068","35.30000000000007","612.0","BCDGEE+BookmanOldStyle","12.0","306.12","306.0","0.00019607843137255644","0.4880718954248366","0.024248366013071853","False","BATANG TUBUH",""
"29","Pasal 63","280.9","330.74","74.12","86.12","612.0","BCDGEE+BookmanOldStyle","12.0","305.82","306.0","0.00029411764705883467","0.45898692810457514","0.08143790849673208","False","BATANG TUBUH",""
"29","(1) Pemerintah Daerah dan swasta wajib memberikan","171.25","539.436","110.73000000000002","122.73000000000002","612.0","BCDGEE+BookmanOldStyle","12.0","355.343","306.0","0.08062581699346408","0.2798202614379085","0.6016111111111112","False","BATANG TUBUH",""
"29","pelayanan kesehatan untuk Penyandang Disabilitas tanpa","192.65","539.75","129.12","141.12","612.0","BCDGEE+BookmanOldStyle","12.0","366.2","306.0","0.09836601307189541","0.3147875816993464","0.567156862745098","False","BATANG TUBUH",""
"29","Diskriminasi sesuai dengan standar dan ketentuan","192.65","539.5699999999999","147.32000000000005","159.32000000000005","612.0","BCDGEE+BookmanOldStyle","12.0","366.10999999999996","306.0","0.09821895424836594","0.3147875816993464","0.5668627450980391","False","BATANG TUBUH",""
"29","peraturan perundang-undangan.","192.65","387.66799999999995","165.75","177.75","612.0","BCDGEE+BookmanOldStyle","12.0","290.159","306.0","0.025883986928104587","0.3147875816993464","0.31865686274509797","False","BATANG TUBUH",""
"29","(2) Pelayanan kesehatan bagi Penyandang Disabilitas","171.25","539.606","183.95000000000005","195.95000000000005","612.0","BCDGEE+BookmanOldStyle","12.0","355.428","306.0","0.08076470588235293","0.2798202614379085","0.6018888888888889","False","BATANG TUBUH",""
"29","sebagaimana dimaksud pada ayat (1) harus diberikan oleh","192.65","539.438","202.35000000000002","214.35000000000002","612.0","BCDGEE+BookmanOldStyle","12.0","366.044","306.0","0.09811111111111108","0.3147875816993464","0.5666470588235294","False","BATANG TUBUH",""
"29","tenaga kesehatan yang memiliki kompetensi dan","192.65","539.5579999999999","220.55000000000007","232.55000000000007","612.0","BCDGEE+BookmanOldStyle","12.0","366.1039999999999","306.0","0.09820915032679726","0.3147875816993464","0.5668431372549018","False","BATANG TUBUH",""
"29","kewenangan untuk melakukan pelayanan terhadap","192.65","539.64","238.95000000000005","250.95000000000005","612.0","BCDGEE+BookmanOldStyle","12.0","366.145","306.0","0.09827614379084965","0.3147875816993464","0.5669771241830065","False","BATANG TUBUH",""
"29","Penyandang Disabilitas.","192.65","334.406","257.35","269.35","612.0","BCDGEE+BookmanOldStyle","12.0","263.528","306.0","0.06939869281045748","0.3147875816993464","0.23162745098039217","False","BATANG TUBUH",""
"29","(3) Pemerintah Daerah menjamin pelayanan kesehatan bagi","171.25","539.754","275.57000000000005","287.57000000000005","612.0","BCDGEE+BookmanOldStyle","12.0","355.502","306.0","0.0808856209150327","0.2798202614379085","0.6021307189542484","False","BATANG TUBUH",""
"29","Penyandang Disabilitas dalam program jaminan","192.65","539.5459999999999","293.98","305.98","612.0","BCDGEE+BookmanOldStyle","12.0","366.09799999999996","306.0","0.09819934640522869","0.3147875816993464","0.5668235294117646","False","BATANG TUBUH",""
"29","kesehatan nasional sesuai dengan ketentuan peraturan","192.65","539.6959999999999","312.1700000000001","324.1700000000001","612.0","BCDGEE+BookmanOldStyle","12.0","366.17299999999994","306.0","0.0983218954248365","0.3147875816993464","0.5670686274509803","False","BATANG TUBUH",""
"29","perundang-undangan.","192.65","325.03799999999995","330.57000000000005","342.57000000000005","612.0","BCDGEE+BookmanOldStyle","12.0","258.844","306.0","0.07705228758169935","0.3147875816993464","0.21632026143790842","False","BATANG TUBUH",""
"29","Pasal 64","280.9","330.74","367.1700000000001","379.1700000000001","612.0","BCDGEE+BookmanOldStyle","12.0","305.82","306.0","0.00029411764705883467","0.45898692810457514","0.08143790849673208","False","BATANG TUBUH",""
"29","(1) Pemerintah Daerah wajib menyediakan tenaga kesehatan","171.25","539.708","403.80000000000007","415.80000000000007","612.0","BCDGEE+BookmanOldStyle","12.0","355.479","306.0","0.08084803921568624","0.2798202614379085","0.6020555555555555","False","BATANG TUBUH",""
"29","yang memiliki kompetensi dan kewenangan dalam pelayanan","192.65","540.0219999999999","422.20000000000005","434.2","612.0","BCDGEE+BookmanOldStyle","11.999999999999943","366.33599999999996","306.0","0.09858823529411757","0.3147875816993464","0.5676013071895424","False","BATANG TUBUH",""
"29","kesehatan bagi Penyandang Disabilitas dari fasilitas","192.65","539.4019999999999","440.4","452.4","612.0","BCDGEE+BookmanOldStyle","12.0","366.02599999999995","306.0","0.09808169934640515","0.3147875816993464","0.5665882352941176","False","BATANG TUBUH",""
"29","kesehatan tingkat pertama sampai ke tingkat lanjut.","192.65","502.63400000000007","458.8","470.8","612.0","BCDGEE+BookmanOldStyle","12.0","347.64200000000005","306.0","0.06804248366013081","0.3147875816993464","0.5065098039215686","False","BATANG TUBUH",""
"29","(2) Dalam hal tenaga kesehatan yang memiliki kompetensi","171.25","539.784","477.0","489.0","612.0","BCDGEE+BookmanOldStyle","12.0","355.517","306.0","0.08091013071895424","0.2798202614379085","0.6021797385620915","False","BATANG TUBUH",""
"29","dan kewenangan dalam pelayanan kesehatan bagi","192.65","539.606","495.4","507.4","612.0","BCDGEE+BookmanOldStyle","12.0","366.128","306.0","0.09824836601307187","0.3147875816993464","0.566921568627451","False","BATANG TUBUH",""
"29","Penyandang Disabilitas belum tersedia, tenaga kesehatan","192.65","539.4499999999999","513.62","525.62","612.0","BCDGEE+BookmanOldStyle","12.0","366.04999999999995","306.0","0.09812091503267967","0.3147875816993464","0.5666666666666665","False","BATANG TUBUH",""
"29","yang ada di fasilitas pelayanan kesehatan tingkat pertama","192.65","539.4140000000001","532.03","544.03","612.0","BCDGEE+BookmanOldStyle","12.0","366.03200000000004","306.0","0.09809150326797392","0.3147875816993464","0.5666078431372551","False","BATANG TUBUH",""
"29","wajib merujuk kepada tenaga kesehatan yang memiliki","192.65","539.878","550.4200000000001","562.4200000000001","612.0","BCDGEE+BookmanOldStyle","12.0","366.264","306.0","0.09847058823529413","0.3147875816993464","0.5673660130718955","False","BATANG TUBUH",""
"29","kompetensi dan kewenangan dalam pelayanan kesehatan","192.65","539.85","568.62","580.62","612.0","BCDGEE+BookmanOldStyle","12.0","366.25","306.0","0.09844771241830065","0.3147875816993464","0.5673202614379086","False","BATANG TUBUH",""
"29","bagi Penyandang Disabilitas pada fasilitas pelayanan","192.65","539.426","587.02","599.02","612.0","BCDGEE+BookmanOldStyle","12.0","366.038","306.0","0.0981013071895425","0.3147875816993464","0.5666274509803922","False","BATANG TUBUH",""
"29","kesehatan lain.","192.65","283.022","605.23","617.23","612.0","BCDGEE+BookmanOldStyle","12.0","237.836","306.0","0.11137908496732024","0.3147875816993464","0.14766666666666664","False","BATANG TUBUH",""
"29","(3) Perujukan Penyandang Disabilitas sebagaimana dimaksud","171.25","539.3780000000002","623.65","635.65","612.0","BCDGEE+BookmanOldStyle","12.0","355.3140000000001","306.0","0.08057843137254915","0.2798202614379085","0.6015163398692813","False","BATANG TUBUH",""
"29","pada ayat (2) dapat dilakukan secara vertikal dan","192.65","539.2699999999999","641.8499999999999","653.8499999999999","612.0","BCDGEE+BookmanOldStyle","12.0","365.9599999999999","306.0","0.0979738562091502","0.3147875816993464","0.5663725490196077","False","BATANG TUBUH",""
"29","horizontal.","192.65","255.614","660.25","672.25","612.0","BCDGEE+BookmanOldStyle","12.0","224.132","306.0","0.13377124183006536","0.3147875816993464","0.10288235294117647","False","BATANG TUBUH",""
"29","(4) Rujukan sebagaimana dimaksud pada ayat (3) dapat","171.25","539.5339999999999","678.45","690.45","612.0","BCDGEE+BookmanOldStyle","12.0","355.39199999999994","306.0","0.08070588235294107","0.2798202614379085","0.6017712418300651","False","BATANG TUBUH",""
"29","dilakukan dalam bentuk pengiriman pasien dan spesimen,","192.65","539.6","696.85","708.85","612.0","BCDGEE+BookmanOldStyle","12.0","366.125","306.0","0.09824346405228758","0.3147875816993464","0.5669117647058824","False","BATANG TUBUH",""
"29","dan melalui telemedisin.","192.65","336.6379999999999","715.25","727.25","612.0","BCDGEE+BookmanOldStyle","12.0","264.64399999999995","306.0","0.06757516339869289","0.3147875816993464","0.23527450980392142","False","BATANG TUBUH",""
"29","(5) Ketentuan mengenai mekanisme rujukan dilaksanakan","171.25","539.4979999999999","733.45","745.45","612.0","BCDGEE+BookmanOldStyle","12.0","355.37399999999997","306.0","0.08067647058823524","0.2798202614379085","0.6017124183006535","False","BATANG TUBUH",""
"29","sesuai dengan ketentuan peraturan perundang-undangan.","192.65","529.4060000000001","751.87","763.87","612.0","BCDGEE+BookmanOldStyle","12.0","361.028","306.0","0.08991503267973859","0.3147875816993464","0.5502549019607844","False","BATANG TUBUH",""
"29","Pasal 65","280.9","330.74","788.48","800.48","612.0","BCDGEE+BookmanOldStyle","12.0","305.82","306.0","0.00029411764705883467","0.45898692810457514","0.08143790849673208","False","BATANG TUBUH",""
"29","Pemerintah Daerah wajib menjamin ketersediaan perbekalan","171.25","539.484","825.08","837.08","612.0","BCDGEE+BookmanOldStyle","12.0","355.367","306.0","0.0806650326797386","0.2798202614379085","0.6016895424836602","False","BATANG TUBUH",""
"29","kesehatan bagi Penyandang Disabilitas.","171.25","405.63599999999997","843.275","855.275","612.0","BCDGEE+BookmanOldStyle","12.0","288.443","306.0","0.028687908496732053","0.2798202614379085","0.3829836601307189","False","BATANG TUBUH",""
"30","30","298.7","313.53999999999996","23.300000000000068","35.30000000000007","612.0","BCDGEE+BookmanOldStyle","12.0","306.12","306.0","0.00019607843137255644","0.4880718954248366","0.024248366013071853","False","BATANG TUBUH",""
"30","Pasal 66","280.9","330.74","74.12","86.12","612.0","BCDGEE+BookmanOldStyle","12.0","305.82","306.0","0.00029411764705883467","0.45898692810457514","0.08143790849673208","False","BATANG TUBUH",""
"30","(1) Pemerintah Daerah wajib menjamin ketersediaan","171.25","539.574","112.32000000000005","124.32000000000005","612.0","BCDGEE+BookmanOldStyle","12.0","355.412","306.0","0.08073856209150324","0.2798202614379085","0.6018366013071895","False","BATANG TUBUH",""
"30","pelayanan kesehatan yang dibutuhkan oleh Penyandang","192.65","539.5939999999999","131.5300000000001","143.5300000000001","612.0","BCDGEE+BookmanOldStyle","12.0","366.12199999999996","306.0","0.0982385620915032","0.3147875816993464","0.5669019607843137","False","BATANG TUBUH",""
"30","Disabilitas sesuai dengan kebutuhan dan ragam","192.65","539.6179999999998","150.73000000000002","162.73000000000002","612.0","BCDGEE+BookmanOldStyle","12.0","366.1339999999999","306.0","0.09825816993464036","0.3147875816993464","0.566941176470588","False","BATANG TUBUH",""
"30","Disabilitasnya.","192.65","280.32","169.75","181.75","612.0","BCDGEE+BookmanOldStyle","12.0","236.485","306.0","0.11358660130718952","0.3147875816993464","0.14325163398692808","False","BATANG TUBUH",""
"30","(2) Ketersediaan pelayanan kesehatan yang dibutuhkan oleh","171.25","539.474","188.95000000000005","200.95000000000005","612.0","BCDGEE+BookmanOldStyle","12.0","355.362","306.0","0.08065686274509808","0.2798202614379085","0.6016732026143792","False","BATANG TUBUH",""
"30","Penyandang Disabilitas sebagaimana dimaksud pada","192.65","539.664","208.1500000000001","220.1500000000001","612.0","BCDGEE+BookmanOldStyle","12.0","366.157","306.0","0.0982957516339869","0.3147875816993464","0.567016339869281","False","BATANG TUBUH",""
"30","ayat (1) dirancang untuk meminimalkan hambatan dan","192.65","539.4019999999998","227.1500000000001","239.1500000000001","612.0","BCDGEE+BookmanOldStyle","12.0","366.0259999999999","306.0","0.09808169934640507","0.3147875816993464","0.5665882352941174","False","BATANG TUBUH",""
"30","mencegah terjadinya disabilitas lebih lanjut sesuai dengan","192.65","539.438","246.35000000000002","258.35","612.0","BCDGEE+BookmanOldStyle","12.0","366.044","306.0","0.09811111111111108","0.3147875816993464","0.5666470588235294","False","BATANG TUBUH",""
"30","ketentuan peraturan perundang-undangan.","192.65","451.518","265.55000000000007","277.55000000000007","612.0","BCDGEE+BookmanOldStyle","12.0","322.084","306.0","0.02628104575163399","0.3147875816993464","0.42298692810457506","False","BATANG TUBUH",""
"30","Pasal 67","280.9","330.74","303.7700000000001","315.7700000000001","612.0","BCDGEE+BookmanOldStyle","12.0","305.82","306.0","0.00029411764705883467","0.45898692810457514","0.08143790849673208","False","BATANG TUBUH",""
"30","Pemerintah Daerah wajib menjamin ketersediaan pelayanan","171.25","539.846","341.98","353.98","612.0","BCDGEE+BookmanOldStyle","12.0","355.548","306.0","0.0809607843137255","0.2798202614379085","0.602281045751634","False","BATANG TUBUH",""
"30","rehabilitasi medis sesuai dengan kebutuhan dan ragam","171.25","539.2299999999999","361.1700000000001","373.1700000000001","612.0","BCDGEE+BookmanOldStyle","12.0","355.23999999999995","306.0","0.08045751633986921","0.2798202614379085","0.6012745098039214","False","BATANG TUBUH",""
"30","disabilitasnya.","171.25","256.63","380.37","392.37","612.0","BCDGEE+BookmanOldStyle","12.0","213.94","306.0","0.1504248366013072","0.2798202614379085","0.13950980392156861","False","BATANG TUBUH",""
"30","Pasal 68","280.9","330.74","418.6","430.59999999999997","612.0","BCDGEE+BookmanOldStyle","11.999999999999943","305.82","306.0","0.00029411764705883467","0.45898692810457514","0.08143790849673208","False","BATANG TUBUH",""
"30","Pemerintah Daerah wajib menjamin ketersediaan alat","171.25","539.704","456.8","468.8","612.0","BCDGEE+BookmanOldStyle","12.0","355.477","306.0","0.08084477124183002","0.2798202614379085","0.6020490196078431","False","BATANG TUBUH",""
"30","nonkesehatan yang dibutuhkan oleh Penyandang Disabilitas","171.25","539.3620000000001","476.0","488.0","612.0","BCDGEE+BookmanOldStyle","12.0","355.30600000000004","306.0","0.08056535947712425","0.2798202614379085","0.6014901960784315","False","BATANG TUBUH",""
"30","di fasilitas pelayanan kesehatan.","171.25","364.162","495.2","507.2","612.0","BCDGEE+BookmanOldStyle","12.0","267.706","306.0","0.06257189542483657","0.2798202614379085","0.31521568627450974","False","BATANG TUBUH",""
"30","Pasal 69","280.9","330.74","533.4200000000001","545.4200000000001","612.0","BCDGEE+BookmanOldStyle","12.0","305.82","306.0","0.00029411764705883467","0.45898692810457514","0.08143790849673208","False","BATANG TUBUH",""
"30","Pemerintah Daerah wajib menyelenggarakan pelatihan tenaga","171.25","539.644","571.63","583.63","612.0","BCDGEE+BookmanOldStyle","12.0","355.447","306.0","0.08079575163398693","0.2798202614379085","0.6019509803921569","False","BATANG TUBUH",""
"30","kesehatan di Daerah agar mampu memberikan pelayanan","171.25","539.4219999999999","590.8199999999999","602.8199999999999","612.0","BCDGEE+BookmanOldStyle","12.0","355.33599999999996","306.0","0.08061437908496724","0.2798202614379085","0.6015882352941175","False","BATANG TUBUH",""
"30","kesehatan bagi Penyandang Disabilitas.","171.25","405.54999999999995","610.03","622.03","612.0","BCDGEE+BookmanOldStyle","12.0","288.4","306.0","0.02875816993464056","0.2798202614379085","0.3828431372549019","False","BATANG TUBUH",""
"30","Pasal 70","280.9","330.73999999999995","648.25","660.25","612.0","BCDGEE+BookmanOldStyle","12.0","305.81999999999994","306.0","0.00029411764705892753","0.45898692810457514","0.08143790849673199","False","BATANG TUBUH",""
"30","Tenaga kesehatan dalam melakukan tindakan medis wajib","171.25","539.1700000000001","686.45","698.45","612.0","BCDGEE+BookmanOldStyle","12.0","355.21000000000004","306.0","0.0804084967320262","0.2798202614379085","0.6011764705882354","False","BATANG TUBUH",""
"30","mendapatkan persetujuan dari Penyandang Disabilitas sesuai","171.25","539.1440000000001","705.65","717.65","612.0","BCDGEE+BookmanOldStyle","12.0","355.19700000000006","306.0","0.08038725490196089","0.2798202614379085","0.6011339869281048","False","BATANG TUBUH",""
"30","dengan ketentuan peraturan perundang-undangan.","171.25","476.90799999999996","724.85","736.85","612.0","BCDGEE+BookmanOldStyle","12.0","324.07899999999995","306.0","0.029540849673202533","0.2798202614379085","0.49944117647058817","False","BATANG TUBUH",""
"30","Pasal 71","280.9","330.74","763.0699999999999","775.0699999999999","612.0","BCDGEE+BookmanOldStyle","12.0","305.82","306.0","0.00029411764705883467","0.45898692810457514","0.08143790849673208","False","BATANG TUBUH",""
"30","Rumah Sakit yang menyediakan pelayanan psikiatri wajib","171.25","539.1700000000001","801.28","813.28","612.0","BCDGEE+BookmanOldStyle","12.0","355.21000000000004","306.0","0.0804084967320262","0.2798202614379085","0.6011764705882354","False","BATANG TUBUH",""
"30","memberikan pelayanan kepada Penyandang Disabilitas sesuai","171.25","539.3260000000001","820.47","832.47","612.0","BCDGEE+BookmanOldStyle","12.0","355.28800000000007","306.0","0.08053594771241841","0.2798202614379085","0.6014313725490198","False","BATANG TUBUH",""
"30","dengan standar.","171.25","267.214","839.675","851.675","612.0","BCDGEE+BookmanOldStyle","12.0","219.232","306.0","0.14177777777777778","0.2798202614379085","0.15680392156862744","False","BATANG TUBUH",""
"31","31","298.7","313.53999999999996","23.300000000000068","35.30000000000007","612.0","BCDGEE+BookmanOldStyle","12.0","306.12","306.0","0.00019607843137255644","0.4880718954248366","0.024248366013071853","False","BATANG TUBUH",""
"31","Pasal 72","280.9","330.74","74.12","86.12","612.0","BCDGEE+BookmanOldStyle","12.0","305.82","306.0","0.00029411764705883467","0.45898692810457514","0.08143790849673208","False","BATANG TUBUH",""
"31","(1) Fasilitas perawatan untuk pasien Penyandang Disabilitas","171.25","539.546","112.12","124.12","612.0","BCDGEE+BookmanOldStyle","12.0","355.398","306.0","0.08071568627450984","0.2798202614379085","0.6017908496732027","False","BATANG TUBUH",""
"31","mental harus dilaksanakan sesuai dengan prinsip","192.65","539.8820000000001","131.12","143.12","612.0","BCDGEE+BookmanOldStyle","12.0","366.266","306.0","0.09847385620915036","0.3147875816993464","0.567372549019608","False","BATANG TUBUH",""
"31","keselamatan dan kepuasan pasien.","192.65","400.37","150.12","162.12","612.0","BCDGEE+BookmanOldStyle","12.0","296.51","306.0","0.015506535947712433","0.3147875816993464","0.33941176470588236","False","BATANG TUBUH",""
"31","(2) Prinsip keselamatan dan kepuasan pasien sebagaimana","171.25","539.5460000000002","169.1500000000001","181.1500000000001","612.0","BCDGEE+BookmanOldStyle","12.0","355.3980000000001","306.0","0.08071568627450994","0.2798202614379085","0.6017908496732028","False","BATANG TUBUH",""
"31","dimaksud pada ayat (1) dilaksanakan sesuai dengan","192.65","539.462","188.1500000000001","200.1500000000001","612.0","BCDGEE+BookmanOldStyle","12.0","366.056","306.0","0.09813071895424834","0.3147875816993464","0.5666862745098039","False","BATANG TUBUH",""
"31","ketentuan peraturan perundang-undangan.","192.65","451.518","207.35000000000002","219.35000000000002","612.0","BCDGEE+BookmanOldStyle","12.0","322.084","306.0","0.02628104575163399","0.3147875816993464","0.42298692810457506","False","BATANG TUBUH",""
"31","Pasal 73","280.9","330.74","245.35000000000002","257.35","612.0","BCDGEE+BookmanOldStyle","12.0","305.82","306.0","0.00029411764705883467","0.45898692810457514","0.08143790849673208","False","BATANG TUBUH",""
"31","Segala tindakan medik kepada pasien Penyandang Disabilitas","171.25","539.596","283.37","295.37","612.0","BCDGEE+BookmanOldStyle","12.0","355.423","306.0","0.08075653594771243","0.2798202614379085","0.6018725490196078","False","BATANG TUBUH",""
"31","mental dilaksanakan sesuai dengan standar.","171.25","436.102","302.37","314.37","612.0","BCDGEE+BookmanOldStyle","12.0","303.676","306.0","0.003797385620915053","0.2798202614379085","0.4327647058823529","False","BATANG TUBUH",""
"31","Pasal 74","280.9","330.74","340.38","352.38","612.0","BCDGEE+BookmanOldStyle","12.0","305.82","306.0","0.00029411764705883467","0.45898692810457514","0.08143790849673208","False","BATANG TUBUH",""
"31","(1) Penyelenggara pelayanan kesehatan wajib menyediakan","171.25","539.7139999999999","378.38","390.38","612.0","BCDGEE+BookmanOldStyle","12.0","355.48199999999997","306.0","0.08085294117647054","0.2798202614379085","0.6020653594771241","False","BATANG TUBUH",""
"31","pelayanan informasi tentang disabilitas.","192.65","428.714","397.4000000000001","409.4000000000001","612.0","BCDGEE+BookmanOldStyle","12.0","310.682","306.0","0.007650326797385648","0.3147875816993464","0.38572549019607844","False","BATANG TUBUH",""
"31","(2) Layanan informasi sebagaimana dimaksud pada ayat (1)","171.25","539.3419999999999","416.4","428.4","612.0","BCDGEE+BookmanOldStyle","12.0","355.29599999999994","306.0","0.08054901960784303","0.2798202614379085","0.6014575163398691","False","BATANG TUBUH",""
"31","termasuk memberikan informasi mengenai rujukan","192.65","539.7199999999999","435.59999999999997","447.59999999999997","612.0","BCDGEE+BookmanOldStyle","12.0","366.18499999999995","306.0","0.09834150326797376","0.3147875816993464","0.5671078431372548","False","BATANG TUBUH",""
"31","rehabilitasi lanjutan yang tersedia bagi Penyandang","192.65","539.666","454.59999999999997","466.59999999999997","612.0","BCDGEE+BookmanOldStyle","12.0","366.158","306.0","0.09829738562091506","0.3147875816993464","0.5670196078431374","False","BATANG TUBUH",""
"31","Disabilitas.","192.65","258.854","473.59999999999997","485.59999999999997","612.0","BCDGEE+BookmanOldStyle","12.0","225.752","306.0","0.13112418300653594","0.3147875816993464","0.10817647058823526","False","BATANG TUBUH",""
"31","Pasal 75","280.9","330.74","511.62","523.62","612.0","BCDGEE+BookmanOldStyle","12.0","305.82","306.0","0.00029411764705883467","0.45898692810457514","0.08143790849673208","False","BATANG TUBUH",""
"31","(1) Pemerintah Daerah wajib menjamin akses bagi","171.25","539.6260000000001","549.62","561.62","612.0","BCDGEE+BookmanOldStyle","12.0","355.43800000000005","306.0","0.08078104575163406","0.2798202614379085","0.6019215686274512","False","BATANG TUBUH",""
"31","Penyandang Disabilitas terhadap pelayanan air bersih.","192.65","515.294","568.62","580.62","612.0","BCDGEE+BookmanOldStyle","12.0","353.972","306.0","0.07838562091503265","0.3147875816993464","0.5271960784313725","False","BATANG TUBUH",""
"31","(2) Pemerintah Daerah wajib menjamin akses terhadap","171.25","539.8480000000001","587.62","599.62","612.0","BCDGEE+BookmanOldStyle","12.0","355.54900000000004","306.0","0.08096241830065365","0.2798202614379085","0.6022843137254903","False","BATANG TUBUH",""
"31","fasilitas sanitasi yang layak.","192.65","358.80199999999996","606.62","618.62","612.0","BCDGEE+BookmanOldStyle","12.0","275.726","306.0","0.04946732026143791","0.3147875816993464","0.2714901960784313","False","BATANG TUBUH",""
"31","Bagian Keenam","259.88","351.70399999999995","644.65","656.65","612.0","BCDGEE+BookmanOldStyle","12.0","305.792","306.0","0.0003398692810457955","0.424640522875817","0.15003921568627443","False","BATANG TUBUH",""
"31","Politik","287.5","324.52","663.65","675.65","612.0","BCDGEE+BookmanOldStyle","12.0","306.01","306.0","1.633986928103089e-05","0.46977124183006536","0.06049019607843134","False","BATANG TUBUH",""
"31","Pasal 76","280.9","330.74","701.85","713.85","612.0","BCDGEE+BookmanOldStyle","12.0","305.82","306.0","0.00029411764705883467","0.45898692810457514","0.08143790849673208","False","BATANG TUBUH",""
"31","(1) Pemerintah Daerah wajib menjamin agar Penyandang","171.25","540.05","739.88","751.88","612.0","BCDGEE+BookmanOldStyle","12.0","355.65","306.0","0.08112745098039212","0.2798202614379085","0.6026143790849673","False","BATANG TUBUH",""
"31","Disabilitas dapat berpartisipasi secara efektif dan penuh","192.65","539.9499999999999","758.87","770.87","612.0","BCDGEE+BookmanOldStyle","12.0","366.29999999999995","306.0","0.09852941176470581","0.3147875816993464","0.5674836601307188","False","BATANG TUBUH",""
"31","dalam kehidupan politik dan publik secara langsung atau","192.65","539.654","777.87","789.87","612.0","BCDGEE+BookmanOldStyle","12.0","366.152","306.0","0.09828758169934639","0.3147875816993464","0.5670000000000001","False","BATANG TUBUH",""
"31","melalui perwakilan.","192.65","308.41399999999993","796.87","808.87","612.0","BCDGEE+BookmanOldStyle","12.000000000000014","250.53199999999998","306.0","0.0906339869281046","0.3147875816993464","0.1891568627450979","False","BATANG TUBUH",""
"31","(2) Pemerintah Daerah wajib menjamin hak dan kesempatan","171.25","539.8639999999999","815.87","827.87","612.0","BCDGEE+BookmanOldStyle","12.0","355.55699999999996","306.0","0.08097549019607836","0.2798202614379085","0.6023104575163397","False","BATANG TUBUH",""
"31","bagi Penyandang Disabilitas untuk memilih dan dipilih.","192.65","521.1260000000001","834.875","846.875","612.0","BCDGEE+BookmanOldStyle","12.0","356.88800000000003","306.0","0.08315032679738568","0.3147875816993464","0.5367254901960786","False","BATANG TUBUH",""
"32","32","298.7","313.53999999999996","23.300000000000068","35.30000000000007","612.0","BCDGEE+BookmanOldStyle","12.0","306.12","306.0","0.00019607843137255644","0.4880718954248366","0.024248366013071853","False","BATANG TUBUH",""
"32","Pasal 77","280.9","330.74","74.12","86.12","612.0","BCDGEE+BookmanOldStyle","12.0","305.82","306.0","0.00029411764705883467","0.45898692810457514","0.08143790849673208","False","BATANG TUBUH",""
"32","Penyandang Disabilitas berhak untuk menduduki jabatan","171.25","539.686","116.92000000000007","128.92000000000007","612.0","BCDGEE+BookmanOldStyle","12.0","355.468","306.0","0.08083006535947715","0.2798202614379085","0.6020196078431373","False","BATANG TUBUH",""
"32","publik.","171.25","212.686","138.32000000000005","150.32000000000005","612.0","BCDGEE+BookmanOldStyle","12.0","191.96800000000002","306.0","0.18632679738562088","0.2798202614379085","0.06770588235294119","False","BATANG TUBUH",""
"32","Pasal 78","280.9","330.74","181.35000000000002","193.35000000000002","612.0","BCDGEE+BookmanOldStyle","12.0","305.82","306.0","0.00029411764705883467","0.45898692810457514","0.08143790849673208","False","BATANG TUBUH",""
"32","Pemerintah Daerah wajib menjamin hak politik","171.25","539.878","224.1500000000001","236.1500000000001","612.0","BCDGEE+BookmanOldStyle","12.0","355.564","306.0","0.0809869281045752","0.2798202614379085","0.6023333333333334","False","BATANG TUBUH",""
"32","Penyandang Disabilitas dengan memperhatikan keragaman","171.25","539.492","245.55000000000007","257.55000000000007","612.0","BCDGEE+BookmanOldStyle","12.0","355.371","306.0","0.08067156862745095","0.2798202614379085","0.6017026143790849","False","BATANG TUBUH",""
"32","Disabilitas dalam pemilihan umum, pemilihan gubernur,","171.25","539.2060000000001","266.95000000000005","278.95000000000005","612.0","BCDGEE+BookmanOldStyle","12.0","355.22800000000007","306.0","0.08043790849673213","0.2798202614379085","0.6012352941176473","False","BATANG TUBUH",""
"32","Bupati/walikota, dan pemilihan kepala desa, termasuk:","171.25","500.39","288.38","300.38","612.0","BCDGEE+BookmanOldStyle","12.0","335.82","306.0","0.04872549019607842","0.2798202614379085","0.5378104575163398","False","BATANG TUBUH",""
"32","a. berpartisipasi langsung untuk ikut dalam kegiatan dalam","171.25","539.6059999999999","309.7800000000001","321.7800000000001","612.0","BCDGEE+BookmanOldStyle","12.0","355.42799999999994","306.0","0.08076470588235285","0.2798202614379085","0.6018888888888887","False","BATANG TUBUH",""
"32","pemilihan umum, pemilihan gubernur, Bupati, dan","192.65","539.8499999999999","331.1700000000001","343.1700000000001","612.0","BCDGEE+BookmanOldStyle","12.0","366.24999999999994","306.0","0.09844771241830057","0.3147875816993464","0.5673202614379084","False","BATANG TUBUH",""
"32","pemilihan kepala desa;","192.65","328.14","352.57000000000005","364.57000000000005","612.0","BCDGEE+BookmanOldStyle","12.0","260.395","306.0","0.07451797385620917","0.3147875816993464","0.22138888888888886","False","BATANG TUBUH",""
"32","b. mendapatkan hak untuk didata sebagai pemilih dalam","171.25","539.4839999999999","374.1700000000001","386.1700000000001","612.0","BCDGEE+BookmanOldStyle","12.0","355.36699999999996","306.0","0.0806650326797385","0.2798202614379085","0.60168954248366","False","BATANG TUBUH",""
"32","pemilihan umum, pemilihan gubernur, Bupati, dan","192.65","539.8499999999999","395.6","407.6","612.0","BCDGEE+BookmanOldStyle","12.0","366.24999999999994","306.0","0.09844771241830057","0.3147875816993464","0.5673202614379084","False","BATANG TUBUH",""
"32","pemilihan kepala desa;","192.65","328.14","417.0","429.0","612.0","BCDGEE+BookmanOldStyle","12.0","260.395","306.0","0.07451797385620917","0.3147875816993464","0.22138888888888886","False","BATANG TUBUH",""
"32","c. memastikan bahwa prosedur, fasilitas, dan Alat Bantu","171.25","539.5219999999999","438.4","450.4","612.0","BCDGEE+BookmanOldStyle","12.0","355.38599999999997","306.0","0.0806960784313725","0.2798202614379085","0.601751633986928","False","BATANG TUBUH",""
"32","pemilihan bersifat layak, dapat diakses, serta mudah","192.65","539.4739999999999","459.8","471.8","612.0","BCDGEE+BookmanOldStyle","12.0","366.06199999999995","306.0","0.09814052287581693","0.3147875816993464","0.5667058823529411","False","BATANG TUBUH",""
"32","dipahami dan digunakan;","192.65","344.58199999999994","481.2","493.2","612.0","BCDGEE+BookmanOldStyle","12.0","268.616","306.0","0.06108496732026146","0.3147875816993464","0.2482549019607842","False","BATANG TUBUH",""
"32","d. melindungi hak Penyandang Disabilitas untuk memilih","171.25","539.514","502.59999999999997","514.5999999999999","612.0","BCDGEE+BookmanOldStyle","12.0","355.382","306.0","0.08068954248366014","0.2798202614379085","0.6017385620915033","False","BATANG TUBUH",""
"32","secara rahasia tanpa intimidasi;","192.65","382.33399999999995","524.03","536.03","612.0","BCDGEE+BookmanOldStyle","12.0","287.49199999999996","306.0","0.030241830065359538","0.3147875816993464","0.30994117647058816","False","BATANG TUBUH",""
"32","e. melindungi hak Penyandang Disabilitas untuk","171.25","539.6300000000002","545.4300000000001","557.4300000000001","612.0","BCDGEE+BookmanOldStyle","12.0","355.4400000000001","306.0","0.08078431372549037","0.2798202614379085","0.6019281045751638","False","BATANG TUBUH",""
"32","mencalonkan diri dalam pemilihan, untuk memegang","192.65","539.63","567.03","579.03","612.0","BCDGEE+BookmanOldStyle","12.0","366.14","306.0","0.09826797385620913","0.3147875816993464","0.5669607843137255","False","BATANG TUBUH",""
"32","jabatan, dan melaksanakan seluruh fungsi publik dalam","192.65","539.4019999999999","588.4200000000001","600.4200000000001","612.0","BCDGEE+BookmanOldStyle","12.0","366.02599999999995","306.0","0.09808169934640515","0.3147875816993464","0.5665882352941176","False","BATANG TUBUH",""
"32","semua tingkat pemerintahan;","192.65","366.926","609.8199999999999","621.8199999999999","612.0","BCDGEE+BookmanOldStyle","12.0","279.788","306.0","0.04283006535947711","0.3147875816993464","0.2847647058823529","False","BATANG TUBUH",""
"32","f. menjamin Penyandang Disabilitas agar dapat","171.25","539.5919999999999","631.25","643.25","612.0","BCDGEE+BookmanOldStyle","12.0","355.42099999999994","306.0","0.08075326797385611","0.2798202614379085","0.6018660130718952","False","BATANG TUBUH",""
"32","memanfaatkan penggunaan teknologi baru untuk","192.65","539.558","652.65","664.65","612.0","BCDGEE+BookmanOldStyle","12.0","366.104","306.0","0.09820915032679736","0.3147875816993464","0.566843137254902","False","BATANG TUBUH",""
"32","membantu pelaksanaan tugas;","192.65","374.92999999999995","674.05","686.05","612.0","BCDGEE+BookmanOldStyle","11.999999999999972","283.78999999999996","306.0","0.036290849673202674","0.3147875816993464","0.29784313725490186","False","BATANG TUBUH",""
"32","g. menjamin kebebasan Penyandang Disabilitas untuk","171.25","539.704","695.45","707.45","612.0","BCDGEE+BookmanOldStyle","12.0","355.477","306.0","0.08084477124183002","0.2798202614379085","0.6020490196078431","False","BATANG TUBUH",""
"32","memilih pendamping sesuai dengan pilihannya sendiri;","192.65","518.966","716.85","728.85","612.0","BCDGEE+BookmanOldStyle","12.0","355.808","306.0","0.08138562091503267","0.3147875816993464","0.5331960784313726","False","BATANG TUBUH",""
"32","h. mendapatkan informasi, sosialisasi, dan simulasi dalam","171.25","539.958","738.28","750.28","612.0","BCDGEE+BookmanOldStyle","12.0","355.604","306.0","0.08105228758169933","0.2798202614379085","0.6024640522875816","False","BATANG TUBUH",""
"32","setiap tahapan dalam pemilihan umum, pemilihan gubernur,","192.65","540.198","759.87","771.87","612.0","BCDGEE+BookmanOldStyle","12.0","366.424","306.0","0.09873202614379081","0.3147875816993464","0.5678888888888889","False","BATANG TUBUH",""
"32","Bupati, dan pemilihan kepala desa; dan","192.65","427.846","781.28","793.28","612.0","BCDGEE+BookmanOldStyle","12.0","310.248","306.0","0.00694117647058822","0.3147875816993464","0.38430718954248366","False","BATANG TUBUH",""
"32","i. menjamin terpenuhinya hak untuk terlibat sebagai","171.25","539.534","802.67","814.67","612.0","BCDGEE+BookmanOldStyle","12.000000000000014","355.392","306.0","0.08070588235294117","0.2798202614379085","0.6017712418300654","False","BATANG TUBUH",""
"32","penyelenggara dalam pemilihan umum, pemilihan gubernur,","192.65","540.22","824.08","836.08","612.0","BCDGEE+BookmanOldStyle","12.0","366.435","306.0","0.09875","0.3147875816993464","0.5679248366013073","False","BATANG TUBUH",""
"32","Bupati, dan pemilihan kepala desa.","192.65","401.77","845.475","857.475","612.0","BCDGEE+BookmanOldStyle","12.0","297.21","306.0","0.014362745098039248","0.3147875816993464","0.3416993464052287","False","BATANG TUBUH",""
"33","33","298.7","313.53999999999996","23.300000000000068","35.30000000000007","612.0","BCDGEE+BookmanOldStyle","12.0","306.12","306.0","0.00019607843137255644","0.4880718954248366","0.024248366013071853","False","BATANG TUBUH",""
"33","Bagian Ketujuh","259.88","351.776","74.12","86.12","612.0","BCDGEE+BookmanOldStyle","12.0","305.828","306.0","0.0002810457516340285","0.424640522875817","0.15015686274509807","False","BATANG TUBUH",""
"33","Keagamaan","271.67","339.92600000000004","93.12","105.12","612.0","BCDGEE+BookmanOldStyle","12.0","305.798","306.0","0.0003300653594771212","0.44390522875816996","0.11152941176470593","False","BATANG TUBUH",""
"33","Pasal 79","280.9","330.74","131.12","143.12","612.0","BCDGEE+BookmanOldStyle","12.0","305.82","306.0","0.00029411764705883467","0.45898692810457514","0.08143790849673208","False","BATANG TUBUH",""
"33","Dalam rangka Penghormatan, Pelindungan, dan Pemenuhan","171.25","539.5599999999998","169.1500000000001","181.1500000000001","612.0","BCDGEE+BookmanOldStyle","12.0","355.4049999999999","306.0","0.0807271241830064","0.2798202614379085","0.6018137254901958","False","BATANG TUBUH",""
"33","hak keagamaan Penyandang Disabilitas, Pemerintah Daerah","171.25","539.5419999999999","188.1500000000001","200.1500000000001","612.0","BCDGEE+BookmanOldStyle","12.0","355.39599999999996","306.0","0.08071241830065352","0.2798202614379085","0.60178431372549","False","BATANG TUBUH",""
"33","berkewajiban:","171.25","253.45000000000002","207.35000000000002","219.35000000000002","612.0","BCDGEE+BookmanOldStyle","12.0","212.35000000000002","306.0","0.15302287581699342","0.2798202614379085","0.1343137254901961","False","BATANG TUBUH",""
"33","a. melindungi Penyandang Disabilitas dari tekanan dan","171.05","539.6779999999999","226.35000000000002","238.35000000000002","612.0","BCDGEE+BookmanOldStyle","12.0","355.3639999999999","306.0","0.08066013071895412","0.2794934640522876","0.6023333333333332","False","BATANG TUBUH",""
"33","Diskriminasi oleh pihak mana pun untuk memeluk agama","192.65","539.926","245.35000000000002","257.35","612.0","BCDGEE+BookmanOldStyle","12.0","366.288","306.0","0.09850980392156865","0.3147875816993464","0.5674444444444445","False","BATANG TUBUH",""
"33","dan kepercayaan masing-masing dan beribadat menurut","192.65","539.87","264.35","276.35","612.0","BCDGEE+BookmanOldStyle","12.0","366.26","306.0","0.09846405228758169","0.3147875816993464","0.5673529411764706","False","BATANG TUBUH",""
"33","agama dan kepercayaannya;","192.65","360.73999999999995","283.37","295.37","612.0","BCDGEE+BookmanOldStyle","12.0","276.695","306.0","0.04788398692810459","0.3147875816993464","0.27465686274509793","False","BATANG TUBUH",""
"33","b. melakukan bimbingan dan penyuluhan agama terhadap","171.05","539.7739999999999","302.37","314.37","612.0","BCDGEE+BookmanOldStyle","12.0","355.4119999999999","306.0","0.08073856209150314","0.2794934640522876","0.6024901960784311","False","BATANG TUBUH",""
"33","Penyandang Disabilitas;","192.65","334.406","321.37","333.37","612.0","BCDGEE+BookmanOldStyle","12.0","263.528","306.0","0.06939869281045748","0.3147875816993464","0.23162745098039217","False","BATANG TUBUH",""
"33","c. mendorong dan/atau membantu pengelola rumah ibadah","171.05","539.6179999999998","340.38","352.38","612.0","BCDGEE+BookmanOldStyle","12.0","355.33399999999995","306.0","0.08061111111111102","0.2794934640522876","0.6022352941176468","False","BATANG TUBUH",""
"33","untuk menyediakan sarana dan prasarana yang mudah","192.65","539.842","359.38","371.38","612.0","BCDGEE+BookmanOldStyle","12.0","366.246","306.0","0.0984411764705882","0.3147875816993464","0.5673071895424837","False","BATANG TUBUH",""
"33","diakses oleh Penyandang Disabilitas; dan","192.65","436.886","378.38","390.38","612.0","BCDGEE+BookmanOldStyle","12.0","314.76800000000003","306.0","0.014326797385620963","0.3147875816993464","0.39907843137254906","False","BATANG TUBUH",""
"33","d. menyediakan kitab suci dan lektur keagamaan lain","171.05","539.6539999999999","397.4000000000001","409.4000000000001","612.0","BCDGEE+BookmanOldStyle","12.0","355.352","306.0","0.08064052287581695","0.2794934640522876","0.6022941176470586","False","BATANG TUBUH",""
"33","yang mudah diakses berdasarkan kebutuhan Penyandang","192.65","539.8340000000001","416.4","428.4","612.0","BCDGEE+BookmanOldStyle","12.0","366.242","306.0","0.09843464052287584","0.3147875816993464","0.567294117647059","False","BATANG TUBUH",""
"33","Disabilitas.","192.65","258.854","435.59999999999997","447.59999999999997","612.0","BCDGEE+BookmanOldStyle","12.0","225.752","306.0","0.13112418300653594","0.3147875816993464","0.10817647058823526","False","BATANG TUBUH",""
"33","Pasal 80","280.9","330.74","473.59999999999997","485.59999999999997","612.0","BCDGEE+BookmanOldStyle","12.0","305.82","306.0","0.00029411764705883467","0.45898692810457514","0.08143790849673208","False","BATANG TUBUH",""
"33","Pemerintah Daerah mengupayakan ketersediaan penerjemah","171.25","539.458","511.62","523.62","612.0","BCDGEE+BookmanOldStyle","12.0","355.354","306.0","0.08064379084967317","0.2798202614379085","0.6016470588235293","False","BATANG TUBUH",""
"33","bahasa isyarat dalam kegiatan peribadatan.","171.25","430.268","530.62","542.62","612.0","BCDGEE+BookmanOldStyle","12.0","300.759","306.0","0.008563725490196055","0.2798202614379085","0.4232320261437908","False","BATANG TUBUH",""
"33","Bagian Kedelapan","252.88","358.74399999999997","568.62","580.62","612.0","BCDGEE+BookmanOldStyle","12.0","305.812","306.0","0.00030718954248364083","0.41320261437908495","0.1729803921568627","False","BATANG TUBUH",""
"33","Keolahragaan","265.67","346.31","587.62","599.62","612.0","BCDGEE+BookmanOldStyle","12.0","305.99","306.0","1.633986928103089e-05","0.4341013071895425","0.13176470588235292","False","BATANG TUBUH",""
"33","Pasal 81","280.9","330.74","625.65","637.65","612.0","BCDGEE+BookmanOldStyle","12.0","305.82","306.0","0.00029411764705883467","0.45898692810457514","0.08143790849673208","False","BATANG TUBUH",""
"33","(1) Pemerintah Daerah wajib mengembangkan sistem","171.25","540.016","663.65","675.65","612.0","BCDGEE+BookmanOldStyle","12.0","355.633","306.0","0.08109967320261435","0.2798202614379085","0.6025588235294117","False","BATANG TUBUH",""
"33","keolahragaan untuk Penyandang Disabilitas yang meliputi:","192.65","530.7379999999998","682.85","694.85","612.0","BCDGEE+BookmanOldStyle","12.0","361.6939999999999","306.0","0.09100326797385605","0.3147875816993464","0.5524313725490194","False","BATANG TUBUH",""
"33","a. keolahragaan pendidikan;","192.65","367.02399999999994","701.85","713.85","612.0","BCDGEE+BookmanOldStyle","12.0","279.837","306.0","0.04275000000000002","0.3147875816993464","0.2849248366013071","False","BATANG TUBUH",""
"33","b. keolahragaan rekreasi; dan","192.65","374.104","720.85","732.85","612.0","BCDGEE+BookmanOldStyle","12.0","283.377","306.0","0.03696568627450979","0.3147875816993464","0.29649346405228755","False","BATANG TUBUH",""
"33","c. keolahragaan prestasi.","192.65","347.41599999999994","739.88","751.88","612.0","BCDGEE+BookmanOldStyle","12.0","270.03299999999996","306.0","0.058769607843137325","0.3147875816993464","0.2528856209150326","False","BATANG TUBUH",""
"33","(2) Pengembangan sistem keolahragaan untuk Penyandang","171.25","539.968","758.87","770.87","612.0","BCDGEE+BookmanOldStyle","12.0","355.609","306.0","0.08106045751633983","0.2798202614379085","0.6024803921568627","False","BATANG TUBUH",""
"33","Disabilitas sebagaimana dimaksud pada ayat (1)","192.65","539.5939999999999","777.87","789.87","612.0","BCDGEE+BookmanOldStyle","12.0","366.12199999999996","306.0","0.0982385620915032","0.3147875816993464","0.5669019607843137","False","BATANG TUBUH",""
"33","dilakukan berdasarkan jenis olahraga khusus untuk","192.65","539.8100000000001","796.87","808.87","612.0","BCDGEE+BookmanOldStyle","12.000000000000014","366.23","306.0","0.0984150326797386","0.3147875816993464","0.5672549019607844","False","BATANG TUBUH",""
"33","Penyandang Disabilitas yang sesuai dengan kondisi dan","192.65","539.7139999999999","815.87","827.87","612.0","BCDGEE+BookmanOldStyle","12.0","366.18199999999996","306.0","0.09833660130718948","0.3147875816993464","0.5670980392156862","False","BATANG TUBUH",""
"33","ragam disabilitasnya.","192.65","318.5899999999999","834.875","846.875","612.0","BCDGEE+BookmanOldStyle","12.0","255.61999999999995","306.0","0.08232026143790858","0.3147875816993464","0.20578431372549005","False","BATANG TUBUH",""
"34","34","298.7","313.53999999999996","23.300000000000068","35.30000000000007","612.0","BCDGEE+BookmanOldStyle","12.0","306.12","306.0","0.00019607843137255644","0.4880718954248366","0.024248366013071853","False","BATANG TUBUH",""
"34","Pasal 82","280.9","330.73999999999995","74.12","86.12","612.0","BCDGEE+BookmanOldStyle","12.0","305.81999999999994","306.0","0.00029411764705892753","0.45898692810457514","0.08143790849673199","False","BATANG TUBUH",""
"34","Pemerintah Daerah wajib membina dan mengembangkan","171.25","539.654","113.53000000000009","125.53000000000009","612.0","BCDGEE+BookmanOldStyle","12.0","355.452","306.0","0.08080392156862745","0.2798202614379085","0.601967320261438","False","BATANG TUBUH",""
"34","olahraga untuk Penyandang Disabilitas yang dilaksanakan","171.25","539.4339999999999","133.32000000000005","145.32000000000005","612.0","BCDGEE+BookmanOldStyle","12.0","355.3419999999999","306.0","0.08062418300653583","0.2798202614379085","0.6016078431372547","False","BATANG TUBUH",""
"34","dan diarahkan untuk meningkatkan kesehatan, rasa percaya diri,","171.25","539.8419999999995","152.92000000000007","164.92000000000007","612.0","BCDGEE+BookmanOldStyle","12.0","355.54599999999976","306.0","0.08095751633986889","0.2798202614379085","0.6022745098039208","False","BATANG TUBUH",""
"34","dan prestasi olahraga.","171.25","302.38599999999997","172.75","184.75","612.0","BCDGEE+BookmanOldStyle","12.0","236.81799999999998","306.0","0.11304248366013074","0.2798202614379085","0.21427450980392151","False","BATANG TUBUH",""
"34","Bagian Kesembilan","249.48","362.14799999999997","212.1500000000001","224.1500000000001","612.0","BCDGEE+BookmanOldStyle","12.0","305.81399999999996","306.0","0.0003039215686275089","0.4076470588235294","0.18409803921568624","False","BATANG TUBUH",""
"34","Kebudayaan dan Pariwisata","223.68","387.70799999999997","231.95000000000005","243.95000000000005","612.0","BCDGEE+BookmanOldStyle","12.0","305.69399999999996","306.0","0.0005000000000000654","0.36549019607843136","0.2680196078431372","False","BATANG TUBUH",""
"34","Pasal 83","280.9","330.73999999999995","271.35","283.35","612.0","BCDGEE+BookmanOldStyle","12.0","305.81999999999994","306.0","0.00029411764705892753","0.45898692810457514","0.08143790849673199","False","BATANG TUBUH",""
"34","(1) Pemerintah Daerah wajib menjamin Aksesibilitas bagi","171.25","539.76","310.7800000000001","322.7800000000001","612.0","BCDGEE+BookmanOldStyle","12.0","355.505","306.0","0.08089052287581698","0.2798202614379085","0.602140522875817","False","BATANG TUBUH",""
"34","Penyandang Disabilitas untuk mendapatkan layanan","192.65","539.724","330.57000000000005","342.57000000000005","612.0","BCDGEE+BookmanOldStyle","12.0","366.187","306.0","0.09834477124183008","0.3147875816993464","0.5671143790849674","False","BATANG TUBUH",""
"34","kebudayaan dan pariwisata.","192.65","359.342","350.1700000000001","362.1700000000001","612.0","BCDGEE+BookmanOldStyle","12.0","275.996","306.0","0.049026143790849706","0.3147875816993464","0.27237254901960783","False","BATANG TUBUH",""
"34","(2) Layanan pariwisata yang mudah diakses bagi Penyandang","171.25","539.788","369.98","381.98","612.0","BCDGEE+BookmanOldStyle","12.0","355.519","306.0","0.08091339869281047","0.2798202614379085","0.6021862745098039","False","BATANG TUBUH",""
"34","Disabilitas sebagaimana dimaksud pada ayat (1) meliputi:","192.65","534.3620000000001","389.7800000000001","401.7800000000001","612.0","BCDGEE+BookmanOldStyle","12.0","363.50600000000003","306.0","0.09396405228758174","0.3147875816993464","0.5583529411764707","False","BATANG TUBUH",""
"34","a. tersedianya informasi pariwisata dalam bentuk audio,","192.65","539.6080000000001","409.4000000000001","421.4000000000001","612.0","BCDGEE+BookmanOldStyle","12.0","366.129","306.0","0.09825000000000003","0.3147875816993464","0.5669248366013073","False","BATANG TUBUH",""
"34","visual, dan taktil; dan","213.88","343.216","429.2","441.2","612.0","BCDGEE+BookmanOldStyle","12.0","278.548","306.0","0.044856209150326794","0.3494771241830065","0.21133333333333335","False","BATANG TUBUH",""
"34","b. tersedianya pemandu wisata yang memiliki","192.65","539.2599999999999","448.8","460.8","612.0","BCDGEE+BookmanOldStyle","12.0","365.9549999999999","306.0","0.09796568627450969","0.3147875816993464","0.5663562091503266","False","BATANG TUBUH",""
"34","kemampuan untuk mendeskripsikan objek wisata bagi","213.88","539.62","468.59999999999997","480.59999999999997","612.0","BCDGEE+BookmanOldStyle","12.0","376.75","306.0","0.1156045751633987","0.3494771241830065","0.5322549019607843","False","BATANG TUBUH",""
"34","wisatawan Penyandang Disabilitas netra, memandu","213.88","539.572","488.4","500.4","612.0","BCDGEE+BookmanOldStyle","12.0","376.726","306.0","0.11556535947712418","0.3494771241830065","0.5321764705882353","False","BATANG TUBUH",""
"34","wisatawan Penyandang Disabilitas rungu dengan","213.88","539.65","508.03","520.03","612.0","BCDGEE+BookmanOldStyle","12.0","376.765","306.0","0.11562908496732024","0.3494771241830065","0.5323039215686274","False","BATANG TUBUH",""
"34","bahasa isyarat, dan memiliki keterampilan","213.88","539.5719999999999","527.8199999999999","539.8199999999999","612.0","BCDGEE+BookmanOldStyle","12.0","376.72599999999994","306.0","0.11556535947712408","0.3494771241830065","0.5321764705882351","False","BATANG TUBUH",""
"34","memberikan bantuan mobilitas.","213.88","403.132","547.4200000000001","559.4200000000001","612.0","BCDGEE+BookmanOldStyle","12.0","308.506","306.0","0.004094771241830019","0.3494771241830065","0.30923529411764705","False","BATANG TUBUH",""
"34","Pasal 84","280.9","330.73999999999995","587.02","599.02","612.0","BCDGEE+BookmanOldStyle","12.0","305.81999999999994","306.0","0.00029411764705892753","0.45898692810457514","0.08143790849673199","False","BATANG TUBUH",""
"34","(1) Pemerintah Daerah dapat memberikan insentif kepada","171.25","539.378","626.45","638.45","612.0","BCDGEE+BookmanOldStyle","12.0","355.314","306.0","0.08057843137254905","0.2798202614379085","0.6015163398692811","False","BATANG TUBUH",""
"34","perusahaan pariwisata yang menyelenggarakan jasa","192.65","539.52","646.05","658.05","612.0","BCDGEE+BookmanOldStyle","12.0","366.085","306.0","0.09817810457516336","0.3147875816993464","0.566781045751634","False","BATANG TUBUH",""
"34","perjalanan wisata yang mudah diakses oleh Penyandang","192.65","539.3900000000001","665.8499999999999","677.8499999999999","612.0","BCDGEE+BookmanOldStyle","12.0","366.02000000000004","306.0","0.09807189542483666","0.3147875816993464","0.5665686274509806","False","BATANG TUBUH",""
"34","Disabilitas.","192.65","258.854","685.65","697.65","612.0","BCDGEE+BookmanOldStyle","12.0","225.752","306.0","0.13112418300653594","0.3147875816993464","0.10817647058823526","False","BATANG TUBUH",""
"34","(2) Ketentuan lebih lanjut mengenai bentuk dan tata cara","171.25","539.438","705.25","717.25","612.0","BCDGEE+BookmanOldStyle","12.0","355.344","306.0","0.08062745098039215","0.2798202614379085","0.6016143790849673","False","BATANG TUBUH",""
"34","pemberian insentif sebagaimana dimaksud pada ayat (1)","192.65","539.984","725.05","737.05","612.0","BCDGEE+BookmanOldStyle","12.0","366.317","306.0","0.09855718954248367","0.3147875816993464","0.5675392156862746","False","BATANG TUBUH",""
"34","diatur dengan Peraturan Bupati.","192.65","385.224","744.68","756.68","612.0","BCDGEE+BookmanOldStyle","12.0","288.937","306.0","0.027880718954248346","0.3147875816993464","0.31466339869281046","False","BATANG TUBUH",""
"34","Pasal 85","280.9","330.73999999999995","784.28","796.28","612.0","BCDGEE+BookmanOldStyle","12.0","305.81999999999994","306.0","0.00029411764705892753","0.45898692810457514","0.08143790849673199","False","BATANG TUBUH",""
"34","(1) Pemerintah Daerah wajib mengembangkan potensi dan","171.25","539.918","823.6800000000001","835.6800000000001","612.0","BCDGEE+BookmanOldStyle","12.0","355.584","306.0","0.08101960784313726","0.2798202614379085","0.6023986928104575","False","BATANG TUBUH",""
"34","kemampuan seni budaya Penyandang Disabilitas.","192.65","486.902","843.275","855.275","612.0","BCDGEE+BookmanOldStyle","12.0","339.776","306.0","0.05518954248366015","0.3147875816993464","0.4808039215686274","False","BATANG TUBUH",""
"35","35","298.7","313.53999999999996","23.300000000000068","35.30000000000007","612.0","BCDGEE+BookmanOldStyle","12.0","306.12","306.0","0.00019607843137255644","0.4880718954248366","0.024248366013071853","False","BATANG TUBUH",""
"35","(2) Pengembangan potensi dan kemampuan seni budaya","171.25","539.594","74.12","86.12","612.0","BCDGEE+BookmanOldStyle","12.0","355.422","306.0","0.08075490196078436","0.2798202614379085","0.6018692810457518","False","BATANG TUBUH",""
"35","sebagaimana dimaksud pada ayat (1) meliputi:","192.65","467.932","92.92000000000007","104.92000000000007","612.0","BCDGEE+BookmanOldStyle","12.0","330.291","306.0","0.03969117647058823","0.3147875816993464","0.4498071895424837","False","BATANG TUBUH",""
"35","a. memfasilitasi dan menyertakan Penyandang Disabilitas","192.65","540.156","111.53000000000009","123.53000000000009","612.0","BCDGEE+BookmanOldStyle","12.0","366.40299999999996","306.0","0.0986977124183006","0.3147875816993464","0.5678202614379084","False","BATANG TUBUH",""
"35","dalam kegiatan seni budaya;","213.88","382.8039999999999","130.32000000000005","142.32000000000005","612.0","BCDGEE+BookmanOldStyle","12.0","298.342","306.0","0.012513071895424862","0.3494771241830065","0.2760196078431371","False","BATANG TUBUH",""
"35","b. mengembangkan kegiatan seni budaya khusus","192.65","539.758","148.92000000000007","160.92000000000007","612.0","BCDGEE+BookmanOldStyle","12.0","366.204","306.0","0.09837254901960786","0.3147875816993464","0.567169934640523","False","BATANG TUBUH",""
"35","Penyandang Disabilitas; dan","213.88","381.71200000000005","167.75","179.75","612.0","BCDGEE+BookmanOldStyle","12.0","297.79600000000005","306.0","0.013405228758169855","0.3494771241830065","0.27423529411764713","False","BATANG TUBUH",""
"35","c. memberikan penghargaan kepada seniman","192.65","539.8299999999999","186.55000000000007","198.55000000000007","612.0","BCDGEE+BookmanOldStyle","12.0","366.23999999999995","306.0","0.09843137254901953","0.3147875816993464","0.5672875816993463","False","BATANG TUBUH",""
"35","Penyandang Disabilitas atas karya seni terbaik.","213.88","494.21999999999997","205.1500000000001","217.1500000000001","612.0","BCDGEE+BookmanOldStyle","12.0","354.04999999999995","306.0","0.07851307189542477","0.3494771241830065","0.45807189542483656","False","BATANG TUBUH",""
"35","Pasal 86","280.9","330.74","242.75","254.75","612.0","BCDGEE+BookmanOldStyle","12.0","305.82","306.0","0.00029411764705883467","0.45898692810457514","0.08143790849673208","False","BATANG TUBUH",""
"35","Penyandang Disabilitas berhak untuk mendapatkan","171.25","539.3019999999998","280.1700000000001","292.1700000000001","612.0","BCDGEE+BookmanOldStyle","12.0","355.2759999999999","306.0","0.08051633986928088","0.2798202614379085","0.6013921568627447","False","BATANG TUBUH",""
"35","pengakuan dan dukungan atas identitas budaya dan","171.25","539.1939999999998","298.7800000000001","310.7800000000001","612.0","BCDGEE+BookmanOldStyle","12.0","355.2219999999999","306.0","0.08042810457516328","0.2798202614379085","0.6012156862745095","False","BATANG TUBUH",""
"35","linguistik.","171.25","230.254","317.57000000000005","329.57000000000005","612.0","BCDGEE+BookmanOldStyle","12.0","200.752","306.0","0.17197385620915032","0.2798202614379085","0.09641176470588234","False","BATANG TUBUH",""
"35","Pasal 87","280.9","330.73999999999995","354.98","366.98","612.0","BCDGEE+BookmanOldStyle","12.0","305.81999999999994","306.0","0.00029411764705892753","0.45898692810457514","0.08143790849673199","False","BATANG TUBUH",""
"35","(1) Pemerintah Daerah wajib melindungi hak kekayaan","171.25","539.7520000000001","392.4000000000001","404.4000000000001","612.0","BCDGEE+BookmanOldStyle","12.0","355.50100000000003","306.0","0.08088398692810463","0.2798202614379085","0.6021274509803922","False","BATANG TUBUH",""
"35","intelektual Penyandang Disabilitas.","192.65","400.96999999999997","411.20000000000005","423.20000000000005","612.0","BCDGEE+BookmanOldStyle","12.0","296.81","306.0","0.015016339869281041","0.3147875816993464","0.34039215686274504","False","BATANG TUBUH",""
"35","(2) Pemerintah Daerah wajib melindungi dan memajukan","171.25","539.842","430.0","442.0","612.0","BCDGEE+BookmanOldStyle","12.0","355.546","306.0","0.08095751633986926","0.2798202614379085","0.6022745098039215","False","BATANG TUBUH",""
"35","budaya masyarakat yang menjunjung tinggi nilai","192.65","539.4979999999999","448.59999999999997","460.59999999999997","612.0","BCDGEE+BookmanOldStyle","12.0","366.07399999999996","306.0","0.09816013071895417","0.3147875816993464","0.5667450980392156","False","BATANG TUBUH",""
"35","kesetaraan hak Penyandang Disabilitas.","192.65","429.13399999999996","467.4","479.4","612.0","BCDGEE+BookmanOldStyle","12.0","310.892","306.0","0.007993464052287576","0.3147875816993464","0.3864117647058823","False","BATANG TUBUH",""
"35","Bagian Kesepuluh","252.27","359.334","504.8","516.8","612.0","BCDGEE+BookmanOldStyle","12.0","305.802","306.0","0.0003235294117646717","0.4122058823529412","0.1749411764705882","False","BATANG TUBUH",""
"35","Kesejahteraan Sosial","244.48","367.192","523.62","535.62","612.0","BCDGEE+BookmanOldStyle","12.0","305.836","306.0","0.00026797385620912955","0.3994771241830065","0.20050980392156867","False","BATANG TUBUH",""
"35","Pasal 88","280.9","330.73999999999995","561.03","573.03","612.0","BCDGEE+BookmanOldStyle","12.0","305.81999999999994","306.0","0.00029411764705892753","0.45898692810457514","0.08143790849673199","False","BATANG TUBUH",""
"35","(1) Pemerintah Daerah wajib melakukan penyelenggaraan","171.25","539.726","598.4300000000001","610.4300000000001","612.0","BCDGEE+BookmanOldStyle","12.0","355.488","306.0","0.08086274509803922","0.2798202614379085","0.6020849673202614","False","BATANG TUBUH",""
"35","kesejahteraan sosial untuk Penyandang Disabilitas.","192.65","498.08599999999996","617.23","629.23","612.0","BCDGEE+BookmanOldStyle","12.0","345.368","306.0","0.0643267973856209","0.3147875816993464","0.49907843137254887","False","BATANG TUBUH",""
"35","(2) Penyelenggaraan kesejahteraan sosial sebagaimana","171.25","539.684","635.8499999999999","647.8499999999999","612.0","BCDGEE+BookmanOldStyle","12.0","355.467","306.0","0.080828431372549","0.2798202614379085","0.602016339869281","False","BATANG TUBUH",""
"35","dimaksud pada ayat (1) meliputi:","192.65","386.97799999999995","654.65","666.65","612.0","BCDGEE+BookmanOldStyle","12.0","289.81399999999996","306.0","0.02644771241830071","0.3147875816993464","0.3175294117647058","False","BATANG TUBUH",""
"35","a. rehabilitasi sosial;","192.65","320.85999999999996","673.45","685.45","612.0","BCDGEE+BookmanOldStyle","12.0","256.755","306.0","0.08046568627450981","0.3147875816993464","0.2094934640522875","False","BATANG TUBUH",""
"35","b. jaminan sosial;","192.65","303.256","692.05","704.05","612.0","BCDGEE+BookmanOldStyle","12.0","247.95299999999997","306.0","0.09484803921568631","0.3147875816993464","0.18072875816993458","False","BATANG TUBUH",""
"35","c. pemberdayaan sosial; dan","192.65","367.51599999999996","710.85","722.85","612.0","BCDGEE+BookmanOldStyle","12.0","280.08299999999997","306.0","0.04234803921568633","0.3147875816993464","0.2857287581699346","False","BATANG TUBUH",""
"35","d. pelindungan sosial.","192.65","328.724","729.45","741.45","612.0","BCDGEE+BookmanOldStyle","12.0","260.687","306.0","0.0740408496732026","0.3147875816993464","0.22234313725490193","False","BATANG TUBUH",""
"35","Pasal 89","280.9","330.74","767.28","779.28","612.0","BCDGEE+BookmanOldStyle","12.0","305.82","306.0","0.00029411764705883467","0.45898692810457514","0.08143790849673208","False","BATANG TUBUH",""
"35","Pemerintah Daerah wajib menjamin akses bagi Penyandang","171.25","539.632","805.27","817.27","612.0","BCDGEE+BookmanOldStyle","12.000000000000014","355.441","306.0","0.08078594771241826","0.2798202614379085","0.6019313725490195","False","BATANG TUBUH",""
"35","Disabilitas untuk mendapatkan rehabilitasi sosial, jaminan","171.25","539.81","824.28","836.28","612.0","BCDGEE+BookmanOldStyle","12.0","355.53","306.0","0.08093137254901957","0.2798202614379085","0.6022222222222221","False","BATANG TUBUH",""
"35","sosial, pemberdayaan sosial, dan pelindungan sosial.","171.25","484.974","843.275","855.275","612.0","BCDGEE+BookmanOldStyle","12.0","328.11199999999997","306.0","0.03613071895424831","0.2798202614379085","0.5126209150326797","False","BATANG TUBUH",""
"36","36","298.7","313.53999999999996","23.300000000000068","35.30000000000007","612.0","BCDGEE+BookmanOldStyle","12.0","306.12","306.0","0.00019607843137255644","0.4880718954248366","0.024248366013071853","False","BATANG TUBUH",""
"36","Pasal 90","280.9","330.73999999999995","74.12","86.12","612.0","BCDGEE+BookmanOldStyle","12.0","305.81999999999994","306.0","0.00029411764705892753","0.45898692810457514","0.08143790849673199","False","BATANG TUBUH",""
"36","(1) Rehabilitasi sosial sebagaimana dimaksud dalam Pasal 88","171.25","539.82","110.73000000000002","122.73000000000002","612.0","BCDGEE+BookmanOldStyle","12.0","355.535","306.0","0.08093954248366017","0.2798202614379085","0.6022385620915034","False","BATANG TUBUH",""
"36","ayat (2) huruf a diberikan oleh Pemerintah Daerah dalam","192.65","539.7919999999999","129.12","141.12","612.0","BCDGEE+BookmanOldStyle","12.0","366.22099999999995","306.0","0.09840032679738553","0.3147875816993464","0.5672254901960784","False","BATANG TUBUH",""
"36","bentuk:","192.65","238.262","147.32000000000005","159.32000000000005","612.0","BCDGEE+BookmanOldStyle","12.0","215.45600000000002","306.0","0.14794771241830063","0.3147875816993464","0.07452941176470587","False","BATANG TUBUH",""
"36","a. motivasi dan diagnosis psikososial;","192.65","420.64","165.75","177.75","612.0","BCDGEE+BookmanOldStyle","12.0","306.645","306.0","0.0010539215686274212","0.3147875816993464","0.3725326797385621","False","BATANG TUBUH",""
"36","b. perawatan dan pengasuhan;","192.65","381.96999999999997","183.95000000000005","195.95000000000005","612.0","BCDGEE+BookmanOldStyle","12.0","287.31","306.0","0.030539215686274507","0.3147875816993464","0.3093464052287581","False","BATANG TUBUH",""
"36","c. pelatihan vokasional dan pembinaan kewirausahaan;","192.65","528.88","202.35000000000002","214.35000000000002","612.0","BCDGEE+BookmanOldStyle","12.0","360.765","306.0","0.08948529411764704","0.3147875816993464","0.5493954248366013","False","BATANG TUBUH",""
"36","d. bimbingan mental spiritual;","192.65","377.81199999999995","220.55000000000007","232.55000000000007","612.0","BCDGEE+BookmanOldStyle","12.0","285.231","306.0","0.03393627450980393","0.3147875816993464","0.3025522875816993","False","BATANG TUBUH",""
"36","e. bimbingan fisik;","192.65","308.70399999999995","238.95000000000005","250.95000000000005","612.0","BCDGEE+BookmanOldStyle","12.0","250.67699999999996","306.0","0.09039705882352947","0.3147875816993464","0.18963071895424827","False","BATANG TUBUH",""
"36","f. bimbingan sosial dan konseling psikososial;","192.65","472.4199999999999","257.35","269.35","612.0","BCDGEE+BookmanOldStyle","12.0","332.53499999999997","306.0","0.04335784313725485","0.3147875816993464","0.4571405228758168","False","BATANG TUBUH",""
"36","g. pelayanan Aksesibilitas;","192.65","355.84","275.57000000000005","287.57000000000005","612.0","BCDGEE+BookmanOldStyle","12.0","274.245","306.0","0.05188725490196078","0.3147875816993464","0.2666503267973856","False","BATANG TUBUH",""
"36","h. bantuan dan asistensi sosial;","192.65","386.41599999999994","293.98","305.98","612.0","BCDGEE+BookmanOldStyle","12.0","289.53299999999996","306.0","0.02690686274509811","0.3147875816993464","0.316611111111111","False","BATANG TUBUH",""
"36","i. bimbingan resosialisasi;","192.65","355.4679999999999","312.1700000000001","324.1700000000001","612.0","BCDGEE+BookmanOldStyle","12.0","274.05899999999997","306.0","0.05219117647058828","0.3147875816993464","0.26604248366013056","False","BATANG TUBUH",""
"36","j. bimbingan lanjut; dan/atau","192.65","379.096","330.57000000000005","342.57000000000005","612.0","BCDGEE+BookmanOldStyle","12.0","285.873","306.0","0.0328872549019608","0.3147875816993464","0.30465032679738563","False","BATANG TUBUH",""
"36","k. rujukan.","192.65","265.32","348.7700000000001","360.7700000000001","612.0","BCDGEE+BookmanOldStyle","12.0","228.985","306.0","0.12584150326797383","0.3147875816993464","0.11874183006535946","False","BATANG TUBUH",""
"36","(2) Rehabilitasi sosial sebagaimana dimaksud pada ayat (1)","171.25","539.5819999999999","367.1700000000001","379.1700000000001","612.0","BCDGEE+BookmanOldStyle","12.0","355.41599999999994","306.0","0.08074509803921559","0.2798202614379085","0.6018496732026142","False","BATANG TUBUH",""
"36","dilaksanakan secara persuasif, motivatif, dan koersif oleh","192.65","539.486","385.57000000000005","397.57000000000005","612.0","BCDGEE+BookmanOldStyle","12.0","366.068","306.0","0.0981503267973856","0.3147875816993464","0.5667254901960784","False","BATANG TUBUH",""
"36","keluarga, masyarakat, dan institusi sosial.","192.65","443.748","403.80000000000007","415.80000000000007","612.0","BCDGEE+BookmanOldStyle","12.0","318.199","306.0","0.019933006535947734","0.3147875816993464","0.41029084967320256","False","BATANG TUBUH",""
"36","Pasal 91","280.9","330.73999999999995","440.4","452.4","612.0","BCDGEE+BookmanOldStyle","12.0","305.81999999999994","306.0","0.00029411764705892753","0.45898692810457514","0.08143790849673199","False","BATANG TUBUH",""
"36","(1) Jaminan sosial sebagaimana dimaksud dalam Pasal 88","171.25","540.014","477.0","489.0","612.0","BCDGEE+BookmanOldStyle","12.0","355.632","306.0","0.08109803921568629","0.2798202614379085","0.6025555555555556","False","BATANG TUBUH",""
"36","ayat (2) huruf b diberikan oleh Pemerintah Daerah untuk","192.65","539.8140000000001","495.4","507.4","612.0","BCDGEE+BookmanOldStyle","12.0","366.232","306.0","0.09841830065359482","0.3147875816993464","0.5672614379084969","False","BATANG TUBUH",""
"36","Penyandang Disabilitas miskin atau yang tidak memiliki","192.65","539.354","513.62","525.62","612.0","BCDGEE+BookmanOldStyle","12.0","366.002","306.0","0.09804248366013074","0.3147875816993464","0.5665098039215687","False","BATANG TUBUH",""
"36","penghasilan.","192.65","267.842","532.03","544.03","612.0","BCDGEE+BookmanOldStyle","12.0","230.24599999999998","306.0","0.12378104575163401","0.3147875816993464","0.12286274509803918","False","BATANG TUBUH",""
"36","(2) Jaminan sosial sebagaimana dimaksud pada ayat (1)","171.25","539.3539999999999","550.4200000000001","562.4200000000001","612.0","BCDGEE+BookmanOldStyle","12.0","355.30199999999996","306.0","0.08055882352941171","0.2798202614379085","0.6014771241830065","False","BATANG TUBUH",""
"36","diberikan dalam bentuk asuransi kesejahteraan sosial,","192.65","539.6060000000001","568.62","580.62","612.0","BCDGEE+BookmanOldStyle","12.0","366.12800000000004","306.0","0.09824836601307196","0.3147875816993464","0.5669215686274512","False","BATANG TUBUH",""
"36","bantuan langsung berkelanjutan, dan bantuan khusus.","192.65","521.8340000000001","587.02","599.02","612.0","BCDGEE+BookmanOldStyle","12.0","357.242","306.0","0.08372875816993468","0.3147875816993464","0.5378823529411766","False","BATANG TUBUH",""
"36","(3) Bantuan khusus sebagaimana dimaksud pada ayat (2)","171.25","539.894","605.23","617.23","612.0","BCDGEE+BookmanOldStyle","12.0","355.572","306.0","0.081","0.2798202614379085","0.602359477124183","False","BATANG TUBUH",""
"36","mencakup pelatihan, konseling, perawatan sementara,","192.65","539.63","623.65","635.65","612.0","BCDGEE+BookmanOldStyle","12.0","366.14","306.0","0.09826797385620913","0.3147875816993464","0.5669607843137255","False","BATANG TUBUH",""
"36","atau bantuan lain yang berkaitan.","192.65","394.68199999999996","641.8499999999999","653.8499999999999","612.0","BCDGEE+BookmanOldStyle","12.0","293.666","306.0","0.020153594771241835","0.3147875816993464","0.33011764705882346","False","BATANG TUBUH",""
"36","Pasal 92","280.9","330.73999999999995","678.45","690.45","612.0","BCDGEE+BookmanOldStyle","12.0","305.81999999999994","306.0","0.00029411764705892753","0.45898692810457514","0.08143790849673199","False","BATANG TUBUH",""
"36","(1) Pemberdayaan sosial sebagaimana dimaksud dalam","171.25","539.4739999999999","715.25","727.25","612.0","BCDGEE+BookmanOldStyle","12.0","355.36199999999997","306.0","0.08065686274509798","0.2798202614379085","0.601673202614379","False","BATANG TUBUH",""
"36","Pasal 88 ayat (2) huruf c dilakukan oleh Pemerintah Daerah","192.65","539.992","733.45","745.45","612.0","BCDGEE+BookmanOldStyle","12.0","366.32099999999997","306.0","0.09856372549019603","0.3147875816993464","0.5675522875816993","False","BATANG TUBUH",""
"36","melalui:","192.65","239.858","751.87","763.87","612.0","BCDGEE+BookmanOldStyle","12.0","216.25400000000002","306.0","0.14664379084967316","0.3147875816993464","0.07713725490196079","False","BATANG TUBUH",""
"36","a. peningkatan kemauan dan kemampuan;","192.65","453.526","770.0699999999999","782.0699999999999","612.0","BCDGEE+BookmanOldStyle","12.0","323.088","306.0","0.027921568627451016","0.3147875816993464","0.4262679738562091","False","BATANG TUBUH",""
"36","b. penggalian potensi dan sumber daya;","192.65","434.008","788.48","800.48","612.0","BCDGEE+BookmanOldStyle","12.0","313.329","306.0","0.011975490196078444","0.3147875816993464","0.394375816993464","False","BATANG TUBUH",""
"36","c. penggalian nilai dasar;","192.65","347.42799999999994","806.67","818.67","612.0","BCDGEE+BookmanOldStyle","12.000000000000014","270.039","306.0","0.05875980392156865","0.3147875816993464","0.25290522875816984","False","BATANG TUBUH",""
"36","d. pemberian akses; dan/atau","192.65","376.94800000000004","825.08","837.08","612.0","BCDGEE+BookmanOldStyle","12.0","284.79900000000004","306.0","0.03464215686274504","0.3147875816993464","0.30114052287581705","False","BATANG TUBUH",""
"36","e. pemberian bantuan usaha.","192.65","373.984","843.275","855.275","612.0","BCDGEE+BookmanOldStyle","12.0","283.317","306.0","0.03706372549019607","0.3147875816993464","0.296297385620915","False","BATANG TUBUH",""
"37","37","298.7","313.53999999999996","23.300000000000068","35.30000000000007","612.0","BCDGEE+BookmanOldStyle","12.0","306.12","306.0","0.00019607843137255644","0.4880718954248366","0.024248366013071853","False","BATANG TUBUH",""
"37","(2) Pemberdayaan sosial sebagaimana dimaksud pada","171.25","539.902","74.12","86.12","612.0","BCDGEE+BookmanOldStyle","12.0","355.576","306.0","0.08100653594771245","0.2798202614379085","0.6023725490196079","False","BATANG TUBUH",""
"37","ayat (1) diberikan dalam bentuk:","192.65","385.35999999999996","95.32000000000005","107.32000000000005","612.0","BCDGEE+BookmanOldStyle","12.0","289.005","306.0","0.027769607843137263","0.3147875816993464","0.3148856209150326","False","BATANG TUBUH",""
"37","a. diagnosis dan pemberian motivasi;","192.65","418.352","116.32000000000005","128.32000000000005","612.0","BCDGEE+BookmanOldStyle","12.0","305.501","306.0","0.0008153594771242216","0.3147875816993464","0.3687941176470588","False","BATANG TUBUH",""
"37","b. pelatihan dan pendampingan;","192.65","390.6039999999999","137.5300000000001","149.5300000000001","612.0","BCDGEE+BookmanOldStyle","12.0","291.62699999999995","306.0","0.023485294117647135","0.3147875816993464","0.32345424836601294","False","BATANG TUBUH",""
"37","c. pemberian stimulan;","192.65","336.23199999999997","158.73000000000002","170.73000000000002","612.0","BCDGEE+BookmanOldStyle","12.0","264.441","306.0","0.06790686274509808","0.3147875816993464","0.23461111111111105","False","BATANG TUBUH",""
"37","d. peningkatan akses pemasaran hasil usaha;","192.65","469.348","179.75","191.75","612.0","BCDGEE+BookmanOldStyle","12.0","330.999","306.0","0.04084803921568631","0.3147875816993464","0.4521209150326797","False","BATANG TUBUH",""
"37","e. penguatan kelembagaan dan kemitraan; dan","192.65","478.0","200.95000000000005","212.95000000000005","612.0","BCDGEE+BookmanOldStyle","12.0","335.325","306.0","0.04791666666666665","0.3147875816993464","0.4662581699346406","False","BATANG TUBUH",""
"37","f. bimbingan lanjut.","192.65","319.03599999999994","222.1500000000001","234.1500000000001","612.0","BCDGEE+BookmanOldStyle","12.0","255.84299999999996","306.0","0.08195588235294124","0.3147875816993464","0.20651307189542473","False","BATANG TUBUH",""
"37","Pasal 93","280.9","330.73999999999995","264.35","276.35","612.0","BCDGEE+BookmanOldStyle","12.0","305.81999999999994","306.0","0.00029411764705892753","0.45898692810457514","0.08143790849673199","False","BATANG TUBUH",""
"37","Pelindungan sosial sebagaimana dimaksud dalam Pasal 88","171.25","539.5580000000001","306.57000000000005","318.57000000000005","612.0","BCDGEE+BookmanOldStyle","12.0","355.40400000000005","306.0","0.08072549019607851","0.2798202614379085","0.60181045751634","False","BATANG TUBUH",""
"37","ayat (2) huruf d dilakukan oleh Pemerintah Daerah melalui:","171.25","524.054","327.7800000000001","339.7800000000001","612.0","BCDGEE+BookmanOldStyle","12.0","347.652","306.0","0.06805882352941174","0.2798202614379085","0.5764771241830065","False","BATANG TUBUH",""
"37","a. bantuan sosial;","171.25","283.80199999999996","348.7700000000001","360.7700000000001","612.0","BCDGEE+BookmanOldStyle","12.0","227.52599999999998","306.0","0.12822549019607846","0.2798202614379085","0.18390849673202608","False","BATANG TUBUH",""
"37","b. advokasi sosial; dan/atau","171.25","345.314","369.98","381.98","612.0","BCDGEE+BookmanOldStyle","12.0","258.28200000000004","306.0","0.07797058823529406","0.2798202614379085","0.2844183006535948","False","BATANG TUBUH",""
"37","c. bantuan hukum.","171.25","293.174","391.20000000000005","403.20000000000005","612.0","BCDGEE+BookmanOldStyle","12.0","232.212","306.0","0.1205686274509804","0.2798202614379085","0.1992222222222222","False","BATANG TUBUH",""
"37","Pasal 94","280.9","330.73999999999995","433.4","445.4","612.0","BCDGEE+BookmanOldStyle","12.0","305.81999999999994","306.0","0.00029411764705892753","0.45898692810457514","0.08143790849673199","False","BATANG TUBUH",""
"37","Ketentuan lebih lanjut mengenai rehabilitasi sosial,","171.25","539.884","475.59999999999997","487.59999999999997","612.0","BCDGEE+BookmanOldStyle","12.0","355.567","306.0","0.08099183006535948","0.2798202614379085","0.602343137254902","False","BATANG TUBUH",""
"37","jaminan sosial, pemberdayaan sosial, dan Pelindungan","171.25","539.8299999999999","496.8","508.8","612.0","BCDGEE+BookmanOldStyle","12.0","355.53999999999996","306.0","0.0809477124183006","0.2798202614379085","0.6022549019607842","False","BATANG TUBUH",""
"37","sosial dilaksanakan sesuai dengan ketentuan peraturan","171.25","539.8019999999999","518.03","530.03","612.0","BCDGEE+BookmanOldStyle","12.0","355.52599999999995","306.0","0.08092483660130712","0.2798202614379085","0.6022091503267972","False","BATANG TUBUH",""
"37","perundang-undangan.","171.25","303.64799999999997","539.03","551.03","612.0","BCDGEE+BookmanOldStyle","12.0","237.44899999999998","306.0","0.11201143790849676","0.2798202614379085","0.21633660130718949","False","BATANG TUBUH",""
"37","Bagian Kesebelas","254.68","356.884","581.23","593.23","612.0","BCDGEE+BookmanOldStyle","12.0","305.78200000000004","306.0","0.0003562091503267335","0.41614379084967323","0.167","False","BATANG TUBUH",""
"37","Infrastruktur","266.88","344.472","602.4200000000001","614.4200000000001","612.0","BCDGEE+BookmanOldStyle","12.0","305.676","306.0","0.0005294117647059024","0.43607843137254904","0.12678431372549018","False","BATANG TUBUH",""
"37","Pasal 95","280.9","330.73999999999995","644.65","656.65","612.0","BCDGEE+BookmanOldStyle","12.0","305.81999999999994","306.0","0.00029411764705892753","0.45898692810457514","0.08143790849673199","False","BATANG TUBUH",""
"37","(1) Pemerintah Daerah wajib menjamin infrastruktur yang","171.25","539.824","687.05","699.05","612.0","BCDGEE+BookmanOldStyle","12.0","355.537","306.0","0.0809428104575163","0.2798202614379085","0.6022450980392157","False","BATANG TUBUH",""
"37","mudah diakses oleh Penyandang Disabilitas.","192.65","456.34999999999997","708.05","720.05","612.0","BCDGEE+BookmanOldStyle","12.0","324.5","306.0","0.03022875816993464","0.3147875816993464","0.4308823529411764","False","BATANG TUBUH",""
"37","(2) Infrastruktur yang mudah diakses oleh Penyandang","171.25","539.4380000000001","729.25","741.25","612.0","BCDGEE+BookmanOldStyle","12.0","355.34400000000005","306.0","0.08062745098039224","0.2798202614379085","0.6016143790849675","False","BATANG TUBUH",""
"37","Disabilitas sebagaimana dimaksud pada ayat (1) meliputi:","192.65","534.35","750.47","762.47","612.0","BCDGEE+BookmanOldStyle","12.0","363.5","306.0","0.09395424836601307","0.3147875816993464","0.5583333333333335","False","BATANG TUBUH",""
"37","a. bangunan gedung;","192.65","324.02799999999996","771.48","783.48","612.0","BCDGEE+BookmanOldStyle","12.0","258.339","306.0","0.07787745098039216","0.3147875816993464","0.2146699346405228","False","BATANG TUBUH",""
"37","b. jalan;","192.65","246.88","792.67","804.67","612.0","BCDGEE+BookmanOldStyle","12.0","219.765","306.0","0.14090686274509806","0.3147875816993464","0.0886111111111111","False","BATANG TUBUH",""
"37","c. permukiman; dan","192.65","319.348","813.87","825.87","612.0","BCDGEE+BookmanOldStyle","12.0","255.99900000000002","306.0","0.08170098039215683","0.3147875816993464","0.20702287581699347","False","BATANG TUBUH",""
"37","d. pertamanan dan permakaman.","192.65","396.772","834.875","846.875","612.0","BCDGEE+BookmanOldStyle","12.0","294.711","306.0","0.01844607843137253","0.3147875816993464","0.33353267973856204","False","BATANG TUBUH",""
"38","38","298.7","313.53999999999996","23.300000000000068","35.30000000000007","612.0","BCDGEE+BookmanOldStyle","12.0","306.12","306.0","0.00019607843137255644","0.4880718954248366","0.024248366013071853","False","BATANG TUBUH",""
"38","Paragraf 1","275.68","335.872","74.12","86.12","612.0","BCDGEE+BookmanOldStyle","12.0","305.776","306.0","0.00036601307189540775","0.4504575163398693","0.0983529411764706","False","BATANG TUBUH",""
"38","Bangunan Gedung","250.47","361.458","94.53000000000009","106.53000000000009","612.0","BCDGEE+BookmanOldStyle","12.0","305.964","306.0","5.882352941176694e-05","0.4092647058823529","0.18135294117647063","False","BATANG TUBUH",""
"38","Pasal 96","280.9","330.73999999999995","135.32000000000005","147.32000000000005","612.0","BCDGEE+BookmanOldStyle","12.0","305.81999999999994","306.0","0.00029411764705892753","0.45898692810457514","0.08143790849673199","False","BATANG TUBUH",""
"38","(1) Bangunan Gedung yang mudah diakses oleh","171.25","539.534","176.35000000000002","188.35000000000002","612.0","BCDGEE+BookmanOldStyle","12.0","355.392","306.0","0.08070588235294117","0.2798202614379085","0.6017712418300654","False","BATANG TUBUH",""
"38","Penyandang Disabilitas sebagaimana dimaksud dalam","192.65","539.486","196.75","208.75","612.0","BCDGEE+BookmanOldStyle","12.0","366.068","306.0","0.0981503267973856","0.3147875816993464","0.5667254901960784","False","BATANG TUBUH",""
"38","Pasal 95 ayat (2) huruf a memiliki fungsi:","192.65","436.37399999999997","217.1500000000001","229.1500000000001","612.0","BCDGEE+BookmanOldStyle","12.0","314.512","306.0","0.013908496732026144","0.3147875816993464","0.3982418300653594","False","BATANG TUBUH",""
"38","a. hunian;","192.65","260.284","237.55000000000007","249.55000000000007","612.0","BCDGEE+BookmanOldStyle","12.0","226.46699999999998","306.0","0.1299558823529412","0.3147875816993464","0.11051307189542481","False","BATANG TUBUH",""
"38","b. keagamaan;","192.65","284.84799999999996","257.95000000000005","269.95000000000005","612.0","BCDGEE+BookmanOldStyle","12.0","238.74899999999997","306.0","0.10988725490196084","0.3147875816993464","0.15065032679738555","False","BATANG TUBUH",""
"38","c. usaha;","192.65","254.068","278.37","290.37","612.0","BCDGEE+BookmanOldStyle","12.0","223.359","306.0","0.13503431372549018","0.3147875816993464","0.10035620915032681","False","BATANG TUBUH",""
"38","d. sosial dan budaya;","192.65","324.4479999999999","298.7800000000001","310.7800000000001","612.0","BCDGEE+BookmanOldStyle","12.0","258.549","306.0","0.07753431372549023","0.3147875816993464","0.21535620915032666","False","BATANG TUBUH",""
"38","e. olahraga; dan","192.65","294.724","319.1700000000001","331.1700000000001","612.0","BCDGEE+BookmanOldStyle","12.0","243.687","306.0","0.10181862745098037","0.3147875816993464","0.16678758169934638","False","BATANG TUBUH",""
"38","f. khusus.","192.65","261.892","339.7700000000001","351.7700000000001","612.0","BCDGEE+BookmanOldStyle","12.0","227.27100000000002","306.0","0.12864215686274508","0.3147875816993464","0.11314052287581698","False","BATANG TUBUH",""
"38","(2) Bangunan gedung yang mudah diakses oleh Penyandang","171.25","539.6540000000001","360.1700000000001","372.1700000000001","612.0","BCDGEE+BookmanOldStyle","12.0","355.45200000000006","306.0","0.08080392156862753","0.2798202614379085","0.6019673202614381","False","BATANG TUBUH",""
"38","Disabilitas sebagaimana dimaksud pada ayat (1) harus","192.65","539.3180000000001","380.57000000000005","392.57000000000005","612.0","BCDGEE+BookmanOldStyle","12.0","365.98400000000004","306.0","0.0980130718954249","0.3147875816993464","0.566450980392157","False","BATANG TUBUH",""
"38","dilengkapi dengan fasilitas dan Aksesibilitas dengan","192.65","539.57","401.0","413.0","612.0","BCDGEE+BookmanOldStyle","12.0","366.11","306.0","0.09821895424836603","0.3147875816993464","0.5668627450980394","False","BATANG TUBUH",""
"38","mempertimbangkan kebutuhan, fungsi, luas, dan","192.65","539.5659999999999","421.4","433.4","612.0","BCDGEE+BookmanOldStyle","12.0","366.10799999999995","306.0","0.09821568627450972","0.3147875816993464","0.5668562091503268","False","BATANG TUBUH",""
"38","ketinggian bangunan gedung sesuai dengan ketentuan","192.65","539.498","441.8","453.8","612.0","BCDGEE+BookmanOldStyle","12.0","366.074","306.0","0.09816013071895427","0.3147875816993464","0.5667450980392158","False","BATANG TUBUH",""
"38","peraturan perundang-undangan.","192.65","387.66799999999995","462.2","474.2","612.0","BCDGEE+BookmanOldStyle","12.0","290.159","306.0","0.025883986928104587","0.3147875816993464","0.31865686274509797","False","BATANG TUBUH",""
"38","(3) Pemilik dan/atau pengelola bangunan gedung yang tidak","171.25","539.5820000000001","482.59999999999997","494.59999999999997","612.0","BCDGEE+BookmanOldStyle","12.0","355.41600000000005","306.0","0.08074509803921577","0.2798202614379085","0.6018496732026145","False","BATANG TUBUH",""
"38","menyediakan fasilitas yang mudah diakses oleh","192.65","539.582","503.2","515.2","612.0","BCDGEE+BookmanOldStyle","12.0","366.116","306.0","0.09822875816993462","0.3147875816993464","0.5668823529411765","False","BATANG TUBUH",""
"38","Penyandang Disabilitas sebagaimana dimaksud pada ayat (2)","192.65","540.142","523.62","535.62","612.0","BCDGEE+BookmanOldStyle","12.0","366.396","306.0","0.09868627450980394","0.3147875816993464","0.5677973856209152","False","BATANG TUBUH",""
"38","dikenai sanksi administratif berupa:","192.65","406.94599999999997","544.03","556.03","612.0","BCDGEE+BookmanOldStyle","12.0","299.798","306.0","0.010133986928104572","0.3147875816993464","0.350156862745098","False","BATANG TUBUH",""
"38","a. peringatan tertulis;","192.65","327.01599999999996","564.4200000000001","576.4200000000001","612.0","BCDGEE+BookmanOldStyle","12.0","259.83299999999997","306.0","0.07543627450980397","0.3147875816993464","0.21955228758169928","False","BATANG TUBUH",""
"38","b. pembatasan kegiatan pembangunan;","192.65","432.14799999999997","584.8199999999999","596.8199999999999","612.0","BCDGEE+BookmanOldStyle","12.0","312.399","306.0","0.010455882352941178","0.3147875816993464","0.3913366013071895","False","BATANG TUBUH",""
"38","c. penghentian sementara atau tetap pada pekerjaan","192.65","539.4999999999999","605.23","617.23","612.0","BCDGEE+BookmanOldStyle","12.0","366.07499999999993","306.0","0.09816176470588224","0.3147875816993464","0.5667483660130718","False","BATANG TUBUH",""
"38","pelaksanaan pembangunan;","213.88","380.9919999999999","625.65","637.65","612.0","BCDGEE+BookmanOldStyle","12.0","297.4359999999999","306.0","0.01399346405228771","0.3494771241830065","0.27305882352941163","False","BATANG TUBUH",""
"38","d. penghentian sementara atau tetap pada pemanfaatan","192.65","539.7499999999999","646.05","658.05","612.0","BCDGEE+BookmanOldStyle","12.0","366.19999999999993","306.0","0.09836601307189531","0.3147875816993464","0.5671568627450979","False","BATANG TUBUH",""
"38","bangunan gedung;","213.88","324.02799999999996","666.65","678.65","612.0","BCDGEE+BookmanOldStyle","12.0","268.95399999999995","306.0","0.06053267973856217","0.3494771241830065","0.17998039215686268","False","BATANG TUBUH",""
"38","e. pembekuan izin mendirikan bangunan gedung;","192.65","493.26599999999996","687.05","699.05","612.0","BCDGEE+BookmanOldStyle","12.0","342.95799999999997","306.0","0.06038888888888884","0.3147875816993464","0.49120261437908497","False","BATANG TUBUH",""
"38","f. pencabutan izin mendirikan bangunan gedung;","192.65","493.924","707.45","719.45","612.0","BCDGEE+BookmanOldStyle","12.0","343.287","306.0","0.060926470588235256","0.3147875816993464","0.49227777777777776","False","BATANG TUBUH",""
"38","g. pembekuan sertifikat laik fungsi bangunan gedung;","192.65","518.5120000000001","727.85","739.85","612.0","BCDGEE+BookmanOldStyle","12.0","355.581","306.0","0.08101470588235297","0.3147875816993464","0.5324542483660132","False","BATANG TUBUH",""
"38","h. pencabutan sertifikat laik fungsi bangunan gedung;","192.65","539.404","748.28","760.28","612.0","BCDGEE+BookmanOldStyle","12.0","366.027","306.0","0.09808333333333331","0.3147875816993464","0.5665915032679739","False","BATANG TUBUH",""
"38","atau","213.88","240.64","768.67","780.67","612.0","BCDGEE+BookmanOldStyle","12.0","227.26","306.0","0.12866013071895427","0.3494771241830065","0.043725490196078416","False","BATANG TUBUH",""
"38","i. perintah pembongkaran bangunan gedung.","192.65","469.5399999999999","789.0699999999999","801.0699999999999","612.0","BCDGEE+BookmanOldStyle","12.0","331.09499999999997","306.0","0.04100490196078427","0.3147875816993464","0.45243464052287563","False","BATANG TUBUH",""
"38","(4) Pemberian sanksi administratif sebagaimana dimaksud","171.25","539.7980000000001","809.47","821.47","612.0","BCDGEE+BookmanOldStyle","12.0","355.52400000000006","306.0","0.08092156862745108","0.2798202614379085","0.6022026143790852","False","BATANG TUBUH",""
"38","pada ayat (3) dilaksanakan sesuai dengan ketentuan","192.65","539.746","830.075","842.075","612.0","BCDGEE+BookmanOldStyle","12.0","366.198","306.0","0.09836274509803918","0.3147875816993464","0.5671503267973856","False","BATANG TUBUH",""
"38","peraturan perundang-undangan.","192.65","387.66799999999995","850.5","862.5","612.0","BCDGEE+BookmanOldStyle","12.0","290.159","306.0","0.025883986928104587","0.3147875816993464","0.31865686274509797","False","BATANG TUBUH",""
"39","39","298.7","313.53999999999996","23.300000000000068","35.30000000000007","612.0","BCDGEE+BookmanOldStyle","12.0","306.12","306.0","0.00019607843137255644","0.4880718954248366","0.024248366013071853","False","BATANG TUBUH",""
"39","Pasal 97","280.9","330.73999999999995","74.12","86.12","612.0","BCDGEE+BookmanOldStyle","12.0","305.81999999999994","306.0","0.00029411764705892753","0.45898692810457514","0.08143790849673199","False","BATANG TUBUH",""
"39","(1) Pemerintah Daerah wajib mencantumkan ketersediaan","171.25","539.4739999999999","107.12","119.12","612.0","BCDGEE+BookmanOldStyle","12.0","355.36199999999997","306.0","0.08065686274509798","0.2798202614379085","0.601673202614379","False","BATANG TUBUH",""
"39","fasilitas yang mudah diakses oleh Penyandang Disabilitas","192.65","539.5820000000001","123.53000000000009","135.5300000000001","612.0","BCDGEE+BookmanOldStyle","12.0","366.11600000000004","306.0","0.0982287581699347","0.3147875816993464","0.5668823529411767","False","BATANG TUBUH",""
"39","sebagai salah satu syarat dalam permohonan izin","192.65","539.6300000000001","140.12","152.12","612.0","BCDGEE+BookmanOldStyle","12.0","366.14000000000004","306.0","0.09826797385620922","0.3147875816993464","0.5669607843137257","False","BATANG TUBUH",""
"39","mendirikan bangunan.","192.65","327.822","156.5300000000001","168.5300000000001","612.0","BCDGEE+BookmanOldStyle","12.0","260.236","306.0","0.07477777777777779","0.3147875816993464","0.22086928104575163","False","BATANG TUBUH",""
"39","(2) Pemerintah Daerah wajib melakukan audit terhadap","171.25","539.7860000000001","173.1500000000001","185.1500000000001","612.0","BCDGEE+BookmanOldStyle","12.0","355.51800000000003","306.0","0.0809117647058824","0.2798202614379085","0.6021830065359478","False","BATANG TUBUH",""
"39","ketersediaan fasilitas Aksesibilitas bagi Penyandang","192.65","539.69","189.55000000000007","201.55000000000007","612.0","BCDGEE+BookmanOldStyle","12.0","366.17","306.0","0.09831699346405232","0.3147875816993464","0.5670588235294118","False","BATANG TUBUH",""
"39","Disabilitas pada setiap bangunan gedung.","192.65","440.32999999999987","206.1500000000001","218.1500000000001","612.0","BCDGEE+BookmanOldStyle","12.0","316.48999999999995","306.0","0.017140522875816914","0.3147875816993464","0.40470588235294097","False","BATANG TUBUH",""
"39","(3) Pemeriksaan kelaikan fungsi terhadap ketersediaan","171.25","539.5579999999999","222.55000000000007","234.55000000000007","612.0","BCDGEE+BookmanOldStyle","12.0","355.40399999999994","306.0","0.08072549019607833","0.2798202614379085","0.6018104575163397","False","BATANG TUBUH",""
"39","fasilitas dan Aksesibilitas untuk Penyandang Disabilitas","192.65","540.146","239.1500000000001","251.1500000000001","612.0","BCDGEE+BookmanOldStyle","12.0","366.39799999999997","306.0","0.09868954248366008","0.3147875816993464","0.5678039215686275","False","BATANG TUBUH",""
"39","merupakan syarat dalam penerbitan dan perpanjangan","192.65","539.6899999999999","255.55000000000007","267.55000000000007","612.0","BCDGEE+BookmanOldStyle","12.0","366.16999999999996","306.0","0.09831699346405222","0.3147875816993464","0.5670588235294117","False","BATANG TUBUH",""
"39","sertifikat laik fungsi bangunan gedung.","192.65","424.32199999999995","272.1500000000001","284.1500000000001","612.0","BCDGEE+BookmanOldStyle","12.0","308.486","306.0","0.004062091503267957","0.3147875816993464","0.37854901960784304","False","BATANG TUBUH",""
"39","(4) Syarat dan mekanisme penerbitan sertifikat laik fungsi","171.25","539.5340000000001","288.57000000000005","300.57000000000005","612.0","BCDGEE+BookmanOldStyle","12.0","355.39200000000005","306.0","0.08070588235294127","0.2798202614379085","0.6017712418300656","False","BATANG TUBUH",""
"39","serta audit fasilitas Aksesibilitas bagi Penyandang","192.65","539.606","304.98","316.98","612.0","BCDGEE+BookmanOldStyle","12.0","366.128","306.0","0.09824836601307187","0.3147875816993464","0.566921568627451","False","BATANG TUBUH",""
"39","Disabilitas sebagaimana dimaksud pada ayat (3)","192.65","539.5939999999999","321.57000000000005","333.57000000000005","612.0","BCDGEE+BookmanOldStyle","12.0","366.12199999999996","306.0","0.0982385620915032","0.3147875816993464","0.5669019607843137","False","BATANG TUBUH",""
"39","dilaksanakan sesuai dengan ketentuan peraturan","192.65","539.8199999999999","337.98","349.98","612.0","BCDGEE+BookmanOldStyle","12.0","366.23499999999996","306.0","0.09842320261437902","0.3147875816993464","0.5672712418300653","False","BATANG TUBUH",""
"39","perundang-undangan.","192.65","325.03799999999995","354.57000000000005","366.57000000000005","612.0","BCDGEE+BookmanOldStyle","12.0","258.844","306.0","0.07705228758169935","0.3147875816993464","0.21632026143790842","False","BATANG TUBUH",""
"39","(5) Dalam hal bangunan gedung sudah memenuhi syarat audit","171.25","540.2179999999997","370.98","382.98","612.0","BCDGEE+BookmanOldStyle","12.0","355.73399999999987","306.0","0.08126470588235273","0.2798202614379085","0.6028888888888885","False","BATANG TUBUH",""
"39","sebagaimana dimaksud pada ayat (3), Pemerintah Daerah","192.65","539.838","387.57000000000005","399.57000000000005","612.0","BCDGEE+BookmanOldStyle","12.0","366.24399999999997","306.0","0.09843790849673198","0.3147875816993464","0.5673006535947712","False","BATANG TUBUH",""
"39","wajib menerbitkan sertifikat laik fungsi.","192.65","427.7419999999999","404.0","416.0","612.0","BCDGEE+BookmanOldStyle","12.0","310.19599999999997","306.0","0.006856209150326748","0.3147875816993464","0.3841372549019606","False","BATANG TUBUH",""
"39","(6) Pemerintah wajib menyusun mekanisme audit fasilitas","171.25","540.15","420.6","432.59999999999997","612.0","BCDGEE+BookmanOldStyle","11.999999999999943","355.7","306.0","0.08120915032679736","0.2798202614379085","0.6027777777777777","False","BATANG TUBUH",""
"39","Aksesibilitas bagi Penyandang Disabilitas.","192.65","440.53399999999993","437.0","449.0","612.0","BCDGEE+BookmanOldStyle","12.0","316.592","306.0","0.017307189542483635","0.3147875816993464","0.4050392156862744","False","BATANG TUBUH",""
"39","(7) Pemeriksaan kelaikan fungsi fasilitas dan Aksesibilitas","171.25","539.624","453.59999999999997","465.59999999999997","612.0","BCDGEE+BookmanOldStyle","12.0","355.437","306.0","0.0807794117647059","0.2798202614379085","0.6019183006535949","False","BATANG TUBUH",""
"39","bagi Penyandang Disabilitas dilaksanakan oleh penyedia","192.65","539.708","470.0","482.0","612.0","BCDGEE+BookmanOldStyle","12.0","366.179","306.0","0.09833169934640519","0.3147875816993464","0.5670882352941177","False","BATANG TUBUH",""
"39","jasa pengawasan atau manajemen konstruksi bersertifikat.","192.65","530.7619999999997","486.59999999999997","498.59999999999997","612.0","BCDGEE+BookmanOldStyle","12.0","361.70599999999985","306.0","0.09102287581699321","0.3147875816993464","0.5524705882352937","False","BATANG TUBUH",""
"39","(8) Pemeriksaan sebagaimana dimaksud pada ayat (6)","171.25","539.662","503.0","515.0","612.0","BCDGEE+BookmanOldStyle","12.0","355.456","306.0","0.0808104575163399","0.2798202614379085","0.6019803921568628","False","BATANG TUBUH",""
"39","dilaksanakan dengan mengikutsertakan organisasi","192.65","539.7860000000001","519.4200000000001","531.4200000000001","612.0","BCDGEE+BookmanOldStyle","12.0","366.218","306.0","0.09839542483660134","0.3147875816993464","0.5672156862745099","False","BATANG TUBUH",""
"39","Penyandang Disabilitas dan/atau Penyandang Disabilitas","192.65","539.594","536.03","548.03","612.0","BCDGEE+BookmanOldStyle","12.0","366.122","306.0","0.09823856209150329","0.3147875816993464","0.5669019607843139","False","BATANG TUBUH",""
"39","yang memiliki keahlian di bidang bangunan gedung.","192.65","501.902","552.4200000000001","564.4200000000001","612.0","BCDGEE+BookmanOldStyle","12.0","347.276","306.0","0.06744444444444446","0.3147875816993464","0.505313725490196","False","BATANG TUBUH",""
"39","Pasal 98","280.9","330.73999999999995","585.4300000000001","597.4300000000001","612.0","BCDGEE+BookmanOldStyle","12.0","305.81999999999994","306.0","0.00029411764705892753","0.45898692810457514","0.08143790849673199","False","BATANG TUBUH",""
"39","Pemerintah Daerah dapat memfasilitasi penyediaan fasilitas","171.25","539.614","618.4200000000001","630.4200000000001","612.0","BCDGEE+BookmanOldStyle","12.0","355.432","306.0","0.08077124183006539","0.2798202614379085","0.6019019607843138","False","BATANG TUBUH",""
"39","yang mudah diakses pada bangunan rumah tinggal tunggal","171.25","539.396","635.05","647.05","612.0","BCDGEE+BookmanOldStyle","12.0","355.323","306.0","0.08059313725490193","0.2798202614379085","0.6015457516339868","False","BATANG TUBUH",""
"39","yang dihuni oleh Penyandang Disabilitas.","171.25","415.36599999999993","651.45","663.45","612.0","BCDGEE+BookmanOldStyle","12.0","293.308","306.0","0.02073856209150328","0.2798202614379085","0.39888235294117635","False","BATANG TUBUH",""
"39","Paragraf 2","275.68","335.872","684.45","696.45","612.0","BCDGEE+BookmanOldStyle","12.0","305.776","306.0","0.00036601307189540775","0.4504575163398693","0.0983529411764706","False","BATANG TUBUH",""
"39","Jalan","289.5","322.18800000000005","701.05","713.05","612.0","BCDGEE+BookmanOldStyle","12.0","305.84400000000005","306.0","0.0002549019607842305","0.4730392156862745","0.05341176470588243","False","BATANG TUBUH",""
"39","Pasal 99","280.9","330.74","733.85","745.85","612.0","BCDGEE+BookmanOldStyle","12.0","305.82","306.0","0.00029411764705883467","0.45898692810457514","0.08143790849673208","False","BATANG TUBUH",""
"39","(1) Pemerintah Daerah wajib menyediakan fasilitas untuk","171.25","539.796","766.88","778.88","612.0","BCDGEE+BookmanOldStyle","12.0","355.523","306.0","0.08091993464052291","0.2798202614379085","0.6021993464052289","False","BATANG TUBUH",""
"39","pejalan kaki yang mudah diakses oleh Penyandang","192.65","539.666","783.48","795.48","612.0","BCDGEE+BookmanOldStyle","12.0","366.158","306.0","0.09829738562091506","0.3147875816993464","0.5670196078431374","False","BATANG TUBUH",""
"39","Disabilitas.","192.65","258.854","799.87","811.87","612.0","BCDGEE+BookmanOldStyle","12.0","225.752","306.0","0.13112418300653594","0.3147875816993464","0.10817647058823526","False","BATANG TUBUH",""
"39","(2) Fasilitas untuk pejalan kaki yang mudah diakses","171.25","539.75","816.48","828.48","612.0","BCDGEE+BookmanOldStyle","12.0","355.5","306.0","0.08088235294117647","0.2798202614379085","0.6021241830065359","False","BATANG TUBUH",""
"39","sebagaimana dimaksud pada ayat (1) dilaksanakan sesuai","192.65","539.582","832.875","844.875","612.0","BCDGEE+BookmanOldStyle","12.0","366.116","306.0","0.09822875816993462","0.3147875816993464","0.5668823529411765","False","BATANG TUBUH",""
"39","dengan ketentuan peraturan perundang-undangan.","192.65","498.308","849.475","861.475","612.0","BCDGEE+BookmanOldStyle","12.0","345.479","306.0","0.0645081699346405","0.3147875816993464","0.4994411764705883","False","BATANG TUBUH",""
"40","40","298.7","313.53999999999996","23.300000000000068","35.30000000000007","612.0","BCDGEE+BookmanOldStyle","12.0","306.12","306.0","0.00019607843137255644","0.4880718954248366","0.024248366013071853","False","BATANG TUBUH",""
"40","Pasal 100","277.08","334.34000000000003","74.12","86.12","612.0","BCDGEE+BookmanOldStyle","12.0","305.71000000000004","306.0","0.00047385620915026735","0.45274509803921564","0.09356209150326805","False","BATANG TUBUH",""
"40","(1) Pemerintah Daerah wajib menyediakan tempat","171.25","539.81","115.73000000000002","127.73000000000002","612.0","BCDGEE+BookmanOldStyle","12.0","355.53","306.0","0.08093137254901957","0.2798202614379085","0.6022222222222221","False","BATANG TUBUH",""
"40","penyeberangan pejalan kaki yang mudah diakses oleh","192.65","539.5699999999999","136.73000000000002","148.73000000000002","612.0","BCDGEE+BookmanOldStyle","12.0","366.10999999999996","306.0","0.09821895424836594","0.3147875816993464","0.5668627450980391","False","BATANG TUBUH",""
"40","Penyandang Disabilitas.","192.65","334.406","157.5300000000001","169.5300000000001","612.0","BCDGEE+BookmanOldStyle","12.0","263.528","306.0","0.06939869281045748","0.3147875816993464","0.23162745098039217","False","BATANG TUBUH",""
"40","(2) Persyaratan mengenai tempat penyeberangan pejalan kaki","171.25","539.672","178.35000000000002","190.35000000000002","612.0","BCDGEE+BookmanOldStyle","12.0","355.461","306.0","0.08081862745098041","0.2798202614379085","0.6019967320261438","False","BATANG TUBUH",""
"40","yang mudah diakses oleh Penyandang Disabilitas","192.65","539.6540000000001","199.1500000000001","211.1500000000001","612.0","BCDGEE+BookmanOldStyle","12.0","366.15200000000004","306.0","0.09828758169934648","0.3147875816993464","0.5670000000000002","False","BATANG TUBUH",""
"40","sebagaimana dimaksud pada ayat (1) dilaksanakan sesuai","192.65","539.582","219.95000000000005","231.95000000000005","612.0","BCDGEE+BookmanOldStyle","12.0","366.116","306.0","0.09822875816993462","0.3147875816993464","0.5668823529411765","False","BATANG TUBUH",""
"40","dengan ketentuan peraturan perundang-undangan.","192.65","498.308","240.75","252.75","612.0","BCDGEE+BookmanOldStyle","12.0","345.479","306.0","0.0645081699346405","0.3147875816993464","0.4994411764705883","False","BATANG TUBUH",""
"40","Paragraf 3","275.68","335.872","282.57000000000005","294.57000000000005","612.0","BCDGEE+BookmanOldStyle","12.0","305.776","306.0","0.00036601307189540775","0.4504575163398693","0.0983529411764706","False","BATANG TUBUH",""
"40","Pertamanan dan Pemakaman","218.88","392.76800000000003","303.37","315.37","612.0","BCDGEE+BookmanOldStyle","12.0","305.824","306.0","0.0002875816993463852","0.35764705882352943","0.2841307189542484","False","BATANG TUBUH",""
"40","Pasal 101","277.08","334.34000000000003","344.98","356.98","612.0","BCDGEE+BookmanOldStyle","12.0","305.71000000000004","306.0","0.00047385620915026735","0.45274509803921564","0.09356209150326805","False","BATANG TUBUH",""
"40","(1) Pemerintah Daerah menyediakan fasilitas umum","171.25","539.616","386.7800000000001","398.7800000000001","612.0","BCDGEE+BookmanOldStyle","12.0","355.433","306.0","0.08077287581699345","0.2798202614379085","0.6019052287581699","False","BATANG TUBUH",""
"40","lingkungan pertamanan dan permakaman umum yang","192.65","539.378","407.6","419.6","612.0","BCDGEE+BookmanOldStyle","12.0","366.014","306.0","0.09806209150326799","0.3147875816993464","0.5665490196078432","False","BATANG TUBUH",""
"40","mudah diakses oleh Penyandang Disabilitas.","192.65","456.34999999999997","428.4","440.4","612.0","BCDGEE+BookmanOldStyle","12.0","324.5","306.0","0.03022875816993464","0.3147875816993464","0.4308823529411764","False","BATANG TUBUH",""
"40","(2) Pertamanan dan permakaman yang mudah diakses","171.25","539.582","449.2","461.2","612.0","BCDGEE+BookmanOldStyle","12.0","355.416","306.0","0.08074509803921569","0.2798202614379085","0.6018496732026144","False","BATANG TUBUH",""
"40","sebagaimana dimaksud pada ayat (1) dilengkapi dengan","192.65","539.5099999999999","470.0","482.0","612.0","BCDGEE+BookmanOldStyle","12.0","366.0799999999999","306.0","0.09816993464052276","0.3147875816993464","0.5667647058823527","False","BATANG TUBUH",""
"40","fasilitas dan Aksesibilitas bagi Penyandang Disabilitas.","192.65","516.1260000000001","491.0","503.0","612.0","BCDGEE+BookmanOldStyle","12.0","354.38800000000003","306.0","0.07906535947712424","0.3147875816993464","0.5285555555555558","False","BATANG TUBUH",""
"40","Paragraf 4","275.68","335.872","532.62","544.62","612.0","BCDGEE+BookmanOldStyle","12.0","305.776","306.0","0.00036601307189540775","0.4504575163398693","0.0983529411764706","False","BATANG TUBUH",""
"40","Permukiman","268.08","343.56","553.4300000000001","565.4300000000001","612.0","BCDGEE+BookmanOldStyle","12.0","305.82","306.0","0.00029411764705883467","0.43803921568627446","0.12333333333333336","False","BATANG TUBUH",""
"40","Pasal 102","277.08","334.34000000000003","595.03","607.03","612.0","BCDGEE+BookmanOldStyle","12.0","305.71000000000004","306.0","0.00047385620915026735","0.45274509803921564","0.09356209150326805","False","BATANG TUBUH",""
"40","(1) Pemerintah Daerah memfasilitasi permukiman yang","171.25","539.474","636.8499999999999","648.8499999999999","612.0","BCDGEE+BookmanOldStyle","12.0","355.362","306.0","0.08065686274509808","0.2798202614379085","0.6016732026143792","False","BATANG TUBUH",""
"40","mudah diakses oleh Penyandang Disabilitas.","192.65","456.416","657.65","669.65","612.0","BCDGEE+BookmanOldStyle","12.0","324.533","306.0","0.030282679738562118","0.3147875816993464","0.4309901960784313","False","BATANG TUBUH",""
"40","(2) Pemerintah Daerah wajib mengawasi dan memastikan","171.25","539.7040000000001","678.45","690.45","612.0","BCDGEE+BookmanOldStyle","12.0","355.47700000000003","306.0","0.08084477124183012","0.2798202614379085","0.6020490196078433","False","BATANG TUBUH",""
"40","seluruh permukiman yang dibangun oleh pengembang","192.65","539.4860000000001","699.25","711.25","612.0","BCDGEE+BookmanOldStyle","12.0","366.06800000000004","306.0","0.09815032679738568","0.3147875816993464","0.5667254901960787","False","BATANG TUBUH",""
"40","memiliki Aksesibilitas bagi Penyandang Disabilitas.","192.65","495.0399999999999","720.05","732.05","612.0","BCDGEE+BookmanOldStyle","12.0","343.84499999999997","306.0","0.0618382352941176","0.3147875816993464","0.49410130718954226","False","BATANG TUBUH",""
"40","(3) Pengembang sebagaimana dimaksud pada ayat (2)","171.25","539.6059999999999","741.0699999999999","753.0699999999999","612.0","BCDGEE+BookmanOldStyle","12.0","355.42799999999994","306.0","0.08076470588235285","0.2798202614379085","0.6018888888888887","False","BATANG TUBUH",""
"40","termasuk pihak swasta dan badan usaha milik negara","192.65","539.798","761.87","773.87","612.0","BCDGEE+BookmanOldStyle","12.0","366.224","306.0","0.09840522875816991","0.3147875816993464","0.5672352941176471","False","BATANG TUBUH",""
"40","atau badan usaha milik daerah.","192.65","381.76","782.67","794.67","612.0","BCDGEE+BookmanOldStyle","12.0","287.205","306.0","0.030710784313725516","0.3147875816993464","0.3090032679738562","False","BATANG TUBUH",""
"40","(4) Ketentuan lebih lanjut mengenai permukiman yang","171.25","539.426","803.48","815.48","612.0","BCDGEE+BookmanOldStyle","12.000000000000014","355.338","306.0","0.08061764705882357","0.2798202614379085","0.6015947712418301","False","BATANG TUBUH",""
"40","mudah diakses oleh Penyandang Disabilitas diatur dengan","192.65","539.8019999999999","824.28","836.28","612.0","BCDGEE+BookmanOldStyle","12.0","366.22599999999994","306.0","0.09840849673202605","0.3147875816993464","0.5672418300653593","False","BATANG TUBUH",""
"40","Peraturan Bupati.","192.65","298.73999999999995","845.275","857.275","612.0","BCDGEE+BookmanOldStyle","12.0","245.695","306.0","0.09853758169934641","0.3147875816993464","0.1733496732026143","False","BATANG TUBUH",""
"41","41","298.7","313.53999999999996","23.300000000000068","35.30000000000007","612.0","BCDGEE+BookmanOldStyle","12.0","306.12","306.0","0.00019607843137255644","0.4880718954248366","0.024248366013071853","False","BATANG TUBUH",""
"41","Bagian Kedua Belas","246.88","364.44399999999996","74.12","86.12","612.0","BCDGEE+BookmanOldStyle","12.0","305.662","306.0","0.0005522875816993828","0.4033986928104575","0.19209803921568622","False","BATANG TUBUH",""
"41","Pelayanan Publik","254.88","356.856","95.32000000000005","107.32000000000005","612.0","BCDGEE+BookmanOldStyle","12.0","305.868","306.0","0.0002156862745098121","0.4164705882352941","0.16662745098039217","False","BATANG TUBUH",""
"41","Pasal 103","277.08","334.34000000000003","137.5300000000001","149.5300000000001","612.0","BCDGEE+BookmanOldStyle","12.0","305.71000000000004","306.0","0.00047385620915026735","0.45274509803921564","0.09356209150326805","False","BATANG TUBUH",""
"41","(1) Pemerintah Daerah wajib menyediakan Pelayanan Publik","171.25","539.78","179.75","191.75","612.0","BCDGEE+BookmanOldStyle","12.0","355.515","306.0","0.08090686274509802","0.2798202614379085","0.602173202614379","False","BATANG TUBUH",""
"41","yang mudah diakses oleh Penyandang Disabilitas sesuai","192.65","539.6179999999999","200.95000000000005","212.95000000000005","612.0","BCDGEE+BookmanOldStyle","12.0","366.13399999999996","306.0","0.09825816993464045","0.3147875816993464","0.5669411764705882","False","BATANG TUBUH",""
"41","dengan ketentuan peraturan perundang-undangan.","192.65","498.308","222.1500000000001","234.1500000000001","612.0","BCDGEE+BookmanOldStyle","12.0","345.479","306.0","0.0645081699346405","0.3147875816993464","0.4994411764705883","False","BATANG TUBUH",""
"41","(2) Pelayanan Publik sebagaimana dimaksud pada ayat (1)","171.25","539.774","243.1500000000001","255.1500000000001","612.0","BCDGEE+BookmanOldStyle","12.0","355.512","306.0","0.08090196078431372","0.2798202614379085","0.6021633986928104","False","BATANG TUBUH",""
"41","termasuk pelayanan jasa transportasi publik.","192.65","461.498","264.35","276.35","612.0","BCDGEE+BookmanOldStyle","12.0","327.074","306.0","0.034434640522875835","0.3147875816993464","0.4392941176470588","False","BATANG TUBUH",""
"41","(3) Pelayanan Publik yang mudah diakses sebagaimana","171.25","539.5580000000001","285.37","297.37","612.0","BCDGEE+BookmanOldStyle","12.0","355.40400000000005","306.0","0.08072549019607851","0.2798202614379085","0.60181045751634","False","BATANG TUBUH",""
"41","dimaksud pada ayat (1) diselenggarakan oleh institusi","192.65","539.5820000000001","306.57000000000005","318.57000000000005","612.0","BCDGEE+BookmanOldStyle","12.0","366.11600000000004","306.0","0.0982287581699347","0.3147875816993464","0.5668823529411767","False","BATANG TUBUH",""
"41","penyelenggara negara, korporasi, lembaga independen","192.65","539.354","327.7800000000001","339.7800000000001","612.0","BCDGEE+BookmanOldStyle","12.0","366.002","306.0","0.09804248366013074","0.3147875816993464","0.5665098039215687","False","BATANG TUBUH",""
"41","yang dibentuk berdasarkan undang-undang untuk","192.65","539.9100000000001","348.7700000000001","360.7700000000001","612.0","BCDGEE+BookmanOldStyle","12.0","366.28000000000003","306.0","0.09849673202614384","0.3147875816993464","0.5674183006535949","False","BATANG TUBUH",""
"41","kegiatan Pelayanan Publik, dan badan hukum lain yang","192.65","539.618","369.98","381.98","612.0","BCDGEE+BookmanOldStyle","12.0","366.134","306.0","0.09825816993464055","0.3147875816993464","0.5669411764705884","False","BATANG TUBUH",""
"41","dibentuk untuk Pelayanan Publik.","192.65","395.1619999999999","391.20000000000005","403.20000000000005","612.0","BCDGEE+BookmanOldStyle","12.0","293.90599999999995","306.0","0.019761437908496816","0.3147875816993464","0.3309019607843136","False","BATANG TUBUH",""
"41","(4) Pendanaan Pelayanan Publik bagi Penyandang Disabilitas","171.25","539.39","412.20000000000005","424.2","612.0","BCDGEE+BookmanOldStyle","11.999999999999943","355.32","306.0","0.08058823529411764","0.2798202614379085","0.6015359477124183","False","BATANG TUBUH",""
"41","bersumber dari:","192.65","287.054","433.4","445.4","612.0","BCDGEE+BookmanOldStyle","12.0","239.85199999999998","306.0","0.10808496732026147","0.3147875816993464","0.15425490196078426","False","BATANG TUBUH",""
"41","a. Anggaran dan Pendapatan Belanja Daerah; dan/atau","192.65","528.59","454.59999999999997","466.59999999999997","612.0","BCDGEE+BookmanOldStyle","12.0","360.62","306.0","0.0892483660130719","0.3147875816993464","0.5489215686274511","False","BATANG TUBUH",""
"41","b. Anggaran korporasi atau badan hukum yang","192.65","540.002","475.59999999999997","487.59999999999997","612.0","BCDGEE+BookmanOldStyle","12.0","366.32599999999996","306.0","0.09857189542483655","0.3147875816993464","0.5675686274509804","False","BATANG TUBUH",""
"41","menyelenggarakan Pelayanan Publik.","213.88","433.7919999999999","496.8","508.8","612.0","BCDGEE+BookmanOldStyle","12.0","323.83599999999996","306.0","0.02914379084967313","0.3494771241830065","0.3593333333333332","False","BATANG TUBUH",""
"41","Pasal 104","277.08","334.34000000000003","539.03","551.03","612.0","BCDGEE+BookmanOldStyle","12.0","305.71000000000004","306.0","0.00047385620915026735","0.45274509803921564","0.09356209150326805","False","BATANG TUBUH",""
"41","(1) Pemerintah Daerah wajib menyebarluaskan dan","171.25","539.74","581.23","593.23","612.0","BCDGEE+BookmanOldStyle","12.0","355.495","306.0","0.08087418300653595","0.2798202614379085","0.602107843137255","False","BATANG TUBUH",""
"41","menyosialisasikan Pelayanan Publik yang mudah diakses","192.65","539.414","602.4200000000001","614.4200000000001","612.0","BCDGEE+BookmanOldStyle","12.0","366.032","306.0","0.09809150326797383","0.3147875816993464","0.5666078431372549","False","BATANG TUBUH",""
"41","sebagaimana dimaksud dalam Pasal 103 kepada","192.65","539.71","623.65","635.65","612.0","BCDGEE+BookmanOldStyle","12.0","366.18","306.0","0.09833333333333334","0.3147875816993464","0.567091503267974","False","BATANG TUBUH",""
"41","Penyandang Disabilitas dan masyarakat.","192.65","433.502","644.65","656.65","612.0","BCDGEE+BookmanOldStyle","12.0","313.076","306.0","0.011562091503268009","0.3147875816993464","0.39354901960784316","False","BATANG TUBUH",""
"41","(2) Penyelenggara Pelayanan Publik wajib menyediakan","171.25","539.4879999999999","665.8499999999999","677.8499999999999","612.0","BCDGEE+BookmanOldStyle","12.0","355.36899999999997","306.0","0.08066830065359472","0.2798202614379085","0.6016960784313724","False","BATANG TUBUH",""
"41","panduan Pelayanan Publik yang mudah diakses oleh","192.65","539.4859999999999","687.05","699.05","612.0","BCDGEE+BookmanOldStyle","12.0","366.0679999999999","306.0","0.0981503267973855","0.3147875816993464","0.5667254901960783","False","BATANG TUBUH",""
"41","Penyandang Disabilitas.","192.65","334.406","708.05","720.05","612.0","BCDGEE+BookmanOldStyle","12.0","263.528","306.0","0.06939869281045748","0.3147875816993464","0.23162745098039217","False","BATANG TUBUH",""
"41","Pasal 105","277.27","334.498","750.47","762.47","612.0","BCDGEE+BookmanOldStyle","12.0","305.884","306.0","0.00018954248366010693","0.45305555555555554","0.09350980392156864","False","BATANG TUBUH",""
"41","Ketentuan lebih lanjut mengenai Pelayanan Publik yang","171.25","539.614","792.67","804.67","612.0","BCDGEE+BookmanOldStyle","12.0","355.432","306.0","0.08077124183006539","0.2798202614379085","0.6019019607843138","False","BATANG TUBUH",""
"41","mudah diakses oleh Penyandang Disabilitas diatur dengan","171.25","539.2899999999998","813.87","825.87","612.0","BCDGEE+BookmanOldStyle","12.0","355.2699999999999","306.0","0.0805065359477123","0.2798202614379085","0.6013725490196076","False","BATANG TUBUH",""
"41","Peraturan Bupati.","171.25","277.174","834.875","846.875","612.0","BCDGEE+BookmanOldStyle","12.0","224.212","306.0","0.133640522875817","0.2798202614379085","0.173078431372549","False","BATANG TUBUH",""
"42","42","298.7","313.53999999999996","23.300000000000068","35.30000000000007","612.0","BCDGEE+BookmanOldStyle","12.0","306.12","306.0","0.00019607843137255644","0.4880718954248366","0.024248366013071853","False","BATANG TUBUH",""
"42","Bagian Ketiga Belas","247.48","364.124","74.12","86.12","612.0","BCDGEE+BookmanOldStyle","12.0","305.802","306.0","0.0003235294117646717","0.4043790849673202","0.1905947712418301","False","BATANG TUBUH",""
"42","Pelindungan dari Bencana","227.88","383.556","95.32000000000005","107.32000000000005","612.0","BCDGEE+BookmanOldStyle","12.0","305.71799999999996","306.0","0.0004607843137255541","0.37235294117647055","0.2543725490196078","False","BATANG TUBUH",""
"42","Pasal 106","277.08","334.34","137.5300000000001","149.5300000000001","612.0","BCDGEE+BookmanOldStyle","12.0","305.71","306.0","0.0004738562091503602","0.45274509803921564","0.09356209150326796","False","BATANG TUBUH",""
"42","(1) Pemerintah Daerah wajib mengambil langkah yang","171.25","539.8820000000001","179.75","191.75","612.0","BCDGEE+BookmanOldStyle","12.0","355.56600000000003","306.0","0.08099019607843143","0.2798202614379085","0.6023398692810459","False","BATANG TUBUH",""
"42","diperlukan untuk menjamin penanganan Penyandang","192.65","539.6419999999999","200.95000000000005","212.95000000000005","612.0","BCDGEE+BookmanOldStyle","12.0","366.14599999999996","306.0","0.09827777777777771","0.3147875816993464","0.5669803921568627","False","BATANG TUBUH",""
"42","Disabilitas pada tahap prabencana, saat tanggap darurat,","192.65","539.486","222.1500000000001","234.1500000000001","612.0","BCDGEE+BookmanOldStyle","12.0","366.068","306.0","0.0981503267973856","0.3147875816993464","0.5667254901960784","False","BATANG TUBUH",""
"42","dan pascabencana.","192.65","306.21799999999996","243.1500000000001","255.1500000000001","612.0","BCDGEE+BookmanOldStyle","12.0","249.43399999999997","306.0","0.09242810457516346","0.3147875816993464","0.18556862745098032","False","BATANG TUBUH",""
"42","(2) Penanganan Penyandang Disabilitas sebagaimana","171.25","539.732","264.35","276.35","612.0","BCDGEE+BookmanOldStyle","12.0","355.491","306.0","0.0808676470588235","0.2798202614379085","0.60209477124183","False","BATANG TUBUH",""
"42","dimaksud pada ayat (1) harus memperhatikan Akomodasi","192.65","539.5100000000001","285.37","297.37","612.0","BCDGEE+BookmanOldStyle","12.0","366.08000000000004","306.0","0.09816993464052294","0.3147875816993464","0.5667647058823532","False","BATANG TUBUH",""
"42","yang Layak dan Aksesibilitas untuk Penyandang","192.65","539.654","306.57000000000005","318.57000000000005","612.0","BCDGEE+BookmanOldStyle","12.0","366.152","306.0","0.09828758169934639","0.3147875816993464","0.5670000000000001","False","BATANG TUBUH",""
"42","Disabilitas.","192.65","258.854","327.7800000000001","339.7800000000001","612.0","BCDGEE+BookmanOldStyle","12.0","225.752","306.0","0.13112418300653594","0.3147875816993464","0.10817647058823526","False","BATANG TUBUH",""
"42","(3) Penyandang Disabilitas dapat berpartisipasi dalam","171.25","539.486","348.7700000000001","360.7700000000001","612.0","BCDGEE+BookmanOldStyle","12.0","355.368","306.0","0.08066666666666666","0.2798202614379085","0.6016928104575163","False","BATANG TUBUH",""
"42","penanggulangan bencana.","192.65","347.558","369.98","381.98","612.0","BCDGEE+BookmanOldStyle","12.0","270.104","306.0","0.05865359477124185","0.3147875816993464","0.2531176470588235","False","BATANG TUBUH",""
"42","(4) Ketentuan lebih lanjut mengenai penanganan Penyandang","171.25","539.606","391.20000000000005","403.20000000000005","612.0","BCDGEE+BookmanOldStyle","12.0","355.428","306.0","0.08076470588235293","0.2798202614379085","0.6018888888888889","False","BATANG TUBUH",""
"42","Disabilitas sebagaimana dimaksud pada ayat (1) dan","192.65","539.5939999999999","412.20000000000005","424.2","612.0","BCDGEE+BookmanOldStyle","11.999999999999943","366.12199999999996","306.0","0.0982385620915032","0.3147875816993464","0.5669019607843137","False","BATANG TUBUH",""
"42","ayat (2) serta partisipasi Penyandang Disabilitas","192.65","539.6300000000001","433.4","445.4","612.0","BCDGEE+BookmanOldStyle","12.0","366.14000000000004","306.0","0.09826797385620922","0.3147875816993464","0.5669607843137257","False","BATANG TUBUH",""
"42","sebagaimana dimaksud pada ayat (3) diatur dengan","192.65","539.65","454.59999999999997","466.59999999999997","612.0","BCDGEE+BookmanOldStyle","12.0","366.15","306.0","0.09828431372549015","0.3147875816993464","0.5669934640522876","False","BATANG TUBUH",""
"42","Peraturan Bupati.","192.65","298.57399999999996","475.59999999999997","487.59999999999997","612.0","BCDGEE+BookmanOldStyle","12.0","245.61199999999997","306.0","0.09867320261437915","0.3147875816993464","0.17307843137254894","False","BATANG TUBUH",""
"42","Bagian Keempat Belas","239.88","371.424","518.03","530.03","612.0","BCDGEE+BookmanOldStyle","12.0","305.652","306.0","0.0005686274509804138","0.3919607843137255","0.21494117647058822","False","BATANG TUBUH",""
"42","Habilitasi dan Rehabilitasi","228.08","383.5880000000001","539.03","551.03","612.0","BCDGEE+BookmanOldStyle","12.0","305.83400000000006","306.0","0.0002712418300652614","0.3726797385620915","0.2540980392156864","False","BATANG TUBUH",""
"42","Pasal 107","277.08","334.34","581.23","593.23","612.0","BCDGEE+BookmanOldStyle","12.0","305.71","306.0","0.0004738562091503602","0.45274509803921564","0.09356209150326796","False","BATANG TUBUH",""
"42","(1) Pemerintah Daerah wajib menyediakan atau memfasilitasi","171.25","539.8059999999999","623.65","635.65","612.0","BCDGEE+BookmanOldStyle","12.0","355.52799999999996","306.0","0.08092810457516333","0.2798202614379085","0.6022156862745097","False","BATANG TUBUH",""
"42","layanan habilitasi dan rehabilitasi untuk Penyandang","192.65","539.606","644.65","656.65","612.0","BCDGEE+BookmanOldStyle","12.0","366.128","306.0","0.09824836601307187","0.3147875816993464","0.566921568627451","False","BATANG TUBUH",""
"42","Disabilitas.","192.65","258.854","665.8499999999999","677.8499999999999","612.0","BCDGEE+BookmanOldStyle","12.0","225.752","306.0","0.13112418300653594","0.3147875816993464","0.10817647058823526","False","BATANG TUBUH",""
"42","(2) Habilitasi dan rehabilitasi untuk Penyandang Disabilitas","171.25","539.5580000000001","687.05","699.05","612.0","BCDGEE+BookmanOldStyle","12.0","355.40400000000005","306.0","0.08072549019607851","0.2798202614379085","0.60181045751634","False","BATANG TUBUH",""
"42","sebagaimana dimaksud pada ayat (1) bertujuan:","192.65","477.756","708.05","720.05","612.0","BCDGEE+BookmanOldStyle","12.0","335.203","306.0","0.047717320261437865","0.3147875816993464","0.465859477124183","False","BATANG TUBUH",""
"42","a. mencapai, mempertahankan, dan mengembangkan","192.65","539.5699999999999","729.25","741.25","612.0","BCDGEE+BookmanOldStyle","12.0","366.10999999999996","306.0","0.09821895424836594","0.3147875816993464","0.5668627450980391","False","BATANG TUBUH",""
"42","kemandirian, kemampuan fisik, mental, sosial, dan","213.88","539.5279999999999","750.47","762.47","612.0","BCDGEE+BookmanOldStyle","12.0","376.70399999999995","306.0","0.1155294117647058","0.3494771241830065","0.5321045751633986","False","BATANG TUBUH",""
"42","keterampilan Penyandang Disabilitas secara maksimal;","213.88","539.7279999999998","771.48","783.48","612.0","BCDGEE+BookmanOldStyle","12.0","376.8039999999999","306.0","0.1156928104575162","0.3494771241830065","0.5324313725490194","False","BATANG TUBUH",""
"42","dan","213.88","236.188","792.67","804.67","612.0","BCDGEE+BookmanOldStyle","12.0","225.034","306.0","0.13229738562091506","0.3494771241830065","0.03645098039215685","False","BATANG TUBUH",""
"42","b. memberi kesempatan untuk berpartisipasi dan","192.65","539.3559999999999","813.87","825.87","612.0","BCDGEE+BookmanOldStyle","12.0","366.00299999999993","306.0","0.09804411764705871","0.3147875816993464","0.5665130718954247","False","BATANG TUBUH",""
"42","berinklusi di seluruh aspek kehidupan.","213.88","446.61999999999995","834.875","846.875","612.0","BCDGEE+BookmanOldStyle","12.0","330.25","306.0","0.039624183006535946","0.3494771241830065","0.3802941176470587","False","BATANG TUBUH",""
"43","43","298.7","313.53999999999996","23.300000000000068","35.30000000000007","612.0","BCDGEE+BookmanOldStyle","12.0","306.12","306.0","0.00019607843137255644","0.4880718954248366","0.024248366013071853","False","BATANG TUBUH",""
"43","Pasal 108","277.27","334.54","74.12","86.12","612.0","BCDGEE+BookmanOldStyle","12.0","305.905","306.0","0.00015522875816997923","0.45305555555555554","0.09357843137254908","False","BATANG TUBUH",""
"43","Habilitasi dan rehabilitasi untuk Penyandang Disabilitas","171.25","539.3620000000001","108.12","120.12","612.0","BCDGEE+BookmanOldStyle","12.0","355.30600000000004","306.0","0.08056535947712425","0.2798202614379085","0.6014901960784315","False","BATANG TUBUH",""
"43","berfungsi sebagai:","171.25","277.904","125.12","137.12","612.0","BCDGEE+BookmanOldStyle","12.0","224.577","306.0","0.1330441176470588","0.2798202614379085","0.17427124183006534","False","BATANG TUBUH",""
"43","a. sarana pendidikan dan pelatihan keterampilan hidup;","171.25","511.324","142.12","154.12","612.0","BCDGEE+BookmanOldStyle","12.0","341.28700000000003","306.0","0.0576584967320262","0.2798202614379085","0.5556764705882353","False","BATANG TUBUH",""
"43","b. sarana antara dalam mengatasi kondisi disabilitasnya; dan","171.25","530.6299999999998","159.32000000000005","171.32000000000005","612.0","BCDGEE+BookmanOldStyle","12.0","350.9399999999999","306.0","0.07343137254901942","0.2798202614379085","0.5872222222222219","False","BATANG TUBUH",""
"43","c. sarana untuk mempersiapkan Penyandang Disabilitas","171.25","540.052","176.35000000000002","188.35000000000002","612.0","BCDGEE+BookmanOldStyle","12.0","355.651","306.0","0.08112908496732028","0.2798202614379085","0.6026176470588236","False","BATANG TUBUH",""
"43","agar dapat hidup mandiri dalam masyarakat.","192.65","460.44199999999995","193.35000000000002","205.35000000000002","612.0","BCDGEE+BookmanOldStyle","12.0","326.546","306.0","0.03357189542483659","0.3147875816993464","0.43756862745098024","False","BATANG TUBUH",""
"43","Pasal 109","277.27","334.53999999999996","227.35000000000002","239.35000000000002","612.0","BCDGEE+BookmanOldStyle","12.0","305.905","306.0","0.00015522875816997923","0.45305555555555554","0.093578431372549","False","BATANG TUBUH",""
"43","Penanganan habilitasi dan rehabilitasi Penyandang Disabilitas","171.25","540.182","261.35","273.35","612.0","BCDGEE+BookmanOldStyle","12.0","355.716","306.0","0.08123529411764707","0.2798202614379085","0.6028300653594771","False","BATANG TUBUH",""
"43","dilakukan dalam bentuk:","171.25","320.1939999999999","278.37","290.37","612.0","BCDGEE+BookmanOldStyle","12.0","245.72199999999995","306.0","0.09849346405228766","0.2798202614379085","0.2433725490196077","False","BATANG TUBUH",""
"43","a. layanan habilitasi dan rehabilitasi dalam keluarga dan","171.25","539.4739999999998","295.38","307.38","612.0","BCDGEE+BookmanOldStyle","12.0","355.3619999999999","306.0","0.0806568627450979","0.2798202614379085","0.6016732026143788","False","BATANG TUBUH",""
"43","masyarakat; dan","192.65","291.482","312.37","324.37","612.0","BCDGEE+BookmanOldStyle","12.0","242.06600000000003","306.0","0.10446732026143786","0.3147875816993464","0.1614901960784314","False","BATANG TUBUH",""
"43","b. layanan habilitasi dan rehabilitasi dalam lembaga.","171.25","490.59","329.57000000000005","341.57000000000005","612.0","BCDGEE+BookmanOldStyle","12.0","330.91999999999996","306.0","0.04071895424836595","0.2798202614379085","0.521797385620915","False","BATANG TUBUH",""
"43","Pasal 110","277.27","334.54","363.57000000000005","375.57000000000005","612.0","BCDGEE+BookmanOldStyle","12.0","305.905","306.0","0.00015522875816997923","0.45305555555555554","0.09357843137254908","False","BATANG TUBUH",""
"43","Ketentuan lebih lanjut mengenai layanan habilitasi dan","171.25","539.6259999999999","397.6","409.6","612.0","BCDGEE+BookmanOldStyle","12.0","355.43799999999993","306.0","0.08078104575163388","0.2798202614379085","0.6019215686274507","False","BATANG TUBUH",""
"43","rehabilitasi diatur dengan Peraturan Bupati.","171.25","433.96999999999997","414.6","426.59999999999997","612.0","BCDGEE+BookmanOldStyle","11.999999999999943","302.61","306.0","0.005539215686274488","0.2798202614379085","0.42928104575163395","False","BATANG TUBUH",""
"43","Bagian Kelima Belas","245.47","366.034","448.59999999999997","460.59999999999997","612.0","BCDGEE+BookmanOldStyle","12.0","305.752","306.0","0.00040522875816991903","0.4010947712418301","0.19699999999999998","False","BATANG TUBUH",""
"43","Konsesi","283.1","328.70000000000005","465.59999999999997","477.59999999999997","612.0","BCDGEE+BookmanOldStyle","12.0","305.90000000000003","306.0","0.00016339869281040178","0.46258169934640525","0.07450980392156867","False","BATANG TUBUH",""
"43","Pasal 111","277.27","334.54","499.8","511.8","612.0","BCDGEE+BookmanOldStyle","12.0","305.905","306.0","0.00015522875816997923","0.45305555555555554","0.09357843137254908","False","BATANG TUBUH",""
"43","Pemerintah Daerah berkewajiban memberikan Konsesi untuk","171.25","539.614","533.8199999999999","545.8199999999999","612.0","BCDGEE+BookmanOldStyle","12.0","355.432","306.0","0.08077124183006539","0.2798202614379085","0.6019019607843138","False","BATANG TUBUH",""
"43","Penyandang Disabilitas.","171.25","313.006","550.8199999999999","562.8199999999999","612.0","BCDGEE+BookmanOldStyle","12.0","242.128","306.0","0.10436601307189544","0.2798202614379085","0.2316274509803921","False","BATANG TUBUH",""
"43","Pasal 112","277.27","334.54","584.8199999999999","596.8199999999999","612.0","BCDGEE+BookmanOldStyle","12.0","305.905","306.0","0.00015522875816997923","0.45305555555555554","0.09357843137254908","False","BATANG TUBUH",""
"43","Pemerintah Daerah mengupayakan pihak swasta untuk","171.25","539.782","618.8199999999999","630.8199999999999","612.0","BCDGEE+BookmanOldStyle","12.0","355.516","306.0","0.08090849673202617","0.2798202614379085","0.6021764705882353","False","BATANG TUBUH",""
"43","memberikan Konsesi untuk Penyandang Disabilitas.","171.25","479.92599999999993","635.8499999999999","647.8499999999999","612.0","BCDGEE+BookmanOldStyle","12.0","325.58799999999997","306.0","0.03200653594771236","0.2798202614379085","0.5043725490196077","False","BATANG TUBUH",""
"43","Pasal 113","277.27","334.54","670.05","682.05","612.0","BCDGEE+BookmanOldStyle","12.0","305.905","306.0","0.00015522875816997923","0.45305555555555554","0.09357843137254908","False","BATANG TUBUH",""
"43","Pemerintah Daerah dapat memberikan insentif bagi","171.25","539.5900000000001","704.05","716.05","612.0","BCDGEE+BookmanOldStyle","12.0","355.4200000000001","306.0","0.08075163398692822","0.2798202614379085","0.6018627450980395","False","BATANG TUBUH",""
"43","perusahaan swasta yang memberikan Konsesi untuk","171.25","539.6140000000001","721.05","733.05","612.0","BCDGEE+BookmanOldStyle","12.0","355.4320000000001","306.0","0.08077124183006548","0.2798202614379085","0.601901960784314","False","BATANG TUBUH",""
"43","Penyandang Disabilitas.","171.25","313.006","738.0699999999999","750.0699999999999","612.0","BCDGEE+BookmanOldStyle","12.0","242.128","306.0","0.10436601307189544","0.2798202614379085","0.2316274509803921","False","BATANG TUBUH",""
"43","Pasal 114","277.27","334.54","772.0699999999999","784.0699999999999","612.0","BCDGEE+BookmanOldStyle","12.0","305.905","306.0","0.00015522875816997923","0.45305555555555554","0.09357843137254908","False","BATANG TUBUH",""
"43","Ketentuan lebih lanjut mengenai konsesi dan tata cara","171.25","539.7860000000001","806.0799999999999","818.08","612.0","BCDGEE+BookmanOldStyle","12.000000000000014","355.51800000000003","306.0","0.0809117647058824","0.2798202614379085","0.6021830065359478","False","BATANG TUBUH",""
"43","pemberian insentif sebagaimana dimaksud dalam Pasal 113","171.25","539.82","823.27","835.27","612.0","BCDGEE+BookmanOldStyle","12.0","355.535","306.0","0.08093954248366017","0.2798202614379085","0.6022385620915034","False","BATANG TUBUH",""
"43","diatur lebih lanjut dengan Peraturan Bupati.","171.25","435.36999999999995","840.275","852.275","612.0","BCDGEE+BookmanOldStyle","12.0","303.30999999999995","306.0","0.004395424836601396","0.2798202614379085","0.4315686274509803","False","BATANG TUBUH",""
"44","44","298.7","313.53999999999996","23.300000000000068","35.30000000000007","612.0","BCDGEE+BookmanOldStyle","12.0","306.12","306.0","0.00019607843137255644","0.4880718954248366","0.024248366013071853","False","BATANG TUBUH",""
"44","Bagian Keenam Belas","242.08","369.448","74.12","86.12","612.0","BCDGEE+BookmanOldStyle","12.0","305.764","306.0","0.0003856209150326634","0.39555555555555555","0.20811764705882346","False","BATANG TUBUH",""
"44","Pendataan","274.67","337.13000000000005","91.92000000000007","103.92000000000007","612.0","BCDGEE+BookmanOldStyle","12.0","305.90000000000003","306.0","0.00016339869281040178","0.44880718954248366","0.10205882352941183","False","BATANG TUBUH",""
"44","Pasal 115","277.27","334.54","127.32000000000005","139.32000000000005","612.0","BCDGEE+BookmanOldStyle","12.0","305.905","306.0","0.00015522875816997923","0.45305555555555554","0.09357843137254908","False","BATANG TUBUH",""
"44","(1) Penyelenggaraan pendataan terhadap Penyandang","171.25","539.8580000000001","162.75","174.75","612.0","BCDGEE+BookmanOldStyle","12.0","355.55400000000003","306.0","0.08097058823529417","0.2798202614379085","0.6023006535947714","False","BATANG TUBUH",""
"44","Disabilitas dilakukan berdasarkan ketentuan peraturan","192.65","539.6779999999999","180.55000000000007","192.55000000000007","612.0","BCDGEE+BookmanOldStyle","12.0","366.16399999999993","306.0","0.09830718954248355","0.3147875816993464","0.5670392156862744","False","BATANG TUBUH",""
"44","perundang-undangan.","192.65","325.03799999999995","198.1500000000001","210.1500000000001","612.0","BCDGEE+BookmanOldStyle","12.0","258.844","306.0","0.07705228758169935","0.3147875816993464","0.21632026143790842","False","BATANG TUBUH",""
"44","(2) Pendataan terhadap Penyandang Disabilitas sebagaimana","171.25","539.9300000000001","215.95000000000005","227.95000000000005","612.0","BCDGEE+BookmanOldStyle","12.0","355.59000000000003","306.0","0.08102941176470593","0.2798202614379085","0.6024183006535949","False","BATANG TUBUH",""
"44","dimaksud pada ayat (1) dilakukan untuk memperoleh","192.65","539.616","233.75","245.75","612.0","BCDGEE+BookmanOldStyle","12.0","366.133","306.0","0.09825653594771239","0.3147875816993464","0.5669379084967321","False","BATANG TUBUH",""
"44","data akurat tentang karakteristik pokok dan rinci","192.65","539.546","251.35000000000002","263.35","612.0","BCDGEE+BookmanOldStyle","12.0","366.098","306.0","0.09819934640522877","0.3147875816993464","0.5668235294117648","False","BATANG TUBUH",""
"44","Penyandang Disabilitas.","192.65","334.406","269.1500000000001","281.1500000000001","612.0","BCDGEE+BookmanOldStyle","12.0","263.528","306.0","0.06939869281045748","0.3147875816993464","0.23162745098039217","False","BATANG TUBUH",""
"44","(3) Data akurat tentang Penyandang Disabilitas sebagaimana","171.25","539.4499999999999","286.7700000000001","298.7700000000001","612.0","BCDGEE+BookmanOldStyle","12.0","355.34999999999997","306.0","0.08063725490196073","0.2798202614379085","0.6016339869281044","False","BATANG TUBUH",""
"44","dimaksud pada ayat (2) digunakan untuk:","192.65","441.6979999999999","304.57000000000005","316.57000000000005","612.0","BCDGEE+BookmanOldStyle","12.0","317.174","306.0","0.018258169934640488","0.3147875816993464","0.4069411764705881","False","BATANG TUBUH",""
"44","a. mengidentifikasi dan mengatasi hambatan yang","192.65","539.938","322.38","334.38","612.0","BCDGEE+BookmanOldStyle","12.0","366.294","306.0","0.09851960784313722","0.3147875816993464","0.5674640522875817","False","BATANG TUBUH",""
"44","dihadapi oleh Penyandang Disabilitas dalam","213.88","539.9919999999998","339.98","351.98","612.0","BCDGEE+BookmanOldStyle","12.0","376.9359999999999","306.0","0.11590849673202602","0.3494771241830065","0.532862745098039","False","BATANG TUBUH",""
"44","mendapatkan hak Penyandang Disabilitas; dan","213.88","492.83199999999994","357.7700000000001","369.7700000000001","612.0","BCDGEE+BookmanOldStyle","12.0","353.356","306.0","0.07737908496732025","0.3494771241830065","0.45580392156862737","False","BATANG TUBUH",""
"44","b. membantu perumusan dan implementasi kebijakan","192.65","539.512","375.57000000000005","387.57000000000005","612.0","BCDGEE+BookmanOldStyle","12.0","366.08099999999996","306.0","0.09817156862745091","0.3147875816993464","0.5667679738562091","False","BATANG TUBUH",""
"44","Penghormatan, Pelindungan, dan Pemenuhan hak","213.88","540.0620000000001","393.20000000000005","405.20000000000005","612.0","BCDGEE+BookmanOldStyle","12.0","376.97100000000006","306.0","0.1159656862745099","0.3494771241830065","0.5329771241830068","False","BATANG TUBUH",""
"44","Penyandang Disabilitas.","213.88","355.63599999999997","411.0","423.0","612.0","BCDGEE+BookmanOldStyle","12.0","284.758","306.0","0.03470915032679742","0.3494771241830065","0.2316274509803921","False","BATANG TUBUH",""
"44","Pasal 116","277.27","334.54","446.4","458.4","612.0","BCDGEE+BookmanOldStyle","12.0","305.905","306.0","0.00015522875816997923","0.45305555555555554","0.09357843137254908","False","BATANG TUBUH",""
"44","(1) Bupati melakukan verifikasi dan validasi terhadap","171.25","540.076","481.8","493.8","612.0","BCDGEE+BookmanOldStyle","12.0","355.663","306.0","0.08114869281045753","0.2798202614379085","0.6026568627450981","False","BATANG TUBUH",""
"44","hasil pendataan Penyandang Disabilitas sebagaimana","192.65","539.75","499.59999999999997","511.59999999999997","612.0","BCDGEE+BookmanOldStyle","12.0","366.2","306.0","0.09836601307189541","0.3147875816993464","0.567156862745098","False","BATANG TUBUH",""
"44","dimaksud dalam Pasal 116 ayat (1).","192.65","403.68","517.4300000000001","529.4300000000001","612.0","BCDGEE+BookmanOldStyle","12.0","298.165","306.0","0.012802287581699313","0.3147875816993464","0.3448202614379085","False","BATANG TUBUH",""
"44","(2) Verifikasi dan validasi sebagaimana dimaksud pada","171.25","539.822","535.03","547.03","612.0","BCDGEE+BookmanOldStyle","12.0","355.536","306.0","0.08094117647058824","0.2798202614379085","0.6022418300653595","False","BATANG TUBUH",""
"44","ayat (1) dilakukan secara berkala paling sedikit 2 (dua)","192.65","539.798","552.8199999999999","564.8199999999999","612.0","BCDGEE+BookmanOldStyle","12.0","366.224","306.0","0.09840522875816991","0.3147875816993464","0.5672352941176471","False","BATANG TUBUH",""
"44","tahun sekali.","192.65","270.02599999999995","570.4200000000001","582.4200000000001","612.0","BCDGEE+BookmanOldStyle","12.0","231.33799999999997","306.0","0.12199673202614385","0.3147875816993464","0.1264313725490195","False","BATANG TUBUH",""
"44","Pasal 117","277.27","334.54","606.03","618.03","612.0","BCDGEE+BookmanOldStyle","12.0","305.905","306.0","0.00015522875816997923","0.45305555555555554","0.09357843137254908","False","BATANG TUBUH",""
"44","(1) Penyandang Disabilitas yang belum terdata dalam","171.25","539.6739999999999","641.45","653.45","612.0","BCDGEE+BookmanOldStyle","12.0","355.46199999999993","306.0","0.08082026143790838","0.2798202614379085","0.6019999999999998","False","BATANG TUBUH",""
"44","pendataan sebagaimana dimaksud dalam Pasal 116 dapat","192.65","539.886","659.25","671.25","612.0","BCDGEE+BookmanOldStyle","12.0","366.268","306.0","0.09847712418300648","0.3147875816993464","0.5673790849673203","False","BATANG TUBUH",""
"44","secara aktif mendaftarkan diri kepada kepala desa/lurah.","192.65","533.82","676.85","688.85","612.0","BCDGEE+BookmanOldStyle","11.999999999999972","363.235","306.0","0.09352124183006538","0.3147875816993464","0.5574673202614381","False","BATANG TUBUH",""
"44","(2) kepala desa/lurah wajib menyampaikan pendaftaran atau","171.25","539.8159999999999","694.65","706.65","612.0","BCDGEE+BookmanOldStyle","12.0","355.53299999999996","306.0","0.08093627450980385","0.2798202614379085","0.6022320261437907","False","BATANG TUBUH",""
"44","perubahan data sebagaimana dimaksud pada ayat (2)","192.65","539.77","712.25","724.25","612.0","BCDGEE+BookmanOldStyle","12.0","366.21","306.0","0.09838235294117643","0.3147875816993464","0.5671895424836602","False","BATANG TUBUH",""
"44","kepada Bupati melalui camat.","192.65","369.57","730.05","742.05","612.0","BCDGEE+BookmanOldStyle","12.0","281.11","306.0","0.040669934640522855","0.3147875816993464","0.2890849673202614","False","BATANG TUBUH",""
"44","(3) Bupati menyampaikan pendaftaran atau perubahan data","171.25","539.6419999999999","747.87","759.87","612.0","BCDGEE+BookmanOldStyle","12.0","355.44599999999997","306.0","0.08079411764705878","0.2798202614379085","0.6019477124183006","False","BATANG TUBUH",""
"44","sebagaimana dimaksud pada ayat (2) kepada gubernur","192.65","539.9699999999999","765.48","777.48","612.0","BCDGEE+BookmanOldStyle","12.0","366.30999999999995","306.0","0.09854575163398684","0.3147875816993464","0.567516339869281","False","BATANG TUBUH",""
"44","sesuai ketentuan peraturan perundang-undangan.","192.65","492.89799999999997","783.28","795.28","612.0","BCDGEE+BookmanOldStyle","12.0","342.774","306.0","0.06008823529411765","0.3147875816993464","0.49060130718954237","False","BATANG TUBUH",""
"44","(4) Dalam hal diperlukan, Bupati dapat melakukan verifikasi","171.25","539.812","801.0799999999999","813.08","612.0","BCDGEE+BookmanOldStyle","12.000000000000014","355.531","306.0","0.08093300653594772","0.2798202614379085","0.6022254901960784","False","BATANG TUBUH",""
"44","dan validasi terhadap pendaftaran atau perubahan data","192.65","539.7560000000001","818.67","830.67","612.0","BCDGEE+BookmanOldStyle","12.0","366.20300000000003","306.0","0.09837091503267979","0.3147875816993464","0.5671666666666668","False","BATANG TUBUH",""
"44","sebagaimana dimaksud pada ayat (3).","192.65","415.76","836.475","848.475","612.0","BCDGEE+BookmanOldStyle","12.0","304.205","306.0","0.0029330065359477386","0.3147875816993464","0.3645588235294117","False","BATANG TUBUH",""
"45","45","298.7","313.53999999999996","23.300000000000068","35.30000000000007","612.0","BCDGEE+BookmanOldStyle","12.0","306.12","306.0","0.00019607843137255644","0.4880718954248366","0.024248366013071853","False","BATANG TUBUH",""
"45","Pasal 118","277.27","334.54","74.12","86.12","612.0","BCDGEE+BookmanOldStyle","12.0","305.905","306.0","0.00015522875816997923","0.45305555555555554","0.09357843137254908","False","BATANG TUBUH",""
"45","(1) Data yang telah diverifikasi dan divalidasi wajib berbasis","171.25","539.966","110.73000000000002","122.73000000000002","612.0","BCDGEE+BookmanOldStyle","12.0","355.608","306.0","0.08105882352941177","0.2798202614379085","0.6024771241830066","False","BATANG TUBUH",""
"45","teknologi informasi dan dijadikan sebagai data nasional","192.65","540.098","129.12","141.12","612.0","BCDGEE+BookmanOldStyle","12.0","366.37399999999997","306.0","0.09865032679738557","0.3147875816993464","0.5677254901960784","False","BATANG TUBUH",""
"45","Penyandang Disabilitas.","192.65","334.53999999999996","147.32000000000005","159.32000000000005","612.0","BCDGEE+BookmanOldStyle","12.0","263.59499999999997","306.0","0.06928921568627455","0.3147875816993464","0.2318464052287581","False","BATANG TUBUH",""
"45","(2) Pemerintah Daerah menggunakan data nasional","171.25","540.118","165.75","177.75","612.0","BCDGEE+BookmanOldStyle","12.0","355.684","306.0","0.08118300653594776","0.2798202614379085","0.6027254901960785","False","BATANG TUBUH",""
"45","Penyandang Disabilitas sebagaimana dimaksud pada","192.65","539.5939999999999","183.95000000000005","195.95000000000005","612.0","BCDGEE+BookmanOldStyle","12.0","366.12199999999996","306.0","0.0982385620915032","0.3147875816993464","0.5669019607843137","False","BATANG TUBUH",""
"45","ayat (1) dalam rangka Pemenuhan hak Penyandang","192.65","540.142","202.35000000000002","214.35000000000002","612.0","BCDGEE+BookmanOldStyle","12.0","366.396","306.0","0.09868627450980394","0.3147875816993464","0.5677973856209152","False","BATANG TUBUH",""
"45","Disabilitas dan dapat diakses oleh masyarakat sesuai","192.65","539.5699999999999","220.55000000000007","232.55000000000007","612.0","BCDGEE+BookmanOldStyle","12.0","366.10999999999996","306.0","0.09821895424836594","0.3147875816993464","0.5668627450980391","False","BATANG TUBUH",""
"45","dengan ketentuan peraturan perundang-undangan.","192.65","498.308","238.95000000000005","250.95000000000005","612.0","BCDGEE+BookmanOldStyle","12.0","345.479","306.0","0.0645081699346405","0.3147875816993464","0.4994411764705883","False","BATANG TUBUH",""
"45","(3) Pemerintah Daerah yang menggunakan data nasional","171.25","540.1260000000001","257.35","269.35","612.0","BCDGEE+BookmanOldStyle","12.0","355.68800000000005","306.0","0.0811895424836602","0.2798202614379085","0.6027385620915034","False","BATANG TUBUH",""
"45","Penyandang Disabilitas sebagaimana dimaksud pada","192.65","539.5939999999999","275.57000000000005","287.57000000000005","612.0","BCDGEE+BookmanOldStyle","12.0","366.12199999999996","306.0","0.0982385620915032","0.3147875816993464","0.5669019607843137","False","BATANG TUBUH",""
"45","ayat (2) menyampaikan hasil pelaksanaannya kepada","192.65","539.714","293.98","305.98","612.0","BCDGEE+BookmanOldStyle","12.0","366.182","306.0","0.09833660130718958","0.3147875816993464","0.5670980392156864","False","BATANG TUBUH",""
"45","Menteri Sosial melalui Gubernur Jawa Timur secara","192.65","539.702","312.1700000000001","324.1700000000001","612.0","BCDGEE+BookmanOldStyle","12.0","366.176","306.0","0.09832679738562089","0.3147875816993464","0.5670784313725491","False","BATANG TUBUH",""
"45","berjenjang.","192.65","258.062","330.57000000000005","342.57000000000005","612.0","BCDGEE+BookmanOldStyle","12.0","225.356","306.0","0.13177124183006536","0.3147875816993464","0.10688235294117648","False","BATANG TUBUH",""
"45","Bagian Ketujuh Belas","242.08","369.616","367.1700000000001","379.1700000000001","612.0","BCDGEE+BookmanOldStyle","12.0","305.848","306.0","0.00024836601307187385","0.39555555555555555","0.20839215686274506","False","BATANG TUBUH",""
"45","Komunikasi dan Informasi","227.68","383.9920000000001","385.57000000000005","397.57000000000005","612.0","BCDGEE+BookmanOldStyle","12.0","305.836","306.0","0.00026797385620912955","0.3720261437908497","0.25541176470588245","False","BATANG TUBUH",""
"45","Paragraf 1","275.68","335.872","422.20000000000005","434.2","612.0","BCDGEE+BookmanOldStyle","11.999999999999943","305.776","306.0","0.00036601307189540775","0.4504575163398693","0.0983529411764706","False","BATANG TUBUH",""
"45","Komunikasi","270.68","341.24","440.4","452.4","612.0","BCDGEE+BookmanOldStyle","12.0","305.96000000000004","306.0","6.535947712412356e-05","0.4422875816993464","0.11529411764705882","False","BATANG TUBUH",""
"45","Pasal 119","277.27","334.53999999999996","477.0","489.0","612.0","BCDGEE+BookmanOldStyle","12.0","305.905","306.0","0.00015522875816997923","0.45305555555555554","0.093578431372549","False","BATANG TUBUH",""
"45","(1) Pemerintah Daerah wajib mengakui, menerima, dan","171.25","539.7379999999999","513.62","525.62","612.0","BCDGEE+BookmanOldStyle","12.0","355.49399999999997","306.0","0.08087254901960779","0.2798202614379085","0.6021045751633985","False","BATANG TUBUH",""
"45","memfasilitasi komunikasi Penyandang Disabilitas dengan","192.65","539.534","532.03","544.03","612.0","BCDGEE+BookmanOldStyle","12.0","366.092","306.0","0.0981895424836601","0.3147875816993464","0.5668039215686275","False","BATANG TUBUH",""
"45","menggunakan cara tertentu.","192.65","360.7219999999999","550.4200000000001","562.4200000000001","612.0","BCDGEE+BookmanOldStyle","12.0","276.686","306.0","0.04789869281045755","0.3147875816993464","0.27462745098039204","False","BATANG TUBUH",""
"45","(2) Komunikasi dengan menggunakan cara tertentu","171.25","539.7379999999999","568.62","580.62","612.0","BCDGEE+BookmanOldStyle","12.0","355.49399999999997","306.0","0.08087254901960779","0.2798202614379085","0.6021045751633985","False","BATANG TUBUH",""
"45","sebagaimana dimaksud pada ayat (1) dilakukan dengan","192.65","539.6899999999999","587.02","599.02","612.0","BCDGEE+BookmanOldStyle","12.0","366.16999999999996","306.0","0.09831699346405222","0.3147875816993464","0.5670588235294117","False","BATANG TUBUH",""
"45","cara, alat, dan bentuk lainnya yang dapat dijangkau","192.65","539.85","605.23","617.23","612.0","BCDGEE+BookmanOldStyle","12.0","366.25","306.0","0.09844771241830065","0.3147875816993464","0.5673202614379086","False","BATANG TUBUH",""
"45","sesuai dengan pilihan Penyandang Disabilitas dalam","192.65","539.4979999999998","623.65","635.65","612.0","BCDGEE+BookmanOldStyle","12.0","366.0739999999999","306.0","0.09816013071895409","0.3147875816993464","0.5667450980392155","False","BATANG TUBUH",""
"45","berinteraksi.","192.65","267.06199999999995","641.8499999999999","653.8499999999999","612.0","BCDGEE+BookmanOldStyle","12.0","229.856","306.0","0.12441830065359478","0.3147875816993464","0.12158823529411757","False","BATANG TUBUH",""
"45","Paragraf 2","275.68","335.872","678.45","690.45","612.0","BCDGEE+BookmanOldStyle","12.0","305.776","306.0","0.00036601307189540775","0.4504575163398693","0.0983529411764706","False","BATANG TUBUH",""
"45","Informasi","277.9","333.664","696.85","708.85","612.0","BCDGEE+BookmanOldStyle","12.0","305.782","306.0","0.00035620915032682636","0.4540849673202614","0.09111764705882354","False","BATANG TUBUH",""
"45","Pasal 120","277.27","334.53999999999996","733.45","745.45","612.0","BCDGEE+BookmanOldStyle","12.0","305.905","306.0","0.00015522875816997923","0.45305555555555554","0.093578431372549","False","BATANG TUBUH",""
"45","(1) Pemerintah Daerah wajib menjamin akses atas informasi","171.25","539.564","770.0699999999999","782.0699999999999","612.0","BCDGEE+BookmanOldStyle","12.0","355.407","306.0","0.08073039215686272","0.2798202614379085","0.6018202614379085","False","BATANG TUBUH",""
"45","untuk Penyandang Disabilitas.","192.65","374.558","788.48","800.48","612.0","BCDGEE+BookmanOldStyle","12.0","283.604","306.0","0.03659477124183009","0.3147875816993464","0.29723529411764704","False","BATANG TUBUH",""
"45","(2) Akses atas informasi untuk Penyandang Disabilitas","171.25","539.5820000000001","806.67","818.67","612.0","BCDGEE+BookmanOldStyle","12.000000000000014","355.41600000000005","306.0","0.08074509803921577","0.2798202614379085","0.6018496732026145","False","BATANG TUBUH",""
"45","sebagaimana dimaksud pada ayat (1) dalam bentuk audio","192.65","539.518","825.08","837.08","612.0","BCDGEE+BookmanOldStyle","12.0","366.084","306.0","0.0981764705882353","0.3147875816993464","0.5667777777777778","False","BATANG TUBUH",""
"45","dan visual.","192.65","257.45","843.275","855.275","612.0","BCDGEE+BookmanOldStyle","12.0","225.05","306.0","0.13227124183006533","0.3147875816993464","0.10588235294117644","False","BATANG TUBUH",""
"46","46","298.7","313.53999999999996","23.300000000000068","35.30000000000007","612.0","BCDGEE+BookmanOldStyle","12.0","306.12","306.0","0.00019607843137255644","0.4880718954248366","0.024248366013071853","False","BATANG TUBUH",""
"46","Pasal 121","277.27","334.54","74.12","86.12","612.0","BCDGEE+BookmanOldStyle","12.0","305.905","306.0","0.00015522875816997923","0.45305555555555554","0.09357843137254908","False","BATANG TUBUH",""
"46","(1) Pemerintah Daerah wajib menyediakan informasi dalam","171.05","540.2280000000001","110.73000000000002","122.73000000000002","612.0","BCDGEE+BookmanOldStyle","12.0","355.639","306.0","0.08110947712418302","0.2794934640522876","0.6032320261437909","False","BATANG TUBUH",""
"46","bentuk yang dapat dijangkau dan dipahami sesuai dengan","193.65","539.7299999999999","129.12","141.12","612.0","BCDGEE+BookmanOldStyle","12.0","366.68999999999994","306.0","0.09916666666666657","0.31642156862745097","0.5654901960784312","False","BATANG TUBUH",""
"46","keragaman disabilitas dan kondisi tempat tinggalnya.","193.65","509.46600000000007","147.32000000000005","159.32000000000005","612.0","BCDGEE+BookmanOldStyle","12.0","351.55800000000005","306.0","0.07444117647058832","0.31642156862745097","0.5160392156862745","False","BATANG TUBUH",""
"46","(2) Informasi sebagaimana dimaksud pada ayat (1) didapatkan","171.05","540.382","165.75","177.75","612.0","BCDGEE+BookmanOldStyle","12.0","355.716","306.0","0.08123529411764707","0.2794934640522876","0.6034836601307189","False","BATANG TUBUH",""
"46","secara tepat waktu dan tanpa biaya tambahan.","193.65","459.28199999999987","183.95000000000005","195.95000000000005","612.0","BCDGEE+BookmanOldStyle","12.0","326.46599999999995","306.0","0.033441176470588155","0.31642156862745097","0.43403921568627424","False","BATANG TUBUH",""
"46","Bagian Kedelapan Belas","235.08","376.644","238.95000000000005","250.95000000000005","612.0","BCDGEE+BookmanOldStyle","12.0","305.862","306.0","0.00022549019607839347","0.38411764705882356","0.23131372549019608","False","BATANG TUBUH",""
"46","Perempuan dan Anak","242.28","369.828","257.35","269.35","612.0","BCDGEE+BookmanOldStyle","12.0","306.054","306.0","8.823529411760397e-05","0.39588235294117646","0.2084117647058823","False","BATANG TUBUH",""
"46","Pasal 122","277.27","334.54","293.98","305.98","612.0","BCDGEE+BookmanOldStyle","12.0","305.905","306.0","0.00015522875816997923","0.45305555555555554","0.09357843137254908","False","BATANG TUBUH",""
"46","Pemerintah Daerah wajib menyediakan unit layanan","171.25","539.67","330.57000000000005","342.57000000000005","612.0","BCDGEE+BookmanOldStyle","12.0","355.46","306.0","0.08081699346405226","0.2798202614379085","0.6019934640522875","False","BATANG TUBUH",""
"46","informasi dan tindak cepat untuk perempuan dan anak","171.25","539.29","348.7700000000001","360.7700000000001","612.0","BCDGEE+BookmanOldStyle","12.0","355.27","306.0","0.08050653594771238","0.2798202614379085","0.6013725490196078","False","BATANG TUBUH",""
"46","Penyandang Disabilitas yang menjadi korban kekerasan.","171.25","505.66799999999995","367.1700000000001","379.1700000000001","612.0","BCDGEE+BookmanOldStyle","12.0","338.45899999999995","306.0","0.05303758169934632","0.2798202614379085","0.5464346405228757","False","BATANG TUBUH",""
"46","Pasal 123","277.27","334.54","403.80000000000007","415.80000000000007","612.0","BCDGEE+BookmanOldStyle","12.0","305.905","306.0","0.00015522875816997923","0.45305555555555554","0.09357843137254908","False","BATANG TUBUH",""
"46","Pemerintah Daerah wajib memberikan Pelindungan khusus","171.25","539.568","440.4","452.4","612.0","BCDGEE+BookmanOldStyle","12.0","355.409","306.0","0.08073366013071893","0.2798202614379085","0.6018267973856208","False","BATANG TUBUH",""
"46","terhadap perempuan dan anak Penyandang Disabilitas sesuai","171.25","539.9300000000001","458.8","470.8","612.0","BCDGEE+BookmanOldStyle","12.0","355.59000000000003","306.0","0.08102941176470593","0.2798202614379085","0.6024183006535949","False","BATANG TUBUH",""
"46","dengan ketentuan peraturan perundang-undangan.","171.25","476.90799999999996","477.0","489.0","612.0","BCDGEE+BookmanOldStyle","12.0","324.07899999999995","306.0","0.029540849673202533","0.2798202614379085","0.49944117647058817","False","BATANG TUBUH",""
"46","Pasal 124","277.27","334.54","513.62","525.62","612.0","BCDGEE+BookmanOldStyle","12.0","305.905","306.0","0.00015522875816997923","0.45305555555555554","0.09357843137254908","False","BATANG TUBUH",""
"46","Pemerintah Daerah wajib menyediakan rumah aman yang","171.25","540.002","550.4200000000001","562.4200000000001","612.0","BCDGEE+BookmanOldStyle","12.0","355.626","306.0","0.08108823529411761","0.2798202614379085","0.6025359477124183","False","BATANG TUBUH",""
"46","mudah diakses untuk perempuan dan anak Penyandang","171.25","540.0020000000001","568.62","580.62","612.0","BCDGEE+BookmanOldStyle","12.0","355.62600000000003","306.0","0.0810882352941177","0.2798202614379085","0.6025359477124184","False","BATANG TUBUH",""
"46","Disabilitas yang menjadi korban kekerasan.","171.25","429.998","587.02","599.02","612.0","BCDGEE+BookmanOldStyle","12.0","300.624","306.0","0.008784313725490158","0.2798202614379085","0.4227908496732026","False","BATANG TUBUH",""
"46","Bagian Kesembilan Belas","231.68","380.048","623.65","635.65","612.0","BCDGEE+BookmanOldStyle","12.0","305.86400000000003","306.0","0.00022222222222216873","0.378562091503268","0.24243137254901959","False","BATANG TUBUH",""
"46","Pelindungan dari Tindakan Diskriminasi,","184.25","427.69199999999995","641.8499999999999","653.8499999999999","612.0","BCDGEE+BookmanOldStyle","12.0","305.971","306.0","4.738562091502673e-05","0.30106209150326796","0.3977810457516339","False","BATANG TUBUH",""
"46","Penelantaran, Penyiksaan, dan Eksploitasi","180.05","431.90000000000003","660.25","672.25","612.0","BCDGEE+BookmanOldStyle","12.0","305.975","306.0","4.084967320257723e-05","0.29419934640522877","0.4115196078431373","False","BATANG TUBUH",""
"46","Pasal 125","276.67","333.94","696.85","708.85","612.0","BCDGEE+BookmanOldStyle","12.0","305.305","306.0","0.0011356209150326685","0.45207516339869286","0.093578431372549","False","BATANG TUBUH",""
"46","(1) Pemerintah Daerah memfasilitasi Penyandang Disabilitas","171.25","540.286","733.45","745.45","612.0","BCDGEE+BookmanOldStyle","12.0","355.768","306.0","0.08132026143790845","0.2798202614379085","0.6029999999999999","False","BATANG TUBUH",""
"46","untuk bersosialisasi dan berinteraksi dalam kehidupan","192.65","539.7499999999999","751.87","763.87","612.0","BCDGEE+BookmanOldStyle","12.0","366.19999999999993","306.0","0.09836601307189531","0.3147875816993464","0.5671568627450979","False","BATANG TUBUH",""
"46","berkeluarga, bermasyarakat, dan bernegara tanpa rasa","192.65","539.6659999999998","770.0699999999999","782.0699999999999","612.0","BCDGEE+BookmanOldStyle","12.0","366.1579999999999","306.0","0.09829738562091488","0.3147875816993464","0.567019607843137","False","BATANG TUBUH",""
"46","takut.","192.65","228.23000000000002","788.48","800.48","612.0","BCDGEE+BookmanOldStyle","12.0","210.44","306.0","0.1561437908496732","0.3147875816993464","0.058137254901960804","False","BATANG TUBUH",""
"46","(2) Pemerintah Daerah wajib menjamin Penyandang","171.05","540.104","806.67","818.67","612.0","BCDGEE+BookmanOldStyle","12.000000000000014","355.577","306.0","0.08100816993464052","0.2794934640522876","0.6030294117647059","False","BATANG TUBUH",""
"46","Disabilitas bebas dari segala bentuk kekerasan fisik,","193.65","539.694","825.08","837.08","612.0","BCDGEE+BookmanOldStyle","12.0","366.67199999999997","306.0","0.09913725490196074","0.31642156862745097","0.5654313725490195","False","BATANG TUBUH",""
"46","psikis, ekonomi, dan seksual.","193.65","368.32399999999996","843.275","855.275","612.0","BCDGEE+BookmanOldStyle","12.0","280.98699999999997","306.0","0.04087091503267979","0.31642156862745097","0.2854150326797385","False","BATANG TUBUH",""
"47","47","298.7","313.53999999999996","23.300000000000068","35.30000000000007","612.0","BCDGEE+BookmanOldStyle","12.0","306.12","306.0","0.00019607843137255644","0.4880718954248366","0.024248366013071853","False","BATANG TUBUH",""
"47","BAB VI","284.9","326.97999999999996","74.12","86.12","612.0","BCDGEE+BookmanOldStyle","12.0","305.93999999999994","306.0","9.803921568637111e-05","0.4655228758169934","0.0687581699346405","True","BATANG TUBUH",""
"47","KOORDINASI","266.27","345.32599999999996","93.12","105.12","612.0","BCDGEE+BookmanOldStyle","12.0","305.798","306.0","0.0003300653594771212","0.4350816993464052","0.12917647058823525","True","BATANG TUBUH",""
"47","Pasal 126","276.67","333.94","131.12","143.12","612.0","BCDGEE+BookmanOldStyle","12.0","305.305","306.0","0.0011356209150326685","0.45207516339869286","0.093578431372549","False","BATANG TUBUH",""
"47","(1) Pemerintah Daerah membentuk mekanisme koordinasi","171.25","539.8020000000001","169.1500000000001","181.1500000000001","612.0","BCDGEE+BookmanOldStyle","12.0","355.52600000000007","306.0","0.0809248366013073","0.2798202614379085","0.6022091503267976","False","BATANG TUBUH",""
"47","di tingkat Daerah dalam rangka melaksanakan","192.65","539.8699999999999","188.1500000000001","200.1500000000001","612.0","BCDGEE+BookmanOldStyle","12.0","366.25999999999993","306.0","0.0984640522875816","0.3147875816993464","0.5673529411764704","False","BATANG TUBUH",""
"47","Penghormatan, Pelindungan, dan Pemenuhan hak","192.65","540.282","207.35000000000002","219.35000000000002","612.0","BCDGEE+BookmanOldStyle","12.0","366.466","306.0","0.09880065359477125","0.3147875816993464","0.5680261437908498","False","BATANG TUBUH",""
"47","Penyandang Disabilitas sesuai dengan kewenangannya.","192.65","521.0660000000001","226.35000000000002","238.35000000000002","612.0","BCDGEE+BookmanOldStyle","12.0","356.85800000000006","306.0","0.08310130718954259","0.3147875816993464","0.5366274509803924","False","BATANG TUBUH",""
"47","(2) Koordinasi di tingkat Daerah dilakukan oleh Kepala Dinas","171.05","540.164","245.35000000000002","257.35","612.0","BCDGEE+BookmanOldStyle","12.0","355.60699999999997","306.0","0.08105718954248362","0.2794934640522876","0.6031274509803921","False","BATANG TUBUH",""
"47","dengan Perangkat Daerah dan instansi pemerintah/","193.65","540.37","264.35","276.35","612.0","BCDGEE+BookmanOldStyle","12.0","367.01","306.0","0.09968954248366012","0.31642156862745097","0.5665359477124183","False","BATANG TUBUH",""
"47","lembaga pemerintah non kementerian yang terkait sesuai","193.65","539.742","283.37","295.37","612.0","BCDGEE+BookmanOldStyle","12.0","366.69599999999997","306.0","0.09917647058823524","0.31642156862745097","0.5655098039215686","False","BATANG TUBUH",""
"47","dengan ketentuan yang berlaku.","193.65","384.74999999999994","302.37","314.37","612.0","BCDGEE+BookmanOldStyle","12.0","289.2","306.0","0.02745098039215688","0.31642156862745097","0.3122549019607842","False","BATANG TUBUH",""
"47","(3) Koordinasi sebagaimana dimaksud pada ayat (2)","171.05","539.814","321.37","333.37","612.0","BCDGEE+BookmanOldStyle","12.0","355.432","306.0","0.08077124183006539","0.2794934640522876","0.6025555555555555","False","BATANG TUBUH",""
"47","bertujuan untuk menyelenggarakan dan menyinkronkan","193.65","540.242","340.38","352.38","612.0","BCDGEE+BookmanOldStyle","12.0","366.94599999999997","306.0","0.09958496732026138","0.31642156862745097","0.5663267973856209","False","BATANG TUBUH",""
"47","kebijakan, program, dan anggaran pelaksanaan","193.65","539.934","359.38","371.38","612.0","BCDGEE+BookmanOldStyle","12.0","366.792","306.0","0.09933333333333329","0.31642156862745097","0.5658235294117647","False","BATANG TUBUH",""
"47","Penghormatan, Pelindungan, dan Pemenuhan hak","193.65","540.25","378.38","390.38","612.0","BCDGEE+BookmanOldStyle","12.0","366.95","306.0","0.09959150326797384","0.31642156862745097","0.5663398692810457","False","BATANG TUBUH",""
"47","Penyandang Disabilitas.","193.65","335.406","397.4000000000001","409.4000000000001","612.0","BCDGEE+BookmanOldStyle","12.0","264.528","306.0","0.06776470588235291","0.31642156862745097","0.23162745098039217","False","BATANG TUBUH",""
"47","(4) Dalam koordinasi sebagaimana dimaksud pada ayat (3),","171.05","539.7659999999998","416.4","428.4","612.0","BCDGEE+BookmanOldStyle","12.0","355.4079999999999","306.0","0.08073202614379069","0.2794934640522876","0.6024771241830063","False","BATANG TUBUH",""
"47","Kepala Dinas melaksanakan tugas:","193.65","401.34599999999995","435.59999999999997","447.59999999999997","612.0","BCDGEE+BookmanOldStyle","12.0","297.498","306.0","0.013892156862745114","0.31642156862745097","0.3393725490196077","False","BATANG TUBUH",""
"47","a. melakukan sinkronisasi program dan kebijakan dalam","192.65","540.434","454.59999999999997","466.59999999999997","612.0","BCDGEE+BookmanOldStyle","12.0","366.542","306.0","0.09892483660130715","0.3147875816993464","0.5682745098039216","False","BATANG TUBUH",""
"47","rangka pelaksanaan Penghormatan, Pelindungan, dan","213.88","539.852","473.59999999999997","485.59999999999997","612.0","BCDGEE+BookmanOldStyle","12.0","376.866","306.0","0.1157941176470588","0.3494771241830065","0.5326339869281046","False","BATANG TUBUH",""
"47","Pemenuhan hak Penyandang Disabilitas;","213.88","455.78999999999996","492.59999999999997","504.59999999999997","612.0","BCDGEE+BookmanOldStyle","12.0","334.835","306.0","0.04711601307189539","0.3494771241830065","0.39527777777777773","False","BATANG TUBUH",""
"47","b. menjamin pelaksanaan Penghormatan, Pelindungan,","192.65","540.2420000000001","511.62","523.62","612.0","BCDGEE+BookmanOldStyle","12.0","366.446","306.0","0.0987679738562092","0.3147875816993464","0.5679607843137257","False","BATANG TUBUH",""
"47","dan Pemenuhan hak Penyandang Disabilitas berjalan","213.88","540.0419999999999","530.62","542.62","612.0","BCDGEE+BookmanOldStyle","12.0","376.96099999999996","306.0","0.11594934640522869","0.3494771241830065","0.5329444444444443","False","BATANG TUBUH",""
"47","dengan efektif;","213.88","300.09999999999997","549.62","561.62","612.0","BCDGEE+BookmanOldStyle","12.0","256.99","306.0","0.08008169934640522","0.3494771241830065","0.14088235294117643","False","BATANG TUBUH",""
"47","c. mewujudkan anggaran pelaksanaan Penghormatan,","192.65","540.306","568.62","580.62","612.0","BCDGEE+BookmanOldStyle","12.0","366.478","306.0","0.09882026143790851","0.3147875816993464","0.5680653594771243","False","BATANG TUBUH",""
"47","Pelindungan, dan Pemenuhan hak Penyandang","213.88","540.15","587.62","599.62","612.0","BCDGEE+BookmanOldStyle","12.0","377.015","306.0","0.11603758169934639","0.3494771241830065","0.5331209150326797","False","BATANG TUBUH",""
"47","Disabilitas; dan","213.88","306.186","606.62","618.62","612.0","BCDGEE+BookmanOldStyle","12.0","260.033","306.0","0.07510947712418298","0.3494771241830065","0.15082679738562088","False","BATANG TUBUH",""
"47","d. menyinkronkan penggunaan anggaran pelaksanaan","192.65","540.1179999999999","625.65","637.65","612.0","BCDGEE+BookmanOldStyle","12.0","366.38399999999996","306.0","0.0986666666666666","0.3147875816993464","0.5677581699346405","False","BATANG TUBUH",""
"47","Penghormatan, Pelindungan, dan Pemenuhan hak","213.88","539.8720000000001","644.65","656.65","612.0","BCDGEE+BookmanOldStyle","12.0","376.87600000000003","306.0","0.11581045751633992","0.3494771241830065","0.5326666666666668","False","BATANG TUBUH",""
"47","Penyandang Disabilitas agar berjalan dengan efisien.","213.88","525.236","663.65","675.65","612.0","BCDGEE+BookmanOldStyle","12.0","369.558","306.0","0.10385294117647058","0.3494771241830065","0.5087516339869281","False","BATANG TUBUH",""
"47","BAB VII","282.3","328.58","701.85","713.85","612.0","BCDGEE+BookmanOldStyle","12.0","305.44","306.0","0.0009150326797385658","0.4612745098039216","0.07562091503267969","True","BATANG TUBUH",""
"47","PENDANAAN","267.07","343.702","720.85","732.85","612.0","BCDGEE+BookmanOldStyle","12.0","305.38599999999997","306.0","0.0010032679738562627","0.4363888888888889","0.12521568627450982","True","BATANG TUBUH",""
"47","Pasal 127","276.67","333.94","758.87","770.87","612.0","BCDGEE+BookmanOldStyle","12.0","305.305","306.0","0.0011356209150326685","0.45207516339869286","0.093578431372549","False","BATANG TUBUH",""
"47","(1) Pemerintah Daerah wajib menyediakan anggaran","171.25","539.924","796.87","808.87","612.0","BCDGEE+BookmanOldStyle","12.000000000000014","355.587","306.0","0.08102450980392155","0.2798202614379085","0.6024084967320261","False","BATANG TUBUH",""
"47","bagi pelaksanaan Penghormatan, Pelindungan, dan","192.65","540.2979999999999","815.87","827.87","612.0","BCDGEE+BookmanOldStyle","12.0","366.47399999999993","306.0","0.09881372549019597","0.3147875816993464","0.5680522875816992","False","BATANG TUBUH",""
"47","Pemenuhan hak Penyandang Disabilitas.","192.65","434.36599999999993","834.875","846.875","612.0","BCDGEE+BookmanOldStyle","12.0","313.508","306.0","0.01226797385620912","0.3147875816993464","0.3949607843137254","False","BATANG TUBUH",""
"48","48","298.7","313.53999999999996","23.300000000000068","35.30000000000007","612.0","BCDGEE+BookmanOldStyle","12.0","306.12","306.0","0.00019607843137255644","0.4880718954248366","0.024248366013071853","False","BATANG TUBUH",""
"48","(2) Pendanaan pelaksanaan Penghormatan, Pelindungan, dan","171.25","540.2979999999999","74.12","86.12","612.0","BCDGEE+BookmanOldStyle","12.0","355.77399999999994","306.0","0.08133006535947704","0.2798202614379085","0.603019607843137","False","BATANG TUBUH",""
"48","Pemenuhan hak Penyandang Disabilitas sebagaimana","193.65","539.9340000000001","94.53000000000009","106.53000000000009","612.0","BCDGEE+BookmanOldStyle","12.0","366.79200000000003","306.0","0.09933333333333338","0.31642156862745097","0.5658235294117648","False","BATANG TUBUH",""
"48","dimaksud pada ayat (1) bersumber dari:","193.65","430.35999999999996","114.92000000000007","126.92000000000007","612.0","BCDGEE+BookmanOldStyle","12.0","312.005","306.0","0.009812091503267966","0.31642156862745097","0.3867810457516339","False","BATANG TUBUH",""
"48","a. Anggaran Pendapatan dan Belanja Daerah; dan","192.65","494.39199999999994","135.32000000000005","147.32000000000005","612.0","BCDGEE+BookmanOldStyle","12.0","343.52099999999996","306.0","0.06130882352941169","0.3147875816993464","0.49304248366013065","False","BATANG TUBUH",""
"48","b. sumber lain yang sah dan tidak mengikat sesuai","192.65","540.11","155.73000000000002","167.73000000000002","612.0","BCDGEE+BookmanOldStyle","12.0","366.38","306.0","0.09866013071895424","0.3147875816993464","0.5677450980392158","False","BATANG TUBUH",""
"48","dengan ketentuan peraturan perundang-undangan.","213.88","519.59","176.35000000000002","188.35000000000002","612.0","BCDGEE+BookmanOldStyle","12.0","366.735","306.0","0.09924019607843139","0.3494771241830065","0.49952614379084975","False","BATANG TUBUH",""
"48","(3) Pendanaan pelaksanaan Penghormatan, Pelindungan, dan","171.25","540.2979999999999","196.75","208.75","612.0","BCDGEE+BookmanOldStyle","12.0","355.77399999999994","306.0","0.08133006535947704","0.2798202614379085","0.603019607843137","False","BATANG TUBUH",""
"48","Pemenuhan hak Penyandang Disabilitas sebagaimana","193.65","539.9340000000001","217.1500000000001","229.1500000000001","612.0","BCDGEE+BookmanOldStyle","12.0","366.79200000000003","306.0","0.09933333333333338","0.31642156862745097","0.5658235294117648","False","BATANG TUBUH",""
"48","dimaksud pada ayat (2) huruf a dilaksanakan sesuai","193.65","539.8040000000001","237.55000000000007","249.55000000000007","612.0","BCDGEE+BookmanOldStyle","12.0","366.72700000000003","306.0","0.09922712418300658","0.31642156862745097","0.5656111111111113","False","BATANG TUBUH",""
"48","dengan kemampuan keuangan Daerah.","193.65","426.57599999999996","257.95000000000005","269.95000000000005","612.0","BCDGEE+BookmanOldStyle","12.0","310.113","306.0","0.006720588235294117","0.31642156862745097","0.3805980392156862","False","BATANG TUBUH",""
"48","BAB VIII","280.7","330.97999999999996","298.7800000000001","310.7800000000001","612.0","BCDGEE+BookmanOldStyle","12.0","305.84","306.0","0.00026143790849677287","0.45866013071895423","0.082156862745098","True","BATANG TUBUH",""
"48","PENGHARGAAN","258.07","353.71","319.1700000000001","331.1700000000001","612.0","BCDGEE+BookmanOldStyle","12.0","305.89","306.0","0.00017973856209152557","0.4216830065359477","0.15627450980392155","True","BATANG TUBUH",""
"48","Pasal 128","277.27","334.54","360.1700000000001","372.1700000000001","612.0","BCDGEE+BookmanOldStyle","12.0","305.905","306.0","0.00015522875816997923","0.45305555555555554","0.09357843137254908","False","BATANG TUBUH",""
"48","(1) Pemerintah Daerah dapat memberikan penghargaan kepada:","171.25","536.0899999999997","401.0","413.0","612.0","BCDGEE+BookmanOldStyle","12.0","353.66999999999985","306.0","0.07789215686274485","0.2798202614379085","0.5961437908496727","False","BATANG TUBUH",""
"48","a. orang perseorangan yang berjasa dalam","192.65","539.752","421.4","433.4","612.0","BCDGEE+BookmanOldStyle","12.0","366.20099999999996","306.0","0.09836764705882348","0.3147875816993464","0.5671601307189542","False","BATANG TUBUH",""
"48","Penghormatan, Pelindungan, dan Pemenuhan hak","213.88","539.98","441.8","453.8","612.0","BCDGEE+BookmanOldStyle","12.0","376.93","306.0","0.11589869281045753","0.3494771241830065","0.532843137254902","False","BATANG TUBUH",""
"48","Penyandang Disabilitas;","213.88","355.704","462.2","474.2","612.0","BCDGEE+BookmanOldStyle","12.0","284.79200000000003","306.0","0.03465359477124178","0.3494771241830065","0.2317385620915033","False","BATANG TUBUH",""
"48","b. badan hukum dan lembaga negara yang","192.65","539.692","482.59999999999997","494.59999999999997","612.0","BCDGEE+BookmanOldStyle","12.0","366.171","306.0","0.09831862745098038","0.3147875816993464","0.567062091503268","False","BATANG TUBUH",""
"48","mempekerjakan Penyandang Disabilitas; dan","213.88","479.87199999999996","503.2","515.2","612.0","BCDGEE+BookmanOldStyle","12.0","346.876","306.0","0.06679084967320258","0.3494771241830065","0.43462745098039207","False","BATANG TUBUH",""
"48","c. penyedia fasilitas publik yang memenuhi hak","192.65","539.9100000000001","523.62","535.62","612.0","BCDGEE+BookmanOldStyle","12.0","366.28000000000003","306.0","0.09849673202614384","0.3147875816993464","0.5674183006535949","False","BATANG TUBUH",""
"48","Penyandang Disabilitas.","213.88","355.63599999999997","544.03","556.03","612.0","BCDGEE+BookmanOldStyle","12.0","284.758","306.0","0.03470915032679742","0.3494771241830065","0.2316274509803921","False","BATANG TUBUH",""
"48","(2) Ketentuan lebih lanjut mengenai syarat dan tata cara","171.25","539.8960000000001","564.4200000000001","576.4200000000001","612.0","BCDGEE+BookmanOldStyle","12.0","355.57300000000004","306.0","0.08100163398692817","0.2798202614379085","0.6023627450980393","False","BATANG TUBUH",""
"48","pemberian penghargaan sebagaimana dimaksud pada","192.65","539.9440000000001","584.8199999999999","596.8199999999999","612.0","BCDGEE+BookmanOldStyle","12.0","366.297","306.0","0.0985245098039216","0.3147875816993464","0.5674738562091505","False","BATANG TUBUH",""
"48","ayat (1) diatur dengan Peraturan Bupati.","192.65","432.76","605.23","617.23","612.0","BCDGEE+BookmanOldStyle","12.0","312.705","306.0","0.01095588235294115","0.3147875816993464","0.3923366013071895","False","BATANG TUBUH",""
"48","BAB IX","284.7","326.94","646.05","658.05","612.0","BCDGEE+BookmanOldStyle","12.0","305.82","306.0","0.00029411764705883467","0.4651960784313725","0.06901960784313727","True","BATANG TUBUH",""
"48","KETENTUAN PERALIHAN","230.48","381.0799999999999","666.65","678.65","612.0","BCDGEE+BookmanOldStyle","12.0","305.78","306.0","0.00035947712418305113","0.3766013071895425","0.24607843137254892","True","BATANG TUBUH",""
"48","Pasal 129","277.27","334.498","707.45","719.45","612.0","BCDGEE+BookmanOldStyle","12.0","305.884","306.0","0.00018954248366010693","0.45305555555555554","0.09350980392156864","False","BATANG TUBUH",""
"48","Sarana dan prasarana umum yang belum menyediakan","171.25","539.446","748.28","760.28","612.0","BCDGEE+BookmanOldStyle","12.0","355.348","306.0","0.0806339869281046","0.2798202614379085","0.6016274509803922","False","BATANG TUBUH",""
"48","fasilitas dan Aksesibilitas bagi Penyandang Disabilitas","171.25","539.7919999999999","768.67","780.67","612.0","BCDGEE+BookmanOldStyle","12.0","355.52099999999996","306.0","0.0809166666666666","0.2798202614379085","0.6021928104575162","False","BATANG TUBUH",""
"48","sebelum berlakunya Peraturan Daerah ini, dalam waktu","171.25","539.674","789.0699999999999","801.0699999999999","612.0","BCDGEE+BookmanOldStyle","12.0","355.462","306.0","0.08082026143790848","0.2798202614379085","0.602","False","BATANG TUBUH",""
"48","5 (lima) tahun sejak diundangkannya Peraturan Daerah ini,","171.25","539.768","809.47","821.47","612.0","BCDGEE+BookmanOldStyle","12.0","355.509","306.0","0.08089705882352943","0.2798202614379085","0.6021535947712419","False","BATANG TUBUH",""
"48","wajib menyediakan fasilitas dan Aksesibilitas bagi","171.25","539.934","830.075","842.075","612.0","BCDGEE+BookmanOldStyle","12.0","355.592","306.0","0.08103267973856207","0.2798202614379085","0.6024248366013072","False","BATANG TUBUH",""
"48","Penyandang Disabilitas.","171.25","313.006","850.5","862.5","612.0","BCDGEE+BookmanOldStyle","12.0","242.128","306.0","0.10436601307189544","0.2798202614379085","0.2316274509803921","False","BATANG TUBUH",""
"49","49","298.7","313.53999999999996","23.300000000000068","35.30000000000007","612.0","BCDGEE+BookmanOldStyle","12.0","306.12","306.0","0.00019607843137255644","0.4880718954248366","0.024248366013071853","False","BATANG TUBUH",""
"49","BAB X","286.9","325.14","74.12","86.12","612.0","BCDGEE+BookmanOldStyle","12.0","306.02","306.0","3.267973856206178e-05","0.46879084967320256","0.06248366013071897","True","BATANG TUBUH",""
"49","KETENTUAN PENUTUP","236.88","375.03599999999994","92.12","104.12","612.0","BCDGEE+BookmanOldStyle","12.0","305.95799999999997","306.0","6.86274509804412e-05","0.38705882352941173","0.2257450980392156","True","BATANG TUBUH",""
"49","Pasal 130","277.27","334.53999999999996","127.92000000000007","139.92000000000007","612.0","BCDGEE+BookmanOldStyle","12.0","305.905","306.0","0.00015522875816997923","0.45305555555555554","0.093578431372549","False","BATANG TUBUH",""
"49","Perangkat Daerah yang melaksanakan urusan pemerintahan","171.25","539.7699999999999","163.75","175.75","612.0","BCDGEE+BookmanOldStyle","12.0","355.50999999999993","306.0","0.0808986928104574","0.2798202614379085","0.6021568627450978","False","BATANG TUBUH",""
"49","di bidang sosial untuk membentuk peraturan pelaksanaan","171.25","540.2139999999999","180.55000000000007","192.55000000000007","612.0","BCDGEE+BookmanOldStyle","12.0","355.73199999999997","306.0","0.08126143790849669","0.2798202614379085","0.6028823529411764","False","BATANG TUBUH",""
"49","dari Peraturan Daerah ini harus ditetapkan paling lama","171.25","539.4840000000002","197.55000000000007","209.55000000000007","612.0","BCDGEE+BookmanOldStyle","12.0","355.3670000000001","306.0","0.08066503267973868","0.2798202614379085","0.6016895424836604","False","BATANG TUBUH",""
"49","6 (enam) bulan terhitung sejak Peraturan Daerah ini","171.25","539.9520000000001","214.35000000000002","226.35000000000002","612.0","BCDGEE+BookmanOldStyle","12.0","355.60100000000006","306.0","0.08104738562091512","0.2798202614379085","0.6024542483660132","False","BATANG TUBUH",""
"49","diundangkan.","171.25","253.42600000000002","231.35000000000002","243.35000000000002","612.0","BCDGEE+BookmanOldStyle","12.0","212.33800000000002","306.0","0.15304248366013068","0.2798202614379085","0.13427450980392158","False","BATANG TUBUH",""
"49","Pasal 131","276.67","333.94","267.1500000000001","279.1500000000001","612.0","BCDGEE+BookmanOldStyle","12.0","305.305","306.0","0.0011356209150326685","0.45207516339869286","0.093578431372549","False","BATANG TUBUH",""
"49","Peraturan Daerah ini mulai berlaku pada tanggal","171.25","538.2939999999999","302.98","314.98","612.0","BCDGEE+BookmanOldStyle","12.0","354.77199999999993","306.0","0.07969281045751624","0.2798202614379085","0.5997450980392155","False","BATANG TUBUH",""
"49","diundangkan.","171.25","253.42600000000002","319.7800000000001","331.7800000000001","612.0","BCDGEE+BookmanOldStyle","12.0","212.33800000000002","306.0","0.15304248366013068","0.2798202614379085","0.13427450980392158","False","BATANG TUBUH",""
"49","Agar setiap orang mengetahuinya, memerintahkan","171.25","539.006","355.57000000000005","367.57000000000005","612.0","BCDGEE+BookmanOldStyle","12.0","355.128","306.0","0.08027450980392155","0.2798202614379085","0.6009084967320261","False","PENUTUP",""
"49","pengundangan Peraturan Daerah ini dengan penempatannya","171.25","538.462","372.57000000000005","384.57000000000005","612.0","BCDGEE+BookmanOldStyle","12.0","354.856","306.0","0.07983006535947712","0.2798202614379085","0.6000196078431372","False","PENUTUP",""
"49","dalam Lembaran Daerah Kabupaten Malang.","171.25","436.102","389.37","401.37","612.0","BCDGEE+BookmanOldStyle","12.0","303.676","306.0","0.003797385620915053","0.2798202614379085","0.4327647058823529","False","PENUTUP",""
"49","Ditetapkan di Kepanjen","348.5","487.364","425.2","437.2","612.0","BCDGEE+BookmanOldStyle","12.0","417.932","306.0","0.18289542483660134","0.5694444444444444","0.22690196078431368","False","PENUTUP",""
"49","pada tanggal 29 Juli 2025","348.5","502.79","443.2","455.2","612.0","BCDGEE+BookmanOldStyle","12.0","425.645","306.0","0.19549836601307186","0.5694444444444444","0.25210784313725493","False","PENUTUP",""
"49","BUPATI MALANG,","388.72","498.556","470.57599999999996","482.57599999999996","612.0","BCDFEE+BookmanOldStyle-Bold","12.0","443.63800000000003","306.0","0.22489869281045757","0.6351633986928105","0.17947058823529405","True","PENUTUP",""
"49","ttd.","432.32","455.22999999999996","506.396","518.396","612.0","BCDFEE+BookmanOldStyle-Bold","12.0","443.775","306.0","0.2251225490196078","0.7064052287581699","0.03743464052287576","False","PENUTUP",""
"49","SANUSI","420.13","467.11","542.2059999999999","554.2059999999999","612.0","BCDFEE+BookmanOldStyle-Bold","12.0","443.62","306.0","0.22486928104575163","0.6864869281045751","0.07676470588235297","True","PENUTUP",""
"49","Diundangkan di Kepanjen","72.025","226.08099999999996","560.03","572.03","612.0","BCDGEE+BookmanOldStyle","12.0","149.053","306.0","0.25644934640522876","0.11768790849673204","0.25172549019607837","False","PENUTUP",""
"49","pada tanggal 29 Juli 2025","72.025","226.32","578.02","590.02","612.0","BCDGEE+BookmanOldStyle","12.0","149.1725","306.0","0.2562540849673202","0.11768790849673204","0.2521160130718954","False","PENUTUP",""
"49","Pj. SEKRETARIS DAERAH KABUPATEN MALANG","77.825","380.281","605.2059999999999","617.2059999999999","612.0","BCDFEE+BookmanOldStyle-Bold","12.0","229.053","306.0","0.12573039215686274","0.12716503267973855","0.4942091503267974","False","PENUTUP",""
"49","ttd.","217.88","240.76000000000002","641.0260000000001","653.0260000000001","612.0","BCDFEE+BookmanOldStyle-Bold","12.0","229.32","306.0","0.12529411764705883","0.3560130718954248","0.03738562091503272","False","PENUTUP",""
"49","NURCAHYO","193.05","265.23","677.0260000000001","689.026","612.0","BCDFEE+BookmanOldStyle-Bold","11.999999999999972","229.14000000000001","306.0","0.1255882352941176","0.3154411764705883","0.11794117647058824","True","PENUTUP",""
"49","Lembaran Daerah Kabupaten Malang","72.025","292.945","704.25","716.25","612.0","BCDGEE+BookmanOldStyle","12.0","182.485","306.0","0.20182189542483658","0.11768790849673204","0.36098039215686273","False","PENUTUP",""
"49","Tahun 2025 Nomor 2 Seri D","72.025","238.26999999999998","722.25","734.25","612.0","BCDGEE+BookmanOldStyle","12.0","155.14749999999998","306.0","0.24649101307189547","0.11768790849673204","0.27164215686274507","False","PENUTUP",""
"49","NOMOR REGISTER PERATURAN DAERAH KABUPATEN MALANG NOMOR 96-2/2025","72.025","535.0020000000001","845.875","857.875","612.0","BCDGEE+BookmanOldStyle","12.0","303.5135","306.0","0.00406290849673199","0.11768790849673204","0.7564983660130721","True","PENUTUP",""
