"page";"text";"x0";"x1";"top";"bottom";"page_width";"font_name";"font_size";"line_center";"page_center";"center_score";"left_ratio";"width_ratio";"is_all_caps";"sistematika";"unsur"
"1";"BUPATI MALANG";"254,48";"360,008";"141,29600000000005";"153,29600000000005";"612,2";"ABCDEE+Bookman Old Style,Bold";"12,0";"307,24399999999997";"306,1";"0,001868670369160321";"0,41568114995099636";"0,17237504083632796";"True";"JUDUL";""
"1";"PROVINSI JAWA TIMUR";"232,88";"381,572";"163,70600000000002";"175,70600000000002";"612,2";"ABCDEE+Bookman Old Style,Bold";"12,0";"307,226";"306,1";"0,001839268213002248";"0,3803985625612545";"0,24288141130349558";"True";"JUDUL";""
"1";"PERATURAN DAERAH KABUPATEN MALANG";"168,45";"446,404";"208,92600000000004";"220,92600000000004";"612,2";"ABCDEE+Bookman Old Style,Bold";"12,0";"307,427";"306,1";"0,002167592290101271";"0,27515517804639";"0,45402482848742237";"True";"JUDUL";""
"1";"NOMOR 13 TAHUN 2018";"230,88";"384,02000000000004";"231,52600000000007";"243,52600000000007";"612,2";"ABCDEE+Bookman Old Style,Bold";"12,0";"307,45000000000005";"306,1";"0,0022051617118589066";"0,37713165632146356";"0,25014701078079066";"True";"JUDUL";""
"1";"TENTANG";"276,88";"337,84000000000003";"253,92600000000004";"265,92600000000004";"612,2";"ABCDEE+Bookman Old Style,Bold";"12,0";"307,36";"306,1";"0,002058150931068263";"0,4522704998366546";"0,09957530218882724";"True";"JUDUL";""
"1";"PERUBAHAN ATAS";"248,88";"365,784";"276,52600000000007";"288,52600000000007";"612,2";"ABCDEE+Bookman Old Style,Bold";"12,0";"307,332";"306,1";"0,0020124142437111577";"0,4065338124795818";"0,1909572035282587";"True";"JUDUL";""
"1";"PERATURAN DAERAH NOMOR 2 TAHUN 2009";"164,25";"450,60600000000005";"299,1260000000001";"311,1260000000001";"612,2";"ABCDEE+Bookman Old Style,Bold";"12,0";"307,428";"306,1";"0,0021692257432211278";"0,2682946749428291";"0,4677491016007841";"True";"JUDUL";""
"1";"TENTANG PENYELENGGARAAN ADMINISTRASI KEPENDUDUKAN";"104,43";"510,27000000000004";"321,54600000000005";"333,54600000000005";"612,2";"ABCDEE+Bookman Old Style,Bold";"12,0";"307,35";"306,1";"0,0020418163998693235";"0,17058150931068278";"0,6629206141783731";"True";"JUDUL";""
"1";"DENGAN RAHMAT TUHAN YANG MAHA ESA";"170,45";"443,93000000000006";"366,7560000000001";"378,7560000000001";"612,2";"ABCDEE+Bookman Old Style,Bold";"12,0";"307,19000000000005";"306,1";"0,0017804639006861022";"0,2784220842861809";"0,4467167592290102";"True";"PEMBUKAAN";"FRASA RELIGIUS"
"1";"BUPATI MALANG,";"252,48";"362,40999999999997";"411,7560000000001";"423,7560000000001";"612,2";"ABCDEE+Bookman Old Style,Bold";"12,0";"307,445";"306,1";"0,002196994446259344";"0,41241424371120544";"0,17956550147010775";"True";"PEMBUKAAN";"PEMBENTUK PPU"
"1";"Menimbang : a. bahwa dalam rangka menyelenggarakan urusan";"70,825";"545,5679999999999";"459,8";"471,8";"612,2";"ABCDEE+Bookman Old Style";"12,0";"308,19649999999996";"306,1";"0,003424534465860723";"0,11568931721659588";"0,7754704344985296";"False";"PEMBUKAAN";"KONSIDERANS"
"1";"Kependudukan dan Pencatatan Sipil sebagaimana diatur";"201,48";"545,652";"482,4";"494,4";"612,2";"ABCDEE+Bookman Old Style";"12,0";"373,56600000000003";"306,1";"0,11020254818686705";"0,32910813459653704";"0,5621888271806599";"False";"PEMBUKAAN";"KONSIDERANS"
"1";"dalam ketentuan Pasal 7 ayat (1) Undang-Undang";"201,48";"546,206";"505,0";"517,0";"612,2";"ABCDEE+Bookman Old Style";"12,0";"373,843";"306,1";"0,11065501470107807";"0,32910813459653704";"0,563093760209082";"False";"PEMBUKAAN";"KONSIDERANS"
"1";"Nomor 23 Tahun 2006 tentang Administrasi";"201,48";"545,856";"527,4";"539,4";"612,2";"ABCDEE+Bookman Old Style";"12,0";"373,668";"306,1";"0,11036916040509634";"0,32910813459653704";"0,5625220516171185";"False";"PEMBUKAAN";"KONSIDERANS"
"1";"Kependudukan, sebagaimana telah diubah dengan";"201,48";"545,8399999999999";"550,0";"562,0";"612,2";"ABCDEE+Bookman Old Style";"12,0";"373,65999999999997";"306,1";"0,11035609278013711";"0,32910813459653704";"0,5624959163672001";"False";"PEMBUKAAN";"KONSIDERANS"
"1";"Undang-Undang Nomor 24 Tahun 2013 tentang";"201,48";"546,024";"572,62";"584,62";"612,2";"ABCDEE+Bookman Old Style";"12,0";"373,752";"306,1";"0,11050637046716756";"0,32910813459653704";"0,5627964717412609";"False";"PEMBUKAAN";"KONSIDERANS"
"1";"Perubahan atas Undang-Undang Nomor 23 Tahun 2006";"201,48";"545,8520000000001";"595,23";"607,23";"612,2";"ABCDEE+Bookman Old Style";"12,0";"373,66600000000005";"306,1";"0,11036589349885663";"0,32910813459653704";"0,562515517804639";"False";"PEMBUKAAN";"KONSIDERANS"
"1";"tentang Administrasi Kependudukan, maka Peraturan";"201,48";"545,9459999999999";"617,62";"629,62";"612,2";"ABCDEE+Bookman Old Style";"12,0";"373,71299999999997";"306,1";"0,11044266579549157";"0,32910813459653704";"0,5626690623979089";"False";"PEMBUKAAN";"KONSIDERANS"
"1";"Daerah Kabupaten Malang Nomor 2 Tahun 2009";"201,48";"545,892";"640,23";"652,23";"612,2";"ABCDEE+Bookman Old Style";"12,0";"373,68600000000004";"306,1";"0,1103985625612545";"0,32910813459653704";"0,5625808559294349";"False";"PEMBUKAAN";"KONSIDERANS"
"1";"tentang Penyelenggaraan Administrasi Kependudukan,";"201,48";"546,22";"662,8199999999999";"674,8199999999999";"612,2";"ABCDEE+Bookman Old Style";"12,0";"373,85";"306,1";"0,11066644887291734";"0,32910813459653704";"0,5631166285527605";"False";"PEMBUKAAN";"KONSIDERANS"
"1";"perlu untuk disesuaikan;";"201,48";"350,73999999999995";"685,25";"697,25";"612,2";"ABCDEE+Bookman Old Style";"12,0";"276,10999999999996";"306,1";"0,048987259065664916";"0,32910813459653704";"0,24380921267559613";"False";"PEMBUKAAN";"KONSIDERANS"
"1";"b. bahwa berdasarkan pertimbangan sebagaimana";"183,45";"545,7959999999999";"710,85";"722,85";"612,2";"ABCDEE+Bookman Old Style";"12,0";"364,62299999999993";"306,1";"0,0955945769356418";"0,2996569748448219";"0,5918752041816399";"False";"PEMBUKAAN";"KONSIDERANS"
"1";"dimaksud dalam huruf a, perlu membentuk Peraturan";"201,48";"545,8059999999999";"733,45";"745,45";"612,2";"ABCDEE+Bookman Old Style";"12,0";"373,643";"306,1";"0,1103283240770989";"0,32910813459653704";"0,5624403789611236";"False";"PEMBUKAAN";"KONSIDERANS"
"1";"Daerah Kabupaten Malang tentang Perubahan atas";"201,48";"546,2080000000001";"755,85";"767,85";"612,2";"ABCDEE+Bookman Old Style";"12,0";"373,84400000000005";"306,1";"0,11065664815419801";"0,32910813459653704";"0,5630970271153218";"False";"PEMBUKAAN";"KONSIDERANS"
"1";"Peratuan Daerah Nomor 2 Tahun 2009 tentang";"201,48";"546,1700000000001";"778,45";"790,45";"612,2";"ABCDEE+Bookman Old Style";"12,0";"373,82500000000005";"306,1";"0,11062561254492";"0,32910813459653704";"0,5630349558967658";"False";"PEMBUKAAN";"KONSIDERANS"
"1";"Penyelenggaraan Administrasi Kependudukan;";"201,48";"476,92799999999994";"801,05";"813,05";"612,2";"ABCDEE+Bookman Old Style";"12,0";"339,20399999999995";"306,1";"0,05407383208101915";"0,32910813459653704";"0,44993139496896434";"False";"PEMBUKAAN";"KONSIDERANS"
"1";"Mengingat : 1. Pasal 18 ayat (6) Undang-Undang Dasar Negara Republik";"70,825";"543,9920000000001";"849,075";"861,075";"612,2";"ABCDEE+Bookman Old Style";"12,0";"307,40850000000006";"306,1";"0,0021373734073832696";"0,11568931721659588";"0,7728961123815747";"False";"PEMBUKAAN";"DASAR HUKUM"
"1";"Indonesia Tahun 1945;";"201,48";"338,06399999999996";"871,675";"883,675";"612,2";"ABCDEE+Bookman Old Style";"12,000000000000007";"269,772";"306,1";"0,05934008493956228";"0,32910813459653704";"0,22310356092780131";"False";"PEMBUKAAN";"DASAR HUKUM"
"2";"2";"303,7";"311,14";"37,30000000000007";"49,30000000000007";"612,2";"ABCDEE+Bookman Old Style";"12,0";"307,41999999999996";"306,1";"0,0021561581182619016";"0,49607971251225086";"0,01215289121202221";"False";"HALAMAN";""
"2";"2. Undang-Undang Nomor 12 Tahun 1950 tentang";"174,45";"543,972";"78,53000000000009";"90,53000000000009";"612,2";"ABCDEE+Bookman Old Style";"12,0";"359,211";"306,1";"0,0867543286507677";"0,2849558967657628";"0,6035968637700098";"False";"PEMBUKAAN";"DASAR HUKUM"
"2";"Pembentukan Daerah-Daerah Kabupaten di Lingkungan";"201,27";"543,8519999999999";"99,92000000000007";"111,92000000000007";"612,2";"ABCDEE+Bookman Old Style";"12,0";"372,5609999999999";"306,1";"0,10856092780137193";"0,328765109441359";"0,5595916367200259";"False";"PEMBUKAAN";"DASAR HUKUM"
"2";"Provinsi Jawa Timur (Berita Negara Republik Indonesia";"201,27";"543,7640000000001";"121,32000000000005";"133,32000000000005";"612,2";"ABCDEE+Bookman Old Style";"12,0";"372,51700000000005";"306,1";"0,10848905586409674";"0,328765109441359";"0,5594478928454755";"False";"PEMBUKAAN";"DASAR HUKUM"
"2";"Tahun 1950 Nomor 41), sebagaimana telah diubah";"201,27";"544,246";"142,73000000000002";"154,73000000000002";"612,2";"ABCDEE+Bookman Old Style";"12,0";"372,758";"306,1";"0,10888271806599142";"0,328765109441359";"0,560235217249265";"False";"PEMBUKAAN";"DASAR HUKUM"
"2";"dengan Undang-Undang Nomor 2 Tahun 1965 tentang";"201,27";"543,76";"164,12";"176,12";"612,2";"ABCDEE+Bookman Old Style";"12,0";"372,515";"306,1";"0,10848578895785684";"0,328765109441359";"0,5594413590329957";"False";"PEMBUKAAN";"DASAR HUKUM"
"2";"Perubahan Batas Wilayah Kotapraja Surabaya dan";"201,27";"543,6179999999999";"185,55000000000007";"197,55000000000007";"612,2";"ABCDEE+Bookman Old Style";"12,0";"372,44399999999996";"306,1";"0,10836981378634422";"0,328765109441359";"0,5592094086899705";"False";"PEMBUKAAN";"DASAR HUKUM"
"2";"Daerah Tingkat II Surabaya dengan mengubah";"201,27";"543,678";"206,95000000000005";"218,95000000000005";"612,2";"ABCDEE+Bookman Old Style";"12,0";"372,474";"306,1";"0,10841881737994113";"0,328765109441359";"0,5593074158771643";"False";"PEMBUKAAN";"DASAR HUKUM"
"2";"Undang-Undang Nomor 12 Tahun 1950, tentang";"201,27";"543,942";"228,55000000000007";"240,55000000000007";"612,2";"ABCDEE+Bookman Old Style";"12,0";"372,606";"306,1";"0,10863443319176734";"0,328765109441359";"0,5597386475008167";"False";"PEMBUKAAN";"DASAR HUKUM"
"2";"Pembentukan Daerah-Daerah Kota Besar dalam";"201,27";"543,842";"249,95000000000005";"261,95000000000005";"612,2";"ABCDEE+Bookman Old Style";"12,0";"372,556";"306,1";"0,10855276053577255";"0,328765109441359";"0,5595753021888271";"False";"PEMBUKAAN";"DASAR HUKUM"
"2";"Lingkungan Provinsi Jawa Timur, Jawa Tengah, Jawa";"201,27";"543,876";"271,35";"283,35";"612,2";"ABCDEE+Bookman Old Style";"12,0";"372,573";"306,1";"0,10858052923881077";"0,328765109441359";"0,5596308395949036";"False";"PEMBUKAAN";"DASAR HUKUM"
"2";"Barat dan Daerah Istimewa Yogyakarta (Lembaran";"201,27";"543,4739999999999";"292,75";"304,75";"612,2";"ABCDEE+Bookman Old Style";"12,0";"372,37199999999996";"306,1";"0,10825220516171175";"0,328765109441359";"0,5589741914407055";"False";"PEMBUKAAN";"DASAR HUKUM"
"2";"Negara Republik Indonesia Tahun 1965 Nomor 19,";"201,27";"543,9540000000001";"314,1700000000001";"326,1700000000001";"612,2";"ABCDEE+Bookman Old Style";"12,0";"372,612";"306,1";"0,10864423391048676";"0,328765109441359";"0,5597582489382555";"False";"PEMBUKAAN";"DASAR HUKUM"
"2";"Tambahan Lembaran Negara Republik Indonesia";"201,27";"543,8340000000002";"335,57000000000005";"347,57000000000005";"612,2";"ABCDEE+Bookman Old Style";"12,0";"372,5520000000001";"306,1";"0,10854622672329313";"0,328765109441359";"0,5595622345638683";"False";"PEMBUKAAN";"DASAR HUKUM"
"2";"Nomor 2730);";"201,27";"281,10999999999996";"356,98";"368,98";"612,2";"ABCDEE+Bookman Old Style";"12,0";"241,19";"306,1";"0,10602744201241428";"0,328765109441359";"0,13041489709245335";"False";"PEMBUKAAN";"DASAR HUKUM"
"2";"3. Undang-Undang Nomor 1 Tahun 1974 tentang";"174,45";"544,164";"378,37";"390,37";"612,2";"ABCDEE+Bookman Old Style";"12,0";"359,307";"306,1";"0,08691114015027768";"0,2849558967657628";"0,6039104867690297";"False";"PEMBUKAAN";"DASAR HUKUM"
"2";"Perkawinan (Lembaran Negara Republik Indonesia";"201,27";"544,0060000000001";"399,7800000000001";"411,7800000000001";"612,2";"ABCDEE+Bookman Old Style";"12,0";"372,63800000000003";"306,1";"0,10868670369160406";"0,328765109441359";"0,5598431885004902";"False";"PEMBUKAAN";"DASAR HUKUM"
"2";"Tahun 1974 Nomor 1, Tambahan Lembaran Negara";"201,27";"543,5939999999999";"421,37";"433,36999999999995";"612,2";"ABCDEE+Bookman Old Style";"11,999999999999943";"372,43199999999996";"306,1";"0,10835021234890548";"0,328765109441359";"0,559170205815093";"False";"PEMBUKAAN";"DASAR HUKUM"
"2";"Republik Indonesia Nomor 3019);";"201,27";"398,35999999999996";"442,8";"454,8";"612,2";"ABCDEE+Bookman Old Style";"12,0";"299,815";"306,1";"0,010266252858543";"0,328765109441359";"0,3219372754001959";"False";"PEMBUKAAN";"DASAR HUKUM"
"2";"4. Undang-Undang Nomor 39 Tahun 1999 tentang Hak";"174,45";"544,1039999999999";"464,2";"476,2";"612,2";"ABCDEE+Bookman Old Style";"12,0";"359,27699999999993";"306,1";"0,08686213655668067";"0,2849558967657628";"0,6038124795818358";"False";"PEMBUKAAN";"DASAR HUKUM"
"2";"Asasi Manusia (Lembaran Negara Republik Indonesia";"201,27";"543,5460000000002";"485,59999999999997";"497,59999999999997";"612,2";"ABCDEE+Bookman Old Style";"12,0";"372,4080000000001";"306,1";"0,10831100947402816";"0,328765109441359";"0,5590918000653384";"False";"PEMBUKAAN";"DASAR HUKUM"
"2";"Tahun 1999 Nomor 165, Tambahan Lembaran Negara";"201,27";"543,7979999999999";"507,0";"519,0";"612,2";"ABCDEE+Bookman Old Style";"12,0";"372,53399999999993";"306,1";"0,10851682456713477";"0,328765109441359";"0,5595034302515516";"False";"PEMBUKAAN";"DASAR HUKUM"
"2";"Republik Indonesia Nomor 3886);";"201,27";"398,268";"528,4";"540,4";"612,2";"ABCDEE+Bookman Old Style";"12,0";"299,769";"306,1";"0,010341391702058179";"0,328765109441359";"0,32178699771316555";"False";"PEMBUKAAN";"DASAR HUKUM"
"2";"5. Undang-Undang Nomor 23 Tahun 2002 tentang";"174,45";"544,14";"549,8";"561,8";"612,2";"ABCDEE+Bookman Old Style";"12,0";"359,29499999999996";"306,1";"0,08689153871283883";"0,2849558967657628";"0,6038712838941522";"False";"PEMBUKAAN";"DASAR HUKUM"
"2";"Perlindungan Anak (Lembaran Negara Republik";"201,27";"543,63";"571,23";"583,23";"612,2";"ABCDEE+Bookman Old Style";"12,0";"372,45";"306,1";"0,10837961450506364";"0,328765109441359";"0,5592290101274093";"False";"PEMBUKAAN";"DASAR HUKUM"
"2";"Indonesia Tahun 2002 Nomor 109, Tambahan";"201,27";"543,7379999999998";"592,62";"604,62";"612,2";"ABCDEE+Bookman Old Style";"12,0";"372,5039999999999";"306,1";"0,10846782097353785";"0,328765109441359";"0,5594054230643578";"False";"PEMBUKAAN";"DASAR HUKUM"
"2";"Lembaran Negara Republik Indonesia Nomor 4235),";"201,27";"544,01";"614,23";"626,23";"612,2";"ABCDEE+Bookman Old Style";"12,0";"372,64";"306,1";"0,10868997059784377";"0,328765109441359";"0,5598497223129696";"False";"PEMBUKAAN";"DASAR HUKUM"
"2";"sebagaimana telah diubah dengan Undang-Undang";"201,27";"544,386";"635,62";"647,62";"612,2";"ABCDEE+Bookman Old Style";"12,0";"372,828";"306,1";"0,1089970597843841";"0,328765109441359";"0,5604639006860502";"False";"PEMBUKAAN";"DASAR HUKUM"
"2";"Nomor 17 Tahun 2016 tentang Penetapan Peraturan";"201,27";"543,5079999999999";"657,03";"669,03";"612,2";"ABCDEE+Bookman Old Style";"12,0";"372,38899999999995";"306,1";"0,10827997386474995";"0,328765109441359";"0,5590297288467819";"False";"PEMBUKAAN";"DASAR HUKUM"
"2";"Pemerintah Pengganti Undang-Undang Nomor 1";"201,27";"543,87";"678,45";"690,45";"612,2";"ABCDEE+Bookman Old Style";"12,0";"372,57";"306,1";"0,1085756288794511";"0,328765109441359";"0,5596210388761842";"False";"PEMBUKAAN";"DASAR HUKUM"
"2";"Tahun 2016 Perubahan Kedua atas Undang-Undang";"201,27";"544,206";"699,85";"711,85";"612,2";"ABCDEE+Bookman Old Style";"12,0";"372,738";"306,1";"0,10885004900359355";"0,328765109441359";"0,5601698791244691";"False";"PEMBUKAAN";"DASAR HUKUM"
"2";"Nomor 23 Tahun 2002 tentang Perlindungan Anak";"201,27";"544,014";"721,25";"733,25";"612,2";"ABCDEE+Bookman Old Style";"12,0";"372,642";"306,1";"0,10869323750408358";"0,328765109441359";"0,5598562561254492";"False";"PEMBUKAAN";"DASAR HUKUM"
"2";"Menjadi Undang-Undang (Lembaran Negara Republik";"201,27";"543,76";"742,65";"754,65";"612,2";"ABCDEE+Bookman Old Style";"12,0";"372,515";"306,1";"0,10848578895785684";"0,328765109441359";"0,5594413590329957";"False";"PEMBUKAAN";"DASAR HUKUM"
"2";"Indonesia Tahun 2016 Nomor 237, Tambahan Lembaran";"201,27";"543,656";"764,05";"776,05";"612,2";"ABCDEE+Bookman Old Style";"12,0";"372,46299999999997";"306,1";"0,10840084939562225";"0,328765109441359";"0,5592714799085265";"False";"PEMBUKAAN";"DASAR HUKUM"
"2";"Negara Republik Indonesia Nomor 5946);";"201,27";"442,806";"785,45";"797,45";"612,2";"ABCDEE+Bookman Old Style";"12,0";"322,038";"306,1";"0,026033975824893803";"0,328765109441359";"0,3945377327670695";"False";"PEMBUKAAN";"DASAR HUKUM"
"2";"6. Undang-Undang Nomor 12 Tahun 2006 tentang";"174,45";"543,972";"807,0799999999999";"819,08";"612,2";"ABCDEE+Bookman Old Style";"12,000000000000014";"359,211";"306,1";"0,0867543286507677";"0,2849558967657628";"0,6035968637700098";"False";"PEMBUKAAN";"DASAR HUKUM"
"2";"Kewarganegaraan Republik Indonesia (Lembaran Negara";"201,27";"543,5939999999999";"828,48";"840,48";"612,2";"ABCDEE+Bookman Old Style";"12,0";"372,43199999999996";"306,1";"0,10835021234890548";"0,328765109441359";"0,559170205815093";"False";"PEMBUKAAN";"DASAR HUKUM"
"2";"Republik Indonesia Tahun 2006 Nomor 63, Tambahan";"201,27";"543,5939999999998";"849,875";"861,875";"612,2";"ABCDEE+Bookman Old Style";"12,0";"372,4319999999999";"306,1";"0,10835021234890538";"0,328765109441359";"0,5591702058150928";"False";"PEMBUKAAN";"DASAR HUKUM"
"2";"Lembaran Negara Republik Indonesia Nomor 4634);";"201,27";"506,19";"871,275";"883,275";"612,2";"ABCDEE+Bookman Old Style";"12,0";"353,73";"306,1";"0,0778013721006207";"0,328765109441359";"0,49807252531852325";"False";"PEMBUKAAN";"DASAR HUKUM"
"3";"3";"303,7";"311,14";"37,30000000000007";"49,30000000000007";"612,2";"ABCDEE+Bookman Old Style";"12,0";"307,41999999999996";"306,1";"0,0021561581182619016";"0,49607971251225086";"0,01215289121202221";"False";"HALAMAN";""
"3";"7. Undang-Undang Nomor 23 Tahun 2006 tentang";"174,45";"543,972";"78,53000000000009";"90,53000000000009";"612,2";"ABCDEE+Bookman Old Style";"12,0";"359,211";"306,1";"0,0867543286507677";"0,2849558967657628";"0,6035968637700098";"False";"PEMBUKAAN";"DASAR HUKUM"
"3";"Administrasi Kependudukan (Lembaran Negara Republik";"201,27";"543,678";"100,92000000000007";"112,92000000000007";"612,2";"ABCDEE+Bookman Old Style";"12,0";"372,474";"306,1";"0,10841881737994113";"0,328765109441359";"0,5593074158771643";"False";"PEMBUKAAN";"DASAR HUKUM"
"3";"Indonesia Tahun 2006 Nomor 124, Tambahan Lembaran";"201,27";"543,5339999999998";"123,53000000000009";"135,5300000000001";"612,2";"ABCDEE+Bookman Old Style";"12,0";"372,4019999999999";"306,1";"0,10830120875530846";"0,328765109441359";"0,559072198627899";"False";"PEMBUKAAN";"DASAR HUKUM"
"3";"Negara Republik Indonesia Nomor 4674), sebagaimana";"201,27";"543,816";"146,12";"158,12";"612,2";"ABCDEE+Bookman Old Style";"12,0";"372,543";"306,1";"0,10853152564521394";"0,328765109441359";"0,5595328324077099";"False";"PEMBUKAAN";"DASAR HUKUM"
"3";"telah diubah dengan Undang-Undang Nomor 24";"201,27";"543,9340000000001";"168,73000000000002";"180,73000000000002";"612,2";"ABCDEE+Bookman Old Style";"12,0";"372,60200000000003";"306,1";"0,10862789937928782";"0,328765109441359";"0,5597255798758577";"False";"PEMBUKAAN";"DASAR HUKUM"
"3";"Tahun 2013 tentang Perubahan atas Undang-Undang";"201,27";"544,186";"191,1500000000001";"203,1500000000001";"612,2";"ABCDEE+Bookman Old Style";"12,0";"372,728";"306,1";"0,10883371447239461";"0,328765109441359";"0,5601372100620713";"False";"PEMBUKAAN";"DASAR HUKUM"
"3";"Nomor 23 Tahun 2006 tentang Administrasi";"201,27";"543,8100000000002";"213,75";"225,75";"612,2";"ABCDEE+Bookman Old Style";"12,0";"372,5400000000001";"306,1";"0,10852662528585438";"0,328765109441359";"0,5595230316889908";"False";"PEMBUKAAN";"DASAR HUKUM"
"3";"Kependudukan (Lembaran Negara Republik Indonesia";"201,27";"543,9200000000001";"236,35000000000002";"248,35000000000002";"612,2";"ABCDEE+Bookman Old Style";"12,0";"372,595";"306,1";"0,10861646520744854";"0,328765109441359";"0,5597027115321791";"False";"PEMBUKAAN";"DASAR HUKUM"
"3";"Tahun 2013 Nomor 232, Tambahan Lembaran Negara";"201,27";"544,1160000000001";"258,75";"270,75";"612,2";"ABCDEE+Bookman Old Style";"12,0";"372,69300000000004";"306,1";"0,10877654361319833";"0,328765109441359";"0,5600228683436786";"False";"PEMBUKAAN";"DASAR HUKUM"
"3";"Republik Indonesia Nomor 5475);";"201,27";"398,35999999999996";"281,35";"293,35";"612,2";"ABCDEE+Bookman Old Style";"12,0";"299,815";"306,1";"0,010266252858543";"0,328765109441359";"0,3219372754001959";"False";"PEMBUKAAN";"DASAR HUKUM"
"3";"8. Undang-Undang Nomor 12 Tahun 2011 tentang";"174,45";"543,972";"303,98";"315,98";"612,2";"ABCDEE+Bookman Old Style";"12,0";"359,211";"306,1";"0,0867543286507677";"0,2849558967657628";"0,6035968637700098";"False";"PEMBUKAAN";"DASAR HUKUM"
"3";"Pembentukan Peraturan Perundang-undangan";"201,27";"544,206";"326,37";"338,37";"612,2";"ABCDEE+Bookman Old Style";"12,0";"372,738";"306,1";"0,10885004900359355";"0,328765109441359";"0,5601698791244691";"False";"PEMBUKAAN";"DASAR HUKUM"
"3";"(Lembaran Negara Republik Indonesia Tahun 2011";"201,27";"544,01";"348,98";"360,98";"612,2";"ABCDEE+Bookman Old Style";"12,0";"372,64";"306,1";"0,10868997059784377";"0,328765109441359";"0,5598497223129696";"False";"PEMBUKAAN";"DASAR HUKUM"
"3";"Nomor 49, Tambahan Lembaran Negara Republik";"201,27";"543,7520000000002";"371,57000000000005";"383,57000000000005";"612,2";"ABCDEE+Bookman Old Style";"12,0";"372,5110000000001";"306,1";"0,10847925514537742";"0,328765109441359";"0,5594282914080368";"False";"PEMBUKAAN";"DASAR HUKUM"
"3";"Indonesia Nomor 5234);";"201,27";"345,94";"393,98";"405,98";"612,2";"ABCDEE+Bookman Old Style";"12,0";"273,605";"306,1";"0,05307905913100294";"0,328765109441359";"0,23631166285527602";"False";"PEMBUKAAN";"DASAR HUKUM"
"3";"9. Undang-Undang Nomor 23 Tahun 2014 tentang";"174,45";"543,972";"416,57000000000005";"428,57000000000005";"612,2";"ABCDEE+Bookman Old Style";"12,0";"359,211";"306,1";"0,0867543286507677";"0,2849558967657628";"0,6035968637700098";"False";"PEMBUKAAN";"DASAR HUKUM"
"3";"Pemerintahan Daerah (Lembaran Negara Republik";"201,27";"543,666";"439,2";"451,2";"612,2";"ABCDEE+Bookman Old Style";"12,0";"372,468";"306,1";"0,10840901666122181";"0,328765109441359";"0,5592878144397256";"False";"PEMBUKAAN";"DASAR HUKUM"
"3";"Indonesia Tahun 2014 Nomor 244, Tambahan";"201,27";"543,872";"461,59999999999997";"473,59999999999997";"612,2";"ABCDEE+Bookman Old Style";"12,0";"372,57099999999997";"306,1";"0,10857726233257096";"0,328765109441359";"0,559624305782424";"False";"PEMBUKAAN";"DASAR HUKUM"
"3";"Lembaran Negara Republik Indonesia Nomor 5587),";"201,27";"543,7020000000001";"484,2";"496,2";"612,2";"ABCDEE+Bookman Old Style";"12,0";"372,48600000000005";"306,1";"0,10843841881737998";"0,328765109441359";"0,559346618752042";"False";"PEMBUKAAN";"DASAR HUKUM"
"3";"sebagaimana telah diubah beberapa kali, terakhir";"201,27";"543,474";"506,8";"518,8";"612,2";"ABCDEE+Bookman Old Style";"12,0";"372,372";"306,1";"0,10825220516171184";"0,328765109441359";"0,5589741914407057";"False";"PEMBUKAAN";"DASAR HUKUM"
"3";"dengan Undang-Undang Nomor 9 Tahun 2015";"201,27";"543,792";"529,4";"541,4";"612,2";"ABCDEE+Bookman Old Style";"12,0";"372,531";"306,1";"0,1085119242077752";"0,328765109441359";"0,5594936295328324";"False";"PEMBUKAAN";"DASAR HUKUM"
"3";"tentang Perubahan Kedua atas Undang-Undang Nomor";"201,27";"544,1659999999999";"551,8";"563,8";"612,2";"ABCDEE+Bookman Old Style";"12,0";"372,71799999999996";"306,1";"0,10881737994119557";"0,328765109441359";"0,5601045409996732";"False";"PEMBUKAAN";"DASAR HUKUM"
"3";"23 Tahun 2014 tentang Pemerintahan Daerah (Lembaran";"201,27";"543,9279999999999";"574,4200000000001";"586,4200000000001";"612,2";"ABCDEE+Bookman Old Style";"12,0";"372,59899999999993";"306,1";"0,10862299901992797";"0,328765109441359";"0,559715779157138";"False";"PEMBUKAAN";"DASAR HUKUM"
"3";"Negara Republik Indonesia Tahun 2015 Nomor 58,";"201,27";"543,7019999999999";"597,03";"609,03";"612,2";"ABCDEE+Bookman Old Style";"12,0";"372,48599999999993";"306,1";"0,10843841881737978";"0,328765109441359";"0,5593466187520416";"False";"PEMBUKAAN";"DASAR HUKUM"
"3";"Tambahan Lembaran Negara Republik Indonesia";"201,27";"543,8340000000002";"619,4200000000001";"631,4200000000001";"612,2";"ABCDEE+Bookman Old Style";"12,0";"372,5520000000001";"306,1";"0,10854622672329313";"0,328765109441359";"0,5595622345638683";"False";"PEMBUKAAN";"DASAR HUKUM"
"3";"Nomor 5679);";"201,27";"281,10999999999996";"642,03";"654,03";"612,2";"ABCDEE+Bookman Old Style";"12,0";"241,19";"306,1";"0,10602744201241428";"0,328765109441359";"0,13041489709245335";"False";"PEMBUKAAN";"DASAR HUKUM"
"3";"10. Peraturan Pemerintah Nomor 9 Tahun 1975 tentang";"174,45";"544,0559999999999";"664,62";"676,62";"612,2";"ABCDEE+Bookman Old Style";"12,0";"359,25299999999993";"306,1";"0,08682293368180317";"0,2849558967657628";"0,6037340738320809";"False";"PEMBUKAAN";"DASAR HUKUM"
"3";"Pelaksanaan Undang-Undang Nomor 1 Tahun 1974";"201,27";"544,004";"687,05";"699,05";"612,2";"ABCDEE+Bookman Old Style";"11,999999999999972";"372,637";"306,1";"0,10868507023848412";"0,328765109441359";"0,5598399215942502";"False";"PEMBUKAAN";"DASAR HUKUM"
"3";"tentang Perkawinan (Lembaran Negara Republik";"201,27";"543,942";"709,65";"721,65";"612,2";"ABCDEE+Bookman Old Style";"12,0";"372,606";"306,1";"0,10863443319176734";"0,328765109441359";"0,5597386475008167";"False";"PEMBUKAAN";"DASAR HUKUM"
"3";"Indonesia Tahun 1975 Nomor 12, Tambahan Lembaran";"201,27";"543,5099999999999";"732,25";"744,25";"612,2";"ABCDEE+Bookman Old Style";"12,0";"372,38999999999993";"306,1";"0,10828160731786982";"0,328765109441359";"0,5590329957530217";"False";"PEMBUKAAN";"DASAR HUKUM"
"3";"Negara Republik Indonesia Nomor 3050);";"201,27";"442,806";"754,65";"766,65";"612,2";"ABCDEE+Bookman Old Style";"12,0";"322,038";"306,1";"0,026033975824893803";"0,328765109441359";"0,3945377327670695";"False";"PEMBUKAAN";"DASAR HUKUM"
"3";"11. Peraturan Pemerintah Nomor 31 Tahun 1998 tentang";"174,45";"543,876";"777,25";"789,25";"612,2";"ABCDEE+Bookman Old Style";"12,0";"359,163";"306,1";"0,08667592290101271";"0,2849558967657628";"0,6034400522704998";"False";"PEMBUKAAN";"DASAR HUKUM"
"3";"Penyerahan sebagian Urusan Pemerintah di Bidang";"201,27";"543,702";"799,85";"811,85";"612,2";"ABCDEE+Bookman Old Style";"12,0";"372,486";"306,1";"0,10843841881737988";"0,328765109441359";"0,5593466187520418";"False";"PEMBUKAAN";"DASAR HUKUM"
"3";"Penyelenggaraan Penduduk Kepada Daerah (Lembaran";"201,27";"543,5679999999999";"822,28";"834,28";"612,2";"ABCDEE+Bookman Old Style";"12,0";"372,4189999999999";"306,1";"0,10832897745834678";"0,328765109441359";"0,5591277360339756";"False";"PEMBUKAAN";"DASAR HUKUM"
"3";"Negara Tahun 1998 Nomor 45, Tambahan Lembaran";"201,27";"543,7379999999999";"844,875";"856,875";"612,2";"ABCDEE+Bookman Old Style";"12,0";"372,50399999999996";"306,1";"0,10846782097353795";"0,328765109441359";"0,5594054230643579";"False";"PEMBUKAAN";"DASAR HUKUM"
"3";"Negara Republik Indonesia Nomor 3742);";"201,27";"442,806";"867,475";"879,475";"612,2";"ABCDEE+Bookman Old Style";"12,0";"322,038";"306,1";"0,026033975824893803";"0,328765109441359";"0,3945377327670695";"False";"PEMBUKAAN";"DASAR HUKUM"
"4";"4";"303,7";"311,14";"37,30000000000007";"49,30000000000007";"612,2";"ABCDEE+Bookman Old Style";"12,0";"307,41999999999996";"306,1";"0,0021561581182619016";"0,49607971251225086";"0,01215289121202221";"False";"HALAMAN";""
"4";"12. Peraturan Pemerintah Nomor 37 Tahun 2007 tentang";"174,45";"543,876";"78,53000000000009";"90,53000000000009";"612,2";"ABCDEE+Bookman Old Style";"12,0";"359,163";"306,1";"0,08667592290101271";"0,2849558967657628";"0,6034400522704998";"False";"PEMBUKAAN";"DASAR HUKUM"
"4";"Pelaksanaan Undang-Undang Nomor 23 Tahun 2006";"201,27";"543,796";"101,73000000000002";"113,73000000000002";"612,2";"ABCDEE+Bookman Old Style";"12,0";"372,533";"306,1";"0,108515191114015";"0,328765109441359";"0,559500163345312";"False";"PEMBUKAAN";"DASAR HUKUM"
"4";"tentang Administrasi Kependudukan (Lembaran";"201,27";"543,5699999999998";"124,92000000000007";"136,92000000000007";"612,2";"ABCDEE+Bookman Old Style";"12,0";"372,4199999999999";"306,1";"0,10833061091146663";"0,328765109441359";"0,5591310029402153";"False";"PEMBUKAAN";"DASAR HUKUM"
"4";"Negara Tahun 2007 Nomor 80, Tambahan Lembaran";"201,27";"543,9499999999999";"148,12";"160,12";"612,2";"ABCDEE+Bookman Old Style";"12,0";"372,60999999999996";"306,1";"0,10864096700424686";"0,328765109441359";"0,5597517151257758";"False";"PEMBUKAAN";"DASAR HUKUM"
"4";"Negara Republik Indonesia Nomor 4736), sebagaimana";"201,27";"543,594";"171,5300000000001";"183,5300000000001";"612,2";"ABCDEE+Bookman Old Style";"12,0";"372,432";"306,1";"0,10835021234890557";"0,328765109441359";"0,5591702058150931";"False";"PEMBUKAAN";"DASAR HUKUM"
"4";"telah diubah dengan Peraturan Pemerintah Nomor 102";"201,27";"543,6060000000001";"194,75";"206,75";"612,2";"ABCDEE+Bookman Old Style";"12,0";"372,43800000000005";"306,1";"0,108360013067625";"0,328765109441359";"0,559189807252532";"False";"PEMBUKAAN";"DASAR HUKUM"
"4";"Tahun 2012 tentang Perubahan atas Peraturan";"201,27";"544,006";"217,95000000000005";"229,95000000000005";"612,2";"ABCDEE+Bookman Old Style";"12,0";"372,638";"306,1";"0,10868670369160396";"0,328765109441359";"0,55984318850049";"False";"PEMBUKAAN";"DASAR HUKUM"
"4";"Pemerintah Nomor 37 Tahun 2007 tentang Pelaksanaan";"201,27";"543,6899999999999";"241,1500000000001";"253,1500000000001";"612,2";"ABCDEE+Bookman Old Style";"12,0";"372,47999999999996";"306,1";"0,10842861809866046";"0,328765109441359";"0,559327017314603";"False";"PEMBUKAAN";"DASAR HUKUM"
"4";"Undang-Undang Nomor 23 Tahun 2006 tentang";"201,27";"543,7620000000001";"264,35";"276,35";"612,2";"ABCDEE+Bookman Old Style";"12,0";"372,516";"306,1";"0,1084874224109768";"0,328765109441359";"0,5594446259392356";"False";"PEMBUKAAN";"DASAR HUKUM"
"4";"Administrasi Kependudukan (Lembaran Negara";"201,27";"543,6539999999999";"287,75";"299,75";"612,2";"ABCDEE+Bookman Old Style";"12,0";"372,46199999999993";"306,1";"0,10839921594250229";"0,328765109441359";"0,5592682130022867";"False";"PEMBUKAAN";"DASAR HUKUM"
"4";"Tahun 2012 Nomor 265, Tambahan Lembaran Negara";"201,27";"543,884";"310,98";"322,98";"612,2";"ABCDEE+Bookman Old Style";"12,0";"372,577";"306,1";"0,10858706305129039";"0,328765109441359";"0,5596439072198628";"False";"PEMBUKAAN";"DASAR HUKUM"
"4";"Republik Indonesia Nomor 5373);";"201,27";"398,26199999999994";"334,1700000000001";"346,1700000000001";"612,2";"ABCDEE+Bookman Old Style";"12,0";"299,76599999999996";"306,1";"0,010346292061417935";"0,328765109441359";"0,3217771969944461";"False";"PEMBUKAAN";"DASAR HUKUM"
"4";"13. Peraturan Pemerintah Nomor 18 Tahun 2008";"174,45";"543,8520000000001";"357,37";"369,37";"612,2";"ABCDEE+Bookman Old Style";"12,0";"359,15100000000007";"306,1";"0,08665632146357406";"0,2849558967657628";"0,6034008493956224";"False";"PEMBUKAAN";"DASAR HUKUM"
"4";"tentang Pemindahan Ibu Kota Kabupaten Malang dari";"201,27";"543,794";"380,57000000000005";"392,57000000000005";"612,2";"ABCDEE+Bookman Old Style";"12,0";"372,532";"306,1";"0,10851355766089506";"0,328765109441359";"0,5594968964390722";"False";"PEMBUKAAN";"DASAR HUKUM"
"4";"Wilayah Kota Malang ke Wilayah Kabupaten Malang";"201,27";"544,06";"403,98";"415,98";"612,2";"ABCDEE+Bookman Old Style";"12,0";"372,66499999999996";"306,1";"0,10873080692584113";"0,328765109441359";"0,5599313949689643";"False";"PEMBUKAAN";"DASAR HUKUM"
"4";"(Lembaran Negara Republik Indonesia Tahun 2008";"201,27";"543,69";"427,20000000000005";"439,2";"612,2";"ABCDEE+Bookman Old Style";"11,999999999999943";"372,48";"306,1";"0,10842861809866056";"0,328765109441359";"0,5593270173146031";"False";"PEMBUKAAN";"DASAR HUKUM"
"4";"Nomor 39, Tambahan Lembaran Negara Republik";"201,27";"543,714";"450,4";"462,4";"612,2";"ABCDEE+Bookman Old Style";"12,0";"372,492";"306,1";"0,1084482195360993";"0,328765109441359";"0,5593662201894807";"False";"PEMBUKAAN";"DASAR HUKUM"
"4";"Indonesia Nomor 4825);";"201,27";"341,87399999999997";"473,59999999999997";"485,59999999999997";"612,2";"ABCDEE+Bookman Old Style";"12,0";"271,572";"306,1";"0,056399869323750434";"0,328765109441359";"0,22967004246978104";"False";"PEMBUKAAN";"DASAR HUKUM"
"4";"14. Peraturan Pemerintah Nomor 12 Tahun 2017";"174,45";"543,8520000000001";"497,0";"509,0";"612,2";"ABCDEE+Bookman Old Style";"12,0";"359,15100000000007";"306,1";"0,08665632146357406";"0,2849558967657628";"0,6034008493956224";"False";"PEMBUKAAN";"DASAR HUKUM"
"4";"tentang Pembinaan dan Pengawasan Penyelenggaraan";"201,27";"543,9979999999999";"520,2";"532,2";"612,2";"ABCDEE+Bookman Old Style";"12,0";"372,63399999999996";"306,1";"0,10868016987912435";"0,328765109441359";"0,5598301208755307";"False";"PEMBUKAAN";"DASAR HUKUM"
"4";"Pemerintahan Daerah (Lembaran Negara Republik";"201,27";"543,85";"543,4";"555,4";"612,2";"ABCDEE+Bookman Old Style";"12,0";"372,56";"306,1";"0,10855929434825216";"0,328765109441359";"0,5595883698137863";"False";"PEMBUKAAN";"DASAR HUKUM"
"4";"Indonesia Tahun 2017 Nomor 73, Tambahan Lembaran";"201,27";"543,5099999999999";"566,62";"578,62";"612,2";"ABCDEE+Bookman Old Style";"12,0";"372,38999999999993";"306,1";"0,10828160731786982";"0,328765109441359";"0,5590329957530217";"False";"PEMBUKAAN";"DASAR HUKUM"
"4";"Negara Republik Indonesia Nomor 6041);";"201,27";"442,806";"589,8199999999999";"601,8199999999999";"612,2";"ABCDEE+Bookman Old Style";"12,0";"322,038";"306,1";"0,026033975824893803";"0,328765109441359";"0,3945377327670695";"False";"PEMBUKAAN";"DASAR HUKUM"
"4";"15. Peraturan Presiden Nomor 25 Tahun 2008 tentang";"174,45";"544,068";"613,23";"625,23";"612,2";"ABCDEE+Bookman Old Style";"12,0";"359,259";"306,1";"0,08683273440052268";"0,2849558967657628";"0,6037536752695197";"False";"PEMBUKAAN";"DASAR HUKUM"
"4";"Persyaratan dan Tata Cara Pendaftaran Penduduk dan";"201,27";"543,618";"636,4200000000001";"648,4200000000001";"612,2";"ABCDEE+Bookman Old Style";"12,0";"372,444";"306,1";"0,10836981378634432";"0,328765109441359";"0,5592094086899707";"False";"PEMBUKAAN";"DASAR HUKUM"
"4";"Pencatatan Sipil;";"201,27";"301,026";"659,62";"671,62";"612,2";"ABCDEE+Bookman Old Style";"12,0";"251,14800000000002";"306,1";"0,08976151584449525";"0,328765109441359";"0,1629467494282914";"False";"PEMBUKAAN";"DASAR HUKUM"
"4";"16. Peraturan Presiden Nomor 26 Tahun 2009 tentang";"174,45";"544,286";"682,85";"694,85";"612,2";"ABCDEE+Bookman Old Style";"11,999999999999972";"359,36799999999994";"306,1";"0,08701078079059117";"0,2849558967657628";"0,6041097680496569";"False";"PEMBUKAAN";"DASAR HUKUM"
"4";"Penerapan Kartu Tanda Penduduk Berbasis Nomor";"201,27";"543,702";"706,05";"718,05";"612,2";"ABCDEE+Bookman Old Style";"12,0";"372,486";"306,1";"0,10843841881737988";"0,328765109441359";"0,5593466187520418";"False";"PEMBUKAAN";"DASAR HUKUM"
"4";"Induk Kependudukan secara Nasional, sebagaimana";"201,27";"544,058";"729,45";"741,45";"612,2";"ABCDEE+Bookman Old Style";"12,0";"372,664";"306,1";"0,10872917347272126";"0,328765109441359";"0,5599281280627246";"False";"PEMBUKAAN";"DASAR HUKUM"
"4";"telah diubah beberapa kali, terakhir dengan Peraturan";"201,27";"543,736";"752,65";"764,65";"612,2";"ABCDEE+Bookman Old Style";"12,0";"372,503";"306,1";"0,10846618752041809";"0,328765109441359";"0,5594021561581183";"False";"PEMBUKAAN";"DASAR HUKUM"
"4";"Presiden Nomor 112 Tahun 2013 tentang Perubahan";"201,27";"543,9159999999999";"775,85";"787,85";"612,2";"ABCDEE+Bookman Old Style";"12,0";"372,59299999999996";"306,1";"0,10861319830120865";"0,328765109441359";"0,5596961777196994";"False";"PEMBUKAAN";"DASAR HUKUM"
"4";"Keempat atas Peraturan Presiden Nomor 26 Tahun 2009";"201,27";"543,926";"799,05";"811,05";"612,2";"ABCDEE+Bookman Old Style";"12,0";"372,598";"306,1";"0,10862136556680821";"0,328765109441359";"0,5597125122508985";"False";"PEMBUKAAN";"DASAR HUKUM"
"4";"tentang Penerapan Kartu Tanda Penduduk Berbasis";"201,27";"543,606";"822,28";"834,28";"612,2";"ABCDEE+Bookman Old Style";"12,0";"372,438";"306,1";"0,1083600130676249";"0,328765109441359";"0,5591898072525319";"False";"PEMBUKAAN";"DASAR HUKUM"
"4";"Nomor Induk Kependudukan secara Nasional (Lembaran";"201,27";"544,0379999999999";"845,675";"857,675";"612,2";"ABCDEE+Bookman Old Style";"12,0";"372,65399999999994";"306,1";"0,10871283894152223";"0,328765109441359";"0,5598954590003266";"False";"PEMBUKAAN";"DASAR HUKUM"
"4";"Negara Tahun 2013 Nomor 257);";"201,27";"393,978";"868,875";"880,875";"612,2";"ABCDEE+Bookman Old Style";"12,0";"297,624";"306,1";"0,013845148644233907";"0,328765109441359";"0,3147794838288141";"False";"PEMBUKAAN";"DASAR HUKUM"
"5";"5";"303,7";"311,14";"37,30000000000007";"49,30000000000007";"612,2";"ABCDEE+Bookman Old Style";"12,0";"307,41999999999996";"306,1";"0,0021561581182619016";"0,49607971251225086";"0,01215289121202221";"False";"HALAMAN";""
"5";"17. Peraturan Presiden Nomor 87 Tahun 2014 tentang";"174,45";"544,068";"78,53000000000009";"90,53000000000009";"612,2";"ABCDEE+Bookman Old Style";"12,0";"359,259";"306,1";"0,08683273440052268";"0,2849558967657628";"0,6037536752695197";"False";"PEMBUKAAN";"DASAR HUKUM"
"5";"Peraturan Pelaksanaan Undang-Undang Nomor 12";"201,27";"543,9580000000001";"98,92000000000007";"110,92000000000007";"612,2";"ABCDEE+Bookman Old Style";"12,0";"372,61400000000003";"306,1";"0,10864750081672657";"0,328765109441359";"0,5597647827507352";"False";"PEMBUKAAN";"DASAR HUKUM"
"5";"Tahun 2011 tentang Pembentukan Peraturan";"201,27";"543,93";"119,32000000000005";"131,32000000000005";"612,2";"ABCDEE+Bookman Old Style";"12,0";"372,59999999999997";"306,1";"0,10862463247304792";"0,328765109441359";"0,5597190460633779";"False";"PEMBUKAAN";"DASAR HUKUM"
"5";"Perundang-undangan (Lembaran Negara Republik";"201,27";"543,8439999999999";"139,73000000000002";"151,73000000000002";"612,2";"ABCDEE+Bookman Old Style";"12,0";"372,55699999999996";"306,1";"0,10855439398889241";"0,328765109441359";"0,5595785690950669";"False";"PEMBUKAAN";"DASAR HUKUM"
"5";"Indonesia Tahun 2014 Nomor 199);";"201,27";"410,41799999999995";"160,12";"172,12";"612,2";"ABCDEE+Bookman Old Style";"12,0";"305,844";"306,1";"0,00041816399869328425";"0,328765109441359";"0,34163345311989535";"False";"PEMBUKAAN";"DASAR HUKUM"
"5";"18. Peraturan Menteri Dalam Negeri Nomor 19 Tahun 2010";"174,45";"543,84";"180,55000000000007";"192,55000000000007";"612,2";"ABCDEE+Bookman Old Style";"12,0";"359,145";"306,1";"0,08664652074485454";"0,2849558967657628";"0,6033812479581836";"False";"PEMBUKAAN";"DASAR HUKUM"
"5";"tentang Formulir dan Buku yang digunakan Dalam";"201,27";"543,8219999999999";"200,95000000000005";"212,95000000000005";"612,2";"ABCDEE+Bookman Old Style";"12,0";"372,54599999999994";"306,1";"0,10853642600457351";"0,328765109441359";"0,559542633126429";"False";"PEMBUKAAN";"DASAR HUKUM"
"5";"Pendaftaran Penduduk dan Pencatatan Sipil;";"201,27";"466,53000000000003";"221,55000000000007";"233,55000000000007";"612,2";"ABCDEE+Bookman Old Style";"12,0";"333,90000000000003";"306,1";"0,045409996733093774";"0,328765109441359";"0,4332897745834694";"False";"PEMBUKAAN";"DASAR HUKUM"
"5";"19. Peraturan Menteri Dalam Negeri Nomor 61 Tahun 2015";"174,45";"543,878";"241,95000000000005";"253,95000000000005";"612,2";"ABCDEE+Bookman Old Style";"12,0";"359,164";"306,1";"0,08667755635413257";"0,2849558967657628";"0,6034433191767397";"False";"PEMBUKAAN";"DASAR HUKUM"
"5";"tentang Persyaratan, Ruang Lingkup dan Tata Cara";"201,27";"543,4739999999998";"262,35";"274,35";"612,2";"ABCDEE+Bookman Old Style";"12,0";"372,3719999999999";"306,1";"0,10825220516171165";"0,328765109441359";"0,5589741914407054";"False";"PEMBUKAAN";"DASAR HUKUM"
"5";"Pemberian Hak Akses serta Pemanfaatan Nomor Induk";"201,27";"543,8100000000002";"282,75";"294,75";"612,2";"ABCDEE+Bookman Old Style";"12,0";"372,5400000000001";"306,1";"0,10852662528585438";"0,328765109441359";"0,5595230316889908";"False";"PEMBUKAAN";"DASAR HUKUM"
"5";"Kependudukan, Data Kependudukan dan Kartu Tanda";"201,27";"543,726";"303,1700000000001";"315,1700000000001";"612,2";"ABCDEE+Bookman Old Style";"12,0";"372,498";"306,1";"0,10845802025481863";"0,328765109441359";"0,5593858216269193";"False";"PEMBUKAAN";"DASAR HUKUM"
"5";"Penduduk Elektronik;";"201,27";"330,474";"323,57000000000005";"335,57000000000005";"612,2";"ABCDEE+Bookman Old Style";"12,0";"265,872";"306,1";"0,06571055210715454";"0,328765109441359";"0,21104867690297283";"False";"PEMBUKAAN";"DASAR HUKUM"
"5";"20. Peraturan Menteri Dalam Negeri Nomor 80 Tahun 2015";"174,45";"544,182";"343,98";"355,98";"612,2";"ABCDEE+Bookman Old Style";"12,0";"359,31600000000003";"306,1";"0,08692584122835675";"0,2849558967657628";"0,6039398889251878";"False";"PEMBUKAAN";"DASAR HUKUM"
"5";"tentang Pembentukan Produk Hukum Daerah";"201,27";"543,5699999999999";"364,37";"376,37";"612,2";"ABCDEE+Bookman Old Style";"12,0";"372,41999999999996";"306,1";"0,10833061091146673";"0,328765109441359";"0,5591310029402154";"False";"PEMBUKAAN";"DASAR HUKUM"
"5";"(Berita Negara Republik Indonesia Tahun 2015";"201,27";"543,726";"384,98";"396,98";"612,2";"ABCDEE+Bookman Old Style";"12,0";"372,498";"306,1";"0,10845802025481863";"0,328765109441359";"0,5593858216269193";"False";"PEMBUKAAN";"DASAR HUKUM"
"5";"Nomor 2036);";"201,27";"281,094";"405,37";"417,37";"612,2";"ABCDEE+Bookman Old Style";"12,0";"241,18200000000002";"306,1";"0,10604050963737341";"0,328765109441359";"0,1303887618425351";"False";"PEMBUKAAN";"DASAR HUKUM"
"5";"21. Peraturan Menteri Dalam Negeri Nomor 9 Tahun 2016";"174,45";"543,7800000000001";"425,78";"437,78";"612,2";"ABCDEE+Bookman Old Style";"12,0";"359,115";"306,1";"0,08659751715125773";"0,2849558967657628";"0,6032832407709899";"False";"PEMBUKAAN";"DASAR HUKUM"
"5";"tentang Percepatan Peningkatan Cakupan Kepemilikan";"201,27";"543,5339999999999";"446,2";"458,2";"612,2";"ABCDEE+Bookman Old Style";"12,0";"372,40199999999993";"306,1";"0,10830120875530856";"0,328765109441359";"0,5590721986278991";"False";"PEMBUKAAN";"DASAR HUKUM"
"5";"Akta Kelahiran (Berita Negara Tahun 2016 Nomor 325);";"201,27";"529,01";"466,59999999999997";"478,59999999999997";"612,2";"ABCDEE+Bookman Old Style";"12,0";"365,14";"306,1";"0,09643907219862784";"0,328765109441359";"0,5353479255145377";"False";"PEMBUKAAN";"DASAR HUKUM"
"5";"22. Peraturan Menteri Dalam Negeri Nomor 63 Tahun 2016";"174,45";"543,84";"487,0";"499,0";"612,2";"ABCDEE+Bookman Old Style";"12,0";"359,145";"306,1";"0,08664652074485454";"0,2849558967657628";"0,6033812479581836";"False";"PEMBUKAAN";"DASAR HUKUM"
"5";"tentang Penerbitan Dokumen Kependudukan Bagi";"201,27";"543,862";"507,4";"519,4";"612,2";"ABCDEE+Bookman Old Style";"12,0";"372,566";"306,1";"0,10856909506697149";"0,328765109441359";"0,5596079712512251";"False";"PEMBUKAAN";"DASAR HUKUM"
"5";"Petugas Khusus (Berita Negara Republik Indonesia Tahun";"201,27";"543,8159999999999";"527,8";"539,8";"612,2";"ABCDEE+Bookman Old Style";"12,0";"372,54299999999995";"306,1";"0,10853152564521386";"0,328765109441359";"0,5595328324077098";"False";"PEMBUKAAN";"DASAR HUKUM"
"5";"2015 Nomor 1198);";"201,27";"314,73999999999995";"548,4";"560,4";"612,2";"ABCDEE+Bookman Old Style";"12,0";"258,005";"306,1";"0,07856092780137214";"0,328765109441359";"0,18534792551453763";"False";"PEMBUKAAN";"DASAR HUKUM"
"5";"23. Peraturan Daerah Kabupaten Malang Nomor 7 Tahun 2002";"174,45";"544,2119999999999";"568,8199999999999";"580,8199999999999";"612,2";"ABCDEE+Bookman Old Style";"12,0";"359,3309999999999";"306,1";"0,08695034302515497";"0,2849558967657628";"0,6039888925187845";"False";"PEMBUKAAN";"DASAR HUKUM"
"5";"tentang Penyidik Pegawai Negeri Sipil (Lembaran Daerah";"201,27";"543,7379999999998";"589,23";"601,23";"612,2";"ABCDEE+Bookman Old Style";"12,0";"372,5039999999999";"306,1";"0,10846782097353785";"0,328765109441359";"0,5594054230643578";"False";"PEMBUKAAN";"DASAR HUKUM"
"5";"Kabupaten Malang Tahun 2002 Nomor 4/E);";"201,27";"465,394";"609,62";"621,62";"612,2";"ABCDEE+Bookman Old Style";"12,0";"333,332";"306,1";"0,04448219536099309";"0,328765109441359";"0,43143417183926824";"False";"PEMBUKAAN";"DASAR HUKUM"
"5";"24. Peraturan Daerah Kabupaten Malang Nomor 2 Tahun 2009";"174,45";"544,0799999999998";"630,03";"642,03";"612,2";"ABCDEE+Bookman Old Style";"12,0";"359,2649999999999";"306,1";"0,08684253511924182";"0,2849558967657628";"0,6037732767069581";"False";"PEMBUKAAN";"DASAR HUKUM"
"5";"tentang Penyelenggaraan Administrasi Kependudukan";"201,27";"543,738";"650,4200000000001";"662,4200000000001";"612,2";"ABCDEE+Bookman Old Style";"12,0";"372,504";"306,1";"0,10846782097353805";"0,328765109441359";"0,5594054230643581";"False";"PEMBUKAAN";"DASAR HUKUM"
"5";"(Lembaran Daerah Kabupaten Malang Tahun 2009";"201,27";"543,946";"670,8199999999999";"682,8199999999999";"612,2";"ABCDEE+Bookman Old Style";"12,0";"372,608";"306,1";"0,10863770009800715";"0,328765109441359";"0,5597451813132963";"False";"PEMBUKAAN";"DASAR HUKUM"
"5";"Nomor 2/C);";"201,27";"274,71999999999997";"691,25";"703,25";"612,2";"ABCDEE+Bookman Old Style";"12,0";"237,995";"306,1";"0,11124632473048025";"0,328765109441359";"0,11997713165632139";"False";"PEMBUKAAN";"DASAR HUKUM"
"5";"25. Peraturan Daerah Kabupaten Malang Nomor 9 Tahun 2016";"174,45";"544,2119999999999";"711,85";"723,85";"612,2";"ABCDEE+Bookman Old Style";"12,0";"359,3309999999999";"306,1";"0,08695034302515497";"0,2849558967657628";"0,6039888925187845";"False";"PEMBUKAAN";"DASAR HUKUM"
"5";"tentang Pembentukan dan Susunan Perangkat Daerah";"201,27";"543,6659999999998";"732,25";"744,25";"612,2";"ABCDEE+Bookman Old Style";"12,0";"372,4679999999999";"306,1";"0,10840901666122162";"0,328765109441359";"0,5592878144397253";"False";"PEMBUKAAN";"DASAR HUKUM"
"5";"(Lembaran Daerah Kabupaten Malang Tahun 2016";"201,27";"543,642";"752,65";"764,65";"612,2";"ABCDEE+Bookman Old Style";"12,0";"372,456";"306,1";"0,10838941522378306";"0,328765109441359";"0,5592486115648482";"False";"PEMBUKAAN";"DASAR HUKUM"
"5";"Nomor 1 Seri C), sebagaimana telah diubah dengan";"201,27";"543,776";"773,05";"785,05";"612,2";"ABCDEE+Bookman Old Style";"12,0";"372,52299999999997";"306,1";"0,10849885658281598";"0,328765109441359";"0,559467494282914";"False";"PEMBUKAAN";"DASAR HUKUM"
"5";"Peraturan Daerah Kabupaten Malang Nomor 12 Tahun 2018";"201,27";"544,4100000000001";"793,45";"805,45";"612,2";"ABCDEE+Bookman Old Style";"12,0";"372,84000000000003";"306,1";"0,10901666122182294";"0,328765109441359";"0,5605031035609279";"False";"PEMBUKAAN";"DASAR HUKUM"
"5";"tentang Perubahan atas Peraturan Daerah Nomor";"201,27";"544,386";"813,87";"825,87";"612,2";"ABCDEE+Bookman Old Style";"12,0";"372,828";"306,1";"0,1089970597843841";"0,328765109441359";"0,5604639006860502";"False";"PEMBUKAAN";"DASAR HUKUM"
"5";"9 Tahun 2016 tentang Pembentukan dan Susunan";"201,27";"544,2299999999999";"834,28";"846,28";"612,2";"ABCDEE+Bookman Old Style";"12,0";"372,74999999999994";"306,1";"0,10886965044103221";"0,328765109441359";"0,5602090819993465";"False";"PEMBUKAAN";"DASAR HUKUM"
"5";"Perangkat Daerah (Lembaran Daerah Kabupaten Malang";"201,27";"544,066";"854,675";"866,675";"612,2";"ABCDEE+Bookman Old Style";"12,0";"372,668";"306,1";"0,10873570728520088";"0,328765109441359";"0,5599411956876839";"False";"PEMBUKAAN";"DASAR HUKUM"
"5";"Tahun 2018 Nomor 1 Seri C);";"201,27";"374,16999999999996";"875,275";"887,275";"612,2";"ABCDEE+Bookman Old Style";"12,0";"287,71999999999997";"306,1";"0,030022868343678618";"0,328765109441359";"0,28242404442992475";"False";"PEMBUKAAN";"DASAR HUKUM"
"6";"6";"303,7";"311,14";"37,30000000000007";"49,30000000000007";"612,2";"ABCDEE+Bookman Old Style";"12,0";"307,41999999999996";"306,1";"0,0021561581182619016";"0,49607971251225086";"0,01215289121202221";"False";"HALAMAN";""
"6";"Dengan Persetujuan Bersama";"219,48";"394,536";"78,53000000000009";"90,53000000000009";"612,2";"ABCDEE+Bookman Old Style";"12,0";"307,008";"306,1";"0,001483175432865009";"0,3585102907546553";"0,28594576935641947";"False";"PEMBUKAAN";"DASAR HUKUM"
"6";"DEWAN PERWAKILAN RAKYAT DAERAH KABUPATEN MALANG";"118,43";"495,882";"101,73000000000002";"113,73000000000002";"612,2";"ABCDEE+Bookman Old Style";"12,0";"307,156";"306,1";"0,0017249264946095771";"0,1934498529892192";"0,6165501470107807";"True";"PEMBUKAAN";"DASAR HUKUM"
"6";"dan";"296,1";"318,408";"124,92000000000007";"136,92000000000007";"612,2";"ABCDEE+Bookman Old Style";"12,0";"307,254";"306,1";"0,0018850049003593535";"0,4836654688010454";"0,03643907219862789";"False";"PEMBUKAAN";"DASAR HUKUM"
"6";"BUPATI MALANG";"256,08";"358,02";"148,12";"160,12";"612,2";"ABCDEE+Bookman Old Style";"12,0";"307,04999999999995";"306,1";"0,0015517804639005744";"0,41829467494282907";"0,16651421104214306";"True";"PEMBUKAAN";"DASAR HUKUM"
"6";"MEMUTUSKAN:";"260,08";"354,2799999999999";"194,75";"206,75";"612,2";"ABCDEE+Bookman Old Style";"12,0";"307,17999999999995";"306,1";"0,0017641293694869767";"0,4248284874224109";"0,1538712838941521";"True";"PEMBUKAAN";"DIKTUM"
"6";"Menetapkan: PERATURAN DAERAH TENTANG PERUBAHAN ATAS";"70,825";"543,578";"241,1500000000001";"253,1500000000001";"612,2";"ABCDEE+Bookman Old Style";"12,0";"307,2015";"306,1";"0,0017992486115648272";"0,11568931721659588";"0,7722198627899378";"False";"PEMBUKAAN";"DIKTUM"
"6";"PERATURAN DAERAH NOMOR 2 TAHUN 2009 TENTANG";"160,85";"543,6379999999999";"264,35";"276,35";"612,2";"ABCDEE+Bookman Old Style";"12,0";"352,24399999999997";"306,1";"0,07537406076445598";"0,26274093433518453";"0,6252662528585428";"True";"PEMBUKAAN";"DIKTUM"
"6";"PENYELENGGARAAN ADMINISTRASI KEPENDUDUKAN.";"160,85";"495,19";"287,75";"299,75";"612,2";"ABCDEE+Bookman Old Style";"12,0";"328,02";"306,1";"0,035805292388108395";"0,26274093433518453";"0,5461287161058478";"True";"PEMBUKAAN";"DIKTUM"
"6";"Pasal I";"287,9";"326,97999999999996";"334,1700000000001";"346,1700000000001";"612,2";"ABCDEE+Bookman Old Style";"12,0";"307,43999999999994";"306,1";"0,0021888271806597814";"0,4702711532179026";"0,06383534792551451";"False";"PEMBUKAAN";"DIKTUM"
"6";"Beberapa ketentuan dalam Peraturan Daerah Kabupaten";"163,05";"543,6299999999999";"380,57000000000005";"392,57000000000005";"612,2";"ABCDEE+Bookman Old Style";"12,0";"353,3399999999999";"306,1";"0,07716432538386131";"0,2663345311989546";"0,6216595883698135";"False";"PEMBUKAAN";"DIKTUM"
"6";"Malang Nomor 2 Tahun 2009 tentang Penyelenggaraan";"163,05";"543,8559999999999";"403,98";"415,98";"612,2";"ABCDEE+Bookman Old Style";"12,0";"353,453";"306,1";"0,07734890558640958";"0,2663345311989546";"0,6220287487749099";"False";"PEMBUKAAN";"DIKTUM"
"6";"Administrasi Kependudukan (Lembaran Daerah Kabupaten";"163,05";"543,5019999999998";"427,20000000000005";"439,2";"612,2";"ABCDEE+Bookman Old Style";"11,999999999999943";"353,27599999999995";"306,1";"0,07705978438418805";"0,2663345311989546";"0,6214505063704668";"False";"PEMBUKAAN";"DIKTUM"
"6";"Malang Tahun 2009 Nomor 2/C) diubah sebagai berikut:";"163,05";"498,83999999999986";"450,4";"462,4";"612,2";"ABCDEE+Bookman Old Style";"12,0";"330,94499999999994";"306,1";"0,04058314276380254";"0,2663345311989546";"0,5484972231296958";"False";"PEMBUKAAN";"DIKTUM"
"6";"1. Ketentuan Pasal 1 angka 6, angka 18 dan angka 27 diubah,";"163,05";"543,956";"497,0";"509,0";"612,2";"ABCDEE+Bookman Old Style";"12,0";"353,50300000000004";"306,1";"0,07743057824240447";"0,2663345311989546";"0,6221920940868997";"False";"PEMBUKAAN";"DIKTUM"
"6";"angka 37 sampai dengan angka 46 dihapus, sehingga";"184,25";"544,094";"520,2";"532,2";"612,2";"ABCDEE+Bookman Old Style";"12,0";"364,172";"306,1";"0,0948578895785691";"0,3009637373407383";"0,5877883044756615";"False";"PEMBUKAAN";"DIKTUM"
"6";"berbunyi sebagai berikut:";"184,25";"334,782";"543,4";"555,4";"612,2";"ABCDEE+Bookman Old Style";"12,0";"259,51599999999996";"306,1";"0,07609278013721016";"0,3009637373407383";"0,24588696504410318";"False";"PEMBUKAAN";"DIKTUM"
"6";"Pasal 1";"286,3";"328,72";"589,8199999999999";"601,8199999999999";"612,2";"ABCDEE+Bookman Old Style";"12,0";"307,51";"306,1";"0,002303168899052545";"0,4676576282260699";"0,06929108134596539";"False";"BATANG TUBUH";"PASAL 1"
"6";"Dalam Peraturan Daerah ini yang dimaksud dengan:";"184,25";"495,45799999999997";"636,4200000000001";"648,4200000000001";"612,2";"ABCDEE+Bookman Old Style";"12,0";"339,854";"306,1";"0,055135576608951256";"0,3009637373407383";"0,5083436785364259";"False";"BATANG TUBUH";"PASAL 1"
"6";"1. Daerah adalah Kabupaten Malang.";"184,25";"410,75199999999995";"659,62";"671,62";"612,2";"ABCDEE+Bookman Old Style";"12,0";"297,501";"306,1";"0,014046063377981127";"0,3009637373407383";"0,36998039856256115";"False";"BATANG TUBUH";"PASAL 1"
"6";"2. Pemerintah Daerah adalah Pemerintah Kabupaten Malang.";"184,25";"543,3759999999999";"682,85";"694,85";"612,2";"ABCDEE+Bookman Old Style";"11,999999999999972";"363,81299999999993";"306,1";"0,09427147990852647";"0,3009637373407383";"0,5866154851355764";"False";"BATANG TUBUH";"PASAL 1"
"6";"3. Bupati adalah Bupati Malang.";"184,25";"382,7439999999999";"706,05";"718,05";"612,2";"ABCDEE+Bookman Old Style";"12,0";"283,49699999999996";"306,1";"0,036920940868997165";"0,3009637373407383";"0,32423064358052905";"False";"BATANG TUBUH";"PASAL 1"
"6";"4. Dinas adalah Dinas Kependudukan dan Pencatatan Sipil";"184,25";"544,046";"729,45";"741,45";"612,2";"ABCDEE+Bookman Old Style";"12,0";"364,148";"306,1";"0,0948186867036916";"0,3009637373407383";"0,5877098987259066";"False";"BATANG TUBUH";"PASAL 1"
"6";"Kabupaten Malang.";"205,48";"320,436";"752,65";"764,65";"612,2";"ABCDEE+Bookman Old Style";"12,0";"262,95799999999997";"306,1";"0,07047043449852998";"0,3356419470761189";"0,18777523685070235";"False";"BATANG TUBUH";"PASAL 1"
"6";"5. Kepala Dinas adalah Kepala Dinas Kependudukan dan";"184,25";"543,7479999999999";"775,85";"787,85";"612,2";"ABCDEE+Bookman Old Style";"12,0";"363,99899999999997";"306,1";"0,09457530218882708";"0,3009637373407383";"0,5872231296961775";"False";"BATANG TUBUH";"PASAL 1"
"6";"Pencatatan Sipil Kabupaten Malang.";"205,48";"419,76199999999994";"799,05";"811,05";"612,2";"ABCDEE+Bookman Old Style";"12,0";"312,621";"306,1";"0,01065174779483822";"0,3356419470761189";"0,35001960143743865";"False";"BATANG TUBUH";"PASAL 1"
"6";"6. Unit Pelaksana Teknis yang selanjutnya disingkat UPT";"184,25";"544,1980000000001";"822,28";"834,28";"612,2";"ABCDEE+Bookman Old Style";"12,0";"364,22400000000005";"306,1";"0,0949428291408037";"0,3009637373407383";"0,5879581836001307";"False";"BATANG TUBUH";"PASAL 1"
"6";"merupakan unsur pelaksana tugas teknis operasional";"205,48";"543,58";"845,675";"857,675";"612,2";"ABCDEE+Bookman Old Style";"12,0";"374,53000000000003";"306,1";"0,11177719699444626";"0,3356419470761189";"0,5522704998366547";"False";"BATANG TUBUH";"PASAL 1"
"6";"dan/atau kegiatan teknis penunjang Dinas.";"205,48";"463,98999999999995";"868,875";"880,875";"612,2";"ABCDEE+Bookman Old Style";"12,0";"334,73499999999996";"306,1";"0,04677393008820636";"0,3356419470761189";"0,42226396602417504";"False";"BATANG TUBUH";"PASAL 1"
"7";"7";"303,7";"311,14";"37,30000000000007";"49,30000000000007";"612,2";"ABCDEE+Bookman Old Style";"12,0";"307,41999999999996";"306,1";"0,0021561581182619016";"0,49607971251225086";"0,01215289121202221";"False";"HALAMAN";""
"7";"7. Administrasi Kependudukan adalah rangkaian kegiatan";"184,25";"543,7259999999999";"78,53000000000009";"90,53000000000009";"612,2";"ABCDEE+Bookman Old Style";"12,0";"363,98799999999994";"306,1";"0,0945573342045082";"0,3009637373407383";"0,5871871937275398";"False";"BATANG TUBUH";"PASAL 1"
"7";"penataan dan penertiban dalam penerbitan dokumen";"205,48";"543,772";"98,53000000000009";"110,53000000000009";"612,2";"ABCDEE+Bookman Old Style";"12,0";"374,62600000000003";"306,1";"0,11193400849395624";"0,3356419470761189";"0,5525841228356746";"False";"BATANG TUBUH";"PASAL 1"
"7";"dan Data Kependudukan melalui Pendaftaran";"205,48";"543,7479999999998";"118,73000000000002";"130,73000000000002";"612,2";"ABCDEE+Bookman Old Style";"12,0";"374,6139999999999";"306,1";"0,1119144070565173";"0,3356419470761189";"0,5525449199607968";"False";"BATANG TUBUH";"PASAL 1"
"7";"Penduduk, Pencatatan Sipil, pengelolaan informasi";"205,48";"543,6519999999999";"138,92000000000007";"150,92000000000007";"612,2";"ABCDEE+Bookman Old Style";"12,0";"374,566";"306,1";"0,11183600130676241";"0,3356419470761189";"0,5523881084612869";"False";"BATANG TUBUH";"PASAL 1"
"7";"Administrasi Kependudukan serta pendayagunaan";"205,48";"543,76";"158,92000000000007";"170,92000000000007";"612,2";"ABCDEE+Bookman Old Style";"12,0";"374,62";"306,1";"0,11192420777523682";"0,3356419470761189";"0,5525645213982358";"False";"BATANG TUBUH";"PASAL 1"
"7";"hasilnya untuk pelayanan publik dan pembangunan";"205,48";"543,9119999999999";"179,1500000000001";"191,1500000000001";"612,2";"ABCDEE+Bookman Old Style";"12,0";"374,69599999999997";"306,1";"0,11204835021234881";"0,3356419470761189";"0,5528128062724598";"False";"BATANG TUBUH";"PASAL 1"
"7";"sektor lain.";"205,48";"271,68399999999997";"199,35000000000002";"211,35000000000002";"612,2";"ABCDEE+Bookman Old Style";"12,0";"238,582";"306,1";"0,11028748774910165";"0,3356419470761189";"0,10814113034955893";"False";"BATANG TUBUH";"PASAL 1"
"7";"8. Penduduk adalah Warga Negara Indonesia dan Orang";"184,25";"543,6759999999999";"222,35000000000002";"234,35000000000002";"612,2";"ABCDEE+Bookman Old Style";"12,0";"363,96299999999997";"306,1";"0,09451649787651084";"0,3009637373407383";"0,5871055210715451";"False";"BATANG TUBUH";"PASAL 1"
"7";"Asing yang bertempat tinggal di Indonesia.";"205,48";"456,3279999999999";"242,55000000000007";"254,55000000000007";"612,2";"ABCDEE+Bookman Old Style";"12,0";"330,90399999999994";"306,1";"0,04051617118588682";"0,3356419470761189";"0,40974844821953593";"False";"BATANG TUBUH";"PASAL 1"
"7";"9. Warga Negara Indonesia adalah orang-orang bangsa";"184,25";"544,034";"265,75";"277,75";"612,2";"ABCDEE+Bookman Old Style";"12,0";"364,142";"306,1";"0,09480888598497218";"0,3009637373407383";"0,5876902972884678";"False";"BATANG TUBUH";"PASAL 1"
"7";"Indonesia asli dan orang-orang bangsa lain yang";"205,48";"544,074";"285,75";"297,75";"612,2";"ABCDEE+Bookman Old Style";"12,0";"374,777";"306,1";"0,11218065991506038";"0,3356419470761189";"0,5530774256778829";"False";"BATANG TUBUH";"PASAL 1"
"7";"disahkan dengan UndangUndang sebagai Warga Negara";"205,48";"543,774";"305,98";"317,98";"612,2";"ABCDEE+Bookman Old Style";"12,0";"374,627";"306,1";"0,11193564194707609";"0,3356419470761189";"0,5525873897419143";"False";"BATANG TUBUH";"PASAL 1"
"7";"Indonesia.";"205,48";"266,48799999999994";"326,1700000000001";"338,1700000000001";"612,2";"ABCDEE+Bookman Old Style";"12,0";"235,98399999999998";"306,1";"0,11453119895459006";"0,3356419470761189";"0,09965370793858208";"False";"BATANG TUBUH";"PASAL 1"
"7";"10. Orang Asing adalah orang bukan Warga Negara";"184,25";"543,5319999999999";"349,1700000000001";"361,1700000000001";"612,2";"ABCDEE+Bookman Old Style";"12,0";"363,89099999999996";"306,1";"0,09439888925187837";"0,3009637373407383";"0,5868703038222801";"False";"BATANG TUBUH";"PASAL 1"
"7";"Indonesia.";"205,48";"266,48799999999994";"369,37";"381,37";"612,2";"ABCDEE+Bookman Old Style";"12,0";"235,98399999999998";"306,1";"0,11453119895459006";"0,3356419470761189";"0,09965370793858208";"False";"BATANG TUBUH";"PASAL 1"
"7";"11. Penyelenggara adalah Pemerintah Daerah yang";"184,25";"543,856";"392,57000000000005";"404,57000000000005";"612,2";"ABCDEE+Bookman Old Style";"12,0";"364,053";"306,1";"0,09466350865730148";"0,3009637373407383";"0,5873995426331263";"False";"BATANG TUBUH";"PASAL 1"
"7";"bertanggung jawab dan berwenang dalam urusan";"205,48";"543,6399999999999";"412,57000000000005";"424,57000000000005";"612,2";"ABCDEE+Bookman Old Style";"12,0";"374,55999999999995";"306,1";"0,11182620058804299";"0,3356419470761189";"0,5523685070238481";"False";"BATANG TUBUH";"PASAL 1"
"7";"Administrasi Kependudukan dan Pencatatan Sipil.";"205,48";"503,92";"432,8";"444,8";"612,2";"ABCDEE+Bookman Old Style";"12,0";"354,7";"306,1";"0,07938582162691925";"0,3356419470761189";"0,48748774910160086";"False";"BATANG TUBUH";"PASAL 1"
"7";"12. Dokumen Kependudukan adalah dokumen resmi yang";"184,25";"543,934";"456,0";"468,0";"612,2";"ABCDEE+Bookman Old Style";"12,0";"364,092";"306,1";"0,09472721332897739";"0,3009637373407383";"0,5875269519764782";"False";"BATANG TUBUH";"PASAL 1"
"7";"diterbitkan oleh Dinas yang mempunyai kekuatan";"205,48";"543,5199999999999";"476,0";"488,0";"612,2";"ABCDEE+Bookman Old Style";"12,0";"374,49999999999994";"306,1";"0,11172819340084926";"0,3356419470761189";"0,5521724926494607";"False";"BATANG TUBUH";"PASAL 1"
"7";"hukum sebagai alat bukti autentik yang dihasilkan dari";"205,48";"543,6999999999999";"496,2";"508,2";"612,2";"ABCDEE+Bookman Old Style";"12,0";"374,59";"306,1";"0,1118752041816399";"0,3356419470761189";"0,552466514211042";"False";"BATANG TUBUH";"PASAL 1"
"7";"pelayanan Pendaftaran Penduduk dan Pencatatan Sipil.";"205,48";"534,88";"516,4";"528,4";"612,2";"ABCDEE+Bookman Old Style";"12,0";"370,18";"306,1";"0,10467167592290098";"0,3356419470761189";"0,5380594576935641";"False";"BATANG TUBUH";"PASAL 1"
"7";"13. Data Kependudukan adalah data perseorangan";"184,25";"543,7479999999999";"539,4";"551,4";"612,2";"ABCDEE+Bookman Old Style";"12,0";"363,99899999999997";"306,1";"0,09457530218882708";"0,3009637373407383";"0,5872231296961775";"False";"BATANG TUBUH";"PASAL 1"
"7";"dan/atau data agregat yang terstruktur sebagai hasil";"205,48";"544,086";"559,62";"571,62";"612,2";"ABCDEE+Bookman Old Style";"12,0";"374,783";"306,1";"0,11219046063377978";"0,3356419470761189";"0,5530970271153217";"False";"BATANG TUBUH";"PASAL 1"
"7";"dari kegiatan Pendaftaran Penduduk dan Pencatatan";"205,48";"543,8679999999999";"579,62";"591,62";"612,2";"ABCDEE+Bookman Old Style";"12,0";"374,674";"306,1";"0,11201241424371113";"0,3356419470761189";"0,5527409343351845";"False";"BATANG TUBUH";"PASAL 1"
"7";"Sipil.";"205,48";"235,516";"599,8199999999999";"611,8199999999999";"612,2";"ABCDEE+Bookman Old Style";"12,0";"220,498";"306,1";"0,13982685396929112";"0,3356419470761189";"0,04906239790918";"False";"BATANG TUBUH";"PASAL 1"
"7";"14. Pendaftaran Penduduk adalah pencatatan biodata";"184,25";"543,952";"623,03";"635,03";"612,2";"ABCDEE+Bookman Old Style";"12,0";"364,101";"306,1";"0,09474191440705647";"0,3009637373407383";"0,5875563541326363";"False";"BATANG TUBUH";"PASAL 1"
"7";"penduduk, pencatatan atas pelaporan Peristiwa";"205,48";"543,58";"643,03";"655,03";"612,2";"ABCDEE+Bookman Old Style";"12,0";"374,53000000000003";"306,1";"0,11177719699444626";"0,3356419470761189";"0,5522704998366547";"False";"BATANG TUBUH";"PASAL 1"
"7";"Kependudukan dan pendataan Penduduk Rentan";"205,48";"543,8199999999999";"663,23";"675,23";"612,2";"ABCDEE+Bookman Old Style";"12,0";"374,65";"306,1";"0,11197321136883363";"0,3356419470761189";"0,5526625285854294";"False";"BATANG TUBUH";"PASAL 1"
"7";"Administrasi Kependudukan serta penerbitan Dokumen";"205,48";"543,8539999999999";"683,45";"695,45";"612,2";"ABCDEE+Bookman Old Style";"12,0";"374,667";"306,1";"0,11200098007187184";"0,3356419470761189";"0,5527180659915059";"False";"BATANG TUBUH";"PASAL 1"
"7";"Kependudukan berupa kartu identitas atau surat";"205,48";"543,9519999999999";"703,45";"715,45";"612,2";"ABCDEE+Bookman Old Style";"12,0";"374,71599999999995";"306,1";"0,11208101927474669";"0,3356419470761189";"0,5528781443972556";"False";"BATANG TUBUH";"PASAL 1"
"7";"keterangan kependudukan.";"205,48";"367,8279999999999";"723,65";"735,65";"612,2";"ABCDEE+Bookman Old Style";"12,0";"286,65399999999994";"306,1";"0,03176412936948723";"0,3356419470761189";"0,26518784710878784";"False";"BATANG TUBUH";"PASAL 1"
"7";"15. Peristiwa Kependudukan adalah kejadian yang dialami";"184,25";"543,616";"746,85";"758,85";"612,2";"ABCDEE+Bookman Old Style";"12,0";"363,933";"306,1";"0,09446749428291402";"0,3009637373407383";"0,5870075138843515";"False";"BATANG TUBUH";"PASAL 1"
"7";"Penduduk yang harus dilaporkan karena membawa";"205,48";"543,58";"766,85";"778,85";"612,2";"ABCDEE+Bookman Old Style";"12,0";"374,53000000000003";"306,1";"0,11177719699444626";"0,3356419470761189";"0,5522704998366547";"False";"BATANG TUBUH";"PASAL 1"
"7";"akibat terhadap penerbitan atau perubahan Kartu";"205,48";"543,7479999999998";"787,05";"799,05";"612,2";"ABCDEE+Bookman Old Style";"12,0";"374,6139999999999";"306,1";"0,1119144070565173";"0,3356419470761189";"0,5525449199607968";"False";"BATANG TUBUH";"PASAL 1"
"7";"Keluarga, Kartu Tanda Penduduk dan/atau surat";"205,48";"543,982";"807,28";"819,28";"612,2";"ABCDEE+Bookman Old Style";"12,0";"374,731";"306,1";"0,11210552107154519";"0,3356419470761189";"0,5529271479908525";"False";"BATANG TUBUH";"PASAL 1"
"7";"keterangan kependudukan lainnya meliputi pindah";"205,48";"543,76";"827,28";"839,28";"612,2";"ABCDEE+Bookman Old Style";"12,0";"374,62";"306,1";"0,11192420777523682";"0,3356419470761189";"0,5525645213982358";"False";"BATANG TUBUH";"PASAL 1"
"7";"datang, perubahan alamat, serta status tinggal terbatas";"205,48";"543,676";"847,475";"859,475";"612,2";"ABCDEE+Bookman Old Style";"12,0";"374,57800000000003";"306,1";"0,11185560274420124";"0,3356419470761189";"0,5524273113361646";"False";"BATANG TUBUH";"PASAL 1"
"7";"menjadi tinggal tetap.";"205,48";"333,21999999999997";"867,675";"879,675";"612,2";"ABCDEE+Bookman Old Style";"12,0";"269,34999999999997";"306,1";"0,06002940215615821";"0,3356419470761189";"0,2086573015354459";"False";"BATANG TUBUH";"PASAL 1"
"8";"8";"303,7";"311,14";"37,30000000000007";"49,30000000000007";"612,2";"ABCDEE+Bookman Old Style";"12,0";"307,41999999999996";"306,1";"0,0021561581182619016";"0,49607971251225086";"0,01215289121202221";"False";"HALAMAN";""
"8";"16. Nomor Induk Kependudukan, yang selanjutnya";"184,25";"544,0500000000001";"78,53000000000009";"90,53000000000009";"612,2";"ABCDEE+Bookman Old Style";"12,0";"364,15000000000003";"306,1";"0,09482195360993141";"0,3009637373407383";"0,5877164325383862";"False";"BATANG TUBUH";"PASAL 1"
"8";"disingkat NIK adalah nomor identitas penduduk yang";"205,48";"543,832";"100,92000000000007";"112,92000000000007";"612,2";"ABCDEE+Bookman Old Style";"12,0";"374,656";"306,1";"0,11198301208755305";"0,3356419470761189";"0,5526821300228683";"False";"BATANG TUBUH";"PASAL 1"
"8";"bersifat unik atau khas, tunggal dan melekat pada";"205,48";"544,104";"123,53000000000009";"135,5300000000001";"612,2";"ABCDEE+Bookman Old Style";"12,0";"374,79200000000003";"306,1";"0,11220516171185888";"0,3356419470761189";"0,5531264292714799";"False";"BATANG TUBUH";"PASAL 1"
"8";"seseorang yang terdaftar sebagai Penduduk Indonesia.";"205,48";"526,888";"146,12";"158,12";"612,2";"ABCDEE+Bookman Old Style";"12,0";"366,184";"306,1";"0,09814439725579875";"0,3356419470761189";"0,5250049003593596";"False";"BATANG TUBUH";"PASAL 1"
"8";"17. Kartu Keluarga, yang selanjutnya disingkat KK, adalah";"184,25";"543,856";"171,73000000000002";"183,73000000000002";"612,2";"ABCDEE+Bookman Old Style";"12,0";"364,053";"306,1";"0,09466350865730148";"0,3009637373407383";"0,5873995426331263";"False";"BATANG TUBUH";"PASAL 1"
"8";"kartu identitas keluarga yang memuat data tentang";"205,48";"543,544";"194,1500000000001";"206,1500000000001";"612,2";"ABCDEE+Bookman Old Style";"12,0";"374,512";"306,1";"0,1117477948382881";"0,3356419470761189";"0,5522116955243384";"False";"BATANG TUBUH";"PASAL 1"
"8";"nama, susunan dan hubungan dalam keluarga, serta";"205,48";"543,4359999999999";"216,75";"228,75";"612,2";"ABCDEE+Bookman Old Style";"12,0";"374,45799999999997";"306,1";"0,1116595883698137";"0,3356419470761189";"0,5520352825873895";"False";"BATANG TUBUH";"PASAL 1"
"8";"identitas anggota keluarga.";"205,48";"365,292";"239,35000000000002";"251,35000000000002";"612,2";"ABCDEE+Bookman Old Style";"12,0";"285,38599999999997";"306,1";"0,033835347925514625";"0,3356419470761189";"0,26104540999673304";"False";"BATANG TUBUH";"PASAL 1"
"8";"18. Kartu Tanda Penduduk Elektronik, selanjutnya disingkat";"184,25";"543,748";"264,75";"276,75";"612,2";"ABCDEE+Bookman Old Style";"12,0";"363,999";"306,1";"0,09457530218882718";"0,3009637373407383";"0,5872231296961777";"False";"BATANG TUBUH";"PASAL 1"
"8";"KTP-el adalah Kartu Tanda Penduduk yang dilengkapi";"205,48";"543,6160000000001";"287,35";"299,35";"612,2";"ABCDEE+Bookman Old Style";"12,0";"374,54800000000006";"306,1";"0,11180659915060442";"0,3356419470761189";"0,552329304148971";"False";"BATANG TUBUH";"PASAL 1"
"8";"Chip yang merupakan identitas resmi penduduk sebagai";"205,48";"543,628";"309,98";"322,03999999999996";"612,2";"ABCDEE+Bookman Old Style,Italic";"12,0";"374,55400000000003";"306,1";"0,11181639986932375";"0,3356419470761189";"0,5523489055864097";"False";"BATANG TUBUH";"PASAL 1"
"8";"bukti diri yang diterbitkan oleh Dinas.";"205,48";"431,18799999999993";"332,37";"344,37";"612,2";"ABCDEE+Bookman Old Style";"12,0";"318,33399999999995";"306,1";"0,01998366546880092";"0,3356419470761189";"0,36868343678536414";"False";"BATANG TUBUH";"PASAL 1"
"8";"19. Pencatatan Sipil adalah pencatatan Peristiwa Penting";"184,25";"543,95";"357,98";"369,98";"612,2";"ABCDEE+Bookman Old Style";"12,0";"364,1";"306,1";"0,09474028095393662";"0,3009637373407383";"0,5875530872263967";"False";"BATANG TUBUH";"PASAL 1"
"8";"yang dialami oleh seseorang dalam register Pencatatan";"205,48";"543,6519999999998";"380,57000000000005";"392,57000000000005";"612,2";"ABCDEE+Bookman Old Style";"12,0";"374,5659999999999";"306,1";"0,11183600130676231";"0,3356419470761189";"0,5523881084612868";"False";"BATANG TUBUH";"PASAL 1"
"8";"Sipil pada Dinas.";"205,48";"306,28";"402,98";"414,98";"612,2";"ABCDEE+Bookman Old Style";"12,0";"255,88";"306,1";"0,08203201568114998";"0,3356419470761189";"0,16465207448546224";"False";"BATANG TUBUH";"PASAL 1"
"8";"20. Pejabat Pencatatan Sipil adalah pejabat yang melakukan";"184,25";"543,4599999999999";"428,6";"440,59999999999997";"612,2";"ABCDEE+Bookman Old Style";"11,999999999999943";"363,85499999999996";"306,1";"0,09434008493956213";"0,3009637373407383";"0,5867526951976476";"False";"BATANG TUBUH";"PASAL 1"
"8";"pencatatan Peristiwa Penting yang dialami seseorang";"205,48";"543,712";"451,2";"463,2";"612,2";"ABCDEE+Bookman Old Style";"12,0";"374,596";"306,1";"0,11188500490035932";"0,3356419470761189";"0,5524861156484808";"False";"BATANG TUBUH";"PASAL 1"
"8";"pada Dinas yang pengangkatannya sesuai dengan";"205,48";"543,8419999999999";"473,8";"485,8";"612,2";"ABCDEE+Bookman Old Style";"12,0";"374,66099999999994";"306,1";"0,11199117935315243";"0,3356419470761189";"0,552698464554067";"False";"BATANG TUBUH";"PASAL 1"
"8";"ketentuan peraturan perundang-undangan.";"205,48";"464,318";"496,2";"508,2";"612,2";"ABCDEE+Bookman Old Style";"12,0";"334,899";"306,1";"0,047041816399869284";"0,3356419470761189";"0,42279973864750076";"False";"BATANG TUBUH";"PASAL 1"
"8";"21. Kepercayaan Terhadap Tuhan Yang Maha Esa adalah";"184,25";"543,6639999999999";"521,8";"533,8";"612,2";"ABCDEE+Bookman Old Style";"12,0";"363,95699999999994";"306,1";"0,09450669715779142";"0,3009637373407383";"0,5870859196341063";"False";"BATANG TUBUH";"PASAL 1"
"8";"pernyataan dan pelaksanaan hubungan pribadi";"205,48";"543,796";"544,4";"556,4";"612,2";"ABCDEE+Bookman Old Style";"12,0";"374,63800000000003";"306,1";"0,11195360993139498";"0,3356419470761189";"0,5526233257105522";"False";"BATANG TUBUH";"PASAL 1"
"8";"dengan Tuhan Yang Maha Esa berdasarkan keyakinan";"205,48";"543,472";"566,8199999999999";"578,8199999999999";"612,2";"ABCDEE+Bookman Old Style";"12,0";"374,476";"306,1";"0,11168899052597185";"0,3356419470761189";"0,5520940868997058";"False";"BATANG TUBUH";"PASAL 1"
"8";"yang diwujudkan dengan Perilaku Ketaqwaan dan";"205,48";"543,8979999999999";"589,4200000000001";"601,4200000000001";"612,2";"ABCDEE+Bookman Old Style";"12,0";"374,68899999999996";"306,1";"0,11203691604050954";"0,3356419470761189";"0,5527899379287813";"False";"BATANG TUBUH";"PASAL 1"
"8";"peribadatan terhadap Tuhan Yang Maha Esa serta";"205,48";"543,82";"612,03";"624,03";"612,2";"ABCDEE+Bookman Old Style";"12,0";"374,65000000000003";"306,1";"0,11197321136883373";"0,3356419470761189";"0,5526625285854296";"False";"BATANG TUBUH";"PASAL 1"
"8";"pengamalan budi luhur yang ajarannya bersumber";"205,48";"543,6159999999999";"634,4200000000001";"646,4200000000001";"612,2";"ABCDEE+Bookman Old Style";"12,0";"374,54799999999994";"306,1";"0,11180659915060424";"0,3356419470761189";"0,5523293041489706";"False";"BATANG TUBUH";"PASAL 1"
"8";"dari kearifan lokal bangsa Indonesia.";"205,48";"423,63999999999993";"657,03";"669,03";"612,2";"ABCDEE+Bookman Old Style";"12,0";"314,55999999999995";"306,1";"0,013819013394315455";"0,3356419470761189";"0,3563541326363932";"False";"BATANG TUBUH";"PASAL 1"
"8";"22. Penghayat Kepercayaan Terhadap Tuhan Yang Maha";"184,25";"543,736";"682,65";"694,65";"612,2";"ABCDEE+Bookman Old Style";"12,0";"363,993";"306,1";"0,09456550147010775";"0,3009637373407383";"0,5872035282587389";"False";"BATANG TUBUH";"PASAL 1"
"8";"Esa, yang selanjutnya disebut Penghayat Kepercayaan";"205,48";"543,726";"705,05";"717,05";"612,2";"ABCDEE+Bookman Old Style";"12,0";"374,603";"306,1";"0,1118964390721986";"0,3356419470761189";"0,5525089839921593";"False";"BATANG TUBUH";"PASAL 1"
"8";"adalah setiap orang yang mengakui dan meyakini";"205,48";"543,894";"727,65";"739,65";"612,2";"ABCDEE+Bookman Old Style";"12,0";"374,687";"306,1";"0,11203364913426982";"0,3356419470761189";"0,5527834041163018";"False";"BATANG TUBUH";"PASAL 1"
"8";"nilai-nilai penghayatan kepercayaan terhadap Tuhan";"205,48";"543,736";"750,25";"762,25";"612,2";"ABCDEE+Bookman Old Style";"12,0";"374,608";"306,1";"0,11190460633779807";"0,3356419470761189";"0,5525253185233583";"False";"BATANG TUBUH";"PASAL 1"
"8";"Yang Maha Esa.";"205,48";"300,652";"772,65";"784,65";"612,2";"ABCDEE+Bookman Old Style";"12,0";"253,06599999999997";"306,1";"0,08662855276053584";"0,3356419470761189";"0,1554590003266906";"False";"BATANG TUBUH";"PASAL 1"
"8";"23. Surat Perkawinan Penghayatan Kepercayaan adalah";"184,25";"543,6759999999999";"798,25";"810,25";"612,2";"ABCDEE+Bookman Old Style";"12,0";"363,96299999999997";"306,1";"0,09451649787651084";"0,3009637373407383";"0,5871055210715451";"False";"BATANG TUBUH";"PASAL 1"
"8";"bukti terjadinya Perkawinan Penghayat Kepercayaan";"205,48";"543,7239999999998";"820,87";"832,87";"612,2";"ABCDEE+Bookman Old Style";"12,0";"374,6019999999999";"306,1";"0,11189480561907855";"0,3356419470761189";"0,5525057170859192";"False";"BATANG TUBUH";"PASAL 1"
"8";"yang dibuat, ditandatangani dan disahkan oleh Pemuka";"205,48";"543,532";"843,475";"855,475";"612,2";"ABCDEE+Bookman Old Style";"12,0";"374,50600000000003";"306,1";"0,11173799411956876";"0,3356419470761189";"0,5521920940868997";"False";"BATANG TUBUH";"PASAL 1"
"8";"Penghayat Kepercayaan.";"205,48";"349,53999999999996";"865,875";"877,875";"612,2";"ABCDEE+Bookman Old Style";"12,0";"277,51";"306,1";"0,04670042469781122";"0,3356419470761189";"0,23531525645213977";"False";"BATANG TUBUH";"PASAL 1"
"9";"9";"303,7";"311,14";"37,30000000000007";"49,30000000000007";"612,2";"ABCDEE+Bookman Old Style";"12,0";"307,41999999999996";"306,1";"0,0021561581182619016";"0,49607971251225086";"0,01215289121202221";"False";"HALAMAN";""
"9";"24. Peristiwa Penting adalah kejadian yang dialami oleh";"184,25";"543,736";"78,53000000000009";"90,53000000000009";"612,2";"ABCDEE+Bookman Old Style";"12,0";"363,993";"306,1";"0,09456550147010775";"0,3009637373407383";"0,5872035282587389";"False";"BATANG TUBUH";"PASAL 1"
"9";"seseorang meliputi kelahiran, kematian, lahir mati,";"205,48";"543,8439999999999";"98,12";"110,12";"612,2";"ABCDEE+Bookman Old Style";"12,0";"374,662";"306,1";"0,11199281280627238";"0,3356419470761189";"0,5527017314603069";"False";"BATANG TUBUH";"PASAL 1"
"9";"perkawinan, perceraian, pengakuan anak, pengesahan";"205,48";"543,8919999999999";"117,92000000000007";"129,92000000000007";"612,2";"ABCDEE+Bookman Old Style";"12,0";"374,686";"306,1";"0,11203201568114987";"0,3356419470761189";"0,5527801372100619";"False";"BATANG TUBUH";"PASAL 1"
"9";"anak, pengangkatan anak, perubahan nama dan";"205,48";"543,6759999999998";"137,73000000000002";"149,73000000000002";"612,2";"ABCDEE+Bookman Old Style";"12,0";"374,5779999999999";"306,1";"0,11185560274420106";"0,3356419470761189";"0,5524273113361643";"False";"BATANG TUBUH";"PASAL 1"
"9";"perubahan status kewarganegaraan.";"205,48";"421,29999999999995";"157,32000000000005";"169,32000000000005";"612,2";"ABCDEE+Bookman Old Style";"12,0";"313,39";"306,1";"0,011907873244037836";"0,3356419470761189";"0,3525318523358379";"False";"BATANG TUBUH";"PASAL 1"
"9";"25. Izin Tinggal Terbatas adalah izin tinggal yang diberikan";"184,25";"543,584";"180,1500000000001";"192,1500000000001";"612,2";"ABCDEE+Bookman Old Style";"12,0";"363,917";"306,1";"0,09444135903299566";"0,3009637373407383";"0,5869552433845148";"False";"BATANG TUBUH";"PASAL 1"
"9";"kepada Orang Asing untuk tinggal di wilayah Daerah";"205,48";"543,6519999999998";"199,75";"211,75";"612,2";"ABCDEE+Bookman Old Style";"12,0";"374,5659999999999";"306,1";"0,11183600130676231";"0,3356419470761189";"0,5523881084612868";"False";"BATANG TUBUH";"PASAL 1"
"9";"dalam jangka waktu yang terbatas sesuai dengan";"205,48";"543,484";"219,55000000000007";"231,55000000000007";"612,2";"ABCDEE+Bookman Old Style";"12,0";"374,482";"306,1";"0,11169879124469127";"0,3356419470761189";"0,5521136883371447";"False";"BATANG TUBUH";"PASAL 1"
"9";"ketentuan Peraturan Perundang-undangan.";"205,48";"464,318";"239,35000000000002";"251,35000000000002";"612,2";"ABCDEE+Bookman Old Style";"12,0";"334,899";"306,1";"0,047041816399869284";"0,3356419470761189";"0,42279973864750076";"False";"BATANG TUBUH";"PASAL 1"
"9";"26. Izin Tinggal Tetap adalah izin tinggal yang diberikan";"184,25";"543,4359999999998";"261,95000000000005";"273,95000000000005";"612,2";"ABCDEE+Bookman Old Style";"12,0";"363,8429999999999";"306,1";"0,09432048350212328";"0,3009637373407383";"0,5867134923227699";"False";"BATANG TUBUH";"PASAL 1"
"9";"kepada Orang Asing untuk tinggal menetap di";"205,48";"543,808";"281,75";"293,75";"612,2";"ABCDEE+Bookman Old Style";"12,0";"374,644";"306,1";"0,11196341065011431";"0,3356419470761189";"0,5526429271479908";"False";"BATANG TUBUH";"PASAL 1"
"9";"wilayah Daerah sesuai dengan ketentuan Peraturan";"205,48";"544,006";"301,35";"313,35";"612,2";"ABCDEE+Bookman Old Style";"12,0";"374,743";"306,1";"0,11212512250898393";"0,3356419470761189";"0,55296635086573";"False";"BATANG TUBUH";"PASAL 1"
"9";"Perundang-undangan.";"205,48";"337,84799999999996";"321,1700000000001";"333,1700000000001";"612,2";"ABCDEE+Bookman Old Style";"12,0";"271,664";"306,1";"0,05624959163672008";"0,3356419470761189";"0,21621692257432204";"False";"BATANG TUBUH";"PASAL 1"
"9";"27. Petugas Registrasi adalah Pegawai yang diberi tugas dan";"184,25";"543,4599999999999";"343,98";"355,98";"612,2";"ABCDEE+Bookman Old Style";"12,0";"363,85499999999996";"306,1";"0,09434008493956213";"0,3009637373407383";"0,5867526951976476";"False";"BATANG TUBUH";"PASAL 1"
"9";"tanggung jawab memberikan pelayanan pelaporan";"205,48";"543,7239999999999";"363,57000000000005";"375,57000000000005";"612,2";"ABCDEE+Bookman Old Style";"12,0";"374,602";"306,1";"0,11189480561907865";"0,3356419470761189";"0,5525057170859194";"False";"BATANG TUBUH";"PASAL 1"
"9";"Peristiwa Kependudukan dan Peristiwa Penting serta";"205,48";"543,6040000000002";"383,37";"395,37";"612,2";"ABCDEE+Bookman Old Style";"12,0";"374,5420000000001";"306,1";"0,1117967984318851";"0,3356419470761189";"0,5523097027115323";"False";"BATANG TUBUH";"PASAL 1"
"9";"pengelolaan dan penyajian Data Kependudukan di";"205,48";"543,868";"402,98";"414,98";"612,2";"ABCDEE+Bookman Old Style";"12,0";"374,67400000000004";"306,1";"0,11201241424371122";"0,3356419470761189";"0,5527409343351846";"False";"BATANG TUBUH";"PASAL 1"
"9";"Desa/Kelurahan.";"205,48";"307,25199999999995";"422,78";"434,78";"612,2";"ABCDEE+Bookman Old Style";"12,0";"256,366";"306,1";"0,08123815746488082";"0,3356419470761189";"0,1662397909180006";"False";"BATANG TUBUH";"PASAL 1"
"9";"28. Sistem Informasi Administrasi Kependudukan";"184,25";"543,64";"445,59999999999997";"457,59999999999997";"612,2";"ABCDEE+Bookman Old Style";"12,0";"363,945";"306,1";"0,09448709572035277";"0,3009637373407383";"0,5870467167592289";"False";"BATANG TUBUH";"PASAL 1"
"9";"selanjutnya disingkat SIAK, adalah sistem informasi";"205,48";"543,592";"465,2";"477,2";"612,2";"ABCDEE+Bookman Old Style";"12,0";"374,536";"306,1";"0,1117869977131656";"0,3356419470761189";"0,5522901012740934";"False";"BATANG TUBUH";"PASAL 1"
"9";"yang memanfaatkan teknologi informasi dan komunikasi";"205,48";"543,592";"485,0";"497,0";"612,2";"ABCDEE+Bookman Old Style";"12,0";"374,536";"306,1";"0,1117869977131656";"0,3356419470761189";"0,5522901012740934";"False";"BATANG TUBUH";"PASAL 1"
"9";"untuk memfasilitasi pengelolaan informasi administrasi";"205,48";"543,9540000000001";"504,59999999999997";"516,5999999999999";"612,2";"ABCDEE+Bookman Old Style";"12,0";"374,71700000000004";"306,1";"0,11208265272786673";"0,3356419470761189";"0,5528814113034957";"False";"BATANG TUBUH";"PASAL 1"
"9";"kependudukan di tingkat Penyelenggara dan Dinas";"205,48";"543,6519999999999";"524,4";"536,4";"612,2";"ABCDEE+Bookman Old Style";"12,0";"374,566";"306,1";"0,11183600130676241";"0,3356419470761189";"0,5523881084612869";"False";"BATANG TUBUH";"PASAL 1"
"9";"sebagai satu kesatuan.";"205,48";"341,19999999999993";"544,2";"556,2";"612,2";"ABCDEE+Bookman Old Style";"12,0";"273,34";"306,1";"0,05351192420777531";"0,3356419470761189";"0,22169225743221158";"False";"BATANG TUBUH";"PASAL 1"
"9";"29. Data Pribadi adalah data perseorangan tertentu yang";"184,25";"543,832";"566,8199999999999";"578,8199999999999";"612,2";"ABCDEE+Bookman Old Style";"12,0";"364,041";"306,1";"0,09464390721986274";"0,3009637373407383";"0,5873603397582489";"False";"BATANG TUBUH";"PASAL 1"
"9";"disimpan, dirawat, dan dijaga kebenaran serta dilindungi";"205,48";"543,6400000000001";"586,62";"598,62";"612,2";"ABCDEE+Bookman Old Style";"12,0";"374,56000000000006";"306,1";"0,11182620058804317";"0,3356419470761189";"0,5523685070238485";"False";"BATANG TUBUH";"PASAL 1"
"9";"kerahasiaannya.";"205,48";"303,21999999999997";"606,23";"618,23";"612,2";"ABCDEE+Bookman Old Style";"12,0";"254,34999999999997";"306,1";"0,08453119895459009";"0,3356419470761189";"0,1596537079385821";"False";"BATANG TUBUH";"PASAL 1"
"9";"30. Kantor Urusan Agama Kecamatan selanjutnya disingkat";"184,25";"543,664";"629,03";"641,03";"612,2";"ABCDEE+Bookman Old Style";"12,0";"363,957";"306,1";"0,09450669715779152";"0,3009637373407383";"0,5870859196341064";"False";"BATANG TUBUH";"PASAL 1"
"9";"KUA Kecamatan, adalah satuan kerja yang";"205,48";"543,868";"648,8199999999999";"660,8199999999999";"612,2";"ABCDEE+Bookman Old Style";"12,0";"374,67400000000004";"306,1";"0,11201241424371122";"0,3356419470761189";"0,5527409343351846";"False";"BATANG TUBUH";"PASAL 1"
"9";"melaksanakan pencatatan nikah, talak, cerai, dan rujuk";"205,48";"543,6039999999999";"668,4200000000001";"680,4200000000001";"612,2";"ABCDEE+Bookman Old Style";"12,0";"374,542";"306,1";"0,11179679843188492";"0,3356419470761189";"0,552309702711532";"False";"BATANG TUBUH";"PASAL 1"
"9";"pada tingkat Kecamatan bagi Penduduk yang beragama";"205,48";"543,5199999999999";"688,25";"700,25";"612,2";"ABCDEE+Bookman Old Style";"12,0";"374,49999999999994";"306,1";"0,11172819340084926";"0,3356419470761189";"0,5521724926494607";"False";"BATANG TUBUH";"PASAL 1"
"9";"Islam.";"205,48";"241,29999999999998";"707,85";"719,85";"612,2";"ABCDEE+Bookman Old Style";"12,0";"223,39";"306,1";"0,13510290754655346";"0,3356419470761189";"0,058510290754655324";"False";"BATANG TUBUH";"PASAL 1"
"9";"31. Petugas Rahasia Khusus adalah petugas reserse dan";"184,25";"543,842";"730,65";"742,65";"612,2";"ABCDEE+Bookman Old Style";"12,0";"364,046";"306,1";"0,09465207448546221";"0,3009637373407383";"0,5873766742894478";"False";"BATANG TUBUH";"PASAL 1"
"9";"Petugas Intelijen yang melakukan tugas-tugas khusus di";"205,48";"544,174";"750,45";"762,45";"612,2";"ABCDEE+Bookman Old Style";"12,0";"374,827";"306,1";"0,11226233257105517";"0,3356419470761189";"0,5532407709898725";"False";"BATANG TUBUH";"PASAL 1"
"9";"luar daerah domisilinya.";"205,48";"349,02399999999994";"770,05";"782,05";"612,2";"ABCDEE+Bookman Old Style";"12,0";"277,25199999999995";"306,1";"0,04712185560274431";"0,3356419470761189";"0,23447239464227368";"False";"BATANG TUBUH";"PASAL 1"
"9";"32. Dokumen Identitas lainnya adalah Dokumen Resmi";"184,25";"543,808";"792,85";"804,85";"612,2";"ABCDEE+Bookman Old Style";"12,0";"364,029";"306,1";"0,09462430578242399";"0,3009637373407383";"0,5873211368833714";"False";"BATANG TUBUH";"PASAL 1"
"9";"yang diterbitkan oleh Kementerian/Lembaga Pemerintah";"205,48";"543,9499999999999";"812,48";"824,48";"612,2";"ABCDEE+Bookman Old Style";"12,000000000000014";"374,715";"306,1";"0,11207938582162684";"0,3356419470761189";"0,5528748774910158";"False";"BATANG TUBUH";"PASAL 1"
"9";"Non Kementerian atau Badan Hukum Publik dan Badan";"205,48";"543,548";"832,28";"844,28";"612,2";"ABCDEE+Bookman Old Style";"12,0";"374,514";"306,1";"0,1117510617445279";"0,3356419470761189";"0,552218229336818";"False";"BATANG TUBUH";"PASAL 1"
"9";"Hukum Privat yang terkait dengan identitas Penduduk,";"205,48";"543,592";"852,075";"864,075";"612,2";"ABCDEE+Bookman Old Style";"12,0";"374,536";"306,1";"0,1117869977131656";"0,3356419470761189";"0,5522901012740934";"False";"BATANG TUBUH";"PASAL 1"
"9";"selain Dokumen Kependudukan.";"205,48";"398,904";"871,675";"883,675";"612,2";"ABCDEE+Bookman Old Style";"12,000000000000007";"302,192";"306,1";"0,006383534792551478";"0,3356419470761189";"0,31594903626265924";"False";"BATANG TUBUH";"PASAL 1"
"10";"10";"300,1";"314,94";"37,30000000000007";"49,30000000000007";"612,2";"ABCDEE+Bookman Old Style";"12,0";"307,52";"306,1";"0,0023195034302514847";"0,49019928128062723";"0,02424044429924857";"False";"HALAMAN";""
"10";"33. Database adalah kumpulan berbagai jenis data";"184,25";"543,594";"78,53000000000009";"90,59000000000003";"612,2";"ABCDEE+Bookman Old Style";"12,0";"363,922";"306,1";"0,09444952629859522";"0,3009637373407383";"0,5869715779157139";"False";"BATANG TUBUH";"PASAL 1"
"10";"kependudukan yang tersimpan secara sistematik,";"205,48";"543,7120000000001";"99,92000000000007";"111,92000000000007";"612,2";"ABCDEE+Bookman Old Style";"12,0";"374,59600000000006";"306,1";"0,11188500490035941";"0,3356419470761189";"0,5524861156484809";"False";"BATANG TUBUH";"PASAL 1"
"10";"terstruktur dan saling berhubungan dengan";"205,48";"543,7239999999999";"121,32000000000005";"133,32000000000005";"612,2";"ABCDEE+Bookman Old Style";"12,0";"374,602";"306,1";"0,11189480561907865";"0,3356419470761189";"0,5525057170859194";"False";"BATANG TUBUH";"PASAL 1"
"10";"mengunakan perangkat lunak, perangkat keras dan";"205,48";"543,4719999999999";"142,73000000000002";"154,73000000000002";"612,2";"ABCDEE+Bookman Old Style";"12,0";"374,47599999999994";"306,1";"0,11168899052597177";"0,3356419470761189";"0,5520940868997057";"False";"BATANG TUBUH";"PASAL 1"
"10";"jaringan komunikasi data.";"205,48";"360,988";"164,12";"176,12";"612,2";"ABCDEE+Bookman Old Style";"12,0";"283,234";"306,1";"0,03735053903952963";"0,3356419470761189";"0,25401502776870305";"False";"BATANG TUBUH";"PASAL 1"
"10";"34. Data Center adalah tempat/ruang penyimpanan";"184,25";"543,8259999999999";"188,55000000000007";"200,61";"612,2";"ABCDEE+Bookman Old Style";"12,0";"364,03799999999995";"306,1";"0,09463900686050299";"0,3009637373407383";"0,5873505390395294";"False";"BATANG TUBUH";"PASAL 1"
"10";"perangkat database pada Dinas yang menghimpun data";"205,48";"543,88";"210,1500000000001";"222,21000000000004";"612,2";"ABCDEE+Bookman Old Style";"12,0";"374,68";"306,1";"0,11202221496243055";"0,3356419470761189";"0,5527605357726233";"False";"BATANG TUBUH";"PASAL 1"
"10";"kependudukan.";"205,48";"298,08399999999995";"231,55000000000007";"243,55000000000007";"612,2";"ABCDEE+Bookman Old Style";"12,0";"251,78199999999998";"306,1";"0,0887259065664816";"0,3356419470761189";"0,151264292714799";"False";"BATANG TUBUH";"PASAL 1"
"10";"35. Hak Akses adalah hak yang diberikan oleh Pemerintah";"184,25";"543,5199999999999";"255,95000000000005";"267,95000000000005";"612,2";"ABCDEE+Bookman Old Style";"12,0";"363,88499999999993";"306,1";"0,09438908853315894";"0,3009637373407383";"0,5868507023848413";"False";"BATANG TUBUH";"PASAL 1"
"10";"Daerah melalui petugas yang ada pada Dinas untuk";"205,48";"543,7360000000001";"277,35";"289,35";"612,2";"ABCDEE+Bookman Old Style";"12,0";"374,60800000000006";"306,1";"0,11190460633779815";"0,3356419470761189";"0,5525253185233585";"False";"BATANG TUBUH";"PASAL 1"
"10";"dapat mengakses database kependudukan sesuai";"205,48";"543,8480000000001";"298,75";"310,80999999999995";"612,2";"ABCDEE+Bookman Old Style";"12,0";"374,66400000000004";"306,1";"0,11199607971251228";"0,3356419470761189";"0,5527082652727867";"False";"BATANG TUBUH";"PASAL 1"
"10";"dengan izin yang diberikan.";"205,48";"368,23599999999993";"320,1700000000001";"332,1700000000001";"612,2";"ABCDEE+Bookman Old Style";"12,0";"286,85799999999995";"306,1";"0,031430904933028546";"0,3356419470761189";"0,26585429598170524";"False";"BATANG TUBUH";"PASAL 1"
"10";"36. Pengguna Data Pribadi Penduduk adalah instansi";"184,25";"543,844";"344,57000000000005";"356,57000000000005";"612,2";"ABCDEE+Bookman Old Style";"12,0";"364,047";"306,1";"0,09465370793858216";"0,3009637373407383";"0,5873799411956877";"False";"BATANG TUBUH";"PASAL 1"
"10";"Pemerintah dan swasta yang membutuhkan informasi";"205,48";"543,76";"365,98";"377,98";"612,2";"ABCDEE+Bookman Old Style";"12,0";"374,62";"306,1";"0,11192420777523682";"0,3356419470761189";"0,5525645213982358";"False";"BATANG TUBUH";"PASAL 1"
"10";"data sesuai dengan bidangnya.";"205,48";"391,9959999999999";"387,57000000000005";"399,57000000000005";"612,2";"ABCDEE+Bookman Old Style";"12,0";"298,73799999999994";"306,1";"0,0120254818686705";"0,3356419470761189";"0,3046651421104213";"False";"BATANG TUBUH";"PASAL 1"
"10";"37. Dihapus.";"184,25";"259,28799999999995";"411,98";"423,98";"612,2";"ABCDEE+Bookman Old Style";"12,0";"221,76899999999998";"306,1";"0,137750735053904";"0,3009637373407383";"0,12257105521071537";"False";"BATANG TUBUH";"PASAL 1"
"10";"38. Dihapus.";"184,25";"259,28799999999995";"436,4";"448,4";"612,2";"ABCDEE+Bookman Old Style";"12,0";"221,76899999999998";"306,1";"0,137750735053904";"0,3009637373407383";"0,12257105521071537";"False";"BATANG TUBUH";"PASAL 1"
"10";"39. Dihapus.";"184,25";"259,28799999999995";"460,8";"472,8";"612,2";"ABCDEE+Bookman Old Style";"12,0";"221,76899999999998";"306,1";"0,137750735053904";"0,3009637373407383";"0,12257105521071537";"False";"BATANG TUBUH";"PASAL 1"
"10";"40. Dihapus.";"184,25";"259,28799999999995";"485,2";"497,2";"612,2";"ABCDEE+Bookman Old Style";"12,0";"221,76899999999998";"306,1";"0,137750735053904";"0,3009637373407383";"0,12257105521071537";"False";"BATANG TUBUH";"PASAL 1"
"10";"41. Dihapus.";"184,25";"259,28799999999995";"509,59999999999997";"521,5999999999999";"612,2";"ABCDEE+Bookman Old Style";"12,0";"221,76899999999998";"306,1";"0,137750735053904";"0,3009637373407383";"0,12257105521071537";"False";"BATANG TUBUH";"PASAL 1"
"10";"42. Dihapus.";"184,25";"259,28799999999995";"534,0";"546,0";"612,2";"ABCDEE+Bookman Old Style";"12,0";"221,76899999999998";"306,1";"0,137750735053904";"0,3009637373407383";"0,12257105521071537";"False";"BATANG TUBUH";"PASAL 1"
"10";"43. Dihapus.";"184,25";"259,28799999999995";"558,4200000000001";"570,4200000000001";"612,2";"ABCDEE+Bookman Old Style";"12,0";"221,76899999999998";"306,1";"0,137750735053904";"0,3009637373407383";"0,12257105521071537";"False";"BATANG TUBUH";"PASAL 1"
"10";"44. Dihapus.";"184,25";"259,28799999999995";"582,8199999999999";"594,8199999999999";"612,2";"ABCDEE+Bookman Old Style";"12,0";"221,76899999999998";"306,1";"0,137750735053904";"0,3009637373407383";"0,12257105521071537";"False";"BATANG TUBUH";"PASAL 1"
"10";"45. Dihapus.";"184,25";"259,28799999999995";"607,4200000000001";"619,4200000000001";"612,2";"ABCDEE+Bookman Old Style";"12,0";"221,76899999999998";"306,1";"0,137750735053904";"0,3009637373407383";"0,12257105521071537";"False";"BATANG TUBUH";"PASAL 1"
"10";"46. Dihapus.";"184,25";"259,28799999999995";"631,8199999999999";"643,8199999999999";"612,2";"ABCDEE+Bookman Old Style";"12,0";"221,76899999999998";"306,1";"0,137750735053904";"0,3009637373407383";"0,12257105521071537";"False";"BATANG TUBUH";"PASAL 1"
"10";"2. Ketentuan Pasal 2 ayat (4) huruf g diubah, sehingga";"163,05";"543,806";"677,65";"689,65";"612,2";"ABCDEE+Bookman Old Style";"12,0";"353,428";"306,1";"0,07730806925841224";"0,2663345311989546";"0,6219470761189154";"False";"BATANG TUBUH";"PASAL 1"
"10";"berbunyi sebagai berikut:";"184,25";"334,94";"699,05";"711,05";"612,2";"ABCDEE+Bookman Old Style";"12,0";"259,595";"306,1";"0,0759637373407383";"0,3009637373407383";"0,2461450506370467";"False";"BATANG TUBUH";"PASAL 1"
"10";"Pasal 2";"286,3";"328,72";"741,85";"753,85";"612,2";"ABCDEE+Bookman Old Style";"12,0";"307,51";"306,1";"0,002303168899052545";"0,4676576282260699";"0,06929108134596539";"False";"BATANG TUBUH";"PASAL 2"
"10";"(1) Bupati berwenang menyelenggarakan urusan";"184,25";"543,5439999999999";"784,65";"796,65";"612,2";"ABCDEE+Bookman Old Style";"12,0";"363,89699999999993";"306,1";"0,09440868997059769";"0,3009637373407383";"0,5868899052597187";"False";"BATANG TUBUH";"PASAL 2"
"10";"administrasi kependudukan.";"205,48";"375,57";"806,28";"818,28";"612,2";"ABCDEE+Bookman Old Style";"12,000000000000014";"290,525";"306,1";"0,025441032342371845";"0,3356419470761189";"0,27783404116301863";"False";"BATANG TUBUH";"PASAL 2"
"10";"(2) Kewenangan penyelenggaraan administrasi";"184,25";"543,898";"827,67";"839,67";"612,2";"ABCDEE+Bookman Old Style";"12,0";"364,074";"306,1";"0,09469781117281932";"0,3009637373407383";"0,587468147664162";"False";"BATANG TUBUH";"PASAL 2"
"10";"kependudukan sebagaimana dimaksud pada ayat (2)";"205,48";"543,908";"849,075";"861,075";"612,2";"ABCDEE+Bookman Old Style";"12,0";"374,694";"306,1";"0,1120450833061091";"0,3356419470761189";"0,5528062724599804";"False";"BATANG TUBUH";"PASAL 2"
"10";"dilimpahkan kepada Dinas.";"205,48";"367,8519999999999";"870,475";"882,475";"612,2";"ABCDEE+Bookman Old Style";"12,0";"286,66599999999994";"306,1";"0,03174452793204848";"0,3356419470761189";"0,2652270499836653";"False";"BATANG TUBUH";"PASAL 2"
"11";"11";"300,1";"314,94";"37,30000000000007";"49,30000000000007";"612,2";"ABCDEE+Bookman Old Style";"12,0";"307,52";"306,1";"0,0023195034302514847";"0,49019928128062723";"0,02424044429924857";"False";"HALAMAN";""
"11";"(3) Pemerintah Daerah berkewajiban dan bertanggung jawab";"184,25";"544,068";"78,53000000000009";"90,53000000000009";"612,2";"ABCDEE+Bookman Old Style";"12,0";"364,159";"306,1";"0,09483665468801039";"0,3009637373407383";"0,5877458346945442";"False";"BATANG TUBUH";"PASAL 2"
"11";"menyelenggarakan urusan administrasi kependudukan.";"205,48";"536,1160000000001";"98,12";"110,12";"612,2";"ABCDEE+Bookman Old Style";"12,0";"370,79800000000006";"306,1";"0,10568114995099646";"0,3356419470761189";"0,5400784057497551";"False";"BATANG TUBUH";"PASAL 2"
"11";"(4) Kewajiban dan tanggung jawab penyelenggaraan";"184,25";"543,52";"117,92000000000007";"129,92000000000007";"612,2";"ABCDEE+Bookman Old Style";"12,0";"363,885";"306,1";"0,09438908853315904";"0,3009637373407383";"0,5868507023848415";"False";"BATANG TUBUH";"PASAL 2"
"11";"urusan administrasi kependudukan sebagaimana";"205,48";"543,8199999999999";"137,73000000000002";"149,73000000000002";"612,2";"ABCDEE+Bookman Old Style";"12,0";"374,65";"306,1";"0,11197321136883363";"0,3356419470761189";"0,5526625285854294";"False";"BATANG TUBUH";"PASAL 2"
"11";"dimaksud pada ayat (1) dilakukan oleh Bupati dengan";"205,48";"543,6759999999999";"157,32000000000005";"169,32000000000005";"612,2";"ABCDEE+Bookman Old Style";"12,0";"374,578";"306,1";"0,11185560274420116";"0,3356419470761189";"0,5524273113361645";"False";"BATANG TUBUH";"PASAL 2"
"11";"kewenangan meliputi:";"205,48";"335,0319999999999";"177,12";"189,12";"612,2";"ABCDEE+Bookman Old Style";"12,0";"270,256";"306,1";"0,05854949362953291";"0,3356419470761189";"0,2116171185886964";"False";"BATANG TUBUH";"PASAL 2"
"11";"a. koordinasi penyelenggaraan administrasi";"205,48";"543,956";"196,75";"208,75";"612,2";"ABCDEE+Bookman Old Style";"12,0";"374,718";"306,1";"0,11208428618098659";"0,3356419470761189";"0,5528846782097353";"False";"BATANG TUBUH";"PASAL 2"
"11";"kependudukan;";"219,68";"312,284";"216,55000000000007";"228,55000000000007";"612,2";"ABCDEE+Bookman Old Style";"12,0";"265,98199999999997";"306,1";"0,0655308722639661";"0,3588369813786344";"0,15126429271479905";"False";"BATANG TUBUH";"PASAL 2"
"11";"b. pembentukan Dinas yang tugas dan fungsinya di";"205,48";"543,7760000000001";"236,35000000000002";"248,35000000000002";"612,2";"ABCDEE+Bookman Old Style";"12,0";"374,62800000000004";"306,1";"0,11193727540019603";"0,3356419470761189";"0,5525906566481542";"False";"BATANG TUBUH";"PASAL 2"
"11";"bidang administrasi kependudukan;";"219,68";"433,3999999999999";"255,95000000000005";"267,95000000000005";"612,2";"ABCDEE+Bookman Old Style";"12,0";"326,53999999999996";"306,1";"0,03338778177066308";"0,3588369813786344";"0,34910160078405733";"False";"BATANG TUBUH";"PASAL 2"
"11";"c. pengaturan teknis penyelenggaraan administrasi";"205,48";"543,6320000000001";"275,75";"287,75";"612,2";"ABCDEE+Bookman Old Style";"12,0";"374,55600000000004";"306,1";"0,11181966677556356";"0,3356419470761189";"0,5523554393988893";"False";"BATANG TUBUH";"PASAL 2"
"11";"kependudukan sesuai dengan ketentuan peraturan";"219,68";"543,7159999999999";"295,35";"307,35";"612,2";"ABCDEE+Bookman Old Style";"12,0";"381,698";"306,1";"0,12348578895785683";"0,3588369813786344";"0,5292976151584448";"False";"BATANG TUBUH";"PASAL 2"
"11";"perundang-undangan;";"219,68";"352,068";"315,1700000000001";"327,1700000000001";"612,2";"ABCDEE+Bookman Old Style";"12,0";"285,874";"306,1";"0,03303822280300555";"0,3588369813786344";"0,21624959163671997";"False";"BATANG TUBUH";"PASAL 2"
"11";"d. pembinaan dan sosialisasi penyelenggaraan";"205,48";"543,6719999999999";"334,98";"346,98";"612,2";"ABCDEE+Bookman Old Style";"12,0";"374,57599999999996";"306,1";"0,11185233583796135";"0,3356419470761189";"0,5524207775236849";"False";"BATANG TUBUH";"PASAL 2"
"11";"administrasi kependudukan;";"219,68";"389,63599999999997";"354,57000000000005";"366,57000000000005";"612,2";"ABCDEE+Bookman Old Style";"12,0";"304,658";"306,1";"0,0023554393988892636";"0,3588369813786344";"0,27761515844495255";"False";"BATANG TUBUH";"PASAL 2"
"11";"e. pelaksanaan kegiatan pelayanan masyarakat di bidang";"205,48";"544,0159999999998";"374,37";"386,37";"612,2";"ABCDEE+Bookman Old Style";"12,0";"374,74799999999993";"306,1";"0,11213328977458331";"0,3356419470761189";"0,5529826853969287";"False";"BATANG TUBUH";"PASAL 2"
"11";"administrasi kependudukan;";"219,68";"389,63599999999997";"393,98";"405,98";"612,2";"ABCDEE+Bookman Old Style";"12,0";"304,658";"306,1";"0,0023554393988892636";"0,3588369813786344";"0,27761515844495255";"False";"BATANG TUBUH";"PASAL 2"
"11";"f. penugasan kepada Desa/Kelurahan sesuai";"205,48";"543,872";"413,7800000000001";"425,7800000000001";"612,2";"ABCDEE+Bookman Old Style";"12,0";"374,676";"306,1";"0,11201568114995093";"0,3356419470761189";"0,5527474681476641";"False";"BATANG TUBUH";"PASAL 2"
"11";"kebutuhan untuk menyelenggarakan sebagian";"219,68";"543,764";"433,59999999999997";"445,59999999999997";"612,2";"ABCDEE+Bookman Old Style";"12,0";"381,722";"306,1";"0,12352499183273433";"0,3588369813786344";"0,5293760209081999";"False";"BATANG TUBUH";"PASAL 2"
"11";"urusan administrasi kependudukan berdasarkan";"219,68";"543,7979999999999";"453,2";"465,2";"612,2";"ABCDEE+Bookman Old Style";"12,0";"381,7389999999999";"306,1";"0,12355276053577244";"0,3588369813786344";"0,5294315583142761";"False";"BATANG TUBUH";"PASAL 2"
"11";"asas tugas pembantuan;";"219,68";"364,78399999999993";"473,0";"485,0";"612,2";"ABCDEE+Bookman Old Style";"12,0";"292,23199999999997";"306,1";"0,02265272786671031";"0,3588369813786344";"0,23702058150931055";"False";"BATANG TUBUH";"PASAL 2"
"11";"g. Penyajian Data Kependudukan berskala Daerah";"205,48";"543,838";"492,59999999999997";"504,59999999999997";"612,2";"ABCDEE+Bookman Old Style";"12,0";"374,659";"306,1";"0,11198791244691271";"0,3356419470761189";"0,5526919307415876";"False";"BATANG TUBUH";"PASAL 2"
"11";"berasal dari Data Kependudukan yang telah";"219,68";"543,7159999999999";"512,4";"524,4";"612,2";"ABCDEE+Bookman Old Style";"12,0";"381,698";"306,1";"0,12348578895785683";"0,3588369813786344";"0,5292976151584448";"False";"BATANG TUBUH";"PASAL 2"
"11";"dikonsolidasikan dan dibersihkan oleh Kementerian";"219,68";"543,8359999999999";"532,2";"544,2";"612,2";"ABCDEE+Bookman Old Style";"12,0";"381,7579999999999";"306,1";"0,12358379614505047";"0,3588369813786344";"0,5294936295328322";"False";"BATANG TUBUH";"PASAL 2"
"11";"yang bertanggung jawab dalam urusan pemerintahan";"219,68";"543,8079999999999";"551,8";"563,8";"612,2";"ABCDEE+Bookman Old Style";"12,0";"381,7439999999999";"306,1";"0,12356092780137191";"0,3588369813786344";"0,5294478928454751";"False";"BATANG TUBUH";"PASAL 2"
"11";"dalam negeri; dan";"219,68";"325,408";"571,62";"583,62";"612,2";"ABCDEE+Bookman Old Style";"12,0";"272,544";"306,1";"0,054812152891212086";"0,3588369813786344";"0,1727017314603071";"False";"BATANG TUBUH";"PASAL 2"
"11";"h. koordinasi pengawasan atas penyelenggaraan";"205,48";"543,596";"591,23";"603,23";"612,2";"ABCDEE+Bookman Old Style";"12,0";"374,538";"306,1";"0,1117902646194054";"0,3356419470761189";"0,5522966350865729";"False";"BATANG TUBUH";"PASAL 2"
"11";"administrasi kependudukan.";"219,68";"389,76";"611,03";"623,03";"612,2";"ABCDEE+Bookman Old Style";"12,0";"304,72";"306,1";"0,0022541653054557256";"0,3588369813786344";"0,2778177066318196";"False";"BATANG TUBUH";"PASAL 2"
"11";"3. Ketentuan Pasal 11 ayat (1) huruf c diubah, sehingga";"163,05";"543,896";"650,4200000000001";"662,4200000000001";"612,2";"ABCDEE+Bookman Old Style";"12,0";"353,47299999999996";"306,1";"0,07738157464880746";"0,2663345311989546";"0,6220940868997058";"False";"BATANG TUBUH";"PASAL 2"
"11";"berbunyi sebagai berikut:";"184,25";"334,78999999999996";"670,23";"682,23";"612,2";"ABCDEE+Bookman Old Style";"12,0";"259,52";"306,1";"0,07608624632473054";"0,3009637373407383";"0,24590003266906232";"False";"BATANG TUBUH";"PASAL 2"
"11";"Pasal 11";"282,5";"332,324";"709,65";"721,65";"612,2";"ABCDEE+Bookman Old Style";"12,0";"307,41200000000003";"306,1";"0,0021430904933028615";"0,46145050637046714";"0,08138516824567137";"False";"BATANG TUBUH";"PASAL 11"
"11";"(1) Dinas melaksanakan urusan Administrasi";"184,25";"543,844";"749,05";"761,05";"612,2";"ABCDEE+Bookman Old Style";"12,0";"364,047";"306,1";"0,09465370793858216";"0,3009637373407383";"0,5873799411956877";"False";"BATANG TUBUH";"PASAL 11"
"11";"Kependudukan, dengan kewajiban yang meliputi.";"205,48";"496,97200000000004";"768,85";"780,85";"612,2";"ABCDEE+Bookman Old Style";"12,0";"351,226";"306,1";"0,07371120548840245";"0,3356419470761189";"0,4761385168245672";"False";"BATANG TUBUH";"PASAL 11"
"11";"a. mendaftar Peristiwa Kependudukan dan mencatat";"205,48";"543,904";"788,45";"800,45";"612,2";"ABCDEE+Bookman Old Style";"12,0";"374,692";"306,1";"0,11204181639986929";"0,3356419470761189";"0,5527997386475008";"False";"BATANG TUBUH";"PASAL 11"
"11";"Peristiwa Penting;";"219,68";"324,656";"808,28";"820,28";"612,2";"ABCDEE+Bookman Old Style";"12,0";"272,168";"306,1";"0,055426331264292736";"0,3588369813786344";"0,1714733747141457";"False";"BATANG TUBUH";"PASAL 11"
"11";"b. memberikan pelayanan yang sama dan profesional";"205,48";"543,788";"828,08";"840,08";"612,2";"ABCDEE+Bookman Old Style";"12,0";"374,634";"306,1";"0,11194707611891537";"0,3356419470761189";"0,5526102580855929";"False";"BATANG TUBUH";"PASAL 11"
"11";"kepada setiap Penduduk atas pelaporan Peristiwa";"219,68";"543,5960000000001";"847,675";"859,675";"612,2";"ABCDEE+Bookman Old Style";"12,0";"381,63800000000003";"306,1";"0,12338778177066319";"0,3588369813786344";"0,5291016007840577";"False";"BATANG TUBUH";"PASAL 11"
"11";"Kependudukan dan Peristiwa Penting;";"219,68";"444,742";"867,475";"879,475";"612,2";"ABCDEE+Bookman Old Style";"12,0";"332,211";"306,1";"0,04265109441359031";"0,3588369813786344";"0,3676282260699118";"False";"BATANG TUBUH";"PASAL 11"
"12";"12";"300,1";"314,94";"37,30000000000007";"49,30000000000007";"612,2";"ABCDEE+Bookman Old Style";"12,0";"307,52";"306,1";"0,0023195034302514847";"0,49019928128062723";"0,02424044429924857";"False";"HALAMAN";""
"12";"c. mencetak, menerbitkan dan mendistribusikan";"205,48";"543,62";"78,53000000000009";"90,53000000000009";"612,2";"ABCDEE+Bookman Old Style";"12,0";"374,55";"306,1";"0,11180986605684415";"0,3356419470761189";"0,5523358379614505";"False";"BATANG TUBUH";"PASAL 11"
"12";"dokumen kependudukan;";"219,68";"371,26399999999995";"100,32000000000005";"112,32000000000005";"612,2";"ABCDEE+Bookman Old Style";"12,0";"295,472";"306,1";"0,017360339758249008";"0,3588369813786344";"0,24760535772623316";"False";"BATANG TUBUH";"PASAL 11"
"12";"d. mendokumentasikan hasil Pendaftaran Penduduk dan";"205,48";"543,8079999999999";"122,12";"134,12";"612,2";"ABCDEE+Bookman Old Style";"12,0";"374,64399999999995";"306,1";"0,11196341065011421";"0,3356419470761189";"0,5526429271479906";"False";"BATANG TUBUH";"PASAL 11"
"12";"Pencatatan Sipil;";"219,68";"319,436";"143,92000000000007";"155,92000000000007";"612,2";"ABCDEE+Bookman Old Style";"12,0";"269,558";"306,1";"0,059689643907219904";"0,3588369813786344";"0,16294674942829135";"False";"BATANG TUBUH";"PASAL 11"
"12";"e. menjamin kerahasiaan dan keamanan data atas";"205,48";"543,9799999999999";"165,73000000000002";"177,73000000000002";"612,2";"ABCDEE+Bookman Old Style";"12,0";"374,72999999999996";"306,1";"0,11210388761842524";"0,3356419470761189";"0,5529238810846127";"False";"BATANG TUBUH";"PASAL 11"
"12";"Peristiwa Kependudukan dan Peristiwa Penting; dan";"219,68";"527,8399999999999";"187,75";"199,75";"612,2";"ABCDEE+Bookman Old Style";"12,0";"373,76";"306,1";"0,11051943809212669";"0,3588369813786344";"0,5033649134269844";"False";"BATANG TUBUH";"PASAL 11"
"12";"f. melakukan verifikasi, validasi, dan informasi data";"205,48";"544,102";"209,55000000000007";"221,55000000000007";"612,2";"ABCDEE+Bookman Old Style";"12,0";"374,791";"306,1";"0,11220352825873893";"0,3356419470761189";"0,5531231623652401";"False";"BATANG TUBUH";"PASAL 11"
"12";"yang disampaikan oleh Penduduk dalam pelayanan";"219,68";"543,5479999999999";"231,35000000000002";"243,35000000000002";"612,2";"ABCDEE+Bookman Old Style";"12,0";"381,6139999999999";"306,1";"0,12334857889578552";"0,3588369813786344";"0,5290231950343023";"False";"BATANG TUBUH";"PASAL 11"
"12";"Pendaftaran Penduduk dan Pencatatan Sipil.";"219,68";"484,92199999999997";"253,1500000000001";"265,1500000000001";"612,2";"ABCDEE+Bookman Old Style";"12,0";"352,301";"306,1";"0,07546716759229004";"0,3588369813786344";"0,43326037242731125";"False";"BATANG TUBUH";"PASAL 11"
"12";"(2) Kewajiban sebagaimana dimaksud pada ayat (1) huruf a";"184,25";"543,712";"274,95000000000005";"286,95000000000005";"612,2";"ABCDEE+Bookman Old Style";"12,0";"363,981";"306,1";"0,09454590003266901";"0,3009637373407383";"0,5871643253838614";"False";"BATANG TUBUH";"PASAL 11"
"12";"untuk pencatatan nikah, talak, cerai, dan rujuk bagi";"205,48";"543,508";"296,75";"308,75";"612,2";"ABCDEE+Bookman Old Style";"12,0";"374,494";"306,1";"0,11171839268213002";"0,3356419470761189";"0,5521528912120222";"False";"BATANG TUBUH";"PASAL 11"
"12";"Penduduk yang beragama Islam di tingkat Kecamatan";"205,48";"543,448";"318,7800000000001";"330,7800000000001";"612,2";"ABCDEE+Bookman Old Style";"12,0";"374,464";"306,1";"0,1116693890885331";"0,3356419470761189";"0,5520548840248284";"False";"BATANG TUBUH";"PASAL 11"
"12";"dilakukan oleh pegawai pencatat pada KUA Kecamatan.";"205,48";"534,664";"340,57000000000005";"352,57000000000005";"612,2";"ABCDEE+Bookman Old Style";"12,0";"370,072";"306,1";"0,10449526298595226";"0,3356419470761189";"0,5377066318196667";"False";"BATANG TUBUH";"PASAL 11"
"12";"(3) Pelayanan Pencatatan Sipil pada tingkat Kecamatan";"184,25";"543,688";"362,37";"374,37";"612,2";"ABCDEE+Bookman Old Style";"12,0";"363,969";"306,1";"0,09452629859523026";"0,3009637373407383";"0,587125122508984";"False";"BATANG TUBUH";"PASAL 11"
"12";"dapat dilakukan oleh UPT dengan kewenangan";"205,48";"543,532";"384,1700000000001";"396,1700000000001";"612,2";"ABCDEE+Bookman Old Style";"12,0";"374,50600000000003";"306,1";"0,11173799411956876";"0,3356419470761189";"0,5521920940868997";"False";"BATANG TUBUH";"PASAL 11"
"12";"menerbitkan Akta Pencatatan Sipil.";"205,48";"414,5559999999999";"405,98";"417,98";"612,2";"ABCDEE+Bookman Old Style";"12,0";"310,018";"306,1";"0,006399869323750325";"0,3356419470761189";"0,34151584449526284";"False";"BATANG TUBUH";"PASAL 11"
"12";"(4) Kewajiban sebagaimana dimaksud pada ayat (1) untuk";"184,25";"543,6160000000001";"427,80000000000007";"439,8";"612,2";"ABCDEE+Bookman Old Style";"11,999999999999943";"363,93300000000005";"306,1";"0,09446749428291412";"0,3009637373407383";"0,5870075138843517";"False";"BATANG TUBUH";"PASAL 11"
"12";"persyaratan dan tata cara Pencatatan Peristiwa Penting";"205,48";"543,5800000000002";"449,8";"461,8";"612,2";"ABCDEE+Bookman Old Style";"12,0";"374,5300000000001";"306,1";"0,11177719699444635";"0,3356419470761189";"0,5522704998366549";"False";"BATANG TUBUH";"PASAL 11"
"12";"bagi Penduduk yang agamanya belum diakui sebagai";"205,48";"543,8439999999999";"471,59999999999997";"483,59999999999997";"612,2";"ABCDEE+Bookman Old Style";"12,0";"374,662";"306,1";"0,11199281280627238";"0,3356419470761189";"0,5527017314603069";"False";"BATANG TUBUH";"PASAL 11"
"12";"agama berdasarkan ketentuan Peraturan Perundang-";"205,48";"543,9699999999999";"493,4";"505,4";"612,2";"ABCDEE+Bookman Old Style";"12,0";"374,72499999999997";"306,1";"0,11209572035282578";"0,3356419470761189";"0,5529075465534137";"False";"BATANG TUBUH";"PASAL 11"
"12";"undangan atau bagi penghayat kepercayaan berpedoman";"205,48";"543,5079999999999";"515,2";"527,2";"612,2";"ABCDEE+Bookman Old Style";"12,0";"374,49399999999997";"306,1";"0,11171839268212994";"0,3356419470761189";"0,552152891212022";"False";"BATANG TUBUH";"PASAL 11"
"12";"pada peraturan perundang-undangan.";"205,48";"433,09799999999996";"537,0";"549,0";"612,2";"ABCDEE+Bookman Old Style";"12,0";"319,289";"306,1";"0,02154361319830115";"0,3356419470761189";"0,3718033322443645";"False";"BATANG TUBUH";"PASAL 11"
"12";"4. Ketentuan Pasal 14 ayat (2) diubah, sehingga berbunyi";"163,05";"543,7239999999999";"580,8199999999999";"592,8199999999999";"612,2";"ABCDEE+Bookman Old Style";"12,0";"353,38699999999994";"306,1";"0,07724109768049643";"0,2663345311989546";"0,6218131329630838";"False";"BATANG TUBUH";"PASAL 11"
"12";"sebagai berikut:";"184,25";"278,426";"602,62";"614,62";"612,2";"ABCDEE+Bookman Old Style";"12,0";"231,338";"306,1";"0,12212022214962434";"0,3009637373407383";"0,1538320810192747";"False";"BATANG TUBUH";"PASAL 11"
"12";"Pasal 14";"282,5";"332,324";"646,23";"658,23";"612,2";"ABCDEE+Bookman Old Style";"12,0";"307,41200000000003";"306,1";"0,0021430904933028615";"0,46145050637046714";"0,08138516824567137";"False";"BATANG TUBUH";"PASAL 14"
"12";"(1) Petugas Registrasi membantu Kepala Desa atau";"184,25";"543,672";"689,85";"701,85";"612,2";"ABCDEE+Bookman Old Style";"12,0";"363,961";"306,1";"0,09451323097027113";"0,3009637373407383";"0,5870989872590656";"False";"BATANG TUBUH";"PASAL 14"
"12";"Lurah dan Dinas dalam Pendaftaran Penduduk dan";"205,48";"543,904";"711,85";"723,85";"612,2";"ABCDEE+Bookman Old Style";"12,0";"374,692";"306,1";"0,11204181639986929";"0,3356419470761189";"0,5527997386475008";"False";"BATANG TUBUH";"PASAL 14"
"12";"Pencatatan Sipil.";"205,48";"305,23599999999993";"733,65";"745,65";"612,2";"ABCDEE+Bookman Old Style";"12,0";"255,35799999999995";"306,1";"0,0828846782097355";"0,3356419470761189";"0,1629467494282913";"False";"BATANG TUBUH";"PASAL 14"
"12";"(2) Petugas Registrasi sebagaimana dimaksud pada ayat (1)";"184,25";"543,5559999999998";"755,45";"767,45";"612,2";"ABCDEE+Bookman Old Style";"12,0";"363,9029999999999";"306,1";"0,09441849068931701";"0,3009637373407383";"0,5869095066971575";"False";"BATANG TUBUH";"PASAL 14"
"12";"diangkat dan diberhentikan oleh Bupati, diutamakan";"205,48";"543,9939999999999";"777,25";"789,25";"612,2";"ABCDEE+Bookman Old Style";"12,0";"374,73699999999997";"306,1";"0,11211532179026452";"0,3356419470761189";"0,5529467494282913";"False";"BATANG TUBUH";"PASAL 14"
"12";"dari Pegawai Negeri Sipil yang memenuhi persyaratan.";"205,48";"526,3660000000001";"799,05";"811,05";"612,2";"ABCDEE+Bookman Old Style";"12,0";"365,92300000000006";"306,1";"0,09771806599150609";"0,3356419470761189";"0,5241522378307744";"False";"BATANG TUBUH";"PASAL 14"
"12";"(3) Pengangkatan dan pemberhentian Petugas Registrasi";"184,25";"543,85";"820,87";"832,87";"612,2";"ABCDEE+Bookman Old Style";"12,0";"364,05";"306,1";"0,09465860829794183";"0,3009637373407383";"0,5873897419144071";"False";"BATANG TUBUH";"PASAL 14"
"12";"oleh Bupati sebagaimana dimaksud pada ayat (2) sesuai";"205,48";"544,13";"842,875";"854,875";"612,2";"ABCDEE+Bookman Old Style";"12,0";"374,805";"306,1";"0,11222639660241748";"0,3356419470761189";"0,5531688990525971";"False";"BATANG TUBUH";"PASAL 14"
"12";"ketentuan peraturan perundang-undangan.";"205,48";"456,782";"864,675";"876,675";"612,2";"ABCDEE+Bookman Old Style";"12,0";"331,131";"306,1";"0,04088696504410315";"0,3356419470761189";"0,4104900359359686";"False";"BATANG TUBUH";"PASAL 14"
"13";"13";"300,1";"314,94";"37,30000000000007";"49,30000000000007";"612,2";"ABCDEE+Bookman Old Style";"12,0";"307,52";"306,1";"0,0023195034302514847";"0,49019928128062723";"0,02424044429924857";"False";"HALAMAN";""
"13";"5. Ketentuan ayat (2) Pasal 25 diubah, dan diantara ayat (2)";"163,05";"543,8779999999998";"78,53000000000009";"90,53000000000009";"612,2";"ABCDEE+Bookman Old Style";"12,0";"353,46399999999994";"306,1";"0,07736687357072838";"0,2663345311989546";"0,6220646847435475";"False";"BATANG TUBUH";"PASAL 14"
"13";"dan ayat (3) disisipkan 1 (satu) ayat, yakni ayat (2a),";"184,25";"543,946";"98,12";"110,12";"612,2";"ABCDEE+Bookman Old Style";"12,0";"364,098";"306,1";"0,09473701404769681";"0,3009637373407383";"0,587546553413917";"False";"BATANG TUBUH";"PASAL 14"
"13";"dan ayat (4) dihapus, sehingga Pasal 25 berbunyi sebagai";"184,25";"543,506";"117,73000000000002";"129,73000000000002";"612,2";"ABCDEE+Bookman Old Style";"12,0";"363,878";"306,1";"0,09437765436131976";"0,3009637373407383";"0,5868278340411629";"False";"BATANG TUBUH";"PASAL 14"
"13";"berikut:";"184,25";"230,66600000000003";"137,32000000000005";"149,32000000000005";"612,2";"ABCDEE+Bookman Old Style";"12,0";"207,45800000000003";"306,1";"0,16112708265272785";"0,3009637373407383";"0,07581836001306766";"False";"BATANG TUBUH";"PASAL 14"
"13";"Pasal 25";"282,5";"332,324";"176,5300000000001";"188,5300000000001";"612,2";"ABCDEE+Bookman Old Style";"12,0";"307,41200000000003";"306,1";"0,0021430904933028615";"0,46145050637046714";"0,08138516824567137";"False";"BATANG TUBUH";"PASAL 25"
"13";"(1) Setiap Penduduk wajib memiliki NIK.";"184,25";"424,6359999999999";"223,75";"235,75";"612,2";"ABCDEE+Bookman Old Style";"12,0";"304,443";"306,1";"0,0027066318196668393";"0,3009637373407383";"0,39265926167918963";"False";"BATANG TUBUH";"PASAL 25"
"13";"(2) NIK sebagaimana dimaksud pada ayat (1) berlaku";"184,25";"543,5319999999999";"251,35000000000002";"263,35";"612,2";"ABCDEE+Bookman Old Style";"12,0";"363,89099999999996";"306,1";"0,09439888925187837";"0,3009637373407383";"0,5868703038222801";"False";"BATANG TUBUH";"PASAL 25"
"13";"seumur hidup dan selamanya, tidak berubah dan tidak";"205,48";"543,604";"270,95000000000005";"282,95000000000005";"612,2";"ABCDEE+Bookman Old Style";"12,0";"374,54200000000003";"306,1";"0,111796798431885";"0,3356419470761189";"0,5523097027115321";"False";"BATANG TUBUH";"PASAL 25"
"13";"mengikuti perubahan domisili.";"205,48";"386,57";"290,55000000000007";"302,55000000000007";"612,2";"ABCDEE+Bookman Old Style";"12,0";"296,025";"306,1";"0,016457040182946824";"0,3356419470761189";"0,2958020254818687";"False";"BATANG TUBUH";"PASAL 25"
"13";"(2a) NIK sebagaimana dimaksud pada ayat (1) diterbitkan";"177,25";"543,7359999999999";"318,1700000000001";"330,1700000000001";"612,2";"ABCDEE+Bookman Old Style";"12,0";"360,49299999999994";"306,1";"0,08884841555047356";"0,2895295655014701";"0,598637700098007";"False";"BATANG TUBUH";"PASAL 25"
"13";"oleh Dinas kepada setiap penduduk setelah dilakukan";"205,48";"543,8199999999999";"337,7800000000001";"349,7800000000001";"612,2";"ABCDEE+Bookman Old Style";"12,0";"374,65";"306,1";"0,11197321136883363";"0,3356419470761189";"0,5526625285854294";"False";"BATANG TUBUH";"PASAL 25"
"13";"pencatatan biodata sebagai dasar penerbitan kartu";"205,48";"543,5319999999999";"357,37";"369,37";"612,2";"ABCDEE+Bookman Old Style";"12,0";"374,506";"306,1";"0,11173799411956868";"0,3356419470761189";"0,5521920940868995";"False";"BATANG TUBUH";"PASAL 25"
"13";"keluarga dan KTP-el pada Dinas tempat domisili yang";"205,48";"543,784";"376,98";"388,98";"612,2";"ABCDEE+Bookman Old Style";"12,0";"374,632";"306,1";"0,11194380921267556";"0,3356419470761189";"0,5526037242731133";"False";"BATANG TUBUH";"PASAL 25"
"13";"bersangkutan.";"205,48";"290,84799999999996";"396,57000000000005";"408,57000000000005";"612,2";"ABCDEE+Bookman Old Style";"12,0";"248,164";"306,1";"0,09463573995426336";"0,3356419470761189";"0,13944462593923548";"False";"BATANG TUBUH";"PASAL 25"
"13";"(3) NIK sebagaimana dimaksud pada ayat (1) dicantumkan";"184,25";"543,9039999999999";"424,18000000000006";"436,18";"612,2";"ABCDEE+Bookman Old Style";"11,999999999999943";"364,07699999999994";"306,1";"0,0947027115321789";"0,3009637373407383";"0,5874779483828811";"False";"BATANG TUBUH";"PASAL 25"
"13";"dalam setiap Dokumen Kependudukan dan dijadikan";"205,48";"543,8079999999999";"443,8";"455,8";"612,2";"ABCDEE+Bookman Old Style";"12,0";"374,64399999999995";"306,1";"0,11196341065011421";"0,3356419470761189";"0,5526429271479906";"False";"BATANG TUBUH";"PASAL 25"
"13";"dasar penerbitan paspor, surat izin mengemudi, nomor";"205,48";"543,7119999999999";"463,4";"475,4";"612,2";"ABCDEE+Bookman Old Style";"12,0";"374,59599999999995";"306,1";"0,11188500490035923";"0,3356419470761189";"0,5524861156484806";"False";"BATANG TUBUH";"PASAL 25"
"13";"pokok wajib pajak, polis asuransi, sertipikat hak atas";"205,48";"544,036";"483,0";"495,0";"612,2";"ABCDEE+Bookman Old Style";"12,0";"374,758";"306,1";"0,11214962430578235";"0,3356419470761189";"0,5530153544593268";"False";"BATANG TUBUH";"PASAL 25"
"13";"tanah, dan penerbitan dokumen identitas lainnya.";"205,48";"502,3";"502,59999999999997";"514,5999999999999";"612,2";"ABCDEE+Bookman Old Style";"12,0";"353,89";"306,1";"0,07806272459980391";"0,3356419470761189";"0,4848415550473702";"False";"BATANG TUBUH";"PASAL 25"
"13";"(4) Dihapus.";"184,25";"259,28799999999995";"530,2";"542,2";"612,2";"ABCDEE+Bookman Old Style";"12,0";"221,76899999999998";"306,1";"0,137750735053904";"0,3009637373407383";"0,12257105521071537";"False";"BATANG TUBUH";"PASAL 25"
"13";"6. Ketentuan Pasal 27 dihapus.";"163,05";"349,308";"557,8199999999999";"569,8199999999999";"612,2";"ABCDEE+Bookman Old Style";"12,0";"256,179";"306,1";"0,08154361319830128";"0,2663345311989546";"0,3042437112054884";"False";"BATANG TUBUH";"PASAL 25"
"13";"7. Ketentuan Pasal 28 dihapus.";"163,05";"349,28399999999993";"597,03";"609,03";"612,2";"ABCDEE+Bookman Old Style";"12,0";"256,167";"306,1";"0,08156321463574003";"0,2663345311989546";"0,30420450833061075";"False";"BATANG TUBUH";"PASAL 25"
"13";"8. Ketentuan Pasal 29 dihapus.";"163,05";"349,28399999999993";"636,23";"648,23";"612,2";"ABCDEE+Bookman Old Style";"12,0";"256,167";"306,1";"0,08156321463574003";"0,2663345311989546";"0,30420450833061075";"False";"BATANG TUBUH";"PASAL 25"
"13";"9. Ketentuan Pasal 30 dihapus.";"163,05";"349,28399999999993";"675,4200000000001";"687,4200000000001";"612,2";"ABCDEE+Bookman Old Style";"12,0";"256,167";"306,1";"0,08156321463574003";"0,2663345311989546";"0,30420450833061075";"False";"BATANG TUBUH";"PASAL 25"
"13";"10. Di antara Pasal 30 dan Pasal 31 disisipkan 1 (satu) Pasal,";"155,85";"544,1920000000001";"714,65";"726,65";"612,2";"ABCDEE+Bookman Old Style";"12,0";"350,0210000000001";"306,1";"0,07174289447892852";"0,25457366873570725";"0,6343384514864424";"False";"BATANG TUBUH";"PASAL 25"
"13";"yakni Pasal 30A sehingga berbunyi sebagai berikut:";"177,25";"481,50999999999993";"734,25";"746,25";"612,2";"ABCDEE+Bookman Old Style";"12,0";"329,38";"306,1";"0,038026788631166236";"0,2895295655014701";"0,4969944462593922";"False";"BATANG TUBUH";"PASAL 25"
"13";"Pasal 30A";"291,9";"349,848";"773,45";"785,45";"612,2";"ABCDEE+Bookman Old Style";"12,0";"320,874";"306,1";"0,024132636393335512";"0,47680496569748443";"0,0946553413917021";"False";"BATANG TUBUH";"PASAL 25"
"13";"Penerbitan dokumen identitas lainnya selain yang";"184,25";"544,37";"812,67";"824,67";"612,2";"ABCDEE+Bookman Old Style";"12,000000000000014";"364,31";"306,1";"0,09508330610911463";"0,3009637373407383";"0,5882391375367526";"False";"BATANG TUBUH";"PASAL 25"
"13";"diterbitkan oleh Dinas, tetap harus mencantumkan NIK";"184,25";"543,6059999999999";"832,28";"844,28";"612,2";"ABCDEE+Bookman Old Style";"12,0";"363,92799999999994";"306,1";"0,09445932701731447";"0,3009637373407383";"0,5869911793531524";"False";"BATANG TUBUH";"PASAL 25"
"13";"sesuai dengan ketentuan peraturan perundang-undangan";"184,25";"544,206";"851,875";"863,875";"612,2";"ABCDEE+Bookman Old Style";"12,0";"364,228";"306,1";"0,09494936295328321";"0,3009637373407383";"0,5879712512250899";"False";"BATANG TUBUH";"PASAL 25"
"13";"yang berlaku.";"184,25";"264,638";"871,475";"883,475";"612,2";"ABCDEE+Bookman Old Style";"12,000000000000007";"224,444";"306,1";"0,13338124795818365";"0,3009637373407383";"0,1313100294021561";"False";"BATANG TUBUH";"PASAL 25"
"14";"14";"300,1";"314,94";"37,30000000000007";"49,30000000000007";"612,2";"ABCDEE+Bookman Old Style";"12,0";"307,52";"306,1";"0,0023195034302514847";"0,49019928128062723";"0,02424044429924857";"False";"HALAMAN";""
"14";"11. Ketentuan Pasal 53 ayat (1) diubah, sehingga berbunyi";"163,05";"543,7239999999999";"78,53000000000009";"90,53000000000009";"612,2";"ABCDEE+Bookman Old Style";"12,0";"353,38699999999994";"306,1";"0,07724109768049643";"0,2663345311989546";"0,6218131329630838";"False";"BATANG TUBUH";"PASAL 25"
"14";"sebagai berikut:";"184,25";"278,426";"99,32000000000005";"111,32000000000005";"612,2";"ABCDEE+Bookman Old Style";"12,0";"231,338";"306,1";"0,12212022214962434";"0,3009637373407383";"0,1538320810192747";"False";"BATANG TUBUH";"PASAL 25"
"14";"Pasal 53";"282,5";"332,324";"140,92000000000007";"152,92000000000007";"612,2";"ABCDEE+Bookman Old Style";"12,0";"307,41200000000003";"306,1";"0,0021430904933028615";"0,46145050637046714";"0,08138516824567137";"False";"BATANG TUBUH";"PASAL 53"
"14";"(1) Setiap kelahiran wajib dilaporkan oleh Penduduk kepada";"184,25";"543,87";"182,75";"194,75";"612,2";"ABCDEE+Bookman Old Style";"12,0";"364,06";"306,1";"0,09467494282914077";"0,3009637373407383";"0,5874224109768049";"False";"BATANG TUBUH";"PASAL 53"
"14";"Dinas paling lambat 60 (enam puluh) hari sejak";"205,48";"543,868";"203,55000000000007";"215,55000000000007";"612,2";"ABCDEE+Bookman Old Style";"12,0";"374,67400000000004";"306,1";"0,11201241424371122";"0,3356419470761189";"0,5527409343351846";"False";"BATANG TUBUH";"PASAL 53"
"14";"kelahiran.";"205,48";"265,32";"224,35000000000002";"236,35000000000002";"612,2";"ABCDEE+Bookman Old Style";"12,0";"235,39999999999998";"306,1";"0,11548513557660901";"0,3356419470761189";"0,09774583469454426";"False";"BATANG TUBUH";"PASAL 53"
"14";"(2) Berdasarkan laporan sebagaimana dimaksud pada";"184,25";"543,598";"245,1500000000001";"257,1500000000001";"612,2";"ABCDEE+Bookman Old Style";"12,0";"363,924";"306,1";"0,09445279320483495";"0,3009637373407383";"0,5869781117281933";"False";"BATANG TUBUH";"PASAL 53"
"14";"ayat (1), Pejabat Pencatatan Sipil mencatat pada";"205,48";"543,9639999999999";"265,95000000000005";"277,95000000000005";"612,2";"ABCDEE+Bookman Old Style";"12,0";"374,722";"306,1";"0,11209081999346611";"0,3356419470761189";"0,5528977458346944";"False";"BATANG TUBUH";"PASAL 53"
"14";"Register Akta Kelahiran dan menerbitkan Kutipan";"205,48";"543,5199999999999";"286,95000000000005";"298,95000000000005";"612,2";"ABCDEE+Bookman Old Style";"12,0";"374,49999999999994";"306,1";"0,11172819340084926";"0,3356419470761189";"0,5521724926494607";"False";"BATANG TUBUH";"PASAL 53"
"14";"Akta Kelahiran.";"205,48";"297,436";"307,7800000000001";"319,7800000000001";"612,2";"ABCDEE+Bookman Old Style";"12,0";"251,45799999999997";"306,1";"0,08925514537732775";"0,3356419470761189";"0,1502058150931068";"False";"BATANG TUBUH";"PASAL 53"
"14";"12. Ketentuan Pasal 57 diubah, sehingga berbunyi sebagai";"161,25";"543,732";"349,37";"361,37";"612,2";"ABCDEE+Bookman Old Style";"12,0";"352,491";"306,1";"0,07577752368507017";"0,26339431558314275";"0,6247664162038549";"False";"BATANG TUBUH";"PASAL 53"
"14";"berikut:";"184,25";"230,66600000000003";"370,1700000000001";"382,1700000000001";"612,2";"ABCDEE+Bookman Old Style";"12,0";"207,45800000000003";"306,1";"0,16112708265272785";"0,3009637373407383";"0,07581836001306766";"False";"BATANG TUBUH";"PASAL 53"
"14";"Pasal 57";"295,9";"345,724";"411,98";"423,98";"612,2";"ABCDEE+Bookman Old Style";"12,0";"320,812";"306,1";"0,024031362299901972";"0,4833387781770662";"0,08138516824567137";"False";"BATANG TUBUH";"PASAL 57"
"14";"Pelaporan kelahiran sebagaimana dimaksud dalam Pasal 53";"184,25";"543,59";"453,59999999999997";"465,59999999999997";"612,2";"ABCDEE+Bookman Old Style";"12,0";"363,92";"306,1";"0,09444625939235542";"0,3009637373407383";"0,5869650441032342";"False";"BATANG TUBUH";"PASAL 57"
"14";"ayat (1) yang melampaui batas waktu 60 (enam puluh) hari";"184,25";"543,6859999999999";"474,4";"486,4";"612,2";"ABCDEE+Bookman Old Style";"12,0";"363,96799999999996";"306,1";"0,09452466514211032";"0,3009637373407383";"0,587121855602744";"False";"BATANG TUBUH";"PASAL 57"
"14";"sejak tanggal kelahiran, pencatatan dan penerbitan Akta";"184,25";"543,914";"495,2";"507,2";"612,2";"ABCDEE+Bookman Old Style";"12,0";"364,082";"306,1";"0,09471087879777845";"0,3009637373407383";"0,5874942829140803";"False";"BATANG TUBUH";"PASAL 57"
"14";"Kelahiran dilaksanakan setelah mendapatkan Keputusan";"184,25";"544,218";"516,0";"528,0";"612,2";"ABCDEE+Bookman Old Style";"12,0";"364,234";"306,1";"0,09495916367200254";"0,3009637373407383";"0,5879908526625285";"False";"BATANG TUBUH";"PASAL 57"
"14";"Kepala Dinas.";"184,25";"266,054";"537,0";"549,0";"612,2";"ABCDEE+Bookman Old Style";"12,0";"225,152";"306,1";"0,13222476314929765";"0,3009637373407383";"0,13362299901992808";"False";"BATANG TUBUH";"PASAL 57"
"14";"13. Ketentuan Pasal 67 ayat (1) diubah, sehingga berbunyi";"163,05";"543,7239999999999";"578,62";"590,62";"612,2";"ABCDEE+Bookman Old Style";"12,0";"353,38699999999994";"306,1";"0,07724109768049643";"0,2663345311989546";"0,6218131329630838";"False";"BATANG TUBUH";"PASAL 57"
"14";"sebagai berikut:";"184,25";"278,51";"599,4200000000001";"611,4200000000001";"612,2";"ABCDEE+Bookman Old Style";"12,0";"231,38";"306,1";"0,12205161711858874";"0,3009637373407383";"0,15396929108134594";"False";"BATANG TUBUH";"PASAL 57"
"14";"Pasal 67";"282,5";"332,324";"641,23";"653,23";"612,2";"ABCDEE+Bookman Old Style";"12,0";"307,41200000000003";"306,1";"0,0021430904933028615";"0,46145050637046714";"0,08138516824567137";"False";"BATANG TUBUH";"PASAL 67"
"14";"(1) Setiap kematian wajib dilaporkan oleh Ketua Rukun";"184,25";"543,684";"682,85";"694,85";"612,2";"ABCDEE+Bookman Old Style";"11,999999999999972";"363,967";"306,1";"0,09452303168899046";"0,3009637373407383";"0,5871185886965044";"False";"BATANG TUBUH";"PASAL 67"
"14";"Tetangga atau nama lainnya di domisili penduduk";"205,48";"543,6040000000002";"703,65";"715,65";"612,2";"ABCDEE+Bookman Old Style";"12,0";"374,5420000000001";"306,1";"0,1117967984318851";"0,3356419470761189";"0,5523097027115323";"False";"BATANG TUBUH";"PASAL 67"
"14";"kepada Dinas paling lambat 30 (tiga puluh) hari sejak";"205,48";"543,824";"724,45";"736,45";"612,2";"ABCDEE+Bookman Old Style";"12,0";"374,652";"306,1";"0,11197647827507344";"0,3356419470761189";"0,552669062397909";"False";"BATANG TUBUH";"PASAL 67"
"14";"tanggal kematian.";"205,48";"311,14";"745,25";"757,25";"612,2";"ABCDEE+Bookman Old Style";"12,0";"258,31";"306,1";"0,07806272459980401";"0,3356419470761189";"0,17259065664815418";"False";"BATANG TUBUH";"PASAL 67"
"14";"(2) Berdasarkan laporan sebagaimana dimaksud pada";"184,25";"543,598";"766,25";"778,25";"612,2";"ABCDEE+Bookman Old Style";"12,0";"363,924";"306,1";"0,09445279320483495";"0,3009637373407383";"0,5869781117281933";"False";"BATANG TUBUH";"PASAL 67"
"14";"ayat (1) Pejabat Pencatatan Sipil mencatat pada Register";"205,48";"543,6519999999998";"787,05";"799,05";"612,2";"ABCDEE+Bookman Old Style";"12,0";"374,5659999999999";"306,1";"0,11183600130676231";"0,3356419470761189";"0,5523881084612868";"False";"BATANG TUBUH";"PASAL 67"
"14";"Akta Kematian dan menerbitkan Kutipan Akta Kematian.";"205,48";"543,368";"807,87";"819,87";"612,2";"ABCDEE+Bookman Old Style";"12,0";"374,42400000000004";"306,1";"0,11160405096373735";"0,3356419470761189";"0,5519242077752369";"False";"BATANG TUBUH";"PASAL 67"
"14";"(3) Pencatatan kematian sebagaimana dimaksud pada";"184,25";"543,78";"828,67";"840,67";"612,2";"ABCDEE+Bookman Old Style";"12,0";"364,015";"306,1";"0,09460143743874544";"0,3009637373407383";"0,5872754001960143";"False";"BATANG TUBUH";"PASAL 67"
"14";"ayat (2) dilakukan berdasarkan keterangan kematian";"205,48";"543,822";"849,475";"861,475";"612,2";"ABCDEE+Bookman Old Style";"12,0";"374,651";"306,1";"0,11197484482195358";"0,3356419470761189";"0,5526657954916693";"False";"BATANG TUBUH";"PASAL 67"
"14";"dari pihak yang berwenang.";"205,48";"369,00399999999996";"870,275";"882,275";"612,2";"ABCDEE+Bookman Old Style";"12,0";"287,24199999999996";"306,1";"0,030803658934988664";"0,3356419470761189";"0,267108787977785";"False";"BATANG TUBUH";"PASAL 67"
"15";"15";"300,1";"314,94";"37,30000000000007";"49,30000000000007";"612,2";"ABCDEE+Bookman Old Style";"12,0";"307,52";"306,1";"0,0023195034302514847";"0,49019928128062723";"0,02424044429924857";"False";"HALAMAN";""
"15";"(4) Dalam hal terjadi ketidakjelasan keberadaan seseorang";"184,25";"543,676";"78,53000000000009";"90,53000000000009";"612,2";"ABCDEE+Bookman Old Style";"12,0";"363,963";"306,1";"0,09451649787651094";"0,3009637373407383";"0,5871055210715452";"False";"BATANG TUBUH";"PASAL 67"
"15";"karena hilang atau mati tetapi tidak ditemukan";"205,48";"543,6639999999999";"97,92000000000007";"109,92000000000007";"612,2";"ABCDEE+Bookman Old Style";"12,0";"374,57199999999995";"306,1";"0,11184580202548174";"0,3356419470761189";"0,5524077098987257";"False";"BATANG TUBUH";"PASAL 67"
"15";"jenazahnya, pencatatan oleh Pejabat Pencatatan Sipil";"205,48";"543,784";"117,32000000000005";"129,32000000000005";"612,2";"ABCDEE+Bookman Old Style";"12,0";"374,632";"306,1";"0,11194380921267556";"0,3356419470761189";"0,5526037242731133";"False";"BATANG TUBUH";"PASAL 67"
"15";"baru dilakukan setelah adanya Penetapan Pengadilan.";"205,48";"526,66";"136,73000000000002";"148,73000000000002";"612,2";"ABCDEE+Bookman Old Style";"12,0";"366,07";"306,1";"0,09795818360013062";"0,3356419470761189";"0,5246324730480234";"False";"BATANG TUBUH";"PASAL 67"
"15";"(5) Dalam hal terjadi kematian seseorang yang tidak jelas";"184,25";"543,6039999999999";"156,12";"168,12";"612,2";"ABCDEE+Bookman Old Style";"12,0";"363,92699999999996";"306,1";"0,0944576935641946";"0,3009637373407383";"0,5869879124469126";"False";"BATANG TUBUH";"PASAL 67"
"15";"identitasnya, Dinas melakukan pencatatan kematian";"205,48";"543,688";"175,5300000000001";"187,5300000000001";"612,2";"ABCDEE+Bookman Old Style";"12,0";"374,584";"306,1";"0,11186540346292058";"0,3356419470761189";"0,5524469127736034";"False";"BATANG TUBUH";"PASAL 67"
"15";"berdasarkan keterangan dari Kepolisian.";"205,48";"445,16799999999995";"195,1500000000001";"207,1500000000001";"612,2";"ABCDEE+Bookman Old Style";"12,0";"325,32399999999996";"306,1";"0,03140150277687019";"0,3356419470761189";"0,3915191114015027";"False";"BATANG TUBUH";"PASAL 67"
"15";"14. Ketentuan Pasal 71 ayat (2) diubah, sehingga berbunyi";"163,05";"543,7239999999999";"233,95000000000005";"245,95000000000005";"612,2";"ABCDEE+Bookman Old Style";"12,0";"353,38699999999994";"306,1";"0,07724109768049643";"0,2663345311989546";"0,6218131329630838";"False";"BATANG TUBUH";"PASAL 67"
"15";"sebagai berikut:";"184,25";"278,426";"253,35000000000002";"265,35";"612,2";"ABCDEE+Bookman Old Style";"12,0";"231,338";"306,1";"0,12212022214962434";"0,3009637373407383";"0,1538320810192747";"False";"BATANG TUBUH";"PASAL 67"
"15";"Pasal 71";"282,5";"332,324";"292,1500000000001";"304,1500000000001";"612,2";"ABCDEE+Bookman Old Style";"12,0";"307,41200000000003";"306,1";"0,0021430904933028615";"0,46145050637046714";"0,08138516824567137";"False";"BATANG TUBUH";"PASAL 71"
"15";"(1) Pengakuan anak wajib dilaporkan oleh orang tua pada";"184,25";"543,7639999999999";"330,98";"342,98";"612,2";"ABCDEE+Bookman Old Style";"12,0";"364,00699999999995";"306,1";"0,09458836981378621";"0,3009637373407383";"0,5872492649460959";"False";"BATANG TUBUH";"PASAL 71"
"15";"Dinas paling lambat 30 (tiga puluh) hari sejak tanggal";"205,48";"543,6999999999999";"350,57000000000005";"362,57000000000005";"612,2";"ABCDEE+Bookman Old Style";"12,0";"374,59";"306,1";"0,1118752041816399";"0,3356419470761189";"0,552466514211042";"False";"BATANG TUBUH";"PASAL 71"
"15";"Surat Pengakuan Anak oleh ayah dan disetujui oleh ibu";"205,48";"543,46";"369,98";"381,98";"612,2";"ABCDEE+Bookman Old Style";"12,0";"374,47";"306,1";"0,11167918980725253";"0,3356419470761189";"0,5520744854622672";"False";"BATANG TUBUH";"PASAL 71"
"15";"dari anak yang bersangkutan.";"205,48";"382,96999999999997";"389,37";"401,37";"612,2";"ABCDEE+Bookman Old Style";"12,0";"294,22499999999997";"306,1";"0,019397255798758666";"0,3356419470761189";"0,28992159425024494";"False";"BATANG TUBUH";"PASAL 71"
"15";"(2) Pengakuan anak hanya berlaku bagi anak yang orang";"184,25";"543,804";"408,7800000000001";"420,7800000000001";"612,2";"ABCDEE+Bookman Old Style";"12,0";"364,027";"306,1";"0,09462103887618419";"0,3009637373407383";"0,5873146030708918";"False";"BATANG TUBUH";"PASAL 71"
"15";"tuanya telah melaksanakan perkawinan sah menurut";"205,48";"543,8719999999998";"428,20000000000005";"440,2";"612,2";"ABCDEE+Bookman Old Style";"11,999999999999943";"374,67599999999993";"306,1";"0,11201568114995084";"0,3356419470761189";"0,5527474681476638";"False";"BATANG TUBUH";"PASAL 71"
"15";"hukum agama, tetapi belum sah menurut hukum";"205,48";"543,808";"447,59999999999997";"459,59999999999997";"612,2";"ABCDEE+Bookman Old Style";"12,0";"374,644";"306,1";"0,11196341065011431";"0,3356419470761189";"0,5526429271479908";"False";"BATANG TUBUH";"PASAL 71"
"15";"Negara.";"205,48";"249,88";"467,0";"479,0";"612,2";"ABCDEE+Bookman Old Style";"12,0";"227,68";"306,1";"0,1280953936622019";"0,3356419470761189";"0,07252531852335839";"False";"BATANG TUBUH";"PASAL 71"
"15";"(3) Berdasarkan laporan sebagaimana dimaksud pada";"184,25";"543,598";"486,59999999999997";"498,59999999999997";"612,2";"ABCDEE+Bookman Old Style";"12,0";"363,924";"306,1";"0,09445279320483495";"0,3009637373407383";"0,5869781117281933";"False";"BATANG TUBUH";"PASAL 71"
"15";"ayat (1), Pejabat Pencatatan Sipil mencatat pada";"205,48";"543,9639999999999";"506,0";"518,0";"612,2";"ABCDEE+Bookman Old Style";"12,0";"374,722";"306,1";"0,11209081999346611";"0,3356419470761189";"0,5528977458346944";"False";"BATANG TUBUH";"PASAL 71"
"15";"Register Akta Pengakuan Anak dan menerbitkan";"205,48";"544,088";"525,4";"537,4";"612,2";"ABCDEE+Bookman Old Style";"12,0";"374,784";"306,1";"0,11219209408689965";"0,3356419470761189";"0,5531002940215615";"False";"BATANG TUBUH";"PASAL 71"
"15";"Kutipan Akta Pengakuan Anak.";"205,48";"391,35999999999996";"544,8";"556,8";"612,2";"ABCDEE+Bookman Old Style";"12,0";"298,41999999999996";"306,1";"0,012544919960797228";"0,3356419470761189";"0,3036262659261678";"False";"BATANG TUBUH";"PASAL 71"
"15";"15. Ketentuan Pasal 72 ayat (2) dan ayat (3) diubah, sehingga";"163,05";"543,856";"583,62";"595,62";"612,2";"ABCDEE+Bookman Old Style";"12,0";"353,453";"306,1";"0,07734890558640958";"0,2663345311989546";"0,6220287487749101";"False";"BATANG TUBUH";"PASAL 71"
"15";"berbunyi sebagai berikut:";"184,25";"334,94";"603,03";"615,03";"612,2";"ABCDEE+Bookman Old Style";"12,0";"259,595";"306,1";"0,0759637373407383";"0,3009637373407383";"0,2461450506370467";"False";"BATANG TUBUH";"PASAL 71"
"15";"Pasal 72";"282,5";"332,324";"642,03";"654,03";"612,2";"ABCDEE+Bookman Old Style";"12,0";"307,41200000000003";"306,1";"0,0021430904933028615";"0,46145050637046714";"0,08138516824567137";"False";"BATANG TUBUH";"PASAL 72"
"15";"(1) Setiap pengesahan anak wajib dilaporkan oleh orang tua";"184,25";"543,7560000000001";"680,85";"692,85";"612,2";"ABCDEE+Bookman Old Style";"11,999999999999972";"364,00300000000004";"306,1";"0,09458183600130679";"0,3009637373407383";"0,587236197321137";"False";"BATANG TUBUH";"PASAL 72"
"15";"kepada Dinas paling lambat 30 (tiga puluh) hari sejak";"205,48";"543,5780000000001";"700,25";"712,25";"612,2";"ABCDEE+Bookman Old Style";"12,0";"374,52900000000005";"306,1";"0,11177556354132641";"0,3356419470761189";"0,552267232930415";"False";"BATANG TUBUH";"PASAL 72"
"15";"ayah dan ibu dari anak yang bersangkutan melakukan";"205,48";"544,0899999999999";"719,65";"731,65";"612,2";"ABCDEE+Bookman Old Style";"12,0";"374,78499999999997";"306,1";"0,11219372754001951";"0,3356419470761189";"0,5531035609278012";"False";"BATANG TUBUH";"PASAL 72"
"15";"perkawinan dan mendapatkan akta perkawinan.";"205,48";"492,18399999999997";"739,05";"751,05";"612,2";"ABCDEE+Bookman Old Style";"12,0";"348,832";"306,1";"0,0698007187193727";"0,3356419470761189";"0,46831754328650754";"False";"BATANG TUBUH";"PASAL 72"
"15";"(2) Pengesahan anak hanya berlaku bagi anak yang orang";"184,25";"543,5880000000001";"758,45";"770,45";"612,2";"ABCDEE+Bookman Old Style";"12,0";"363,91900000000004";"306,1";"0,09444462593923557";"0,3009637373407383";"0,5869617771969945";"False";"BATANG TUBUH";"PASAL 72"
"15";"tuanya telah melaksanakan perkawinan sah menurut";"205,48";"543,6999999999999";"778,05";"790,05";"612,2";"ABCDEE+Bookman Old Style";"12,0";"374,59";"306,1";"0,1118752041816399";"0,3356419470761189";"0,552466514211042";"False";"BATANG TUBUH";"PASAL 72"
"15";"hukum agama dan hukum Negara.";"205,48";"412,334";"797,45";"809,45";"612,2";"ABCDEE+Bookman Old Style";"12,0";"308,907";"306,1";"0,004585102907546487";"0,3356419470761189";"0,33788631166285527";"False";"BATANG TUBUH";"PASAL 72"
"15";"(3) Berdasarkan laporan pengesahan anak sebagaimana";"184,25";"543,7900000000001";"816,87";"828,87";"612,2";"ABCDEE+Bookman Old Style";"12,0";"364,02000000000004";"306,1";"0,094609604704345";"0,3009637373407383";"0,5872917347272134";"False";"BATANG TUBUH";"PASAL 72"
"15";"dimaksud pada ayat (1), Pejabat Pencatatan Sipil";"205,48";"544,0500000000001";"836,275";"848,275";"612,2";"ABCDEE+Bookman Old Style";"12,0";"374,76500000000004";"306,1";"0,11216105847762171";"0,3356419470761189";"0,5530382228030056";"False";"BATANG TUBUH";"PASAL 72"
"15";"mencatat pada register akta pengesahan anak dan";"205,48";"543,8799999999998";"855,675";"867,675";"612,2";"ABCDEE+Bookman Old Style";"12,0";"374,6799999999999";"306,1";"0,11202221496243035";"0,3356419470761189";"0,5527605357726229";"False";"BATANG TUBUH";"PASAL 72"
"15";"menerbitkan kutipan akta pengesahan anak.";"205,48";"471,12399999999997";"875,075";"887,075";"612,2";"ABCDEE+Bookman Old Style";"12,0";"338,30199999999996";"306,1";"0,05260045736687347";"0,3356419470761189";"0,43391702058150927";"False";"BATANG TUBUH";"PASAL 72"
"16";"16";"300,1";"314,94";"37,30000000000007";"49,30000000000007";"612,2";"ABCDEE+Bookman Old Style";"12,0";"307,52";"306,1";"0,0023195034302514847";"0,49019928128062723";"0,02424044429924857";"False";"HALAMAN";""
"16";"16. Ketentuan Pasal 77 dihapus.";"163,05";"354,6839999999999";"78,53000000000009";"90,53000000000009";"612,2";"ABCDEE+Bookman Old Style";"12,0";"258,86699999999996";"306,1";"0,0771528912120223";"0,2663345311989546";"0,3130251551780462";"False";"BATANG TUBUH";"PASAL 72"
"16";"17. Ketentuan Pasal 79 ayat (2) ditambahkan 4 (empat) huruf,";"163,05";"543,9159999999999";"121,32000000000005";"133,32000000000005";"612,2";"ABCDEE+Bookman Old Style";"12,0";"353,48299999999995";"306,1";"0,0773979091800064";"0,2663345311989546";"0,6221267559621038";"False";"BATANG TUBUH";"PASAL 72"
"16";"yakni huruf bb, huruf cc, huruf dd, dan huruf ee, serta";"184,25";"543,4820000000001";"142,73000000000002";"154,73000000000002";"612,2";"ABCDEE+Bookman Old Style";"12,0";"363,86600000000004";"306,1";"0,09435805292388111";"0,3009637373407383";"0,5867886311662857";"False";"BATANG TUBUH";"PASAL 72"
"16";"ditambah 1 (satu) ayat, yakni ayat (4), sehingga berbunyi";"184,25";"543,83";"164,12";"176,12";"612,2";"ABCDEE+Bookman Old Style";"12,0";"364,04";"306,1";"0,09464227376674289";"0,3009637373407383";"0,5873570728520092";"False";"BATANG TUBUH";"PASAL 72"
"16";"sebagai berikut:";"184,25";"278,51";"185,55000000000007";"197,55000000000007";"612,2";"ABCDEE+Bookman Old Style";"12,0";"231,38";"306,1";"0,12205161711858874";"0,3009637373407383";"0,15396929108134594";"False";"BATANG TUBUH";"PASAL 72"
"16";"Pasal 79";"282,5";"332,324";"228,55000000000007";"240,55000000000007";"612,2";"ABCDEE+Bookman Old Style";"12,0";"307,41200000000003";"306,1";"0,0021430904933028615";"0,46145050637046714";"0,08138516824567137";"False";"BATANG TUBUH";"PASAL 79"
"16";"(1) Data Kependudukan terdiri atas data perseorangan";"184,25";"543,508";"271,35";"283,35";"612,2";"ABCDEE+Bookman Old Style";"12,0";"363,879";"306,1";"0,09437928781443972";"0,3009637373407383";"0,5868311009474029";"False";"BATANG TUBUH";"PASAL 79"
"16";"dan/atau data agregat Penduduk.";"205,48";"405,92799999999994";"292,75";"304,75";"612,2";"ABCDEE+Bookman Old Style";"12,0";"305,70399999999995";"306,1";"0,000646847435478719";"0,3356419470761189";"0,32742241097680486";"False";"BATANG TUBUH";"PASAL 79"
"16";"(2) Data perseorangan meliputi:";"184,25";"372,99999999999994";"314,1700000000001";"326,1700000000001";"612,2";"ABCDEE+Bookman Old Style";"12,0";"278,625";"306,1";"0,04487912446912777";"0,3009637373407383";"0,30831427638026776";"False";"BATANG TUBUH";"PASAL 79"
"16";"a. nomor KK;";"205,48";"289,7";"335,57000000000005";"347,57000000000005";"612,2";"ABCDEE+Bookman Old Style";"12,0";"247,58999999999997";"306,1";"0,09557334204508337";"0,3356419470761189";"0,13756942175759554";"False";"BATANG TUBUH";"PASAL 79"
"16";"b. NIK;";"205,48";"252,116";"356,98";"368,98";"612,2";"ABCDEE+Bookman Old Style";"12,0";"228,798";"306,1";"0,1262691930741588";"0,3356419470761189";"0,07617771969944466";"False";"BATANG TUBUH";"PASAL 79"
"16";"c. nama lengkap;";"205,48";"313,66399999999993";"378,37";"390,37";"612,2";"ABCDEE+Bookman Old Style";"12,0";"259,57199999999995";"306,1";"0,07600130676249604";"0,3356419470761189";"0,17671349232277023";"False";"BATANG TUBUH";"PASAL 79"
"16";"d. jenis kelamin;";"205,48";"309,104";"399,7800000000001";"411,7800000000001";"612,2";"ABCDEE+Bookman Old Style";"12,0";"257,292";"306,1";"0,07972557987585764";"0,3356419470761189";"0,16926494609604703";"False";"BATANG TUBUH";"PASAL 79"
"16";"e. tempat lahir;";"205,48";"302,852";"421,37";"433,36999999999995";"612,2";"ABCDEE+Bookman Old Style";"11,999999999999943";"254,166";"306,1";"0,08483175432865081";"0,3356419470761189";"0,1590525971904606";"False";"BATANG TUBUH";"PASAL 79"
"16";"f. tanggal/bulan/tahun lahir;";"205,48";"388,80999999999995";"442,8";"454,8";"612,2";"ABCDEE+Bookman Old Style";"12,0";"297,145";"306,1";"0,0146275726886639";"0,3356419470761189";"0,2994609604704344";"False";"BATANG TUBUH";"PASAL 79"
"16";"g. golongan darah;";"205,48";"322,02799999999996";"464,2";"476,2";"612,2";"ABCDEE+Bookman Old Style";"12,0";"263,75399999999996";"306,1";"0,0691702058150932";"0,3356419470761189";"0,19037569421757589";"False";"BATANG TUBUH";"PASAL 79"
"16";"h. agama/kepercayaan;";"205,48";"350,61199999999997";"485,59999999999997";"497,59999999999997";"612,2";"ABCDEE+Bookman Old Style";"12,0";"278,046";"306,1";"0,045824893825547254";"0,3356419470761189";"0,2370663181966677";"False";"BATANG TUBUH";"PASAL 79"
"16";"i. status perkawinan;";"205,48";"340,412";"507,0";"519,0";"612,2";"ABCDEE+Bookman Old Style";"12,0";"272,94599999999997";"306,1";"0,05415550473701413";"0,3356419470761189";"0,22040509637373404";"False";"BATANG TUBUH";"PASAL 79"
"16";"j. status hubungan dalam keluarga;";"205,48";"427,12399999999997";"528,4";"540,4";"612,2";"ABCDEE+Bookman Old Style";"12,0";"316,30199999999996";"306,1";"0,016664488729173376";"0,3356419470761189";"0,3620450833061091";"False";"BATANG TUBUH";"PASAL 79"
"16";"k. cacat fisik dan/atau mental;";"205,48";"394,58";"549,8";"561,8";"612,2";"ABCDEE+Bookman Old Style";"12,0";"300,03";"306,1";"0,009915060437765516";"0,3356419470761189";"0,30888598497223124";"False";"BATANG TUBUH";"PASAL 79"
"16";"l. pendidikan terakhir;";"205,48";"347,67199999999997";"571,23";"583,23";"612,2";"ABCDEE+Bookman Old Style";"12,0";"276,57599999999996";"306,1";"0,04822606991179362";"0,3356419470761189";"0,23226396602417507";"False";"BATANG TUBUH";"PASAL 79"
"16";"m. jenis pekerjaan;";"205,48";"320,09599999999995";"592,62";"604,62";"612,2";"ABCDEE+Bookman Old Style";"12,0";"262,78799999999995";"306,1";"0,07074812152891223";"0,3356419470761189";"0,18721986278993785";"False";"BATANG TUBUH";"PASAL 79"
"16";"n. NIK ibu kandung;";"205,48";"331,448";"614,23";"626,23";"612,2";"ABCDEE+Bookman Old Style";"12,0";"268,464";"306,1";"0,06147664162038553";"0,3356419470761189";"0,20576282260699114";"False";"BATANG TUBUH";"PASAL 79"
"16";"o. nama ibu kandung;";"205,48";"343,02799999999996";"635,62";"647,62";"612,2";"ABCDEE+Bookman Old Style";"12,0";"274,25399999999996";"306,1";"0,05201894805619088";"0,3356419470761189";"0,22467820973538052";"False";"BATANG TUBUH";"PASAL 79"
"16";"p. NIK ayah;";"205,48";"284,27599999999995";"657,03";"669,03";"612,2";"ABCDEE+Bookman Old Style";"12,0";"244,878";"306,1";"0,10000326690623984";"0,3356419470761189";"0,12870957203528252";"False";"BATANG TUBUH";"PASAL 79"
"16";"q. nama ayah;";"205,48";"296,03599999999994";"678,45";"690,45";"612,2";"ABCDEE+Bookman Old Style";"12,0";"250,75799999999998";"306,1";"0,09039856256125456";"0,3356419470761189";"0,1479189807252531";"False";"BATANG TUBUH";"PASAL 79"
"16";"r. alamat sebelumnya;";"205,48";"345,30799999999994";"699,85";"711,85";"612,2";"ABCDEE+Bookman Old Style";"12,0";"275,39399999999995";"306,1";"0,05015681149951008";"0,3356419470761189";"0,22840248284874215";"False";"BATANG TUBUH";"PASAL 79"
"16";"s. alamat sekarang;";"205,48";"328,21999999999997";"721,25";"733,25";"612,2";"ABCDEE+Bookman Old Style";"12,0";"266,84999999999997";"306,1";"0,06411303495589685";"0,3356419470761189";"0,2004900359359686";"False";"BATANG TUBUH";"PASAL 79"
"16";"t. kepemilikan akta kelahiran/surat kenal lahir;";"205,48";"497,52799999999996";"742,65";"754,65";"612,2";"ABCDEE+Bookman Old Style";"12,0";"351,50399999999996";"306,1";"0,07416530545573331";"0,3356419470761189";"0,477046716759229";"False";"BATANG TUBUH";"PASAL 79"
"16";"u. nomor akta kelahiran/nomor surat kenal lahir;";"205,48";"505,304";"764,05";"776,05";"612,2";"ABCDEE+Bookman Old Style";"12,0";"355,392";"306,1";"0,08051617118588691";"0,3356419470761189";"0,489748448219536";"False";"BATANG TUBUH";"PASAL 79"
"16";"v. kepemilikan akta perkawinan/buku nikah;";"205,48";"481,17199999999985";"785,45";"797,45";"612,2";"ABCDEE+Bookman Old Style";"12,0";"343,3259999999999";"306,1";"0,06080692584122817";"0,3356419470761189";"0,45032995753021865";"False";"BATANG TUBUH";"PASAL 79"
"16";"w. nomor akta perkawinan/buku nikah;";"205,48";"447,3439999999999";"807,0799999999999";"819,08";"612,2";"ABCDEE+Bookman Old Style";"12,000000000000014";"326,4119999999999";"306,1";"0,03317869977131639";"0,3356419470761189";"0,3950735053903951";"False";"BATANG TUBUH";"PASAL 79"
"16";"x. tanggal perkawinan;";"205,48";"346,6039999999999";"828,48";"840,48";"612,2";"ABCDEE+Bookman Old Style";"12,0";"276,042";"306,1";"0,049098333877817785";"0,3356419470761189";"0,23051943809212663";"False";"BATANG TUBUH";"PASAL 79"
"16";"y. kepemilikan akta perceraian;";"205,48";"398,02399999999994";"849,875";"861,875";"612,2";"ABCDEE+Bookman Old Style";"12,0";"301,75199999999995";"306,1";"0,007102254165305569";"0,3356419470761189";"0,3145115975171512";"False";"BATANG TUBUH";"PASAL 79"
"16";"z. nomor akta perceraian/surat cerai;";"205,48";"434,844";"871,275";"883,275";"612,2";"ABCDEE+Bookman Old Style";"12,0";"320,162";"306,1";"0,022969617771969868";"0,3356419470761189";"0,37465534139170203";"False";"BATANG TUBUH";"PASAL 79"
"17";"17";"300,1";"314,94";"37,30000000000007";"49,30000000000007";"612,2";"ABCDEE+Bookman Old Style";"12,0";"307,52";"306,1";"0,0023195034302514847";"0,49019928128062723";"0,02424044429924857";"False";"HALAMAN";""
"17";"aa. tanggal perceraian;";"205,48";"339,60799999999995";"78,53000000000009";"90,53000000000009";"612,2";"ABCDEE+Bookman Old Style";"12,0";"272,544";"306,1";"0,054812152891212086";"0,3356419470761189";"0,21909180006533804";"False";"BATANG TUBUH";"PASAL 79"
"17";"bb. sidik jari;";"205,48";"282,116";"98,92000000000007";"110,92000000000007";"612,2";"ABCDEE+Bookman Old Style";"12,0";"243,798";"306,1";"0,10176739627572691";"0,3356419470761189";"0,12518131329630838";"False";"BATANG TUBUH";"PASAL 79"
"17";"cc. iris mata;";"205,48";"282,87199999999996";"119,32000000000005";"131,32000000000005";"612,2";"ABCDEE+Bookman Old Style";"12,0";"244,176";"306,1";"0,10114995099640646";"0,3356419470761189";"0,1264162038549493";"False";"BATANG TUBUH";"PASAL 79"
"17";"dd. tanda tangan; dan";"205,48";"335,3";"139,73000000000002";"151,73000000000002";"612,2";"ABCDEE+Bookman Old Style";"12,0";"270,39";"306,1";"0,05833061091146689";"0,3356419470761189";"0,2120548840248285";"False";"BATANG TUBUH";"PASAL 79"
"17";"ee. elemen data lainnya merupakan aib seseorang.";"205,48";"504,59";"160,12";"172,12";"612,2";"ABCDEE+Bookman Old Style";"12,0";"355,03499999999997";"306,1";"0,07993302842208419";"0,3356419470761189";"0,4885821626919307";"False";"BATANG TUBUH";"PASAL 79"
"17";"(3) Data agregat sebagaimana dimaksud pada ayat (1)";"184,25";"543,712";"180,55000000000007";"192,55000000000007";"612,2";"ABCDEE+Bookman Old Style";"12,0";"363,981";"306,1";"0,09454590003266901";"0,3009637373407383";"0,5871643253838614";"False";"BATANG TUBUH";"PASAL 79"
"17";"meliputi himpunan data perseorangan yang berupa data";"205,48";"543,484";"200,95000000000005";"212,95000000000005";"612,2";"ABCDEE+Bookman Old Style";"12,0";"374,482";"306,1";"0,11169879124469127";"0,3356419470761189";"0,5521136883371447";"False";"BATANG TUBUH";"PASAL 79"
"17";"kuantitatif dan data kualitatif.";"205,48";"384,68";"221,55000000000007";"233,55000000000007";"612,2";"ABCDEE+Bookman Old Style";"12,0";"295,08";"306,1";"0,01800065338124802";"0,3356419470761189";"0,29271479908526626";"False";"BATANG TUBUH";"PASAL 79"
"17";"(4) Data Kependudukan sebagaimana dimaksud pada";"184,25";"543,6279999999999";"241,95000000000005";"253,95000000000005";"612,2";"ABCDEE+Bookman Old Style";"12,0";"363,93899999999996";"306,1";"0,09447729500163335";"0,3009637373407383";"0,5870271153217901";"False";"BATANG TUBUH";"PASAL 79"
"17";"ayat (1), ayat (2), dan ayat (3) yang digunakan untuk";"205,48";"543,628";"262,35";"274,35";"612,2";"ABCDEE+Bookman Old Style";"12,0";"374,55400000000003";"306,1";"0,11181639986932375";"0,3356419470761189";"0,5523489055864097";"False";"BATANG TUBUH";"PASAL 79"
"17";"semua keperluan adalah Data Kependudukan dari";"205,48";"543,592";"282,75";"294,75";"612,2";"ABCDEE+Bookman Old Style";"12,0";"374,536";"306,1";"0,1117869977131656";"0,3356419470761189";"0,5522901012740934";"False";"BATANG TUBUH";"PASAL 79"
"17";"Kementerian yang bertanggung jawab dalam urusan";"205,48";"543,6879999999999";"303,1700000000001";"315,1700000000001";"612,2";"ABCDEE+Bookman Old Style";"12,0";"374,58399999999995";"306,1";"0,11186540346292048";"0,3356419470761189";"0,5524469127736031";"False";"BATANG TUBUH";"PASAL 79"
"17";"pemerintahan dalam negeri, antara lain untuk";"205,48";"544,134";"323,57000000000005";"335,57000000000005";"612,2";"ABCDEE+Bookman Old Style";"12,0";"374,807";"306,1";"0,11222966350865728";"0,3356419470761189";"0,5531754328650768";"False";"BATANG TUBUH";"PASAL 79"
"17";"pemanfaatan:";"205,48";"286,53999999999996";"343,98";"355,98";"612,2";"ABCDEE+Bookman Old Style";"12,0";"246,01";"306,1";"0,09815419797451817";"0,3356419470761189";"0,13240770989872586";"False";"BATANG TUBUH";"PASAL 79"
"17";"a. pelayanan publik;";"205,48";"325,46";"364,37";"376,37";"612,2";"ABCDEE+Bookman Old Style";"12,0";"265,46999999999997";"306,1";"0,06636720026135258";"0,3356419470761189";"0,19598170532505713";"False";"BATANG TUBUH";"PASAL 79"
"17";"b. perencanaan pembangunan;";"205,48";"388,19599999999997";"384,98";"396,98";"612,2";"ABCDEE+Bookman Old Style";"12,0";"296,83799999999997";"306,1";"0,015129042796471833";"0,3356419470761189";"0,29845802025481866";"False";"BATANG TUBUH";"PASAL 79"
"17";"c. alokasi anggaran;";"205,48";"323,816";"405,37";"417,37";"612,2";"ABCDEE+Bookman Old Style";"12,0";"264,64799999999997";"306,1";"0,06770989872590664";"0,3356419470761189";"0,193296308395949";"False";"BATANG TUBUH";"PASAL 79"
"17";"d. pembangunan demokrasi; dan";"205,48";"399,11600000000004";"425,78";"437,78";"612,2";"ABCDEE+Bookman Old Style";"12,0";"302,298";"306,1";"0,006210388761842569";"0,3356419470761189";"0,31629532832407714";"False";"BATANG TUBUH";"PASAL 79"
"17";"e. penegakan hukum dan pencegahan kriminal.";"205,48";"487,5679999999999";"446,2";"458,2";"612,2";"ABCDEE+Bookman Old Style";"12,0";"346,52399999999994";"306,1";"0,0660307089186539";"0,3356419470761189";"0,46077752368507013";"False";"BATANG TUBUH";"PASAL 79"
"17";"18. Ketentuan Pasal 82 ayat (2) dihapus, sehingga berbunyi";"163,05";"544,062";"487,0";"499,0";"612,2";"ABCDEE+Bookman Old Style";"12,0";"353,55600000000004";"306,1";"0,07751715125775893";"0,2663345311989546";"0,6223652401176086";"False";"BATANG TUBUH";"PASAL 79"
"17";"sebagai berikut:";"184,25";"278,426";"507,4";"519,4";"612,2";"ABCDEE+Bookman Old Style";"12,0";"231,338";"306,1";"0,12212022214962434";"0,3009637373407383";"0,1538320810192747";"False";"BATANG TUBUH";"PASAL 79"
"17";"Pasal 82";"282,5";"332,324";"548,4";"560,4";"612,2";"ABCDEE+Bookman Old Style";"12,0";"307,41200000000003";"306,1";"0,0021430904933028615";"0,46145050637046714";"0,08138516824567137";"False";"BATANG TUBUH";"PASAL 82"
"17";"(1) KK memuat keterangan mengenai kolom nomor KK,";"184,25";"543,9380000000001";"589,23";"601,23";"612,2";"ABCDEE+Bookman Old Style";"12,0";"364,09400000000005";"306,1";"0,09473048023521728";"0,3009637373407383";"0,587533485788958";"False";"BATANG TUBUH";"PASAL 82"
"17";"nama lengkap kepala keluarga dan anggota keluarga,";"205,48";"543,6179999999999";"609,62";"621,62";"612,2";"ABCDEE+Bookman Old Style";"12,0";"374,549";"306,1";"0,11180823260372419";"0,3356419470761189";"0,5523325710552105";"False";"BATANG TUBUH";"PASAL 82"
"17";"NIK, jenis kelamin, alamat, tempat lahir, tanggal lahir,";"205,48";"543,6160000000001";"630,03";"642,03";"612,2";"ABCDEE+Bookman Old Style";"12,0";"374,54800000000006";"306,1";"0,11180659915060442";"0,3356419470761189";"0,552329304148971";"False";"BATANG TUBUH";"PASAL 82"
"17";"agama, pendidikan, pekerjaan, status perkawinan,";"205,48";"543,932";"650,4200000000001";"662,4200000000001";"612,2";"ABCDEE+Bookman Old Style";"12,0";"374,706";"306,1";"0,11206468474354785";"0,3356419470761189";"0,5528454753348578";"False";"BATANG TUBUH";"PASAL 82"
"17";"status hubungan dalam keluarga, kewarganegaraan,";"205,48";"543,854";"670,8199999999999";"682,8199999999999";"612,2";"ABCDEE+Bookman Old Style";"12,0";"374,66700000000003";"306,1";"0,11200098007187194";"0,3356419470761189";"0,5527180659915061";"False";"BATANG TUBUH";"PASAL 82"
"17";"dokumen imigrasi dan nama orang tua.";"205,48";"439,35999999999996";"691,25";"703,25";"612,2";"ABCDEE+Bookman Old Style";"12,0";"322,41999999999996";"306,1";"0,026657954916693784";"0,3356419470761189";"0,38203201568114986";"False";"BATANG TUBUH";"PASAL 82"
"17";"(2) Dihapus.";"184,25";"259,32";"711,85";"723,85";"612,2";"ABCDEE+Bookman Old Style";"12,0";"221,785";"306,1";"0,13772459980398566";"0,3009637373407383";"0,12262332571055208";"False";"BATANG TUBUH";"PASAL 82"
"17";"(3) Nomor KK sebagaimana dimaksud pada ayat (1) berlaku";"184,25";"543,7719999999999";"732,25";"744,25";"612,2";"ABCDEE+Bookman Old Style";"12,0";"364,01099999999997";"306,1";"0,09459490362626582";"0,3009637373407383";"0,5872623325710551";"False";"BATANG TUBUH";"PASAL 82"
"17";"untuk selamanya, kecuali terjadi perubahan Kepala";"205,48";"543,8580000000001";"752,65";"764,65";"612,2";"ABCDEE+Bookman Old Style";"12,0";"374,66900000000004";"306,1";"0,11200424697811175";"0,3356419470761189";"0,5527245998039857";"False";"BATANG TUBUH";"PASAL 82"
"17";"Keluarga.";"205,48";"261,51";"773,05";"785,05";"612,2";"ABCDEE+Bookman Old Style";"12,0";"233,495";"306,1";"0,11859686377000982";"0,3356419470761189";"0,09152237830774257";"False";"BATANG TUBUH";"PASAL 82"
"17";"(4) KK diterbitkan dan diberikan oleh Dinas kepada";"184,25";"543,6999999999999";"793,45";"805,45";"612,2";"ABCDEE+Bookman Old Style";"12,0";"363,97499999999997";"306,1";"0,09453609931394959";"0,3009637373407383";"0,5871447239464226";"False";"BATANG TUBUH";"PASAL 82"
"17";"Penduduk Warga Negara Indonesia dan Orang Asing di";"205,48";"543,568";"813,87";"825,87";"612,2";"ABCDEE+Bookman Old Style";"12,0";"374,524";"306,1";"0,11176739627572685";"0,3356419470761189";"0,5522508983992158";"False";"BATANG TUBUH";"PASAL 82"
"17";"wilayah Daerah yang memiliki Izin Tinggal Tetap.";"205,48";"494,87999999999994";"834,28";"846,28";"612,2";"ABCDEE+Bookman Old Style";"12,0";"350,17999999999995";"306,1";"0,07200261352499171";"0,3356419470761189";"0,47272133289774576";"False";"BATANG TUBUH";"PASAL 82"
"17";"(5) KK sebagaimana dimaksud pada ayat (1) dijadikan salah";"184,25";"543,9279999999999";"854,675";"866,675";"612,2";"ABCDEE+Bookman Old Style";"12,0";"364,08899999999994";"306,1";"0,09472231296961764";"0,3009637373407383";"0,5875171512577587";"False";"BATANG TUBUH";"PASAL 82"
"17";"satu dasar penerbitan KTP.";"205,48";"366,44199999999995";"875,275";"887,275";"612,2";"ABCDEE+Bookman Old Style";"12,0";"285,96099999999996";"306,1";"0,032896112381574756";"0,3356419470761189";"0,2629238810846128";"False";"BATANG TUBUH";"PASAL 82"
"18";"18";"300,1";"314,94";"37,30000000000007";"49,30000000000007";"612,2";"ABCDEE+Bookman Old Style";"12,0";"307,52";"306,1";"0,0023195034302514847";"0,49019928128062723";"0,02424044429924857";"False";"HALAMAN";""
"18";"19. Ketentuan Pasal 84 ayat (1), ayat (3), ayat (4), ayat (5) dan";"163,05";"543,496";"78,53000000000009";"90,53000000000009";"612,2";"ABCDEE+Bookman Old Style";"12,0";"353,273";"306,1";"0,07705488402482849";"0,2663345311989546";"0,6214407056517477";"False";"BATANG TUBUH";"PASAL 82"
"18";"ayat (6) diubah, dan ayat (2) dihapus, sehingga berbunyi";"184,25";"543,7220000000001";"99,73000000000002";"111,73000000000002";"612,2";"ABCDEE+Bookman Old Style";"12,0";"363,98600000000005";"306,1";"0,09455406729826857";"0,3009637373407383";"0,5871806599150605";"False";"BATANG TUBUH";"PASAL 82"
"18";"sebagai berikut:";"184,25";"278,426";"120,92000000000007";"132,92000000000007";"612,2";"ABCDEE+Bookman Old Style";"12,0";"231,338";"306,1";"0,12212022214962434";"0,3009637373407383";"0,1538320810192747";"False";"BATANG TUBUH";"PASAL 82"
"18";"Pasal 84";"282,5";"332,324";"163,5300000000001";"175,5300000000001";"612,2";"ABCDEE+Bookman Old Style";"12,0";"307,41200000000003";"306,1";"0,0021430904933028615";"0,46145050637046714";"0,08138516824567137";"False";"BATANG TUBUH";"PASAL 84"
"18";"(1) Penduduk Warga Negara Indonesia dan Orang Asing";"184,25";"543,962";"205,95000000000005";"217,95000000000005";"612,2";"ABCDEE+Bookman Old Style";"12,0";"364,106";"306,1";"0,09475008167265594";"0,3009637373407383";"0,5875726886638353";"False";"BATANG TUBUH";"PASAL 84"
"18";"yang memiliki Izin Tinggal Tetap yang telah berumur";"205,48";"543,6639999999999";"227,1500000000001";"239,1500000000001";"612,2";"ABCDEE+Bookman Old Style";"12,0";"374,57199999999995";"306,1";"0,11184580202548174";"0,3356419470761189";"0,5524077098987257";"False";"BATANG TUBUH";"PASAL 84"
"18";"17 (tujuh belas) tahun atau telah kawin atau pernah";"205,48";"543,858";"248,55000000000007";"260,55000000000007";"612,2";"ABCDEE+Bookman Old Style";"12,0";"374,669";"306,1";"0,11200424697811165";"0,3356419470761189";"0,5527245998039855";"False";"BATANG TUBUH";"PASAL 84"
"18";"kawin wajib memiliki KTP-el.";"205,48";"375,76";"269,75";"281,75";"612,2";"ABCDEE+Bookman Old Style";"12,0";"290,62";"306,1";"0,025285854295981732";"0,3356419470761189";"0,27814439725579876";"False";"BATANG TUBUH";"PASAL 84"
"18";"(2) Dihapus.";"184,25";"259,32";"290,95000000000005";"302,95000000000005";"612,2";"ABCDEE+Bookman Old Style";"12,0";"221,785";"306,1";"0,13772459980398566";"0,3009637373407383";"0,12262332571055208";"False";"BATANG TUBUH";"PASAL 84"
"18";"(3) KTP-el sebagaimana dimaksud pada ayat (1) berlaku";"184,25";"543,8199999999999";"312,1700000000001";"324,1700000000001";"612,2";"ABCDEE+Bookman Old Style";"12,0";"364,03499999999997";"306,1";"0,09463410650114332";"0,3009637373407383";"0,58734073832081";"False";"BATANG TUBUH";"PASAL 84"
"18";"secara nasional.";"205,48";"301,14";"333,57000000000005";"345,57000000000005";"612,2";"ABCDEE+Bookman Old Style";"12,0";"253,31";"306,1";"0,0862299901992813";"0,3356419470761189";"0,1562561254491996";"False";"BATANG TUBUH";"PASAL 84"
"18";"(4) Orang Asing sebagaimana dimaksud pada ayat (1) wajib";"184,25";"543,836";"354,7800000000001";"366,7800000000001";"612,2";"ABCDEE+Bookman Old Style";"12,0";"364,043";"306,1";"0,09464717412610255";"0,3009637373407383";"0,5873668735707285";"False";"BATANG TUBUH";"PASAL 84"
"18";"melaporkan perpanjangan masa berlaku atau mengganti";"205,48";"543,7120000000001";"375,98";"387,98";"612,2";"ABCDEE+Bookman Old Style";"12,0";"374,59600000000006";"306,1";"0,11188500490035941";"0,3356419470761189";"0,5524861156484809";"False";"BATANG TUBUH";"PASAL 84"
"18";"KTP-el kepada Instansi Pelaksana paling lambat 30";"205,48";"543,7";"397,1700000000001";"409,1700000000001";"612,2";"ABCDEE+Bookman Old Style";"12,0";"374,59000000000003";"306,1";"0,11187520418163999";"0,3356419470761189";"0,5524665142110421";"False";"BATANG TUBUH";"PASAL 84"
"18";"(tiga puluh) hari sebelum tanggal masa berlaku Izin";"205,48";"543,4839999999999";"418,37";"430,37";"612,2";"ABCDEE+Bookman Old Style";"12,0";"374,48199999999997";"306,1";"0,11169879124469119";"0,3356419470761189";"0,5521136883371446";"False";"BATANG TUBUH";"PASAL 84"
"18";"Tinggal Tetap berakhir.";"205,48";"342,14";"439,8";"451,8";"612,2";"ABCDEE+Bookman Old Style";"12,0";"273,81";"306,1";"0,0527442012414244";"0,3356419470761189";"0,2232277033649134";"False";"BATANG TUBUH";"PASAL 84"
"18";"(5) Penduduk yang telah memiliki KTP-el wajib";"184,25";"543,9380000000001";"461,0";"473,0";"612,2";"ABCDEE+Bookman Old Style";"12,0";"364,09400000000005";"306,1";"0,09473048023521728";"0,3009637373407383";"0,587533485788958";"False";"BATANG TUBUH";"PASAL 84"
"18";"membawanya pada saat bepergian.";"205,48";"412,96999999999997";"482,2";"494,2";"612,2";"ABCDEE+Bookman Old Style";"12,0";"309,22499999999997";"306,1";"0,005104540999673216";"0,3356419470761189";"0,33892518784710873";"False";"BATANG TUBUH";"PASAL 84"
"18";"(6) Penduduk sebagaimana dimaksud pada ayat (1) hanya";"184,25";"543,736";"503,4";"515,4";"612,2";"ABCDEE+Bookman Old Style";"12,0";"363,993";"306,1";"0,09456550147010775";"0,3009637373407383";"0,5872035282587389";"False";"BATANG TUBUH";"PASAL 84"
"18";"memiliki 1 (satu) KTP-el.";"205,48";"350,13599999999997";"524,8";"536,8";"612,2";"ABCDEE+Bookman Old Style";"12,0";"277,808";"306,1";"0,04621365566808237";"0,3356419470761189";"0,23628879451159746";"False";"BATANG TUBUH";"PASAL 84"
"18";"20. Ketentuan Pasal 85 diubah, sehingga berbunyi sebagai";"163,05";"543,6139999999999";"567,23";"579,23";"612,2";"ABCDEE+Bookman Old Style";"12,0";"353,332";"306,1";"0,07715125775890226";"0,2663345311989546";"0,6216334531198953";"False";"BATANG TUBUH";"PASAL 84"
"18";"berikut:";"184,25";"230,66600000000003";"588,4200000000001";"600,4200000000001";"612,2";"ABCDEE+Bookman Old Style";"12,0";"207,45800000000003";"306,1";"0,16112708265272785";"0,3009637373407383";"0,07581836001306766";"False";"BATANG TUBUH";"PASAL 84"
"18";"Pasal 85";"282,5";"332,324";"631,03";"643,03";"612,2";"ABCDEE+Bookman Old Style";"12,0";"307,41200000000003";"306,1";"0,0021430904933028615";"0,46145050637046714";"0,08138516824567137";"False";"BATANG TUBUH";"PASAL 85"
"18";"(1) KTP-el mencantumkan gambar lambang Garuda";"184,25";"543,616";"673,4200000000001";"685,4200000000001";"612,2";"ABCDEE+Bookman Old Style";"12,0";"363,933";"306,1";"0,09446749428291402";"0,3009637373407383";"0,5870075138843515";"False";"BATANG TUBUH";"PASAL 85"
"18";"Pancasila dan peta wilayah Negara Kesatuan Republik";"205,48";"543,712";"694,65";"706,65";"612,2";"ABCDEE+Bookman Old Style";"12,0";"374,596";"306,1";"0,11188500490035932";"0,3356419470761189";"0,5524861156484808";"False";"BATANG TUBUH";"PASAL 85"
"18";"Indonesia, memuat elemen data penduduk, yaitu NIK,";"205,48";"543,592";"716,05";"728,05";"612,2";"ABCDEE+Bookman Old Style";"12,0";"374,536";"306,1";"0,1117869977131656";"0,3356419470761189";"0,5522901012740934";"False";"BATANG TUBUH";"PASAL 85"
"18";"nama, tempat tanggal lahir, laki-laki atau perempuan,";"205,48";"543,846";"737,25";"749,25";"612,2";"ABCDEE+Bookman Old Style";"12,0";"374,663";"306,1";"0,11199444625939232";"0,3356419470761189";"0,5527049983665469";"False";"BATANG TUBUH";"PASAL 85"
"18";"agama, status perkawinan, golongan darah, alamat,";"205,48";"543,7359999999999";"758,45";"770,45";"612,2";"ABCDEE+Bookman Old Style";"12,0";"374,60799999999995";"306,1";"0,11190460633779797";"0,3356419470761189";"0,5525253185233581";"False";"BATANG TUBUH";"PASAL 85"
"18";"pekerjaan, kewarganegaraan, pas foto, masa berlaku,";"205,48";"543,946";"779,65";"791,65";"612,2";"ABCDEE+Bookman Old Style";"12,0";"374,713";"306,1";"0,11207611891538712";"0,3356419470761189";"0,5528683436785364";"False";"BATANG TUBUH";"PASAL 85"
"18";"tempat dan tanggal dikeluarkan KTP-el, dan";"205,48";"543,85";"801,05";"813,05";"612,2";"ABCDEE+Bookman Old Style";"12,0";"374,665";"306,1";"0,11199771316563213";"0,3356419470761189";"0,5527115321790265";"False";"BATANG TUBUH";"PASAL 85"
"18";"tandatangan pemilik KTP-el.";"205,48";"372,96999999999997";"822,28";"834,28";"612,2";"ABCDEE+Bookman Old Style";"12,0";"289,22499999999997";"306,1";"0,027564521398235963";"0,3356419470761189";"0,2735870630512904";"False";"BATANG TUBUH";"PASAL 85"
"18";"(2) NIK sebagaimana dimaksud pada ayat (1) menjadi nomor";"184,25";"543,82";"843,475";"855,475";"612,2";"ABCDEE+Bookman Old Style";"12,0";"364,035";"306,1";"0,09463410650114341";"0,3009637373407383";"0,5873407383208102";"False";"BATANG TUBUH";"PASAL 85"
"18";"identitas tunggal untuk semua urusan pelayanan publik.";"205,48";"543,8100000000001";"864,675";"876,675";"612,2";"ABCDEE+Bookman Old Style";"12,0";"374,64500000000004";"306,1";"0,11196504410323425";"0,3356419470761189";"0,5526461940542307";"False";"BATANG TUBUH";"PASAL 85"
"19";"19";"300,1";"314,94";"37,30000000000007";"49,30000000000007";"612,2";"ABCDEE+Bookman Old Style";"12,0";"307,52";"306,1";"0,0023195034302514847";"0,49019928128062723";"0,02424044429924857";"False";"HALAMAN";""
"19";"(3) NIK sebagaimana dimaksud pada ayat (2) dipakai";"184,25";"543,832";"78,53000000000009";"90,53000000000009";"612,2";"ABCDEE+Bookman Old Style";"12,0";"364,041";"306,1";"0,09464390721986274";"0,3009637373407383";"0,5873603397582489";"False";"BATANG TUBUH";"PASAL 85"
"19";"sebagai dasar dalam penyelenggaraan pelayanan publik.";"205,48";"538,958";"100,92000000000007";"112,92000000000007";"612,2";"ABCDEE+Bookman Old Style";"12,0";"372,219";"306,1";"0,1080022868343678";"0,3356419470761189";"0,5447206795164977";"False";"BATANG TUBUH";"PASAL 85"
"19";"(4) NIK yang dipakai dasar dalam penyelenggaraan";"184,25";"543,544";"123,53000000000009";"135,5300000000001";"612,2";"ABCDEE+Bookman Old Style";"12,0";"363,897";"306,1";"0,09440868997059779";"0,3009637373407383";"0,586889905259719";"False";"BATANG TUBUH";"PASAL 85"
"19";"pelayanan publik sebagaimana dimaksud pada ayat (3)";"205,48";"543,376";"146,12";"158,12";"612,2";"ABCDEE+Bookman Old Style";"12,0";"374,428";"306,1";"0,11161058477621687";"0,3356419470761189";"0,5519372754001959";"False";"BATANG TUBUH";"PASAL 85"
"19";"dapat dilaksanakan pada saat nomor identitas yang ada";"205,48";"543,472";"168,73000000000002";"180,73000000000002";"612,2";"ABCDEE+Bookman Old Style";"12,0";"374,476";"306,1";"0,11168899052597185";"0,3356419470761189";"0,5520940868997058";"False";"BATANG TUBUH";"PASAL 85"
"19";"sudah terintegrasi.";"205,48";"316,63599999999997";"191,1500000000001";"203,1500000000001";"612,2";"ABCDEE+Bookman Old Style";"12,0";"261,058";"306,1";"0,0735739954263313";"0,3356419470761189";"0,1815681149950996";"False";"BATANG TUBUH";"PASAL 85"
"19";"(5) Dalam KTP-el sebagaimana dimaksud pada ayat (1)";"184,25";"543,456";"213,75";"225,75";"612,2";"ABCDEE+Bookman Old Style";"12,0";"363,853";"306,1";"0,09433681803332242";"0,3009637373407383";"0,5867461613851682";"False";"BATANG TUBUH";"PASAL 85"
"19";"tersimpan chip yang memuat rekaman elektronik data";"205,48";"543,918";"236,35000000000002";"248,40999999999997";"612,2";"ABCDEE+Bookman Old Style";"12,0";"374,699";"306,1";"0,11205325057170856";"0,3356419470761189";"0,5528226069911792";"False";"BATANG TUBUH";"PASAL 85"
"19";"perseorangan;";"205,48";"288,868";"258,75";"270,75";"612,2";"ABCDEE+Bookman Old Style";"12,0";"247,17399999999998";"306,1";"0,09625285854295988";"0,3356419470761189";"0,13621038876184252";"False";"BATANG TUBUH";"PASAL 85"
"19";"(6) KTP-el untuk:";"184,25";"287,476";"281,35";"293,35";"612,2";"ABCDEE+Bookman Old Style";"12,0";"235,863";"306,1";"0,11472884678209738";"0,3009637373407383";"0,16861483175432865";"False";"BATANG TUBUH";"PASAL 85"
"19";"a. Warga Negara Indonesia masa berlakunya seumur";"205,48";"543,668";"303,98";"315,98";"612,2";"ABCDEE+Bookman Old Style";"12,0";"374,574";"306,1";"0,11184906893172164";"0,3356419470761189";"0,5524142437112054";"False";"BATANG TUBUH";"PASAL 85"
"19";"hidup; dan";"226,88";"291,38";"326,37";"338,37";"612,2";"ABCDEE+Bookman Old Style";"12,0";"259,13";"306,1";"0,07672329304148975";"0,3705978438418817";"0,10535772623325709";"False";"BATANG TUBUH";"PASAL 85"
"19";"b. Orang Asing masa berlakunya disesuaikan dengan";"205,48";"543,764";"348,98";"360,98";"612,2";"ABCDEE+Bookman Old Style";"12,0";"374,622";"306,1";"0,11192747468147662";"0,3356419470761189";"0,5525710552107154";"False";"BATANG TUBUH";"PASAL 85"
"19";"masa berlaku Izin Tinggal Tetap.";"226,88";"418,748";"371,57000000000005";"383,57000000000005";"612,2";"ABCDEE+Bookman Old Style";"12,0";"322,81399999999996";"306,1";"0,027301535445932605";"0,3705978438418817";"0,3134073832081019";"False";"BATANG TUBUH";"PASAL 85"
"19";"(7) Dalam hal terjadi perubahan elemen data, rusak, atau";"184,25";"543,5079999999997";"393,98";"405,98";"612,2";"ABCDEE+Bookman Old Style";"12,0";"363,87899999999985";"306,1";"0,09437928781443944";"0,3009637373407383";"0,5868311009474023";"False";"BATANG TUBUH";"PASAL 85"
"19";"hilang, Penduduk pemilik KTP-el wajib melaporkan";"205,48";"543,9559999999999";"416,57000000000005";"428,57000000000005";"612,2";"ABCDEE+Bookman Old Style";"12,0";"374,71799999999996";"306,1";"0,1120842861809865";"0,3356419470761189";"0,5528846782097352";"False";"BATANG TUBUH";"PASAL 85"
"19";"kepada Dinas untuk dilakukan perubahan atau";"205,48";"543,7599999999999";"439,2";"451,2";"612,2";"ABCDEE+Bookman Old Style";"12,0";"374,61999999999995";"306,1";"0,11192420777523672";"0,3356419470761189";"0,5525645213982356";"False";"BATANG TUBUH";"PASAL 85"
"19";"penggantian.";"205,48";"281,84799999999996";"461,8";"473,8";"612,2";"ABCDEE+Bookman Old Style";"12,0";"243,664";"306,1";"0,10198627899379292";"0,3356419470761189";"0,12474354786017634";"False";"BATANG TUBUH";"PASAL 85"
"19";"(8) Dalam hal KTP-el rusak atau hilang, Penduduk pemilik";"184,25";"543,7520000000001";"484,2";"496,2";"612,2";"ABCDEE+Bookman Old Style";"12,0";"364,00100000000003";"306,1";"0,09457856909506698";"0,3009637373407383";"0,5872296635086574";"False";"BATANG TUBUH";"PASAL 85"
"19";"KTP-el wajib melapor kepada Dinas melalui Camat atau";"205,48";"544,14";"506,8";"518,8";"612,2";"ABCDEE+Bookman Old Style";"12,0";"374,81";"306,1";"0,11223456386801695";"0,3356419470761189";"0,553185233583796";"False";"BATANG TUBUH";"PASAL 85"
"19";"Lurah/Kepala Desa paling lambat 14 (empat belas) hari";"205,48";"543,936";"529,4";"541,4";"612,2";"ABCDEE+Bookman Old Style";"12,0";"374,708";"306,1";"0,11206795164978765";"0,3356419470761189";"0,5528520091473375";"False";"BATANG TUBUH";"PASAL 85"
"19";"dan melengkapi surat pernyataan penyebab terjadinya";"205,48";"543,568";"551,8";"563,8";"612,2";"ABCDEE+Bookman Old Style";"12,0";"374,524";"306,1";"0,11176739627572685";"0,3356419470761189";"0,5522508983992158";"False";"BATANG TUBUH";"PASAL 85"
"19";"rusak atau hilang.";"205,48";"314,2";"574,4200000000001";"586,4200000000001";"612,2";"ABCDEE+Bookman Old Style";"12,0";"259,84";"306,1";"0,075563541326364";"0,3356419470761189";"0,17758902319503428";"False";"BATANG TUBUH";"PASAL 85"
"19";"21. Ketentuan Pasal 89 ayat (1) ditambahkan 1 (satu) huruf,";"163,05";"543,664";"619,4200000000001";"631,4200000000001";"612,2";"ABCDEE+Bookman Old Style";"12,0";"353,35699999999997";"306,1";"0,07719209408689962";"0,2663345311989546";"0,6217151257758902";"False";"BATANG TUBUH";"PASAL 85"
"19";"yakni huruf f, sehingga berbunyi sebagai berikut:";"184,25";"475,59";"642,03";"654,03";"612,2";"ABCDEE+Bookman Old Style";"12,0";"329,91999999999996";"306,1";"0,03890885331590973";"0,3009637373407383";"0,47589023195034297";"False";"BATANG TUBUH";"PASAL 85"
"19";"Pasal 89";"282,5";"332,324";"687,05";"699,05";"612,2";"ABCDEE+Bookman Old Style";"11,999999999999972";"307,41200000000003";"306,1";"0,0021430904933028615";"0,46145050637046714";"0,08138516824567137";"False";"BATANG TUBUH";"PASAL 89"
"19";"(1) Kutipan Akta Pencatatan Sipil terdiri atas kutipan akta:";"183,05";"535,036";"732,25";"744,25";"612,2";"ABCDEE+Bookman Old Style";"12,0";"359,043";"306,1";"0,08647990852662525";"0,2990035935968638";"0,5749526298595229";"False";"BATANG TUBUH";"PASAL 89"
"19";"a. Kelahiran;";"205,48";"287,876";"754,65";"766,65";"612,2";"ABCDEE+Bookman Old Style";"12,0";"246,678";"306,1";"0,097063051290428";"0,3356419470761189";"0,1345900032669062";"False";"BATANG TUBUH";"PASAL 89"
"19";"b. Kematian;";"205,48";"286,94";"777,25";"789,25";"612,2";"ABCDEE+Bookman Old Style";"12,0";"246,20999999999998";"306,1";"0,0978275073505391";"0,3356419470761189";"0,1330610911466841";"False";"BATANG TUBUH";"PASAL 89"
"19";"c. Perkawinan;";"205,48";"299,864";"799,85";"811,85";"612,2";"ABCDEE+Bookman Old Style";"12,0";"252,67199999999997";"306,1";"0,08727213328977466";"0,3356419470761189";"0,15417183926821296";"False";"BATANG TUBUH";"PASAL 89"
"19";"d. perceraian;";"205,48";"292,868";"822,48";"834,48";"612,2";"ABCDEE+Bookman Old Style";"12,0";"249,17399999999998";"306,1";"0,09298595230316896";"0,3356419470761189";"0,14274420124142437";"False";"BATANG TUBUH";"PASAL 89"
"19";"e. pengakuan anak; dan";"205,48";"355,508";"844,875";"856,875";"612,2";"ABCDEE+Bookman Old Style";"12,0";"280,49399999999997";"306,1";"0,041826200588043205";"0,3356419470761189";"0,2450637046716759";"False";"BATANG TUBUH";"PASAL 89"
"19";"f. pengesahan anak.";"205,48";"334,34";"867,475";"879,475";"612,2";"ABCDEE+Bookman Old Style";"12,0";"269,90999999999997";"306,1";"0,059114668409016746";"0,3356419470761189";"0,21048676902972882";"False";"BATANG TUBUH";"PASAL 89"
"20";"20";"300,1";"314,94";"37,30000000000007";"49,30000000000007";"612,2";"ABCDEE+Bookman Old Style";"12,0";"307,52";"306,1";"0,0023195034302514847";"0,49019928128062723";"0,02424044429924857";"False";"HALAMAN";""
"20";"(2) Kutipan Kutipan Akta Pencatatan Sipil memuat:";"184,25";"490,30999999999995";"78,53000000000009";"90,53000000000009";"612,2";"ABCDEE+Bookman Old Style";"12,0";"337,28";"306,1";"0,050931068278340326";"0,3009637373407383";"0,4999346618752041";"False";"BATANG TUBUH";"PASAL 89"
"20";"a. jenis Peristiwa Penting;";"205,48";"363,35999999999996";"98,92000000000007";"110,92000000000007";"612,2";"ABCDEE+Bookman Old Style";"12,0";"284,41999999999996";"306,1";"0,035413263639333656";"0,3356419470761189";"0,257889578569095";"False";"BATANG TUBUH";"PASAL 89"
"20";"b. NIK dan status kewarganegaraan;";"205,48";"426,128";"119,32000000000005";"131,32000000000005";"612,2";"ABCDEE+Bookman Old Style";"12,0";"315,804";"306,1";"0,015851029075465452";"0,3356419470761189";"0,3604181639986932";"False";"BATANG TUBUH";"PASAL 89"
"20";"c. nama orang yang mengalami Peristiwa Penting;";"205,48";"506,19";"139,73000000000002";"151,73000000000002";"612,2";"ABCDEE+Bookman Old Style";"12,0";"355,835";"306,1";"0,08123979091800057";"0,3356419470761189";"0,4911956876837635";"False";"BATANG TUBUH";"PASAL 89"
"20";"d. tempat dan tanggal peristiwa;";"205,48";"401,564";"160,12";"172,12";"612,2";"ABCDEE+Bookman Old Style";"12,0";"303,522";"306,1";"0,0042110421430905445";"0,3356419470761189";"0,3202940215615812";"False";"BATANG TUBUH";"PASAL 89"
"20";"e. tempat dan tanggal dikeluarkannya akta;";"205,48";"470,4939999999999";"180,55000000000007";"192,55000000000007";"612,2";"ABCDEE+Bookman Old Style";"12,0";"337,98699999999997";"306,1";"0,05208591963410641";"0,3356419470761189";"0,43288794511597495";"False";"BATANG TUBUH";"PASAL 89"
"20";"f. nama dan tanda tangan Pejabat yang berwenang;";"205,48";"544,01";"200,95000000000005";"212,95000000000005";"612,2";"ABCDEE+Bookman Old Style";"12,0";"374,745";"306,1";"0,11212838941522374";"0,3356419470761189";"0,5529728846782096";"False";"BATANG TUBUH";"PASAL 89"
"20";"dan";"226,88";"249,188";"221,55000000000007";"233,55000000000007";"612,2";"ABCDEE+Bookman Old Style";"12,0";"238,034";"306,1";"0,11118262005880436";"0,3705978438418817";"0,03643907219862789";"False";"BATANG TUBUH";"PASAL 89"
"20";"g. pernyataan kesesuaian kutipan tersebut dengan data";"205,48";"544,042";"241,95000000000005";"253,95000000000005";"612,2";"ABCDEE+Bookman Old Style";"12,0";"374,761";"306,1";"0,1121545246651421";"0,3356419470761189";"0,5530251551780464";"False";"BATANG TUBUH";"PASAL 89"
"20";"yang terdapat dalam Register Akta Pencatatan Sipil.";"226,88";"533,8100000000001";"262,35";"274,35";"612,2";"ABCDEE+Bookman Old Style";"12,0";"380,345";"306,1";"0,12127572688663835";"0,3705978438418817";"0,5013557660895133";"False";"BATANG TUBUH";"PASAL 89"
"20";"22. Ketentuan Pasal 95 diubah, sehingga berbunyi sebagai";"163,05";"543,6139999999999";"303,1700000000001";"315,1700000000001";"612,2";"ABCDEE+Bookman Old Style";"12,0";"353,332";"306,1";"0,07715125775890226";"0,2663345311989546";"0,6216334531198953";"False";"BATANG TUBUH";"PASAL 89"
"20";"berikut:";"184,25";"230,66600000000003";"323,57000000000005";"335,57000000000005";"612,2";"ABCDEE+Bookman Old Style";"12,0";"207,45800000000003";"306,1";"0,16112708265272785";"0,3009637373407383";"0,07581836001306766";"False";"BATANG TUBUH";"PASAL 89"
"20";"Pasal 95";"282,5";"332,32";"364,37";"376,37";"612,2";"ABCDEE+Bookman Old Style";"12,0";"307,40999999999997";"306,1";"0,002139823587062962";"0,46145050637046714";"0,08137863443319175";"False";"BATANG TUBUH";"PASAL 95"
"20";"Setiap orang dilarang memerintahkan dan/atau";"184,25";"543,9379999999999";"405,37";"417,37";"612,2";"ABCDEE+Bookman Old Style";"12,0";"364,09399999999994";"306,1";"0,0947304802352171";"0,3009637373407383";"0,5875334857889576";"False";"BATANG TUBUH";"PASAL 95"
"20";"memfasilitasi dan/atau melakukan manipulasi Data";"184,25";"543,902";"425,78";"437,78";"612,2";"ABCDEE+Bookman Old Style";"12,0";"364,076";"306,1";"0,09470107807905913";"0,3009637373407383";"0,5874746814766416";"False";"BATANG TUBUH";"PASAL 95"
"20";"Kependudukan dan/atau elemen data Penduduk.";"184,25";"477,39";"446,2";"458,2";"612,2";"ABCDEE+Bookman Old Style";"12,0";"330,82";"306,1";"0,04037896112381569";"0,3009637373407383";"0,4788304475661548";"False";"BATANG TUBUH";"PASAL 95"
"20";"23. Ketentuan Pasal 96 diubah, sehingga berbunyi sebagai";"163,05";"543,6139999999999";"487,0";"499,0";"612,2";"ABCDEE+Bookman Old Style";"12,0";"353,332";"306,1";"0,07715125775890226";"0,2663345311989546";"0,6216334531198953";"False";"BATANG TUBUH";"PASAL 95"
"20";"berikut:";"184,25";"230,72";"507,4";"519,4";"612,2";"ABCDEE+Bookman Old Style";"12,0";"207,485";"306,1";"0,1610829794184907";"0,3009637373407383";"0,07590656648154197";"False";"BATANG TUBUH";"PASAL 95"
"20";"Pasal 96";"282,5";"332,324";"548,4";"560,4";"612,2";"ABCDEE+Bookman Old Style";"12,0";"307,41200000000003";"306,1";"0,0021430904933028615";"0,46145050637046714";"0,08138516824567137";"False";"BATANG TUBUH";"PASAL 96"
"20";"(1) Data Perseorangan dan dokumen kependudukan wajib";"184,25";"543,902";"589,23";"601,23";"612,2";"ABCDEE+Bookman Old Style";"12,0";"364,076";"306,1";"0,09470107807905913";"0,3009637373407383";"0,5874746814766416";"False";"BATANG TUBUH";"PASAL 96"
"20";"disimpan dan dilindungi kerahasiaannya oleh Daerah.";"205,48";"526,8100000000001";"609,62";"621,62";"612,2";"ABCDEE+Bookman Old Style";"12,0";"366,14500000000004";"306,1";"0,09808069258412286";"0,3356419470761189";"0,5248774910160079";"False";"BATANG TUBUH";"PASAL 96"
"20";"(2) Petugas pada Dinas dan pengguna sesuai ruang lingkup";"184,25";"543,5560000000002";"630,03";"642,03";"612,2";"ABCDEE+Bookman Old Style";"12,0";"363,9030000000001";"306,1";"0,09441849068931729";"0,3009637373407383";"0,586909506697158";"False";"BATANG TUBUH";"PASAL 96"
"20";"wewenang dan hak masing-masing berdasarkan";"205,48";"543,756";"650,4200000000001";"662,4200000000001";"612,2";"ABCDEE+Bookman Old Style";"12,0";"374,618";"306,1";"0,11192094086899701";"0,3356419470761189";"0,5525579875857561";"False";"BATANG TUBUH";"PASAL 96"
"20";"peraturan perundang-undangan yang berlaku, diberikan";"205,48";"543,6239999999999";"670,8199999999999";"682,8199999999999";"612,2";"ABCDEE+Bookman Old Style";"12,0";"374,55199999999996";"306,1";"0,11181313296308386";"0,3356419470761189";"0,5523423717739299";"False";"BATANG TUBUH";"PASAL 96"
"20";"hak akses Data Kependudukan.";"205,48";"394,2279999999999";"691,25";"703,25";"612,2";"ABCDEE+Bookman Old Style";"12,0";"299,8539999999999";"306,1";"0,01020254818686719";"0,3356419470761189";"0,3083110094740279";"False";"BATANG TUBUH";"PASAL 96"
"20";"(3) Hak akses Data Kependudukan sebagaimana dimaksud";"184,25";"543,7520000000001";"711,85";"723,85";"612,2";"ABCDEE+Bookman Old Style";"12,0";"364,00100000000003";"306,1";"0,09457856909506698";"0,3009637373407383";"0,5872296635086574";"False";"BATANG TUBUH";"PASAL 96"
"20";"pada ayat (2) meliputi NIK, Data Kependudukan, dan";"205,48";"543,544";"732,25";"744,25";"612,2";"ABCDEE+Bookman Old Style";"12,0";"374,512";"306,1";"0,1117477948382881";"0,3356419470761189";"0,5522116955243384";"False";"BATANG TUBUH";"PASAL 96"
"20";"KTP-el.";"205,48";"247,324";"752,65";"764,65";"612,2";"ABCDEE+Bookman Old Style";"12,0";"226,402";"306,1";"0,13018294674942835";"0,3356419470761189";"0,06835021234890562";"False";"BATANG TUBUH";"PASAL 96"
"20";"(4) Hak akses Data Kependudukan sebagaimana dimaksud";"184,25";"543,688";"773,05";"785,05";"612,2";"ABCDEE+Bookman Old Style";"12,0";"363,969";"306,1";"0,09452629859523026";"0,3009637373407383";"0,587125122508984";"False";"BATANG TUBUH";"PASAL 96"
"20";"pada ayat (2) diberikan kepada petugas dan pengguna";"205,48";"543,7600000000001";"793,45";"805,45";"612,2";"ABCDEE+Bookman Old Style";"12,0";"374,62000000000006";"306,1";"0,1119242077752369";"0,3356419470761189";"0,552564521398236";"False";"BATANG TUBUH";"PASAL 96"
"20";"sesuai izin yang diberikan oleh Bupati.";"205,48";"434,58399999999995";"813,87";"825,87";"612,2";"ABCDEE+Bookman Old Style";"12,0";"320,032";"306,1";"0,022757268866383466";"0,3356419470761189";"0,37423064358052915";"False";"BATANG TUBUH";"PASAL 96"
"20";"(5) Petugas dan pengguna sebagaimana dimaksud pada";"184,25";"543,704";"834,28";"846,28";"612,2";"ABCDEE+Bookman Old Style";"12,0";"363,977";"306,1";"0,0945393662201894";"0,3009637373407383";"0,5871512577589022";"False";"BATANG TUBUH";"PASAL 96"
"20";"ayat (2) dilarang menyebarluaskan Data Kependudukan";"205,48";"543,508";"854,675";"866,675";"612,2";"ABCDEE+Bookman Old Style";"12,0";"374,494";"306,1";"0,11171839268213002";"0,3356419470761189";"0,5521528912120222";"False";"BATANG TUBUH";"PASAL 96"
"20";"yang tidak sesuai dengan kewenangannya.";"205,48";"457,98999999999995";"875,275";"887,275";"612,2";"ABCDEE+Bookman Old Style";"12,0";"331,73499999999996";"306,1";"0,04187357072851998";"0,3356419470761189";"0,41246324730480227";"False";"BATANG TUBUH";"PASAL 96"
"21";"21";"300,1";"314,94";"37,30000000000007";"49,30000000000007";"612,2";"ABCDEE+Bookman Old Style";"12,0";"307,52";"306,1";"0,0023195034302514847";"0,49019928128062723";"0,02424044429924857";"False";"HALAMAN";""
"21";"24. Diantara Pasal 96 dan Pasal 97 disisipkan 1 (satu) Pasal,";"163,05";"543,7579999999999";"98,92000000000007";"110,92000000000007";"612,2";"ABCDEE+Bookman Old Style";"12,0";"353,404";"306,1";"0,07726886638353474";"0,2663345311989546";"0,6218686703691603";"False";"BATANG TUBUH";"PASAL 96"
"21";"yakni Pasal 96A, sehingga berbunyi sebagai berikut:";"184,25";"492,59";"118,73000000000002";"130,73000000000002";"612,2";"ABCDEE+Bookman Old Style";"12,0";"338,41999999999996";"306,1";"0,052793204835021125";"0,3009637373407383";"0,5036589349885657";"False";"BATANG TUBUH";"PASAL 96"
"21";"Pasal 96A";"278,5";"336,44800000000004";"158,32000000000005";"170,32000000000005";"612,2";"ABCDEE+Bookman Old Style";"12,0";"307,47400000000005";"306,1";"0,002244364586736399";"0,4549166938908853";"0,0946553413917021";"False";"BATANG TUBUH";"PASAL 96"
"21";"Pengurusan dan penerbitan Dokumen Kependudukan";"184,25";"543,8639999999999";"198,1500000000001";"210,1500000000001";"612,2";"ABCDEE+Bookman Old Style";"12,0";"364,05699999999996";"306,1";"0,094670042469781";"0,3009637373407383";"0,5874126102580854";"False";"BATANG TUBUH";"PASAL 96"
"21";"tidak dipungut biaya.";"184,25";"310,94";"217,95000000000005";"229,95000000000005";"612,2";"ABCDEE+Bookman Old Style";"12,0";"247,595";"306,1";"0,09556517477948386";"0,3009637373407383";"0,20694217575955567";"False";"BATANG TUBUH";"PASAL 96"
"21";"25. Ketentuan Pasal 101 ditambahkan 5 (lima) huruf yakni";"163,05";"543,542";"257,55000000000007";"269,55000000000007";"612,2";"ABCDEE+Bookman Old Style";"12,0";"353,29600000000005";"306,1";"0,07709245344658612";"0,2663345311989546";"0,621515844495263";"False";"BATANG TUBUH";"PASAL 96"
"21";"huruf k, huruf l, huruf m, huruf n, dan huruf o, sehingga";"184,25";"543,4460000000001";"277,55000000000007";"289,55000000000007";"612,2";"ABCDEE+Bookman Old Style";"12,0";"363,84800000000007";"306,1";"0,09432865076772304";"0,3009637373407383";"0,5867298268539695";"False";"BATANG TUBUH";"PASAL 96"
"21";"berbunyi sebagai berikut:";"184,25";"334,94";"297,35";"309,35";"612,2";"ABCDEE+Bookman Old Style";"12,0";"259,595";"306,1";"0,0759637373407383";"0,3009637373407383";"0,2461450506370467";"False";"BATANG TUBUH";"PASAL 96"
"21";"Pasal 101";"278,7";"335,928";"336,98";"348,98";"612,2";"ABCDEE+Bookman Old Style";"12,0";"307,31399999999996";"306,1";"0,001983012087552992";"0,45524338451486435";"0,09347925514537733";"False";"BATANG TUBUH";"PASAL 101"
"21";"SIAK merupakan satu kesatuan kegiatan terdiri dari unsur:";"163,05";"515,71";"376,7800000000001";"388,7800000000001";"612,2";"ABCDEE+Bookman Old Style";"12,0";"339,38";"306,1";"0,054361319830120824";"0,2663345311989546";"0,5760535772623325";"False";"BATANG TUBUH";"PASAL 101"
"21";"a. database;";"163,05";"236,72";"396,57000000000005";"408,63";"612,2";"ABCDEE+Bookman Old Style";"12,0";"199,885";"306,1";"0,1734972231296962";"0,2663345311989546";"0,12033649134269843";"False";"BATANG TUBUH";"PASAL 101"
"21";"b. perangkat teknologi informasi dan komunikasi;";"163,05";"457,526";"416,37";"428,37";"612,2";"ABCDEE+Bookman Old Style";"12,0";"310,288";"306,1";"0,0068409016661221626";"0,2663345311989546";"0,48101274093433516";"False";"BATANG TUBUH";"PASAL 101"
"21";"c. sumber daya manusia;";"163,05";"313,94";"436,2";"448,2";"612,2";"ABCDEE+Bookman Old Style";"12,0";"238,495";"306,1";"0,11042959817053252";"0,2663345311989546";"0,24647174126102578";"False";"BATANG TUBUH";"PASAL 101"
"21";"d. pemegang Hak Akses;";"163,05";"307,44199999999995";"456,0";"468,0";"612,2";"ABCDEE+Bookman Old Style";"12,0";"235,24599999999998";"306,1";"0,11573668735707292";"0,2663345311989546";"0,235857562887945";"False";"BATANG TUBUH";"PASAL 101"
"21";"e. lokasi database;";"163,05";"275,10999999999996";"476,0";"488,06";"612,2";"ABCDEE+Bookman Old Style";"12,0";"219,07999999999998";"306,1";"0,1421430904933029";"0,2663345311989546";"0,18304475661548503";"False";"BATANG TUBUH";"PASAL 101"
"21";"f. pengelolaan database;";"163,05";"310,73999999999995";"495,8";"507,86";"612,2";"ABCDEE+Bookman Old Style";"12,0";"236,89499999999998";"306,1";"0,1130431231623653";"0,2663345311989546";"0,24124469127736023";"False";"BATANG TUBUH";"PASAL 101"
"21";"g. pemeliharaan database;";"163,05";"321,14";"515,5999999999999";"527,66";"612,2";"ABCDEE+Bookman Old Style";"12,0";"242,095";"306,1";"0,10454916693890888";"0,2663345311989546";"0,25823260372427304";"False";"BATANG TUBUH";"PASAL 101"
"21";"h. pengamanan database;";"163,05";"316,53999999999996";"535,4";"547,46";"612,2";"ABCDEE+Bookman Old Style";"12,0";"239,795";"306,1";"0,10830610911466845";"0,2663345311989546";"0,2507187193727539";"False";"BATANG TUBUH";"PASAL 101"
"21";"i. pengawasan database;";"163,05";"313,14";"555,23";"567,29";"612,2";"ABCDEE+Bookman Old Style";"12,0";"238,095";"306,1";"0,11108297941849073";"0,2663345311989546";"0,24516497876510937";"False";"BATANG TUBUH";"PASAL 101"
"21";"j. data cadangan (back-up data/disaster recovery center);";"163,05";"500,78999999999996";"575,23";"587,29";"612,2";"ABCDEE+Bookman Old Style";"12,0";"331,91999999999996";"306,1";"0,042175759555700645";"0,2663345311989546";"0,5516824567134923";"False";"BATANG TUBUH";"PASAL 101"
"21";"k. perangkat pendukung;";"163,05";"312,806";"595,03";"607,03";"612,2";"ABCDEE+Bookman Old Style";"12,0";"237,928";"306,1";"0,11135576608951327";"0,2663345311989546";"0,2446194054230643";"False";"BATANG TUBUH";"PASAL 101"
"21";"l. tempat layanan;";"163,05";"274,51";"614,8199999999999";"626,8199999999999";"612,2";"ABCDEE+Bookman Old Style";"12,0";"218,78";"306,1";"0,1426331264292715";"0,2663345311989546";"0,1820646847435478";"False";"BATANG TUBUH";"PASAL 101"
"21";"m. pusat data;";"163,05";"245,81";"634,62";"646,62";"612,2";"ABCDEE+Bookman Old Style";"12,0";"204,43";"306,1";"0,16607317869977134";"0,2663345311989546";"0,13518458020254817";"False";"BATANG TUBUH";"PASAL 101"
"21";"n. pusat data cadangan; dan";"163,05";"332,63";"654,62";"666,62";"612,2";"ABCDEE+Bookman Old Style";"12,0";"247,84";"306,1";"0,09516497876510946";"0,2663345311989546";"0,2770009800718719";"False";"BATANG TUBUH";"PASAL 101"
"21";"o. jaringan komunikasi data.";"163,05";"334,358";"674,4200000000001";"686,4200000000001";"612,2";"ABCDEE+Bookman Old Style";"12,0";"248,704";"306,1";"0,09375367526951978";"0,2663345311989546";"0,27982358706305127";"False";"BATANG TUBUH";"PASAL 101"
"21";"26. Ketentuan Pasal 108 ayat (2) diubah, sehingga berbunyi";"163,05";"543,9599999999999";"714,05";"726,05";"612,2";"ABCDEE+Bookman Old Style";"12,0";"353,505";"306,1";"0,07743384514864418";"0,2663345311989546";"0,6221986278993791";"False";"BATANG TUBUH";"PASAL 101"
"21";"sebagai berikut:";"184,25";"278,51";"733,85";"745,85";"612,2";"ABCDEE+Bookman Old Style";"12,0";"231,38";"306,1";"0,12205161711858874";"0,3009637373407383";"0,15396929108134594";"False";"BATANG TUBUH";"PASAL 101"
"21";"Pasal 108";"278,7";"335,928";"773,65";"785,65";"612,2";"ABCDEE+Bookman Old Style";"12,0";"307,31399999999996";"306,1";"0,001983012087552992";"0,45524338451486435";"0,09347925514537733";"False";"BATANG TUBUH";"PASAL 108"
"21";"(1) Pemeliharaan, pegamanan dan pengawasan database";"184,25";"544,014";"813,28";"825,34";"612,2";"ABCDEE+Bookman Old Style";"12,0";"364,132";"306,1";"0,09479255145377324";"0,3009637373407383";"0,5876576282260699";"False";"BATANG TUBUH";"PASAL 108"
"21";"kependudukan sebagaimana dimaksud dalam Pasal 101";"205,48";"543,6300000000001";"833,08";"845,08";"612,2";"ABCDEE+Bookman Old Style";"12,0";"374,55500000000006";"306,1";"0,11181803332244371";"0,3356419470761189";"0,5523521724926496";"False";"BATANG TUBUH";"PASAL 108"
"21";"huruf g, huruf h, dan huruf i, dilakukan oleh";"205,48";"543,7479999999999";"852,875";"864,875";"612,2";"ABCDEE+Bookman Old Style";"12,0";"374,614";"306,1";"0,1119144070565174";"0,3356419470761189";"0,5525449199607969";"False";"BATANG TUBUH";"PASAL 108"
"21";"Pemerintah Daerah.";"205,48";"323,53999999999996";"872,875";"884,875";"612,2";"ABCDEE+Bookman Old Style";"12,0";"264,51";"306,1";"0,06793531525645219";"0,3356419470761189";"0,19284547533485782";"False";"BATANG TUBUH";"PASAL 108"
"22";"22";"300,1";"314,94";"37,30000000000007";"49,30000000000007";"612,2";"ABCDEE+Bookman Old Style";"12,0";"307,52";"306,1";"0,0023195034302514847";"0,49019928128062723";"0,02424044429924857";"False";"HALAMAN";""
"22";"(2) Pemeliharaan, pengamanan dan pengawasan";"184,25";"543,7719999999999";"78,53000000000009";"90,53000000000009";"612,2";"ABCDEE+Bookman Old Style";"12,0";"364,01099999999997";"306,1";"0,09459490362626582";"0,3009637373407383";"0,5872623325710551";"False";"BATANG TUBUH";"PASAL 108"
"22";"sebagaimana dimaksud pada ayat (1) meliputi data";"205,48";"543,532";"96,92000000000007";"108,92000000000007";"612,2";"ABCDEE+Bookman Old Style";"12,0";"374,50600000000003";"306,1";"0,11173799411956876";"0,3356419470761189";"0,5521920940868997";"False";"BATANG TUBUH";"PASAL 108"
"22";"dalam database, perangkat keras, perangkat lunak,";"205,48";"543,94";"115,32000000000005";"127,38";"612,2";"ABCDEE+Bookman Old Style";"12,0";"374,71000000000004";"306,1";"0,11207121855602746";"0,3356419470761189";"0,5528585429598171";"False";"BATANG TUBUH";"PASAL 108"
"22";"jaringan komunikasi data, pusat data, data cadangan";"205,48";"543,6940000000001";"133,73000000000002";"145,73000000000002";"612,2";"ABCDEE+Bookman Old Style";"12,0";"374,58700000000005";"306,1";"0,11187030382228033";"0,3356419470761189";"0,5524567134923228";"False";"BATANG TUBUH";"PASAL 108"
"22";"dan pusat data cadangan.";"205,48";"359,53999999999996";"152,12";"164,12";"612,2";"ABCDEE+Bookman Old Style";"12,0";"282,51";"306,1";"0,03853315909833393";"0,3356419470761189";"0,25164978765109436";"False";"BATANG TUBUH";"PASAL 108"
"22";"(3) Tata cara dan prosedur pemeliharaan, pengamanan dan";"184,25";"543,6279999999999";"170,73000000000002";"182,73000000000002";"612,2";"ABCDEE+Bookman Old Style";"12,0";"363,93899999999996";"306,1";"0,09447729500163335";"0,3009637373407383";"0,5870271153217901";"False";"BATANG TUBUH";"PASAL 108"
"22";"pengawasan database kependudukan diatur sesuai";"205,48";"543,9680000000001";"189,1500000000001";"201,21000000000004";"612,2";"ABCDEE+Bookman Old Style";"12,0";"374,72400000000005";"306,1";"0,11209408689970601";"0,3356419470761189";"0,5529042796471741";"False";"BATANG TUBUH";"PASAL 108"
"22";"ketentuan peraturan perundang-undangan yang";"205,48";"544,11";"207,55000000000007";"219,55000000000007";"612,2";"ABCDEE+Bookman Old Style";"12,0";"374,795";"306,1";"0,11221006207121853";"0,3356419470761189";"0,5531362299901992";"False";"BATANG TUBUH";"PASAL 108"
"22";"berlaku.";"205,48";"254,32";"225,95000000000005";"237,95000000000005";"612,2";"ABCDEE+Bookman Old Style";"12,0";"229,89999999999998";"306,1";"0,12446912773603404";"0,3356419470761189";"0,07977785037569422";"False";"BATANG TUBUH";"PASAL 108"
"22";"27. Ketentuan Pasal 109 dihapus.";"163,05";"362,0879999999999";"262,75";"274,75";"612,2";"ABCDEE+Bookman Old Style";"12,0";"262,56899999999996";"306,1";"0,07110584776216933";"0,2663345311989546";"0,32511924207775217";"False";"BATANG TUBUH";"PASAL 108"
"22";"28. Ketentuan Pasal 110 dihapus.";"163,05";"362,0879999999999";"299,75";"311,75";"612,2";"ABCDEE+Bookman Old Style";"12,0";"262,56899999999996";"306,1";"0,07110584776216933";"0,2663345311989546";"0,32511924207775217";"False";"BATANG TUBUH";"PASAL 108"
"22";"29. Ketentuan Pasal 112 diubah, sehingga berbunyi sebagai";"163,05";"543,614";"336,57000000000005";"348,57000000000005";"612,2";"ABCDEE+Bookman Old Style";"12,0";"353,332";"306,1";"0,07715125775890226";"0,2663345311989546";"0,6216334531198955";"False";"BATANG TUBUH";"PASAL 108"
"22";"berikut:";"184,25";"230,66600000000003";"354,98";"366,98";"612,2";"ABCDEE+Bookman Old Style";"12,0";"207,45800000000003";"306,1";"0,16112708265272785";"0,3009637373407383";"0,07581836001306766";"False";"BATANG TUBUH";"PASAL 108"
"22";"Pasal 112";"278,7";"335,928";"391,7800000000001";"403,7800000000001";"612,2";"ABCDEE+Bookman Old Style";"12,0";"307,31399999999996";"306,1";"0,001983012087552992";"0,45524338451486435";"0,09347925514537733";"False";"BATANG TUBUH";"PASAL 112"
"22";"(1) Data Pribadi Penduduk yang harus dilindungi memuat:";"184,25";"532,72";"428,80000000000007";"440,8";"612,2";"ABCDEE+Bookman Old Style";"11,999999999999943";"358,485";"306,1";"0,0855684416857236";"0,3009637373407383";"0,5692094086899706";"False";"BATANG TUBUH";"PASAL 112"
"22";"a. keterangan tentang cacat fisik dan/atau mental;";"205,48";"513,19";"447,2";"459,2";"612,2";"ABCDEE+Bookman Old Style";"12,0";"359,33500000000004";"306,1";"0,08695687683763477";"0,3356419470761189";"0,5026298595230317";"False";"BATANG TUBUH";"PASAL 112"
"22";"b. sidik jari;";"205,48";"282,116";"465,59999999999997";"477,59999999999997";"612,2";"ABCDEE+Bookman Old Style";"12,0";"243,798";"306,1";"0,10176739627572691";"0,3356419470761189";"0,12518131329630838";"False";"BATANG TUBUH";"PASAL 112"
"22";"c. iris mata;";"205,48";"282,94";"484,0";"496,0";"612,2";"ABCDEE+Bookman Old Style";"12,0";"244,20999999999998";"306,1";"0,10109441359033002";"0,3356419470761189";"0,12652727866710226";"False";"BATANG TUBUH";"PASAL 112"
"22";"d. tanda tangan; dan";"205,48";"335,3";"502,4";"514,4";"612,2";"ABCDEE+Bookman Old Style";"12,0";"270,39";"306,1";"0,05833061091146689";"0,3356419470761189";"0,2120548840248285";"False";"BATANG TUBUH";"PASAL 112"
"22";"e. elemen data lainnya yang merupakan aib seseorang.";"205,48";"536,4200000000001";"520,8";"532,8";"612,2";"ABCDEE+Bookman Old Style";"12,0";"370,95000000000005";"306,1";"0,10592943482522055";"0,3356419470761189";"0,5405749754982032";"False";"BATANG TUBUH";"PASAL 112"
"22";"(2) Elemen data lainnya yang merupakan aib seseorang";"184,25";"543,64";"539,4";"551,4";"612,2";"ABCDEE+Bookman Old Style";"12,0";"363,945";"306,1";"0,09448709572035277";"0,3009637373407383";"0,5870467167592289";"False";"BATANG TUBUH";"PASAL 112"
"22";"sebagaimana dimaksud pada ayat (1) berpedomanan";"205,48";"543,724";"557,8199999999999";"569,8199999999999";"612,2";"ABCDEE+Bookman Old Style";"12,0";"374,60200000000003";"306,1";"0,11189480561907875";"0,3356419470761189";"0,5525057170859197";"False";"BATANG TUBUH";"PASAL 112"
"22";"pada ketentuan peraturan perundang-undangan yang";"205,48";"543,942";"576,23";"588,23";"612,2";"ABCDEE+Bookman Old Style";"12,0";"374,711";"306,1";"0,11207285200914731";"0,3356419470761189";"0,5528618098660568";"False";"BATANG TUBUH";"PASAL 112"
"22";"berlaku.";"205,48";"254,296";"594,62";"606,62";"612,2";"ABCDEE+Bookman Old Style";"12,0";"229,88799999999998";"306,1";"0,12448872917347278";"0,3356419470761189";"0,07973864750081673";"False";"BATANG TUBUH";"PASAL 112"
"22";"30. Ketentuan Pasal 114 dihapus.";"163,05";"362,0879999999999";"631,4200000000001";"643,4200000000001";"612,2";"ABCDEE+Bookman Old Style";"12,0";"262,56899999999996";"306,1";"0,07110584776216933";"0,2663345311989546";"0,32511924207775217";"False";"BATANG TUBUH";"PASAL 112"
"22";"31. Ketentuan Pasal 119 dihapus.";"163,05";"362,0879999999999";"668,4200000000001";"680,4200000000001";"612,2";"ABCDEE+Bookman Old Style";"12,0";"262,56899999999996";"306,1";"0,07110584776216933";"0,2663345311989546";"0,32511924207775217";"False";"BATANG TUBUH";"PASAL 112"
"22";"32. Di antara Pasal 152 dan Pasal 153 disisipkan 1 (satu) Pasal,";"163,05";"543,6080000000001";"705,25";"717,25";"612,2";"ABCDEE+Bookman Old Style";"12,0";"353,32900000000006";"306,1";"0,07714635739954269";"0,2663345311989546";"0,6216236524011761";"False";"BATANG TUBUH";"PASAL 112"
"22";"yakni Pasal 152A yang berbunyi sebagai berikut:";"184,25";"475,94599999999997";"723,65";"735,65";"612,2";"ABCDEE+Bookman Old Style";"12,0";"330,09799999999996";"306,1";"0,03919960797125111";"0,3009637373407383";"0,4764717412610257";"False";"BATANG TUBUH";"PASAL 112"
"22";"Pasal 152A";"288,1";"353,45200000000006";"760,45";"772,45";"612,2";"ABCDEE+Bookman Old Style";"12,0";"320,77600000000007";"306,1";"0,023972557987585828";"0,47059784384188175";"0,10674942829140809";"False";"BATANG TUBUH";"PASAL 112"
"22";"Setiap orang atau badan hukum yang tanpa hak";"163,05";"543,87";"797,45";"809,45";"612,2";"ABCDEE+Bookman Old Style";"12,0";"353,46000000000004";"306,1";"0,07736033975824895";"0,2663345311989546";"0,6220516171185886";"False";"BATANG TUBUH";"PASAL 112"
"22";"mencetak, menerbitkan, dan/atau mendistribusikan dokumen";"163,05";"543,714";"815,87";"827,87";"612,2";"ABCDEE+Bookman Old Style";"12,0";"353,38200000000006";"306,1";"0,07723293041489715";"0,2663345311989546";"0,6217967984318851";"False";"BATANG TUBUH";"PASAL 112"
"22";"Kependudukan sebagaimana dimaksud dalam Pasal 11 ayat (1)";"163,05";"543,9540000000001";"834,28";"846,28";"612,2";"ABCDEE+Bookman Old Style";"12,0";"353,50200000000007";"306,1";"0,07742894478928461";"0,2663345311989546";"0,6221888271806599";"False";"BATANG TUBUH";"PASAL 112"
"22";"huruf c dipidana sesuai ketentuan peraturan perundang-";"163,05";"544,18";"852,675";"864,675";"612,2";"ABCDEE+Bookman Old Style";"12,0";"353,615";"306,1";"0,0776135249918327";"0,2663345311989546";"0,6225579875857561";"False";"BATANG TUBUH";"PASAL 112"
"22";"undangan yang berlaku.";"163,05";"307,268";"871,075";"883,075";"612,2";"ABCDEE+Bookman Old Style";"12,0";"235,159";"306,1";"0,1158787977785038";"0,2663345311989546";"0,23557334204508323";"False";"BATANG TUBUH";"PASAL 112"
"23";"23";"300,1";"314,94";"37,30000000000007";"49,30000000000007";"612,2";"ABCDEE+Bookman Old Style";"12,0";"307,52";"306,1";"0,0023195034302514847";"0,49019928128062723";"0,02424044429924857";"False";"HALAMAN";""
"23";"33. Di antara BAB XXXII dan BAB XXXIII disisipkan 1 (satu)";"163,05";"543,806";"78,53000000000009";"90,53000000000009";"612,2";"ABCDEE+Bookman Old Style";"12,0";"353,428";"306,1";"0,07730806925841224";"0,2663345311989546";"0,6219470761189154";"False";"BATANG TUBUH";"PASAL 112"
"23";"Bab, yakni BAB XXXIIA, sehingga berbunyi sebagai berikut:";"184,25";"537,254";"102,32000000000005";"114,32000000000005";"612,2";"ABCDEE+Bookman Old Style";"12,0";"360,752";"306,1";"0,0892714799085266";"0,3009637373407383";"0,5766154851355766";"False";"BATANG TUBUH";"PASAL 112"
"23";"BAB XXXIIA";"271,48";"343,204";"150,32000000000005";"162,32000000000005";"612,2";"ABCDEE+Bookman Old Style";"12,0";"307,342";"306,1";"0,0020287487749100974";"0,4434498529892192";"0,11715779157138187";"True";"BATANG TUBUH";"PASAL 112"
"23";"KETENTUAN LAIN-LAIN";"236,68";"377,952";"174,32000000000005";"186,32000000000005";"612,2";"ABCDEE+Bookman Old Style";"12,0";"307,31600000000003";"306,1";"0,0019862789937928915";"0,3866056844168572";"0,23076118915387125";"True";"BATANG TUBUH";"PASAL 112"
"23";"34. Di antara Pasal 160 dan Pasal 161, disisipkan 1 (satu) Pasal,";"163,05";"543,702";"222,1500000000001";"234,1500000000001";"612,2";"ABCDEE+Bookman Old Style";"12,0";"353,376";"306,1";"0,07722312969617764";"0,2663345311989546";"0,6217771969944462";"False";"BATANG TUBUH";"PASAL 112"
"23";"yakni Pasal 160A, sehingga berbunyi sebagai berikut:";"184,25";"499,8039999999999";"246,1500000000001";"258,1500000000001";"612,2";"ABCDEE+Bookman Old Style";"12,0";"342,02699999999993";"306,1";"0,058685070238484";"0,3009637373407383";"0,5154426657954915";"False";"BATANG TUBUH";"PASAL 112"
"23";"Pasal 160A";"274,67";"340,02200000000005";"293,95000000000005";"305,95000000000005";"612,2";"ABCDEE+Bookman Old Style";"12,0";"307,346";"306,1";"0,0020352825873897105";"0,4486605684416857";"0,10674942829140809";"False";"BATANG TUBUH";"PASAL 112"
"23";"Ketentuan yang mengatur tentang tarif retribusi mengacu";"184,25";"543,886";"341,98";"353,98";"612,2";"ABCDEE+Bookman Old Style";"12,0";"364,068";"306,1";"0,0946880104540999";"0,3009637373407383";"0,5874485462267232";"False";"BATANG TUBUH";"PASAL 112"
"23";"dalam Peraturan Daerah tentang Retribusi Jasa Umum.";"184,25";"514,6099999999999";"365,98";"377,98";"612,2";"ABCDEE+Bookman Old Style";"12,0";"349,42999999999995";"306,1";"0,07077752368507012";"0,3009637373407383";"0,5396275726886637";"False";"BATANG TUBUH";"PASAL 112"
"23";"35. Ketentuan Pasal 162 diubah, sehingga berbunyi sebagai";"163,05";"543,764";"413,7800000000001";"425,7800000000001";"612,2";"ABCDEE+Bookman Old Style";"12,0";"353,40700000000004";"306,1";"0,0772737667428945";"0,2663345311989546";"0,6218784710878797";"False";"BATANG TUBUH";"PASAL 112"
"23";"berikut:";"184,25";"230,66600000000003";"437,8";"449,8";"612,2";"ABCDEE+Bookman Old Style";"12,0";"207,45800000000003";"306,1";"0,16112708265272785";"0,3009637373407383";"0,07581836001306766";"False";"BATANG TUBUH";"PASAL 112"
"23";"Pasal 162";"278,7";"335,928";"485,59999999999997";"497,59999999999997";"612,2";"ABCDEE+Bookman Old Style";"12,0";"307,31399999999996";"306,1";"0,001983012087552992";"0,45524338451486435";"0,09347925514537733";"False";"BATANG TUBUH";"PASAL 162"
"23";"Pada saat Peraturan Daerah ini mulai berlaku:";"163,05";"438,94599999999997";"533,5999999999999";"545,5999999999999";"612,2";"ABCDEE+Bookman Old Style";"12,0";"300,998";"306,1";"0,008333877817706684";"0,2663345311989546";"0,45066318196667743";"False";"BATANG TUBUH";"PASAL 162"
"23";"a. Dinas wajib menerbitkan NIK kepada setiap penduduk.";"163,05";"510,3260000000001";"557,4200000000001";"569,4200000000001";"612,2";"ABCDEE+Bookman Old Style";"12,0";"336,68800000000005";"306,1";"0,04996406403136233";"0,2663345311989546";"0,5672590656648155";"False";"BATANG TUBUH";"PASAL 162"
"23";"b. semua lembaga pengguna tingkat Daerah wajib";"163,05";"544,3580000000001";"581,4200000000001";"593,4200000000001";"612,2";"ABCDEE+Bookman Old Style";"12,0";"353,70400000000006";"306,1";"0,0777589023195035";"0,2663345311989546";"0,6228487422410978";"False";"BATANG TUBUH";"PASAL 162"
"23";"menjadikan NIK sebagai dasar penerbitan dokumen,";"184,25";"543,6740000000001";"605,4200000000001";"617,4200000000001";"612,2";"ABCDEE+Bookman Old Style";"12,0";"363,96200000000005";"306,1";"0,09451486442339108";"0,3009637373407383";"0,5871022541653056";"False";"BATANG TUBUH";"PASAL 162"
"23";"sejak lembaga pengguna mengakses dan memanfaatkan";"184,25";"543,6659999999999";"629,4200000000001";"641,4200000000001";"612,2";"ABCDEE+Bookman Old Style";"12,0";"363,95799999999997";"306,1";"0,09450833061091138";"0,3009637373407383";"0,5870891865403461";"False";"BATANG TUBUH";"PASAL 162"
"23";"data kependudukan.";"184,25";"306,614";"653,23";"665,23";"612,2";"ABCDEE+Bookman Old Style";"12,0";"245,432";"306,1";"0,09909833387781776";"0,3009637373407383";"0,1998758575628879";"False";"BATANG TUBUH";"PASAL 162"
"23";"36. Di antara Pasal 162 dan Pasal 163, disisipkan 1 (satu) Pasal,";"163,05";"543,686";"701,25";"713,25";"612,2";"ABCDEE+Bookman Old Style";"12,0";"353,36800000000005";"306,1";"0,0772100620712186";"0,2663345311989546";"0,6217510617445279";"False";"BATANG TUBUH";"PASAL 162"
"23";"yakni Pasal 162A, sehingga berbunyi sebagai berikut:";"184,25";"499,8039999999999";"725,05";"737,05";"612,2";"ABCDEE+Bookman Old Style";"12,0";"342,02699999999993";"306,1";"0,058685070238484";"0,3009637373407383";"0,5154426657954915";"False";"BATANG TUBUH";"PASAL 162"
"23";"Pasal 162A";"274,67";"340,02200000000005";"773,05";"785,05";"612,2";"ABCDEE+Bookman Old Style";"12,0";"307,346";"306,1";"0,0020352825873897105";"0,4486605684416857";"0,10674942829140809";"False";"BATANG TUBUH";"PASAL 162"
"23";"Pada saat Peraturan Daerah ini mulai berlaku,";"184,25";"544,166";"820,87";"832,87";"612,2";"ABCDEE+Bookman Old Style";"12,0";"364,208";"306,1";"0,09491669389088533";"0,3009637373407383";"0,587905913100294";"False";"BATANG TUBUH";"PASAL 162"
"23";"semua ketentuan mengenai KTP harus dibaca dan";"184,25";"544,0219999999999";"844,875";"856,875";"612,2";"ABCDEE+Bookman Old Style";"12,0";"364,13599999999997";"306,1";"0,09479908526625276";"0,3009637373407383";"0,5876706958510289";"False";"BATANG TUBUH";"PASAL 162"
"23";"dimaknai KTP-el.";"184,25";"285,12399999999997";"868,875";"880,875";"612,2";"ABCDEE+Bookman Old Style";"12,0";"234,68699999999998";"306,1";"0,11664978765109447";"0,3009637373407383";"0,16477295001633446";"False";"BATANG TUBUH";"PASAL 162"
"24";"24";"300,1";"314,94";"37,30000000000007";"49,30000000000007";"612,2";"ABCDEE+Bookman Old Style";"12,0";"307,52";"306,1";"0,0023195034302514847";"0,49019928128062723";"0,02424044429924857";"False";"HALAMAN";""
"24";"Pasal II";"285,9";"328,97999999999996";"78,53000000000009";"90,53000000000009";"612,2";"ABCDEE+Bookman Old Style";"12,0";"307,43999999999994";"306,1";"0,0021888271806597814";"0,46700424697811166";"0,07036916040509635";"False";"BATANG TUBUH";"PASAL 162"
"24";"Peraturan Daerah ini mulai berlaku pada tanggal diundangkan.";"184,25";"542,7019999999999";"124,32000000000005";"136,32000000000005";"612,2";"ABCDEE+Bookman Old Style";"12,0";"363,47599999999994";"306,1";"0,09372100620712172";"0,3009637373407383";"0,5855145377327668";"False";"BATANG TUBUH";"PASAL 162"
"24";"Agar setiap orang mengetahuinya, memerintahkan";"184,25";"543,6499999999999";"170,12";"182,12";"612,2";"ABCDEE+Bookman Old Style";"12,0";"363,94999999999993";"306,1";"0,09449526298595215";"0,3009637373407383";"0,5870630512904277";"False";"PENUTUP";""
"24";"pengundangan Peraturan Daerah ini dengan penempatannya";"184,25";"544,4419999999998";"191,55000000000007";"203,55000000000007";"612,2";"ABCDEE+Bookman Old Style";"12,0";"364,3459999999999";"306,1";"0,09514211042143068";"0,3009637373407383";"0,5883567461613848";"False";"PENUTUP";""
"24";"dalam Lembaran Daerah Kabupaten Malang.";"184,25";"449,39";"212,95000000000005";"224,95000000000005";"612,2";"ABCDEE+Bookman Old Style";"12,0";"316,82";"306,1";"0,01751061744527927";"0,3009637373407383";"0,43309376020908197";"False";"PENUTUP";""
"24";"Ditetapkan di Kepanjen";"326,1";"465,04200000000003";"254,55000000000007";"266,55000000000007";"612,2";"ABCDEE+Bookman Old Style";"12,0";"395,571";"306,1";"0,1461466840901666";"0,5326690623979092";"0,22695524338451487";"False";"PENUTUP";""
"24";"pada tanggal 26 Oktober 2018";"326,1";"504,95199999999994";"271,55000000000007";"283,55000000000007";"612,2";"ABCDEE+Bookman Old Style";"12,0";"415,52599999999995";"306,1";"0,17874224109768036";"0,5326690623979092";"0,2921463573995425";"False";"PENUTUP";""
"24";"WAKIL BUPATI MALANG,";"355,5";"511,43";"305,7560000000001";"317,7560000000001";"612,2";"ABCDEE+Bookman Old Style,Bold";"12,0";"433,46500000000003";"306,1";"0,20804475661548513";"0,5806925841228356";"0,2547043449852989";"True";"PENUTUP";""
"24";"Ttd.";"420,73";"446,39799999999997";"333,956";"345,956";"612,2";"ABCDEE+Bookman Old Style,Bold";"12,0";"433,56399999999996";"306,1";"0,20820646847435467";"0,6872427311336164";"0,041927474681476555";"False";"PENUTUP";""
"24";"SANUSI";"410,13";"457,11";"362,1460000000001";"374,1460000000001";"612,2";"ABCDEE+Bookman Old Style,Bold";"12,0";"433,62";"306,1";"0,20829794184906888";"0,6699281280627245";"0,07673962757268869";"True";"PENUTUP";""
"24";"Diundangkan di Kepanjen";"70,825";"224,96200000000002";"379,1700000000001";"391,1700000000001";"612,2";"ABCDEE+Bookman Old Style";"12,0";"147,89350000000002";"306,1";"0,2584229010127409";"0,11568931721659588";"0,25177556354132635";"False";"PENUTUP";""
"24";"pada tanggal 26 Oktober 2018";"70,825";"249,682";"396,37";"408,37";"612,2";"ABCDEE+Bookman Old Style";"12,0";"160,2535";"306,1";"0,23823342045083307";"0,11568931721659588";"0,292154524665142";"False";"PENUTUP";""
"24";"SEKRETARIS DAERAH KABUPATEN MALANG,";"77,425";"364,21";"430,576";"442,57599999999996";"612,2";"ABCDEE+Bookman Old Style,Bold";"11,999999999999943";"220,8175";"306,1";"0,13930496569748452";"0,1264701078079059";"0,4684498529892191";"True";"PENUTUP";""
"24";"Ttd.";"208,08";"233,748";"458,776";"470,776";"612,2";"ABCDEE+Bookman Old Style,Bold";"12,0";"220,914";"306,1";"0,1391473374714146";"0,3398889251878471";"0,041927474681476604";"False";"PENUTUP";""
"24";"DIDIK BUDI MULJONO";"150,25";"291,358";"486,776";"498,776";"612,2";"ABCDEE+Bookman Old Style,Bold";"12,0";"220,804";"306,1";"0,1393270173146031";"0,2454263312642927";"0,23049330284220843";"True";"PENUTUP";""
"24";"Lembaran Daerah Kabupaten Malang";"70,825";"291,745";"513,0";"525,0";"612,2";"ABCDEE+Bookman Old Style";"12,0";"181,285";"306,1";"0,20387945115975173";"0,11568931721659588";"0,3608624632473048";"False";"PENUTUP";""
"24";"Tahun 2018 Nomor 10 Seri D";"70,825";"244,48";"537,0";"549,0";"612,2";"ABCDEE+Bookman Old Style";"12,0";"157,6525";"306,1";"0,24248203201568116";"0,11568931721659588";"0,2836573015354459";"False";"PENUTUP";""
"24";"NOMOR REGISTER PERATURAN DAERAH KABUPATEN MALANG NOMOR";"70,825";"545,528";"656,62";"668,62";"612,2";"ABCDEE+Bookman Old Style";"12,0";"308,17650000000003";"306,1";"0,0033918654034629367";"0,11568931721659588";"0,7754050963737341";"True";"PENUTUP";""
"24";"294-13/2018";"70,825";"149,665";"670,8199999999999";"682,8199999999999";"612,2";"ABCDEE+Bookman Old Style";"12,0";"110,245";"306,1";"0,31991996079712515";"0,11568931721659588";"0,12878144397255797";"False";"PENUTUP";""