"page";"text";"x0";"x1";"top";"bottom";"page_width";"font_name";"font_size";"line_center";"page_center";"center_score";"left_ratio";"width_ratio";"is_all_caps";"sistematika";"unsur"
"1";"BUPATI MALANG";"253,08";"358,62";"121,29600000000005";"133,29600000000005";"612,2";"AWKBDA+BookmanOldStyle-Bold";"12,0";"305,85";"306,1";"0,0004083632799738647";"0,41339431558314277";"0,17239464227376672";"True";"JUDUL";""
"1";"PROVINSI JAWA TIMUR";"231,48";"380,376";"142,29600000000005";"154,29600000000005";"612,2";"AWKBDA+BookmanOldStyle-Bold";"12,0";"305,928";"306,1";"0,00028095393662206053";"0,37811172819340083";"0,24321463573995422";"True";"JUDUL";""
"1";"PERATURAN BUPATI MALANG";"211,67";"399,95000000000005";"184,32600000000014";"196,32600000000014";"612,2";"AWKBDA+BookmanOldStyle-Bold";"12,0";"305,81";"306,1";"0,0004737014047697165";"0,3457530218882718";"0,30754655341391707";"True";"JUDUL";""
"1";"NOMOR 10 TAHUN 2025";"229,48";"382,65000000000003";"205,32600000000014";"217,32600000000014";"612,2";"AWKBDA+BookmanOldStyle-Bold";"12,0";"306,065";"306,1";"5,717085919638192e-05";"0,3748448219536099";"0,2501960143743875";"True";"JUDUL";""
"1";"TENTANG";"275,5";"336,46000000000004";"226,32600000000014";"238,32600000000014";"612,2";"AWKBDA+BookmanOldStyle-Bold";"12,0";"305,98";"306,1";"0,0001960143743874625";"0,45001633453119894";"0,09957530218882724";"True";"JUDUL";""
"1";"STANDAR HARGA SATUAN TAHUN ANGGARAN 2026";"142,45";"469,47";"247,32600000000014";"259,32600000000014";"612,2";"AWKBDA+BookmanOldStyle-Bold";"12,0";"305,96000000000004";"306,1";"0,00022868343678534195";"0,2326853969291081";"0,534171839268213";"True";"JUDUL";""
"1";"DENGAN RAHMAT TUHAN YANG MAHA ESA";"169,05";"442,5540000000001";"289,32600000000014";"301,32600000000014";"612,2";"AWKBDA+BookmanOldStyle-Bold";"12,0";"305,802";"306,1";"0,0004867690297288497";"0,27613524991832733";"0,4467559621038877";"True";"PEMBUKAAN";"FRASA RELIGIUS"
"1";"BUPATI MALANG,";"251,08";"360,928";"331,3460000000001";"343,3460000000001";"612,2";"AWKBDA+BookmanOldStyle-Bold";"12,0";"306,004";"306,1";"0,00015681149950997";"0,41012740934335185";"0,17943155831427635";"True";"PEMBUKAAN";"PEMBENTUK PPU"
"1";"Menimbang : bahwa untuk melaksanakan ketentuan dalam Pasal 51 ayat (5)";"68,025";"543,98";"373,3700000000001";"385,3700000000001";"612,2";"AWCPPO+BookmanOldStyle";"12,0";"306,0025";"306,1";"0,00015926167918984809";"0,1111156484808886";"0,7774501796798432";"False";"PEMBUKAAN";"KONSIDERANS"
"1";"Peraturan Pemerintah Nomor 12 Tahun 2019 tentang";"167,25";"543,858";"394,57000000000005";"406,57000000000005";"612,2";"AWCPPO+BookmanOldStyle";"12,0";"355,554";"306,1";"0,08078079059130994";"0,2731950343025155";"0,6151715125775888";"False";"PEMBUKAAN";"KONSIDERANS"
"1";"Pengelolaan Keuangan Daerah, maka perlu membentuk";"167,25";"543,854";"415,6";"427,6";"612,2";"AWCPPO+BookmanOldStyle";"12,0";"355,552";"306,1";"0,08077752368507023";"0,2731950343025155";"0,6151649787651094";"False";"PEMBUKAAN";"KONSIDERANS"
"1";"Peraturan Bupati tentang Standar Harga Satuan Tahun";"167,25";"544,02";"436,6";"448,6";"612,2";"AWCPPO+BookmanOldStyle";"12,0";"355,635";"306,1";"0,0809131002940215";"0,2731950343025155";"0,6154361319830121";"False";"PEMBUKAAN";"KONSIDERANS"
"1";"Anggaran 2026;";"167,25";"260,71999999999997";"457,6";"469,6";"612,2";"AWCPPO+BookmanOldStyle";"12,0";"213,98499999999999";"306,1";"0,15046553413917024";"0,2731950343025155";"0,15267886311662848";"False";"PEMBUKAAN";"KONSIDERANS"
"1";"Mengingat : 1. Undang-Undang Nomor 12 Tahun 1950 tentang";"67,825";"544,1320000000001";"499,6";"511,6";"612,2";"AWCPPO+BookmanOldStyle";"12,0";"305,97850000000005";"306,1";"0,00019846455406724773";"0,11078895785690951";"0,7780251551780465";"False";"PEMBUKAAN";"DASAR HUKUM"
"1";"Pembentukan Daerah-daerah Kabupaten di Lingkungan";"188,67";"544,0519999999999";"520,6";"532,6";"612,2";"AWCPPO+BookmanOldStyle";"12,0";"366,36099999999993";"306,1";"0,0984335184580201";"0,3081836001306762";"0,5804998366546879";"False";"PEMBUKAAN";"DASAR HUKUM"
"1";"Propinsi Jawa Timur (Berita Negara Republik Indonesia";"188,67";"543,7980000000002";"541,6200000000001";"553,6200000000001";"612,2";"AWCPPO+BookmanOldStyle";"12,0";"366,2340000000001";"306,1";"0,09822606991179364";"0,3081836001306762";"0,580084939562235";"False";"PEMBUKAAN";"DASAR HUKUM"
"1";"Tahun 1950 Nomor 41), sebagaimana telah diubah dengan";"188,67";"543,93";"562,6200000000001";"574,6200000000001";"612,2";"AWCPPO+BookmanOldStyle";"12,0";"366,29999999999995";"306,1";"0,09833387781770651";"0,3081836001306762";"0,5803005553740607";"False";"PEMBUKAAN";"DASAR HUKUM"
"1";"Undang-Undang Nomor 2 Tahun 1965 tentang Perubahan";"188,67";"543,8919999999999";"583,6200000000001";"595,6200000000001";"612,2";"AWCPPO+BookmanOldStyle";"12,0";"366,28099999999995";"306,1";"0,09830284220842848";"0,3081836001306762";"0,5802384841555046";"False";"PEMBUKAAN";"DASAR HUKUM"
"1";"Batas Wilayah Kotapraja Surabaya dan Daerah Tingkat II";"188,67";"543,5699999999999";"604,6200000000001";"616,6200000000001";"612,2";"AWCPPO+BookmanOldStyle";"12,0";"366,11999999999995";"306,1";"0,09803985625612532";"0,3081836001306762";"0,5797125122508984";"False";"PEMBUKAAN";"DASAR HUKUM"
"1";"Surabaya dengan mengubah Undang-Undang Nomor 12";"188,67";"544,1020000000001";"625,6300000000001";"637,6300000000001";"612,2";"AWCPPO+BookmanOldStyle";"12,0";"366,386";"306,1";"0,09847435478601764";"0,3081836001306762";"0,580581509310683";"False";"PEMBUKAAN";"DASAR HUKUM"
"1";"Tahun 1950 tentang Pembentukan Daerah-daerah Kota";"188,67";"544,042";"646,6200000000001";"658,6200000000001";"612,2";"AWCPPO+BookmanOldStyle";"12,0";"366,356";"306,1";"0,09842535119242073";"0,3081836001306762";"0,5804835021234891";"False";"PEMBUKAAN";"DASAR HUKUM"
"1";"Besar dalam Lingkungan Propinsi Jawa Timur, Jawa";"188,67";"543,7259999999998";"667,6500000000001";"679,6500000000001";"612,2";"AWCPPO+BookmanOldStyle";"12,0";"366,19799999999987";"306,1";"0,09816726559947703";"0,3081836001306762";"0,5799673309376018";"False";"PEMBUKAAN";"DASAR HUKUM"
"1";"Tengah, Jawa Barat dan Daerah Istimewa Yogyakarta";"188,67";"543,678";"688,6500000000001";"700,6500000000001";"612,2";"AWCPPO+BookmanOldStyle";"12,0";"366,174";"306,1";"0,09812806272459973";"0,3081836001306762";"0,5798889251878472";"False";"PEMBUKAAN";"DASAR HUKUM"
"1";"(Lembaran Negara Republik Indonesia Tahun 1965";"188,67";"543,906";"709,6500000000001";"721,6500000000001";"612,2";"AWCPPO+BookmanOldStyle";"12,0";"366,28799999999995";"306,1";"0,09831427638026777";"0,3081836001306762";"0,5802613524991832";"False";"PEMBUKAAN";"DASAR HUKUM"
"1";"Nomor 19, Tambahan Lembaran Negara Republik Indonesia";"188,67";"543,7620000000002";"730,6500000000001";"742,6500000000001";"612,2";"AWCPPO+BookmanOldStyle";"12,0";"366,21600000000007";"306,1";"0,09819666775563547";"0,3081836001306762";"0,5800261352499186";"False";"PEMBUKAAN";"DASAR HUKUM"
"1";"Nomor 2730);";"188,67";"268,53999999999996";"751,85";"763,85";"612,2";"AWCPPO+BookmanOldStyle";"12,0";"228,60499999999996";"306,1";"0,1265844495262987";"0,3081836001306762";"0,13046390068605027";"False";"PEMBUKAAN";"DASAR HUKUM"
"1";"2. Undang-Undang Nomor 28 Tahun 1999 tentang";"167,25";"544,398";"772,85";"784,85";"612,2";"AWCPPO+BookmanOldStyle";"12,0";"355,824";"306,1";"0,08122182293368178";"0,2731950343025155";"0,6160535772623326";"False";"PEMBUKAAN";"DASAR HUKUM"
"1";"Penyelenggaraan Negara yang Bersih dan Bebas dari";"188,67";"543,6059999999999";"793,88";"805,88";"612,2";"AWCPPO+BookmanOldStyle";"12,0";"366,1379999999999";"306,1";"0,0980692584122834";"0,3081836001306762";"0,5797713165632145";"False";"PEMBUKAAN";"DASAR HUKUM"
"1";"Korupsi, Kolusi dan Nepotisme (Lembaran Negara Republik";"188,67";"543,862";"814,87";"826,87";"612,2";"AWCPPO+BookmanOldStyle";"12,0";"366,26599999999996";"306,1";"0,09827834041163008";"0,3081836001306762";"0,5801894805619079";"False";"PEMBUKAAN";"DASAR HUKUM"
"1";"Indonesia Tahun 1999 Nomor 75, Tambahan Lembaran";"188,67";"543,938";"835,875";"847,875";"612,2";"AWCPPO+BookmanOldStyle";"12,0";"366,304";"306,1";"0,09834041163018613";"0,3081836001306762";"0,5803136229990199";"False";"PEMBUKAAN";"DASAR HUKUM"
"1";"Negara Republik Indonesia Nomor 3851);";"188,67";"430,39";"856,875";"868,875";"612,2";"AWCPPO+BookmanOldStyle";"12,0";"309,53";"306,1";"0,005602744201241342";"0,3081836001306762";"0,3948382881411303";"False";"PEMBUKAAN";"DASAR HUKUM"
"2";"2";"302,5";"309,94";"35,90000000000009";"47,90000000000009";"612,2";"AWCPPO+BookmanOldStyle";"12,0";"306,22";"306,1";"0,0001960143743874625";"0,4941195687683763";"0,01215289121202221";"False";"PEMBUKAAN";"DASAR HUKUM"
"2";"3. Undang-Undang Nomor 17 Tahun 2003 tentang Keuangan";"167,25";"543,9399999999999";"72,92000000000007";"84,92000000000007";"612,2";"AWCPPO+BookmanOldStyle";"12,0";"355,59499999999997";"306,1";"0,08084776216922565";"0,2731950343025155";"0,6153054557334203";"False";"PEMBUKAAN";"DASAR HUKUM"
"2";"Negara (Lembaran Negara Republik Indonesia Tahun 2003";"188,67";"543,822";"93,72000000000014";"105,72000000000014";"612,2";"AWCPPO+BookmanOldStyle";"12,0";"366,246";"306,1";"0,0982456713492322";"0,3081836001306762";"0,5801241424371121";"False";"PEMBUKAAN";"DASAR HUKUM"
"2";"Nomor 47, Tambahan Lembaran Negara Republik Indonesia";"188,67";"543,7620000000002";"114,5200000000001";"126,5200000000001";"612,2";"AWCPPO+BookmanOldStyle";"12,0";"366,21600000000007";"306,1";"0,09819666775563547";"0,3081836001306762";"0,5800261352499186";"False";"PEMBUKAAN";"DASAR HUKUM"
"2";"Nomor 4286);";"188,67";"268,49399999999997";"135,12000000000012";"147,12000000000012";"612,2";"AWCPPO+BookmanOldStyle";"12,0";"228,582";"306,1";"0,12662201894805622";"0,3081836001306762";"0,1303887618425351";"False";"PEMBUKAAN";"DASAR HUKUM"
"2";"4. Undang-Undang Nomor 1 Tahun 2004 tentang";"167,25";"544,144";"155,93000000000006";"167,93000000000006";"612,2";"AWCPPO+BookmanOldStyle";"12,0";"355,697";"306,1";"0,08101437438745504";"0,2731950343025155";"0,6156386801698791";"False";"PEMBUKAAN";"DASAR HUKUM"
"2";"Perbendaharaan Negara (Lembaran Negara Republik";"188,67";"543,63";"176,55000000000007";"188,55000000000007";"612,2";"AWCPPO+BookmanOldStyle";"12,0";"366,15";"306,1";"0,09808885984972224";"0,3081836001306762";"0,5798105194380921";"False";"PEMBUKAAN";"DASAR HUKUM"
"2";"Indonesia Tahun 2004 Nomor 5, Tambahan Lembaran";"188,67";"543,7499999999998";"197,35000000000014";"209,35000000000014";"612,2";"AWCPPO+BookmanOldStyle";"12,0";"366,20999999999987";"306,1";"0,09818686703691577";"0,3081836001306762";"0,5800065338124792";"False";"PEMBUKAAN";"DASAR HUKUM"
"2";"Negara Republik Indonesia Nomor 4355);";"188,67";"430,20599999999996";"218,1500000000001";"230,1500000000001";"612,2";"AWCPPO+BookmanOldStyle";"12,0";"309,438";"306,1";"0,005452466514210985";"0,3081836001306762";"0,3945377327670695";"False";"PEMBUKAAN";"DASAR HUKUM"
"2";"5. Undang-Undang Nomor 15 Tahun 2004 tentang";"167,25";"544,1320000000001";"238,7500000000001";"250,7500000000001";"612,2";"AWCPPO+BookmanOldStyle";"12,0";"355,69100000000003";"306,1";"0,08100457366873572";"0,2731950343025155";"0,6156190787324405";"False";"PEMBUKAAN";"DASAR HUKUM"
"2";"Pemeriksaan Pengelolaan dan Tanggung Jawab Keuangan";"188,67";"543,6539999999999";"259,55000000000007";"271,55000000000007";"612,2";"AWCPPO+BookmanOldStyle";"12,0";"366,1619999999999";"306,1";"0,09810846128716089";"0,3081836001306762";"0,5798497223129695";"False";"PEMBUKAAN";"DASAR HUKUM"
"2";"Negara (Lembaran Negara Republik Indonesia Tahun 2004";"188,67";"543,822";"280,1500000000001";"292,1500000000001";"612,2";"AWCPPO+BookmanOldStyle";"12,0";"366,246";"306,1";"0,0982456713492322";"0,3081836001306762";"0,5801241424371121";"False";"PEMBUKAAN";"DASAR HUKUM"
"2";"Nomor 66, Tambahan Lembaran Negara Republik Indonesia";"188,67";"543,7620000000002";"300,97000000000014";"312,97000000000014";"612,2";"AWCPPO+BookmanOldStyle";"12,0";"366,21600000000007";"306,1";"0,09819666775563547";"0,3081836001306762";"0,5800261352499186";"False";"PEMBUKAAN";"DASAR HUKUM"
"2";"Nomor 4400);";"188,67";"268,49399999999997";"321,7700000000001";"333,7700000000001";"612,2";"AWCPPO+BookmanOldStyle";"12,0";"228,582";"306,1";"0,12662201894805622";"0,3081836001306762";"0,1303887618425351";"False";"PEMBUKAAN";"DASAR HUKUM"
"2";"6. Undang-Undang Nomor 12 Tahun 2011 tentang";"167,25";"544,1320000000001";"342,3700000000001";"354,3700000000001";"612,2";"AWCPPO+BookmanOldStyle";"12,0";"355,69100000000003";"306,1";"0,08100457366873572";"0,2731950343025155";"0,6156190787324405";"False";"PEMBUKAAN";"DASAR HUKUM"
"2";"Pembentukan Peraturan Perundang-undangan (Lembaran";"188,67";"544,1539999999999";"363,18000000000006";"375,18000000000006";"612,2";"AWCPPO+BookmanOldStyle";"12,0";"366,4119999999999";"306,1";"0,09851682456713474";"0,3081836001306762";"0,5806664488729172";"False";"PEMBUKAAN";"DASAR HUKUM"
"2";"Negara Republik Indonesia Tahun 2011 Nomor 82,";"188,67";"543,906";"383,7700000000001";"395,7700000000001";"612,2";"AWCPPO+BookmanOldStyle";"12,0";"366,28799999999995";"306,1";"0,09831427638026777";"0,3081836001306762";"0,5802613524991832";"False";"PEMBUKAAN";"DASAR HUKUM"
"2";"Tambahan Lembaran Negara Republik Indonesia";"188,67";"543,8220000000002";"404,57000000000005";"416,57000000000005";"612,2";"AWCPPO+BookmanOldStyle";"12,0";"366,2460000000001";"306,1";"0,09824567134923239";"0,3081836001306762";"0,5801241424371124";"False";"PEMBUKAAN";"DASAR HUKUM"
"2";"Nomor 5234), sebagaimana telah diubah beberapa kali,";"188,67";"543,932";"425,40000000000003";"437,40000000000003";"612,2";"AWCPPO+BookmanOldStyle";"12,0";"366,301";"306,1";"0,09833551127082646";"0,3081836001306762";"0,5803038222803006";"False";"PEMBUKAAN";"DASAR HUKUM"
"2";"terakhir dengan Undang-Undang Nomor 13 Tahun 2022";"188,67";"543,778";"446,00000000000006";"458,00000000000006";"612,2";"AWCPPO+BookmanOldStyle";"12,0";"366,224";"306,1";"0,09820973538059452";"0,3081836001306762";"0,5800522704998368";"False";"PEMBUKAAN";"DASAR HUKUM"
"2";"tentang Perubahan Kedua atas Undang-Undang Nomor 12";"188,67";"544,3020000000001";"466,8";"478,8";"612,2";"AWCPPO+BookmanOldStyle";"12,0";"366,48600000000005";"306,1";"0,09863770009800722";"0,3081836001306762";"0,5809081999346621";"False";"PEMBUKAAN";"DASAR HUKUM"
"2";"Tahun 2011 tentang Pembentukan Peraturan";"188,67";"543,9419999999999";"487,40000000000003";"499,40000000000003";"612,2";"AWCPPO+BookmanOldStyle";"12,0";"366,3059999999999";"306,1";"0,09834367853642584";"0,3081836001306762";"0,5803201568114994";"False";"PEMBUKAAN";"DASAR HUKUM"
"2";"Perundang-undangan (Lembaran Negara Republik";"188,67";"543,7340000000002";"508,20000000000005";"520,2";"612,2";"AWCPPO+BookmanOldStyle";"12,0";"366,20200000000006";"306,1";"0,09817379941195692";"0,3081836001306762";"0,5799803985625616";"False";"PEMBUKAAN";"DASAR HUKUM"
"2";"Indonesia Tahun 2022 Nomor 143, Tambahan Lembaran";"188,67";"543,7739999999999";"528,8";"540,8";"612,2";"AWCPPO+BookmanOldStyle";"12,0";"366,2219999999999";"306,1";"0,09820646847435462";"0,3081836001306762";"0,5800457366873569";"False";"PEMBUKAAN";"DASAR HUKUM"
"2";"Negara Republik Indonesia Nomor 6801);";"188,67";"430,20599999999996";"549,6200000000001";"561,6200000000001";"612,2";"AWCPPO+BookmanOldStyle";"12,0";"309,438";"306,1";"0,005452466514210985";"0,3081836001306762";"0,3945377327670695";"False";"PEMBUKAAN";"DASAR HUKUM"
"2";"7. Undang-Undang Nomor 23 Tahun 2014 tentang";"167,25";"544,1320000000001";"570,4200000000001";"582,4200000000001";"612,2";"AWCPPO+BookmanOldStyle";"12,0";"355,69100000000003";"306,1";"0,08100457366873572";"0,2731950343025155";"0,6156190787324405";"False";"PEMBUKAAN";"DASAR HUKUM"
"2";"Pemerintahan Daerah (Lembaran Negara Republik";"188,67";"543,642";"591,02";"603,02";"612,2";"AWCPPO+BookmanOldStyle";"12,0";"366,156";"306,1";"0,09809866056844165";"0,3081836001306762";"0,579830120875531";"False";"PEMBUKAAN";"DASAR HUKUM"
"2";"Indonesia Tahun 2014 Nomor 244, Tambahan Lembaran";"188,67";"544,068";"611,82";"623,82";"612,2";"AWCPPO+BookmanOldStyle";"12,0";"366,36899999999997";"306,1";"0,09844658608297932";"0,3081836001306762";"0,5805259719046063";"False";"PEMBUKAAN";"DASAR HUKUM"
"2";"Negara Republik Indonesia Nomor 5587), sebagaimana";"188,67";"543,822";"632,4300000000001";"644,4300000000001";"612,2";"AWCPPO+BookmanOldStyle";"12,0";"366,246";"306,1";"0,0982456713492322";"0,3081836001306762";"0,5801241424371121";"False";"PEMBUKAAN";"DASAR HUKUM"
"2";"telah diubah beberapa kali, terakhir dengan";"188,67";"543,7979999999999";"653,23";"665,23";"612,2";"AWCPPO+BookmanOldStyle";"12,0";"366,2339999999999";"306,1";"0,09822606991179336";"0,3081836001306762";"0,5800849395622344";"False";"PEMBUKAAN";"DASAR HUKUM"
"2";"Undang-Undang Nomor 9 Tahun 2015 tentang Perubahan";"188,67";"543,8919999999999";"674,0500000000001";"686,0500000000001";"612,2";"AWCPPO+BookmanOldStyle";"11,999999999999972";"366,28099999999995";"306,1";"0,09830284220842848";"0,3081836001306762";"0,5802384841555046";"False";"PEMBUKAAN";"DASAR HUKUM"
"2";"Kedua atas Undang-Undang Nomor 23 Tahun 2014 tentang";"188,67";"543,964";"694,6500000000001";"706,6500000000001";"612,2";"AWCPPO+BookmanOldStyle";"12,0";"366,317";"306,1";"0,09836164652074482";"0,3081836001306762";"0,5803560927801373";"False";"PEMBUKAAN";"DASAR HUKUM"
"2";"Pemerintahan Daerah (Lembaran Negara Republik";"188,67";"543,642";"715,45";"727,45";"612,2";"AWCPPO+BookmanOldStyle";"12,0";"366,156";"306,1";"0,09809866056844165";"0,3081836001306762";"0,579830120875531";"False";"PEMBUKAAN";"DASAR HUKUM"
"2";"Indonesia Tahun 2015 Nomor 58, Tambahan Lembaran";"188,67";"543,7499999999998";"736,0500000000001";"748,0500000000001";"612,2";"AWCPPO+BookmanOldStyle";"12,0";"366,20999999999987";"306,1";"0,09818686703691577";"0,3081836001306762";"0,5800065338124792";"False";"PEMBUKAAN";"DASAR HUKUM"
"2";"Negara Republik Indonesia Nomor 5679);";"188,67";"430,36199999999997";"756,85";"768,85";"612,2";"AWCPPO+BookmanOldStyle";"12,0";"309,51599999999996";"306,1";"0,00557987585756279";"0,3081836001306762";"0,39479255145377323";"False";"PEMBUKAAN";"DASAR HUKUM"
"2";"8. Undang-Undang Nomor 1 Tahun 2022 tentang Hubungan";"167,25";"543,724";"777,6500000000001";"789,6500000000001";"612,2";"AWCPPO+BookmanOldStyle";"12,0";"355,487";"306,1";"0,08067134923227703";"0,2731950343025155";"0,614952629859523";"False";"PEMBUKAAN";"DASAR HUKUM"
"2";"Keuangan antara Pemerintah Pusat dan Pemerintahan";"188,67";"543,8459999999999";"798,27";"810,2700000000001";"612,2";"AWCPPO+BookmanOldStyle";"12,000000000000014";"366,2579999999999";"306,1";"0,09826527278667085";"0,3081836001306762";"0,5801633453119894";"False";"PEMBUKAAN";"DASAR HUKUM"
"2";"Daerah (Lembaran Negara Republik Indonesia Tahun 2022";"188,67";"543,834";"819,07";"831,07";"612,2";"AWCPPO+BookmanOldStyle";"12,0";"366,25199999999995";"306,1";"0,09825547206795153";"0,3081836001306762";"0,5801437438745507";"False";"PEMBUKAAN";"DASAR HUKUM"
"2";"Nomor 4, Tambahan Lembaran Negara Republik Indonesia";"188,67";"543,7740000000001";"839,6750000000001";"851,6750000000001";"612,2";"AWCPPO+BookmanOldStyle";"12,0";"366,22200000000004";"306,1";"0,0982064684743548";"0,3081836001306762";"0,5800457366873573";"False";"PEMBUKAAN";"DASAR HUKUM"
"2";"Nomor 6757);";"188,67";"268,49399999999997";"860,475";"872,475";"612,2";"AWCPPO+BookmanOldStyle";"12,0";"228,582";"306,1";"0,12662201894805622";"0,3081836001306762";"0,1303887618425351";"False";"PEMBUKAAN";"DASAR HUKUM"
"3";"3";"302,5";"309,94";"35,90000000000009";"47,90000000000009";"612,2";"AWCPPO+BookmanOldStyle";"12,0";"306,22";"306,1";"0,0001960143743874625";"0,4941195687683763";"0,01215289121202221";"False";"PEMBUKAAN";"DASAR HUKUM"
"3";"9. Peraturan Pemerintah Nomor 27 Tahun 2014 tentang";"167,25";"544,038";"72,92000000000007";"84,92000000000007";"612,2";"AWCPPO+BookmanOldStyle";"12,0";"355,644";"306,1";"0,08092780137210058";"0,2731950343025155";"0,6154655341391702";"False";"PEMBUKAAN";"DASAR HUKUM"
"3";"Pengelolaan Barang Milik Negara/Daerah (Lembaran";"188,67";"543,7379999999997";"95,5200000000001";"107,5200000000001";"612,2";"AWCPPO+BookmanOldStyle";"12,0";"366,20399999999984";"306,1";"0,09817706631819635";"0,3081836001306762";"0,5799869323750404";"False";"PEMBUKAAN";"DASAR HUKUM"
"3";"Negara Republik Indonesia Tahun 2014 Nomor 92,";"188,67";"543,906";"117,92000000000007";"129,92000000000007";"612,2";"AWCPPO+BookmanOldStyle";"12,0";"366,28799999999995";"306,1";"0,09831427638026777";"0,3081836001306762";"0,5802613524991832";"False";"PEMBUKAAN";"DASAR HUKUM"
"3";"Tambahan Lembaran Negara Republik Indonesia";"188,67";"543,8220000000002";"140,32000000000005";"152,32000000000005";"612,2";"AWCPPO+BookmanOldStyle";"12,0";"366,2460000000001";"306,1";"0,09824567134923239";"0,3081836001306762";"0,5801241424371124";"False";"PEMBUKAAN";"DASAR HUKUM"
"3";"Nomor 5533), sebagaimana telah diubah dengan Peraturan";"188,67";"543,8819999999998";"162,73000000000013";"174,73000000000013";"612,2";"AWCPPO+BookmanOldStyle";"12,0";"366,2759999999999";"306,1";"0,09829467494282892";"0,3081836001306762";"0,5802221496243055";"False";"PEMBUKAAN";"DASAR HUKUM"
"3";"Pemerintah Nomor 28 Tahun 2020 tentang Perubahan atas";"188,67";"543,918";"185,1500000000001";"197,1500000000001";"612,2";"AWCPPO+BookmanOldStyle";"12,0";"366,294";"306,1";"0,09832407709898719";"0,3081836001306762";"0,580280953936622";"False";"PEMBUKAAN";"DASAR HUKUM"
"3";"Peraturan Pemerintah Nomor 27 Tahun 2014 tentang";"188,67";"544,038";"207,55000000000007";"219,55000000000007";"612,2";"AWCPPO+BookmanOldStyle";"12,0";"366,354";"306,1";"0,09842208428618092";"0,3081836001306762";"0,5804769683110095";"False";"PEMBUKAAN";"DASAR HUKUM"
"3";"Pengelolaan Barang Milik Negara/Daerah (Lembaran";"188,67";"543,7379999999997";"229,95000000000005";"241,95000000000005";"612,2";"AWCPPO+BookmanOldStyle";"12,0";"366,20399999999984";"306,1";"0,09817706631819635";"0,3081836001306762";"0,5799869323750404";"False";"PEMBUKAAN";"DASAR HUKUM"
"3";"Negara Republik Indonesia Tahun 2020 Nomor 142,";"188,67";"543,918";"252,35000000000014";"264,35000000000014";"612,2";"AWCPPO+BookmanOldStyle";"12,0";"366,294";"306,1";"0,09832407709898719";"0,3081836001306762";"0,580280953936622";"False";"PEMBUKAAN";"DASAR HUKUM"
"3";"Tambahan Lembaran Negara Republik Indonesia";"188,67";"543,8220000000002";"274,7500000000001";"286,7500000000001";"612,2";"AWCPPO+BookmanOldStyle";"12,0";"366,2460000000001";"306,1";"0,09824567134923239";"0,3081836001306762";"0,5801241424371124";"False";"PEMBUKAAN";"DASAR HUKUM"
"3";"Nomor 6523);";"188,67";"268,49399999999997";"297,3700000000001";"309,3700000000001";"612,2";"AWCPPO+BookmanOldStyle";"12,0";"228,582";"306,1";"0,12662201894805622";"0,3081836001306762";"0,1303887618425351";"False";"PEMBUKAAN";"DASAR HUKUM"
"3";"10. Peraturan Pemerintah Nomor 12 Tahun 2017 tentang";"167,25";"544,038";"319,7700000000001";"331,7700000000001";"612,2";"AWCPPO+BookmanOldStyle";"12,0";"355,644";"306,1";"0,08092780137210058";"0,2731950343025155";"0,6154655341391702";"False";"PEMBUKAAN";"DASAR HUKUM"
"3";"Pembinaan dan Pengawasan Penyelenggaraan";"188,67";"543,966";"342,1700000000001";"354,1700000000001";"612,2";"AWCPPO+BookmanOldStyle";"12,0";"366,318";"306,1";"0,09836327997386468";"0,3081836001306762";"0,5803593596863771";"False";"PEMBUKAAN";"DASAR HUKUM"
"3";"Pemerintahan Daerah (Lembaran Negara Republik";"188,67";"543,642";"364,57000000000005";"376,57000000000005";"612,2";"AWCPPO+BookmanOldStyle";"12,0";"366,156";"306,1";"0,09809866056844165";"0,3081836001306762";"0,579830120875531";"False";"PEMBUKAAN";"DASAR HUKUM"
"3";"Indonesia Tahun 2017 Nomor 73, Tambahan Lembaran";"188,67";"543,7499999999998";"386,97000000000014";"398,97000000000014";"612,2";"AWCPPO+BookmanOldStyle";"12,0";"366,20999999999987";"306,1";"0,09818686703691577";"0,3081836001306762";"0,5800065338124792";"False";"PEMBUKAAN";"DASAR HUKUM"
"3";"Negara Republik Indonesia Nomor 6041);";"188,67";"430,20599999999996";"409,3700000000001";"421,3700000000001";"612,2";"AWCPPO+BookmanOldStyle";"12,0";"309,438";"306,1";"0,005452466514210985";"0,3081836001306762";"0,3945377327670695";"False";"PEMBUKAAN";"DASAR HUKUM"
"3";"11. Peraturan Pemerintah Nomor 12 Tahun 2019 tentang";"167,25";"544,326";"431,8";"443,8";"612,2";"AWCPPO+BookmanOldStyle";"12,0";"355,788";"306,1";"0,08116301862136555";"0,2731950343025155";"0,6159359686377001";"False";"PEMBUKAAN";"DASAR HUKUM"
"3";"Pengelolaan Keuangan Daerah (Lembaran Negara Republik";"188,67";"543,63";"454,20000000000005";"466,20000000000005";"612,2";"AWCPPO+BookmanOldStyle";"12,0";"366,15";"306,1";"0,09808885984972224";"0,3081836001306762";"0,5798105194380921";"False";"PEMBUKAAN";"DASAR HUKUM"
"3";"Indonesia Tahun 2019 Nomor 42, Tambahan Lembaran";"188,67";"543,7939999999999";"476,6";"488,6";"612,2";"AWCPPO+BookmanOldStyle";"12,0";"366,2319999999999";"306,1";"0,09822280300555356";"0,3081836001306762";"0,5800784057497548";"False";"PEMBUKAAN";"DASAR HUKUM"
"3";"Negara Republik Indonesia Nomor 6322);";"188,67";"430,39";"499,00000000000006";"511,00000000000006";"612,2";"AWCPPO+BookmanOldStyle";"12,0";"309,53";"306,1";"0,005602744201241342";"0,3081836001306762";"0,3948382881411303";"False";"PEMBUKAAN";"DASAR HUKUM"
"3";"12. Peraturan Pemerintah Nomor 13 Tahun 2019 tentang";"167,25";"544,326";"521,6";"533,6";"612,2";"AWCPPO+BookmanOldStyle";"12,0";"355,788";"306,1";"0,08116301862136555";"0,2731950343025155";"0,6159359686377001";"False";"PEMBUKAAN";"DASAR HUKUM"
"3";"Laporan dan Evaluasi Penyelenggaraan Pemerintahan";"188,67";"543,906";"544,02";"556,02";"612,2";"AWCPPO+BookmanOldStyle";"12,0";"366,28799999999995";"306,1";"0,09831427638026777";"0,3081836001306762";"0,5802613524991832";"False";"PEMBUKAAN";"DASAR HUKUM"
"3";"Daerah (Lembaran Negara Republik Indonesia Tahun 2019";"188,67";"544,1500000000001";"566,4200000000001";"578,4200000000001";"612,2";"AWCPPO+BookmanOldStyle";"12,0";"366,41";"306,1";"0,09851355766089513";"0,3081836001306762";"0,5806599150604379";"False";"PEMBUKAAN";"DASAR HUKUM"
"3";"Nomor 52, Tambahan Lembaran Negara Republik Indonesia";"188,67";"543,8080000000001";"588,82";"600,82";"612,2";"AWCPPO+BookmanOldStyle";"12,0";"366,23900000000003";"306,1";"0,09823423717739302";"0,3081836001306762";"0,5801012740934337";"False";"PEMBUKAAN";"DASAR HUKUM"
"3";"Nomor 6323);";"188,67";"268,53999999999996";"611,22";"623,22";"612,2";"AWCPPO+BookmanOldStyle";"12,0";"228,60499999999996";"306,1";"0,1265844495262987";"0,3081836001306762";"0,13046390068605027";"False";"PEMBUKAAN";"DASAR HUKUM"
"3";"13. Peraturan Presiden Nomor 87 Tahun 2014 tentang";"167,25";"543,87";"633,6200000000001";"645,6200000000001";"612,2";"AWCPPO+BookmanOldStyle";"12,0";"355,56";"306,1";"0,08079059131002936";"0,2731950343025155";"0,6151911140150277";"False";"PEMBUKAAN";"DASAR HUKUM"
"3";"Peraturan Pelaksanaan Undang-Undang Nomor 12";"188,67";"544,086";"656,02";"668,02";"612,2";"AWCPPO+BookmanOldStyle";"12,0";"366,378";"306,1";"0,09846128716105841";"0,3081836001306762";"0,5805553740607645";"False";"PEMBUKAAN";"DASAR HUKUM"
"3";"Tahun 2011 tentang Pembentukan Peraturan";"188,67";"543,9419999999999";"678,45";"690,45";"612,2";"AWCPPO+BookmanOldStyle";"12,0";"366,3059999999999";"306,1";"0,09834367853642584";"0,3081836001306762";"0,5803201568114994";"False";"PEMBUKAAN";"DASAR HUKUM"
"3";"Perundang-undangan (Lembaran Negara Republik";"188,67";"543,7800000000002";"700,85";"712,85";"612,2";"AWCPPO+BookmanOldStyle";"12,0";"366,2250000000001";"306,1";"0,09821136883371456";"0,3081836001306762";"0,5800555374060768";"False";"PEMBUKAAN";"DASAR HUKUM"
"3";"Indonesia Tahun 2014 Nomor 199), sebagaimana telah";"188,67";"544,1659999999999";"723,25";"735,25";"612,2";"AWCPPO+BookmanOldStyle";"12,0";"366,41799999999995";"306,1";"0,09852662528585417";"0,3081836001306762";"0,580686050310356";"False";"PEMBUKAAN";"DASAR HUKUM"
"3";"diubah dengan Peraturan Presiden Nomor 76 Tahun 2021";"188,67";"543,618";"745,85";"757,85";"612,2";"AWCPPO+BookmanOldStyle";"12,0";"366,144";"306,1";"0,0980790591310029";"0,3081836001306762";"0,5797909180006535";"False";"PEMBUKAAN";"DASAR HUKUM"
"3";"tentang Perubahan atas Peraturan Presiden Nomor 87";"188,67";"543,8220000000001";"768,25";"780,25";"612,2";"AWCPPO+BookmanOldStyle";"12,0";"366,24600000000004";"306,1";"0,09824567134923229";"0,3081836001306762";"0,5801241424371123";"False";"PEMBUKAAN";"DASAR HUKUM"
"3";"Tahun 2014 tentang Peraturan Pelaksanaan";"188,67";"543,9179999999999";"790,6700000000001";"802,6700000000001";"612,2";"AWCPPO+BookmanOldStyle";"12,0";"366,2939999999999";"306,1";"0,09832407709898709";"0,3081836001306762";"0,5802809539366218";"False";"PEMBUKAAN";"DASAR HUKUM"
"3";"Undang-Undang Nomor 12 Tahun 2011 tentang";"188,67";"544,1320000000001";"813,07";"825,07";"612,2";"AWCPPO+BookmanOldStyle";"12,0";"366,401";"306,1";"0,09849885658281604";"0,3081836001306762";"0,5806305129042798";"False";"PEMBUKAAN";"DASAR HUKUM"
"3";"Pembentukan Peraturan Perundang-undangan (Lembaran";"188,67";"544,1539999999999";"835,475";"847,475";"612,2";"AWCPPO+BookmanOldStyle";"12,0";"366,4119999999999";"306,1";"0,09851682456713474";"0,3081836001306762";"0,5806664488729172";"False";"PEMBUKAAN";"DASAR HUKUM"
"3";"Negara Republik Indonesia Tahun 2021 Nomor 186);";"188,67";"498,82";"857,875";"869,875";"612,2";"AWCPPO+BookmanOldStyle";"12,0";"343,745";"306,1";"0,06149134269846452";"0,3081836001306762";"0,5066154851355765";"False";"PEMBUKAAN";"DASAR HUKUM"
"4";"4";"302,5";"309,94";"35,90000000000009";"47,90000000000009";"612,2";"AWCPPO+BookmanOldStyle";"12,0";"306,22";"306,1";"0,0001960143743874625";"0,4941195687683763";"0,01215289121202221";"False";"PEMBUKAAN";"DASAR HUKUM"
"4";"14. Peraturan Presiden Nomor 16 Tahun 2018 tentang";"167,25";"543,9960000000001";"72,92000000000007";"84,92000000000007";"612,2";"AWCPPO+BookmanOldStyle";"12,0";"355,62300000000005";"306,1";"0,08089349885658285";"0,2731950343025155";"0,6153969291081347";"False";"PEMBUKAAN";"DASAR HUKUM"
"4";"Pengadaan Barang/Jasa Pemerintah (Lembaran Negara";"188,67";"544,234";"94,93000000000006";"106,93000000000006";"612,2";"AWCPPO+BookmanOldStyle";"12,0";"366,452";"306,1";"0,0985821626919307";"0,3081836001306762";"0,580797125122509";"False";"PEMBUKAAN";"DASAR HUKUM"
"4";"Republik Indonesia Tahun 2018 Nomor 33), sebagaimana";"188,67";"544,026";"116,92000000000007";"128,92000000000007";"612,2";"AWCPPO+BookmanOldStyle";"12,0";"366,34799999999996";"306,1";"0,0984122835674615";"0,3081836001306762";"0,5804573668735706";"False";"PEMBUKAAN";"DASAR HUKUM"
"4";"telah diubah dengan Peraturan Presiden Nomor 12";"188,67";"544,01";"138,93000000000006";"150,93000000000006";"612,2";"AWCPPO+BookmanOldStyle";"12,0";"366,34";"306,1";"0,09839921594250237";"0,3081836001306762";"0,5804312316236524";"False";"PEMBUKAAN";"DASAR HUKUM"
"4";"Tahun 2021 tentang Perubahan atas Peraturan Presiden";"188,67";"544,116";"160,93000000000006";"172,93000000000006";"612,2";"AWCPPO+BookmanOldStyle";"12,0";"366,393";"306,1";"0,09848578895785683";"0,3081836001306762";"0,5806043776543613";"False";"PEMBUKAAN";"DASAR HUKUM"
"4";"Nomor 16 Tahun 2018 tentang Pengadaan Barang/Jasa";"188,67";"544,0500000000001";"182,7500000000001";"194,7500000000001";"612,2";"AWCPPO+BookmanOldStyle";"12,0";"366,36";"306,1";"0,09843188500490034";"0,3081836001306762";"0,5804965697484483";"False";"PEMBUKAAN";"DASAR HUKUM"
"4";"Pemerintah (Lembaran Negara Republik Indonesia";"188,67";"544,136";"204,7500000000001";"216,7500000000001";"612,2";"AWCPPO+BookmanOldStyle";"12,0";"366,40299999999996";"306,1";"0,09850212348905577";"0,3081836001306762";"0,5806370467167592";"False";"PEMBUKAAN";"DASAR HUKUM"
"4";"Tahun 2021 Nomor 63);";"188,67";"329,348";"226,7500000000001";"238,7500000000001";"612,2";"AWCPPO+BookmanOldStyle";"12,0";"259,009";"306,1";"0,07692094086899706";"0,3081836001306762";"0,2297909180006534";"False";"PEMBUKAAN";"DASAR HUKUM"
"4";"15. Peraturan Presiden Nomor 72 Tahun 2025 tentang";"167,25";"544,2";"248,7500000000001";"260,7500000000001";"612,2";"AWCPPO+BookmanOldStyle";"12,0";"355,725";"306,1";"0,08106011107481215";"0,2731950343025155";"0,6157301535445933";"False";"PEMBUKAAN";"DASAR HUKUM"
"4";"Standar Harga Satuan Regional (Lembaran Negara";"188,67";"544,1260000000001";"270,55000000000007";"282,55000000000007";"612,2";"AWCPPO+BookmanOldStyle";"12,0";"366,398";"306,1";"0,09849395622345639";"0,3081836001306762";"0,5806207121855604";"False";"PEMBUKAAN";"DASAR HUKUM"
"4";"Republik Indonesia Tahun 2025 Nomor 105);";"188,67";"454,190000238";"292,57000000000005";"304,57000000000005";"612,2";"AWCPPO+BookmanOldStyle";"12,0";"321,430000119";"306,1";"0,025040836522378266";"0,3081836001306762";"0,433714472783404";"False";"PEMBUKAAN";"DASAR HUKUM"
"4";"16. Peraturan Menteri Dalam Negeri Nomor 80 Tahun 2015";"167,25";"543,6179999999999";"314,57000000000005";"326,57000000000005";"612,2";"AWCPPO+BookmanOldStyle";"12,0";"355,43399999999997";"306,1";"0,08058477621692248";"0,2731950343025155";"0,614779483828814";"False";"PEMBUKAAN";"DASAR HUKUM"
"4";"tentang Pembentukan Produk Hukum Daerah (Berita";"188,67";"543,75";"336,57000000000005";"348,57000000000005";"612,2";"AWCPPO+BookmanOldStyle";"12,0";"366,21";"306,1";"0,09818686703691597";"0,3081836001306762";"0,5800065338124796";"False";"PEMBUKAAN";"DASAR HUKUM"
"4";"Negara Republik Indonesia Tahun 2015 Nomor 2036),";"188,67";"543,8580000000001";"358,3700000000001";"370,3700000000001";"612,2";"AWCPPO+BookmanOldStyle";"12,0";"366,264";"306,1";"0,09827507350539037";"0,3081836001306762";"0,5801829467494284";"False";"PEMBUKAAN";"DASAR HUKUM"
"4";"sebagaimana telah diubah dengan Peraturan Menteri";"188,67";"543,978";"380,3700000000001";"392,3700000000001";"612,2";"AWCPPO+BookmanOldStyle";"12,0";"366,32399999999996";"306,1";"0,098373080692584";"0,3081836001306762";"0,5803789611238157";"False";"PEMBUKAAN";"DASAR HUKUM"
"4";"Dalam Negeri Nomor 120 Tahun 2018 tentang Perubahan";"188,67";"543,8699999999999";"402,3700000000001";"414,3700000000001";"612,2";"AWCPPO+BookmanOldStyle";"12,0";"366,2699999999999";"306,1";"0,0982848742241096";"0,3081836001306762";"0,5802025481868669";"False";"PEMBUKAAN";"DASAR HUKUM"
"4";"atas Peraturan Menteri Dalam Negeri Nomor 80";"188,67";"543,666";"424,40000000000003";"436,40000000000003";"612,2";"AWCPPO+BookmanOldStyle";"12,0";"366,168";"306,1";"0,09811826200588039";"0,3081836001306762";"0,5798693237504084";"False";"PEMBUKAAN";"DASAR HUKUM"
"4";"Tahun 2015 tentang Pembentukan Produk Hukum Daerah";"188,67";"543,8939999999999";"446,20000000000005";"458,20000000000005";"612,2";"AWCPPO+BookmanOldStyle";"12,0";"366,2819999999999";"306,1";"0,09830447566154835";"0,3081836001306762";"0,5802417510617444";"False";"PEMBUKAAN";"DASAR HUKUM"
"4";"(Berita Negara Republik Indonesia Tahun 2019";"188,67";"544,3620000000001";"468,20000000000005";"480,20000000000005";"612,2";"AWCPPO+BookmanOldStyle";"12,0";"366,516";"306,1";"0,09868670369160404";"0,3081836001306762";"0,5810062071218558";"False";"PEMBUKAAN";"DASAR HUKUM"
"4";"Nomor 157);";"188,67";"260,91999999999996";"490,20000000000005";"502,20000000000005";"612,2";"AWCPPO+BookmanOldStyle";"12,0";"224,79499999999996";"306,1";"0,13280790591310038";"0,3081836001306762";"0,11801698791244686";"False";"PEMBUKAAN";"DASAR HUKUM"
"4";"17. Peraturan Menteri Dalam Negeri Nomor 19 Tahun 2016";"167,25";"543,6179999999999";"512,2";"524,2";"612,2";"AWCPPO+BookmanOldStyle";"12,0";"355,43399999999997";"306,1";"0,08058477621692248";"0,2731950343025155";"0,614779483828814";"False";"PEMBUKAAN";"DASAR HUKUM"
"4";"tentang Pedoman Pengelolaan Barang Milik Daerah (Berita";"188,67";"543,678";"534,0";"546,0";"612,2";"AWCPPO+BookmanOldStyle";"12,0";"366,174";"306,1";"0,09812806272459973";"0,3081836001306762";"0,5798889251878472";"False";"PEMBUKAAN";"DASAR HUKUM"
"4";"Negara Republik Indonesia Tahun 2016 Nomor 547),";"188,67";"544,22";"556,02";"568,02";"612,2";"AWCPPO+BookmanOldStyle";"12,0";"366,445";"306,1";"0,09857072852009142";"0,3081836001306762";"0,5807742567788305";"False";"PEMBUKAAN";"DASAR HUKUM"
"4";"sebagaimana telah diubah dengan Peraturan Menteri";"188,67";"544,254";"578,02";"590,02";"612,2";"AWCPPO+BookmanOldStyle";"12,0";"366,462";"306,1";"0,09859849722312963";"0,3081836001306762";"0,580829794184907";"False";"PEMBUKAAN";"DASAR HUKUM"
"4";"Dalam Negeri Nomor 7 Tahun 2024 tentang Perubahan atas";"188,67";"544,152";"600,02";"612,02";"612,2";"AWCPPO+BookmanOldStyle";"12,0";"366,411";"306,1";"0,09851519111401498";"0,3081836001306762";"0,5806631819666777";"False";"PEMBUKAAN";"DASAR HUKUM"
"4";"Peraturan Menteri Dalam Negeri Nomor 19 Tahun 2016";"188,67";"543,6179999999999";"622,02";"634,02";"612,2";"AWCPPO+BookmanOldStyle";"12,0";"366,14399999999995";"306,1";"0,09807905913100282";"0,3081836001306762";"0,5797909180006533";"False";"PEMBUKAAN";"DASAR HUKUM"
"4";"tentang Pedoman Pengelolaan Barang Milik Daerah (Berita";"188,67";"543,678";"643,82";"655,82";"612,2";"AWCPPO+BookmanOldStyle";"12,0";"366,174";"306,1";"0,09812806272459973";"0,3081836001306762";"0,5798889251878472";"False";"PEMBUKAAN";"DASAR HUKUM"
"4";"Negara Republik Indonesia Tahun 2024 Nomor 350);";"188,67";"498,82";"665,85";"677,85";"612,2";"AWCPPO+BookmanOldStyle";"12,0";"343,745";"306,1";"0,06149134269846452";"0,3081836001306762";"0,5066154851355765";"False";"PEMBUKAAN";"DASAR HUKUM"
"4";"18. Peraturan Menteri Dalam Negeri Nomor 59 Tahun 2019";"167,25";"544,0200000000001";"687,85";"699,85";"612,2";"AWCPPO+BookmanOldStyle";"12,0";"355,63500000000005";"306,1";"0,0809131002940216";"0,2731950343025155";"0,6154361319830122";"False";"PEMBUKAAN";"DASAR HUKUM"
"4";"tentang Tata Cara Perjalanan ke Luar Negeri di Lingkungan";"188,67";"544,014";"709,85";"721,85";"612,2";"AWCPPO+BookmanOldStyle";"12,0";"366,342";"306,1";"0,09840248284874217";"0,3081836001306762";"0,580437765436132";"False";"PEMBUKAAN";"DASAR HUKUM"
"4";"Kementerian Dalam Negeri dan Pemerintahan Daerah";"188,67";"544,2879999999999";"731,6500000000001";"743,6500000000001";"612,2";"AWCPPO+BookmanOldStyle";"12,0";"366,4789999999999";"306,1";"0,09862626592616776";"0,3081836001306762";"0,5808853315909832";"False";"PEMBUKAAN";"DASAR HUKUM"
"4";"(Berita Negara Republik Indonesia Tahun 2019";"188,67";"544,4100000000001";"753,6500000000001";"765,6500000000001";"612,2";"AWCPPO+BookmanOldStyle";"12,0";"366,54";"306,1";"0,09872590656648153";"0,3081836001306762";"0,5810846128716107";"False";"PEMBUKAAN";"DASAR HUKUM"
"4";"Nomor 1133);";"188,67";"268,53999999999996";"775,6500000000001";"787,6500000000001";"612,2";"AWCPPO+BookmanOldStyle";"12,0";"228,60499999999996";"306,1";"0,1265844495262987";"0,3081836001306762";"0,13046390068605027";"False";"PEMBUKAAN";"DASAR HUKUM"
"4";"19. Peraturan Menteri Dalam Negeri Nomor 90 Tahun 2019";"167,25";"543,6179999999999";"797,6700000000001";"809,6700000000001";"612,2";"AWCPPO+BookmanOldStyle";"12,000000000000014";"355,43399999999997";"306,1";"0,08058477621692248";"0,2731950343025155";"0,614779483828814";"False";"PEMBUKAAN";"DASAR HUKUM"
"4";"tentang Klasifikasi, Kodefikasi, dan Nomenklatur";"188,67";"543,966";"819,48";"831,48";"612,2";"AWCPPO+BookmanOldStyle";"12,0";"366,318";"306,1";"0,09836327997386468";"0,3081836001306762";"0,5803593596863771";"False";"PEMBUKAAN";"DASAR HUKUM"
"4";"Perencanaan Pembangunan dan Keuangan Daerah (Berita";"188,67";"543,9179999999999";"841,475";"853,475";"612,2";"AWCPPO+BookmanOldStyle";"12,0";"366,2939999999999";"306,1";"0,09832407709898709";"0,3081836001306762";"0,5802809539366218";"False";"PEMBUKAAN";"DASAR HUKUM"
"4";"Negara Republik Indonesia Tahun 2019 Nomor 1447);";"188,67";"506,366";"863,475";"875,475";"612,2";"AWCPPO+BookmanOldStyle";"12,0";"347,518";"306,1";"0,06765436131983003";"0,3081836001306762";"0,5189415223783077";"False";"PEMBUKAAN";"DASAR HUKUM"
"5";"5";"302,5";"309,94";"35,90000000000009";"47,90000000000009";"612,2";"AWCPPO+BookmanOldStyle";"12,0";"306,22";"306,1";"0,0001960143743874625";"0,4941195687683763";"0,01215289121202221";"False";"PEMBUKAAN";"DASAR HUKUM"
"5";"20. Peraturan Menteri Dalam Negeri Nomor 77 Tahun 2020";"167,25";"543,6179999999999";"72,92000000000007";"84,92000000000007";"612,2";"AWCPPO+BookmanOldStyle";"12,0";"355,43399999999997";"306,1";"0,08058477621692248";"0,2731950343025155";"0,614779483828814";"False";"PEMBUKAAN";"DASAR HUKUM"
"5";"tentang Pedoman Teknis Pengelolaan Keuangan Daerah";"188,67";"543,882";"97,72000000000014";"109,72000000000014";"612,2";"AWCPPO+BookmanOldStyle";"12,0";"366,27599999999995";"306,1";"0,09829467494282902";"0,3081836001306762";"0,5802221496243057";"False";"PEMBUKAAN";"DASAR HUKUM"
"5";"(Berita Negara Republik Indonesia Tahun 2020";"188,67";"544,086";"122,32000000000005";"134,32000000000005";"612,2";"AWCPPO+BookmanOldStyle";"12,0";"366,378";"306,1";"0,09846128716105841";"0,3081836001306762";"0,5805553740607645";"False";"PEMBUKAAN";"DASAR HUKUM"
"5";"Nomor 1781);";"188,67";"268,49399999999997";"146,93000000000006";"158,93000000000006";"612,2";"AWCPPO+BookmanOldStyle";"12,0";"228,582";"306,1";"0,12662201894805622";"0,3081836001306762";"0,1303887618425351";"False";"PEMBUKAAN";"DASAR HUKUM"
"5";"21. Peraturan Daerah Kabupaten Malang Nomor 9 Tahun 2016";"167,25";"543,9300000000001";"171,7500000000001";"183,7500000000001";"612,2";"AWCPPO+BookmanOldStyle";"12,0";"355,59000000000003";"306,1";"0,08083959490362627";"0,2731950343025155";"0,6152891212022216";"False";"PEMBUKAAN";"DASAR HUKUM"
"5";"tentang Pembentukan dan Susunan Perangkat Daerah";"188,67";"543,8459999999999";"196,35000000000014";"208,35000000000014";"612,2";"AWCPPO+BookmanOldStyle";"12,0";"366,2579999999999";"306,1";"0,09826527278667085";"0,3081836001306762";"0,5801633453119894";"False";"PEMBUKAAN";"DASAR HUKUM"
"5";"(Lembaran Daerah Kabupaten Malang Tahun 2016";"188,67";"543,822";"220,95000000000005";"232,95000000000005";"612,2";"AWCPPO+BookmanOldStyle";"12,0";"366,246";"306,1";"0,0982456713492322";"0,3081836001306762";"0,5801241424371121";"False";"PEMBUKAAN";"DASAR HUKUM"
"5";"Nomor 1 Seri C), sebagaimana telah diubah beberapa kali,";"188,67";"543,95";"245,55000000000007";"257,55000000000007";"612,2";"AWCPPO+BookmanOldStyle";"12,0";"366,31";"306,1";"0,09835021234890555";"0,3081836001306762";"0,5803332244364587";"False";"PEMBUKAAN";"DASAR HUKUM"
"5";"terakhir dengan Peraturan Daerah Kabupaten Malang";"188,67";"544,068";"270,35000000000014";"282,35000000000014";"612,2";"AWCPPO+BookmanOldStyle";"12,0";"366,36899999999997";"306,1";"0,09844658608297932";"0,3081836001306762";"0,5805259719046063";"False";"PEMBUKAAN";"DASAR HUKUM"
"5";"Nomor 3 Tahun 2023 tentang Perubahan Keempat atas";"188,67";"544,3720000000001";"294,98000000000013";"306,98000000000013";"612,2";"AWCPPO+BookmanOldStyle";"12,0";"366,521";"306,1";"0,09869487095720351";"0,3081836001306762";"0,5810225416530547";"False";"PEMBUKAAN";"DASAR HUKUM"
"5";"Peraturan Daerah Nomor 9 Tahun 2016 tentang";"188,67";"544,098";"319,57000000000005";"331,57000000000005";"612,2";"AWCPPO+BookmanOldStyle";"12,0";"366,38399999999996";"306,1";"0,09847108787977774";"0,3081836001306762";"0,5805749754982031";"False";"PEMBUKAAN";"DASAR HUKUM"
"5";"Pembentukan dan Susunan Perangkat Daerah (Lembaran";"188,67";"543,6899999999998";"344,18000000000006";"356,18000000000006";"612,2";"AWCPPO+BookmanOldStyle";"12,0";"366,1799999999999";"306,1";"0,09813786344331896";"0,3081836001306762";"0,5799085266252856";"False";"PEMBUKAAN";"DASAR HUKUM"
"5";"Daerah Kabupaten Malang Tahun 2023 Nomor 3 Seri C);";"188,67";"523,338";"368,97000000000014";"380,97000000000014";"612,2";"AWCPPO+BookmanOldStyle";"12,0";"356,00399999999996";"306,1";"0,08151584449526288";"0,3081836001306762";"0,5466644887291734";"False";"PEMBUKAAN";"DASAR HUKUM"
"5";"22. Peraturan Daerah Kabupaten Malang Nomor 9 Tahun 2018";"167,25";"543,9300000000001";"393,57000000000005";"405,57000000000005";"612,2";"AWCPPO+BookmanOldStyle";"12,0";"355,59000000000003";"306,1";"0,08083959490362627";"0,2731950343025155";"0,6152891212022216";"False";"PEMBUKAAN";"DASAR HUKUM"
"5";"tentang Pengelolaan Barang Milik Daerah (Lembaran";"188,67";"544,1560000000001";"418,20000000000005";"430,20000000000005";"612,2";"AWCPPO+BookmanOldStyle";"12,0";"366,413";"306,1";"0,09851845802025479";"0,3081836001306762";"0,5806697157791573";"False";"PEMBUKAAN";"DASAR HUKUM"
"5";"Daerah Kabupaten Malang Tahun 2018 Nomor 7 Seri D);";"188,67";"523,9259999999999";"442,8";"454,8";"612,2";"AWCPPO+BookmanOldStyle";"12,0";"356,29799999999994";"306,1";"0,08199607971251212";"0,3081836001306762";"0,5476249591636719";"False";"PEMBUKAAN";"DASAR HUKUM"
"5";"23. Peraturan Daerah Kabupaten Malang Nomor 6 Tahun 2022";"167,25";"543,9300000000001";"467,6";"479,6";"612,2";"AWCPPO+BookmanOldStyle";"12,0";"355,59000000000003";"306,1";"0,08083959490362627";"0,2731950343025155";"0,6152891212022216";"False";"PEMBUKAAN";"DASAR HUKUM"
"5";"tentang Pengelolaan Keuangan Daerah (Lembaran Daerah";"188,67";"543,6179999999998";"492,20000000000005";"504,20000000000005";"612,2";"AWCPPO+BookmanOldStyle";"12,0";"366,1439999999999";"306,1";"0,09807905913100272";"0,3081836001306762";"0,5797909180006531";"False";"PEMBUKAAN";"DASAR HUKUM"
"5";"Kabupaten Malang Tahun 2022 Nomor 6 Seri A);";"188,67";"475,566";"516,8";"528,8";"612,2";"AWCPPO+BookmanOldStyle";"12,0";"332,118";"306,1";"0,04249918327344";"0,3081836001306762";"0,4686311662855275";"False";"PEMBUKAAN";"DASAR HUKUM"
"5";"24. Peraturan Bupati Malang Nomor 60 Tahun 2022 tentang";"167,25";"544,326";"541,4200000000001";"553,4200000000001";"612,2";"AWCPPO+BookmanOldStyle";"12,0";"355,788";"306,1";"0,08116301862136555";"0,2731950343025155";"0,6159359686377001";"False";"PEMBUKAAN";"DASAR HUKUM"
"5";"Kedudukan, Susunan Organisasi, Tugas dan Fungsi,";"188,67";"543,936";"566,23";"578,23";"612,2";"AWCPPO+BookmanOldStyle";"12,0";"366,303";"306,1";"0,09833877817706627";"0,3081836001306762";"0,5803103560927803";"False";"PEMBUKAAN";"DASAR HUKUM"
"5";"serta Tata Kerja Sekretariat Daerah (Berita Daerah";"188,67";"544,058";"590,82";"602,82";"612,2";"AWCPPO+BookmanOldStyle";"12,0";"366,364";"306,1";"0,09843841881737986";"0,3081836001306762";"0,5805096373734074";"False";"PEMBUKAAN";"DASAR HUKUM"
"5";"Kabupaten Malang Tahun 2022 Nomor 60 Seri C);";"188,67";"483,98999999999995";"615,4200000000001";"627,4200000000001";"612,2";"AWCPPO+BookmanOldStyle";"12,0";"336,33";"306,1";"0,049379287814439655";"0,3081836001306762";"0,4823913753675268";"False";"PEMBUKAAN";"DASAR HUKUM"
"5";"MEMUTUSKAN:";"258,9";"353,09999999999997";"664,85";"676,85";"612,2";"AWCPPO+BookmanOldStyle";"12,0";"306,0";"306,1";"0,00016334531198958303";"0,4229010127409343";"0,1538712838941522";"True";"PEMBUKAAN";"DASAR HUKUM"
"5";"Menetapkan : PERATURAN BUPATI TENTANG STANDAR HARGA SATUAN";"68,025";"544,052";"714,0500000000001";"726,0500000000001";"612,2";"AWCPPO+BookmanOldStyle";"12,0";"306,0385";"306,1";"0,00010045736687360935";"0,1111156484808886";"0,7775677883044757";"False";"PEMBUKAAN";"DASAR HUKUM"
"5";"TAHUN ANGGARAN 2026.";"167,25";"321,94";"738,6500000000001";"750,6500000000001";"612,2";"AWCPPO+BookmanOldStyle";"12,0";"244,595";"306,1";"0,10046553413917024";"0,2731950343025155";"0,2526788631166285";"True";"PEMBUKAAN";"DASAR HUKUM"
"5";"Pasal 1";"284,9";"327,32";"788,07";"800,07";"612,2";"AWCPPO+BookmanOldStyle";"12,0";"306,11";"306,1";"1,6334531198939734e-05";"0,4653707938582162";"0,06929108134596539";"False";"BATANG TUBUH";"PASAL 1"
"5";"Dengan Peraturan Bupati ini menetapkan Standar Harga";"167,25";"543,654";"837,2750000000001";"849,2750000000001";"612,2";"AWCPPO+BookmanOldStyle";"12,0";"355,452";"306,1";"0,08061417837308064";"0,2731950343025155";"0,6148382881411303";"False";"BATANG TUBUH";"PASAL 1"
"5";"Satuan Tahun Anggaran 2026.";"167,25";"349,35999999999996";"862,075";"874,075";"612,2";"AWCPPO+BookmanOldStyle";"12,0";"258,30499999999995";"306,1";"0,07807089186540357";"0,2731950343025155";"0,29746814766416196";"False";"BATANG TUBUH";"PASAL 1"
"6";"6";"302,5";"309,94";"35,90000000000009";"47,90000000000009";"612,2";"AWCPPO+BookmanOldStyle";"12,0";"306,22";"306,1";"0,0001960143743874625";"0,4941195687683763";"0,01215289121202221";"False";"BATANG TUBUH";"PASAL 1"
"6";"Pasal 2";"284,3";"326,72";"72,92000000000007";"84,92000000000007";"612,2";"AWCPPO+BookmanOldStyle";"12,0";"305,51";"306,1";"0,0009637373407383727";"0,46439072198627895";"0,06929108134596539";"False";"BATANG TUBUH";"PASAL 2"
"6";"Standar Harga Satuan sebagaimana dimaksud dalam Pasal 1";"167,25";"542,4780000000001";"116,92000000000007";"128,92000000000007";"612,2";"AWCPPO+BookmanOldStyle";"12,0";"354,86400000000003";"306,1";"0,07965370793858217";"0,2731950343025155";"0,6129173472721333";"False";"BATANG TUBUH";"PASAL 2"
"6";"meliputi:";"167,25";"219,46200000000002";"138,93000000000006";"150,93000000000006";"612,2";"AWCPPO+BookmanOldStyle";"12,0";"193,356";"306,1";"0,18416203854949367";"0,2731950343025155";"0,08528585429598173";"False";"BATANG TUBUH";"PASAL 2"
"6";"a. Standar Biaya Umum, dengan rincian sebagaimana";"167,25";"542,718";"160,93000000000006";"172,93000000000006";"612,2";"AWCPPO+BookmanOldStyle";"12,0";"354,984";"306,1";"0,07984972231296954";"0,2731950343025155";"0,6133093760209081";"False";"BATANG TUBUH";"PASAL 2"
"6";"tercantum dalam Lampiran I;";"188,67";"361,96199999999993";"182,7500000000001";"194,7500000000001";"612,2";"AWCPPO+BookmanOldStyle";"12,0";"275,316";"306,1";"0,05028422084286189";"0,3081836001306762";"0,2830643580529238";"False";"BATANG TUBUH";"PASAL 2"
"6";"b. Pedoman Perjalanan Dinas, dengan rincian sebagaimana";"167,25";"542,944";"204,7500000000001";"216,7500000000001";"612,2";"AWCPPO+BookmanOldStyle";"12,0";"355,097";"306,1";"0,08003430251551773";"0,2731950343025155";"0,6136785364260045";"False";"BATANG TUBUH";"PASAL 2"
"6";"tercantum dalam Lampiran II;";"188,67";"365,95799999999997";"226,7500000000001";"238,7500000000001";"612,2";"AWCPPO+BookmanOldStyle";"12,0";"277,31399999999996";"306,1";"0,04702058150931077";"0,3081836001306762";"0,2895916367200261";"False";"BATANG TUBUH";"PASAL 2"
"6";"c. Alat Besar dan Alat Angkut, dengan rincian sebagaimana";"167,25";"542,944";"248,7500000000001";"260,7500000000001";"612,2";"AWCPPO+BookmanOldStyle";"12,0";"355,097";"306,1";"0,08003430251551773";"0,2731950343025155";"0,6136785364260045";"False";"BATANG TUBUH";"PASAL 2"
"6";"tercantum dalam Lampiran III;";"188,67";"370,16999999999996";"270,55000000000007";"282,55000000000007";"612,2";"AWCPPO+BookmanOldStyle";"12,0";"279,41999999999996";"306,1";"0,04358052923881095";"0,3081836001306762";"0,29647174126102577";"False";"BATANG TUBUH";"PASAL 2"
"6";"d. Alat Bengkel dan Alat Ukur, dengan rincian sebagaimana";"167,25";"542,742";"292,57000000000005";"304,57000000000005";"612,2";"AWCPPO+BookmanOldStyle";"12,0";"354,996";"306,1";"0,07986932375040828";"0,2731950343025155";"0,6133485788957855";"False";"BATANG TUBUH";"PASAL 2"
"6";"tercantum dalam Lampiran IV;";"188,67";"370,57";"314,57000000000005";"326,57000000000005";"612,2";"AWCPPO+BookmanOldStyle";"12,0";"279,62";"306,1";"0,04325383861483178";"0,3081836001306762";"0,297125122508984";"False";"BATANG TUBUH";"PASAL 2"
"6";"e. Alat Pengolahan, dengan rincian sebagaimana tercantum";"167,25";"542,982";"336,57000000000005";"348,57000000000005";"612,2";"AWCPPO+BookmanOldStyle";"12,0";"355,116";"306,1";"0,08006533812479576";"0,2731950343025155";"0,6137406076445605";"False";"BATANG TUBUH";"PASAL 2"
"6";"dalam Lampiran V;";"188,67";"301,34";"358,3700000000001";"370,3700000000001";"612,2";"AWCPPO+BookmanOldStyle";"12,0";"245,005";"306,1";"0,09979581836001311";"0,3081836001306762";"0,18404116301862133";"False";"BATANG TUBUH";"PASAL 2"
"6";"f. Alat Kantor, Rumah Tangga dan Komputer, dengan rincian";"167,25";"542,406";"380,3700000000001";"392,3700000000001";"612,2";"AWCPPO+BookmanOldStyle";"12,0";"354,828";"306,1";"0,07959490362626584";"0,2731950343025155";"0,6127997386475007";"False";"BATANG TUBUH";"PASAL 2"
"6";"sebagaimana tercantum dalam Lampiran VI;";"188,67";"451,39";"402,3700000000001";"414,3700000000001";"612,2";"AWCPPO+BookmanOldStyle";"12,0";"320,03";"306,1";"0,022754001960143662";"0,3081836001306762";"0,429140803658935";"False";"BATANG TUBUH";"PASAL 2"
"6";"g. Alat Studio dan Alat Komunikasi, dengan rincian";"167,25";"542,514";"424,40000000000003";"436,40000000000003";"612,2";"AWCPPO+BookmanOldStyle";"12,0";"354,882";"306,1";"0,07968311009474024";"0,2731950343025155";"0,6129761515844495";"False";"BATANG TUBUH";"PASAL 2"
"6";"sebagaimana tercantum dalam Lampiran VII;";"188,67";"455,59";"446,20000000000005";"458,20000000000005";"612,2";"AWCPPO+BookmanOldStyle";"12,0";"322,13";"306,1";"0,02618425351192416";"0,3081836001306762";"0,4360013067624958";"False";"BATANG TUBUH";"PASAL 2"
"6";"h. Alat Kedokteran, Kesehatan dan Laboratorium, dengan";"167,25";"542,742";"468,20000000000005";"480,20000000000005";"612,2";"AWCPPO+BookmanOldStyle";"12,0";"354,996";"306,1";"0,07986932375040828";"0,2731950343025155";"0,6133485788957855";"False";"BATANG TUBUH";"PASAL 2"
"6";"rincian sebagaimana tercantum dalam Lampiran VIII;";"188,67";"505,01";"490,20000000000005";"502,20000000000005";"612,2";"AWCPPO+BookmanOldStyle";"12,0";"346,84";"306,1";"0,06654688010454092";"0,3081836001306762";"0,5167265599477295";"False";"BATANG TUBUH";"PASAL 2"
"6";"i. Alat-alat Khusus, dengan rincian sebagaimana tercantum";"167,25";"542,982";"512,2";"524,2";"612,2";"AWCPPO+BookmanOldStyle";"12,0";"355,116";"306,1";"0,08006533812479576";"0,2731950343025155";"0,6137406076445605";"False";"BATANG TUBUH";"PASAL 2"
"6";"dalam Lampiran IX;";"188,67";"305,73999999999995";"534,0";"546,0";"612,2";"AWCPPO+BookmanOldStyle";"12,0";"247,20499999999998";"306,1";"0,09620222149624312";"0,3081836001306762";"0,19122835674616132";"False";"BATANG TUBUH";"PASAL 2"
"6";"j. Konstruksi dalam Pengerjaan dan Rambu-rambu, dengan";"167,25";"543,006";"556,02";"568,02";"612,2";"AWCPPO+BookmanOldStyle";"12,0";"355,128";"306,1";"0,0800849395622345";"0,2731950343025155";"0,613779810519438";"False";"BATANG TUBUH";"PASAL 2"
"6";"rincian sebagaimana tercantum dalam Lampiran X;";"188,67";"492,99";"578,02";"590,02";"612,2";"AWCPPO+BookmanOldStyle";"12,0";"340,83";"306,1";"0,056729826853969226";"0,3081836001306762";"0,49709245344658615";"False";"BATANG TUBUH";"PASAL 2"
"6";"k. Barang Kesenian, Kebudayaan, Olahraga dan Aset Tidak";"167,25";"543,212";"600,02";"612,02";"612,2";"AWCPPO+BookmanOldStyle";"12,0";"355,231";"306,1";"0,08025318523358374";"0,2731950343025155";"0,6141163018621365";"False";"BATANG TUBUH";"PASAL 2"
"6";"Berwujud, dengan rincian sebagaimana tercantum dalam";"188,67";"542,63";"621,82";"633,82";"612,2";"AWCPPO+BookmanOldStyle";"12,0";"365,65";"306,1";"0,0972721332897745";"0,3081836001306762";"0,5781770663181967";"False";"BATANG TUBUH";"PASAL 2"
"6";"Lampiran XI;";"188,67";"265,53999999999996";"643,82";"655,82";"612,2";"AWCPPO+BookmanOldStyle";"12,0";"227,10499999999996";"306,1";"0,12903462920614187";"0,3081836001306762";"0,12556354132636388";"False";"BATANG TUBUH";"PASAL 2"
"6";"l. Hewan dan Tanaman, dengan rincian sebagaimana";"167,25";"542,742";"665,85";"677,85";"612,2";"AWCPPO+BookmanOldStyle";"12,0";"354,996";"306,1";"0,07986932375040828";"0,2731950343025155";"0,6133485788957855";"False";"BATANG TUBUH";"PASAL 2"
"6";"tercantum dalam Lampiran XII;";"188,67";"374,77";"687,85";"699,85";"612,2";"AWCPPO+BookmanOldStyle";"12,0";"281,71999999999997";"306,1";"0,03982358706305137";"0,3081836001306762";"0,3039856256125449";"False";"BATANG TUBUH";"PASAL 2"
"6";"m. Barang Persediaan dan Habis Pakai, dengan rincian";"167,25";"542,694";"709,6500000000001";"721,6500000000001";"612,2";"AWCPPO+BookmanOldStyle";"12,0";"354,972";"306,1";"0,07983012087553079";"0,2731950343025155";"0,6132701731460306";"False";"BATANG TUBUH";"PASAL 2"
"6";"sebagaimana tercantum dalam Lampiran XIII;";"188,67";"459,78999999999996";"731,6500000000001";"743,6500000000001";"612,2";"AWCPPO+BookmanOldStyle";"12,0";"324,22999999999996";"306,1";"0,02961450506370457";"0,3081836001306762";"0,44286180986605683";"False";"BATANG TUBUH";"PASAL 2"
"6";"n. Bahan Bangunan dan Konstruksi, dengan rincian";"167,25";"542,562";"753,6500000000001";"765,6500000000001";"612,2";"AWCPPO+BookmanOldStyle";"12,0";"354,906";"306,1";"0,07972231296961774";"0,2731950343025155";"0,6130545573342044";"False";"BATANG TUBUH";"PASAL 2"
"6";"sebagaimana tercantum dalam Lampiran XIV; dan";"188,67";"486,246";"775,6500000000001";"787,6500000000001";"612,2";"AWCPPO+BookmanOldStyle";"12,0";"337,45799999999997";"306,1";"0,051221822933681715";"0,3081836001306762";"0,4860764456060111";"False";"BATANG TUBUH";"PASAL 2"
"6";"o. Jasa, Sewa, Pemeliharaan dan Bangunan, dengan rincian";"167,25";"542,6579999999999";"797,48";"809,48";"612,2";"AWCPPO+BookmanOldStyle";"12,000000000000014";"354,95399999999995";"306,1";"0,07980071871937264";"0,2731950343025155";"0,6132113688337143";"False";"BATANG TUBUH";"PASAL 2"
"6";"sebagaimana tercantum dalam Lampiran XV,";"188,67";"455,7179999999999";"819,48";"831,48";"612,2";"AWCPPO+BookmanOldStyle";"12,0";"322,19399999999996";"306,1";"0,02628879451159741";"0,3081836001306762";"0,4362103887618423";"False";"BATANG TUBUH";"PASAL 2"
"6";"yang merupakan bagian tidak terpisahkan dari Peraturan";"167,25";"542,3819999999997";"841,475";"853,475";"612,2";"AWCPPO+BookmanOldStyle";"12,0";"354,81599999999986";"306,1";"0,07957530218882691";"0,2731950343025155";"0,6127605357726228";"False";"BATANG TUBUH";"PASAL 2"
"6";"Bupati ini.";"167,25";"229,638";"863,475";"875,475";"612,2";"AWCPPO+BookmanOldStyle";"12,0";"198,44400000000002";"306,1";"0,17585102907546554";"0,2731950343025155";"0,1019078732440379";"False";"BATANG TUBUH";"PASAL 2"
"7";"7";"302,5";"309,94";"35,90000000000009";"47,90000000000009";"612,2";"AWCPPO+BookmanOldStyle";"12,0";"306,22";"306,1";"0,0001960143743874625";"0,4941195687683763";"0,01215289121202221";"False";"BATANG TUBUH";"PASAL 2"
"7";"Pasal 3";"284,3";"326,72";"72,92000000000007";"84,92000000000007";"612,2";"AWCPPO+BookmanOldStyle";"12,0";"305,51";"306,1";"0,0009637373407383727";"0,46439072198627895";"0,06929108134596539";"False";"BATANG TUBUH";"PASAL 3"
"7";"(1) Standar Harga Satuan sebagaimana dimaksud dalam";"167,25";"542,8499999999999";"110,32000000000005";"122,32000000000005";"612,2";"AWCPPO+BookmanOldStyle";"12,0";"355,04999999999995";"306,1";"0,0799575302188826";"0,2731950343025155";"0,6135249918327342";"False";"BATANG TUBUH";"PASAL 3"
"7";"Pasal 1 digunakan sebagai acuan oleh satuan kerja";"188,67";"543,038";"128,93000000000006";"140,93000000000006";"612,2";"AWCPPO+BookmanOldStyle";"12,0";"365,854";"306,1";"0,09760535772623319";"0,3081836001306762";"0,5788435151911141";"False";"BATANG TUBUH";"PASAL 1"
"7";"perangkat daerah di lingkungan Pemerintah Kabupaten";"188,67";"542,9459999999999";"147,5200000000001";"159,5200000000001";"612,2";"AWCPPO+BookmanOldStyle";"12,0";"365,80799999999994";"306,1";"0,09753021888271791";"0,3081836001306762";"0,5786932375040835";"False";"BATANG TUBUH";"PASAL 1"
"7";"Malang dalam perencanaan dan pelaksanaan anggaran";"188,67";"543,0519999999999";"166,12000000000012";"178,12000000000012";"612,2";"AWCPPO+BookmanOldStyle";"12,0";"365,86099999999993";"306,1";"0,09761679189807237";"0,3081836001306762";"0,5788663835347925";"False";"BATANG TUBUH";"PASAL 1"
"7";"pendapatan dan belanja daerah.";"188,67";"379,7699999999999";"184,7500000000001";"196,7500000000001";"612,2";"AWCPPO+BookmanOldStyle";"12,0";"284,21999999999997";"306,1";"0,03573995426331272";"0,3081836001306762";"0,3121528912120221";"False";"BATANG TUBUH";"PASAL 1"
"7";"(2) Dalam perencanaan anggaran sebagaimana dimaksud pada";"167,25";"542,466";"203,35000000000014";"215,35000000000014";"612,2";"AWCPPO+BookmanOldStyle";"12,0";"354,858";"306,1";"0,07964390721986275";"0,2731950343025155";"0,6128977458346945";"False";"BATANG TUBUH";"PASAL 1"
"7";"ayat (1), Standar Harga Satuan berfungsi sebagai berikut:";"188,67";"529,51";"221,95000000000005";"233,95000000000005";"612,2";"AWCPPO+BookmanOldStyle";"12,0";"359,09";"306,1";"0,08655668082326029";"0,3081836001306762";"0,5567461613851683";"False";"BATANG TUBUH";"PASAL 1"
"7";"a. batas tertinggi yang besarannya tidak dapat dilampaui";"188,67";"542,5340000000001";"240,55000000000007";"252,55000000000007";"612,2";"AWCPPO+BookmanOldStyle";"12,0";"365,60200000000003";"306,1";"0,0971937275400196";"0,3081836001306762";"0,5780202548186869";"False";"BATANG TUBUH";"PASAL 1"
"7";"dalam penyusunan rencana kerja dan anggaran satuan";"202,67";"542,84";"259,1500000000001";"271,1500000000001";"612,2";"AWCPPO+BookmanOldStyle";"12,0";"372,755";"306,1";"0,10887781770663177";"0,33105194380921266";"0,5556517477948384";"False";"BATANG TUBUH";"PASAL 1"
"7";"kerja perangkat daerah;";"202,67";"343,76";"277,7500000000001";"289,7500000000001";"612,2";"AWCPPO+BookmanOldStyle";"12,0";"273,215";"306,1";"0,05371610584776224";"0,33105194380921266";"0,2304639006860503";"False";"BATANG TUBUH";"PASAL 1"
"7";"b. referensi penyusunan proyeksi prakiraan maju; dan";"188,67";"509,41399999999993";"296,3700000000001";"308,3700000000001";"612,2";"AWCPPO+BookmanOldStyle";"12,0";"349,042";"306,1";"0,07014374387455072";"0,3081836001306762";"0,5239202874877489";"False";"BATANG TUBUH";"PASAL 1"
"7";"c. bahan penghitungan pagu indikatif anggaran pendapatan";"188,67";"543,102";"314,97000000000014";"326,97000000000014";"612,2";"AWCPPO+BookmanOldStyle";"12,0";"365,88599999999997";"306,1";"0,09765762822606981";"0,3081836001306762";"0,5789480561907873";"False";"BATANG TUBUH";"PASAL 1"
"7";"dan belanja daerah.";"202,67";"320,0299999999999";"333,57000000000005";"345,57000000000005";"612,2";"AWCPPO+BookmanOldStyle";"12,0";"261,34999999999997";"306,1";"0,07309702711532187";"0,33105194380921266";"0,19170205815093094";"False";"BATANG TUBUH";"PASAL 1"
"7";"(3) Dalam pelaksanaan anggaran sebagaimana dimaksud pada";"167,25";"542,5379999999999";"352,1700000000001";"364,1700000000001";"612,2";"AWCPPO+BookmanOldStyle";"12,0";"354,89399999999995";"306,1";"0,0797027115321789";"0,2731950343025155";"0,6130153544593268";"False";"BATANG TUBUH";"PASAL 1"
"7";"ayat (1), Standar Harga Satuan berfungsi sebagai berikut:";"188,67";"529,51";"370,7700000000001";"382,7700000000001";"612,2";"AWCPPO+BookmanOldStyle";"12,0";"359,09";"306,1";"0,08655668082326029";"0,3081836001306762";"0,5567461613851683";"False";"BATANG TUBUH";"PASAL 1"
"7";"a. batas tertinggi yang besarannya tidak dapat dilampaui";"188,67";"542,5340000000001";"389,3700000000001";"401,3700000000001";"612,2";"AWCPPO+BookmanOldStyle";"12,0";"365,60200000000003";"306,1";"0,0971937275400196";"0,3081836001306762";"0,5780202548186869";"False";"BATANG TUBUH";"PASAL 1"
"7";"dalam pelaksanaan anggaran kegiatan; dan";"202,67";"460,166";"407,97000000000014";"419,97000000000014";"612,2";"AWCPPO+BookmanOldStyle";"12,0";"331,418";"306,1";"0,041355766089513205";"0,33105194380921266";"0,42060764456060107";"False";"BATANG TUBUH";"PASAL 1"
"7";"b. estimasi merupakan prakiraan besaran biaya tertinggi";"188,67";"542,3660000000001";"426,6";"438,6";"612,2";"AWCPPO+BookmanOldStyle";"12,0";"365,51800000000003";"306,1";"0,09705651747794838";"0,3081836001306762";"0,5777458346945444";"False";"BATANG TUBUH";"PASAL 1"
"7";"yang dapat dilampaui karena kondisi tertentu, termasuk";"202,67";"542,3779999999999";"445,20000000000005";"457,20000000000005";"612,2";"AWCPPO+BookmanOldStyle";"12,0";"372,52399999999994";"306,1";"0,10850049003593583";"0,33105194380921266";"0,5548970924534465";"False";"BATANG TUBUH";"PASAL 1"
"7";"karena adanya kenaikan harga pasar.";"202,67";"426,12199999999996";"463,8";"475,8";"612,2";"AWCPPO+BookmanOldStyle";"12,0";"314,39599999999996";"306,1";"0,013551127082652622";"0,33105194380921266";"0,36499836654688";"False";"BATANG TUBUH";"PASAL 1"
"7";"Pasal 4";"284,3";"326,74";"501,00000000000006";"513,0";"612,2";"AWCPPO+BookmanOldStyle";"12,0";"305,52";"306,1";"0,000947402809539433";"0,46439072198627895";"0,06932375040836328";"False";"BATANG TUBUH";"PASAL 4"
"7";"Standar Harga Satuan sebagaimana dimaksud dalam Pasal 1";"167,25";"543,9720000000001";"538,23";"550,23";"612,2";"AWCPPO+BookmanOldStyle";"12,0";"355,61100000000005";"306,1";"0,08087389741914411";"0,2731950343025155";"0,6153577262332572";"False";"BATANG TUBUH";"PASAL 4"
"7";"sudah termasuk biaya pajak, keuntungan dan biaya overhead.";"167,25";"537,22";"556,82";"568,8800000000001";"612,2";"AWCPPO+BookmanOldStyle";"12,0";"352,235";"306,1";"0,07535935968637698";"0,2731950343025155";"0,604328650767723";"False";"BATANG TUBUH";"PASAL 4"
"7";"Pasal 5";"284,9";"327,32";"594,02";"606,02";"612,2";"AWCPPO+BookmanOldStyle";"12,0";"306,11";"306,1";"1,6334531198939734e-05";"0,4653707938582162";"0,06929108134596539";"False";"BATANG TUBUH";"PASAL 5"
"7";"Standar Harga Satuan yang bersumber dari e-katalog";"167,25";"543,878";"631,22";"643,28";"612,2";"AWCPPO+BookmanOldStyle";"12,0";"355,564";"306,1";"0,08079712512250897";"0,2731950343025155";"0,6152041816399869";"False";"BATANG TUBUH";"PASAL 5"
"7";"Lembaga Kebijakan Pengadaan Barang/Jasa Pemerintah";"167,25";"543,6779999999998";"650,02";"662,02";"612,2";"AWCPPO+BookmanOldStyle";"12,0";"355,4639999999999";"306,1";"0,08063377981051921";"0,2731950343025155";"0,6148774910160074";"False";"BATANG TUBUH";"PASAL 5"
"7";"dapat ditambahkan biaya tertentu antara lain biaya";"167,25";"543,81";"668,6500000000001";"680,6500000000001";"612,2";"AWCPPO+BookmanOldStyle";"12,0";"355,53";"306,1";"0,08074158771643244";"0,2731950343025155";"0,6150931068278339";"False";"BATANG TUBUH";"PASAL 5"
"7";"pengiriman barang.";"167,25";"282,41399999999993";"687,25";"699,25";"612,2";"AWCPPO+BookmanOldStyle";"12,0";"224,83199999999997";"306,1";"0,13274746814766425";"0,2731950343025155";"0,18811499509964053";"False";"BATANG TUBUH";"PASAL 5"
"7";"Pasal 6";"284,3";"326,72";"724,45";"736,45";"612,2";"AWCPPO+BookmanOldStyle";"12,0";"305,51";"306,1";"0,0009637373407383727";"0,46439072198627895";"0,06929108134596539";"False";"BATANG TUBUH";"PASAL 6"
"7";"(1) Dalam hal tidak terdapat harga satuan atau terdapat";"167,25";"542,5979999999998";"761,6500000000001";"773,6500000000001";"612,2";"AWCPPO+BookmanOldStyle";"12,0";"354,9239999999999";"306,1";"0,07975171512577572";"0,2731950343025155";"0,6131133616465204";"False";"BATANG TUBUH";"PASAL 6"
"7";"perubahan harga pasar, dapat dilakukan perubahan";"188,67";"542,736";"780,27";"792,27";"612,2";"AWCPPO+BookmanOldStyle";"12,0";"365,703";"306,1";"0,09735870630512895";"0,3081836001306762";"0,5783502123489056";"False";"BATANG TUBUH";"PASAL 6"
"7";"Standar Harga Satuan sebagaimana dimaksud dalam";"188,67";"543,078";"798,88";"810,88";"612,2";"AWCPPO+BookmanOldStyle";"12,000000000000014";"365,87399999999997";"306,1";"0,09763802678863107";"0,3081836001306762";"0,5789088533159098";"False";"BATANG TUBUH";"PASAL 6"
"7";"Pasal 2.";"188,67";"234,92000000000002";"817,48";"829,48";"612,2";"AWCPPO+BookmanOldStyle";"12,0";"211,79500000000002";"306,1";"0,15404279647174127";"0,3081836001306762";"0,07554720679516502";"False";"BATANG TUBUH";"PASAL 2"
"7";"(2) Perubahan Standar Harga Satuan sebagaimana dimaksud";"167,25";"542,49";"836,075";"848,075";"612,2";"AWCPPO+BookmanOldStyle";"12,0";"354,87";"306,1";"0,0796635086573015";"0,2731950343025155";"0,612936948709572";"False";"BATANG TUBUH";"PASAL 2"
"7";"pada ayat (1) ditetapkan dengan Keputusan Bupati.";"188,67";"493,94399999999996";"854,6750000000001";"866,6750000000001";"612,2";"AWCPPO+BookmanOldStyle";"12,0";"341,30699999999996";"306,1";"0,05750898399215932";"0,3081836001306762";"0,4986507677229663";"False";"BATANG TUBUH";"PASAL 2"
"10";"2";"302,5";"309,94";"37,90000000000009";"49,90000000000009";"612,0";"AWCPPO+BookmanOldStyle";"12,0";"306,22";"306,0";"0,00035947712418305113";"0,494281045751634";"0,012156862745098036";"False";"BATANG TUBUH";"PASAL 2"
"10";"BESARAN";"476,15";"536,822";"68,50600000000009";"80,50600000000009";"612,0";"AWKBDA+BookmanOldStyle-Bold";"12,0";"506,486";"306,0";"0,3275915032679738";"0,7780228758169935";"0,09913725490196082";"True";"BATANG TUBUH";"PASAL 2"
"10";"NO. URAIAN SATUAN";"105,22";"454,196";"79,096";"91,096";"612,0";"AWKBDA+BookmanOldStyle-Bold";"12,0";"279,708";"306,0";"0,04296078431372544";"0,1719281045751634";"0,5702222222222222";"True";"BATANG TUBUH";"PASAL 2"
"10";"(Rp)";"494,17";"518,8100000000001";"89,70600000000002";"101,70600000000002";"612,0";"AWKBDA+BookmanOldStyle-Bold";"12,0";"506,49";"306,0";"0,3275980392156863";"0,807467320261438";"0,0402614379084968";"False";"BATANG TUBUH";"PASAL 2"
"10";"2.1. Honorarium Kelompok Kerja Pemilihan";"105,22";"390,61";"114,32000000000005";"126,32000000000005";"612,0";"AWCPPO+BookmanOldStyle";"12,0";"247,91500000000002";"306,0";"0,09491013071895421";"0,1719281045751634";"0,4663235294117647";"False";"BATANG TUBUH";"PASAL 2"
"10";"Pengadaan Barang/Jasa (Konstruksi)";"143,05";"364,03999999999996";"133,12";"145,12";"612,0";"AWCPPO+BookmanOldStyle";"12,0";"253,545";"306,0";"0,08571078431372552";"0,2337418300653595";"0,36109477124183";"False";"BATANG TUBUH";"PASAL 2"
"10";"a. Nilai pagu pengadaan di atas Rp200 OP 850.000,00";"143,05";"545,206";"152,32000000000005";"166,32000000000005";"612,0";"AWCPPO+BookmanOldStyle";"12,0";"344,12800000000004";"306,0";"0,06230065359477131";"0,2337418300653595";"0,6571176470588236";"False";"BATANG TUBUH";"PASAL 2"
"10";"juta sampai dengan Rp500 juta";"157,05";"342,50999999999993";"171,12";"183,12";"612,0";"AWCPPO+BookmanOldStyle";"12,0";"249,77999999999997";"306,0";"0,09186274509803927";"0,25661764705882356";"0,3030392156862744";"False";"BATANG TUBUH";"PASAL 2"
"10";"b. Nilai pagu pengadaan di atas Rp500 OP 1.020.000,00";"143,05";"545,214";"190,35000000000002";"204,35000000000002";"612,0";"AWCPPO+BookmanOldStyle";"12,0";"344,13200000000006";"306,0";"0,06230718954248376";"0,2337418300653595";"0,6571307189542485";"False";"BATANG TUBUH";"PASAL 2"
"10";"juta sampai dengan Rp1 miliar";"157,05";"338,83799999999997";"208,95000000000005";"220,95000000000005";"612,0";"AWCPPO+BookmanOldStyle";"12,0";"247,944";"306,0";"0,09486274509803923";"0,25661764705882356";"0,29703921568627445";"False";"BATANG TUBUH";"PASAL 2"
"10";"c. Nilai pagu pengadaan di atas Rp1 OP 1.270.000,00";"143,05";"545,214";"228,1500000000001";"242,1500000000001";"612,0";"AWCPPO+BookmanOldStyle";"12,0";"344,13200000000006";"306,0";"0,06230718954248376";"0,2337418300653595";"0,6571307189542485";"False";"BATANG TUBUH";"PASAL 2"
"10";"miliar sampai dengan Rp2,5 miliar";"157,05";"361,02599999999995";"246,95000000000005";"258,95000000000005";"612,0";"AWCPPO+BookmanOldStyle";"12,0";"259,038";"306,0";"0,07673529411764704";"0,25661764705882356";"0,33329411764705874";"False";"BATANG TUBUH";"PASAL 2"
"10";"d. Nilai pagu pengadaan di atas Rp2,5 OP 1.520.000,00";"143,05";"545,214";"266,1500000000001";"280,1500000000001";"612,0";"AWCPPO+BookmanOldStyle";"12,0";"344,13200000000006";"306,0";"0,06230718954248376";"0,2337418300653595";"0,6571307189542485";"False";"BATANG TUBUH";"PASAL 2"
"10";"miliar sampai dengan Rp5 miliar";"157,05";"349,818";"284,95000000000005";"296,95000000000005";"612,0";"AWCPPO+BookmanOldStyle";"12,0";"253,434";"306,0";"0,08589215686274511";"0,25661764705882356";"0,3149803921568627";"False";"BATANG TUBUH";"PASAL 2"
"10";"e. Nilai pagu pengadaan di atas Rp5 OP 1.780.000,00";"143,05";"545,214";"304,1700000000001";"318,1700000000001";"612,0";"AWCPPO+BookmanOldStyle";"12,0";"344,13200000000006";"306,0";"0,06230718954248376";"0,2337418300653595";"0,6571307189542485";"False";"BATANG TUBUH";"PASAL 2"
"10";"miliar";"157,05";"191,31000000000003";"322,7700000000001";"334,7700000000001";"612,0";"AWCPPO+BookmanOldStyle";"12,0";"174,18";"306,0";"0,2153921568627451";"0,25661764705882356";"0,05598039215686278";"False";"BATANG TUBUH";"PASAL 2"
"10";"2.2. Honorarium Kelompok Kerja Pemilihan";"105,22";"390,61";"342,1700000000001";"354,1700000000001";"612,0";"AWCPPO+BookmanOldStyle";"12,0";"247,91500000000002";"306,0";"0,09491013071895421";"0,1719281045751634";"0,4663235294117647";"False";"BATANG TUBUH";"PASAL 2"
"10";"Pengadaan Barang/Jasa untuk";"143,05";"390,68199999999996";"360,7800000000001";"372,7800000000001";"612,0";"AWCPPO+BookmanOldStyle";"12,0";"266,866";"306,0";"0,06394444444444447";"0,2337418300653595";"0,40462745098039204";"False";"BATANG TUBUH";"PASAL 2"
"10";"Pengadaan Barang (Nonkonstruksi)";"143,05";"351,69399999999996";"379,57000000000005";"391,57000000000005";"612,0";"AWCPPO+BookmanOldStyle";"12,0";"247,37199999999999";"306,0";"0,09579738562091505";"0,2337418300653595";"0,3409215686274509";"False";"BATANG TUBUH";"PASAL 2"
"10";"a. Nilai pagu pengadaan di atas Rp200 OP 760.000,00";"143,05";"545,206";"398,7800000000001";"412,7800000000001";"612,0";"AWCPPO+BookmanOldStyle";"12,0";"344,12800000000004";"306,0";"0,06230065359477131";"0,2337418300653595";"0,6571176470588236";"False";"BATANG TUBUH";"PASAL 2"
"10";"juta sampai dengan Rp500 juta";"157,05";"342,50999999999993";"419,6";"431,59999999999997";"612,0";"AWCPPO+BookmanOldStyle";"11,999999999999943";"249,77999999999997";"306,0";"0,09186274509803927";"0,25661764705882356";"0,3030392156862744";"False";"BATANG TUBUH";"PASAL 2"
"10";"b. Nilai pagu pengadaan di atas Rp500 OP 920.000,00";"143,05";"545,206";"438,8";"452,8";"612,0";"AWCPPO+BookmanOldStyle";"12,0";"344,12800000000004";"306,0";"0,06230065359477131";"0,2337418300653595";"0,6571176470588236";"False";"BATANG TUBUH";"PASAL 2"
"10";"juta sampai dengan Rp1 miliar";"157,05";"338,83799999999997";"459,4";"471,4";"612,0";"AWCPPO+BookmanOldStyle";"12,0";"247,944";"306,0";"0,09486274509803923";"0,25661764705882356";"0,29703921568627445";"False";"BATANG TUBUH";"PASAL 2"
"10";"c. Nilai pagu pengadaan di atas Rp1 OP 1.140.000,00";"143,05";"545,214";"478,59999999999997";"492,59999999999997";"612,0";"AWCPPO+BookmanOldStyle";"12,0";"344,13200000000006";"306,0";"0,06230718954248376";"0,2337418300653595";"0,6571307189542485";"False";"BATANG TUBUH";"PASAL 2"
"10";"miliar sampai dengan Rp2,5 miliar";"157,05";"361,02599999999995";"499,4";"511,4";"612,0";"AWCPPO+BookmanOldStyle";"12,0";"259,038";"306,0";"0,07673529411764704";"0,25661764705882356";"0,33329411764705874";"False";"BATANG TUBUH";"PASAL 2"
"10";"d. Nilai pagu pengadaan di atas Rp2,5 OP 1.370.000,00";"143,05";"545,214";"518,5999999999999";"532,5999999999999";"612,0";"AWCPPO+BookmanOldStyle";"12,0";"344,13200000000006";"306,0";"0,06230718954248376";"0,2337418300653595";"0,6571307189542485";"False";"BATANG TUBUH";"PASAL 2"
"10";"miliar sampai dengan Rp5 miliar";"157,05";"349,818";"539,4";"551,4";"612,0";"AWCPPO+BookmanOldStyle";"12,0";"253,434";"306,0";"0,08589215686274511";"0,25661764705882356";"0,3149803921568627";"False";"BATANG TUBUH";"PASAL 2"
"10";"e. Nilai pagu pengadaan di atas Rp5 OP 1.600.000,00";"143,05";"545,214";"558,62";"572,62";"612,0";"AWCPPO+BookmanOldStyle";"12,0";"344,13200000000006";"306,0";"0,06230718954248376";"0,2337418300653595";"0,6571307189542485";"False";"BATANG TUBUH";"PASAL 2"
"10";"miliar";"157,05";"191,31000000000003";"579,23";"591,23";"612,0";"AWCPPO+BookmanOldStyle";"12,0";"174,18";"306,0";"0,2153921568627451";"0,25661764705882356";"0,05598039215686278";"False";"BATANG TUBUH";"PASAL 2"
"10";"2.3. Honorarium Kelompok Kerja Pemilihan";"105,22";"390,61";"598,63";"610,63";"612,0";"AWCPPO+BookmanOldStyle";"12,0";"247,91500000000002";"306,0";"0,09491013071895421";"0,1719281045751634";"0,4663235294117647";"False";"BATANG TUBUH";"PASAL 2"
"10";"Pengadaan Barang/Jasa untuk Jasa";"143,05";"390,38199999999995";"617,23";"629,23";"612,0";"AWCPPO+BookmanOldStyle";"12,0";"266,716";"306,0";"0,06418954248366011";"0,2337418300653595";"0,4041372549019607";"False";"BATANG TUBUH";"PASAL 2"
"10";"Konsultansi/Jasa Lainnya (Nonkonstruksi)";"143,05";"381,418";"636,02";"648,02";"612,0";"AWCPPO+BookmanOldStyle";"12,0";"262,23400000000004";"306,0";"0,07151307189542477";"0,2337418300653595";"0,3894901960784314";"False";"BATANG TUBUH";"PASAL 2"
"10";"a. Nilai pagu pengadaan jasa konsultansi OP 480.000,00";"143,05";"545,206";"655,23";"669,23";"612,0";"AWCPPO+BookmanOldStyle";"12,0";"344,12800000000004";"306,0";"0,06230065359477131";"0,2337418300653595";"0,6571176470588236";"False";"BATANG TUBUH";"PASAL 2"
"10";"di atas Rp100 juta sampai dengan";"157,05";"390,30600000000004";"675,85";"687,85";"612,0";"AWCPPO+BookmanOldStyle";"11,999999999999972";"273,678";"306,0";"0,052813725490196084";"0,25661764705882356";"0,3811372549019608";"False";"BATANG TUBUH";"PASAL 2"
"10";"Rp250 juta";"157,05";"222,40200000000002";"694,65";"706,65";"612,0";"AWCPPO+BookmanOldStyle";"12,0";"189,726";"306,0";"0,18999019607843137";"0,25661764705882356";"0,1067843137254902";"False";"BATANG TUBUH";"PASAL 2"
"10";"b. Nilai pagu pengadaan jasa lainnya O P 480.000,00";"143,05";"545,206";"713,85";"727,85";"612,0";"AWCPPO+BookmanOldStyle";"12,0";"344,12800000000004";"306,0";"0,06230065359477131";"0,2337418300653595";"0,6571176470588236";"False";"BATANG TUBUH";"PASAL 2"
"10";"di atas Rp200 juta sampai dengan";"157,05";"390,30600000000004";"734,65";"746,65";"612,0";"AWCPPO+BookmanOldStyle";"12,0";"273,678";"306,0";"0,052813725490196084";"0,25661764705882356";"0,3811372549019608";"False";"BATANG TUBUH";"PASAL 2"
"10";"Rp250 juta";"157,05";"222,40200000000002";"753,25";"765,25";"612,0";"AWCPPO+BookmanOldStyle";"12,0";"189,726";"306,0";"0,18999019607843137";"0,25661764705882356";"0,1067843137254902";"False";"BATANG TUBUH";"PASAL 2"
"10";"c. Nilai pagu pengadaan jasa OP 600.000,00";"143,05";"545,206";"772,65";"786,65";"612,0";"AWCPPO+BookmanOldStyle";"12,0";"344,12800000000004";"306,0";"0,06230065359477131";"0,2337418300653595";"0,6571176470588236";"False";"BATANG TUBUH";"PASAL 2"
"10";"konsultansi/jasa lainnya di atas Rp250";"157,05";"390,412";"793,28";"805,28";"612,0";"AWCPPO+BookmanOldStyle";"12,0";"273,731";"306,0";"0,05272712418300655";"0,25661764705882356";"0,3813104575163398";"False";"BATANG TUBUH";"PASAL 2"
"10";"juta sampai dengan Rp500 juta";"157,05";"342,50999999999993";"812,08";"824,08";"612,0";"AWCPPO+BookmanOldStyle";"12,0";"249,77999999999997";"306,0";"0,09186274509803927";"0,25661764705882356";"0,3030392156862744";"False";"BATANG TUBUH";"PASAL 2"
"10";"d. Nilai pagu pengadaan jasa konsultansi/ OP 720.000,00";"143,05";"545,206";"831,275";"845,275";"612,0";"AWCPPO+BookmanOldStyle";"12,0";"344,12800000000004";"306,0";"0,06230065359477131";"0,2337418300653595";"0,6571176470588236";"False";"BATANG TUBUH";"PASAL 2"
"10";"jasa lainnya di atas Rp500 juta";"157,05";"339,92199999999997";"852,075";"864,075";"612,0";"AWCPPO+BookmanOldStyle";"12,0";"248,486";"306,0";"0,09397712418300655";"0,25661764705882356";"0,2988104575163398";"False";"BATANG TUBUH";"PASAL 2"
"11";"3";"302,5";"309,94";"37,90000000000009";"49,90000000000009";"612,0";"AWCPPO+BookmanOldStyle";"12,0";"306,22";"306,0";"0,00035947712418305113";"0,494281045751634";"0,012156862745098036";"False";"BATANG TUBUH";"PASAL 2"
"11";"BESARAN";"476,15";"536,822";"68,50600000000009";"80,50600000000009";"612,0";"AWKBDA+BookmanOldStyle-Bold";"12,0";"506,486";"306,0";"0,3275915032679738";"0,7780228758169935";"0,09913725490196082";"True";"BATANG TUBUH";"PASAL 2"
"11";"NO. URAIAN SATUAN";"105,22";"454,196";"79,096";"91,096";"612,0";"AWKBDA+BookmanOldStyle-Bold";"12,0";"279,708";"306,0";"0,04296078431372544";"0,1719281045751634";"0,5702222222222222";"True";"BATANG TUBUH";"PASAL 2"
"11";"(Rp)";"494,17";"518,8100000000001";"89,70600000000002";"101,70600000000002";"612,0";"AWKBDA+BookmanOldStyle-Bold";"12,0";"506,49";"306,0";"0,3275980392156863";"0,807467320261438";"0,0402614379084968";"False";"BATANG TUBUH";"PASAL 2"
"11";"3. HONORARIUM PENGGUNA ANGGARAN";"110,85";"390,6099999999999";"114,32000000000005";"129,32000000000005";"612,0";"AWCPPO+BookmanOldStyle";"12,0";"250,72999999999996";"306,0";"0,09031045751633993";"0,18112745098039215";"0,45712418300653573";"True";"BATANG TUBUH";"PASAL 2"
"11";"DALAM PENGADAAN BARANG/JASA";"143,05";"390,63399999999996";"135,92000000000007";"147,92000000000007";"612,0";"AWCPPO+BookmanOldStyle";"12,0";"266,842";"306,0";"0,06398366013071898";"0,2337418300653595";"0,40454901960784306";"True";"BATANG TUBUH";"PASAL 2"
"11";"(Menetapkan pemenang pemilihan/";"143,05";"390,7179999999999";"154,5300000000001";"166,5300000000001";"612,0";"AWCPPO+BookmanOldStyle";"12,0";"266,88399999999996";"306,0";"0,06391503267973864";"0,2337418300653595";"0,40468627450980377";"False";"BATANG TUBUH";"PASAL 2"
"11";"penyedia untuk pengadaan barang/jasa)";"143,05";"382,87";"173,1500000000001";"185,1500000000001";"612,0";"AWCPPO+BookmanOldStyle";"12,0";"262,96000000000004";"306,0";"0,07032679738562085";"0,2337418300653595";"0,3918627450980392";"False";"BATANG TUBUH";"PASAL 2"
"11";"3.1. Honorarium Pengguna Anggaran";"105,22";"390,382";"195,35000000000002";"207,35000000000002";"612,0";"AWCPPO+BookmanOldStyle";"12,0";"247,801";"306,0";"0,09509640522875819";"0,1719281045751634";"0,46595098039215693";"False";"BATANG TUBUH";"PASAL 2"
"11";"Pengadaan Barang/Jasa (Konstruksi)";"143,05";"364,03999999999996";"213,95000000000005";"225,95000000000005";"612,0";"AWCPPO+BookmanOldStyle";"12,0";"253,545";"306,0";"0,08571078431372552";"0,2337418300653595";"0,36109477124183";"False";"BATANG TUBUH";"PASAL 2"
"11";"a. Nilai pagu pengadaan di atas Rp100 OP 3.580.000,00";"143,05";"545,214";"232,95000000000005";"247,95000000000005";"612,0";"AWCPPO+BookmanOldStyle";"12,0";"344,13200000000006";"306,0";"0,06230718954248376";"0,2337418300653595";"0,6571307189542485";"False";"BATANG TUBUH";"PASAL 2"
"11";"miliar sampai dengan Rp250 miliar";"157,05";"364,83";"254,55000000000007";"266,55000000000007";"612,0";"AWCPPO+BookmanOldStyle";"12,0";"260,94";"306,0";"0,07362745098039217";"0,25661764705882356";"0,3395098039215686";"False";"BATANG TUBUH";"PASAL 2"
"11";"b. Nilai pagu pengadaan di atas Rp250 OP 4.030.000,00";"143,05";"545,214";"276,75";"291,75";"612,0";"AWCPPO+BookmanOldStyle";"12,0";"344,13200000000006";"306,0";"0,06230718954248376";"0,2337418300653595";"0,6571307189542485";"False";"BATANG TUBUH";"PASAL 2"
"11";"miliar sampai dengan Rp500 miliar";"157,05";"364,83";"298,37";"310,37";"612,0";"AWCPPO+BookmanOldStyle";"12,0";"260,94";"306,0";"0,07362745098039217";"0,25661764705882356";"0,3395098039215686";"False";"BATANG TUBUH";"PASAL 2"
"11";"c. Nilai pagu pengadaan di atas Rp500 OP";"143,05";"437,19";"323,38";"335,38";"612,0";"AWCPPO+BookmanOldStyle";"12,0";"290,12";"306,0";"0,025947712418300645";"0,2337418300653595";"0,48062091503267973";"False";"BATANG TUBUH";"PASAL 2"
"11";"4.490.000,00";"466,95";"545,214";"320,37";"332,37";"612,0";"AWCPPO+BookmanOldStyle";"12,0";"506,082";"306,0";"0,3269313725490196";"0,7629901960784313";"0,12788235294117659";"False";"BATANG TUBUH";"PASAL 2"
"11";"miliar sampai dengan Rp750 miliar";"157,05";"364,83";"341,98";"353,98";"612,0";"AWCPPO+BookmanOldStyle";"12,0";"260,94";"306,0";"0,07362745098039217";"0,25661764705882356";"0,3395098039215686";"False";"BATANG TUBUH";"PASAL 2"
"11";"d. Nilai pagu pengadaan di atas Rp750 OP 4.940.000,00";"143,05";"545,214";"364,1700000000001";"379,1700000000001";"612,0";"AWCPPO+BookmanOldStyle";"12,0";"344,13200000000006";"306,0";"0,06230718954248376";"0,2337418300653595";"0,6571307189542485";"False";"BATANG TUBUH";"PASAL 2"
"11";"miliar sampai dengan Rp1 triliun";"157,05";"352,062";"385,7700000000001";"397,7700000000001";"612,0";"AWCPPO+BookmanOldStyle";"12,0";"254,556";"306,0";"0,08405882352941174";"0,25661764705882356";"0,3186470588235294";"False";"BATANG TUBUH";"PASAL 2"
"11";"e. Nilai pagu pengadaan di atas Rp1 OP 5.560.000,00";"143,05";"545,214";"407,98";"422,98";"612,0";"AWCPPO+BookmanOldStyle";"12,0";"344,13200000000006";"306,0";"0,06230718954248376";"0,2337418300653595";"0,6571307189542485";"False";"BATANG TUBUH";"PASAL 2"
"11";"triliun";"157,05";"193,734";"429,59999999999997";"441,59999999999997";"612,0";"AWCPPO+BookmanOldStyle";"12,0";"175,392";"306,0";"0,21341176470588236";"0,25661764705882356";"0,059941176470588234";"False";"BATANG TUBUH";"PASAL 2"
"11";"3.2. Honorarium Pengguna Anggaran";"105,22";"390,382";"451,59999999999997";"463,59999999999997";"612,0";"AWCPPO+BookmanOldStyle";"12,0";"247,801";"306,0";"0,09509640522875819";"0,1719281045751634";"0,46595098039215693";"False";"BATANG TUBUH";"PASAL 2"
"11";"Pengadaan Barang (Nonkonstruksi)";"143,05";"351,69399999999996";"470,2";"482,2";"612,0";"AWCPPO+BookmanOldStyle";"12,0";"247,37199999999999";"306,0";"0,09579738562091505";"0,2337418300653595";"0,3409215686274509";"False";"BATANG TUBUH";"PASAL 2"
"11";"a. Nilai pagu pengadaan di atas Rp100 OP 3.230.000,00";"143,05";"545,214";"489,4";"504,4";"612,0";"AWCPPO+BookmanOldStyle";"12,0";"344,13200000000006";"306,0";"0,06230718954248376";"0,2337418300653595";"0,6571307189542485";"False";"BATANG TUBUH";"PASAL 2"
"11";"miliar sampai dengan Rp250 miliar";"157,05";"364,83";"511,0";"523,0";"612,0";"AWCPPO+BookmanOldStyle";"12,0";"260,94";"306,0";"0,07362745098039217";"0,25661764705882356";"0,3395098039215686";"False";"BATANG TUBUH";"PASAL 2"
"11";"b. Nilai pagu pengadaan di atas Rp250 OP 3.640.000,00";"143,05";"545,214";"533,0";"548,0";"612,0";"AWCPPO+BookmanOldStyle";"12,0";"344,13200000000006";"306,0";"0,06230718954248376";"0,2337418300653595";"0,6571307189542485";"False";"BATANG TUBUH";"PASAL 2"
"11";"miliar sampai dengan Rp500 miliar";"157,05";"364,83";"554,62";"566,62";"612,0";"AWCPPO+BookmanOldStyle";"12,0";"260,94";"306,0";"0,07362745098039217";"0,25661764705882356";"0,3395098039215686";"False";"BATANG TUBUH";"PASAL 2"
"11";"c. Nilai pagu pengadaan di atas Rp500 OP 4.040.000,00";"143,05";"545,214";"576,8199999999999";"591,8199999999999";"612,0";"AWCPPO+BookmanOldStyle";"12,0";"344,13200000000006";"306,0";"0,06230718954248376";"0,2337418300653595";"0,6571307189542485";"False";"BATANG TUBUH";"PASAL 2"
"11";"miliar sampai dengan Rp750 miliar";"157,05";"364,83";"598,4300000000001";"610,4300000000001";"612,0";"AWCPPO+BookmanOldStyle";"12,0";"260,94";"306,0";"0,07362745098039217";"0,25661764705882356";"0,3395098039215686";"False";"BATANG TUBUH";"PASAL 2"
"11";"d. Nilai pagu pengadaan di atas Rp750 OP";"143,05";"437,19";"623,4300000000001";"635,4300000000001";"612,0";"AWCPPO+BookmanOldStyle";"12,0";"290,12";"306,0";"0,025947712418300645";"0,2337418300653595";"0,48062091503267973";"False";"BATANG TUBUH";"PASAL 2"
"11";"4.450.000,00";"466,95";"545,214";"620,4200000000001";"632,4200000000001";"612,0";"AWCPPO+BookmanOldStyle";"12,0";"506,082";"306,0";"0,3269313725490196";"0,7629901960784313";"0,12788235294117659";"False";"BATANG TUBUH";"PASAL 2"
"11";"miliar sampai dengan Rp1 triliun";"157,05";"352,062";"642,03";"654,03";"612,0";"AWCPPO+BookmanOldStyle";"12,0";"254,556";"306,0";"0,08405882352941174";"0,25661764705882356";"0,3186470588235294";"False";"BATANG TUBUH";"PASAL 2"
"11";"e. Nilai pagu pengadaan di atas Rp1 OP 5.010.000,00";"143,05";"545,214";"664,25";"679,25";"612,0";"AWCPPO+BookmanOldStyle";"12,0";"344,13200000000006";"306,0";"0,06230718954248376";"0,2337418300653595";"0,6571307189542485";"False";"BATANG TUBUH";"PASAL 2"
"11";"triliun";"157,05";"193,734";"685,85";"697,85";"612,0";"AWCPPO+BookmanOldStyle";"12,0";"175,392";"306,0";"0,21341176470588236";"0,25661764705882356";"0,059941176470588234";"False";"BATANG TUBUH";"PASAL 2"
"11";"3.3. Honorarium Pengguna Anggaran";"105,22";"390,382";"707,85";"722,85";"612,0";"AWCPPO+BookmanOldStyle";"12,0";"247,801";"306,0";"0,09509640522875819";"0,1719281045751634";"0,46595098039215693";"False";"BATANG TUBUH";"PASAL 2"
"11";"Pengadaan Jasa (Nonkonstruksi)";"143,05";"336,718";"729,45";"741,45";"612,0";"AWCPPO+BookmanOldStyle";"12,0";"239,88400000000001";"306,0";"0,10803267973856207";"0,2337418300653595";"0,31645098039215686";"False";"BATANG TUBUH";"PASAL 2"
"11";"a. Nilai pagu pengadaan jasa OP 1.510.000,00";"143,05";"545,214";"751,65";"766,65";"612,0";"AWCPPO+BookmanOldStyle";"12,0";"344,13200000000006";"306,0";"0,06230718954248376";"0,2337418300653595";"0,6571307189542485";"False";"BATANG TUBUH";"PASAL 2"
"11";"konsultansi/jasa lainnya di atas Rp10";"157,05";"390,43199999999996";"773,25";"785,25";"612,0";"AWCPPO+BookmanOldStyle";"12,0";"273,741";"306,0";"0,052710784313725514";"0,25661764705882356";"0,3813431372549019";"False";"BATANG TUBUH";"PASAL 2"
"11";"miliar sampai dengan Rp25 miliar";"157,05";"357,222";"791,88";"803,88";"612,0";"AWCPPO+BookmanOldStyle";"12,0";"257,13599999999997";"306,0";"0,07984313725490201";"0,25661764705882356";"0,327078431372549";"False";"BATANG TUBUH";"PASAL 2"
"11";"b. Nilai pagu pengadaan jasa OP 1.750.000,00";"143,05";"545,214";"816,08";"828,08";"612,0";"AWCPPO+BookmanOldStyle";"12,0";"344,13200000000006";"306,0";"0,06230718954248376";"0,2337418300653595";"0,6571307189542485";"False";"BATANG TUBUH";"PASAL 2"
"11";"konsultansi/jasa lainnya di atas Rp25";"157,05";"390,43199999999996";"834,675";"846,675";"612,0";"AWCPPO+BookmanOldStyle";"12,0";"273,741";"306,0";"0,052710784313725514";"0,25661764705882356";"0,3813431372549019";"False";"BATANG TUBUH";"PASAL 2"
"11";"miliar sampai dengan Rp50 miliar";"157,05";"357,222";"853,275";"865,275";"612,0";"AWCPPO+BookmanOldStyle";"12,0";"257,13599999999997";"306,0";"0,07984313725490201";"0,25661764705882356";"0,327078431372549";"False";"BATANG TUBUH";"PASAL 2"
"12";"4";"302,5";"309,94";"37,90000000000009";"49,90000000000009";"612,0";"AWCPPO+BookmanOldStyle";"12,0";"306,22";"306,0";"0,00035947712418305113";"0,494281045751634";"0,012156862745098036";"False";"BATANG TUBUH";"PASAL 2"
"12";"BESARAN";"476,15";"536,822";"68,50600000000009";"80,50600000000009";"612,0";"AWKBDA+BookmanOldStyle-Bold";"12,0";"506,486";"306,0";"0,3275915032679738";"0,7780228758169935";"0,09913725490196082";"True";"BATANG TUBUH";"PASAL 2"
"12";"NO. URAIAN SATUAN";"105,22";"454,196";"79,096";"91,096";"612,0";"AWKBDA+BookmanOldStyle-Bold";"12,0";"279,708";"306,0";"0,04296078431372544";"0,1719281045751634";"0,5702222222222222";"True";"BATANG TUBUH";"PASAL 2"
"12";"(Rp)";"494,17";"518,8100000000001";"89,70600000000002";"101,70600000000002";"612,0";"AWKBDA+BookmanOldStyle-Bold";"12,0";"506,49";"306,0";"0,3275980392156863";"0,807467320261438";"0,0402614379084968";"False";"BATANG TUBUH";"PASAL 2"
"12";"c. Nilai pagu pengadaan jasa OP 1.990.000,00";"143,05";"545,214";"116,32000000000005";"128,32000000000005";"612,0";"AWCPPO+BookmanOldStyle";"12,0";"344,13200000000006";"306,0";"0,06230718954248376";"0,2337418300653595";"0,6571307189542485";"False";"BATANG TUBUH";"PASAL 2"
"12";"konsultansi/jasa lainnya di atas Rp50";"157,05";"390,43199999999996";"137,73000000000002";"149,73000000000002";"612,0";"AWCPPO+BookmanOldStyle";"12,0";"273,741";"306,0";"0,052710784313725514";"0,25661764705882356";"0,3813431372549019";"False";"BATANG TUBUH";"PASAL 2"
"12";"miliar sampai dengan Rp75 miliar";"157,05";"357,222";"159,12";"171,12";"612,0";"AWCPPO+BookmanOldStyle";"12,0";"257,13599999999997";"306,0";"0,07984313725490201";"0,25661764705882356";"0,327078431372549";"False";"BATANG TUBUH";"PASAL 2"
"12";"d. Nilai pagu pengadaan jasa OP 2.230.000,00";"143,05";"545,214";"184,1500000000001";"196,1500000000001";"612,0";"AWCPPO+BookmanOldStyle";"12,0";"344,13200000000006";"306,0";"0,06230718954248376";"0,2337418300653595";"0,6571307189542485";"False";"BATANG TUBUH";"PASAL 2"
"12";"konsultansi/jasa lainnya di atas Rp75";"157,05";"390,43199999999996";"203,95000000000005";"215,95000000000005";"612,0";"AWCPPO+BookmanOldStyle";"12,0";"273,741";"306,0";"0,052710784313725514";"0,25661764705882356";"0,3813431372549019";"False";"BATANG TUBUH";"PASAL 2"
"12";"miliar sampai dengan Rp100 miliar";"157,05";"364,83";"223,55000000000007";"235,55000000000007";"612,0";"AWCPPO+BookmanOldStyle";"12,0";"260,94";"306,0";"0,07362745098039217";"0,25661764705882356";"0,3395098039215686";"False";"BATANG TUBUH";"PASAL 2"
"12";"e. Nilai pagu pengadaan jasa OP 2.560.000,00";"143,05";"545,214";"246,75";"258,75";"612,0";"AWCPPO+BookmanOldStyle";"12,0";"344,13200000000006";"306,0";"0,06230718954248376";"0,2337418300653595";"0,6571307189542485";"False";"BATANG TUBUH";"PASAL 2"
"12";"konsultansi/jasa lainnya di atas Rp100";"157,05";"390,412";"266,55000000000007";"278,55000000000007";"612,0";"AWCPPO+BookmanOldStyle";"12,0";"273,731";"306,0";"0,05272712418300655";"0,25661764705882356";"0,3813104575163398";"False";"BATANG TUBUH";"PASAL 2"
"12";"miliar sampai dengan Rp250 miliar";"157,05";"364,83";"286,35";"298,35";"612,0";"AWCPPO+BookmanOldStyle";"12,0";"260,94";"306,0";"0,07362745098039217";"0,25661764705882356";"0,3395098039215686";"False";"BATANG TUBUH";"PASAL 2"
"12";"f. Nilai pagu pengadaan jasa OP 2.880.000,00";"143,05";"545,214";"309,57000000000005";"321,57000000000005";"612,0";"AWCPPO+BookmanOldStyle";"12,0";"344,13200000000006";"306,0";"0,06230718954248376";"0,2337418300653595";"0,6571307189542485";"False";"BATANG TUBUH";"PASAL 2"
"12";"konsultansi/jasa lainnya di atas Rp250";"157,05";"390,412";"329,1700000000001";"341,1700000000001";"612,0";"AWCPPO+BookmanOldStyle";"12,0";"273,731";"306,0";"0,05272712418300655";"0,25661764705882356";"0,3813104575163398";"False";"BATANG TUBUH";"PASAL 2"
"12";"miliar sampai dengan Rp500 miliar";"157,05";"364,83";"348,98";"360,98";"612,0";"AWCPPO+BookmanOldStyle";"12,0";"260,94";"306,0";"0,07362745098039217";"0,25661764705882356";"0,3395098039215686";"False";"BATANG TUBUH";"PASAL 2"
"12";"g. Nilai pagu pengadaan jasa OP 3.200.000,00";"143,05";"545,214";"372,1700000000001";"384,1700000000001";"612,0";"AWCPPO+BookmanOldStyle";"12,0";"344,13200000000006";"306,0";"0,06230718954248376";"0,2337418300653595";"0,6571307189542485";"False";"BATANG TUBUH";"PASAL 2"
"12";"konsultansi/jasa lainnya di atas Rp500";"157,05";"390,412";"391,98";"403,98";"612,0";"AWCPPO+BookmanOldStyle";"12,0";"273,731";"306,0";"0,05272712418300655";"0,25661764705882356";"0,3813104575163398";"False";"BATANG TUBUH";"PASAL 2"
"12";"miliar sampai dengan Rp750 miliar";"157,05";"364,83";"411,57000000000005";"423,57000000000005";"612,0";"AWCPPO+BookmanOldStyle";"12,0";"260,94";"306,0";"0,07362745098039217";"0,25661764705882356";"0,3395098039215686";"False";"BATANG TUBUH";"PASAL 2"
"12";"h. Nilai pagu pengadaan jasa OP 3.520.000,00";"143,05";"545,214";"434,8";"446,8";"612,0";"AWCPPO+BookmanOldStyle";"12,0";"344,13200000000006";"306,0";"0,06230718954248376";"0,2337418300653595";"0,6571307189542485";"False";"BATANG TUBUH";"PASAL 2"
"12";"konsultansi/jasa lainnya di atas Rp750";"157,05";"390,412";"454,59999999999997";"466,59999999999997";"612,0";"AWCPPO+BookmanOldStyle";"12,0";"273,731";"306,0";"0,05272712418300655";"0,25661764705882356";"0,3813104575163398";"False";"BATANG TUBUH";"PASAL 2"
"12";"miliar sampai dengan Rp1 triliun";"157,05";"352,062";"474,2";"486,2";"612,0";"AWCPPO+BookmanOldStyle";"12,0";"254,556";"306,0";"0,08405882352941174";"0,25661764705882356";"0,3186470588235294";"False";"BATANG TUBUH";"PASAL 2"
"12";"i. Nilai pagu pengadaan jasa konsultansi/ OP 3.960.000,00";"143,05";"545,214";"497,59999999999997";"509,59999999999997";"612,0";"AWCPPO+BookmanOldStyle";"12,0";"344,13200000000006";"306,0";"0,06230718954248376";"0,2337418300653595";"0,6571307189542485";"False";"BATANG TUBUH";"PASAL 2"
"12";"jasa lainnya di atas Rp1 triliun";"157,05";"339,246";"517,2";"529,2";"612,0";"AWCPPO+BookmanOldStyle";"12,0";"248,148";"306,0";"0,09452941176470589";"0,25661764705882356";"0,29770588235294115";"False";"BATANG TUBUH";"PASAL 2"
"12";"2. Honorarium Tim Pelaksana Kegiatan dan Sekretariat Tim Pelaksana";"77,825";"554,817";"558,23";"570,23";"612,0";"AWCPPO+BookmanOldStyle";"12,0";"316,321";"306,0";"0,016864379084967362";"0,12716503267973855";"0,7793986928104576";"False";"BATANG TUBUH";"PASAL 2"
"12";"Kegiatan Tim yang keanggotaannya berasal dari lintas Satuan Kerja";"99,225";"555,34";"581,4200000000001";"593,4200000000001";"612,0";"AWCPPO+BookmanOldStyle";"12,0";"327,2825";"306,0";"0,03477532679738567";"0,16213235294117645";"0,7452859477124183";"False";"BATANG TUBUH";"PASAL 2"
"12";"Perangkat Daerah, pengaturan batasan jumlah keanggotaan tim yang dapat";"99,225";"554,9779999999998";"604,62";"616,62";"612,0";"AWCPPO+BookmanOldStyle";"12,0";"327,10149999999993";"306,0";"0,03447957516339858";"0,16213235294117645";"0,7446944444444441";"False";"BATANG TUBUH";"PASAL 2"
"12";"diberikan honorarium bagi Pejabat Eselon I, Pejabat Eselon II, Pejabat";"99,225";"555,516";"627,8199999999999";"639,8199999999999";"612,0";"AWCPPO+BookmanOldStyle";"12,0";"327,3705";"306,0";"0,03491911764705881";"0,16213235294117645";"0,7455735294117646";"False";"BATANG TUBUH";"PASAL 2"
"12";"Eselon III, Pejabat Eselon IV, Pelaksana, dan Pejabat Fungsional pada tim";"99,225";"555,306";"651,23";"663,23";"612,0";"AWCPPO+BookmanOldStyle";"12,0";"327,26550000000003";"306,0";"0,034747549019607894";"0,16213235294117645";"0,7452303921568628";"False";"BATANG TUBUH";"PASAL 2"
"12";"dimaksud, jumlah keanggotaan tim yang dapat diberikan honor sesuai";"99,225";"554,841";"674,45";"686,45";"612,0";"AWCPPO+BookmanOldStyle";"12,0";"327,033";"306,0";"0,03436764705882355";"0,16213235294117645";"0,7444705882352941";"False";"BATANG TUBUH";"PASAL 2"
"12";"dengan ketentuan sebagaimana pada Tabel A.2 sebagai berikut:";"99,225";"479,9219999999999";"697,626";"709,65";"612,0";"AWCPPO+BookmanOldStyle";"12,0";"289,57349999999997";"306,0";"0,02684068627450986";"0,16213235294117645";"0,6220539215686273";"False";"BATANG TUBUH";"PASAL 2"
"12";"Tabel A.2";"298,1";"356,18";"726,826";"738,826";"612,0";"AWKBDA+BookmanOldStyle-Bold";"12,0";"327,14";"306,0";"0,0345424836601307";"0,4870915032679739";"0,0949019607843137";"False";"BATANG TUBUH";"PASAL 2"
"12";"NO. JABATAN JUMLAH";"105,22";"533,62";"749,026";"761,026";"612,0";"AWKBDA+BookmanOldStyle-Bold";"12,0";"319,42";"306,0";"0,021928104575163424";"0,1719281045751634";"0,7";"True";"BATANG TUBUH";"PASAL 2"
"12";"1. Pejabat Eselon II 2 Tim";"112,25";"523,462";"771,45";"783,45";"612,0";"AWCPPO+BookmanOldStyle";"12,0";"317,856";"306,0";"0,019372549019607836";"0,18341503267973855";"0,6719150326797385";"False";"BATANG TUBUH";"PASAL 2"
"12";"2. Pejabat Eselon III 3 Tim";"112,25";"523,462";"793,67";"805,67";"612,0";"AWCPPO+BookmanOldStyle";"12,0";"317,856";"306,0";"0,019372549019607836";"0,18341503267973855";"0,6719150326797385";"False";"BATANG TUBUH";"PASAL 2"
"12";"3. Pejabat Eselon IV, Pelaksana dan Pejabat 5 Tim";"112,25";"523,462";"815,87";"827,87";"612,0";"AWCPPO+BookmanOldStyle";"12,0";"317,856";"306,0";"0,019372549019607836";"0,18341503267973855";"0,6719150326797385";"False";"BATANG TUBUH";"PASAL 2"
"12";"Fungsional";"143,05";"208,394";"835,475";"847,475";"612,0";"AWCPPO+BookmanOldStyle";"12,0";"175,722";"306,0";"0,21287254901960784";"0,2337418300653595";"0,10677124183006535";"False";"BATANG TUBUH";"PASAL 2"
"13";"5";"302,5";"309,94";"37,90000000000009";"49,90000000000009";"612,0";"AWCPPO+BookmanOldStyle";"12,0";"306,22";"306,0";"0,00035947712418305113";"0,494281045751634";"0,012156862745098036";"False";"BATANG TUBUH";"PASAL 2"
"13";"a. Honorarium Tim Pelaksana Kegiatan";"99,225";"336,834";"65,12";"77,12";"612,0";"AWCPPO+BookmanOldStyle";"12,0";"218,02949999999998";"306,0";"0,14374264705882356";"0,16213235294117645";"0,38825000000000004";"False";"BATANG TUBUH";"PASAL 2"
"13";"Honorarium yang diberikan kepada seseorang yang diangkat dalam";"120,45";"555,402";"86,53000000000009";"98,53000000000009";"612,0";"AWCPPO+BookmanOldStyle";"12,0";"337,92600000000004";"306,0";"0,052166666666666736";"0,19681372549019607";"0,7107058823529413";"False";"BATANG TUBUH";"PASAL 2"
"13";"suatu tim pelaksana kegiatan untuk melaksanakan suatu tugas tertentu";"120,45";"555,2860000000001";"107,92000000000007";"119,92000000000007";"612,0";"AWCPPO+BookmanOldStyle";"12,0";"337,86800000000005";"306,0";"0,05207189542483669";"0,19681372549019607";"0,7105163398692812";"False";"BATANG TUBUH";"PASAL 2"
"13";"berdasarkan surat Keputusan Bupati atau Sekretaris Daerah. Ketentuan";"120,45";"555,346";"129,32000000000005";"141,32000000000005";"612,0";"AWCPPO+BookmanOldStyle";"12,0";"337,898";"306,0";"0,05212091503267978";"0,19681372549019607";"0,7106143790849674";"False";"BATANG TUBUH";"PASAL 2"
"13";"pembentukan tim yang dapat diberikan honorarium adalah sebagai";"120,45";"555,058";"150,73000000000002";"162,73000000000002";"612,0";"AWCPPO+BookmanOldStyle";"12,0";"337,754";"306,0";"0,05188562091503271";"0,19681372549019607";"0,7101437908496732";"False";"BATANG TUBUH";"PASAL 2"
"13";"berikut:";"120,45";"166,866";"172,1500000000001";"184,1500000000001";"612,0";"AWCPPO+BookmanOldStyle";"12,0";"143,65800000000002";"306,0";"0,2652647058823529";"0,19681372549019607";"0,07584313725490198";"False";"BATANG TUBUH";"PASAL 2"
"13";"1) Mempunyai keluaran (output) jelas dan terukur, sesuai dengan output";"120,45";"555,412";"193,75";"205,80999999999995";"612,0";"AWCPPO+BookmanOldStyle";"12,0";"337,93100000000004";"306,0";"0,052174836601307256";"0,19681372549019607";"0,7107222222222223";"False";"BATANG TUBUH";"PASAL 2"
"13";"Program/Kegiatan pada dokumen perencanaan Perangkat Daerah";"141,65";"555,2679999999999";"215,1500000000001";"227,1500000000001";"612,0";"AWCPPO+BookmanOldStyle";"12,0";"348,45899999999995";"306,0";"0,06937745098039207";"0,23145424836601308";"0,675846405228758";"False";"BATANG TUBUH";"PASAL 2"
"13";"(Rencana Kerja).";"141,65";"238,12000023800002";"236,55000000000007";"248,55000000000007";"612,0";"AWCPPO+BookmanOldStyle";"12,0";"189,885000119";"306,0";"0,18973039196241828";"0,23145424836601308";"0,15763071934313727";"False";"BATANG TUBUH";"PASAL 2"
"13";"2) Bersifat koordinatif untuk tim pemerintah daerah:";"120,45";"438,044";"257,95000000000005";"269,95000000000005";"612,0";"AWCPPO+BookmanOldStyle";"12,0";"279,247";"306,0";"0,04371405228758168";"0,19681372549019607";"0,5189444444444444";"False";"BATANG TUBUH";"PASAL 2"
"13";"a) Dengan mengikutsertakan instansi pemerintah di luar";"141,65";"555,428";"279,35";"291,35";"612,0";"AWCPPO+BookmanOldStyle";"12,0";"348,539";"306,0";"0,0695081699346405";"0,23145424836601308";"0,6761078431372549";"False";"BATANG TUBUH";"PASAL 2"
"13";"Pemerintah Daerah yang bersangkutan untuk tim yang";"163,05";"555,432";"300,7800000000001";"312,7800000000001";"612,0";"AWCPPO+BookmanOldStyle";"12,0";"359,241";"306,0";"0,08699509803921567";"0,266421568627451";"0,6411470588235294";"False";"BATANG TUBUH";"PASAL 2"
"13";"ditandatangani oleh Bupati; atau";"163,05";"361,06";"322,1700000000001";"334,1700000000001";"612,0";"AWCPPO+BookmanOldStyle";"12,0";"262,055";"306,0";"0,07180555555555554";"0,266421568627451";"0,3235457516339869";"False";"BATANG TUBUH";"PASAL 2"
"13";"b) Antar Perangkat Daerah untuk tim yang ditandatangani oleh";"141,65";"555,6859999999999";"343,57000000000005";"355,57000000000005";"612,0";"AWCPPO+BookmanOldStyle";"12,0";"348,66799999999995";"306,0";"0,06971895424836592";"0,23145424836601308";"0,6765294117647058";"False";"BATANG TUBUH";"PASAL 2"
"13";"Sekretaris Daerah.";"163,05";"274,14";"365,1700000000001";"377,1700000000001";"612,0";"AWCPPO+BookmanOldStyle";"12,0";"218,595";"306,0";"0,1428186274509804";"0,266421568627451";"0,18151960784313723";"False";"BATANG TUBUH";"PASAL 2"
"13";"3) Bersifat temporer dan pelaksanaan kegiatannya perlu diprioritaskan;";"120,45";"549,53";"386,57000000000005";"398,57000000000005";"612,0";"AWCPPO+BookmanOldStyle";"12,0";"334,99";"306,0";"0,04736928104575165";"0,19681372549019607";"0,7011111111111111";"False";"BATANG TUBUH";"PASAL 2"
"13";"4) Merupakan tugas tambahan atau perangkapan fungsi bagi yang";"120,45";"555,232";"407,98";"419,98";"612,0";"AWCPPO+BookmanOldStyle";"12,0";"337,841";"306,0";"0,05202777777777779";"0,19681372549019607";"0,7104281045751634";"False";"BATANG TUBUH";"PASAL 2"
"13";"bersangkutan di luar tugas dan fungsi sehari-hari; dan";"141,65";"467,038";"429,4";"441,4";"612,0";"AWCPPO+BookmanOldStyle";"12,0";"304,344";"306,0";"0,002705882352941186";"0,23145424836601308";"0,5316797385620916";"False";"BATANG TUBUH";"PASAL 2"
"13";"5) Dilakukan secara selektif, efektif, dan efisien.";"120,45";"409,57";"450,8";"462,8";"612,0";"AWCPPO+BookmanOldStyle";"12,0";"265,01";"306,0";"0,06697712418300655";"0,19681372549019607";"0,4724183006535948";"False";"BATANG TUBUH";"PASAL 2"
"13";"Bagi Anggota Tim dari Perangkat Daerah pengusul pembentukan Tim";"120,45";"555,3";"472,2";"484,2";"612,0";"AWCPPO+BookmanOldStyle";"12,0";"337,875";"306,0";"0,052083333333333336";"0,19681372549019607";"0,7105392156862744";"False";"BATANG TUBUH";"PASAL 2"
"13";"(leading sector kegiatan) tidak diberikan honorarium mengingat tugas";"120,45";"555,3580000000001";"493,59999999999997";"505,65999999999997";"612,0";"AWCPPO+BookmanOldStyle";"12,0";"337,90400000000005";"306,0";"0,05213071895424845";"0,19681372549019607";"0,7106339869281046";"False";"BATANG TUBUH";"PASAL 2"
"13";"dalam Tim merupakan tugas dan fungsi sehari-hari. Sedangkan untuk";"120,45";"555,45";"515,0";"527,0";"612,0";"AWCPPO+BookmanOldStyle";"12,0";"337,95000000000005";"306,0";"0,05220588235294125";"0,19681372549019607";"0,7107843137254903";"False";"BATANG TUBUH";"PASAL 2"
"13";"Anggota Tim dari Perangkat Daerah/Instansi lainnya dapat diberikan";"120,45";"555,0759999999999";"536,4";"548,4";"612,0";"AWCPPO+BookmanOldStyle";"12,0";"337,763";"306,0";"0,051900326797385585";"0,19681372549019607";"0,710173202614379";"False";"BATANG TUBUH";"PASAL 2"
"13";"honorarium sepanjang tugas dalam Tim bukan merupakan tugas dan";"120,45";"555,278";"558,03";"570,03";"612,0";"AWCPPO+BookmanOldStyle";"12,0";"337,86400000000003";"306,0";"0,052065359477124235";"0,19681372549019607";"0,7105032679738562";"False";"BATANG TUBUH";"PASAL 2"
"13";"fungsi sehari-hari.";"120,45";"229,892";"579,4200000000001";"591,4200000000001";"612,0";"AWCPPO+BookmanOldStyle";"12,0";"175,171";"306,0";"0,21377287581699347";"0,19681372549019607";"0,1788267973856209";"False";"BATANG TUBUH";"PASAL 2"
"13";"b. Honorarium Sekretariat Tim Pelaksana Kegiatan";"99,225";"405,546";"600,8199999999999";"612,8199999999999";"612,0";"AWCPPO+BookmanOldStyle";"12,0";"252,38549999999998";"306,0";"0,08760539215686278";"0,16213235294117645";"0,5005245098039216";"False";"BATANG TUBUH";"PASAL 2"
"13";"Honorarium yang diberikan kepada seseorang yang diberi tugas";"120,45";"554,8860000000001";"622,22";"634,22";"612,0";"AWCPPO+BookmanOldStyle";"12,0";"337,66800000000006";"306,0";"0,05174509803921579";"0,19681372549019607";"0,7098627450980394";"False";"BATANG TUBUH";"PASAL 2"
"13";"melaksanakan kegiatan administratif untuk menunjang kegiatan tim";"120,45";"554,898";"643,63";"655,63";"612,0";"AWCPPO+BookmanOldStyle";"12,0";"337,67400000000004";"306,0";"0,05175490196078437";"0,19681372549019607";"0,7098823529411765";"False";"BATANG TUBUH";"PASAL 2"
"13";"pelaksana kegiatan. Sekretariat tim pelaksana kegiatan merupakan";"120,45";"554,8139999999999";"665,05";"677,05";"612,0";"AWCPPO+BookmanOldStyle";"12,0";"337,63199999999995";"306,0";"0,051686274509803835";"0,19681372549019607";"0,7097450980392155";"False";"BATANG TUBUH";"PASAL 2"
"13";"bagian tidak terpisahkan dari tim pelaksana kegiatan.";"120,45";"439,65";"686,45";"698,45";"612,0";"AWCPPO+BookmanOldStyle";"12,0";"280,05";"306,0";"0,04240196078431371";"0,19681372549019607";"0,5215686274509804";"False";"BATANG TUBUH";"PASAL 2"
"13";"Sekretariat tim pelaksana kegiatan hanya dapat dibentuk untuk";"120,45";"554,8740000000001";"707,85";"719,85";"612,0";"AWCPPO+BookmanOldStyle";"12,0";"337,6620000000001";"306,0";"0,051735294117647206";"0,19681372549019607";"0,7098431372549022";"False";"BATANG TUBUH";"PASAL 2"
"13";"menunjang tim pelaksana kegiatan, yang ditetapkan oleh Sekretaris";"120,45";"555,13";"729,25";"741,25";"612,0";"AWCPPO+BookmanOldStyle";"12,0";"337,79";"306,0";"0,05194444444444448";"0,19681372549019607";"0,7102614379084967";"False";"BATANG TUBUH";"PASAL 2"
"13";"Daerah.";"120,45";"167,25000000000003";"750,85";"762,85";"612,0";"AWCPPO+BookmanOldStyle";"12,0";"143,85000000000002";"306,0";"0,2649509803921568";"0,19681372549019607";"0,07647058823529417";"False";"BATANG TUBUH";"PASAL 2"
"13";"Jumlah sekretariat tim pelaksana kegiatan diatur sebagai berikut:";"120,45";"511,546";"772,25";"784,25";"612,0";"AWCPPO+BookmanOldStyle";"12,0";"315,998";"306,0";"0,016336601307189526";"0,19681372549019607";"0,6390457516339869";"False";"BATANG TUBUH";"PASAL 2"
"13";"1) Paling banyak 10 (sepuluh) orang untuk tim pelaksana kegiatan";"120,45";"554,7819999999998";"793,67";"805,67";"612,0";"AWCPPO+BookmanOldStyle";"12,0";"337,61599999999993";"306,0";"0,05166013071895413";"0,19681372549019607";"0,7096928104575161";"False";"BATANG TUBUH";"PASAL 2"
"13";"yang ditetapkan oleh Bupati; atau";"141,65";"345,06";"815,08";"827,08";"612,0";"AWCPPO+BookmanOldStyle";"12,0";"243,35500000000002";"306,0";"0,10236111111111108";"0,23145424836601308";"0,33236928104575164";"False";"BATANG TUBUH";"PASAL 2"
"13";"2) Paling banyak 7 (tujuh) orang untuk tim pelaksana kegiatan yang";"120,45";"555,436";"836,475";"848,475";"612,0";"AWCPPO+BookmanOldStyle";"12,0";"337,94300000000004";"306,0";"0,05219444444444451";"0,19681372549019607";"0,7107614379084968";"False";"BATANG TUBUH";"PASAL 2"
"13";"ditetapkan oleh Sekretaris Daerah.";"141,65";"349,7";"857,875";"869,875";"612,0";"AWCPPO+BookmanOldStyle";"12,0";"245,675";"306,0";"0,09857026143790848";"0,23145424836601308";"0,3399509803921568";"False";"BATANG TUBUH";"PASAL 2"
"14";"6";"302,5";"309,94";"37,90000000000009";"49,90000000000009";"612,0";"AWCPPO+BookmanOldStyle";"12,0";"306,22";"306,0";"0,00035947712418305113";"0,494281045751634";"0,012156862745098036";"False";"BATANG TUBUH";"PASAL 2"
"14";"Dalam hal tim pelaksana kegiatan telah terbentuk selama 3 (tiga) tahun";"120,45";"554,886";"65,12";"77,12";"612,0";"AWCPPO+BookmanOldStyle";"12,0";"337,668";"306,0";"0,051745098039215696";"0,19681372549019607";"0,7098627450980391";"False";"BATANG TUBUH";"PASAL 2"
"14";"berturut-turut, perlu dilakukan evaluasi terhadap urgensi dan efektifitas";"120,45";"554,9140000000001";"88,73000000000002";"100,73000000000002";"612,0";"AWCPPO+BookmanOldStyle";"12,0";"337,6820000000001";"306,0";"0,05176797385620927";"0,19681372549019607";"0,7099084967320263";"False";"BATANG TUBUH";"PASAL 2"
"14";"keberadaan tim dimaksud oleh tim kelembagaan untuk dipertimbangkan";"120,45";"554,8020000000001";"112,32000000000005";"124,32000000000005";"612,0";"AWCPPO+BookmanOldStyle";"12,0";"337,6260000000001";"306,0";"0,05167647058823544";"0,19681372549019607";"0,7097254901960787";"False";"BATANG TUBUH";"PASAL 2"
"14";"menjadi tugas dan fungsi Perangkat Daerah.";"120,45";"387,16999999999996";"136,12";"148,12";"612,0";"AWCPPO+BookmanOldStyle";"12,0";"253,80999999999997";"306,0";"0,08527777777777783";"0,19681372549019607";"0,4358169934640522";"False";"BATANG TUBUH";"PASAL 2"
"14";"Terkait kriteria pembentukan tim dan besaran honorarium untuk Tim";"120,45";"555,254";"159,73000000000002";"171,73000000000002";"612,0";"AWCPPO+BookmanOldStyle";"12,0";"337,85200000000003";"306,0";"0,05204575163398698";"0,19681372549019607";"0,7104640522875818";"False";"BATANG TUBUH";"PASAL 2"
"14";"Penghapusan Barang Milik Daerah, Forum Koordinasi Pimpinan Daerah";"120,45";"555,4599999999999";"183,35000000000002";"195,35000000000002";"612,0";"AWCPPO+BookmanOldStyle";"12,0";"337,955";"306,0";"0,05221405228758167";"0,19681372549019607";"0,7108006535947712";"False";"BATANG TUBUH";"PASAL 2"
"14";"(FORKOPIMDA) dan Tim Keanggotaan Dewan Pengupahan mengikuti";"120,45";"555,33";"206,95000000000005";"218,95000000000005";"612,0";"AWCPPO+BookmanOldStyle";"12,0";"337,89000000000004";"306,0";"0,05210784313725497";"0,19681372549019607";"0,7105882352941177";"False";"BATANG TUBUH";"PASAL 2"
"14";"ketentuan tentang Tim Pelaksana Kegiatan.";"120,45";"377,76";"230,75";"242,75";"612,0";"AWCPPO+BookmanOldStyle";"12,0";"249,105";"306,0";"0,09296568627450982";"0,19681372549019607";"0,42044117647058826";"False";"BATANG TUBUH";"PASAL 2"
"14";"Satuan Biaya Honorarium Tim Pelaksana Kegiatan terdapat pada Tabel A.3";"99,225";"555,252";"254,32600000000002";"266,35";"612,0";"AWCPPO+BookmanOldStyle";"12,0";"327,2385";"306,0";"0,034703431372549";"0,16213235294117645";"0,745142156862745";"False";"BATANG TUBUH";"PASAL 2"
"14";"sebagai berikut:";"99,225";"193,40099999999998";"277,95000000000005";"289,95000000000005";"612,0";"AWCPPO+BookmanOldStyle";"12,0";"146,313";"306,0";"0,2609264705882353";"0,16213235294117645";"0,15388235294117644";"False";"BATANG TUBUH";"PASAL 2"
"14";"Tabel A.3";"298,1";"356,18";"301,7560000000001";"313,7560000000001";"612,0";"AWKBDA+BookmanOldStyle-Bold";"12,0";"327,14";"306,0";"0,0345424836601307";"0,4870915032679739";"0,0949019607843137";"False";"BATANG TUBUH";"PASAL 2"
"14";"BESARAN";"472,55";"533,222";"323,356";"335,356";"612,0";"AWKBDA+BookmanOldStyle-Bold";"12,0";"502,88599999999997";"306,0";"0,3217091503267973";"0,772140522875817";"0,09913725490196074";"True";"BATANG TUBUH";"PASAL 2"
"14";"NO. URAIAN SATUAN";"108,82";"444,406";"333,956";"345,956";"612,0";"AWKBDA+BookmanOldStyle-Bold";"12,0";"276,613";"306,0";"0,04801797385620915";"0,17781045751633986";"0,548343137254902";"True";"BATANG TUBUH";"PASAL 2"
"14";"(Rp)";"490,58";"515,22";"344,346";"356,346";"612,0";"AWKBDA+BookmanOldStyle-Bold";"12,0";"502,9";"306,0";"0,3217320261437908";"0,8016013071895425";"0,0402614379084968";"False";"BATANG TUBUH";"PASAL 2"
"14";"1. Honorarium Tim Pelaksana Kegiatan";"115,85";"366,634";"365,98";"377,98";"612,0";"AWCPPO+BookmanOldStyle";"12,0";"241,24200000000002";"306,0";"0,10581372549019605";"0,18929738562091503";"0,4097777777777778";"False";"BATANG TUBUH";"PASAL 2"
"14";"1.1. Yang ditetapkan oleh Bupati";"110,25";"317,914";"387,7800000000001";"399,7800000000001";"612,0";"AWCPPO+BookmanOldStyle";"12,0";"214,082";"306,0";"0,15019281045751634";"0,1801470588235294";"0,3393202614379085";"False";"BATANG TUBUH";"PASAL 2"
"14";"a. Pengarah OB 1.500.000,00";"150,25";"543,614";"409,37";"421,37";"612,0";"AWCPPO+BookmanOldStyle";"12,0";"346,932";"306,0";"0,0668823529411765";"0,2455065359477124";"0,6427516339869281";"False";"BATANG TUBUH";"PASAL 2"
"14";"b. Penanggung Jawab OB 1.250.000,00";"150,25";"543,614";"431,0";"443,0";"612,0";"AWCPPO+BookmanOldStyle";"12,0";"346,932";"306,0";"0,0668823529411765";"0,2455065359477124";"0,6427516339869281";"False";"BATANG TUBUH";"PASAL 2"
"14";"c. Ketua OB 1.000.000,00";"150,25";"543,614";"452,59999999999997";"464,59999999999997";"612,0";"AWCPPO+BookmanOldStyle";"12,0";"346,932";"306,0";"0,0668823529411765";"0,2455065359477124";"0,6427516339869281";"False";"BATANG TUBUH";"PASAL 2"
"14";"d. Wakil Ketua OB 850.000,00";"150,25";"543,606";"474,2";"486,2";"612,0";"AWCPPO+BookmanOldStyle";"12,0";"346,928";"306,0";"0,06687581699346405";"0,2455065359477124";"0,6427385620915033";"False";"BATANG TUBUH";"PASAL 2"
"14";"e. Sekretaris OB 750.000,00";"150,25";"543,606";"495,8";"507,8";"612,0";"AWCPPO+BookmanOldStyle";"12,0";"346,928";"306,0";"0,06687581699346405";"0,2455065359477124";"0,6427385620915033";"False";"BATANG TUBUH";"PASAL 2"
"14";"f. Anggota OB 750.000,00";"150,25";"543,606";"517,4";"529,4";"612,0";"AWCPPO+BookmanOldStyle";"12,0";"346,928";"306,0";"0,06687581699346405";"0,2455065359477124";"0,6427385620915033";"False";"BATANG TUBUH";"PASAL 2"
"14";"1.2. Yang ditetapkan oleh Sekretaris";"110,25";"373,70799999999997";"539,2";"551,2";"612,0";"AWCPPO+BookmanOldStyle";"12,0";"241,97899999999998";"306,0";"0,10460947712418303";"0,1801470588235294";"0,4304869281045751";"False";"BATANG TUBUH";"PASAL 2"
"14";"Daerah";"150,25";"193,138";"560,23";"572,23";"612,0";"AWCPPO+BookmanOldStyle";"12,0";"171,69400000000002";"306,0";"0,21945424836601304";"0,2455065359477124";"0,07007843137254903";"False";"BATANG TUBUH";"PASAL 2"
"14";"a. Pengarah OB 750.000,00";"150,25";"543,606";"581,8199999999999";"593,8199999999999";"612,0";"AWCPPO+BookmanOldStyle";"12,0";"346,928";"306,0";"0,06687581699346405";"0,2455065359477124";"0,6427385620915033";"False";"BATANG TUBUH";"PASAL 2"
"14";"b. Penanggung Jawab OB 700.000,00";"150,25";"543,606";"603,62";"615,62";"612,0";"AWCPPO+BookmanOldStyle";"12,0";"346,928";"306,0";"0,06687581699346405";"0,2455065359477124";"0,6427385620915033";"False";"BATANG TUBUH";"PASAL 2"
"14";"c. Ketua OB 650.000,00";"150,25";"543,606";"625,23";"637,23";"612,0";"AWCPPO+BookmanOldStyle";"12,0";"346,928";"306,0";"0,06687581699346405";"0,2455065359477124";"0,6427385620915033";"False";"BATANG TUBUH";"PASAL 2"
"14";"d. Wakil Ketua OB 600.000,00";"150,25";"543,606";"646,8199999999999";"658,8199999999999";"612,0";"AWCPPO+BookmanOldStyle";"12,0";"346,928";"306,0";"0,06687581699346405";"0,2455065359477124";"0,6427385620915033";"False";"BATANG TUBUH";"PASAL 2"
"14";"e. Sekretaris OB 500.000,00";"150,25";"543,606";"668,45";"680,45";"612,0";"AWCPPO+BookmanOldStyle";"12,0";"346,928";"306,0";"0,06687581699346405";"0,2455065359477124";"0,6427385620915033";"False";"BATANG TUBUH";"PASAL 2"
"14";"f. Anggota OB 500.000,00";"150,25";"543,606";"690,05";"702,05";"612,0";"AWCPPO+BookmanOldStyle";"12,0";"346,928";"306,0";"0,06687581699346405";"0,2455065359477124";"0,6427385620915033";"False";"BATANG TUBUH";"PASAL 2"
"14";"2. Honorarium Sekretariat Tim";"115,85";"373,756";"714,65";"726,65";"612,0";"AWCPPO+BookmanOldStyle";"12,0";"244,803";"306,0";"0,09999509803921569";"0,18929738562091503";"0,42141503267973845";"False";"BATANG TUBUH";"PASAL 2"
"14";"Pelaksana Kegiatan";"150,25";"263,33799999999997";"735,85";"747,85";"612,0";"AWCPPO+BookmanOldStyle";"12,0";"206,79399999999998";"306,0";"0,16210130718954252";"0,2455065359477124";"0,18478431372549015";"False";"BATANG TUBUH";"PASAL 2"
"14";"2.1. Yang ditetapkan oleh Sekretaris";"110,25";"373,52200000000005";"763,45";"775,45";"612,0";"AWCPPO+BookmanOldStyle";"12,0";"241,88600000000002";"306,0";"0,1047614379084967";"0,1801470588235294";"0,43018300653594777";"False";"BATANG TUBUH";"PASAL 2"
"14";"Daerah";"150,25";"193,138";"784,65";"796,65";"612,0";"AWCPPO+BookmanOldStyle";"12,0";"171,69400000000002";"306,0";"0,21945424836601304";"0,2455065359477124";"0,07007843137254903";"False";"BATANG TUBUH";"PASAL 2"
"14";"a. Ketua/Wakil Ketua OB 250.000,00";"150,25";"543,606";"812,28";"824,28";"612,0";"AWCPPO+BookmanOldStyle";"12,0";"346,928";"306,0";"0,06687581699346405";"0,2455065359477124";"0,6427385620915033";"False";"BATANG TUBUH";"PASAL 2"
"14";"b. Anggota OB 220.000,00";"150,25";"543,606";"839,875";"851,875";"612,0";"AWCPPO+BookmanOldStyle";"12,0";"346,928";"306,0";"0,06687581699346405";"0,2455065359477124";"0,6427385620915033";"False";"BATANG TUBUH";"PASAL 2"
"15";"7";"302,5";"309,94";"37,90000000000009";"49,90000000000009";"612,0";"AWCPPO+BookmanOldStyle";"12,0";"306,22";"306,0";"0,00035947712418305113";"0,494281045751634";"0,012156862745098036";"False";"BATANG TUBUH";"PASAL 2"
"15";"3. Honorarium Narasumber atau Pembahas, Moderator, dan Pembawa Acara";"77,825";"536,4449999999998";"65,12";"77,12";"612,0";"AWCPPO+BookmanOldStyle";"12,0";"307,13499999999993";"306,0";"0,001854575163398585";"0,12716503267973855";"0,74937908496732";"False";"BATANG TUBUH";"PASAL 2"
"15";"a. Honorarium Narasumber dan Pembahas";"99,225";"358,914";"87,32000000000005";"99,32000000000005";"612,0";"AWCPPO+BookmanOldStyle";"12,0";"229,0695";"306,0";"0,12570343137254902";"0,16213235294117645";"0,42432843137254894";"False";"BATANG TUBUH";"PASAL 2"
"15";"Honorarium narasumber atau pembahas diberikan kepada pejabat";"120,45";"555,0419999999999";"109,53000000000009";"121,53000000000009";"612,0";"AWCPPO+BookmanOldStyle";"12,0";"337,746";"306,0";"0,05187254901960781";"0,19681372549019607";"0,7101176470588234";"False";"BATANG TUBUH";"PASAL 2"
"15";"negara, pejabat daerah, Aparatur Sipil Negara, dan pihak lain yang";"120,45";"555,2819999999999";"131,92000000000007";"143,92000000000007";"612,0";"AWCPPO+BookmanOldStyle";"12,0";"337,866";"306,0";"0,05206862745098037";"0,19681372549019607";"0,7105098039215685";"False";"BATANG TUBUH";"PASAL 2"
"15";"memberikan informasi atau pengetahuan dalam kegiatan seminar, rapat,";"120,45";"554,85";"154,12";"166,12";"612,0";"AWCPPO+BookmanOldStyle";"12,0";"337,65000000000003";"306,0";"0,05171568627450986";"0,19681372549019607";"0,7098039215686275";"False";"BATANG TUBUH";"PASAL 2"
"15";"sosialisasi, diseminasi, bimbingan teknis, workshop, sarasehan,";"120,45";"555,344";"176,35000000000002";"188,40999999999997";"612,0";"AWCPPO+BookmanOldStyle";"12,0";"337,89700000000005";"306,0";"0,05211928104575171";"0,19681372549019607";"0,7106111111111112";"False";"BATANG TUBUH";"PASAL 2"
"15";"simposium, lokakarya, focus group discussion, dan kegiatan sejenis (tidak";"120,45";"555,3840000000001";"198,55000000000007";"210,61";"612,0";"AWCPPO+BookmanOldStyle";"12,0";"337,9170000000001";"306,0";"0,05215196078431387";"0,19681372549019607";"0,7106764705882356";"False";"BATANG TUBUH";"PASAL 2"
"15";"termasuk untuk kegiatan pendidikan dan pelatihan).";"120,45";"433,45199999999994";"220,95000000000005";"232,95000000000005";"612,0";"AWCPPO+BookmanOldStyle";"12,0";"276,95099999999996";"306,0";"0,04746568627450986";"0,19681372549019607";"0,5114411764705882";"False";"BATANG TUBUH";"PASAL 2"
"15";"Honorarium narasumber atau pembahas dapat diberikan dengan";"120,45";"555,28";"243,1500000000001";"255,1500000000001";"612,0";"AWCPPO+BookmanOldStyle";"12,0";"337,865";"306,0";"0,0520669934640523";"0,19681372549019607";"0,7105065359477124";"False";"BATANG TUBUH";"PASAL 2"
"15";"ketentuan sebagai berikut:";"120,45";"280,08599999999996";"265,35";"277,35";"612,0";"AWCPPO+BookmanOldStyle";"12,0";"200,26799999999997";"306,0";"0,172764705882353";"0,19681372549019607";"0,2608431372549019";"False";"BATANG TUBUH";"PASAL 2"
"15";"1) Satuan jam yang digunakan dalam pemberian honorarium";"120,45";"555,3879999999999";"287,55000000000007";"299,55000000000007";"612,0";"AWCPPO+BookmanOldStyle";"12,0";"337,919";"306,0";"0,05215522875816991";"0,19681372549019607";"0,7106830065359476";"False";"BATANG TUBUH";"PASAL 2"
"15";"narasumber atau pembahas adalah 60 (enam puluh) menit, baik";"141,65";"555,39";"309,7800000000001";"321,7800000000001";"612,0";"AWCPPO+BookmanOldStyle";"12,0";"348,52";"306,0";"0,0694771241830065";"0,23145424836601308";"0,676045751633987";"False";"BATANG TUBUH";"PASAL 2"
"15";"dilakukan secara panel maupun individual.";"141,65";"402,142";"332,1700000000001";"344,1700000000001";"612,0";"AWCPPO+BookmanOldStyle";"12,0";"271,896";"306,0";"0,055725490196078406";"0,23145424836601308";"0,42564052287581694";"False";"BATANG TUBUH";"PASAL 2"
"15";"2) Narasumber atau pembahas berasal dari:";"120,45";"388,954";"354,37";"366,37";"612,0";"AWCPPO+BookmanOldStyle";"12,0";"254,702";"306,0";"0,0838202614379085";"0,19681372549019607";"0,43873202614379087";"False";"BATANG TUBUH";"PASAL 2"
"15";"a) Luar Satuan Kerja Perangkat Daerah penyelenggara atau";"141,65";"555,34";"376,57000000000005";"388,57000000000005";"612,0";"AWCPPO+BookmanOldStyle";"12,0";"348,495";"306,0";"0,06943627450980393";"0,23145424836601308";"0,6759640522875818";"False";"BATANG TUBUH";"PASAL 2"
"15";"masyarakat; atau";"163,05";"267,24";"398,7800000000001";"410,7800000000001";"612,0";"AWCPPO+BookmanOldStyle";"12,0";"215,145";"306,0";"0,14845588235294116";"0,266421568627451";"0,17024509803921567";"False";"BATANG TUBUH";"PASAL 2"
"15";"b) Dalam Satuan Kerja Perangkat Daerah penyelenggara sepanjang";"141,65";"555,604";"421,20000000000005";"433,2";"612,0";"AWCPPO+BookmanOldStyle";"11,999999999999943";"348,627";"306,0";"0,06965196078431374";"0,23145424836601308";"0,6763954248366014";"False";"BATANG TUBUH";"PASAL 2"
"15";"peserta yang menjadi sasaran utama kegiatan berasal dari luar";"163,05";"555,218";"443,4";"455,4";"612,0";"AWCPPO+BookmanOldStyle";"12,0";"359,134";"306,0";"0,08682026143790852";"0,266421568627451";"0,6407973856209149";"False";"BATANG TUBUH";"PASAL 2"
"15";"Satuan Kerja Perangkat Daerah daerah penyelenggara dan/atau";"163,05";"555,472";"465,59999999999997";"477,59999999999997";"612,0";"AWCPPO+BookmanOldStyle";"12,0";"359,26099999999997";"306,0";"0,08702777777777772";"0,266421568627451";"0,6412124183006536";"False";"BATANG TUBUH";"PASAL 2"
"15";"masyarakat.";"163,05";"235,806";"487,8";"499,8";"612,0";"AWCPPO+BookmanOldStyle";"12,0";"199,428";"306,0";"0,17413725490196078";"0,266421568627451";"0,11888235294117647";"False";"BATANG TUBUH";"PASAL 2"
"15";"3) Dalam hal narasumber atau pembahas tersebut berasal dari Satuan";"120,45";"555,4899999999999";"510,0";"522,0";"612,0";"AWCPPO+BookmanOldStyle";"12,0";"337,96999999999997";"306,0";"0,05223856209150322";"0,19681372549019607";"0,7108496732026143";"False";"BATANG TUBUH";"PASAL 2"
"15";"Kerja Perangkat Daerah penyelenggara, maka diberikan honorarium";"141,65";"555,0719999999999";"532,4";"544,4";"612,0";"AWCPPO+BookmanOldStyle";"12,0";"348,36099999999993";"306,0";"0,0692173202614378";"0,23145424836601308";"0,6755261437908495";"False";"BATANG TUBUH";"PASAL 2"
"15";"dengan ketentuan sebagai berikut:";"141,65";"348,916";"554,62";"566,62";"612,0";"AWCPPO+BookmanOldStyle";"12,0";"245,28300000000002";"306,0";"0,09921078431372546";"0,23145424836601308";"0,33866993464052286";"False";"BATANG TUBUH";"PASAL 2"
"15";"a) Pada Satuan Kerja Perangkat Daerah/Unit Kerja sebagai";"141,65";"555,356";"576,8199999999999";"588,8199999999999";"612,0";"AWCPPO+BookmanOldStyle";"12,0";"348,503";"306,0";"0,06944934640522873";"0,23145424836601308";"0,6759901960784314";"False";"BATANG TUBUH";"PASAL 2"
"15";"penyangga utama 8 (delapan) area perubahan pelaksanaan";"163,05";"555,2399999999999";"599,03";"611,03";"612,0";"AWCPPO+BookmanOldStyle";"12,0";"359,145";"306,0";"0,08683823529411762";"0,266421568627451";"0,6408333333333331";"False";"BATANG TUBUH";"PASAL 2"
"15";"reformasi birokrasi dan pendukung utama Capaian Aksi";"163,05";"555,292";"621,4300000000001";"633,4300000000001";"612,0";"AWCPPO+BookmanOldStyle";"12,0";"359,17100000000005";"306,0";"0,08688071895424844";"0,266421568627451";"0,6409183006535948";"False";"BATANG TUBUH";"PASAL 2"
"15";"Pemberantasan Korupsi Terintegrasi Monitoring Controlling";"163,05";"555,126";"643,63";"655,69";"612,0";"AWCPPO+BookmanOldStyle";"12,0";"359,08799999999997";"306,0";"0,08674509803921562";"0,266421568627451";"0,6406470588235293";"False";"BATANG TUBUH";"PASAL 2"
"15";"Surveillance for Preventation (MCSP) Komisi Pemberantasan";"163,05";"555,37";"665,8499999999999";"677,91";"612,0";"BDJVSO+BookmanOldStyle-Italic";"12,0";"359,21000000000004";"306,0";"0,0869444444444445";"0,266421568627451";"0,6410457516339869";"False";"BATANG TUBUH";"PASAL 2"
"15";"Korupsi serta Sekretariat DPRD, sebesar 50% (lima puluh persen)";"163,05";"555,254";"688,05";"700,05";"612,0";"AWCPPO+BookmanOldStyle";"12,0";"359,15200000000004";"306,0";"0,08684967320261446";"0,266421568627451";"0,6408562091503268";"False";"BATANG TUBUH";"PASAL 2"
"15";"dari honorarium narasumber/pembahas;";"163,05";"406,902";"710,45";"722,45";"612,0";"AWCPPO+BookmanOldStyle";"12,0";"284,976";"306,0";"0,03435294117647059";"0,266421568627451";"0,3984509803921568";"False";"BATANG TUBUH";"PASAL 2"
"15";"b) Pada Satuan Kerja Perangkat Daerah/Unit Kerja lainnya (di luar";"141,65";"555,428";"732,65";"744,65";"612,0";"AWCPPO+BookmanOldStyle";"12,0";"348,539";"306,0";"0,0695081699346405";"0,23145424836601308";"0,6761078431372549";"False";"BATANG TUBUH";"PASAL 2"
"15";"penyangga utama 8 (delapan) area perubahan pelaksanaan";"163,05";"555,414";"754,85";"766,85";"612,0";"AWCPPO+BookmanOldStyle";"12,0";"359,23199999999997";"306,0";"0,0869803921568627";"0,266421568627451";"0,6411176470588235";"False";"BATANG TUBUH";"PASAL 2"
"15";"reformasi birokrasi dan pendukung utama Capaian Aksi";"163,05";"555,3720000000001";"777,05";"789,05";"612,0";"AWCPPO+BookmanOldStyle";"12,0";"359,211";"306,0";"0,08694607843137257";"0,266421568627451";"0,6410490196078432";"False";"BATANG TUBUH";"PASAL 2"
"15";"Pemberantasan Korupsi Terintegrasi Monitoring Controlling";"163,05";"555,126";"799,28";"811,34";"612,0";"AWCPPO+BookmanOldStyle";"12,0";"359,08799999999997";"306,0";"0,08674509803921562";"0,266421568627451";"0,6406470588235293";"False";"BATANG TUBUH";"PASAL 2"
"15";"Surveillance for Preventation (MCSP) Komisi Pemberantasan";"163,05";"555,4019999999999";"821,6800000000001";"833,74";"612,0";"BDJVSO+BookmanOldStyle-Italic";"12,0";"359,226";"306,0";"0,08697058823529412";"0,266421568627451";"0,6410980392156861";"False";"BATANG TUBUH";"PASAL 2"
"15";"Korupsi), sebesar 35% (tiga puluh lima persen) dari honorarium";"163,05";"555,588";"843,875";"855,875";"612,0";"AWCPPO+BookmanOldStyle";"12,0";"359,31899999999996";"306,0";"0,08712254901960778";"0,266421568627451";"0,6414019607843137";"False";"BATANG TUBUH";"PASAL 2"
"15";"narasumber/pembahas.";"163,05";"306,186";"866,075";"878,075";"612,0";"AWCPPO+BookmanOldStyle";"12,0";"234,618";"306,0";"0,1166372549019608";"0,266421568627451";"0,23388235294117643";"False";"BATANG TUBUH";"PASAL 2"
"16";"8";"302,5";"309,94";"37,90000000000009";"49,90000000000009";"612,0";"AWCPPO+BookmanOldStyle";"12,0";"306,22";"306,0";"0,00035947712418305113";"0,494281045751634";"0,012156862745098036";"False";"BATANG TUBUH";"PASAL 2"
"16";"b. Honorarium Moderator";"99,225";"256,12";"65,12";"77,12";"612,0";"AWCPPO+BookmanOldStyle";"12,0";"177,6725";"306,0";"0,20968545751633985";"0,16213235294117645";"0,25636437908496734";"False";"BATANG TUBUH";"PASAL 2"
"16";"Honorarium moderator diberikan kepada Pejabat Daerah, Aparatur Sipil";"120,45";"555,258";"88,73000000000002";"100,73000000000002";"612,0";"AWCPPO+BookmanOldStyle";"12,0";"337,85400000000004";"306,0";"0,05204901960784321";"0,19681372549019607";"0,7104705882352942";"False";"BATANG TUBUH";"PASAL 2"
"16";"Negara, dan pihak lain yang ditunjuk oleh pejabat yang berwenang";"120,45";"555,4200000000001";"112,12";"124,12";"612,0";"AWCPPO+BookmanOldStyle";"12,0";"337,93500000000006";"306,0";"0,0521813725490197";"0,19681372549019607";"0,7107352941176472";"False";"BATANG TUBUH";"PASAL 2"
"16";"untuk melaksanakan tugas sebagai moderator pada kegiatan seminar,";"120,45";"555,4200000000001";"135,73000000000002";"147,73000000000002";"612,0";"AWCPPO+BookmanOldStyle";"12,0";"337,93500000000006";"306,0";"0,0521813725490197";"0,19681372549019607";"0,7107352941176472";"False";"BATANG TUBUH";"PASAL 2"
"16";"rapat, sosialisasi, diseminasi, bimbingan teknis, workshop, sarasehan,";"120,45";"555,514";"159,32000000000005";"171,38";"612,0";"AWCPPO+BookmanOldStyle";"12,0";"337,982";"306,0";"0,052258169934640566";"0,19681372549019607";"0,7108888888888889";"False";"BATANG TUBUH";"PASAL 2"
"16";"simposium, lokakarya, focus group discussion, dan kegiatan sejenis";"120,45";"555,262";"182,75";"194,80999999999995";"612,0";"AWCPPO+BookmanOldStyle";"12,0";"337,856";"306,0";"0,05205228758169934";"0,19681372549019607";"0,7104771241830065";"False";"BATANG TUBUH";"PASAL 2"
"16";"(tidak termasuk untuk kegiatan pendidikan dan pelatihan).";"120,45";"470,98999999999995";"206,35000000000002";"218,35000000000002";"612,0";"AWCPPO+BookmanOldStyle";"12,0";"295,71999999999997";"306,0";"0,01679738562091508";"0,19681372549019607";"0,5727777777777777";"False";"BATANG TUBUH";"PASAL 2"
"16";"Honorarium moderator dapat diberikan dengan ketentuan:";"120,45";"470,49199999999996";"229,95000000000005";"241,95000000000005";"612,0";"AWCPPO+BookmanOldStyle";"12,0";"295,471";"306,0";"0,017204248366013065";"0,19681372549019607";"0,5719640522875816";"False";"BATANG TUBUH";"PASAL 2"
"16";"1) Moderator berasal dari luar Satuan Kerja Perangkat Daerah";"120,45";"555,258";"253,35000000000002";"265,35";"612,0";"AWCPPO+BookmanOldStyle";"12,0";"337,85400000000004";"306,0";"0,05204901960784321";"0,19681372549019607";"0,7104705882352942";"False";"BATANG TUBUH";"PASAL 2"
"16";"penyelenggara; atau";"141,65";"260,10200000000003";"276,95000000000005";"288,95000000000005";"612,0";"AWCPPO+BookmanOldStyle";"12,0";"200,87600000000003";"306,0";"0,1717712418300653";"0,23145424836601308";"0,19354901960784318";"False";"BATANG TUBUH";"PASAL 2"
"16";"2) Moderator berasal dari dalam Satuan Kerja Perangkat Daerah";"120,45";"555,2499999999999";"300,57000000000005";"312,57000000000005";"612,0";"AWCPPO+BookmanOldStyle";"12,0";"337,84999999999997";"306,0";"0,052042483660130666";"0,19681372549019607";"0,7104575163398691";"False";"BATANG TUBUH";"PASAL 2"
"16";"penyelenggara sepanjang peserta yang menjadi sasaran utama";"141,65";"554,834";"323,98";"335,98";"612,0";"AWCPPO+BookmanOldStyle";"12,0";"348,24199999999996";"306,0";"0,0690228758169934";"0,23145424836601308";"0,6751372549019607";"False";"BATANG TUBUH";"PASAL 2"
"16";"kegiatan berasal dari luar Satuan Kerja Perangkat Daerah";"141,65";"555,258";"347,57000000000005";"359,57000000000005";"612,0";"AWCPPO+BookmanOldStyle";"12,0";"348,454";"306,0";"0,06936928104575164";"0,23145424836601308";"0,6758300653594772";"False";"BATANG TUBUH";"PASAL 2"
"16";"penyelenggara dan/atau masyarakat.";"141,65";"362,462";"371,1700000000001";"383,1700000000001";"612,0";"AWCPPO+BookmanOldStyle";"12,0";"252,05599999999998";"306,0";"0,08814379084967323";"0,23145424836601308";"0,36080392156862745";"False";"BATANG TUBUH";"PASAL 2"
"16";"c. Honorarium Pembawa Acara";"99,225";"288,678";"394,57000000000005";"406,57000000000005";"612,0";"AWCPPO+BookmanOldStyle";"12,0";"193,9515";"306,0";"0,18308578431372546";"0,16213235294117645";"0,30956372549019606";"False";"BATANG TUBUH";"PASAL 2"
"16";"Honorarium pembawa acara yang diberikan kepada Aparatur Sipil";"120,45";"555,366";"418,20000000000005";"430,2";"612,0";"AWCPPO+BookmanOldStyle";"11,999999999999943";"337,908";"306,0";"0,05213725490196081";"0,19681372549019607";"0,7106470588235294";"False";"BATANG TUBUH";"PASAL 2"
"16";"Negara dan pihak lain yang ditunjuk oleh pejabat yang berwenang";"120,45";"554,978";"441,8";"453,8";"612,0";"AWCPPO+BookmanOldStyle";"12,0";"337,714";"306,0";"0,051820261437908494";"0,19681372549019607";"0,7100130718954247";"False";"BATANG TUBUH";"PASAL 2"
"16";"untuk melaksanakan tugas memandu acara dalam kegiatan seminar,";"120,45";"555,196";"465,4";"477,4";"612,0";"AWCPPO+BookmanOldStyle";"12,0";"337,82300000000004";"306,0";"0,05199836601307196";"0,19681372549019607";"0,7103692810457517";"False";"BATANG TUBUH";"PASAL 2"
"16";"rapat kerja, sosialisasi, diseminasi, workshop, sarasehan, simposium,";"120,45";"555,266";"488,8";"500,86";"612,0";"AWCPPO+BookmanOldStyle";"12,0";"337,858";"306,0";"0,05205555555555556";"0,19681372549019607";"0,710483660130719";"False";"BATANG TUBUH";"PASAL 2"
"16";"lokakarya, dan kegiatan sejenis yang mengundang minimal Menteri,";"120,45";"555,3800000000001";"512,4";"524,4";"612,0";"AWCPPO+BookmanOldStyle";"12,0";"337,9150000000001";"306,0";"0,05214869281045764";"0,19681372549019607";"0,7106699346405231";"False";"BATANG TUBUH";"PASAL 2"
"16";"Kepala Daerah/Wakil Kepala Daerah, dan/atau Pimpinan/Anggota";"120,45";"555,29";"536,0";"548,0";"612,0";"AWCPPO+BookmanOldStyle";"12,0";"337,87";"306,0";"0,052075163398692816";"0,19681372549019607";"0,7105228758169935";"False";"BATANG TUBUH";"PASAL 2"
"16";"Dewan Perwakilan Rakyat Daerah (DPRD) dan dihadiri lintas Satuan";"120,45";"555,4399999999999";"559,4200000000001";"571,4200000000001";"612,0";"AWCPPO+BookmanOldStyle";"12,0";"337,945";"306,0";"0,052197712418300644";"0,19681372549019607";"0,710767973856209";"False";"BATANG TUBUH";"PASAL 2"
"16";"Kerja Perangkat Daerah dan/atau masyarakat.";"120,45";"397,796";"583,03";"595,03";"612,0";"AWCPPO+BookmanOldStyle";"12,0";"259,123";"306,0";"0,07659640522875819";"0,19681372549019607";"0,4531797385620915";"False";"BATANG TUBUH";"PASAL 2"
"16";"Pemberian honorarium narasumber atau pembahas, moderator, dan";"120,45";"555,278";"606,62";"618,62";"612,0";"AWCPPO+BookmanOldStyle";"12,0";"337,86400000000003";"306,0";"0,052065359477124235";"0,19681372549019607";"0,7105032679738562";"False";"BATANG TUBUH";"PASAL 2"
"16";"pembawa acara profesional (pakar, praktisi, atau pembicara khusus)";"120,45";"555,342";"630,03";"642,03";"612,0";"AWCPPO+BookmanOldStyle";"12,0";"337,896";"306,0";"0,05211764705882355";"0,19681372549019607";"0,7106078431372549";"False";"BATANG TUBUH";"PASAL 2"
"16";"yang mempunyai keahlian dan/atau pengalaman tertentu dalam ilmu";"120,45";"555,3359999999999";"653,62";"665,62";"612,0";"AWCPPO+BookmanOldStyle";"12,0";"337,893";"306,0";"0,05211274509803917";"0,19681372549019607";"0,7105980392156861";"False";"BATANG TUBUH";"PASAL 2"
"16";"dan/atau bidang tertentu untuk kegiatan seminar, rapat koordinasi,";"120,45";"554,9760000000002";"677,25";"689,25";"612,0";"AWCPPO+BookmanOldStyle";"12,0";"337,71300000000014";"306,0";"0,05181862745098061";"0,19681372549019607";"0,710009803921569";"False";"BATANG TUBUH";"PASAL 2"
"16";"sosialisasi, diseminasi, dan kegiatan sejenisnya dilaksanakan sesuai";"120,45";"555,346";"700,65";"712,65";"612,0";"AWCPPO+BookmanOldStyle";"12,0";"337,898";"306,0";"0,05212091503267978";"0,19681372549019607";"0,7106143790849674";"False";"BATANG TUBUH";"PASAL 2"
"16";"satuan biaya honorarium.";"120,45";"275,852";"724,25";"736,25";"612,0";"AWCPPO+BookmanOldStyle";"12,0";"198,15099999999998";"306,0";"0,17622385620915035";"0,19681372549019607";"0,25392483660130716";"False";"BATANG TUBUH";"PASAL 2"
"16";"Pemberian honorarium narasumber atau pembahas, moderator, dan";"120,45";"555,278";"747,85";"759,85";"612,0";"AWCPPO+BookmanOldStyle";"12,0";"337,86400000000003";"306,0";"0,052065359477124235";"0,19681372549019607";"0,7105032679738562";"False";"BATANG TUBUH";"PASAL 2"
"16";"pembawa acara profesional (pakar, praktisi, atau pembicara khusus)";"120,45";"555,044";"771,25";"783,25";"612,0";"AWCPPO+BookmanOldStyle";"12,0";"337,747";"306,0";"0,05187418300653597";"0,19681372549019607";"0,7101209150326797";"False";"BATANG TUBUH";"PASAL 2"
"16";"dapat melebihi besaran standar honor narasumber atau pembahas,";"120,45";"555,62";"794,87";"806,87";"612,0";"AWCPPO+BookmanOldStyle";"12,0";"338,035";"306,0";"0,0523447712418301";"0,19681372549019607";"0,711062091503268";"False";"BATANG TUBUH";"PASAL 2"
"16";"moderator, dan pembawa acara sebagaimana diatur dalam tabel di";"120,45";"554,97";"818,47";"830,47";"612,0";"AWCPPO+BookmanOldStyle";"12,0";"337,71000000000004";"306,0";"0,05181372549019614";"0,19681372549019607";"0,7100000000000001";"False";"BATANG TUBUH";"PASAL 2"
"16";"bawah ini, sepanjang didukung dengan bukti pengeluaran riil";"120,45";"555,1659999999999";"841,875";"853,875";"612,0";"AWCPPO+BookmanOldStyle";"12,0";"337,808";"306,0";"0,051973856209150314";"0,19681372549019607";"0,7103202614379084";"False";"BATANG TUBUH";"PASAL 2"
"16";"(pembiayaan secara at cost).";"120,45";"287,94";"865,475";"877,535";"612,0";"AWCPPO+BookmanOldStyle";"12,000000000000007";"204,195";"306,0";"0,16634803921568628";"0,19681372549019607";"0,2736764705882353";"False";"BATANG TUBUH";"PASAL 2"
"17";"9";"302,5";"309,94";"37,90000000000009";"49,90000000000009";"612,0";"AWCPPO+BookmanOldStyle";"12,0";"306,22";"306,0";"0,00035947712418305113";"0,494281045751634";"0,012156862745098036";"False";"BATANG TUBUH";"PASAL 2"
"17";"Honorarium Narasumber atau Pembahas, Moderator, dan Pembawa Acara";"99,225";"555,37";"65,12";"77,12";"612,0";"AWCPPO+BookmanOldStyle";"12,0";"327,2975";"306,0";"0,03479983660130721";"0,16213235294117645";"0,7453349673202614";"False";"BATANG TUBUH";"PASAL 2"
"17";"terdapat pada Tabel A.4 sebagai berikut:";"99,225";"341,45599999999996";"86,29600000000005";"98,32000000000005";"612,0";"AWCPPO+BookmanOldStyle";"12,0";"220,34049999999996";"306,0";"0,1399665032679739";"0,16213235294117645";"0,3958022875816993";"False";"BATANG TUBUH";"PASAL 2"
"17";"Tabel A.4";"298,1";"356,18";"107,29600000000005";"119,29600000000005";"612,0";"AWKBDA+BookmanOldStyle-Bold";"12,0";"327,14";"306,0";"0,0345424836601307";"0,4870915032679739";"0,0949019607843137";"False";"BATANG TUBUH";"PASAL 2"
"17";"BESARAN";"473,15";"533,822";"128,89600000000007";"140,89600000000007";"612,0";"AWKBDA+BookmanOldStyle-Bold";"12,0";"503,486";"306,0";"0,3226895424836601";"0,7731209150326797";"0,09913725490196082";"True";"BATANG TUBUH";"PASAL 2"
"17";"NO. URAIAN SATUAN";"108,82";"439,796";"139,50600000000009";"152,50600000000009";"612,0";"AWKBDA+BookmanOldStyle-Bold";"12,0";"274,308";"306,0";"0,05178431372549021";"0,17781045751633986";"0,5408104575163398";"True";"BATANG TUBUH";"PASAL 2"
"17";"(Rp)";"491,18";"515,82";"150,096";"162,096";"612,0";"AWKBDA+BookmanOldStyle-Bold";"12,0";"503,5";"306,0";"0,3227124183006536";"0,8025816993464052";"0,0402614379084968";"False";"BATANG TUBUH";"PASAL 2"
"17";"1. Menteri/Pejabat Setingkat Menteri/";"113,85";"366,52";"171,75";"183,75";"612,0";"AWCPPO+BookmanOldStyle";"12,0";"240,185";"306,0";"0,10754084967320261";"0,18602941176470586";"0,41285947712418297";"False";"BATANG TUBUH";"PASAL 2"
"17";"OJ 1.700.000,00";"405,53";"543,614";"181,95000000000005";"193,95000000000005";"612,0";"AWCPPO+BookmanOldStyle";"12,0";"474,572";"306,0";"0,27544444444444444";"0,6626307189542483";"0,22562745098039225";"True";"BATANG TUBUH";"PASAL 2"
"17";"Pejabat Negara Lainnya";"150,25";"288,06";"192,35000000000002";"204,35000000000002";"612,0";"AWCPPO+BookmanOldStyle";"12,0";"219,155";"306,0";"0,14190359477124181";"0,2455065359477124";"0,2251797385620915";"False";"BATANG TUBUH";"PASAL 2"
"17";"2. Bupati/Pejabat Setingkat Bupati/";"113,85";"366,45399999999995";"213,35000000000002";"225,35000000000002";"612,0";"AWCPPO+BookmanOldStyle";"12,0";"240,152";"306,0";"0,10759477124183009";"0,18602941176470586";"0,41275163398692805";"False";"BATANG TUBUH";"PASAL 2"
"17";"Ketua DPRD/Pejabat Daerah OJ 1.400.000,00";"150,25";"543,614";"233,95000000000005";"245,95000000000005";"612,0";"AWCPPO+BookmanOldStyle";"12,0";"346,932";"306,0";"0,0668823529411765";"0,2455065359477124";"0,6427516339869281";"False";"BATANG TUBUH";"PASAL 2"
"17";"Lainnya yang disetarakan";"150,25";"302,242";"254,35000000000002";"266,35";"612,0";"AWCPPO+BookmanOldStyle";"12,0";"226,246";"306,0";"0,13031699346405226";"0,2455065359477124";"0,2483529411764706";"False";"BATANG TUBUH";"PASAL 2"
"17";"3. Wakil Bupati/Wakil Ketua DPRD OJ 1.300.000,00";"113,85";"543,614";"275,55000000000007";"287,55000000000007";"612,0";"AWCPPO+BookmanOldStyle";"12,0";"328,732";"306,0";"0,03714379084967325";"0,18602941176470586";"0,7022287581699347";"False";"BATANG TUBUH";"PASAL 2"
"17";"4. Anggota DPRD OJ 1.250.000,00";"113,85";"543,614";"296,57000000000005";"308,57000000000005";"612,0";"AWCPPO+BookmanOldStyle";"12,0";"328,732";"306,0";"0,03714379084967325";"0,18602941176470586";"0,7022287581699347";"False";"BATANG TUBUH";"PASAL 2"
"17";"5. Pejabat Eselon I Kementerian/";"113,85";"366,526";"317,57000000000005";"329,57000000000005";"612,0";"AWCPPO+BookmanOldStyle";"12,0";"240,188";"306,0";"0,10753594771241833";"0,18602941176470586";"0,41286928104575166";"False";"BATANG TUBUH";"PASAL 2"
"17";"OJ 1.200.000,00";"405,53";"543,614";"327,7800000000001";"339,7800000000001";"612,0";"AWCPPO+BookmanOldStyle";"12,0";"474,572";"306,0";"0,27544444444444444";"0,6626307189542483";"0,22562745098039225";"True";"BATANG TUBUH";"PASAL 2"
"17";"Lembaga/Provinsi";"150,25";"256,81";"338,1700000000001";"350,1700000000001";"612,0";"AWCPPO+BookmanOldStyle";"12,0";"203,53";"306,0";"0,16743464052287582";"0,2455065359477124";"0,17411764705882354";"False";"BATANG TUBUH";"PASAL 2"
"17";"6. Pejabat Eselon II Kementerian/";"113,85";"366,652";"359,1700000000001";"371,1700000000001";"612,0";"AWCPPO+BookmanOldStyle";"12,0";"240,25099999999998";"306,0";"0,10743300653594776";"0,18602941176470586";"0,4130751633986928";"False";"BATANG TUBUH";"PASAL 2"
"17";"OJ 1.000.000,00";"405,53";"543,614";"369,38";"381,38";"612,0";"AWCPPO+BookmanOldStyle";"12,0";"474,572";"306,0";"0,27544444444444444";"0,6626307189542483";"0,22562745098039225";"True";"BATANG TUBUH";"PASAL 2"
"17";"Lembaga/Provinsi";"150,25";"256,81";"379,7800000000001";"391,7800000000001";"612,0";"AWCPPO+BookmanOldStyle";"12,0";"203,53";"306,0";"0,16743464052287582";"0,2455065359477124";"0,17411764705882354";"False";"BATANG TUBUH";"PASAL 2"
"17";"7. Sekretaris Daerah OJ 1.000.000,00";"113,85";"543,614";"400,7800000000001";"412,7800000000001";"612,0";"AWCPPO+BookmanOldStyle";"12,0";"328,732";"306,0";"0,03714379084967325";"0,18602941176470586";"0,7022287581699347";"False";"BATANG TUBUH";"PASAL 2"
"17";"8. Pejabat Eselon II b Kabupaten/Kota OJ 900.000,00";"113,85";"543,606";"421,80000000000007";"433,8";"612,0";"AWCPPO+BookmanOldStyle";"11,999999999999943";"328,728";"306,0";"0,0371372549019608";"0,18602941176470586";"0,7022156862745098";"False";"BATANG TUBUH";"PASAL 2"
"17";"9. Pejabat Eselon III kebawah/yang";"113,85";"366,752";"442,8";"454,8";"612,0";"AWCPPO+BookmanOldStyle";"12,0";"240,301";"306,0";"0,1073513071895425";"0,18602941176470586";"0,4132385620915033";"False";"BATANG TUBUH";"PASAL 2"
"17";"OJ 800.000,00";"405,53";"543,606";"453,2";"465,2";"612,0";"AWCPPO+BookmanOldStyle";"12,0";"474,568";"306,0";"0,275437908496732";"0,6626307189542483";"0,22561437908496734";"True";"BATANG TUBUH";"PASAL 2"
"17";"disetarakan";"150,25";"219,718";"463,4";"475,4";"612,0";"AWCPPO+BookmanOldStyle";"12,0";"184,98399999999998";"306,0";"0,1977385620915033";"0,2455065359477124";"0,1135098039215686";"False";"BATANG TUBUH";"PASAL 2"
"17";"10. Staf/Pelaksana OJ 750.000,00";"110,05";"543,606";"484,4";"496,4";"612,0";"AWCPPO+BookmanOldStyle";"12,0";"326,828";"306,0";"0,03403267973856205";"0,1798202614379085";"0,7084248366013072";"False";"BATANG TUBUH";"PASAL 2"
"17";"11. Narasumber Profesional (Pakar/";"110,05";"366,49";"505,4";"517,4";"612,0";"AWCPPO+BookmanOldStyle";"12,0";"238,27";"306,0";"0,11066993464052285";"0,1798202614379085";"0,41901960784313724";"False";"BATANG TUBUH";"PASAL 2"
"17";"Praktisi/Pembicara Khusus)";"150,25";"311,662";"526,0";"538,0";"612,0";"AWCPPO+BookmanOldStyle";"12,0";"230,956";"306,0";"0,12262091503267976";"0,2455065359477124";"0,26374509803921564";"False";"BATANG TUBUH";"PASAL 2"
"17";"Merupakan satuan biaya yang";"150,25";"366,61199999999997";"546,62";"558,62";"612,0";"AWCPPO+BookmanOldStyle";"12,0";"258,431";"306,0";"0,07772712418300656";"0,2455065359477124";"0,35353267973856206";"False";"BATANG TUBUH";"PASAL 2"
"17";"digunakan untuk kebutuhan";"150,25";"366,394";"567,23";"579,23";"612,0";"AWCPPO+BookmanOldStyle";"12,0";"258,322";"306,0";"0,07790522875816994";"0,2455065359477124";"0,3531764705882353";"False";"BATANG TUBUH";"PASAL 2"
"17";"honorarium narasumber pakar/";"150,25";"366,676";"587,62";"599,62";"612,0";"AWCPPO+BookmanOldStyle";"12,0";"258,46299999999997";"306,0";"0,07767483660130725";"0,2455065359477124";"0,35363725490196074";"False";"BATANG TUBUH";"PASAL 2"
"17";"praktisi/profesional dari luar";"150,25";"366,61";"608,23";"620,23";"612,0";"AWCPPO+BookmanOldStyle";"12,0";"258,43";"306,0";"0,07772875816993463";"0,2455065359477124";"0,3535294117647059";"False";"BATANG TUBUH";"PASAL 2"
"17";"Pemerintah Kabupaten Malang yang OJ 1.700.000,00";"150,25";"543,614";"628,8199999999999";"640,8199999999999";"612,0";"AWCPPO+BookmanOldStyle";"12,0";"346,932";"306,0";"0,0668823529411765";"0,2455065359477124";"0,6427516339869281";"False";"BATANG TUBUH";"PASAL 2"
"17";"mempunyai keahlian/profesionalisme";"150,25";"366,716";"649,22";"661,22";"612,0";"AWCPPO+BookmanOldStyle";"12,0";"258,483";"306,0";"0,07764215686274509";"0,2455065359477124";"0,35370261437908496";"False";"BATANG TUBUH";"PASAL 2"
"17";"dalam ilmu/bidang tertentu dalam";"150,25";"366,668";"669,8499999999999";"681,8499999999999";"612,0";"AWCPPO+BookmanOldStyle";"12,0";"258,459";"306,0";"0,0776813725490196";"0,2455065359477124";"0,353624183006536";"False";"BATANG TUBUH";"PASAL 2"
"17";"kegiatan seminar/rapat/sosialisasi/";"150,25";"366,49000000000007";"690,45";"702,45";"612,0";"AWCPPO+BookmanOldStyle";"12,0";"258,37";"306,0";"0,07782679738562091";"0,2455065359477124";"0,35333333333333344";"False";"BATANG TUBUH";"PASAL 2"
"17";"diseminasi/workshop/sarasehan/";"150,25";"352,244";"711,05";"723,11";"612,0";"AWCPPO+BookmanOldStyle";"12,0";"251,247";"306,0";"0,08946568627450978";"0,2455065359477124";"0,3300555555555556";"False";"BATANG TUBUH";"PASAL 2"
"17";"simposium/diklat/lokakarya/Focus";"150,25";"361,348";"731,45";"743,51";"612,0";"AWCPPO+BookmanOldStyle";"12,0";"255,799";"306,0";"0,08202777777777777";"0,2455065359477124";"0,3449313725490196";"False";"BATANG TUBUH";"PASAL 2"
"17";"Group Discussion/kegiatan sejenis.";"150,25";"356,15999999999997";"752,05";"764,11";"612,0";"BDJVSO+BookmanOldStyle-Italic";"12,0";"253,20499999999998";"306,0";"0,08626633986928108";"0,2455065359477124";"0,336454248366013";"False";"BATANG TUBUH";"PASAL 2"
"17";"12. Moderator OK 700.000,00";"110,05";"543,606";"773,05";"785,05";"612,0";"AWCPPO+BookmanOldStyle";"12,0";"326,828";"306,0";"0,03403267973856205";"0,1798202614379085";"0,7084248366013072";"False";"BATANG TUBUH";"PASAL 2"
"17";"13. Pembawa Acara/MC OK 400.000,00";"110,05";"543,606";"794,28";"806,28";"612,0";"AWCPPO+BookmanOldStyle";"12,0";"326,828";"306,0";"0,03403267973856205";"0,1798202614379085";"0,7084248366013072";"False";"BATANG TUBUH";"PASAL 2"
"17";"14. Pembawa Acara Profesional";"110,05";"366,50200000000007";"815,28";"827,28";"612,0";"AWCPPO+BookmanOldStyle";"12,0";"238,27600000000004";"306,0";"0,11066013071895418";"0,1798202614379085";"0,4190392156862746";"False";"BATANG TUBUH";"PASAL 2"
"17";"(Praktisi) dari luar Pemerintah OK 2.000.000,00";"150,25";"543,614";"835,875";"847,875";"612,0";"AWCPPO+BookmanOldStyle";"12,0";"346,932";"306,0";"0,0668823529411765";"0,2455065359477124";"0,6427516339869281";"False";"BATANG TUBUH";"PASAL 2"
"17";"Kabupaten Malang";"150,25";"261,442";"856,275";"868,275";"612,0";"AWCPPO+BookmanOldStyle";"12,0";"205,846";"306,0";"0,16365032679738561";"0,2455065359477124";"0,18168627450980393";"False";"BATANG TUBUH";"PASAL 2"
"18";"10";"298,7";"313,53999999999996";"37,90000000000009";"49,90000000000009";"612,0";"AWCPPO+BookmanOldStyle";"12,0";"306,12";"306,0";"0,00019607843137255644";"0,4880718954248366";"0,024248366013071853";"False";"BATANG TUBUH";"PASAL 2"
"18";"BESARAN";"473,15";"533,822";"65,50600000000009";"77,50600000000009";"612,0";"AWKBDA+BookmanOldStyle-Bold";"12,0";"503,486";"306,0";"0,3226895424836601";"0,7731209150326797";"0,09913725490196082";"True";"BATANG TUBUH";"PASAL 2"
"18";"NO. URAIAN SATUAN";"108,82";"439,796";"76,096";"89,096";"612,0";"AWKBDA+BookmanOldStyle-Bold";"12,0";"274,308";"306,0";"0,05178431372549021";"0,17781045751633986";"0,5408104575163398";"True";"BATANG TUBUH";"PASAL 2"
"18";"(Rp)";"491,18";"515,82";"86,70600000000002";"98,70600000000002";"612,0";"AWKBDA+BookmanOldStyle-Bold";"12,0";"503,5";"306,0";"0,3227124183006536";"0,8025816993464052";"0,0402614379084968";"False";"BATANG TUBUH";"PASAL 2"
"18";"15. Moderator Profesional (Pakar/";"110,05";"366,526";"108,32000000000005";"120,32000000000005";"612,0";"AWCPPO+BookmanOldStyle";"12,0";"238,288";"306,0";"0,11064052287581698";"0,1798202614379085";"0,419078431372549";"False";"BATANG TUBUH";"PASAL 2"
"18";"Praktisi/Pembicara Khusus) dari luar OK 1.000.000,00";"150,25";"543,614";"130,12";"142,12";"612,0";"AWCPPO+BookmanOldStyle";"12,0";"346,932";"306,0";"0,0668823529411765";"0,2455065359477124";"0,6427516339869281";"False";"BATANG TUBUH";"PASAL 2"
"18";"Pemerintah Kabupaten Malang";"150,25";"332,602";"152,12";"164,12";"612,0";"AWCPPO+BookmanOldStyle";"12,0";"241,426";"306,0";"0,10551307189542486";"0,2455065359477124";"0,29796078431372547";"False";"BATANG TUBUH";"PASAL 2"
"18";"16. Kepala Desa (BK – Provinsi) Orang/Kali 300.000,00";"110,05";"543,606";"174,35000000000002";"188,35000000000002";"612,0";"AWCPPO+BookmanOldStyle";"12,0";"326,828";"306,0";"0,03403267973856205";"0,1798202614379085";"0,7084248366013072";"False";"BATANG TUBUH";"PASAL 2"
"18";"17. Sekretaris Desa (BK – Provinsi) Orang/Kali 275.000,00";"110,05";"543,606";"197,95000000000005";"209,95000000000005";"612,0";"AWCPPO+BookmanOldStyle";"12,0";"326,828";"306,0";"0,03403267973856205";"0,1798202614379085";"0,7084248366013072";"False";"BATANG TUBUH";"PASAL 2"
"18";"18. Kepala Seksi, Kepala Urusan, dan Orang/Kali 250.000,00";"110,05";"543,606";"219,55000000000007";"233,55000000000007";"612,0";"AWCPPO+BookmanOldStyle";"12,0";"326,828";"306,0";"0,03403267973856205";"0,1798202614379085";"0,7084248366013072";"False";"BATANG TUBUH";"PASAL 2"
"18";"Kepala Dusun (BK – Provinsi)";"148,45";"321,47200000000004";"242,75";"254,75";"612,0";"AWCPPO+BookmanOldStyle";"12,0";"234,961";"306,0";"0,11607679738562089";"0,24256535947712415";"0,2827156862745099";"False";"BATANG TUBUH";"PASAL 2"
"18";"19. Unsur Staf Desa (BK – Provinsi) Orang/Kali 200.000,00";"110,05";"543,606";"264,35";"278,35";"612,0";"AWCPPO+BookmanOldStyle";"12,0";"326,828";"306,0";"0,03403267973856205";"0,1798202614379085";"0,7084248366013072";"False";"BATANG TUBUH";"PASAL 2"
"18";"Keterangan:";"99,225";"170,205";"297,38";"309,38";"612,0";"AWCPPO+BookmanOldStyle";"12,0";"134,715";"306,0";"0,27987745098039213";"0,16213235294117645";"0,11598039215686277";"False";"BATANG TUBUH";"PASAL 2"
"18";"1. Untuk kegiatan yang dilaksanakan di dalam kota dan dibiayai";"99,225";"554,8379999999999";"319,37";"331,37";"612,0";"AWCPPO+BookmanOldStyle";"12,0";"327,03149999999994";"306,0";"0,03436519607843127";"0,16213235294117645";"0,7444656862745095";"False";"BATANG TUBUH";"PASAL 2"
"18";"seluruhnya oleh Satuan Kerja Perangkat Daerah penyelenggara, maka";"120,45";"555,234";"341,1700000000001";"353,1700000000001";"612,0";"AWCPPO+BookmanOldStyle";"12,0";"337,84200000000004";"306,0";"0,05202941176470595";"0,19681372549019607";"0,7104313725490197";"False";"BATANG TUBUH";"PASAL 2"
"18";"sepanjang tidak terjadi pembebanan anggaran yang ganda dengan";"120,45";"554,946";"362,98";"374,98";"612,0";"AWCPPO+BookmanOldStyle";"12,0";"337,69800000000004";"306,0";"0,05179411764705888";"0,19681372549019607";"0,7099607843137256";"False";"BATANG TUBUH";"PASAL 2"
"18";"Satuan Kerja Perangkat Daerah/instansi dari moderator/narasumber";"120,45";"554,996";"384,7700000000001";"396,7700000000001";"612,0";"AWCPPO+BookmanOldStyle";"12,0";"337,723";"306,0";"0,05183496732026146";"0,19681372549019607";"0,7100424836601307";"False";"BATANG TUBUH";"PASAL 2"
"18";"berasal, kepada moderator/ narasumber dapat diberikan biaya";"120,45";"555,0840000000001";"406,57000000000005";"418,57000000000005";"612,0";"AWCPPO+BookmanOldStyle";"12,0";"337,76700000000005";"306,0";"0,05190686274509813";"0,19681372549019607";"0,710186274509804";"False";"BATANG TUBUH";"PASAL 2"
"18";"perjalanan dinas, yang meliputi:";"120,45";"310,77";"428,4";"440,4";"612,0";"AWCPPO+BookmanOldStyle";"12,0";"215,60999999999999";"306,0";"0,14769607843137258";"0,19681372549019607";"0,31098039215686274";"False";"BATANG TUBUH";"PASAL 2"
"18";"a. Biaya transportasi moderator dan/atau narasumber baik yang";"120,45";"554,9099999999999";"450,4";"462,4";"612,0";"AWCPPO+BookmanOldStyle";"12,0";"337,67999999999995";"306,0";"0,05176470588235286";"0,19681372549019607";"0,7099019607843136";"False";"BATANG TUBUH";"PASAL 2"
"18";"berasal dari dalam kota maupun dari luar kota;";"141,65";"422,84599999999995";"472,2";"484,2";"612,0";"AWCPPO+BookmanOldStyle";"12,0";"282,248";"306,0";"0,03881045751633989";"0,23145424836601308";"0,45947058823529396";"False";"BATANG TUBUH";"PASAL 2"
"18";"b. Uang harian dan/atau biaya penginapan moderator dan/atau";"120,45";"554,7899999999998";"494,0";"506,0";"612,0";"AWCPPO+BookmanOldStyle";"12,0";"337,61999999999995";"306,0";"0,05166666666666658";"0,19681372549019607";"0,709705882352941";"False";"BATANG TUBUH";"PASAL 2"
"18";"narasumber yang mengalami kesulitan transportasi.";"141,65";"451,214";"515,8";"527,8";"612,0";"AWCPPO+BookmanOldStyle";"12,0";"296,432";"306,0";"0,015633986928104547";"0,23145424836601308";"0,5058235294117647";"False";"BATANG TUBUH";"PASAL 2"
"18";"Besaran nilai biaya paket meeting, uang transportasi, uang saku, dan";"120,45";"555,278";"537,5999999999999";"549,66";"612,0";"AWCPPO+BookmanOldStyle";"12,0";"337,86400000000003";"306,0";"0,052065359477124235";"0,19681372549019607";"0,7105032679738562";"False";"BATANG TUBUH";"PASAL 2"
"18";"uang harian mengikuti ketentuan yang mengatur mengenai standar";"120,45";"555,402";"559,4200000000001";"571,4200000000001";"612,0";"AWCPPO+BookmanOldStyle";"12,0";"337,92600000000004";"306,0";"0,052166666666666736";"0,19681372549019607";"0,7107058823529413";"False";"BATANG TUBUH";"PASAL 2"
"18";"biaya tahun berkenaan.";"120,45";"261,366";"581,4200000000001";"593,4200000000001";"612,0";"AWCPPO+BookmanOldStyle";"12,0";"190,908";"306,0";"0,18805882352941178";"0,19681372549019607";"0,2302549019607843";"False";"BATANG TUBUH";"PASAL 2"
"18";"2. Untuk kegiatan yang dilaksanakan di luar kota dan dibiayai seluruhnya";"99,225";"554,922";"603,23";"615,23";"612,0";"AWCPPO+BookmanOldStyle";"12,0";"327,0735";"306,0";"0,0344338235294118";"0,16213235294117645";"0,7446029411764706";"False";"BATANG TUBUH";"PASAL 2"
"18";"oleh Satuan Kerja Perangkat Daerah penyelenggara, maka sepanjang";"120,45";"555,436";"625,02";"637,02";"612,0";"AWCPPO+BookmanOldStyle";"12,0";"337,94300000000004";"306,0";"0,05219444444444451";"0,19681372549019607";"0,7107614379084968";"False";"BATANG TUBUH";"PASAL 2"
"18";"tidak terjadi pembebanan anggaran yang ganda dengan Satuan Kerja";"120,45";"555,13";"646,8199999999999";"658,8199999999999";"612,0";"AWCPPO+BookmanOldStyle";"12,0";"337,79";"306,0";"0,05194444444444448";"0,19681372549019607";"0,7102614379084967";"False";"BATANG TUBUH";"PASAL 2"
"18";"Perangkat Daerah/instansi moderator/narasumber berasal, kepada";"120,45";"554,8059999999999";"668,65";"680,65";"612,0";"AWCPPO+BookmanOldStyle";"12,0";"337,628";"306,0";"0,05167973856209148";"0,19681372549019607";"0,7097320261437907";"False";"BATANG TUBUH";"PASAL 2"
"18";"moderator/ narasumber dapat diberikan biaya perjalanan dinas,";"120,45";"555,0279999999999";"690,45";"702,45";"612,0";"AWCPPO+BookmanOldStyle";"12,0";"337,739";"306,0";"0,05186111111111107";"0,19681372549019607";"0,71009477124183";"False";"BATANG TUBUH";"PASAL 2"
"18";"meliputi:";"120,45";"172,662";"712,45";"724,45";"612,0";"AWCPPO+BookmanOldStyle";"12,0";"146,556";"306,0";"0,26052941176470584";"0,19681372549019607";"0,08531372549019609";"False";"BATANG TUBUH";"PASAL 2"
"18";"a. Biaya transportasi moderator dan/atau narasumber baik yang";"120,45";"554,9099999999999";"734,25";"746,25";"612,0";"AWCPPO+BookmanOldStyle";"12,0";"337,67999999999995";"306,0";"0,05176470588235286";"0,19681372549019607";"0,7099019607843136";"False";"BATANG TUBUH";"PASAL 2"
"18";"berasal dari dalam kota maupun dari luar kota;";"141,65";"423,19";"756,05";"768,05";"612,0";"AWCPPO+BookmanOldStyle";"12,0";"282,42";"306,0";"0,038529411764705854";"0,23145424836601308";"0,46003267973856204";"False";"BATANG TUBUH";"PASAL 2"
"18";"b. Uang harian dan/atau biaya penginapan moderator dan/atau";"120,45";"554,7899999999998";"777,85";"789,85";"612,0";"AWCPPO+BookmanOldStyle";"12,0";"337,61999999999995";"306,0";"0,05166666666666658";"0,19681372549019607";"0,709705882352941";"False";"BATANG TUBUH";"PASAL 2"
"18";"narasumber yang mengalami kesulitan transportasi.";"141,65";"451,59";"799,67";"811,67";"612,0";"AWCPPO+BookmanOldStyle";"12,000000000000014";"296,62";"306,0";"0,015326797385620908";"0,23145424836601308";"0,506437908496732";"False";"BATANG TUBUH";"PASAL 2"
"18";"Besaran nilai biaya paket meeting, uang transportasi, uang saku, dan";"120,45";"555,278";"821,48";"833,54";"612,0";"AWCPPO+BookmanOldStyle";"12,0";"337,86400000000003";"306,0";"0,052065359477124235";"0,19681372549019607";"0,7105032679738562";"False";"BATANG TUBUH";"PASAL 2"
"18";"uang harian mengikuti ketentuan yang mengatur mengenai standar";"120,45";"555,402";"843,475";"855,475";"612,0";"AWCPPO+BookmanOldStyle";"12,0";"337,92600000000004";"306,0";"0,052166666666666736";"0,19681372549019607";"0,7107058823529413";"False";"BATANG TUBUH";"PASAL 2"
"18";"biaya tahun berkenaan.";"120,45";"261,52";"865,275";"877,275";"612,0";"AWCPPO+BookmanOldStyle";"12,0";"190,98499999999999";"306,0";"0,18793300653594774";"0,19681372549019607";"0,23050653594771242";"False";"BATANG TUBUH";"PASAL 2"
"19";"11";"298,7";"313,53999999999996";"37,90000000000009";"49,90000000000009";"612,0";"AWCPPO+BookmanOldStyle";"12,0";"306,12";"306,0";"0,00019607843137255644";"0,4880718954248366";"0,024248366013071853";"False";"BATANG TUBUH";"PASAL 2"
"19";"4. Honorarium Penyuluh Non Aparatur Sipil Negara";"78,025";"388,93799999999993";"65,12";"77,12";"612,0";"AWCPPO+BookmanOldStyle";"12,0";"233,48149999999998";"306,0";"0,11849428104575166";"0,1274918300653595";"0,5080277777777776";"False";"BATANG TUBUH";"PASAL 2"
"19";"Honorarium penyuluhan atau pendampingan diberikan sebagai pengganti";"99,225";"554,7810000000001";"84,12";"96,12";"612,0";"AWCPPO+BookmanOldStyle";"12,0";"327,00300000000004";"306,0";"0,03431862745098046";"0,16213235294117645";"0,7443725490196079";"False";"BATANG TUBUH";"PASAL 2"
"19";"upah kerja kepada Non Aparatur Sipil Negara yang diangkat untuk";"99,225";"555,033";"103,12";"115,12";"612,0";"AWCPPO+BookmanOldStyle";"12,0";"327,129";"306,0";"0,0345245098039216";"0,16213235294117645";"0,7447843137254901";"False";"BATANG TUBUH";"PASAL 2"
"19";"melakukan penyuluhan atau pendampingan berdasarkan surat keputusan";"99,225";"554,8889999999999";"122,12";"134,12";"612,0";"AWCPPO+BookmanOldStyle";"12,0";"327,05699999999996";"306,0";"0,03440686274509797";"0,16213235294117645";"0,7445490196078429";"False";"BATANG TUBUH";"PASAL 2"
"19";"pejabat yang berwenang. Honorarium Penyuluh Non Aparatur Sipil Negara";"99,225";"554,7159999999999";"141,12";"153,12";"612,0";"AWCPPO+BookmanOldStyle";"12,0";"326,97049999999996";"306,0";"0,034265522875816926";"0,16213235294117645";"0,7442663398692808";"False";"BATANG TUBUH";"PASAL 2"
"19";"terdapat pada Tabel A.5 sebagai berikut:";"99,225";"341,45599999999996";"160,096";"172,12";"612,0";"AWCPPO+BookmanOldStyle";"12,0";"220,34049999999996";"306,0";"0,1399665032679739";"0,16213235294117645";"0,3958022875816993";"False";"BATANG TUBUH";"PASAL 2"
"19";"Tabel A.5";"298,1";"356,18";"179,1260000000001";"191,1260000000001";"612,0";"AWKBDA+BookmanOldStyle-Bold";"12,0";"327,14";"306,0";"0,0345424836601307";"0,4870915032679739";"0,0949019607843137";"False";"BATANG TUBUH";"PASAL 2"
"19";"BESARAN";"469,15";"529,822";"200,726";"212,726";"612,0";"AWKBDA+BookmanOldStyle-Bold";"12,0";"499,486";"306,0";"0,31615359477124183";"0,7665849673202614";"0,09913725490196082";"True";"BATANG TUBUH";"PASAL 2"
"19";"NO. URAIAN SATUAN";"108,82";"429,196";"211,32600000000002";"223,32600000000002";"612,0";"AWKBDA+BookmanOldStyle-Bold";"12,0";"269,00800000000004";"306,0";"0,060444444444444384";"0,17781045751633986";"0,5234901960784314";"True";"BATANG TUBUH";"PASAL 2"
"19";"(Rp)";"487,17";"511,81";"221,726";"233,726";"612,0";"AWKBDA+BookmanOldStyle-Bold";"12,0";"499,49";"306,0";"0,31616013071895427";"0,7960294117647059";"0,04026143790849671";"False";"BATANG TUBUH";"PASAL 2"
"19";"1. SLTA OB 2.100.000,00";"115,85";"543,8140000000001";"243,35000000000002";"255,35000000000002";"612,0";"AWCPPO+BookmanOldStyle";"12,0";"329,83200000000005";"306,0";"0,03894117647058832";"0,18929738562091503";"0,6992875816993465";"True";"BATANG TUBUH";"PASAL 2"
"19";"2. DI/DII/DIII/Sarjana Terapan OB 2.400.000,00";"115,85";"543,8140000000001";"264,75";"276,75";"612,0";"AWCPPO+BookmanOldStyle";"12,0";"329,83200000000005";"306,0";"0,03894117647058832";"0,18929738562091503";"0,6992875816993465";"False";"BATANG TUBUH";"PASAL 2"
"19";"3. Sarjana (S1) OB 2.600.000,00";"115,85";"543,8140000000001";"286,35";"298,35";"612,0";"AWCPPO+BookmanOldStyle";"12,0";"329,83200000000005";"306,0";"0,03894117647058832";"0,18929738562091503";"0,6992875816993465";"False";"BATANG TUBUH";"PASAL 2"
"19";"4. Magister (S2) OB 2.800.000,00";"115,85";"543,8140000000001";"307,7800000000001";"319,7800000000001";"612,0";"AWCPPO+BookmanOldStyle";"12,0";"329,83200000000005";"306,0";"0,03894117647058832";"0,18929738562091503";"0,6992875816993465";"False";"BATANG TUBUH";"PASAL 2"
"19";"5. Doktor (S3) OB 3.000.000,00";"115,85";"543,8140000000001";"329,37";"341,37";"612,0";"AWCPPO+BookmanOldStyle";"12,0";"329,83200000000005";"306,0";"0,03894117647058832";"0,18929738562091503";"0,6992875816993465";"False";"BATANG TUBUH";"PASAL 2"
"19";"5. Honorarium Penceramah/Pengajar";"77,825";"304,9649999999999";"367,98";"379,98";"612,0";"AWCPPO+BookmanOldStyle";"12,0";"191,39499999999995";"306,0";"0,1872630718954249";"0,12716503267973855";"0,3711437908496731";"False";"BATANG TUBUH";"PASAL 2"
"19";"Honorarium Penceramah/Pengajar yang berkaitan dengan Penyelenggaraan";"99,225";"554,9129999999999";"386,98";"398,98";"612,0";"AWCPPO+BookmanOldStyle";"12,0";"327,06899999999996";"306,0";"0,03442647058823523";"0,16213235294117645";"0,7445882352941174";"False";"BATANG TUBUH";"PASAL 2"
"19";"Pendidikan dan Pelatihan honorarium ditetapkan setinggi-tingginya";"99,225";"555,2900000000001";"405,98";"417,98";"612,0";"AWCPPO+BookmanOldStyle";"12,0";"327,25750000000005";"306,0";"0,03473447712418309";"0,16213235294117645";"0,7452042483660132";"False";"BATANG TUBUH";"PASAL 2"
"19";"sebagai berikut:";"99,225";"193,52";"425,0";"437,0";"612,0";"AWCPPO+BookmanOldStyle";"12,0";"146,3725";"306,0";"0,26082924836601307";"0,16213235294117645";"0,15407679738562094";"False";"BATANG TUBUH";"PASAL 2"
"19";"a. Honorarium Penceramah";"99,225";"268,074";"444,0";"456,0";"612,0";"AWCPPO+BookmanOldStyle";"12,0";"183,6495";"306,0";"0,19991911764705883";"0,16213235294117645";"0,27589705882352944";"False";"BATANG TUBUH";"PASAL 2"
"19";"1) Berasal dari luar Satuan Kerja Perangkat Daerah penyelenggara atau";"120,45";"555,198";"463,0";"475,0";"612,0";"AWCPPO+BookmanOldStyle";"12,0";"337,824";"306,0";"0,05200000000000002";"0,19681372549019607";"0,7103725490196078";"False";"BATANG TUBUH";"PASAL 2"
"19";"masyarakat;";"141,65";"214,406";"482,0";"494,0";"612,0";"AWCPPO+BookmanOldStyle";"12,0";"178,02800000000002";"306,0";"0,20910457516339867";"0,23145424836601308";"0,11888235294117647";"False";"BATANG TUBUH";"PASAL 2"
"19";"2) Berasal dari dalam Satuan Kerja Perangkat Daerah penyelenggara";"120,45";"555,274";"501,0";"513,0";"612,0";"AWCPPO+BookmanOldStyle";"12,0";"337,862";"306,0";"0,05206209150326801";"0,19681372549019607";"0,7104967320261438";"False";"BATANG TUBUH";"PASAL 2"
"19";"sepanjang peserta pendidikan dan pelatihan yang menjadi sasaran";"141,65";"555,0400000000001";"520,0";"532,0";"612,0";"AWCPPO+BookmanOldStyle";"12,0";"348,345";"306,0";"0,06919117647058828";"0,23145424836601308";"0,6754738562091505";"False";"BATANG TUBUH";"PASAL 2"
"19";"utama kegiatan berasal dari luar PD penyelenggara dan/atau";"141,65";"555,158";"539,0";"551,0";"612,0";"AWCPPO+BookmanOldStyle";"12,0";"348,404";"306,0";"0,0692875816993464";"0,23145424836601308";"0,6756666666666667";"False";"BATANG TUBUH";"PASAL 2"
"19";"masyarakat; atau";"141,65";"244,886";"558,03";"570,03";"612,0";"AWCPPO+BookmanOldStyle";"12,0";"193,268";"306,0";"0,18420261437908497";"0,23145424836601308";"0,16868627450980392";"False";"BATANG TUBUH";"PASAL 2"
"19";"3) Dalam hal penceramah tersebut berasal dari Satuan Kerja Perangkat";"120,45";"555,25";"577,22";"589,22";"612,0";"AWCPPO+BookmanOldStyle";"12,0";"337,85";"306,0";"0,052042483660130756";"0,19681372549019607";"0,7104575163398693";"False";"BATANG TUBUH";"PASAL 2"
"19";"Daerah penyelenggara maka diberikan honorarium sebesar 50%";"141,65";"555,1120000000001";"596,23";"608,23";"612,0";"AWCPPO+BookmanOldStyle";"12,0";"348,38100000000003";"306,0";"0,06925000000000005";"0,23145424836601308";"0,675591503267974";"False";"BATANG TUBUH";"PASAL 2"
"19";"(lima puluh persen) dari honorarium penceramah.";"141,65";"437,3419999999999";"615,23";"627,23";"612,0";"AWCPPO+BookmanOldStyle";"12,0";"289,496";"306,0";"0,02696732026143794";"0,23145424836601308";"0,4831568627450979";"False";"BATANG TUBUH";"PASAL 2"
"19";"b. Honorarium Pengajar yang berasal dari luar Satuan Kerja Perangkat";"99,225";"555,28";"634,23";"646,23";"612,0";"AWCPPO+BookmanOldStyle";"12,0";"327,2525";"306,0";"0,03472630718954248";"0,16213235294117645";"0,745187908496732";"False";"BATANG TUBUH";"PASAL 2"
"19";"Daerah penyelenggara";"120,45";"251,38199999999998";"653,23";"665,23";"612,0";"AWCPPO+BookmanOldStyle";"12,0";"185,916";"306,0";"0,1962156862745098";"0,19681372549019607";"0,21394117647058816";"False";"BATANG TUBUH";"PASAL 2"
"19";"Honorarium dapat diberikan kepada pengajar yang berasal dari luar";"120,45";"554,9339999999997";"672,25";"684,25";"612,0";"AWCPPO+BookmanOldStyle";"12,0";"337,6919999999999";"306,0";"0,05178431372549002";"0,19681372549019607";"0,7099411764705879";"False";"BATANG TUBUH";"PASAL 2"
"19";"Satuan Kerja Perangkat Daerah penyelenggara sepanjang kebutuhan";"120,45";"555,252";"691,25";"703,25";"612,0";"AWCPPO+BookmanOldStyle";"12,0";"337,851";"306,0";"0,052044117647058824";"0,19681372549019607";"0,7104607843137254";"False";"BATANG TUBUH";"PASAL 2"
"19";"pengajar tidak terpenuhi dari Satuan Kerja Perangkat Daerah";"120,45";"555,258";"710,25";"722,25";"612,0";"AWCPPO+BookmanOldStyle";"12,0";"337,85400000000004";"306,0";"0,05204901960784321";"0,19681372549019607";"0,7104705882352942";"False";"BATANG TUBUH";"PASAL 2"
"19";"penyelenggara.";"120,45";"208,32";"729,25";"741,25";"612,0";"AWCPPO+BookmanOldStyle";"12,0";"164,385";"306,0";"0,23139705882352943";"0,19681372549019607";"0,143578431372549";"False";"BATANG TUBUH";"PASAL 2"
"19";"c. Honorarium Pengajar yang berasal dari dalam Satuan Kerja Perangkat";"99,225";"555,304";"748,25";"760,25";"612,0";"AWCPPO+BookmanOldStyle";"12,0";"327,2645";"306,0";"0,034745915032679736";"0,16213235294117645";"0,7452271241830064";"False";"BATANG TUBUH";"PASAL 2"
"19";"Daerah penyelenggara";"120,45";"251,38199999999998";"767,25";"779,25";"612,0";"AWCPPO+BookmanOldStyle";"12,0";"185,916";"306,0";"0,1962156862745098";"0,19681372549019607";"0,21394117647058816";"False";"BATANG TUBUH";"PASAL 2"
"19";"Honorarium dapat diberikan kepada pengajar yang berasal dari";"120,45";"554,8619999999999";"786,28";"798,28";"612,0";"AWCPPO+BookmanOldStyle";"12,0";"337,65599999999995";"306,0";"0,05172549019607835";"0,19681372549019607";"0,7098235294117645";"False";"BATANG TUBUH";"PASAL 2"
"19";"dalam Satuan Kerja Perangkat Daerah penyelenggara, baik widyaiswara";"120,45";"555,108";"805,27";"817,27";"612,0";"AWCPPO+BookmanOldStyle";"12,000000000000014";"337,779";"306,0";"0,05192647058823529";"0,19681372549019607";"0,7102254901960784";"False";"BATANG TUBUH";"PASAL 2"
"19";"maupun pegawai lainnya. Bagi widyaiswara, honorarium diberikan atas";"120,45";"554,814";"824,48";"836,48";"612,0";"AWCPPO+BookmanOldStyle";"12,0";"337,632";"306,0";"0,05168627450980393";"0,19681372549019607";"0,7097450980392156";"False";"BATANG TUBUH";"PASAL 2"
"19";"kelebihan jumlah minimal jam tatap muka. Ketentuan jumlah minimal";"120,45";"554,968";"843,475";"855,475";"612,0";"AWCPPO+BookmanOldStyle";"12,0";"337,709";"306,0";"0,05181209150326798";"0,19681372549019607";"0,7099967320261438";"False";"BATANG TUBUH";"PASAL 2"
"19";"tatap muka sesuai dengan ketentuan peraturan perundang-undangan.";"120,45";"539,4200000000001";"862,475";"874,475";"612,0";"AWCPPO+BookmanOldStyle";"12,0";"329,93500000000006";"306,0";"0,039109477124183105";"0,19681372549019607";"0,684591503267974";"False";"BATANG TUBUH";"PASAL 2"
"20";"12";"298,7";"313,53999999999996";"37,90000000000009";"49,90000000000009";"612,0";"AWCPPO+BookmanOldStyle";"12,0";"306,12";"306,0";"0,00019607843137255644";"0,4880718954248366";"0,024248366013071853";"False";"BATANG TUBUH";"PASAL 2"
"20";"Honorarium Penceramah/Pengajar terdapat pada Tabel A.6 sebagai berikut:";"99,225";"551,318";"65,096";"77,12";"612,0";"AWCPPO+BookmanOldStyle";"12,0";"325,2715";"306,0";"0,03148937908496732";"0,16213235294117645";"0,7387140522875817";"False";"BATANG TUBUH";"PASAL 2"
"20";"Tabel A.6";"298,1";"356,18";"86,29600000000005";"98,29600000000005";"612,0";"AWKBDA+BookmanOldStyle-Bold";"12,0";"327,14";"306,0";"0,0345424836601307";"0,4870915032679739";"0,0949019607843137";"False";"BATANG TUBUH";"PASAL 2"
"20";"BESARAN";"472,55";"533,222";"107,89600000000007";"119,89600000000007";"612,0";"AWKBDA+BookmanOldStyle-Bold";"12,0";"502,88599999999997";"306,0";"0,3217091503267973";"0,772140522875817";"0,09913725490196074";"True";"BATANG TUBUH";"PASAL 2"
"20";"NO. URAIAN SATUAN";"105,02";"444,406";"116,89600000000007";"128,89600000000007";"612,0";"AWKBDA+BookmanOldStyle-Bold";"12,0";"274,713";"306,0";"0,051122549019607805";"0,17160130718954247";"0,5545522875816994";"True";"BATANG TUBUH";"PASAL 2"
"20";"(Rp)";"490,58";"515,22";"126,096";"138,096";"612,0";"AWKBDA+BookmanOldStyle-Bold";"12,0";"502,9";"306,0";"0,3217320261437908";"0,8016013071895425";"0,0402614379084968";"False";"BATANG TUBUH";"PASAL 2"
"20";"1. Honorarium Penceramah:";"112,25";"294,58599999999996";"147,92000000000007";"159,92000000000007";"612,0";"AWCPPO+BookmanOldStyle";"12,0";"203,41799999999998";"306,0";"0,16761764705882357";"0,18341503267973855";"0,29793464052287577";"False";"BATANG TUBUH";"PASAL 2"
"20";"a. S1 OJP 250.000,00";"143,05";"543,61";"169,73000000000002";"181,73000000000002";"612,0";"AWCPPO+BookmanOldStyle";"12,0";"343,33000000000004";"306,0";"0,060996732026143856";"0,2337418300653595";"0,6545098039215687";"False";"BATANG TUBUH";"PASAL 2"
"20";"b. S2 OJP 500.000,00";"143,05";"543,62";"191,55000000000007";"203,55000000000007";"612,0";"AWCPPO+BookmanOldStyle";"12,0";"343,33500000000004";"306,0";"0,061004901960784376";"0,2337418300653595";"0,6545261437908496";"False";"BATANG TUBUH";"PASAL 2"
"20";"c. S3 OJP 750.000,00";"143,05";"543,6200000000001";"213,35000000000002";"225,35000000000002";"612,0";"AWCPPO+BookmanOldStyle";"12,0";"343,33500000000004";"306,0";"0,061004901960784376";"0,2337418300653595";"0,6545261437908498";"False";"BATANG TUBUH";"PASAL 2"
"20";"d. Profesor OJP 1.000.000,00";"143,05";"543,6200000000001";"235,35000000000002";"247,35000000000002";"612,0";"AWCPPO+BookmanOldStyle";"12,0";"343,33500000000004";"306,0";"0,061004901960784376";"0,2337418300653595";"0,6545261437908498";"False";"BATANG TUBUH";"PASAL 2"
"20";"2. Honorarium Pengajar yang berasal OJP 300.000,00";"112,25";"543,62";"257,1500000000001";"269,1500000000001";"612,0";"AWCPPO+BookmanOldStyle";"12,0";"327,935";"306,0";"0,03584150326797386";"0,18341503267973855";"0,7048529411764706";"False";"BATANG TUBUH";"PASAL 2"
"20";"dari luar SKPD penyelenggara";"143,05";"319,33";"275,35";"287,35";"612,0";"AWCPPO+BookmanOldStyle";"12,0";"231,19";"306,0";"0,12223856209150327";"0,2337418300653595";"0,28803921568627444";"False";"BATANG TUBUH";"PASAL 2"
"20";"3. Honorarium Pengajar yang berasal OJP 200.000,00";"112,25";"543,61";"297,1700000000001";"309,1700000000001";"612,0";"AWCPPO+BookmanOldStyle";"12,0";"327,93";"306,0";"0,03583333333333334";"0,18341503267973855";"0,7048366013071896";"False";"BATANG TUBUH";"PASAL 2"
"20";"dari dalam SKPD penyelenggara";"143,05";"331,72599999999994";"315,57000000000005";"327,57000000000005";"612,0";"AWCPPO+BookmanOldStyle";"12,0";"237,38799999999998";"306,0";"0,11211111111111115";"0,2337418300653595";"0,3082941176470587";"False";"BATANG TUBUH";"PASAL 2"
"20";"6. Honorarium Penyusun atau Pembuat Bahan Ujian";"77,825";"397,089";"355,37";"367,37";"612,0";"AWCPPO+BookmanOldStyle";"12,0";"237,457";"306,0";"0,1119983660130719";"0,12716503267973855";"0,5216732026143791";"False";"BATANG TUBUH";"PASAL 2"
"20";"Honorarium Penyusun atau Pembuat Bahan Ujian ditetapkan setinggi-tingginya";"99,225";"555,542";"375,57000000000005";"387,57000000000005";"612,0";"AWCPPO+BookmanOldStyle";"12,0";"327,3835";"306,0";"0,034940359477124226";"0,16213235294117645";"0,7456160130718954";"False";"BATANG TUBUH";"PASAL 2"
"20";"Rp150.000,00 (seratus lima puluh ribu rupiah) per naskah/pelajaran.";"99,225";"500,21999999999997";"395,57000000000005";"407,57000000000005";"612,0";"AWCPPO+BookmanOldStyle";"12,0";"299,72249999999997";"306,0";"0,010257352941176523";"0,16213235294117645";"0,6552205882352942";"False";"BATANG TUBUH";"PASAL 2"
"20";"7. Honorarium Pengawas Ujian";"77,825";"267,405";"415,57000000000005";"427,57";"612,0";"AWCPPO+BookmanOldStyle";"11,999999999999943";"172,61499999999998";"306,0";"0,21794934640522878";"0,12716503267973855";"0,3097712418300653";"False";"BATANG TUBUH";"PASAL 2"
"20";"Honorarium Pengawas Ujian ditetapkan setinggi-tingginya Rp240.000,00";"99,225";"555,0920000000001";"435,59999999999997";"447,59999999999997";"612,0";"AWCPPO+BookmanOldStyle";"12,0";"327,15850000000006";"306,0";"0,034572712418300754";"0,16213235294117645";"0,7448807189542485";"False";"BATANG TUBUH";"PASAL 2"
"20";"(dua ratus empat puluh ribu rupiah) per orang/hari, dan pemeriksa hasil";"99,225";"555,35";"455,59999999999997";"467,59999999999997";"612,0";"AWCPPO+BookmanOldStyle";"12,0";"327,2875";"306,0";"0,03478349673202618";"0,16213235294117645";"0,7453022875816994";"False";"BATANG TUBUH";"PASAL 2"
"20";"ujian ditetapkan setinggi-tingginya Rp5.000,00 (lima ribu rupiah) per";"99,225";"555,468";"475,59999999999997";"487,59999999999997";"612,0";"AWCPPO+BookmanOldStyle";"12,0";"327,3465";"306,0";"0,0348799019607843";"0,16213235294117645";"0,7454950980392155";"False";"BATANG TUBUH";"PASAL 2"
"20";"siswa/mata ujian.";"99,225";"206,72";"495,59999999999997";"507,59999999999997";"612,0";"AWCPPO+BookmanOldStyle";"12,0";"152,9725";"306,0";"0,2500449346405229";"0,16213235294117645";"0,1756454248366013";"False";"BATANG TUBUH";"PASAL 2"
"20";"8. Honorarium Panitia Penyelenggaraan Kegiatan Pendidikan dan Pelatihan";"77,825";"528,6449999999999";"515,5999999999999";"527,5999999999999";"612,0";"AWCPPO+BookmanOldStyle";"12,0";"303,23499999999996";"306,0";"0,0045179738562092205";"0,12716503267973855";"0,7366339869281043";"False";"BATANG TUBUH";"PASAL 2"
"20";"Honorarium panitia penyelenggaraan kegiatan pendidikan dan pelatihan";"99,225";"554,949";"535,5999999999999";"547,5999999999999";"612,0";"AWCPPO+BookmanOldStyle";"12,0";"327,087";"306,0";"0,034455882352941156";"0,16213235294117645";"0,7446470588235293";"False";"BATANG TUBUH";"PASAL 2"
"20";"dapat diberikan kepada panitia penyelenggara pendidikan dan pelatihan";"99,225";"555,0089999999998";"555,62";"567,62";"612,0";"AWCPPO+BookmanOldStyle";"12,0";"327,1169999999999";"306,0";"0,03450490196078416";"0,16213235294117645";"0,7447450980392153";"False";"BATANG TUBUH";"PASAL 2"
"20";"yang melaksanakan fungsi tata usaha pendidikan dan pelatihan, evaluator,";"99,225";"555,442";"575,63";"587,63";"612,0";"AWCPPO+BookmanOldStyle";"12,0";"327,3335";"306,0";"0,03485866013071898";"0,16213235294117645";"0,7454526143790849";"False";"BATANG TUBUH";"PASAL 2"
"20";"dan fasilitator kunjungan serta hal lain yang menunjang penyelenggaraan";"99,225";"554,685";"595,62";"607,62";"612,0";"AWCPPO+BookmanOldStyle";"12,0";"326,955";"306,0";"0,034240196078431345";"0,16213235294117645";"0,7442156862745096";"False";"BATANG TUBUH";"PASAL 2"
"20";"pendidikan dan pelatihan berjalan dengan baik dengan ketentuan sebagai";"99,225";"555,356";"615,62";"627,62";"612,0";"AWCPPO+BookmanOldStyle";"12,0";"327,2905";"306,0";"0,034788398692810474";"0,16213235294117645";"0,7453120915032679";"False";"BATANG TUBUH";"PASAL 2"
"20";"berikut:";"99,225";"145,69";"635,62";"647,62";"612,0";"AWCPPO+BookmanOldStyle";"12,0";"122,4575";"306,0";"0,29990604575163404";"0,16213235294117645";"0,07592320261437908";"False";"BATANG TUBUH";"PASAL 2"
"20";"a. Merupakan tugas tambahan atau perangkapan fungsi bagi yang";"99,225";"555,232";"655,8199999999999";"667,8199999999999";"612,0";"AWCPPO+BookmanOldStyle";"12,0";"327,2285";"306,0";"0,034687091503267965";"0,16213235294117645";"0,745109477124183";"False";"BATANG TUBUH";"PASAL 2"
"20";"bersangkutan;";"120,45";"205,818";"675,85";"687,85";"612,0";"AWCPPO+BookmanOldStyle";"11,999999999999972";"163,13400000000001";"306,0";"0,2334411764705882";"0,19681372549019607";"0,13949019607843138";"False";"BATANG TUBUH";"PASAL 2"
"20";"b. Dilakukan secara selektif dengan mempertimbangkan urgensinya;";"99,225";"511,33";"695,85";"707,85";"612,0";"AWCPPO+BookmanOldStyle";"12,0";"305,2775";"306,0";"0,0011805555555555963";"0,16213235294117645";"0,673374183006536";"False";"BATANG TUBUH";"PASAL 2"
"20";"c. Jumlah peserta 40 (empat puluh) orang atau lebih, jumlah panitia yang";"99,225";"555,432";"715,85";"727,85";"612,0";"AWCPPO+BookmanOldStyle";"12,0";"327,3285";"306,0";"0,034850490196078464";"0,16213235294117645";"0,7454362745098039";"False";"BATANG TUBUH";"PASAL 2"
"20";"dapat diberikan honorarium paling tinggi 10% (sepuluh persen) dari";"120,45";"555,3539999999999";"735,85";"747,85";"612,0";"AWCPPO+BookmanOldStyle";"12,0";"337,902";"306,0";"0,052127450980392134";"0,19681372549019607";"0,710627450980392";"False";"BATANG TUBUH";"PASAL 2"
"20";"jumlah peserta dengan mempertimbangkan efisiensi dan efektivitas";"120,45";"555,392";"755,85";"767,85";"612,0";"AWCPPO+BookmanOldStyle";"12,0";"337,92100000000005";"306,0";"0,05215849673202622";"0,19681372549019607";"0,7106895424836602";"False";"BATANG TUBUH";"PASAL 2"
"20";"pelaksanaan;";"120,45";"199,026";"775,85";"787,85";"612,0";"AWCPPO+BookmanOldStyle";"12,0";"159,738";"306,0";"0,23899019607843136";"0,19681372549019607";"0,1283921568627451";"False";"BATANG TUBUH";"PASAL 2"
"20";"d. Jumlah peserta kurang dari 40 (empat puluh) orang, jumlah panitia";"99,225";"555,474";"795,87";"807,87";"612,0";"AWCPPO+BookmanOldStyle";"12,0";"327,34950000000003";"306,0";"0,03488480392156868";"0,16213235294117645";"0,7455049019607843";"False";"BATANG TUBUH";"PASAL 2"
"20";"yang dapat diberikan honorarium paling banyak 4 (empat) orang; dan";"120,45";"531,7019999999998";"815,87";"827,87";"612,0";"AWCPPO+BookmanOldStyle";"12,0";"326,0759999999999";"306,0";"0,0328039215686273";"0,19681372549019607";"0,6719803921568623";"False";"BATANG TUBUH";"PASAL 2"
"20";"e. Jam pelajaran yang digunakan untuk kegiatan penyelenggaraan";"99,225";"554,742";"835,875";"847,875";"612,0";"AWCPPO+BookmanOldStyle";"12,0";"326,9835";"306,0";"0,03428676470588234";"0,16213235294117645";"0,7443088235294116";"False";"BATANG TUBUH";"PASAL 2"
"20";"pendidikan dan pelatihan adalah 45 (empat puluh lima) menit.";"120,45";"491,40999999999997";"855,875";"867,875";"612,0";"AWCPPO+BookmanOldStyle";"12,0";"305,93";"306,0";"0,00011437908496730912";"0,19681372549019607";"0,6061437908496732";"False";"BATANG TUBUH";"PASAL 2"
"21";"13";"298,7";"313,53999999999996";"37,90000000000009";"49,90000000000009";"612,0";"AWCPPO+BookmanOldStyle";"12,0";"306,12";"306,0";"0,00019607843137255644";"0,4880718954248366";"0,024248366013071853";"False";"BATANG TUBUH";"PASAL 2"
"21";"Honorarium Panitia Penyelenggaraan Kegiatan Pendidikan dan Pelatihan";"99,225";"554,925";"65,12";"77,12";"612,0";"AWCPPO+BookmanOldStyle";"12,0";"327,075";"306,0";"0,0344362745098039";"0,16213235294117645";"0,7446078431372548";"False";"BATANG TUBUH";"PASAL 2"
"21";"terdapat pada Tabel A.7 sebagai berikut:";"99,225";"341,83599999999996";"86,29600000000005";"98,32000000000005";"612,0";"AWCPPO+BookmanOldStyle";"12,0";"220,53049999999996";"306,0";"0,13965604575163404";"0,16213235294117645";"0,396423202614379";"False";"BATANG TUBUH";"PASAL 2"
"21";"Tabel A.7";"298,1";"356,18";"107,29600000000005";"119,29600000000005";"612,0";"AWKBDA+BookmanOldStyle-Bold";"12,0";"327,14";"306,0";"0,0345424836601307";"0,4870915032679739";"0,0949019607843137";"False";"BATANG TUBUH";"PASAL 2"
"21";"BESARAN";"469,15";"529,822";"130,89600000000007";"142,89600000000007";"612,0";"AWKBDA+BookmanOldStyle-Bold";"12,0";"499,486";"306,0";"0,31615359477124183";"0,7665849673202614";"0,09913725490196082";"True";"BATANG TUBUH";"PASAL 2"
"21";"NO. URAIAN SATUAN";"105,22";"440,206";"141,89600000000007";"153,89600000000007";"612,0";"AWKBDA+BookmanOldStyle-Bold";"12,0";"272,713";"306,0";"0,05439052287581696";"0,1719281045751634";"0,5473627450980392";"True";"BATANG TUBUH";"PASAL 2"
"21";"(Rp)";"487,17";"511,81";"152,89600000000007";"164,89600000000007";"612,0";"AWKBDA+BookmanOldStyle-Bold";"12,0";"499,49";"306,0";"0,31616013071895427";"0,7960294117647059";"0,04026143790849671";"False";"BATANG TUBUH";"PASAL 2"
"21";"1. Lama pendidikan dan pelatihan";"107,62";"375,454";"177,1500000000001";"189,1500000000001";"612,0";"AWCPPO+BookmanOldStyle";"12,0";"241,537";"306,0";"0,10533169934640522";"0,17584967320261438";"0,4376372549019608";"False";"BATANG TUBUH";"PASAL 2"
"21";"sampai dengan 5 hari:";"143,05";"274,82199999999995";"198,95000000000005";"210,95000000000005";"612,0";"AWCPPO+BookmanOldStyle";"12,0";"208,93599999999998";"306,0";"0,15860130718954252";"0,2337418300653595";"0,21531372549019598";"False";"BATANG TUBUH";"PASAL 2"
"21";"a. Penanggung Jawab OK 450.000,00";"143,05";"543,806";"223,35000000000002";"235,35000000000002";"612,0";"AWCPPO+BookmanOldStyle";"12,0";"343,428";"306,0";"0,06115686274509804";"0,2337418300653595";"0,6548300653594772";"False";"BATANG TUBUH";"PASAL 2"
"21";"b. Ketua/Wakil ketua OK 400.000,00";"143,05";"543,806";"247,75";"259,75";"612,0";"AWCPPO+BookmanOldStyle";"12,0";"343,428";"306,0";"0,06115686274509804";"0,2337418300653595";"0,6548300653594772";"False";"BATANG TUBUH";"PASAL 2"
"21";"c. Sekretaris OK 300.000,00";"143,05";"543,806";"271,95000000000005";"283,95000000000005";"612,0";"AWCPPO+BookmanOldStyle";"12,0";"343,428";"306,0";"0,06115686274509804";"0,2337418300653595";"0,6548300653594772";"False";"BATANG TUBUH";"PASAL 2"
"21";"d. Anggota OK 300.000,00";"143,05";"543,802";"296,38";"308,38";"612,0";"AWCPPO+BookmanOldStyle";"12,0";"343,42600000000004";"306,0";"0,0611535947712419";"0,2337418300653595";"0,6548235294117647";"False";"BATANG TUBUH";"PASAL 2"
"21";"2. Lama pendidikan dan pelatihan 6";"107,62";"375,334";"320,7700000000001";"332,7700000000001";"612,0";"AWCPPO+BookmanOldStyle";"12,0";"241,477";"306,0";"0,1054297385620915";"0,17584967320261438";"0,4374411764705882";"False";"BATANG TUBUH";"PASAL 2"
"21";"sampai dengan 30 hari:";"143,05";"282,22599999999994";"342,57000000000005";"354,57000000000005";"612,0";"AWCPPO+BookmanOldStyle";"12,0";"212,63799999999998";"306,0";"0,1525522875816994";"0,2337418300653595";"0,22741176470588223";"False";"BATANG TUBUH";"PASAL 2"
"21";"a. Penanggung Jawab OK 675.000,00";"143,05";"543,806";"366,98";"378,98";"612,0";"AWCPPO+BookmanOldStyle";"12,0";"343,428";"306,0";"0,06115686274509804";"0,2337418300653595";"0,6548300653594772";"False";"BATANG TUBUH";"PASAL 2"
"21";"b. Ketua/Wakil ketua OK 600.000,00";"143,05";"543,806";"391,1700000000001";"403,1700000000001";"612,0";"AWCPPO+BookmanOldStyle";"12,0";"343,428";"306,0";"0,06115686274509804";"0,2337418300653595";"0,6548300653594772";"False";"BATANG TUBUH";"PASAL 2"
"21";"c. Sekretaris OK 450.000,00";"143,05";"543,806";"415,57000000000005";"427,57";"612,0";"AWCPPO+BookmanOldStyle";"11,999999999999943";"343,428";"306,0";"0,06115686274509804";"0,2337418300653595";"0,6548300653594772";"False";"BATANG TUBUH";"PASAL 2"
"21";"d. Anggota OK 450.000,00";"143,05";"543,806";"440,0";"452,0";"612,0";"AWCPPO+BookmanOldStyle";"12,0";"343,428";"306,0";"0,06115686274509804";"0,2337418300653595";"0,6548300653594772";"False";"BATANG TUBUH";"PASAL 2"
"21";"3. Lama pendidikan dan pelatihan lebih";"107,62";"375,39399999999995";"464,2";"476,2";"612,0";"AWCPPO+BookmanOldStyle";"12,0";"241,50699999999998";"306,0";"0,1053807189542484";"0,17584967320261438";"0,4375392156862744";"False";"BATANG TUBUH";"PASAL 2"
"21";"dari 30 hari:";"143,05";"216,262";"486,0";"498,0";"612,0";"AWCPPO+BookmanOldStyle";"12,0";"179,656";"306,0";"0,20644444444444443";"0,2337418300653595";"0,11962745098039214";"False";"BATANG TUBUH";"PASAL 2"
"21";"a. Penanggung Jawab OK 900.000,00";"143,05";"543,806";"510,4";"522,4";"612,0";"AWCPPO+BookmanOldStyle";"12,0";"343,428";"306,0";"0,06115686274509804";"0,2337418300653595";"0,6548300653594772";"False";"BATANG TUBUH";"PASAL 2"
"21";"b. Ketua/Wakil ketua OK 800.000,00";"143,05";"543,806";"534,8";"546,8";"612,0";"AWCPPO+BookmanOldStyle";"12,0";"343,428";"306,0";"0,06115686274509804";"0,2337418300653595";"0,6548300653594772";"False";"BATANG TUBUH";"PASAL 2"
"21";"c. Sekretaris OK 600.000,00";"143,05";"543,806";"559,03";"571,03";"612,0";"AWCPPO+BookmanOldStyle";"12,0";"343,428";"306,0";"0,06115686274509804";"0,2337418300653595";"0,6548300653594772";"False";"BATANG TUBUH";"PASAL 2"
"21";"d. Anggota OK 600.000,00";"143,05";"543,806";"583,4200000000001";"595,4200000000001";"612,0";"AWCPPO+BookmanOldStyle";"12,0";"343,428";"306,0";"0,06115686274509804";"0,2337418300653595";"0,6548300653594772";"False";"BATANG TUBUH";"PASAL 2"
"21";"9. Honorarium Tim Anggaran Pemerintah Daerah (TAPD)";"77,825";"418,5930000000001";"626,8199999999999";"638,8199999999999";"612,0";"AWCPPO+BookmanOldStyle";"12,0";"248,20900000000003";"306,0";"0,09442973856209146";"0,12716503267973855";"0,5568104575163401";"False";"BATANG TUBUH";"PASAL 2"
"21";"Honorarium TAPD dapat diberikan kepada anggota tim yang ditetapkan";"99,225";"555,0979999999998";"648,03";"660,03";"612,0";"AWCPPO+BookmanOldStyle";"12,0";"327,16149999999993";"306,0";"0,03457761437908486";"0,16213235294117645";"0,7448905228758167";"False";"BATANG TUBUH";"PASAL 2"
"21";"berdasarkan surat Keputusan Bupati. Jumlah anggota kesekretariatan";"99,225";"554,9879999999998";"669,25";"681,25";"612,0";"AWCPPO+BookmanOldStyle";"12,0";"327,1064999999999";"306,0";"0,0344877450980391";"0,16213235294117645";"0,7447107843137252";"False";"BATANG TUBUH";"PASAL 2"
"21";"paling banyak 7 (tujuh) anggota.";"99,225";"290,69699999999995";"690,25";"702,25";"612,0";"AWCPPO+BookmanOldStyle";"12,0";"194,96099999999996";"306,0";"0,18143627450980399";"0,16213235294117645";"0,31286274509803913";"False";"BATANG TUBUH";"PASAL 2"
"21";"Satuan Biaya Honorarium TAPD terdapat pada Tabel A.8 sebagai berikut:";"99,225";"536,506";"711,4259999999999";"723,45";"612,0";"AWCPPO+BookmanOldStyle";"12,0";"317,8655";"306,0";"0,01938807189542483";"0,16213235294117645";"0,7145114379084967";"False";"BATANG TUBUH";"PASAL 2"
"21";"Tabel A.8";"298,1";"356,18";"732,626";"744,626";"612,0";"AWKBDA+BookmanOldStyle-Bold";"12,0";"327,14";"306,0";"0,0345424836601307";"0,4870915032679739";"0,0949019607843137";"False";"BATANG TUBUH";"PASAL 2"
"21";"BESARAN";"454,75";"515,422";"752,826";"764,826";"612,0";"AWKBDA+BookmanOldStyle-Bold";"12,0";"485,086";"306,0";"0,292624183006536";"0,7430555555555556";"0,09913725490196082";"True";"BATANG TUBUH";"PASAL 2"
"21";"NO. URAIAN SATUAN";"105,22";"407,796";"761,226";"774,226";"612,0";"AWKBDA+BookmanOldStyle-Bold";"12,0";"256,508";"306,0";"0,08086928104575167";"0,1719281045751634";"0,49440522875816995";"True";"BATANG TUBUH";"PASAL 2"
"21";"(Rp)";"472,75";"497,41999999999996";"769,826";"781,826";"612,0";"AWKBDA+BookmanOldStyle-Bold";"12,0";"485,085";"306,0";"0,2926225490196078";"0,7724673202614379";"0,040310457516339805";"False";"BATANG TUBUH";"PASAL 2"
"21";"1. Honorarium TAPD";"112,25";"250,97799999999998";"787,27";"799,27";"612,0";"AWCPPO+BookmanOldStyle";"12,0";"181,61399999999998";"306,0";"0,20324509803921573";"0,18341503267973855";"0,22667973856209148";"False";"BATANG TUBUH";"PASAL 2"
"21";"a. Pembina OB 3.500.000,00";"143,05";"543,614";"805,87";"818,87";"612,0";"AWCPPO+BookmanOldStyle";"12,0";"343,332";"306,0";"0,06099999999999999";"0,2337418300653595";"0,654516339869281";"False";"BATANG TUBUH";"PASAL 2"
"21";"b. Pengarah OB 3.000.000,00";"143,05";"543,614";"825,27";"838,28";"612,0";"AWCPPO+BookmanOldStyle";"12,0";"343,332";"306,0";"0,06099999999999999";"0,2337418300653595";"0,654516339869281";"False";"BATANG TUBUH";"PASAL 2"
"21";"c. Ketua OB 2.500.000,00";"143,05";"543,614";"844,675";"857,675";"612,0";"AWCPPO+BookmanOldStyle";"12,0";"343,332";"306,0";"0,06099999999999999";"0,2337418300653595";"0,654516339869281";"False";"BATANG TUBUH";"PASAL 2"
"22";"14";"298,7";"313,53999999999996";"37,90000000000009";"49,90000000000009";"612,0";"AWCPPO+BookmanOldStyle";"12,0";"306,12";"306,0";"0,00019607843137255644";"0,4880718954248366";"0,024248366013071853";"False";"BATANG TUBUH";"PASAL 2"
"22";"BESARAN";"454,75";"515,422";"65,70600000000002";"77,70600000000002";"612,0";"AWKBDA+BookmanOldStyle-Bold";"12,0";"485,086";"306,0";"0,292624183006536";"0,7430555555555556";"0,09913725490196082";"True";"BATANG TUBUH";"PASAL 2"
"22";"NO. URAIAN SATUAN";"105,22";"407,796";"74,096";"87,096";"612,0";"AWKBDA+BookmanOldStyle-Bold";"12,0";"256,508";"306,0";"0,08086928104575167";"0,1719281045751634";"0,49440522875816995";"True";"BATANG TUBUH";"PASAL 2"
"22";"(Rp)";"472,75";"497,41999999999996";"82,50600000000009";"94,50600000000009";"612,0";"AWKBDA+BookmanOldStyle-Bold";"12,0";"485,085";"306,0";"0,2926225490196078";"0,7724673202614379";"0,040310457516339805";"False";"BATANG TUBUH";"PASAL 2"
"22";"d. Wakil Ketua OB 2.000.000,00";"143,05";"543,614";"101,12";"114,12";"612,0";"AWCPPO+BookmanOldStyle";"12,0";"343,332";"306,0";"0,06099999999999999";"0,2337418300653595";"0,654516339869281";"False";"BATANG TUBUH";"PASAL 2"
"22";"e. Sekretaris OB 1.500.000,00";"143,05";"543,614";"120,53000000000009";"133,5300000000001";"612,0";"AWCPPO+BookmanOldStyle";"12,0";"343,332";"306,0";"0,06099999999999999";"0,2337418300653595";"0,654516339869281";"False";"BATANG TUBUH";"PASAL 2"
"22";"f. Anggota";"143,05";"210,15400000000002";"140,92000000000007";"152,92000000000007";"612,0";"AWCPPO+BookmanOldStyle";"12,0";"176,60200000000003";"306,0";"0,21143464052287578";"0,2337418300653595";"0,10964705882352943";"False";"BATANG TUBUH";"PASAL 2"
"22";"- Eselon II OB 1.300.000,00";"164,25";"543,614";"159,32000000000005";"172,32000000000005";"612,0";"AWCPPO+BookmanOldStyle";"12,0";"353,932";"306,0";"0,07832026143790852";"0,26838235294117646";"0,6198758169934641";"False";"BATANG TUBUH";"PASAL 2"
"22";"- Eselon III OB 1.200.000,00";"164,25";"543,614";"178,75";"191,75";"612,0";"AWCPPO+BookmanOldStyle";"12,0";"353,932";"306,0";"0,07832026143790852";"0,26838235294117646";"0,6198758169934641";"False";"BATANG TUBUH";"PASAL 2"
"22";"- Eselon IV/JFT Ahli Muda OB 1.100.000,00";"164,25";"543,614";"198,1500000000001";"211,1500000000001";"612,0";"AWCPPO+BookmanOldStyle";"12,0";"353,932";"306,0";"0,07832026143790852";"0,26838235294117646";"0,6198758169934641";"False";"BATANG TUBUH";"PASAL 2"
"22";"2. Honorarium Sekretariat TAPD";"112,25";"319,71400000000006";"216,55000000000007";"228,55000000000007";"612,0";"AWCPPO+BookmanOldStyle";"12,0";"215,98200000000003";"306,0";"0,1470882352941176";"0,18341503267973855";"0,3389934640522877";"False";"BATANG TUBUH";"PASAL 2"
"22";"a. Ketua OB 1.000.000,00";"143,05";"543,614";"235,1500000000001";"248,1500000000001";"612,0";"AWCPPO+BookmanOldStyle";"12,0";"343,332";"306,0";"0,06099999999999999";"0,2337418300653595";"0,654516339869281";"False";"BATANG TUBUH";"PASAL 2"
"22";"b. Sekretaris OB 900.000,00";"143,05";"543,606";"254,55000000000007";"267,55000000000007";"612,0";"AWCPPO+BookmanOldStyle";"12,0";"343,328";"306,0";"0,06099346405228754";"0,2337418300653595";"0,6545032679738562";"False";"BATANG TUBUH";"PASAL 2"
"22";"c. Anggota OB 600.000,00";"143,05";"543,606";"273,95000000000005";"286,95000000000005";"612,0";"AWCPPO+BookmanOldStyle";"12,0";"343,328";"306,0";"0,06099346405228754";"0,2337418300653595";"0,6545032679738562";"False";"BATANG TUBUH";"PASAL 2"
"22";"10. Honorarium Pemberi Keterangan Ahli";"77,825";"320,5";"311,98";"323,98";"612,0";"AWCPPO+BookmanOldStyle";"12,0";"199,1625";"306,0";"0,17457107843137257";"0,12716503267973855";"0,3965277777777778";"False";"BATANG TUBUH";"PASAL 2"
"22";"Honorarium pemberi keterangan ahli atau saksi ahli diberikan kepada";"99,225";"555,13";"331,7700000000001";"343,7700000000001";"612,0";"AWCPPO+BookmanOldStyle";"12,0";"327,1775";"306,0";"0,034603758169934655";"0,16213235294117645";"0,7449428104575163";"False";"BATANG TUBUH";"PASAL 2"
"22";"pejabat negara, pejabat daerah, Aparatur Sipil Negara, dan pihak lain";"99,225";"555,4839999999999";"351,38";"363,38";"612,0";"AWCPPO+BookmanOldStyle";"12,0";"327,3545";"306,0";"0,034892973856209104";"0,16213235294117645";"0,7455212418300652";"False";"BATANG TUBUH";"PASAL 2"
"22";"yang diberi tugas menghadiri dan memberikan informasi atau keterangan";"99,225";"554,6849999999997";"371,1700000000001";"383,1700000000001";"612,0";"AWCPPO+BookmanOldStyle";"12,0";"326,95499999999987";"306,0";"0,03424019607843116";"0,16213235294117645";"0,7442156862745093";"False";"BATANG TUBUH";"PASAL 2"
"22";"sesuai dengan keahlian dibidang tugasnya yang diperlukan dalam tingkat";"99,225";"555,3";"390,98";"402,98";"612,0";"AWCPPO+BookmanOldStyle";"12,0";"327,2625";"306,0";"0,03474264705882351";"0,16213235294117645";"0,745220588235294";"False";"BATANG TUBUH";"PASAL 2"
"22";"penyidikan dan/atau persidangan di pengadilan.";"99,225";"387,76";"410,57000000000005";"422,57000000000005";"612,0";"AWCPPO+BookmanOldStyle";"12,0";"243,4925";"306,0";"0,10213643790849672";"0,16213235294117645";"0,47146241830065355";"False";"BATANG TUBUH";"PASAL 2"
"22";"Dalam hal instansi yang mengundang atau memanggil pemberi keterangan";"99,225";"554,853";"430,4";"442,4";"612,0";"AWCPPO+BookmanOldStyle";"12,0";"327,039";"306,0";"0,03437745098039214";"0,16213235294117645";"0,7444901960784313";"False";"BATANG TUBUH";"PASAL 2"
"22";"ahli atau saksi ahli tidak memberikan honorarium dimaksud, instansi";"99,225";"555,0330000000001";"451,4";"463,4";"612,0";"AWCPPO+BookmanOldStyle";"12,0";"327,1290000000001";"306,0";"0,034524509803921695";"0,16213235294117645";"0,7447843137254904";"False";"BATANG TUBUH";"PASAL 2"
"22";"pengirim pemberi keterangan ahli atau saksi ahli dapat memberikan";"99,225";"554,553";"472,59999999999997";"484,59999999999997";"612,0";"AWCPPO+BookmanOldStyle";"12,0";"326,889";"306,0";"0,03413235294117649";"0,16213235294117645";"0,744";"False";"BATANG TUBUH";"PASAL 2"
"22";"honorarium dimaksud.";"99,225";"235,11";"493,8";"505,8";"612,0";"AWCPPO+BookmanOldStyle";"12,0";"167,16750000000002";"306,0";"0,2268504901960784";"0,16213235294117645";"0,22203431372549023";"False";"BATANG TUBUH";"PASAL 2"
"22";"Honorarium Pemberi Keterangan Ahli terdapat pada Tabel A.9 sebagai";"99,225";"555,1560000000001";"514,7760000000001";"526,8";"612,0";"AWCPPO+BookmanOldStyle";"12,0";"327,19050000000004";"306,0";"0,03462500000000007";"0,16213235294117645";"0,7449852941176471";"False";"BATANG TUBUH";"PASAL 2"
"22";"berikut:";"99,225";"145,641";"536,0";"548,0";"612,0";"AWCPPO+BookmanOldStyle";"12,0";"122,43299999999999";"306,0";"0,29994607843137255";"0,16213235294117645";"0,07584313725490195";"False";"BATANG TUBUH";"PASAL 2"
"22";"Tabel A.9";"298,1";"356,18";"557,2059999999999";"569,2059999999999";"612,0";"AWKBDA+BookmanOldStyle-Bold";"12,0";"327,14";"306,0";"0,0345424836601307";"0,4870915032679739";"0,0949019607843137";"False";"BATANG TUBUH";"PASAL 2"
"22";"BESARAN";"475,95";"534,2864";"581,7068";"593,3068000000001";"612,0";"AWKBDA+BookmanOldStyle-Bold";"11,599999999999966";"505,1182";"306,0";"0,3253565359477124";"0,7776960784313726";"0,09532091503267968";"True";"BATANG TUBUH";"PASAL 2"
"22";"URAIAN SATUAN";"221,68";"446,6896";"591,9168";"603,5168";"612,0";"AWKBDA+BookmanOldStyle-Bold";"11,599999999999966";"334,1848";"306,0";"0,046053594771241824";"0,3622222222222222";"0,3676627450980392";"True";"BATANG TUBUH";"PASAL 2"
"22";"(Rp)";"493,38";"517,092";"602,3168000000001";"613,9168";"612,0";"AWKBDA+BookmanOldStyle-Bold";"11,599999999999966";"505,236";"306,0";"0,3255490196078431";"0,8061764705882353";"0,03874509803921567";"False";"BATANG TUBUH";"PASAL 2"
"22";"Honorarium Pemberi Keterangan Ahli/Saksi Ahli OK 1.800.000,00";"107,82";"546,1036";"623,54";"635,14";"612,0";"AWCPPO+BookmanOldStyle";"11,600000000000023";"326,96180000000004";"306,0";"0,03425130718954255";"0,1761764705882353";"0,7161496732026145";"False";"BATANG TUBUH";"PASAL 2"
"22";"11. Honorarium Tim Penyusunan Jurnal/Buletin/Majalah/Pengelola Teknologi";"77,825";"555,364";"666,05";"678,05";"612,0";"AWCPPO+BookmanOldStyle";"12,0";"316,59450000000004";"306,0";"0,017311274509803985";"0,12716503267973855";"0,7802924836601308";"False";"BATANG TUBUH";"PASAL 2"
"22";"Informasi/Pengelola Website";"99,225";"268,116";"687,05";"699,11";"612,0";"AWCPPO+BookmanOldStyle";"12,0";"183,6705";"306,0";"0,19988480392156863";"0,16213235294117645";"0,2759656862745098";"False";"BATANG TUBUH";"PASAL 2"
"22";"Honorarium tim penyusunan buletin atau majalah dapat diberikan";"99,225";"555,0959999999999";"708,25";"720,25";"612,0";"AWCPPO+BookmanOldStyle";"12,0";"327,16049999999996";"306,0";"0,03457598039215679";"0,16213235294117645";"0,7448872549019606";"False";"BATANG TUBUH";"PASAL 2"
"22";"kepada penyusun dan penerbit buletin atau majalah berdasarkan surat";"99,225";"554,7329999999997";"729,45";"741,45";"612,0";"AWCPPO+BookmanOldStyle";"12,0";"326,97899999999987";"306,0";"0,03427941176470567";"0,16213235294117645";"0,7442941176470583";"False";"BATANG TUBUH";"PASAL 2"
"22";"keputusan pejabat yang berwenang.";"99,225";"314,676";"750,45";"762,45";"612,0";"AWCPPO+BookmanOldStyle";"12,0";"206,95049999999998";"306,0";"0,16184558823529416";"0,16213235294117645";"0,3520441176470588";"False";"BATANG TUBUH";"PASAL 2"
"22";"Majalah adalah terbitan berkala yang isinya berbagai liputan jurnalistik,";"99,225";"554,7690000000002";"771,65";"783,65";"612,0";"AWCPPO+BookmanOldStyle";"12,0";"326,9970000000001";"306,0";"0,034308823529411975";"0,16213235294117645";"0,7443529411764709";"False";"BATANG TUBUH";"PASAL 2"
"22";"pandangan tentang topik aktual yang patut diketahui pembaca.";"99,225";"481,16999999999996";"792,87";"804,87";"612,0";"AWCPPO+BookmanOldStyle";"12,0";"290,1975";"306,0";"0,025821078431372563";"0,16213235294117645";"0,6240931372549019";"False";"BATANG TUBUH";"PASAL 2"
"22";"Buletin adalah media cetak berupa selebaran atau majalah berisi warta";"99,225";"554,889";"813,87";"825,87";"612,0";"AWCPPO+BookmanOldStyle";"12,0";"327,057";"306,0";"0,03440686274509806";"0,16213235294117645";"0,7445490196078431";"False";"BATANG TUBUH";"PASAL 2"
"22";"singkat atau pernyataan tertulis yang diterbitkan secara periodik yang";"99,225";"555,432";"835,075";"847,075";"612,0";"AWCPPO+BookmanOldStyle";"12,0";"327,3285";"306,0";"0,034850490196078464";"0,16213235294117645";"0,7454362745098039";"False";"BATANG TUBUH";"PASAL 2"
"22";"ditujukan untuk lembaga atau kelompok profesi tertentu.";"99,225";"443,59";"856,275";"868,275";"612,0";"AWCPPO+BookmanOldStyle";"12,0";"271,40749999999997";"306,0";"0,05652369281045756";"0,16213235294117645";"0,562687908496732";"False";"BATANG TUBUH";"PASAL 2"
"23";"15";"298,7";"313,53999999999996";"37,90000000000009";"49,90000000000009";"612,0";"AWCPPO+BookmanOldStyle";"12,0";"306,12";"306,0";"0,00019607843137255644";"0,4880718954248366";"0,024248366013071853";"False";"BATANG TUBUH";"PASAL 2"
"23";"Honorarium Tim Penyusunan Jurnal/Buletin/Majalah/Pengelola Teknologi";"99,225";"554,8650000000001";"65,12";"77,12";"612,0";"AWCPPO+BookmanOldStyle";"12,0";"327,0450000000001";"306,0";"0,0343872549019609";"0,16213235294117645";"0,7445098039215687";"False";"BATANG TUBUH";"PASAL 2"
"23";"Informasi/Pengelola Website terdapat pada Tabel A.10 sebagai berikut:";"99,225";"521,106";"89,70600000000002";"101,78999999999996";"612,0";"AWCPPO+BookmanOldStyle";"12,0";"310,1655";"306,0";"0,006806372549019622";"0,16213235294117645";"0,6893480392156862";"False";"BATANG TUBUH";"PASAL 2"
"23";"Tabel A.10";"294,1";"360,172";"114,29600000000005";"126,29600000000005";"612,0";"AWKBDA+BookmanOldStyle-Bold";"12,0";"327,136";"306,0";"0,03453594771241834";"0,48055555555555557";"0,1079607843137255";"False";"BATANG TUBUH";"PASAL 2"
"23";"BESARAN";"476,15";"536,822";"145,50600000000009";"157,50600000000009";"612,0";"AWKBDA+BookmanOldStyle-Bold";"12,0";"506,486";"306,0";"0,3275915032679738";"0,7780228758169935";"0,09913725490196082";"True";"BATANG TUBUH";"PASAL 2"
"23";"NO. URAIAN SATUAN";"108,82";"450,406";"156,096";"168,096";"612,0";"AWKBDA+BookmanOldStyle-Bold";"12,0";"279,613";"306,0";"0,04311601307189543";"0,17781045751633986";"0,5581470588235294";"True";"BATANG TUBUH";"PASAL 2"
"23";"(Rp)";"493,98";"518,62";"166,70600000000002";"178,70600000000002";"612,0";"AWKBDA+BookmanOldStyle-Bold";"12,0";"506,3";"306,0";"0,3272875816993464";"0,807156862745098";"0,04026143790849671";"False";"BATANG TUBUH";"PASAL 2"
"23";"1. Honorarium Tim Penyusunan Jurnal:";"115,85";"371,92599999999993";"188,35000000000002";"200,35000000000002";"612,0";"AWCPPO+BookmanOldStyle";"12,0";"243,88799999999998";"306,0";"0,1014901960784314";"0,18929738562091503";"0,418424836601307";"False";"BATANG TUBUH";"PASAL 2"
"23";"a. Penanggung Jawab Oter 500.000,00";"150,25";"543,62";"209,95000000000005";"223,95000000000005";"612,0";"AWCPPO+BookmanOldStyle";"12,0";"346,935";"306,0";"0,06688725490196079";"0,2455065359477124";"0,6427614379084967";"False";"BATANG TUBUH";"PASAL 2"
"23";"b. Redaktur Oter 400.000,00";"150,25";"543,606";"233,55000000000007";"247,55000000000007";"612,0";"AWCPPO+BookmanOldStyle";"12,0";"346,928";"306,0";"0,06687581699346405";"0,2455065359477124";"0,6427385620915033";"False";"BATANG TUBUH";"PASAL 2"
"23";"c. Penyunting/Editor Oter 300.000,00";"150,25";"543,606";"257,1500000000001";"271,1500000000001";"612,0";"AWCPPO+BookmanOldStyle";"12,0";"346,928";"306,0";"0,06687581699346405";"0,2455065359477124";"0,6427385620915033";"False";"BATANG TUBUH";"PASAL 2"
"23";"d. Desain Grafis Oter 180.000,00";"150,25";"543,606";"280,95000000000005";"294,95000000000005";"612,0";"AWCPPO+BookmanOldStyle";"12,0";"346,928";"306,0";"0,06687581699346405";"0,2455065359477124";"0,6427385620915033";"False";"BATANG TUBUH";"PASAL 2"
"23";"e. Fotografer Oter 180.000,00";"150,25";"543,606";"304,57000000000005";"318,57000000000005";"612,0";"AWCPPO+BookmanOldStyle";"12,0";"346,928";"306,0";"0,06687581699346405";"0,2455065359477124";"0,6427385620915033";"False";"BATANG TUBUH";"PASAL 2"
"23";"f. Sekretariat Oter 150.000,00";"150,25";"543,606";"328,1700000000001";"342,1700000000001";"612,0";"AWCPPO+BookmanOldStyle";"12,0";"346,928";"306,0";"0,06687581699346405";"0,2455065359477124";"0,6427385620915033";"False";"BATANG TUBUH";"PASAL 2"
"23";"g. Pembuat Artikel Per 200.000,00";"150,25";"543,606";"351,7800000000001";"365,7800000000001";"612,0";"AWCPPO+BookmanOldStyle";"12,0";"346,928";"306,0";"0,06687581699346405";"0,2455065359477124";"0,6427385620915033";"False";"BATANG TUBUH";"PASAL 2"
"23";"Halaman";"398,33";"451,598";"374,98";"386,98";"612,0";"AWCPPO+BookmanOldStyle";"12,0";"424,964";"306,0";"0,19438562091503267";"0,6508660130718954";"0,08703921568627455";"False";"BATANG TUBUH";"PASAL 2"
"23";"2. Honorarium Tim Penyusunan";"112,45";"380,944";"396,57000000000005";"408,57000000000005";"612,0";"AWCPPO+BookmanOldStyle";"12,0";"246,697";"306,0";"0,09690032679738561";"0,1837418300653595";"0,43871568627450985";"False";"BATANG TUBUH";"PASAL 2"
"23";"Buletin/Majalah:";"150,25";"251,51";"417,6";"429,59999999999997";"612,0";"AWCPPO+BookmanOldStyle";"11,999999999999943";"200,88";"306,0";"0,17176470588235296";"0,2455065359477124";"0,16545751633986927";"False";"BATANG TUBUH";"PASAL 2"
"23";"a. Penanggung Jawab Oter 400.000,00";"150,25";"543,614";"439,4";"453,4";"612,0";"AWCPPO+BookmanOldStyle";"12,0";"346,932";"306,0";"0,0668823529411765";"0,2455065359477124";"0,6427516339869281";"False";"BATANG TUBUH";"PASAL 2"
"23";"b. Redaktur Oter 300.000,00";"150,25";"543,614";"463,0";"477,0";"612,0";"AWCPPO+BookmanOldStyle";"12,0";"346,932";"306,0";"0,0668823529411765";"0,2455065359477124";"0,6427516339869281";"False";"BATANG TUBUH";"PASAL 2"
"23";"c. Penyunting/Editor Oter 250.000,00";"150,25";"543,628";"486,59999999999997";"500,59999999999997";"612,0";"AWCPPO+BookmanOldStyle";"12,0";"346,939";"306,0";"0,06689379084967324";"0,2455065359477124";"0,6427745098039216";"False";"BATANG TUBUH";"PASAL 2"
"23";"d. Desain Grafis Oter 180.000,00";"150,25";"543,614";"510,2";"524,2";"612,0";"AWCPPO+BookmanOldStyle";"12,0";"346,932";"306,0";"0,0668823529411765";"0,2455065359477124";"0,6427516339869281";"False";"BATANG TUBUH";"PASAL 2"
"23";"e. Fotografer Oter 180.000,00";"150,25";"543,614";"533,8";"547,8";"612,0";"AWCPPO+BookmanOldStyle";"12,0";"346,932";"306,0";"0,0668823529411765";"0,2455065359477124";"0,6427516339869281";"False";"BATANG TUBUH";"PASAL 2"
"23";"f. Sekretariat Oter 150.000,00";"150,25";"543,628";"557,4200000000001";"571,4200000000001";"612,0";"AWCPPO+BookmanOldStyle";"12,0";"346,939";"306,0";"0,06689379084967324";"0,2455065359477124";"0,6427745098039216";"False";"BATANG TUBUH";"PASAL 2"
"23";"g. Pembuat Artikel Per 100.000,00";"150,25";"543,614";"581,03";"595,03";"612,0";"AWCPPO+BookmanOldStyle";"12,0";"346,932";"306,0";"0,0668823529411765";"0,2455065359477124";"0,6427516339869281";"False";"BATANG TUBUH";"PASAL 2"
"23";"Halaman";"398,33";"451,598";"604,22";"616,22";"612,0";"AWCPPO+BookmanOldStyle";"12,0";"424,964";"306,0";"0,19438562091503267";"0,6508660130718954";"0,08703921568627455";"False";"BATANG TUBUH";"PASAL 2"
"23";"3. Honorarium Tim Pengelola Teknologi";"112,45";"380,686";"625,8199999999999";"637,8199999999999";"612,0";"AWCPPO+BookmanOldStyle";"12,0";"246,56799999999998";"306,0";"0,09711111111111113";"0,1837418300653595";"0,43829411764705883";"False";"BATANG TUBUH";"PASAL 2"
"23";"Informasi/Pengelola Website:";"150,25";"321,73999999999995";"647,03";"659,0899999999999";"612,0";"AWCPPO+BookmanOldStyle";"12,0";"235,99499999999998";"306,0";"0,11438725490196082";"0,2455065359477124";"0,2802124183006535";"False";"BATANG TUBUH";"PASAL 2"
"23";"a. Penanggung Jawab OB 500.000,00";"150,25";"543,6020000000001";"668,65";"682,65";"612,0";"AWCPPO+BookmanOldStyle";"12,0";"346,92600000000004";"306,0";"0,06687254901960792";"0,2455065359477124";"0,642732026143791";"False";"BATANG TUBUH";"PASAL 2"
"23";"b. Redaktur OB 450.000,00";"150,25";"543,628";"692,25";"706,25";"612,0";"AWCPPO+BookmanOldStyle";"12,0";"346,939";"306,0";"0,06689379084967324";"0,2455065359477124";"0,6427745098039216";"False";"BATANG TUBUH";"PASAL 2"
"23";"c. Editor OB 400.000,00";"150,25";"543,628";"715,85";"729,91";"612,0";"AWCPPO+BookmanOldStyle";"12,0";"346,939";"306,0";"0,06689379084967324";"0,2455065359477124";"0,6427745098039216";"False";"BATANG TUBUH";"PASAL 2"
"23";"d. Web Admin OB 350.000,00";"150,25";"543,628";"739,65";"753,71";"612,0";"AWCPPO+BookmanOldStyle";"12,0";"346,939";"306,0";"0,06689379084967324";"0,2455065359477124";"0,6427745098039216";"False";"BATANG TUBUH";"PASAL 2"
"23";"e. Web Developer OB 300.000,00";"150,25";"543,628";"763,25";"777,31";"612,0";"BDJVSO+BookmanOldStyle-Italic";"12,0";"346,939";"306,0";"0,06689379084967324";"0,2455065359477124";"0,6427745098039216";"False";"BATANG TUBUH";"PASAL 2"
"23";"f. Pembuat Artikel Per 100.000,00";"150,25";"543,614";"786,87";"800,87";"612,0";"AWCPPO+BookmanOldStyle";"12,0";"346,932";"306,0";"0,0668823529411765";"0,2455065359477124";"0,6427516339869281";"False";"BATANG TUBUH";"PASAL 2"
"23";"Halaman";"398,33";"451,598";"810,08";"822,08";"612,0";"AWCPPO+BookmanOldStyle";"12,0";"424,964";"306,0";"0,19438562091503267";"0,6508660130718954";"0,08703921568627455";"False";"BATANG TUBUH";"PASAL 2"
"24";"16";"298,7";"313,53999999999996";"37,90000000000009";"49,90000000000009";"612,0";"AWCPPO+BookmanOldStyle";"12,0";"306,12";"306,0";"0,00019607843137255644";"0,4880718954248366";"0,024248366013071853";"False";"BATANG TUBUH";"PASAL 2"
"24";"B. STANDAR BIAYA JASA";"56,625";"219,082";"65,096";"77,096";"612,0";"AWKBDA+BookmanOldStyle-Bold";"12,0";"137,8535";"306,0";"0,27474918300653595";"0,09252450980392157";"0,26545261437908496";"True";"BATANG TUBUH";"PASAL 2"
"24";"1. Jasa Tenaga Keamanan - Biaya Jasa Patroli dan Pengawalan (Patwal)";"77,825";"555,244";"88,73000000000002";"100,73000000000002";"612,0";"AWCPPO+BookmanOldStyle";"12,0";"316,53450000000004";"306,0";"0,017213235294117706";"0,12716503267973855";"0,7800964052287582";"False";"BATANG TUBUH";"PASAL 2"
"24";"Bupati dan Wakil Bupati Malang";"99,225";"292,234";"112,32000000000005";"124,32000000000005";"612,0";"AWCPPO+BookmanOldStyle";"12,0";"195,72949999999997";"306,0";"0,1801805555555556";"0,16213235294117645";"0,3153741830065359";"False";"BATANG TUBUH";"PASAL 2"
"24";"Bahwa dalam rangka menunjang kelancaran kegiatan Bupati dan Wakil";"99,225";"555,494";"136,12";"148,12";"612,0";"AWCPPO+BookmanOldStyle";"12,0";"327,3595";"306,0";"0,034901143790849715";"0,16213235294117645";"0,7455375816993464";"False";"BATANG TUBUH";"PASAL 2"
"24";"Bupati Malang diperlukan patroli dan pengawalan oleh pihak kepolisian";"99,225";"554,7090000000002";"159,73000000000002";"171,73000000000002";"612,0";"AWCPPO+BookmanOldStyle";"12,0";"326,9670000000001";"306,0";"0,034259803921568785";"0,16213235294117645";"0,7442549019607846";"False";"BATANG TUBUH";"PASAL 2"
"24";"yang dapat diberikan Biaya Jasa dengan tetap memperhatikan asas";"99,225";"555,582";"183,35000000000002";"195,35000000000002";"612,0";"AWCPPO+BookmanOldStyle";"12,0";"327,4035";"306,0";"0,034973039215686286";"0,16213235294117645";"0,7456813725490196";"False";"BATANG TUBUH";"PASAL 2"
"24";"kepatutan dan kewajaran serta kemampuan keuangan daerah, dengan";"99,225";"555,28";"206,95000000000005";"218,95000000000005";"612,0";"AWCPPO+BookmanOldStyle";"12,0";"327,2525";"306,0";"0,03472630718954248";"0,16213235294117645";"0,745187908496732";"False";"BATANG TUBUH";"PASAL 2"
"24";"rincian sebagai berikut:";"99,225";"238,78499999999997";"230,75";"242,75";"612,0";"AWCPPO+BookmanOldStyle";"12,0";"169,005";"306,0";"0,22384803921568627";"0,16213235294117645";"0,22803921568627447";"False";"BATANG TUBUH";"PASAL 2"
"24";"a. Jasa PATWAL Dalam Daerah Kabupaten Malang sebesar";"99,225";"555,2439999999999";"254,35000000000002";"266,35";"612,0";"AWCPPO+BookmanOldStyle";"12,0";"327,23449999999997";"306,0";"0,03469689542483655";"0,16213235294117645";"0,7451290849673201";"False";"BATANG TUBUH";"PASAL 2"
"24";"Rp1.500.000,00/hari;";"120,45";"249,72";"277,95000000000005";"289,95000000000005";"612,0";"AWCPPO+BookmanOldStyle";"12,0";"185,085";"306,0";"0,1975735294117647";"0,19681372549019607";"0,2112254901960784";"False";"BATANG TUBUH";"PASAL 2"
"24";"b. Jasa PATWAL luar Kabupaten Malang dan dalam Wilayah Provinsi";"99,225";"555,38";"301,7800000000001";"313,7800000000001";"612,0";"AWCPPO+BookmanOldStyle";"12,0";"327,3025";"306,0";"0,034808006535947726";"0,16213235294117645";"0,7453513071895425";"False";"BATANG TUBUH";"PASAL 2"
"24";"Jawa Timur, terbagi dalam 2 (dua) radius.";"120,45";"368,96999999999997";"325,37";"337,37";"612,0";"AWCPPO+BookmanOldStyle";"12,0";"244,70999999999998";"306,0";"0,10014705882352945";"0,19681372549019607";"0,406078431372549";"False";"BATANG TUBUH";"PASAL 2"
"24";"Besaran Jasa Tenaga Keamanan - Biaya Jasa Patroli dan Pengawalan";"99,225";"555,3019999999999";"348,98";"360,98";"612,0";"AWCPPO+BookmanOldStyle";"12,0";"327,26349999999996";"306,0";"0,03474428104575158";"0,16213235294117645";"0,7452238562091501";"False";"BATANG TUBUH";"PASAL 2"
"24";"(Patwal) Bupati dan Wakil Bupati Malang terdapat pada Tabel B.1";"99,225";"555,0899999999999";"372,54600000000005";"384,57000000000005";"612,0";"AWCPPO+BookmanOldStyle";"12,0";"327,15749999999997";"306,0";"0,0345710784313725";"0,16213235294117645";"0,7448774509803919";"False";"BATANG TUBUH";"PASAL 2"
"24";"sebagai berikut:";"99,225";"193,40099999999998";"396,38";"408,38";"612,0";"AWCPPO+BookmanOldStyle";"12,0";"146,313";"306,0";"0,2609264705882353";"0,16213235294117645";"0,15388235294117644";"False";"BATANG TUBUH";"PASAL 2"
"24";"Tabel B.1";"298,1";"356,25";"419,976";"431,976";"612,0";"AWKBDA+BookmanOldStyle-Bold";"12,0";"327,175";"306,0";"0,034599673202614395";"0,4870915032679739";"0,09501633986928101";"False";"BATANG TUBUH";"PASAL 2"
"24";"BESARAN";"458,75";"519,422";"441,57599999999996";"453,57599999999996";"612,0";"AWKBDA+BookmanOldStyle-Bold";"12,0";"489,086";"306,0";"0,29916013071895425";"0,7495915032679739";"0,09913725490196082";"True";"BATANG TUBUH";"PASAL 2"
"24";"WILAYAH KOTA";"108,22";"319,14";"450,976";"462,976";"612,0";"AWKBDA+BookmanOldStyle-Bold";"12,0";"213,68";"306,0";"0,15084967320261436";"0,17683006535947712";"0,344640522875817";"True";"BATANG TUBUH";"PASAL 2"
"24";"(Rp)";"476,75";"501,40999999999997";"460,176";"472,176";"612,0";"AWKBDA+BookmanOldStyle-Bold";"12,0";"489,08";"306,0";"0,29915032679738557";"0,7790032679738562";"0,04029411764705877";"False";"BATANG TUBUH";"PASAL 2"
"24";"1. Blitar 11. Lamongan";"185,68";"402,784";"482,4";"494,4";"612,0";"AWCPPO+BookmanOldStyle";"12,0";"294,23199999999997";"306,0";"0,019228758169934686";"0,3033986928104575";"0,35474509803921567";"False";"BATANG TUBUH";"PASAL 2"
"24";"2. Sidoarjo 12. Lumajang";"185,68";"399,94";"507,0";"519,0";"612,0";"AWCPPO+BookmanOldStyle";"12,0";"292,81";"306,0";"0,02155228758169934";"0,3033986928104575";"0,3500980392156863";"False";"BATANG TUBUH";"PASAL 2"
"24";"3. Pasuruan 13. Madiun";"185,68";"386,416";"531,5999999999999";"543,5999999999999";"612,0";"AWCPPO+BookmanOldStyle";"12,0";"286,048";"306,0";"0,03260130718954248";"0,3033986928104575";"0,32799999999999996";"False";"BATANG TUBUH";"PASAL 2"
"24";"4. Tulungagung 14. Mojokerto";"185,68";"399,61600000000004";"556,23";"568,23";"612,0";"AWCPPO+BookmanOldStyle";"12,0";"292,648";"306,0";"0,021816993464052248";"0,3033986928104575";"0,34956862745098044";"False";"BATANG TUBUH";"PASAL 2"
"24";"5. Bangkalan 15. Nganjuk";"185,68";"390,712";"580,8199999999999";"592,8199999999999";"612,0";"AWCPPO+BookmanOldStyle";"12,0";"288,196";"306,0";"0,029091503267973814";"0,3033986928104575";"0,3350196078431372";"False";"BATANG TUBUH";"PASAL 2"
"24";"1 (satu) 2.500.000,00/hari";"115,65";"543,75";"593,03";"605,03";"612,0";"AWCPPO+BookmanOldStyle";"12,0";"329,7";"306,0";"0,03872549019607841";"0,18897058823529414";"0,6995098039215687";"False";"BATANG TUBUH";"PASAL 2"
"24";"6. Babat 16. Probolinggo";"185,68";"409,612";"605,4300000000001";"617,4300000000001";"612,0";"AWCPPO+BookmanOldStyle";"12,0";"297,646";"306,0";"0,013650326797385596";"0,3033986928104575";"0,36590196078431375";"False";"BATANG TUBUH";"PASAL 2"
"24";"7. Besuki 17. Ponorogo";"185,68";"395,404";"630,03";"642,03";"612,0";"AWCPPO+BookmanOldStyle";"12,0";"290,54200000000003";"306,0";"0,025258169934640473";"0,3033986928104575";"0,3426862745098039";"False";"BATANG TUBUH";"PASAL 2"
"24";"8. Gresik 18. Jember";"185,68";"384,808";"654,63";"666,63";"612,0";"AWCPPO+BookmanOldStyle";"12,0";"285,244";"306,0";"0,03391503267973851";"0,3033986928104575";"0,3253725490196078";"False";"BATANG TUBUH";"PASAL 2"
"24";"9. Jombang 19. Surabaya";"185,68";"397,41999999999996";"679,25";"691,25";"612,0";"AWCPPO+BookmanOldStyle";"12,0";"291,54999999999995";"306,0";"0,023611111111111187";"0,3033986928104575";"0,34598039215686266";"False";"BATANG TUBUH";"PASAL 2"
"24";"10. Kediri 20. Trenggalek";"185,68";"405,13599999999997";"703,85";"715,85";"612,0";"AWCPPO+BookmanOldStyle";"12,0";"295,408";"306,0";"0,017307189542483635";"0,3033986928104575";"0,3585882352941176";"False";"BATANG TUBUH";"PASAL 2"
"24";"1. Bojonegoro 7. Pamekasan";"185,68";"405,44";"728,85";"740,85";"612,0";"AWCPPO+BookmanOldStyle";"12,0";"295,56";"306,0";"0,01705882352941176";"0,3033986928104575";"0,3590849673202614";"False";"BATANG TUBUH";"PASAL 2"
"24";"2. Banyuwangi 8. Pacitan";"185,68";"384,84000000000003";"753,45";"765,45";"612,0";"AWCPPO+BookmanOldStyle";"12,0";"285,26";"306,0";"0,033888888888888906";"0,3033986928104575";"0,3254248366013072";"False";"BATANG TUBUH";"PASAL 2"
"24";"3. Bondowoso 9. Situbondo";"185,68";"401,65";"778,05";"790,05";"612,0";"AWCPPO+BookmanOldStyle";"12,0";"293,66499999999996";"306,0";"0,020155228758169993";"0,3033986928104575";"0,35289215686274505";"False";"BATANG TUBUH";"PASAL 2"
"24";"2 (dua) 3.500.000,00/hari";"117,25";"543,75";"790,48";"802,48";"612,0";"AWCPPO+BookmanOldStyle";"12,0";"330,5";"306,0";"0,04003267973856209";"0,19158496732026145";"0,6968954248366013";"False";"BATANG TUBUH";"PASAL 2"
"24";"4. Sampang 10. Sumenep";"185,68";"396,16";"802,67";"814,67";"612,0";"AWCPPO+BookmanOldStyle";"12,000000000000014";"290,92";"306,0";"0,02464052287581697";"0,3033986928104575";"0,343921568627451";"False";"BATANG TUBUH";"PASAL 2"
"24";"5. Magetan 11. Tuban";"185,68";"379,038";"827,275";"839,275";"612,0";"AWCPPO+BookmanOldStyle";"12,0";"282,35900000000004";"306,0";"0,0386290849673202";"0,3033986928104575";"0,31594444444444447";"False";"BATANG TUBUH";"PASAL 2"
"24";"6. Ngawi";"185,68";"242,07999999999998";"851,875";"863,875";"612,0";"AWCPPO+BookmanOldStyle";"12,0";"213,88";"306,0";"0,15052287581699347";"0,3033986928104575";"0,092156862745098";"False";"BATANG TUBUH";"PASAL 2"
"25";"17";"298,7";"313,53999999999996";"37,90000000000009";"49,90000000000009";"612,0";"AWCPPO+BookmanOldStyle";"12,0";"306,12";"306,0";"0,00019607843137255644";"0,4880718954248366";"0,024248366013071853";"False";"BATANG TUBUH";"PASAL 2"
"25";"2. Jasa Tenaga Ahli - Instruktur/Pelatih/Tenaga Profesional Lainnya";"77,825";"493,88199999999995";"65,12";"77,12";"612,0";"AWCPPO+BookmanOldStyle";"12,0";"285,8535";"306,0";"0,03291911764705883";"0,12716503267973855";"0,6798316993464052";"False";"BATANG TUBUH";"PASAL 2"
"25";"Besaran Biaya Jasa Tenaga Ahli - Instruktur/Pelatih/Tenaga Profesional";"99,225";"555,524";"86,32000000000005";"98,32000000000005";"612,0";"AWCPPO+BookmanOldStyle";"12,0";"327,3745";"306,0";"0,03492565359477126";"0,16213235294117645";"0,7455866013071895";"False";"BATANG TUBUH";"PASAL 2"
"25";"Lainnya terdapat pada Tabel B.2 sebagai berikut:";"99,225";"392,47599999999994";"107,29600000000005";"119,32000000000005";"612,0";"AWCPPO+BookmanOldStyle";"12,0";"245,85049999999995";"306,0";"0,09828349673202622";"0,16213235294117645";"0,4791683006535947";"False";"BATANG TUBUH";"PASAL 2"
"25";"Tabel B.2";"298,1";"356,25";"128,50600000000009";"140,50600000000009";"612,0";"AWKBDA+BookmanOldStyle-Bold";"12,0";"327,175";"306,0";"0,034599673202614395";"0,4870915032679739";"0,09501633986928101";"False";"BATANG TUBUH";"PASAL 2"
"25";"BESARAN";"479,75";"540,422";"150,096";"162,096";"612,0";"AWKBDA+BookmanOldStyle-Bold";"12,0";"510,086";"306,0";"0,3334738562091503";"0,7839052287581699";"0,09913725490196082";"True";"BATANG TUBUH";"PASAL 2"
"25";"NO. URAIAN SATUAN";"101,62";"454,00600000000003";"160,70600000000002";"172,70600000000002";"612,0";"AWKBDA+BookmanOldStyle-Bold";"12,0";"277,813";"306,0";"0,04605718954248368";"0,16604575163398694";"0,5757941176470589";"True";"BATANG TUBUH";"PASAL 2"
"25";"(Rp)";"497,57";"522,22";"171,32600000000002";"183,32600000000002";"612,0";"AWKBDA+BookmanOldStyle-Bold";"12,0";"509,895";"306,0";"0,3331617647058823";"0,8130228758169935";"0,040277777777777836";"False";"BATANG TUBUH";"PASAL 2"
"25";"1. Pelatihan Pengamanan Wilayah (Panwil) Orang/Hari 400.000,00";"107,43";"543,606";"195,95000000000005";"207,95000000000005";"612,0";"AWCPPO+BookmanOldStyle";"12,0";"325,51800000000003";"306,0";"0,031892156862745144";"0,1755392156862745";"0,7127058823529412";"False";"BATANG TUBUH";"PASAL 2"
"25";"Instruktur/Pelatih (Non PNS)";"136,05";"307,722";"216,95000000000005";"228,95000000000005";"612,0";"AWCPPO+BookmanOldStyle";"12,0";"221,886";"306,0";"0,13744117647058823";"0,22230392156862747";"0,2805098039215686";"False";"BATANG TUBUH";"PASAL 2"
"25";"2. Pelatihan Search and Rescue (SAR) Orang/Hari 500.000,00";"107,43";"543,606";"244,75";"256,80999999999995";"612,0";"AWCPPO+BookmanOldStyle";"12,0";"325,51800000000003";"306,0";"0,031892156862745144";"0,1755392156862745";"0,7127058823529412";"False";"BATANG TUBUH";"PASAL 2"
"25";"Instruktur/Pelatih (Non PNS)";"136,05";"307,722";"265,75";"277,75";"612,0";"AWCPPO+BookmanOldStyle";"12,0";"221,886";"306,0";"0,13744117647058823";"0,22230392156862747";"0,2805098039215686";"False";"BATANG TUBUH";"PASAL 2"
"25";"3. Pelatihan Kewirausahaan/Keterampilan Orang/Hari 200.000,00";"107,43";"543,606";"293,35";"305,35";"612,0";"AWCPPO+BookmanOldStyle";"12,0";"325,51800000000003";"306,0";"0,031892156862745144";"0,1755392156862745";"0,7127058823529412";"False";"BATANG TUBUH";"PASAL 2"
"25";"Instruktur/Pelatih (Non PNS)";"136,05";"307,722";"314,57000000000005";"326,57000000000005";"612,0";"AWCPPO+BookmanOldStyle";"12,0";"221,886";"306,0";"0,13744117647058823";"0,22230392156862747";"0,2805098039215686";"False";"BATANG TUBUH";"PASAL 2"
"25";"4. Pelatihan Senam Kesegaran Jasmani Orang/Hari 400.000,00";"107,43";"543,606";"342,1700000000001";"354,1700000000001";"612,0";"AWCPPO+BookmanOldStyle";"12,0";"325,51800000000003";"306,0";"0,031892156862745144";"0,1755392156862745";"0,7127058823529412";"False";"BATANG TUBUH";"PASAL 2"
"25";"Instruktur/Pelatih (Non PNS)";"136,05";"307,722";"363,37";"375,37";"612,0";"AWCPPO+BookmanOldStyle";"12,0";"221,886";"306,0";"0,13744117647058823";"0,22230392156862747";"0,2805098039215686";"False";"BATANG TUBUH";"PASAL 2"
"25";"5. Pelatihan Keolahragaan Instruktur/ Orang/Hari 400.000,00";"107,43";"543,606";"390,98";"402,98";"612,0";"AWCPPO+BookmanOldStyle";"12,0";"325,51800000000003";"306,0";"0,031892156862745144";"0,1755392156862745";"0,7127058823529412";"False";"BATANG TUBUH";"PASAL 2"
"25";"Pelatih (Non PNS)";"136,05";"238,99800000000002";"412,1700000000001";"424,17";"612,0";"AWCPPO+BookmanOldStyle";"11,999999999999943";"187,524";"306,0";"0,19358823529411764";"0,22230392156862747";"0,1682156862745098";"False";"BATANG TUBUH";"PASAL 2"
"25";"6. Pelatihan Baris-Berbaris/Paskibra Orang/Hari 400.000,00";"107,43";"543,606";"439,8";"451,8";"612,0";"AWCPPO+BookmanOldStyle";"12,0";"325,51800000000003";"306,0";"0,031892156862745144";"0,1755392156862745";"0,7127058823529412";"False";"BATANG TUBUH";"PASAL 2"
"25";"Instruktur/Pelatih (Non PNS)";"136,05";"307,722";"460,8";"472,8";"612,0";"AWCPPO+BookmanOldStyle";"12,0";"221,886";"306,0";"0,13744117647058823";"0,22230392156862747";"0,2805098039215686";"False";"BATANG TUBUH";"PASAL 2"
"25";"3. Jasa Tenaga Ahli/Jasa Konsultansi Bidang Penelitian/Kajian/Studi/";"77,825";"555,0570000000002";"506,59999999999997";"518,5999999999999";"612,0";"AWCPPO+BookmanOldStyle";"12,0";"316,44100000000014";"306,0";"0,017060457516340107";"0,12716503267973855";"0,779790849673203";"False";"BATANG TUBUH";"PASAL 2"
"25";"Perencanaan/Pengawasan/Pengembangan";"99,225";"351,36899999999997";"527,8";"539,8";"612,0";"AWCPPO+BookmanOldStyle";"12,0";"225,29699999999997";"306,0";"0,1318676470588236";"0,16213235294117645";"0,412";"False";"BATANG TUBUH";"PASAL 2"
"25";"A. JASA JASA TENAGA AHLI/JASA KONSULTANSI BIDANG PENELITIAN/";"102,42";"554,7139999999999";"549,03";"561,03";"612,0";"AWCPPO+BookmanOldStyle";"12,0";"328,56699999999995";"306,0";"0,03687418300653587";"0,1673529411764706";"0,7390424836601306";"True";"BATANG TUBUH";"PASAL 2"
"25";"KAJIAN/STUDI/PERENCANAAN/PENGAWASAN/PENGEMBANGAN";"120,45";"519,9060000000001";"570,03";"582,03";"612,0";"AWCPPO+BookmanOldStyle";"12,0";"320,17800000000005";"306,0";"0,023166666666666755";"0,19681372549019607";"0,6527058823529412";"True";"BATANG TUBUH";"PASAL 2"
"25";"1) Untuk Tenaga Ahli Berpendidikan S1 terdapat pada Tabel B.3.1";"120,45";"555,2699999999999";"591,1959999999999";"603,22";"612,0";"AWCPPO+BookmanOldStyle";"12,0";"337,85999999999996";"306,0";"0,05205882352941169";"0,19681372549019607";"0,7104901960784312";"False";"BATANG TUBUH";"PASAL 2"
"25";"sebagai berikut:";"141,65";"235,826";"612,23";"624,23";"612,0";"AWCPPO+BookmanOldStyle";"12,0";"188,738";"306,0";"0,19160457516339868";"0,23145424836601308";"0,15388235294117644";"False";"BATANG TUBUH";"PASAL 2"
"25";"Tabel B.3.1";"313,3";"383,43399999999997";"633,396";"645,396";"612,0";"AWKBDA+BookmanOldStyle-Bold";"12,0";"348,36699999999996";"306,0";"0,06922712418300647";"0,5119281045751635";"0,1145980392156862";"False";"BATANG TUBUH";"PASAL 2"
"25";"TAHUN";"353,52";"398,00399999999996";"655,596";"667,596";"612,0";"AWKBDA+BookmanOldStyle-Bold";"12,0";"375,76199999999994";"306,0";"0,11399019607843128";"0,5776470588235294";"0,07268627450980389";"True";"BATANG TUBUH";"PASAL 2"
"25";"NO. KELOMPOK AHLI RUPIAH/BULAN";"150,65";"540,79";"666,826";"678,826";"612,0";"AWKBDA+BookmanOldStyle-Bold";"12,0";"345,71999999999997";"306,0";"0,06490196078431368";"0,24616013071895426";"0,6374836601307189";"True";"BATANG TUBUH";"PASAL 2"
"25";"PENGALAMAN";"331,5";"419,952";"678,0260000000001";"690,026";"612,0";"AWKBDA+BookmanOldStyle-Bold";"11,999999999999972";"375,726";"306,0";"0,11393137254901961";"0,5416666666666666";"0,14452941176470588";"True";"BATANG TUBUH";"PASAL 2"
"25";"1. Ahli Muda 1 16.606.000,00";"156,45";"537,798";"701,65";"713,65";"612,0";"AWCPPO+BookmanOldStyle";"12,0";"347,124";"306,0";"0,06719607843137258";"0,25563725490196076";"0,6231176470588236";"False";"BATANG TUBUH";"PASAL 2"
"25";"2 17.917.000,00";"408,13";"537,798";"726,25";"738,25";"612,0";"AWCPPO+BookmanOldStyle";"12,0";"472,964";"306,0";"0,2728169934640523";"0,6668790849673203";"0,21187581699346406";"False";"BATANG TUBUH";"PASAL 2"
"25";"2. Ahli Madya 1 3 19.228.000,00";"156,45";"537,798";"751,05";"763,05";"612,0";"AWCPPO+BookmanOldStyle";"12,0";"347,124";"306,0";"0,06719607843137258";"0,25563725490196076";"0,6231176470588236";"False";"BATANG TUBUH";"PASAL 2"
"25";"2 4 20.539.000,00";"371,33";"537,798";"775,65";"787,65";"612,0";"AWCPPO+BookmanOldStyle";"12,0";"454,56399999999996";"306,0";"0,24275163398692803";"0,6067483660130719";"0,27200653594771246";"False";"BATANG TUBUH";"PASAL 2"
"25";"3 5 21.850.000,00";"371,33";"537,798";"800,27";"812,27";"612,0";"AWCPPO+BookmanOldStyle";"12,000000000000014";"454,56399999999996";"306,0";"0,24275163398692803";"0,6067483660130719";"0,27200653594771246";"False";"BATANG TUBUH";"PASAL 2"
"25";"3. Ahli Utama 1 4 6 23.161.000,00";"156,45";"537,798";"824,87";"836,87";"612,0";"AWCPPO+BookmanOldStyle";"12,0";"347,124";"306,0";"0,06719607843137258";"0,25563725490196076";"0,6231176470588236";"False";"BATANG TUBUH";"PASAL 2"
"25";"2 5 7 24.472.000,00";"335,33";"537,798";"849,675";"861,675";"612,0";"AWCPPO+BookmanOldStyle";"12,0";"436,56399999999996";"306,0";"0,2133398692810457";"0,5479248366013072";"0,3308300653594772";"False";"BATANG TUBUH";"PASAL 2"
"26";"18";"298,7";"313,53999999999996";"37,90000000000009";"49,90000000000009";"612,0";"AWCPPO+BookmanOldStyle";"12,0";"306,12";"306,0";"0,00019607843137255644";"0,4880718954248366";"0,024248366013071853";"False";"BATANG TUBUH";"PASAL 2"
"26";"TAHUN";"353,52";"398,00399999999996";"66,096";"78,096";"612,0";"AWKBDA+BookmanOldStyle-Bold";"12,0";"375,76199999999994";"306,0";"0,11399019607843128";"0,5776470588235294";"0,07268627450980389";"True";"BATANG TUBUH";"PASAL 2"
"26";"NO. KELOMPOK AHLI RUPIAH/BULAN";"150,65";"540,79";"77,29600000000005";"89,29600000000005";"612,0";"AWKBDA+BookmanOldStyle-Bold";"12,0";"345,71999999999997";"306,0";"0,06490196078431368";"0,24616013071895426";"0,6374836601307189";"True";"BATANG TUBUH";"PASAL 2"
"26";"PENGALAMAN";"331,5";"419,952";"88,70600000000002";"100,70600000000002";"612,0";"AWKBDA+BookmanOldStyle-Bold";"12,0";"375,726";"306,0";"0,11393137254901961";"0,5416666666666666";"0,14452941176470588";"True";"BATANG TUBUH";"PASAL 2"
"26";"3 6 8 25.783.000,00";"335,33";"537,798";"112,12";"124,12";"612,0";"AWCPPO+BookmanOldStyle";"12,0";"436,56399999999996";"306,0";"0,2133398692810457";"0,5479248366013072";"0,3308300653594772";"False";"BATANG TUBUH";"PASAL 2"
"26";"4 7 9 27.094.000,00";"335,33";"537,798";"136,92000000000007";"148,92000000000007";"612,0";"AWCPPO+BookmanOldStyle";"12,0";"436,56399999999996";"306,0";"0,2133398692810457";"0,5479248366013072";"0,3308300653594772";"False";"BATANG TUBUH";"PASAL 2"
"26";"5 8 10 28.405.000,00";"335,33";"537,798";"161,5300000000001";"173,5300000000001";"612,0";"AWCPPO+BookmanOldStyle";"12,0";"436,56399999999996";"306,0";"0,2133398692810457";"0,5479248366013072";"0,3308300653594772";"False";"BATANG TUBUH";"PASAL 2"
"26";"6 9 11 29.716.000,00";"335,33";"537,798";"186,1500000000001";"198,1500000000001";"612,0";"AWCPPO+BookmanOldStyle";"12,0";"436,56399999999996";"306,0";"0,2133398692810457";"0,5479248366013072";"0,3308300653594772";"False";"BATANG TUBUH";"PASAL 2"
"26";"7 10 12 31.027.000,00";"335,33";"537,798";"210,75";"222,75";"612,0";"AWCPPO+BookmanOldStyle";"12,0";"436,56399999999996";"306,0";"0,2133398692810457";"0,5479248366013072";"0,3308300653594772";"False";"BATANG TUBUH";"PASAL 2"
"26";"8 11 13 32.338.000,00";"335,33";"537,798";"235,55000000000007";"247,55000000000007";"612,0";"AWCPPO+BookmanOldStyle";"12,0";"436,56399999999996";"306,0";"0,2133398692810457";"0,5479248366013072";"0,3308300653594772";"False";"BATANG TUBUH";"PASAL 2"
"26";"9 12 14 33.649.000,00";"335,33";"537,798";"260,1500000000001";"272,1500000000001";"612,0";"AWCPPO+BookmanOldStyle";"12,0";"436,56399999999996";"306,0";"0,2133398692810457";"0,5479248366013072";"0,3308300653594772";"False";"BATANG TUBUH";"PASAL 2"
"26";"10 13 15 34.960.000,00";"331,5";"537,798";"284,75";"296,75";"612,0";"AWCPPO+BookmanOldStyle";"12,0";"434,649";"306,0";"0,2102107843137255";"0,5416666666666666";"0,33708823529411763";"False";"BATANG TUBUH";"PASAL 2"
"26";"11 14 16 36.271.000,00";"331,5";"537,798";"309,37";"321,37";"612,0";"AWCPPO+BookmanOldStyle";"12,0";"434,649";"306,0";"0,2102107843137255";"0,5416666666666666";"0,33708823529411763";"False";"BATANG TUBUH";"PASAL 2"
"26";"12 15 17 37.582.000,00";"331,5";"537,798";"334,1700000000001";"346,1700000000001";"612,0";"AWCPPO+BookmanOldStyle";"12,0";"434,649";"306,0";"0,2102107843137255";"0,5416666666666666";"0,33708823529411763";"False";"BATANG TUBUH";"PASAL 2"
"26";"13 16 18 38.893.000,00";"331,5";"537,798";"358,7700000000001";"370,7700000000001";"612,0";"AWCPPO+BookmanOldStyle";"12,0";"434,649";"306,0";"0,2102107843137255";"0,5416666666666666";"0,33708823529411763";"False";"BATANG TUBUH";"PASAL 2"
"26";"14 17 19 40.204.000,00";"331,5";"537,798";"383,37";"395,37";"612,0";"AWCPPO+BookmanOldStyle";"12,0";"434,649";"306,0";"0,2102107843137255";"0,5416666666666666";"0,33708823529411763";"False";"BATANG TUBUH";"PASAL 2"
"26";"15 18 20 41.515.000,00";"331,5";"537,798";"407,98";"419,98";"612,0";"AWCPPO+BookmanOldStyle";"12,0";"434,649";"306,0";"0,2102107843137255";"0,5416666666666666";"0,33708823529411763";"False";"BATANG TUBUH";"PASAL 2"
"26";"16 19 21 42.826.000,00";"331,5";"537,798";"432,8";"444,8";"612,0";"AWCPPO+BookmanOldStyle";"12,0";"434,649";"306,0";"0,2102107843137255";"0,5416666666666666";"0,33708823529411763";"False";"BATANG TUBUH";"PASAL 2"
"26";"17 20 22 44.137.000,00";"331,5";"537,798";"457,4";"469,4";"612,0";"AWCPPO+BookmanOldStyle";"12,0";"434,649";"306,0";"0,2102107843137255";"0,5416666666666666";"0,33708823529411763";"False";"BATANG TUBUH";"PASAL 2"
"26";"18 21 23 45.448.000,00";"331,5";"537,798";"482,0";"494,0";"612,0";"AWCPPO+BookmanOldStyle";"12,0";"434,649";"306,0";"0,2102107843137255";"0,5416666666666666";"0,33708823529411763";"False";"BATANG TUBUH";"PASAL 2"
"26";"2) Untuk Tenaga Ahli Berpendidikan S2 terdapat pada Tabel B.3.2";"120,45";"555,2699999999999";"520,576";"532,5999999999999";"612,0";"AWCPPO+BookmanOldStyle";"12,0";"337,85999999999996";"306,0";"0,05205882352941169";"0,19681372549019607";"0,7104901960784312";"False";"BATANG TUBUH";"PASAL 2"
"26";"sebagai berikut:";"141,65";"235,826";"541,8199999999999";"553,8199999999999";"612,0";"AWCPPO+BookmanOldStyle";"12,0";"188,738";"306,0";"0,19160457516339868";"0,23145424836601308";"0,15388235294117644";"False";"BATANG TUBUH";"PASAL 2"
"26";"Tabel B.3.2";"313,3";"383,43399999999997";"577,006";"589,006";"612,0";"AWKBDA+BookmanOldStyle-Bold";"12,0";"348,36699999999996";"306,0";"0,06922712418300647";"0,5119281045751635";"0,1145980392156862";"False";"BATANG TUBUH";"PASAL 2"
"26";"TAHUN";"352,32";"396,804";"602,006";"614,006";"612,0";"AWKBDA+BookmanOldStyle-Bold";"12,0";"374,562";"306,0";"0,1120294117647059";"0,5756862745098039";"0,07268627450980389";"True";"BATANG TUBUH";"PASAL 2"
"26";"NO. KELOMPOK AHLI RUPIAH/BULAN";"150,65";"541,1899999999999";"613,396";"625,396";"612,0";"AWKBDA+BookmanOldStyle-Bold";"12,0";"345,91999999999996";"306,0";"0,06522875816993458";"0,24616013071895426";"0,6381372549019607";"True";"BATANG TUBUH";"PASAL 2"
"26";"PENGALAMAN";"330,3";"418,752";"624,596";"636,596";"612,0";"AWKBDA+BookmanOldStyle-Bold";"12,0";"374,526";"306,0";"0,11197058823529414";"0,5397058823529411";"0,14452941176470588";"True";"BATANG TUBUH";"PASAL 2"
"26";"1. Ahli Muda 1 24.690.500,00";"156,45";"537,5980000000001";"654,22";"666,22";"612,0";"AWCPPO+BookmanOldStyle";"12,0";"347,024";"306,0";"0,0670326797385621";"0,25563725490196076";"0,6227908496732028";"False";"BATANG TUBUH";"PASAL 2"
"26";"2 26.220.000,00";"409,95";"537,5980000000001";"683,65";"695,65";"612,0";"AWCPPO+BookmanOldStyle";"12,0";"473,774";"306,0";"0,27414052287581697";"0,6698529411764705";"0,20857516339869295";"False";"BATANG TUBUH";"PASAL 2"
"26";"2. Ahli Madya 1 3 27.968.000,00";"156,45";"537,5980000000001";"713,25";"725,25";"612,0";"AWCPPO+BookmanOldStyle";"12,0";"347,024";"306,0";"0,0670326797385621";"0,25563725490196076";"0,6227908496732028";"False";"BATANG TUBUH";"PASAL 2"
"26";"2 4 29.497.500,00";"370,93";"537,5980000000001";"742,85";"754,85";"612,0";"AWCPPO+BookmanOldStyle";"12,0";"454,264";"306,0";"0,24226143790849675";"0,6060947712418301";"0,2723333333333334";"False";"BATANG TUBUH";"PASAL 2"
"26";"3 5 31.245.500,00";"370,93";"537,5980000000001";"772,45";"784,45";"612,0";"AWCPPO+BookmanOldStyle";"12,0";"454,264";"306,0";"0,24226143790849675";"0,6060947712418301";"0,2723333333333334";"False";"BATANG TUBUH";"PASAL 2"
"26";"3. Ahli Utama 1 4 6 32.775.000,00";"156,45";"537,5980000000001";"801,87";"813,87";"612,0";"AWCPPO+BookmanOldStyle";"12,0";"347,024";"306,0";"0,0670326797385621";"0,25563725490196076";"0,6227908496732028";"False";"BATANG TUBUH";"PASAL 2"
"26";"2 5 7 34.304.500,00";"331,9";"537,5980000000001";"831,475";"843,475";"612,0";"AWCPPO+BookmanOldStyle";"12,0";"434,749";"306,0";"0,210374183006536";"0,5423202614379085";"0,33610784313725506";"False";"BATANG TUBUH";"PASAL 2"
"27";"19";"298,7";"313,53999999999996";"37,90000000000009";"49,90000000000009";"612,0";"AWCPPO+BookmanOldStyle";"12,0";"306,12";"306,0";"0,00019607843137255644";"0,4880718954248366";"0,024248366013071853";"False";"BATANG TUBUH";"PASAL 2"
"27";"TAHUN";"352,32";"396,804";"69,096";"81,096";"612,0";"AWKBDA+BookmanOldStyle-Bold";"12,0";"374,562";"306,0";"0,1120294117647059";"0,5756862745098039";"0,07268627450980389";"True";"BATANG TUBUH";"PASAL 2"
"27";"NO. KELOMPOK AHLI RUPIAH/BULAN";"150,65";"541,1899999999999";"80,29600000000005";"92,29600000000005";"612,0";"AWKBDA+BookmanOldStyle-Bold";"12,0";"345,91999999999996";"306,0";"0,06522875816993458";"0,24616013071895426";"0,6381372549019607";"True";"BATANG TUBUH";"PASAL 2"
"27";"PENGALAMAN";"330,3";"418,752";"91,70600000000002";"103,70600000000002";"612,0";"AWKBDA+BookmanOldStyle-Bold";"12,0";"374,526";"306,0";"0,11197058823529414";"0,5397058823529411";"0,14452941176470588";"True";"BATANG TUBUH";"PASAL 2"
"27";"3 6 8 36.052.500,00";"331,9";"537,5980000000001";"121,12";"133,12";"612,0";"AWCPPO+BookmanOldStyle";"12,0";"434,749";"306,0";"0,210374183006536";"0,5423202614379085";"0,33610784313725506";"False";"BATANG TUBUH";"PASAL 2"
"27";"4 7 9 37.582.000,00";"331,9";"537,5980000000001";"150,73000000000002";"162,73000000000002";"612,0";"AWCPPO+BookmanOldStyle";"12,0";"434,749";"306,0";"0,210374183006536";"0,5423202614379085";"0,33610784313725506";"False";"BATANG TUBUH";"PASAL 2"
"27";"5 8 10 39.111.500,00";"331,9";"537,5980000000001";"180,35000000000002";"192,35000000000002";"612,0";"AWCPPO+BookmanOldStyle";"12,0";"434,749";"306,0";"0,210374183006536";"0,5423202614379085";"0,33610784313725506";"False";"BATANG TUBUH";"PASAL 2"
"27";"6 9 11 40.859.500,00";"331,9";"537,5980000000001";"209,75";"221,75";"612,0";"AWCPPO+BookmanOldStyle";"12,0";"434,749";"306,0";"0,210374183006536";"0,5423202614379085";"0,33610784313725506";"False";"BATANG TUBUH";"PASAL 2"
"27";"7 10 12 42.389.000,00";"331,9";"537,5980000000001";"239,35000000000002";"251,35000000000002";"612,0";"AWCPPO+BookmanOldStyle";"12,0";"434,749";"306,0";"0,210374183006536";"0,5423202614379085";"0,33610784313725506";"False";"BATANG TUBUH";"PASAL 2"
"27";"8 11 13 43.918.500,00";"331,9";"537,5980000000001";"268,95000000000005";"280,95000000000005";"612,0";"AWCPPO+BookmanOldStyle";"12,0";"434,749";"306,0";"0,210374183006536";"0,5423202614379085";"0,33610784313725506";"False";"BATANG TUBUH";"PASAL 2"
"27";"9 12 14 45.666.500,00";"331,9";"537,5980000000001";"298,37";"310,37";"612,0";"AWCPPO+BookmanOldStyle";"12,0";"434,749";"306,0";"0,210374183006536";"0,5423202614379085";"0,33610784313725506";"False";"BATANG TUBUH";"PASAL 2"
"27";"10 13 15 47.196.000,00";"328,3";"537,5980000000001";"327,98";"339,98";"612,0";"AWCPPO+BookmanOldStyle";"12,0";"432,94900000000007";"306,0";"0,20743300653594782";"0,536437908496732";"0,34199019607843145";"False";"BATANG TUBUH";"PASAL 2"
"27";"11 14 16 48.725.500,00";"328,3";"537,5980000000001";"357,57000000000005";"369,57000000000005";"612,0";"AWCPPO+BookmanOldStyle";"12,0";"432,94900000000007";"306,0";"0,20743300653594782";"0,536437908496732";"0,34199019607843145";"False";"BATANG TUBUH";"PASAL 2"
"27";"12 15 17 48.725.500,00";"328,3";"537,5980000000001";"386,98";"398,98";"612,0";"AWCPPO+BookmanOldStyle";"12,0";"432,94900000000007";"306,0";"0,20743300653594782";"0,536437908496732";"0,34199019607843145";"False";"BATANG TUBUH";"PASAL 2"
"27";"13 16 18 52.003.000,00";"328,3";"537,5980000000001";"416,57000000000005";"428,57";"612,0";"AWCPPO+BookmanOldStyle";"11,999999999999943";"432,94900000000007";"306,0";"0,20743300653594782";"0,536437908496732";"0,34199019607843145";"False";"BATANG TUBUH";"PASAL 2"
"27";"14 17 19 53.532.500,00";"328,3";"537,5980000000001";"446,2";"458,2";"612,0";"AWCPPO+BookmanOldStyle";"12,0";"432,94900000000007";"306,0";"0,20743300653594782";"0,536437908496732";"0,34199019607843145";"False";"BATANG TUBUH";"PASAL 2"
"27";"15 18 20 55.280.500,00";"328,3";"537,5980000000001";"475,8";"487,8";"612,0";"AWCPPO+BookmanOldStyle";"12,0";"432,94900000000007";"306,0";"0,20743300653594782";"0,536437908496732";"0,34199019607843145";"False";"BATANG TUBUH";"PASAL 2"
"27";"16 19 21 56.810.000,00";"328,3";"537,5980000000001";"505,2";"517,2";"612,0";"AWCPPO+BookmanOldStyle";"12,0";"432,94900000000007";"306,0";"0,20743300653594782";"0,536437908496732";"0,34199019607843145";"False";"BATANG TUBUH";"PASAL 2"
"27";"17 20 22 58.339.500,00";"328,3";"537,5980000000001";"534,8";"546,8";"612,0";"AWCPPO+BookmanOldStyle";"12,0";"432,94900000000007";"306,0";"0,20743300653594782";"0,536437908496732";"0,34199019607843145";"False";"BATANG TUBUH";"PASAL 2"
"27";"18 21 23 60.087.500,00";"328,3";"537,5980000000001";"564,4200000000001";"576,4200000000001";"612,0";"AWCPPO+BookmanOldStyle";"12,0";"432,94900000000007";"306,0";"0,20743300653594782";"0,536437908496732";"0,34199019607843145";"False";"BATANG TUBUH";"PASAL 2"
"27";"3) Untuk Tenaga Ahli Berpendidikan S3 terdapat pada Tabel B.3.3";"120,45";"555,2699999999999";"612,006";"624,03";"612,0";"AWCPPO+BookmanOldStyle";"12,0";"337,85999999999996";"306,0";"0,05205882352941169";"0,19681372549019607";"0,7104901960784312";"False";"BATANG TUBUH";"PASAL 2"
"27";"sebagai berikut:";"141,65";"235,826";"633,23";"645,23";"612,0";"AWCPPO+BookmanOldStyle";"12,0";"188,738";"306,0";"0,19160457516339868";"0,23145424836601308";"0,15388235294117644";"False";"BATANG TUBUH";"PASAL 2"
"27";"Tabel B.3.3";"313,3";"383,43399999999997";"654,1959999999999";"666,1959999999999";"612,0";"AWKBDA+BookmanOldStyle-Bold";"12,0";"348,36699999999996";"306,0";"0,06922712418300647";"0,5119281045751635";"0,1145980392156862";"False";"BATANG TUBUH";"PASAL 2"
"27";"TAHUN";"352,93";"397,414";"675,826";"687,826";"612,0";"AWKBDA+BookmanOldStyle-Bold";"11,999999999999972";"375,172";"306,0";"0,11302614379084971";"0,5766830065359477";"0,07268627450980389";"True";"BATANG TUBUH";"PASAL 2"
"27";"NO. KELOMPOK AHLI RUPIAH/BULAN";"151,45";"541,79";"684,026";"696,026";"612,0";"AWKBDA+BookmanOldStyle-Bold";"12,0";"346,62";"306,0";"0,06637254901960785";"0,2474673202614379";"0,6378104575163398";"True";"BATANG TUBUH";"PASAL 2"
"27";"PENGALAMAN";"330,9";"419,352";"692,026";"704,026";"612,0";"AWKBDA+BookmanOldStyle-Bold";"12,0";"375,126";"306,0";"0,11295098039215683";"0,5406862745098039";"0,14452941176470588";"True";"BATANG TUBUH";"PASAL 2"
"27";"1. Ahli Muda 1 28.706.000,00";"157,05";"538,5980000000001";"711,85";"723,85";"612,0";"AWCPPO+BookmanOldStyle";"12,0";"347,82400000000007";"306,0";"0,06833986928104586";"0,25661764705882356";"0,6234444444444446";"False";"BATANG TUBUH";"PASAL 2"
"27";"2 30.558.000,00";"411,35";"538,5980000000001";"733,85";"745,85";"612,0";"AWCPPO+BookmanOldStyle";"12,0";"474,97400000000005";"306,0";"0,27610130718954257";"0,672140522875817";"0,20792156862745106";"False";"BATANG TUBUH";"PASAL 2"
"27";"2. Ahli Madya 1 3 32.410.000,00";"157,05";"538,5980000000001";"755,85";"767,85";"612,0";"AWCPPO+BookmanOldStyle";"12,0";"347,82400000000007";"306,0";"0,06833986928104586";"0,25661764705882356";"0,6234444444444446";"False";"BATANG TUBUH";"PASAL 2"
"27";"2 4 34.262.000,00";"372,33";"538,5980000000001";"777,85";"789,85";"612,0";"AWCPPO+BookmanOldStyle";"12,0";"455,46400000000006";"306,0";"0,2442222222222223";"0,6083823529411765";"0,27167973856209165";"False";"BATANG TUBUH";"PASAL 2"
"27";"3 5 36.114.000,00";"372,33";"538,5980000000001";"799,87";"811,87";"612,0";"AWCPPO+BookmanOldStyle";"12,0";"455,46400000000006";"306,0";"0,2442222222222223";"0,6083823529411765";"0,27167973856209165";"False";"BATANG TUBUH";"PASAL 2"
"27";"3. Ahli Utama 1 4 6 39.818.000,00";"157,05";"538,5980000000001";"821,87";"833,87";"612,0";"AWCPPO+BookmanOldStyle";"12,0";"347,82400000000007";"306,0";"0,06833986928104586";"0,25661764705882356";"0,6234444444444446";"False";"BATANG TUBUH";"PASAL 2"
"27";"2 5 7 41.670.000,00";"332,5";"538,5980000000001";"843,875";"855,875";"612,0";"AWCPPO+BookmanOldStyle";"12,0";"435,54900000000004";"306,0";"0,21168137254901967";"0,5433006535947712";"0,33676143790849683";"False";"BATANG TUBUH";"PASAL 2"
"28";"20";"298,7";"313,53999999999996";"37,90000000000009";"49,90000000000009";"612,0";"AWCPPO+BookmanOldStyle";"12,0";"306,12";"306,0";"0,00019607843137255644";"0,4880718954248366";"0,024248366013071853";"False";"BATANG TUBUH";"PASAL 2"
"28";"TAHUN";"352,93";"397,414";"65,50600000000009";"77,50600000000009";"612,0";"AWKBDA+BookmanOldStyle-Bold";"12,0";"375,172";"306,0";"0,11302614379084971";"0,5766830065359477";"0,07268627450980389";"True";"BATANG TUBUH";"PASAL 2"
"28";"NO. KELOMPOK AHLI RUPIAH/BULAN";"151,45";"541,79";"73,70600000000002";"85,70600000000002";"612,0";"AWKBDA+BookmanOldStyle-Bold";"12,0";"346,62";"306,0";"0,06637254901960785";"0,2474673202614379";"0,6378104575163398";"True";"BATANG TUBUH";"PASAL 2"
"28";"PENGALAMAN";"330,9";"419,352";"81,70600000000002";"93,70600000000002";"612,0";"AWKBDA+BookmanOldStyle-Bold";"12,0";"375,126";"306,0";"0,11295098039215683";"0,5406862745098039";"0,14452941176470588";"True";"BATANG TUBUH";"PASAL 2"
"28";"3 6 8 43.522.000,00";"332,5";"538,5980000000001";"101,53000000000009";"113,53000000000009";"612,0";"AWCPPO+BookmanOldStyle";"12,0";"435,54900000000004";"306,0";"0,21168137254901967";"0,5433006535947712";"0,33676143790849683";"False";"BATANG TUBUH";"PASAL 2"
"28";"4 7 9 45.374.000,00";"332,5";"538,5980000000001";"123,53000000000009";"135,5300000000001";"612,0";"AWCPPO+BookmanOldStyle";"12,0";"435,54900000000004";"306,0";"0,21168137254901967";"0,5433006535947712";"0,33676143790849683";"False";"BATANG TUBUH";"PASAL 2"
"28";"5 8 10 47.226.000,00";"332,5";"538,5980000000001";"145,5300000000001";"157,5300000000001";"612,0";"AWCPPO+BookmanOldStyle";"12,0";"435,54900000000004";"306,0";"0,21168137254901967";"0,5433006535947712";"0,33676143790849683";"False";"BATANG TUBUH";"PASAL 2"
"28";"6 9 11 49.078.000,00";"332,5";"538,5980000000001";"167,5300000000001";"179,5300000000001";"612,0";"AWCPPO+BookmanOldStyle";"12,0";"435,54900000000004";"306,0";"0,21168137254901967";"0,5433006535947712";"0,33676143790849683";"False";"BATANG TUBUH";"PASAL 2"
"28";"7 10 12 50.930.000,00";"332,5";"538,5980000000001";"189,55000000000007";"201,55000000000007";"612,0";"AWCPPO+BookmanOldStyle";"12,0";"435,54900000000004";"306,0";"0,21168137254901967";"0,5433006535947712";"0,33676143790849683";"False";"BATANG TUBUH";"PASAL 2"
"28";"8 11 13 52.782.000,00";"332,5";"538,5980000000001";"211,55000000000007";"223,55000000000007";"612,0";"AWCPPO+BookmanOldStyle";"12,0";"435,54900000000004";"306,0";"0,21168137254901967";"0,5433006535947712";"0,33676143790849683";"False";"BATANG TUBUH";"PASAL 2"
"28";"9 12 14 54.634.000,00";"332,5";"538,5980000000001";"233,55000000000007";"245,55000000000007";"612,0";"AWCPPO+BookmanOldStyle";"12,0";"435,54900000000004";"306,0";"0,21168137254901967";"0,5433006535947712";"0,33676143790849683";"False";"BATANG TUBUH";"PASAL 2"
"28";"10 13 15 56.486.000,00";"328,7";"538,5980000000001";"255,55000000000007";"267,55000000000007";"612,0";"AWCPPO+BookmanOldStyle";"12,0";"433,649";"306,0";"0,2085767973856209";"0,5370915032679738";"0,34297058823529425";"False";"BATANG TUBUH";"PASAL 2"
"28";"11 14 16 58.338.000,00";"328,7";"538,5980000000001";"277,55000000000007";"289,55000000000007";"612,0";"AWCPPO+BookmanOldStyle";"12,0";"433,649";"306,0";"0,2085767973856209";"0,5370915032679738";"0,34297058823529425";"False";"BATANG TUBUH";"PASAL 2"
"28";"12 15 17 60.190.000,00";"328,7";"538,5980000000001";"299,57000000000005";"311,57000000000005";"612,0";"AWCPPO+BookmanOldStyle";"12,0";"433,649";"306,0";"0,2085767973856209";"0,5370915032679738";"0,34297058823529425";"False";"BATANG TUBUH";"PASAL 2"
"28";"13 16 18 62.042.000,00";"328,7";"538,5980000000001";"321,57000000000005";"333,57000000000005";"612,0";"AWCPPO+BookmanOldStyle";"12,0";"433,649";"306,0";"0,2085767973856209";"0,5370915032679738";"0,34297058823529425";"False";"BATANG TUBUH";"PASAL 2"
"28";"14 17 19 63.894.000,00";"328,7";"538,5980000000001";"343,57000000000005";"355,57000000000005";"612,0";"AWCPPO+BookmanOldStyle";"12,0";"433,649";"306,0";"0,2085767973856209";"0,5370915032679738";"0,34297058823529425";"False";"BATANG TUBUH";"PASAL 2"
"28";"15 18 20 65.746.000,00";"328,7";"538,5980000000001";"365,57000000000005";"377,57000000000005";"612,0";"AWCPPO+BookmanOldStyle";"12,0";"433,649";"306,0";"0,2085767973856209";"0,5370915032679738";"0,34297058823529425";"False";"BATANG TUBUH";"PASAL 2"
"28";"16 19 21 67.598.000,00";"328,7";"538,5980000000001";"387,57000000000005";"399,57000000000005";"612,0";"AWCPPO+BookmanOldStyle";"12,0";"433,649";"306,0";"0,2085767973856209";"0,5370915032679738";"0,34297058823529425";"False";"BATANG TUBUH";"PASAL 2"
"28";"17 20 22 69.450.000,00";"328,7";"538,5980000000001";"409,57000000000005";"421,57000000000005";"612,0";"AWCPPO+BookmanOldStyle";"12,0";"433,649";"306,0";"0,2085767973856209";"0,5370915032679738";"0,34297058823529425";"False";"BATANG TUBUH";"PASAL 2"
"28";"18 21 23 71.302.000,00";"328,7";"538,5980000000001";"431,4";"443,4";"612,0";"AWCPPO+BookmanOldStyle";"12,0";"433,649";"306,0";"0,2085767973856209";"0,5370915032679738";"0,34297058823529425";"False";"BATANG TUBUH";"PASAL 2"
"28";"B. JASA TENAGA AHLI/JASA KONSULTANSI KONSTRUKSI - BIDANG";"99,225";"555,336";"464,59999999999997";"476,59999999999997";"612,0";"AWCPPO+BookmanOldStyle";"12,0";"327,2805";"306,0";"0,03477205882352944";"0,16213235294117645";"0,7452794117647059";"True";"BATANG TUBUH";"PASAL 2"
"28";"PERENCANAAN/PENGAWASAN";"120,45";"308,39399999999995";"488,2";"500,2";"612,0";"AWCPPO+BookmanOldStyle";"12,0";"214,42199999999997";"306,0";"0,14963725490196084";"0,19681372549019607";"0,30709803921568624";"True";"BATANG TUBUH";"PASAL 2"
"28";"1) Untuk Tenaga Ahli Berpendidikan S1 terdapat pada Tabel B.3.4";"120,45";"555,3";"511,776";"523,8";"612,0";"AWCPPO+BookmanOldStyle";"12,0";"337,875";"306,0";"0,052083333333333336";"0,19681372549019607";"0,7105392156862744";"False";"BATANG TUBUH";"PASAL 2"
"28";"sebagai berikut:";"138,25";"232,426";"535,5999999999999";"547,5999999999999";"612,0";"AWCPPO+BookmanOldStyle";"12,0";"185,338";"306,0";"0,19716013071895425";"0,22589869281045752";"0,15388235294117644";"False";"BATANG TUBUH";"PASAL 2"
"28";"Tabel B.3.4";"313,3";"383,43399999999997";"559,2059999999999";"571,2059999999999";"612,0";"AWKBDA+BookmanOldStyle-Bold";"12,0";"348,36699999999996";"306,0";"0,06922712418300647";"0,5119281045751635";"0,1145980392156862";"False";"BATANG TUBUH";"PASAL 2"
"28";"TAHUN";"352,72";"397,204";"583,396";"595,396";"612,0";"AWKBDA+BookmanOldStyle-Bold";"12,0";"374,962";"306,0";"0,11268300653594769";"0,5763398692810457";"0,07268627450980389";"True";"BATANG TUBUH";"PASAL 2"
"28";"NO. KELOMPOK AHLI RUPIAH/BULAN";"151,45";"541,59";"595,1959999999999";"607,1959999999999";"612,0";"AWKBDA+BookmanOldStyle-Bold";"12,0";"346,52";"306,0";"0,06620915032679736";"0,2474673202614379";"0,637483660130719";"True";"BATANG TUBUH";"PASAL 2"
"28";"PENGALAMAN";"330,7";"419,152";"606,996";"618,996";"612,0";"AWKBDA+BookmanOldStyle-Bold";"12,0";"374,926";"306,0";"0,11262418300653593";"0,540359477124183";"0,14452941176470588";"True";"BATANG TUBUH";"PASAL 2"
"28";"1. Ahli Muda 1 18.057.000,00";"157,05";"538,398";"631,22";"643,22";"612,0";"AWCPPO+BookmanOldStyle";"12,0";"347,72400000000005";"306,0";"0,06817647058823537";"0,25661764705882356";"0,6231176470588236";"False";"BATANG TUBUH";"PASAL 2"
"28";"2 19.446.000,00";"411,95";"538,398";"655,4200000000001";"667,4200000000001";"612,0";"AWCPPO+BookmanOldStyle";"12,0";"475,174";"306,0";"0,27642810457516337";"0,6731209150326797";"0,20661437908496738";"False";"BATANG TUBUH";"PASAL 2"
"28";"2. Ahli Madya 1 3 21.066.500,00";"157,05";"538,398";"679,45";"691,45";"612,0";"AWCPPO+BookmanOldStyle";"12,0";"347,72400000000005";"306,0";"0,06817647058823537";"0,25661764705882356";"0,6231176470588236";"False";"BATANG TUBUH";"PASAL 2"
"28";"2 4 22.455.500,00";"372,92";"538,398";"703,65";"715,65";"612,0";"AWCPPO+BookmanOldStyle";"12,0";"455,659";"306,0";"0,2445408496732026";"0,6093464052287582";"0,2703888888888889";"False";"BATANG TUBUH";"PASAL 2"
"28";"3 5 23.844.500,00";"372,92";"538,398";"727,85";"739,85";"612,0";"AWCPPO+BookmanOldStyle";"12,0";"455,659";"306,0";"0,2445408496732026";"0,6093464052287582";"0,2703888888888889";"False";"BATANG TUBUH";"PASAL 2"
"28";"3. Ahli Utama 1 4 6 25.233.500,00";"157,05";"538,398";"752,05";"764,05";"612,0";"AWCPPO+BookmanOldStyle";"12,0";"347,72400000000005";"306,0";"0,06817647058823537";"0,25661764705882356";"0,6231176470588236";"False";"BATANG TUBUH";"PASAL 2"
"28";"2 5 7 26.622.500,00";"332,5";"538,398";"776,05";"788,05";"612,0";"AWCPPO+BookmanOldStyle";"12,0";"435,449";"306,0";"0,21151797385620916";"0,5433006535947712";"0,33643464052287586";"False";"BATANG TUBUH";"PASAL 2"
"28";"3 6 8 28.011.500,00";"332,5";"538,398";"800,27";"812,27";"612,0";"AWCPPO+BookmanOldStyle";"12,000000000000014";"435,449";"306,0";"0,21151797385620916";"0,5433006535947712";"0,33643464052287586";"False";"BATANG TUBUH";"PASAL 2"
"28";"4 7 9 29.632.000,00";"332,5";"538,398";"824,48";"836,48";"612,0";"AWCPPO+BookmanOldStyle";"12,0";"435,449";"306,0";"0,21151797385620916";"0,5433006535947712";"0,33643464052287586";"False";"BATANG TUBUH";"PASAL 2"
"28";"5 8 10 31.021.000,00";"332,5";"538,398";"848,675";"860,675";"612,0";"AWCPPO+BookmanOldStyle";"12,0";"435,449";"306,0";"0,21151797385620916";"0,5433006535947712";"0,33643464052287586";"False";"BATANG TUBUH";"PASAL 2"
"29";"21";"298,7";"313,53999999999996";"37,90000000000009";"49,90000000000009";"612,0";"AWCPPO+BookmanOldStyle";"12,0";"306,12";"306,0";"0,00019607843137255644";"0,4880718954248366";"0,024248366013071853";"False";"BATANG TUBUH";"PASAL 2"
"29";"TAHUN";"352,72";"397,204";"65,50600000000009";"77,50600000000009";"612,0";"AWKBDA+BookmanOldStyle-Bold";"12,0";"374,962";"306,0";"0,11268300653594769";"0,5763398692810457";"0,07268627450980389";"True";"BATANG TUBUH";"PASAL 2"
"29";"NO. KELOMPOK AHLI RUPIAH/BULAN";"151,45";"541,59";"77,50600000000009";"89,50600000000009";"612,0";"AWKBDA+BookmanOldStyle-Bold";"12,0";"346,52";"306,0";"0,06620915032679736";"0,2474673202614379";"0,637483660130719";"True";"BATANG TUBUH";"PASAL 2"
"29";"PENGALAMAN";"330,7";"419,152";"89,29600000000005";"101,29600000000005";"612,0";"AWKBDA+BookmanOldStyle-Bold";"12,0";"374,926";"306,0";"0,11262418300653593";"0,540359477124183";"0,14452941176470588";"True";"BATANG TUBUH";"PASAL 2"
"29";"6 9 11 32.410.000,00";"332,5";"538,398";"113,32000000000005";"125,32000000000005";"612,0";"AWCPPO+BookmanOldStyle";"12,0";"435,449";"306,0";"0,21151797385620916";"0,5433006535947712";"0,33643464052287586";"False";"BATANG TUBUH";"PASAL 2"
"29";"7 10 12 33.799.000,00";"332,5";"538,398";"137,5300000000001";"149,5300000000001";"612,0";"AWCPPO+BookmanOldStyle";"12,0";"435,449";"306,0";"0,21151797385620916";"0,5433006535947712";"0,33643464052287586";"False";"BATANG TUBUH";"PASAL 2"
"29";"8 11 13 35.188.000,00";"332,5";"538,398";"161,73000000000002";"173,73000000000002";"612,0";"AWCPPO+BookmanOldStyle";"12,0";"435,449";"306,0";"0,21151797385620916";"0,5433006535947712";"0,33643464052287586";"False";"BATANG TUBUH";"PASAL 2"
"29";"9 12 14 36.577.000,00";"332,5";"538,398";"185,95000000000005";"197,95000000000005";"612,0";"AWCPPO+BookmanOldStyle";"12,0";"435,449";"306,0";"0,21151797385620916";"0,5433006535947712";"0,33643464052287586";"False";"BATANG TUBUH";"PASAL 2"
"29";"10 13 15 38.197.500,00";"328,7";"538,398";"209,95000000000005";"221,95000000000005";"612,0";"AWCPPO+BookmanOldStyle";"12,0";"433,549";"306,0";"0,20841339869281042";"0,5370915032679738";"0,3426437908496733";"False";"BATANG TUBUH";"PASAL 2"
"29";"11 14 16 39.586.500,00";"328,7";"538,398";"234,1500000000001";"246,1500000000001";"612,0";"AWCPPO+BookmanOldStyle";"12,0";"433,549";"306,0";"0,20841339869281042";"0,5370915032679738";"0,3426437908496733";"False";"BATANG TUBUH";"PASAL 2"
"29";"12 15 17 40.975.500,00";"328,7";"538,398";"258,35";"270,35";"612,0";"AWCPPO+BookmanOldStyle";"12,0";"433,549";"306,0";"0,20841339869281042";"0,5370915032679738";"0,3426437908496733";"False";"BATANG TUBUH";"PASAL 2"
"29";"13 16 18 42.364.500,00";"328,7";"538,398";"282,55000000000007";"294,55000000000007";"612,0";"AWCPPO+BookmanOldStyle";"12,0";"433,549";"306,0";"0,20841339869281042";"0,5370915032679738";"0,3426437908496733";"False";"BATANG TUBUH";"PASAL 2"
"29";"14 17 19 43.753.500,00";"328,7";"538,398";"306,7800000000001";"318,7800000000001";"612,0";"AWCPPO+BookmanOldStyle";"12,0";"433,549";"306,0";"0,20841339869281042";"0,5370915032679738";"0,3426437908496733";"False";"BATANG TUBUH";"PASAL 2"
"29";"15 18 20 45.142.500,00";"328,7";"538,398";"330,7700000000001";"342,7700000000001";"612,0";"AWCPPO+BookmanOldStyle";"12,0";"433,549";"306,0";"0,20841339869281042";"0,5370915032679738";"0,3426437908496733";"False";"BATANG TUBUH";"PASAL 2"
"29";"16 19 21 46.763.000,00";"328,7";"538,398";"354,98";"366,98";"612,0";"AWCPPO+BookmanOldStyle";"12,0";"433,549";"306,0";"0,20841339869281042";"0,5370915032679738";"0,3426437908496733";"False";"BATANG TUBUH";"PASAL 2"
"29";"17 20 22 48.152.000,00";"328,7";"538,398";"379,1700000000001";"391,1700000000001";"612,0";"AWCPPO+BookmanOldStyle";"12,0";"433,549";"306,0";"0,20841339869281042";"0,5370915032679738";"0,3426437908496733";"False";"BATANG TUBUH";"PASAL 2"
"29";"18 21 23 49.541.000,00";"328,7";"538,398";"403,38";"415,38";"612,0";"AWCPPO+BookmanOldStyle";"12,0";"433,549";"306,0";"0,20841339869281042";"0,5370915032679738";"0,3426437908496733";"False";"BATANG TUBUH";"PASAL 2"
"29";"19 22 24 50.930.000,00";"328,7";"538,398";"427,4";"439,4";"612,0";"AWCPPO+BookmanOldStyle";"12,0";"433,549";"306,0";"0,20841339869281042";"0,5370915032679738";"0,3426437908496733";"False";"BATANG TUBUH";"PASAL 2"
"29";"20 23 25 52.319.000,00";"328,7";"538,398";"451,59999999999997";"463,59999999999997";"612,0";"AWCPPO+BookmanOldStyle";"12,0";"433,549";"306,0";"0,20841339869281042";"0,5370915032679738";"0,3426437908496733";"False";"BATANG TUBUH";"PASAL 2"
"29";"2) Untuk Tenaga Ahli Berpendidikan S2 terdapat pada Tabel B.3.5";"120,45";"555,2879999999999";"496,976";"509,0";"612,0";"AWCPPO+BookmanOldStyle";"12,0";"337,86899999999997";"306,0";"0,05207352941176466";"0,19681372549019607";"0,7105196078431371";"False";"BATANG TUBUH";"PASAL 2"
"29";"sebagai berikut:";"138,25";"232,426";"518,0";"530,0";"612,0";"AWCPPO+BookmanOldStyle";"12,0";"185,338";"306,0";"0,19716013071895425";"0,22589869281045752";"0,15388235294117644";"False";"BATANG TUBUH";"PASAL 2"
"29";"Tabel B.3.5";"313,3";"383,43399999999997";"539,1759999999999";"551,1759999999999";"612,0";"AWKBDA+BookmanOldStyle-Bold";"12,0";"348,36699999999996";"306,0";"0,06922712418300647";"0,5119281045751635";"0,1145980392156862";"False";"BATANG TUBUH";"PASAL 2"
"29";"TAHUN";"351,93";"396,414";"560,2059999999999";"572,2059999999999";"612,0";"AWKBDA+BookmanOldStyle-Bold";"12,0";"374,172";"306,0";"0,11139215686274515";"0,5750490196078432";"0,07268627450980389";"True";"BATANG TUBUH";"PASAL 2"
"29";"NO. KELOMPOK AHLI RUPIAH/BULAN";"151,45";"541,59";"568,1959999999999";"580,1959999999999";"612,0";"AWKBDA+BookmanOldStyle-Bold";"12,0";"346,52";"306,0";"0,06620915032679736";"0,2474673202614379";"0,637483660130719";"True";"BATANG TUBUH";"PASAL 2"
"29";"PENGALAMAN";"329,9";"418,352";"576,406";"588,406";"612,0";"AWKBDA+BookmanOldStyle-Bold";"12,0";"374,126";"306,0";"0,11131699346405224";"0,5390522875816993";"0,14452941176470588";"True";"BATANG TUBUH";"PASAL 2"
"29";"1. Ahli Muda 1 24.539.000,00";"157,05";"538,398";"596,8199999999999";"608,8199999999999";"612,0";"AWCPPO+BookmanOldStyle";"12,0";"347,72400000000005";"306,0";"0,06817647058823537";"0,25661764705882356";"0,6231176470588236";"False";"BATANG TUBUH";"PASAL 2"
"29";"2 26.159.500,00";"411,75";"538,398";"625,23";"637,23";"612,0";"AWCPPO+BookmanOldStyle";"12,0";"475,074";"306,0";"0,27626470588235297";"0,6727941176470589";"0,20694117647058827";"False";"BATANG TUBUH";"PASAL 2"
"29";"2. Ahli Madya 1 3 28.011.500,00";"157,05";"538,398";"653,62";"665,62";"612,0";"AWCPPO+BookmanOldStyle";"12,0";"347,72400000000005";"306,0";"0,06817647058823537";"0,25661764705882356";"0,6231176470588236";"False";"BATANG TUBUH";"PASAL 2"
"29";"2 4 29.863.500,00";"372,52";"538,398";"681,85";"693,85";"612,0";"AWCPPO+BookmanOldStyle";"12,0";"455,459";"306,0";"0,2442140522875817";"0,6086928104575163";"0,2710424836601308";"False";"BATANG TUBUH";"PASAL 2"
"29";"3 5 31.484.000,00";"372,52";"538,398";"710,25";"722,25";"612,0";"AWCPPO+BookmanOldStyle";"12,0";"455,459";"306,0";"0,2442140522875817";"0,6086928104575163";"0,2710424836601308";"False";"BATANG TUBUH";"PASAL 2"
"29";"3. Ahli Utama 1 4 6 33.336.000,00";"157,05";"538,398";"738,65";"750,65";"612,0";"AWCPPO+BookmanOldStyle";"12,0";"347,72400000000005";"306,0";"0,06817647058823537";"0,25661764705882356";"0,6231176470588236";"False";"BATANG TUBUH";"PASAL 2"
"29";"2 5 7 34.493.500,00";"332,5";"538,398";"766,85";"778,85";"612,0";"AWCPPO+BookmanOldStyle";"12,0";"435,449";"306,0";"0,21151797385620916";"0,5433006535947712";"0,33643464052287586";"False";"BATANG TUBUH";"PASAL 2"
"29";"3 6 8 36.808.500,00";"332,5";"538,398";"795,28";"807,28";"612,0";"AWCPPO+BookmanOldStyle";"12,0";"435,449";"306,0";"0,21151797385620916";"0,5433006535947712";"0,33643464052287586";"False";"BATANG TUBUH";"PASAL 2"
"29";"4 7 9 38.429.000,00";"332,5";"538,398";"823,6800000000001";"835,6800000000001";"612,0";"AWCPPO+BookmanOldStyle";"12,0";"435,449";"306,0";"0,21151797385620916";"0,5433006535947712";"0,33643464052287586";"False";"BATANG TUBUH";"PASAL 2"
"29";"5 8 10 40.281.000,00";"332,5";"538,398";"851,875";"863,875";"612,0";"AWCPPO+BookmanOldStyle";"12,0";"435,449";"306,0";"0,21151797385620916";"0,5433006535947712";"0,33643464052287586";"False";"BATANG TUBUH";"PASAL 2"
"30";"22";"298,7";"313,53999999999996";"37,90000000000009";"49,90000000000009";"612,0";"AWCPPO+BookmanOldStyle";"12,0";"306,12";"306,0";"0,00019607843137255644";"0,4880718954248366";"0,024248366013071853";"False";"BATANG TUBUH";"PASAL 2"
"30";"TAHUN";"351,93";"396,414";"66,29600000000005";"78,29600000000005";"612,0";"AWKBDA+BookmanOldStyle-Bold";"12,0";"374,172";"306,0";"0,11139215686274515";"0,5750490196078432";"0,07268627450980389";"True";"BATANG TUBUH";"PASAL 2"
"30";"NO. KELOMPOK AHLI RUPIAH/BULAN";"151,45";"541,59";"74,50600000000009";"86,50600000000009";"612,0";"AWKBDA+BookmanOldStyle-Bold";"12,0";"346,52";"306,0";"0,06620915032679736";"0,2474673202614379";"0,637483660130719";"True";"BATANG TUBUH";"PASAL 2"
"30";"PENGALAMAN";"329,9";"418,352";"82,50600000000009";"94,50600000000009";"612,0";"AWKBDA+BookmanOldStyle-Bold";"12,0";"374,126";"306,0";"0,11131699346405224";"0,5390522875816993";"0,14452941176470588";"True";"BATANG TUBUH";"PASAL 2"
"30";"6 9 11 42.133.000,00";"332,5";"538,398";"103,12";"115,12";"612,0";"AWCPPO+BookmanOldStyle";"12,0";"435,449";"306,0";"0,21151797385620916";"0,5433006535947712";"0,33643464052287586";"False";"BATANG TUBUH";"PASAL 2"
"30";"7 10 12 43.753.500,00";"332,5";"538,398";"131,5300000000001";"143,5300000000001";"612,0";"AWCPPO+BookmanOldStyle";"12,0";"435,449";"306,0";"0,21151797385620916";"0,5433006535947712";"0,33643464052287586";"False";"BATANG TUBUH";"PASAL 2"
"30";"8 11 13 45.605.500,00";"332,5";"538,398";"159,73000000000002";"171,73000000000002";"612,0";"AWCPPO+BookmanOldStyle";"12,0";"435,449";"306,0";"0,21151797385620916";"0,5433006535947712";"0,33643464052287586";"False";"BATANG TUBUH";"PASAL 2"
"30";"9 12 14 47.226.000,00";"332,5";"538,398";"188,1500000000001";"200,1500000000001";"612,0";"AWCPPO+BookmanOldStyle";"12,0";"435,449";"306,0";"0,21151797385620916";"0,5433006535947712";"0,33643464052287586";"False";"BATANG TUBUH";"PASAL 2"
"30";"10 13 15 49.078.000,00";"328,7";"538,398";"216,55000000000007";"228,55000000000007";"612,0";"AWCPPO+BookmanOldStyle";"12,0";"433,549";"306,0";"0,20841339869281042";"0,5370915032679738";"0,3426437908496733";"False";"BATANG TUBUH";"PASAL 2"
"30";"11 14 16 50.930.000,00";"328,7";"538,398";"244,75";"256,75";"612,0";"AWCPPO+BookmanOldStyle";"12,0";"433,549";"306,0";"0,20841339869281042";"0,5370915032679738";"0,3426437908496733";"False";"BATANG TUBUH";"PASAL 2"
"30";"12 15 17 52.550.500,00";"328,7";"538,398";"273,1500000000001";"285,1500000000001";"612,0";"AWCPPO+BookmanOldStyle";"12,0";"433,549";"306,0";"0,20841339869281042";"0,5370915032679738";"0,3426437908496733";"False";"BATANG TUBUH";"PASAL 2"
"30";"13 16 18 54.402.500,00";"328,7";"538,398";"301,57000000000005";"313,57000000000005";"612,0";"AWCPPO+BookmanOldStyle";"12,0";"433,549";"306,0";"0,20841339869281042";"0,5370915032679738";"0,3426437908496733";"False";"BATANG TUBUH";"PASAL 2"
"30";"14 17 19 56.023.000,00";"328,7";"538,398";"329,7700000000001";"341,7700000000001";"612,0";"AWCPPO+BookmanOldStyle";"12,0";"433,549";"306,0";"0,20841339869281042";"0,5370915032679738";"0,3426437908496733";"False";"BATANG TUBUH";"PASAL 2"
"30";"15 18 20 57.875.000,00";"328,7";"538,398";"358,1700000000001";"370,1700000000001";"612,0";"AWCPPO+BookmanOldStyle";"12,0";"433,549";"306,0";"0,20841339869281042";"0,5370915032679738";"0,3426437908496733";"False";"BATANG TUBUH";"PASAL 2"
"30";"16 19 21 59.495.500,00";"328,7";"538,398";"386,57000000000005";"398,57000000000005";"612,0";"AWCPPO+BookmanOldStyle";"12,0";"433,549";"306,0";"0,20841339869281042";"0,5370915032679738";"0,3426437908496733";"False";"BATANG TUBUH";"PASAL 2"
"30";"17 20 22 61.347.500,00";"328,7";"538,398";"414,78";"426,78";"612,0";"AWCPPO+BookmanOldStyle";"12,0";"433,549";"306,0";"0,20841339869281042";"0,5370915032679738";"0,3426437908496733";"False";"BATANG TUBUH";"PASAL 2"
"30";"18 21 23 63.199.500,00";"328,7";"538,398";"443,2";"455,2";"612,0";"AWCPPO+BookmanOldStyle";"12,0";"433,549";"306,0";"0,20841339869281042";"0,5370915032679738";"0,3426437908496733";"False";"BATANG TUBUH";"PASAL 2"
"30";"19 22 24 64.820.000,00";"328,7";"538,398";"471,59999999999997";"483,59999999999997";"612,0";"AWCPPO+BookmanOldStyle";"12,0";"433,549";"306,0";"0,20841339869281042";"0,5370915032679738";"0,3426437908496733";"False";"BATANG TUBUH";"PASAL 2"
"30";"20 23 25 66.672.000,00";"328,7";"538,398";"499,8";"511,8";"612,0";"AWCPPO+BookmanOldStyle";"12,0";"433,549";"306,0";"0,20841339869281042";"0,5370915032679738";"0,3426437908496733";"False";"BATANG TUBUH";"PASAL 2"
"30";"3) Untuk Tenaga Ahli Berpendidikan S3 terdapat pada Tabel B.3.6";"120,45";"555,2879999999999";"544,596";"556,62";"612,0";"AWCPPO+BookmanOldStyle";"12,0";"337,86899999999997";"306,0";"0,05207352941176466";"0,19681372549019607";"0,7105196078431371";"False";"BATANG TUBUH";"PASAL 2"
"30";"sebagai berikut:";"138,25";"232,426";"565,62";"577,62";"612,0";"AWCPPO+BookmanOldStyle";"12,0";"185,338";"306,0";"0,19716013071895425";"0,22589869281045752";"0,15388235294117644";"False";"BATANG TUBUH";"PASAL 2"
"30";"Tabel B.3.6";"313,3";"383,43399999999997";"586,796";"598,796";"612,0";"AWKBDA+BookmanOldStyle-Bold";"12,0";"348,36699999999996";"306,0";"0,06922712418300647";"0,5119281045751635";"0,1145980392156862";"False";"BATANG TUBUH";"PASAL 2"
"30";"TAHUN";"351,93";"396,414";"608,396";"620,396";"612,0";"AWKBDA+BookmanOldStyle-Bold";"12,0";"374,172";"306,0";"0,11139215686274515";"0,5750490196078432";"0,07268627450980389";"True";"BATANG TUBUH";"PASAL 2"
"30";"NO. KELOMPOK AHLI RUPIAH/BULAN";"151,45";"541,79";"619,006";"631,006";"612,0";"AWKBDA+BookmanOldStyle-Bold";"12,0";"346,62";"306,0";"0,06637254901960785";"0,2474673202614379";"0,6378104575163398";"True";"BATANG TUBUH";"PASAL 2"
"30";"PENGALAMAN";"329,9";"418,352";"629,606";"641,606";"612,0";"AWKBDA+BookmanOldStyle-Bold";"12,0";"374,126";"306,0";"0,11131699346405224";"0,5390522875816993";"0,14452941176470588";"True";"BATANG TUBUH";"PASAL 2"
"30";"1. Ahli Muda 1 31.715.500,00";"157,05";"538,5980000000001";"651,23";"663,23";"612,0";"AWCPPO+BookmanOldStyle";"12,0";"347,82400000000007";"306,0";"0,06833986928104586";"0,25661764705882356";"0,6234444444444446";"False";"BATANG TUBUH";"PASAL 2"
"30";"2 33.567.500,00";"411,75";"538,5980000000001";"672,85";"684,85";"612,0";"AWCPPO+BookmanOldStyle";"11,999999999999972";"475,17400000000004";"306,0";"0,2764281045751635";"0,6727941176470589";"0,20726797385620926";"False";"BATANG TUBUH";"PASAL 2"
"30";"2. Ahli Madya 1 3 35.419.500,00";"157,05";"538,5980000000001";"694,45";"706,45";"612,0";"AWCPPO+BookmanOldStyle";"12,0";"347,82400000000007";"306,0";"0,06833986928104586";"0,25661764705882356";"0,6234444444444446";"False";"BATANG TUBUH";"PASAL 2"
"30";"2 4 37.271.500,00";"372,72";"538,5980000000001";"716,05";"728,05";"612,0";"AWCPPO+BookmanOldStyle";"12,0";"455,65900000000005";"306,0";"0,2445408496732027";"0,6090196078431372";"0,2710424836601308";"False";"BATANG TUBUH";"PASAL 2"
"30";"3 5 39.123.500,00";"372,72";"538,5980000000001";"737,85";"749,85";"612,0";"AWCPPO+BookmanOldStyle";"12,0";"455,65900000000005";"306,0";"0,2445408496732027";"0,6090196078431372";"0,2710424836601308";"False";"BATANG TUBUH";"PASAL 2"
"30";"3. Ahli Utama 1 4 6 40.975.500,00";"157,05";"538,5980000000001";"759,45";"771,45";"612,0";"AWCPPO+BookmanOldStyle";"12,0";"347,82400000000007";"306,0";"0,06833986928104586";"0,25661764705882356";"0,6234444444444446";"False";"BATANG TUBUH";"PASAL 2"
"30";"2 5 7 42.827.500,00";"332,5";"538,5980000000001";"781,05";"793,05";"612,0";"AWCPPO+BookmanOldStyle";"12,0";"435,54900000000004";"306,0";"0,21168137254901967";"0,5433006535947712";"0,33676143790849683";"False";"BATANG TUBUH";"PASAL 2"
"30";"3 6 8 44.679.500,00";"332,5";"538,5980000000001";"802,67";"814,67";"612,0";"AWCPPO+BookmanOldStyle";"12,000000000000014";"435,54900000000004";"306,0";"0,21168137254901967";"0,5433006535947712";"0,33676143790849683";"False";"BATANG TUBUH";"PASAL 2"
"30";"4 7 9 46.531.500,00";"332,5";"538,5980000000001";"824,28";"836,28";"612,0";"AWCPPO+BookmanOldStyle";"12,0";"435,54900000000004";"306,0";"0,21168137254901967";"0,5433006535947712";"0,33676143790849683";"False";"BATANG TUBUH";"PASAL 2"
"30";"5 8 10 48.383.500,00";"332,5";"538,5980000000001";"845,875";"857,875";"612,0";"AWCPPO+BookmanOldStyle";"12,0";"435,54900000000004";"306,0";"0,21168137254901967";"0,5433006535947712";"0,33676143790849683";"False";"BATANG TUBUH";"PASAL 2"
"31";"23";"298,7";"313,53999999999996";"37,90000000000009";"49,90000000000009";"612,0";"AWCPPO+BookmanOldStyle";"12,0";"306,12";"306,0";"0,00019607843137255644";"0,4880718954248366";"0,024248366013071853";"False";"BATANG TUBUH";"PASAL 2"
"31";"TAHUN";"351,93";"396,414";"65,50600000000009";"77,50600000000009";"612,0";"AWKBDA+BookmanOldStyle-Bold";"12,0";"374,172";"306,0";"0,11139215686274515";"0,5750490196078432";"0,07268627450980389";"True";"BATANG TUBUH";"PASAL 2"
"31";"NO. KELOMPOK AHLI RUPIAH/BULAN";"151,45";"541,79";"76,096";"88,096";"612,0";"AWKBDA+BookmanOldStyle-Bold";"12,0";"346,62";"306,0";"0,06637254901960785";"0,2474673202614379";"0,6378104575163398";"True";"BATANG TUBUH";"PASAL 2"
"31";"PENGALAMAN";"329,9";"418,352";"86,70600000000002";"98,70600000000002";"612,0";"AWKBDA+BookmanOldStyle-Bold";"12,0";"374,126";"306,0";"0,11131699346405224";"0,5390522875816993";"0,14452941176470588";"True";"BATANG TUBUH";"PASAL 2"
"31";"6 9 11 50.235.500,00";"332,5";"538,5980000000001";"108,32000000000005";"120,32000000000005";"612,0";"AWCPPO+BookmanOldStyle";"12,0";"435,54900000000004";"306,0";"0,21168137254901967";"0,5433006535947712";"0,33676143790849683";"False";"BATANG TUBUH";"PASAL 2"
"31";"7 10 12 52.087.500,00";"332,5";"538,5980000000001";"129,92000000000007";"141,92000000000007";"612,0";"AWCPPO+BookmanOldStyle";"12,0";"435,54900000000004";"306,0";"0,21168137254901967";"0,5433006535947712";"0,33676143790849683";"False";"BATANG TUBUH";"PASAL 2"
"31";"8 11 13 53.939.500,00";"332,5";"538,5980000000001";"151,5300000000001";"163,5300000000001";"612,0";"AWCPPO+BookmanOldStyle";"12,0";"435,54900000000004";"306,0";"0,21168137254901967";"0,5433006535947712";"0,33676143790849683";"False";"BATANG TUBUH";"PASAL 2"
"31";"9 12 14 55.791.500,00";"332,5";"538,5980000000001";"173,35000000000002";"185,35000000000002";"612,0";"AWCPPO+BookmanOldStyle";"12,0";"435,54900000000004";"306,0";"0,21168137254901967";"0,5433006535947712";"0,33676143790849683";"False";"BATANG TUBUH";"PASAL 2"
"31";"10 13 15 57.643.500,00";"328,7";"538,5980000000001";"194,95000000000005";"206,95000000000005";"612,0";"AWCPPO+BookmanOldStyle";"12,0";"433,649";"306,0";"0,2085767973856209";"0,5370915032679738";"0,34297058823529425";"False";"BATANG TUBUH";"PASAL 2"
"31";"11 14 16 59.495.500,00";"328,7";"538,5980000000001";"216,55000000000007";"228,55000000000007";"612,0";"AWCPPO+BookmanOldStyle";"12,0";"433,649";"306,0";"0,2085767973856209";"0,5370915032679738";"0,34297058823529425";"False";"BATANG TUBUH";"PASAL 2"
"31";"12 15 17 61.347.500,00";"328,7";"538,5980000000001";"238,1500000000001";"250,1500000000001";"612,0";"AWCPPO+BookmanOldStyle";"12,0";"433,649";"306,0";"0,2085767973856209";"0,5370915032679738";"0,34297058823529425";"False";"BATANG TUBUH";"PASAL 2"
"31";"13 16 18 63.199.500,00";"328,7";"538,5980000000001";"259,75";"271,75";"612,0";"AWCPPO+BookmanOldStyle";"12,0";"433,649";"306,0";"0,2085767973856209";"0,5370915032679738";"0,34297058823529425";"False";"BATANG TUBUH";"PASAL 2"
"31";"14 17 19 65.051.500,00";"328,7";"538,5980000000001";"281,35";"293,35";"612,0";"AWCPPO+BookmanOldStyle";"12,0";"433,649";"306,0";"0,2085767973856209";"0,5370915032679738";"0,34297058823529425";"False";"BATANG TUBUH";"PASAL 2"
"31";"15 18 20 66.903.500,00";"328,7";"538,5980000000001";"302,98";"314,98";"612,0";"AWCPPO+BookmanOldStyle";"12,0";"433,649";"306,0";"0,2085767973856209";"0,5370915032679738";"0,34297058823529425";"False";"BATANG TUBUH";"PASAL 2"
"31";"16 19 21 68.755.500,00";"328,7";"538,5980000000001";"324,7800000000001";"336,7800000000001";"612,0";"AWCPPO+BookmanOldStyle";"12,0";"433,649";"306,0";"0,2085767973856209";"0,5370915032679738";"0,34297058823529425";"False";"BATANG TUBUH";"PASAL 2"
"31";"17 20 22 70.607.500,00";"328,7";"538,5980000000001";"346,37";"358,37";"612,0";"AWCPPO+BookmanOldStyle";"12,0";"433,649";"306,0";"0,2085767973856209";"0,5370915032679738";"0,34297058823529425";"False";"BATANG TUBUH";"PASAL 2"
"31";"18 21 23 72.459.500,00";"328,7";"538,5980000000001";"367,98";"379,98";"612,0";"AWCPPO+BookmanOldStyle";"12,0";"433,649";"306,0";"0,2085767973856209";"0,5370915032679738";"0,34297058823529425";"False";"BATANG TUBUH";"PASAL 2"
"31";"19 22 24 74.311.500,00";"328,7";"538,6080000000001";"389,57000000000005";"401,57000000000005";"612,0";"AWCPPO+BookmanOldStyle";"12,0";"433,654";"306,0";"0,20858496732026144";"0,5370915032679738";"0,34298692810457526";"False";"BATANG TUBUH";"PASAL 2"
"31";"20 23 25 76.163.500,00";"328,7";"538,6080000000001";"411,1700000000001";"423,1700000000001";"612,0";"AWCPPO+BookmanOldStyle";"12,0";"433,654";"306,0";"0,20858496732026144";"0,5370915032679738";"0,34298692810457526";"False";"BATANG TUBUH";"PASAL 2"
"31";"C. JASA TENAGA AHLI - TENAGA PENDUKUNG";"99,225";"387,052";"452,2";"464,2";"612,0";"AWCPPO+BookmanOldStyle";"12,0";"243,13850000000002";"306,0";"0,10271486928104571";"0,16213235294117645";"0,47030555555555553";"True";"BATANG TUBUH";"PASAL 2"
"31";"Biaya Jasa Tenaga Ahli - Tenaga Pendukung terdapat pada Tabel B.3.7";"120,45";"555,3";"473,376";"485,4";"612,0";"AWCPPO+BookmanOldStyle";"12,0";"337,875";"306,0";"0,052083333333333336";"0,19681372549019607";"0,7105392156862744";"False";"BATANG TUBUH";"PASAL 2"
"31";"sebagai berikut:";"120,45";"214,626";"494,4";"506,4";"612,0";"AWCPPO+BookmanOldStyle";"12,0";"167,538";"306,0";"0,22624509803921566";"0,19681372549019607";"0,15388235294117647";"False";"BATANG TUBUH";"PASAL 2"
"31";"Tabel B.3.7";"302,7";"372,824";"515,576";"527,576";"612,0";"AWKBDA+BookmanOldStyle-Bold";"12,0";"337,762";"306,0";"0,05189869281045752";"0,49460784313725487";"0,11458169934640526";"False";"BATANG TUBUH";"PASAL 2"
"31";"HARGA";"323,5";"369,316";"539,1759999999999";"551,1759999999999";"612,0";"AWKBDA+BookmanOldStyle-Bold";"12,0";"346,408";"306,0";"0,0660261437908497";"0,5285947712418301";"0,07486274509803917";"True";"BATANG TUBUH";"PASAL 2"
"31";"NO. URAIAN SATUAN PER KETERANGAN";"121,25";"518,81";"556,2059999999999";"568,2059999999999";"612,0";"AWKBDA+BookmanOldStyle-Bold";"12,0";"320,03";"306,0";"0,022924836601307143";"0,19812091503267973";"0,6496078431372548";"True";"BATANG TUBUH";"PASAL 2"
"31";"BULAN (Rp)";"310,5";"381,888";"572,996";"584,996";"612,0";"AWKBDA+BookmanOldStyle-Bold";"12,0";"346,19399999999996";"306,0";"0,06567647058823523";"0,5073529411764706";"0,11664705882352937";"False";"BATANG TUBUH";"PASAL 2"
"31";"1. Office Manager 3.500.000,00 Digunakan untuk";"126,65";"542,9540000000001";"593,4200000000001";"605,48";"612,0";"AWCPPO+BookmanOldStyle";"12,0";"334,802";"306,0";"0,04706209150326801";"0,20694444444444446";"0,6802352941176472";"False";"BATANG TUBUH";"PASAL 2"
"31";"jumlah tenaga";"406,13";"542,716";"613,22";"625,22";"612,0";"AWCPPO+BookmanOldStyle";"12,0";"474,423";"306,0";"0,27520098039215685";"0,6636111111111112";"0,22317973856209153";"False";"BATANG TUBUH";"PASAL 2"
"31";"konsultan dan";"406,13";"542,888";"633,03";"645,03";"612,0";"AWCPPO+BookmanOldStyle";"12,0";"474,509";"306,0";"0,27534150326797385";"0,6636111111111112";"0,22346078431372554";"False";"BATANG TUBUH";"PASAL 2"
"31";"pendukung minimal";"406,13";"542,548";"652,63";"664,63";"612,0";"AWCPPO+BookmanOldStyle";"12,0";"474,339";"306,0";"0,2750637254901961";"0,6636111111111112";"0,22290522875816995";"False";"BATANG TUBUH";"PASAL 2"
"31";"20 (dua puluh) orang";"406,13";"530,93";"672,45";"684,45";"612,0";"AWCPPO+BookmanOldStyle";"12,0";"468,53";"306,0";"0,26557189542483656";"0,6636111111111112";"0,2039215686274509";"False";"BATANG TUBUH";"PASAL 2"
"31";"2. Surveyor 2.750.000,00";"126,65";"395,16399999999993";"692,65";"704,71";"612,0";"AWCPPO+BookmanOldStyle";"12,0";"260,907";"306,0";"0,07368137254901963";"0,20694444444444446";"0,4387483660130717";"False";"BATANG TUBUH";"PASAL 2"
"31";"3. Sekretaris 2.250.000,00";"126,65";"395,16399999999993";"712,85";"724,85";"612,0";"AWCPPO+BookmanOldStyle";"12,0";"260,907";"306,0";"0,07368137254901963";"0,20694444444444446";"0,4387483660130717";"False";"BATANG TUBUH";"PASAL 2"
"31";"4. Juru Gambar 2.250.000,00 Disesuaikan jenis";"126,65";"542,8059999999999";"733,05";"745,05";"612,0";"AWCPPO+BookmanOldStyle";"12,0";"334,72799999999995";"306,0";"0,04694117647058816";"0,20694444444444446";"0,6799934640522874";"False";"BATANG TUBUH";"PASAL 2"
"31";"kegiatan dan";"406,13";"542,688";"752,85";"764,85";"612,0";"AWCPPO+BookmanOldStyle";"12,0";"474,409";"306,0";"0,2751781045751634";"0,6636111111111112";"0,22313398692810457";"False";"BATANG TUBUH";"PASAL 2"
"31";"berpendidikan sekolah";"406,13";"542,668";"772,45";"784,45";"612,0";"AWCPPO+BookmanOldStyle";"12,0";"474,399";"306,0";"0,27516176470588233";"0,6636111111111112";"0,2231013071895425";"False";"BATANG TUBUH";"PASAL 2"
"31";"kejuruan terkait";"406,13";"503,082";"792,28";"804,28";"612,0";"AWCPPO+BookmanOldStyle";"12,0";"454,606";"306,0";"0,2428202614379085";"0,6636111111111112";"0,15841830065359477";"False";"BATANG TUBUH";"PASAL 2"
"31";"5. Operator Komputer 2.000.000,00";"126,65";"395,16399999999993";"812,48";"824,48";"612,0";"AWCPPO+BookmanOldStyle";"12,0";"260,907";"306,0";"0,07368137254901963";"0,20694444444444446";"0,4387483660130717";"False";"BATANG TUBUH";"PASAL 2"
"31";"6. Pesuruh 1.750.000,00";"126,65";"395,16399999999993";"832,675";"844,675";"612,0";"AWCPPO+BookmanOldStyle";"12,0";"260,907";"306,0";"0,07368137254901963";"0,20694444444444446";"0,4387483660130717";"False";"BATANG TUBUH";"PASAL 2"
"31";"7. Penjaga 1.750.000,00";"126,65";"395,16399999999993";"852,875";"864,875";"612,0";"AWCPPO+BookmanOldStyle";"12,0";"260,907";"306,0";"0,07368137254901963";"0,20694444444444446";"0,4387483660130717";"False";"BATANG TUBUH";"PASAL 2"
"32";"24";"298,7";"313,53999999999996";"37,90000000000009";"49,90000000000009";"612,0";"AWCPPO+BookmanOldStyle";"12,0";"306,12";"306,0";"0,00019607843137255644";"0,4880718954248366";"0,024248366013071853";"False";"BATANG TUBUH";"PASAL 2"
"32";"HARGA";"323,5";"369,316";"67,50600000000009";"79,50600000000009";"612,0";"AWKBDA+BookmanOldStyle-Bold";"12,0";"346,408";"306,0";"0,0660261437908497";"0,5285947712418301";"0,07486274509803917";"True";"BATANG TUBUH";"PASAL 2"
"32";"NO. URAIAN SATUAN PER KETERANGAN";"121,25";"518,81";"84,50600000000009";"96,50600000000009";"612,0";"AWKBDA+BookmanOldStyle-Bold";"12,0";"320,03";"306,0";"0,022924836601307143";"0,19812091503267973";"0,6496078431372548";"True";"BATANG TUBUH";"PASAL 2"
"32";"BULAN (Rp)";"310,5";"381,888";"101,29600000000005";"113,29600000000005";"612,0";"AWKBDA+BookmanOldStyle-Bold";"12,0";"346,19399999999996";"306,0";"0,06567647058823523";"0,5073529411764706";"0,11664705882352937";"False";"BATANG TUBUH";"PASAL 2"
"32";"8. Asisten Muda";"126,65";"235,97800000000004";"123,73000000000002";"135,73000000000002";"612,0";"AWCPPO+BookmanOldStyle";"12,0";"181,31400000000002";"306,0";"0,20373529411764701";"0,20694444444444446";"0,17864052287581705";"False";"BATANG TUBUH";"PASAL 2"
"32";"1) S2/S3: 1 – 2 5.000.000,00";"157,05";"395,16399999999993";"146,73000000000002";"158,73000000000002";"612,0";"AWCPPO+BookmanOldStyle";"12,0";"276,10699999999997";"306,0";"0,048844771241830114";"0,25661764705882356";"0,3890751633986927";"True";"BATANG TUBUH";"PASAL 2"
"32";"Tahun";"175,05";"212,778";"167,12";"179,12";"612,0";"AWCPPO+BookmanOldStyle";"12,0";"193,914";"306,0";"0,18314705882352944";"0,2860294117647059";"0,06164705882352938";"False";"BATANG TUBUH";"PASAL 2"
"32";"2) S1: 1 – 4 Tahun 4.500.000,00";"157,05";"395,16399999999993";"190,1500000000001";"202,1500000000001";"612,0";"AWCPPO+BookmanOldStyle";"12,0";"276,10699999999997";"306,0";"0,048844771241830114";"0,25661764705882356";"0,3890751633986927";"False";"BATANG TUBUH";"PASAL 2"
"32";"9. Teknisi:";"126,65";"201,898";"212,95000000000005";"224,95000000000005";"612,0";"AWCPPO+BookmanOldStyle";"12,0";"164,274";"306,0";"0,23157843137254902";"0,20694444444444446";"0,12295424836601306";"False";"BATANG TUBUH";"PASAL 2"
"32";"a. D3";"157,05";"193,69";"235,95000000000005";"247,95000000000005";"612,0";"AWCPPO+BookmanOldStyle";"12,0";"175,37";"306,0";"0,21344771241830066";"0,25661764705882356";"0,059869281045751614";"False";"BATANG TUBUH";"PASAL 2"
"32";"- 1 – 3 Tahun 3.500.000,00";"173,65";"395,16399999999993";"258,95000000000005";"270,95000000000005";"612,0";"AWCPPO+BookmanOldStyle";"12,0";"284,407";"306,0";"0,03528267973856212";"0,28374183006535947";"0,36195098039215673";"False";"BATANG TUBUH";"PASAL 2"
"32";"- 4 – 7 Tahun 4.500.000,00";"173,65";"395,16399999999993";"281,75";"293,75";"612,0";"AWCPPO+BookmanOldStyle";"12,0";"284,407";"306,0";"0,03528267973856212";"0,28374183006535947";"0,36195098039215673";"False";"BATANG TUBUH";"PASAL 2"
"32";"- 8 – 11 Tahun 5.500.000,00";"173,65";"395,16399999999993";"304,7700000000001";"316,7700000000001";"612,0";"AWCPPO+BookmanOldStyle";"12,0";"284,407";"306,0";"0,03528267973856212";"0,28374183006535947";"0,36195098039215673";"False";"BATANG TUBUH";"PASAL 2"
"32";"- 12 – 15 Tahun 7.500.000,00";"173,65";"395,16399999999993";"327,7800000000001";"339,7800000000001";"612,0";"AWCPPO+BookmanOldStyle";"12,0";"284,407";"306,0";"0,03528267973856212";"0,28374183006535947";"0,36195098039215673";"False";"BATANG TUBUH";"PASAL 2"
"32";"- 16 – 20 Tahun 9.200.000,00";"173,65";"395,16399999999993";"350,57000000000005";"362,57000000000005";"612,0";"AWCPPO+BookmanOldStyle";"12,0";"284,407";"306,0";"0,03528267973856212";"0,28374183006535947";"0,36195098039215673";"False";"BATANG TUBUH";"PASAL 2"
"32";"b. SMK/D1/D2";"157,05";"252,694";"373,57000000000005";"385,57000000000005";"612,0";"AWCPPO+BookmanOldStyle";"12,0";"204,872";"306,0";"0,16524183006535945";"0,25661764705882356";"0,15628104575163396";"False";"BATANG TUBUH";"PASAL 2"
"32";"- 3 – 7 Tahun 3.200.000,00";"173,65";"395,16399999999993";"396,38";"408,38";"612,0";"AWCPPO+BookmanOldStyle";"12,0";"284,407";"306,0";"0,03528267973856212";"0,28374183006535947";"0,36195098039215673";"False";"BATANG TUBUH";"PASAL 2"
"32";"- 8 – 11 Tahun 4.250.000,00";"173,65";"395,16399999999993";"419,4";"431,4";"612,0";"AWCPPO+BookmanOldStyle";"12,0";"284,407";"306,0";"0,03528267973856212";"0,28374183006535947";"0,36195098039215673";"False";"BATANG TUBUH";"PASAL 2"
"32";"- 12 – 15 Tahun 5.500.000,00";"173,65";"395,16399999999993";"442,4";"454,4";"612,0";"AWCPPO+BookmanOldStyle";"12,0";"284,407";"306,0";"0,03528267973856212";"0,28374183006535947";"0,36195098039215673";"False";"BATANG TUBUH";"PASAL 2"
"32";"- 16 – 20 Tahun 7.500.000,00";"173,65";"395,16399999999993";"465,2";"477,2";"612,0";"AWCPPO+BookmanOldStyle";"12,0";"284,407";"306,0";"0,03528267973856212";"0,28374183006535947";"0,36195098039215673";"False";"BATANG TUBUH";"PASAL 2"
"32";"4. Jasa Juri Perlombaan/Pertandingan - Wasit dan Juri";"77,825";"414,032";"504,8";"516,8";"612,0";"AWCPPO+BookmanOldStyle";"12,0";"245,92849999999999";"306,0";"0,09815604575163402";"0,12716503267973855";"0,5493578431372549";"False";"BATANG TUBUH";"PASAL 2"
"32";"Biaya Jasa Wasit dan Juri terdapat pada Tabel B.4 sebagai berikut:";"99,225";"500,48599999999993";"525,376";"537,4";"612,0";"AWCPPO+BookmanOldStyle";"12,0";"299,85549999999995";"306,0";"0,010040032679738645";"0,16213235294117645";"0,6556552287581698";"False";"BATANG TUBUH";"PASAL 2"
"32";"Tabel B.4";"298,1";"356,25";"545,796";"557,796";"612,0";"AWKBDA+BookmanOldStyle-Bold";"12,0";"327,175";"306,0";"0,034599673202614395";"0,4870915032679739";"0,09501633986928101";"False";"BATANG TUBUH";"PASAL 2"
"32";"BESARAN";"479,75";"540,422";"568,596";"580,596";"612,0";"AWKBDA+BookmanOldStyle-Bold";"12,0";"510,086";"306,0";"0,3334738562091503";"0,7839052287581699";"0,09913725490196082";"True";"BATANG TUBUH";"PASAL 2"
"32";"NO. URAIAN SATUAN";"105,22";"443,406";"578,796";"590,796";"612,0";"AWKBDA+BookmanOldStyle-Bold";"12,0";"274,313";"306,0";"0,051776143790849695";"0,1719281045751634";"0,5525915032679739";"True";"BATANG TUBUH";"PASAL 2"
"32";"(Rp)";"497,57";"522,22";"588,996";"600,996";"612,0";"AWKBDA+BookmanOldStyle-Bold";"12,0";"509,895";"306,0";"0,3331617647058823";"0,8130228758169935";"0,040277777777777836";"False";"BATANG TUBUH";"PASAL 2"
"32";"1. Wasit";"110,85";"175,99";"612,03";"624,03";"612,0";"AWCPPO+BookmanOldStyle";"12,0";"143,42000000000002";"306,0";"0,2656535947712418";"0,18112745098039215";"0,10643790849673206";"False";"BATANG TUBUH";"PASAL 2"
"32";"Wasit (Non PNS) Orang/Hari 400.000,00";"143,05";"545,4060000000001";"635,03";"647,03";"612,0";"AWCPPO+BookmanOldStyle";"12,0";"344,22800000000007";"306,0";"0,062464052287581805";"0,2337418300653595";"0,6574444444444445";"False";"BATANG TUBUH";"PASAL 2"
"32";"2. Juri";"110,85";"167,23";"657,8199999999999";"669,8199999999999";"612,0";"AWCPPO+BookmanOldStyle";"12,0";"139,04";"306,0";"0,27281045751633987";"0,18112745098039215";"0,09212418300653594";"False";"BATANG TUBUH";"PASAL 2"
"32";"Juri (Non PNS) Orang/Hari 400.000,00";"143,05";"545,4060000000001";"680,85";"692,85";"612,0";"AWCPPO+BookmanOldStyle";"12,0";"344,22800000000007";"306,0";"0,062464052287581805";"0,2337418300653595";"0,6574444444444445";"False";"BATANG TUBUH";"PASAL 2"
"32";"5. Jasa Penyelenggaraan Acara";"77,825";"266,66099999999994";"722,25";"734,25";"612,0";"AWCPPO+BookmanOldStyle";"12,0";"172,24299999999997";"306,0";"0,2185571895424837";"0,12716503267973855";"0,30855555555555547";"False";"BATANG TUBUH";"PASAL 2"
"32";"Biaya Jasa Penyelenggaraan Acara terdapat pada Tabel B.5 sebagai berikut:";"99,225";"549,726";"742,626";"754,65";"612,0";"AWCPPO+BookmanOldStyle";"12,0";"324,4755";"306,0";"0,030188725490196095";"0,16213235294117645";"0,7361127450980391";"False";"BATANG TUBUH";"PASAL 2"
"32";"Tabel B.5";"276,7";"334,82";"763,026";"775,026";"612,0";"AWKBDA+BookmanOldStyle-Bold";"12,0";"305,76";"306,0";"0,0003921568627451129";"0,45212418300653595";"0,09496732026143792";"False";"BATANG TUBUH";"PASAL 2"
"32";"BESARAN";"472,55";"533,222";"786,046";"798,046";"612,0";"AWKBDA+BookmanOldStyle-Bold";"12,0";"502,88599999999997";"306,0";"0,3217091503267973";"0,772140522875817";"0,09913725490196074";"True";"BATANG TUBUH";"PASAL 2"
"32";"URAIAN SATUAN";"198,27";"426,406";"796,246";"808,246";"612,0";"AWKBDA+BookmanOldStyle-Bold";"12,000000000000014";"312,338";"306,0";"0,010356209150326834";"0,3239705882352941";"0,3727712418300653";"True";"BATANG TUBUH";"PASAL 2"
"32";"(Rp)";"490,58";"515,204";"806,456";"818,456";"612,0";"AWKBDA+BookmanOldStyle-Bold";"12,000000000000014";"502,89199999999994";"306,0";"0,32171895424836594";"0,8016013071895425";"0,04023529411764701";"False";"BATANG TUBUH";"PASAL 2"
"32";"Petugas Korps Musik (Korsik) dari Group 5.000.000,00";"107,82";"545,4200000000001";"829,275";"841,275";"612,0";"AWCPPO+BookmanOldStyle";"12,0";"326,62";"306,0";"0,03369281045751635";"0,1761764705882353";"0,7150326797385622";"False";"BATANG TUBUH";"PASAL 2"
"32";"TNI/POLRI";"107,82";"172,284";"849,675";"861,675";"612,0";"AWCPPO+BookmanOldStyle";"12,0";"140,052";"306,0";"0,27115686274509804";"0,1761764705882353";"0,10533333333333333";"True";"BATANG TUBUH";"PASAL 2"
"33";"25";"298,7";"313,53999999999996";"37,90000000000009";"49,90000000000009";"612,0";"AWCPPO+BookmanOldStyle";"12,0";"306,12";"306,0";"0,00019607843137255644";"0,4880718954248366";"0,024248366013071853";"False";"BATANG TUBUH";"PASAL 2"
"33";"6. Jasa Kantor";"77,825";"170,63700000000003";"65,12";"77,12";"612,0";"AWCPPO+BookmanOldStyle";"12,0";"124,23100000000002";"306,0";"0,29700816993464046";"0,12716503267973855";"0,15165359477124188";"False";"BATANG TUBUH";"PASAL 2"
"33";"a. Jasa Rohaniwan";"99,225";"217,722";"84,92000000000007";"96,92000000000007";"612,0";"AWCPPO+BookmanOldStyle";"12,0";"158,4735";"306,0";"0,2410563725490196";"0,16213235294117645";"0,19362254901960788";"False";"BATANG TUBUH";"PASAL 2"
"33";"Biaya Jasa Rohaniwan terdapat pada Tabel B.6.1 sebagai berikut:";"120,45";"512,5419999999999";"104,50600000000009";"116,53000000000009";"612,0";"AWCPPO+BookmanOldStyle";"12,0";"316,496";"306,0";"0,01715032679738559";"0,19681372549019607";"0,640673202614379";"False";"BATANG TUBUH";"PASAL 2"
"33";"Tabel B.6.1";"292,1";"362,24";"124,29600000000005";"136,29600000000005";"612,0";"AWKBDA+BookmanOldStyle-Bold";"12,0";"327,17";"306,0";"0,03459150326797388";"0,47728758169934643";"0,11460784313725488";"False";"BATANG TUBUH";"PASAL 2"
"33";"BESARAN";"471,75";"530,0863999999999";"144,20680000000004";"155,80680000000007";"612,0";"AWKBDA+BookmanOldStyle-Bold";"11,600000000000023";"500,91819999999996";"306,0";"0,3184937908496731";"0,7708333333333334";"0,0953209150326796";"True";"BATANG TUBUH";"PASAL 2"
"33";"NO. URAIAN SATUAN";"125,05";"426,89959999999996";"153,20680000000004";"164,80680000000007";"612,0";"AWKBDA+BookmanOldStyle-Bold";"11,600000000000023";"275,97479999999996";"306,0";"0,049060784313725556";"0,20433006535947712";"0,4932183006535947";"True";"BATANG TUBUH";"PASAL 2"
"33";"(Rp)";"489,18";"512,8904";"162,40679999999998";"174,0068";"612,0";"AWKBDA+BookmanOldStyle-Bold";"11,600000000000023";"501,03520000000003";"306,0";"0,31868496732026147";"0,7993137254901961";"0,03874248366013071";"False";"BATANG TUBUH";"PASAL 2"
"33";"1. Penceramah Agama (hari besar Orang/Kegiatan 5.000.000,00";"130,45";"541,5036";"181,26";"192,86";"612,0";"AWCPPO+BookmanOldStyle";"11,600000000000023";"335,9768";"306,0";"0,04898169934640527";"0,21315359477124182";"0,6716562091503269";"False";"BATANG TUBUH";"PASAL 2"
"33";"keagamaan) dari luar";"162,45";"297,1984";"199,46000000000004";"211,06000000000006";"612,0";"AWCPPO+BookmanOldStyle";"11,600000000000023";"229,8242";"306,0";"0,12447026143790851";"0,26544117647058824";"0,22017712418300653";"False";"BATANG TUBUH";"PASAL 2"
"33";"wilayah Kabupaten Malang";"162,45";"315,8136";"217,65999999999997";"229,26";"612,0";"AWCPPO+BookmanOldStyle";"11,600000000000023";"239,1318";"306,0";"0,10926176470588235";"0,26544117647058824";"0,25059411764705886";"False";"BATANG TUBUH";"PASAL 2"
"33";"2. Penceramah Agama (hari besar Orang/Kegiatan 2.500.000,00";"130,45";"541,5036";"236,26";"247,86";"612,0";"AWCPPO+BookmanOldStyle";"11,600000000000023";"335,9768";"306,0";"0,04898169934640527";"0,21315359477124182";"0,6716562091503269";"False";"BATANG TUBUH";"PASAL 2"
"33";"keagamaan) dari dalam wilayah";"162,45";"343,3404";"254,65999999999997";"266,26";"612,0";"AWCPPO+BookmanOldStyle";"11,600000000000023";"252,8952";"306,0";"0,08677254901960786";"0,26544117647058824";"0,29557254901960783";"False";"BATANG TUBUH";"PASAL 2"
"33";"Kabupaten Malang";"162,45";"269,0772";"272,86";"284,46000000000004";"612,0";"AWCPPO+BookmanOldStyle";"11,600000000000023";"215,7636";"306,0";"0,14744509803921568";"0,26544117647058824";"0,1742274509803922";"False";"BATANG TUBUH";"PASAL 2"
"33";"3. Bilal/Muadzin Orang/Kegiatan 150.000,00";"130,45";"541,5272";"291,46000000000004";"303,06000000000006";"612,0";"AWCPPO+BookmanOldStyle";"11,600000000000023";"335,9886";"306,0";"0,0490009803921569";"0,21315359477124182";"0,6716947712418301";"False";"BATANG TUBUH";"PASAL 2"
"33";"4. Khufadz/Santri Khotmil Qur’an Orang/Kegiatan 350.000,00";"130,45";"541,5272";"310,28999999999996";"321,89";"612,0";"AWCPPO+BookmanOldStyle";"11,600000000000023";"335,9886";"306,0";"0,0490009803921569";"0,21315359477124182";"0,6716947712418301";"False";"BATANG TUBUH";"PASAL 2"
"33";"5. Grup Qasidah Kegiatan 4.000.000,00";"130,45";"541,5036";"328,88";"340,48";"612,0";"AWCPPO+BookmanOldStyle";"11,600000000000023";"335,9768";"306,0";"0,04898169934640527";"0,21315359477124182";"0,6716562091503269";"False";"BATANG TUBUH";"PASAL 2"
"33";"6. Khatib Hari Raya Orang/Kegiatan 1.500.000,00";"130,45";"541,5036";"347,67999999999995";"359,28";"612,0";"AWCPPO+BookmanOldStyle";"11,600000000000023";"335,9768";"306,0";"0,04898169934640527";"0,21315359477124182";"0,6716562091503269";"False";"BATANG TUBUH";"PASAL 2"
"33";"7. Khatib Sholat Jum’at Orang/Kegiatan 500.000,00";"130,45";"541,5272";"366,48";"378,08000000000004";"612,0";"AWCPPO+BookmanOldStyle";"11,600000000000023";"335,9886";"306,0";"0,0490009803921569";"0,21315359477124182";"0,6716947712418301";"False";"BATANG TUBUH";"PASAL 2"
"33";"8. Bisyaroh Orang/Kegiatan 500.000,00";"130,45";"541,5272";"385,08000000000004";"396,68000000000006";"612,0";"AWCPPO+BookmanOldStyle";"11,600000000000023";"335,9886";"306,0";"0,0490009803921569";"0,21315359477124182";"0,6716947712418301";"False";"BATANG TUBUH";"PASAL 2"
"33";"9. Pimpinan Tadarrus Orang/Bulan 1.500.000,00";"130,45";"541,5036";"403,88";"415,48";"612,0";"AWCPPO+BookmanOldStyle";"11,600000000000023";"335,9768";"306,0";"0,04898169934640527";"0,21315359477124182";"0,6716562091503269";"False";"BATANG TUBUH";"PASAL 2"
"33";"10. Peserta Tadarrus Orang/Bulan 750.000,00";"126,85";"541,5272";"422,71000000000004";"434,31";"612,0";"AWCPPO+BookmanOldStyle";"11,599999999999966";"334,1886";"306,0";"0,04605980392156864";"0,20727124183006534";"0,6775771241830065";"False";"BATANG TUBUH";"PASAL 2"
"33";"11. Rohaniwan Orang/Kegiatan 400.000,00";"126,85";"541,5272";"441,31";"452,91";"612,0";"AWCPPO+BookmanOldStyle";"11,600000000000023";"334,1886";"306,0";"0,04605980392156864";"0,20727124183006534";"0,6775771241830065";"False";"BATANG TUBUH";"PASAL 2"
"33";"12. Petugas Pembaca Doa:";"126,85";"290,3284";"460,11";"471,71000000000004";"612,0";"AWCPPO+BookmanOldStyle";"11,600000000000023";"208,5892";"306,0";"0,15916797385620915";"0,20727124183006534";"0,26712156862745096";"False";"BATANG TUBUH";"PASAL 2"
"33";"- Petugas dari luar Instansi Orang/Kegiatan 500.000,00";"163,85";"541,5272";"478,71";"490,31";"612,0";"AWCPPO+BookmanOldStyle";"11,600000000000023";"352,6886";"306,0";"0,07628856209150328";"0,26772875816993463";"0,6171196078431372";"False";"BATANG TUBUH";"PASAL 2"
"33";"Pemerintah";"178,05";"242,85920000000002";"497,11";"508,71000000000004";"612,0";"AWCPPO+BookmanOldStyle";"11,600000000000023";"210,45460000000003";"306,0";"0,15611993464052282";"0,29093137254901963";"0,10589738562091504";"False";"BATANG TUBUH";"PASAL 2"
"33";"- Petugas Pegawai Negeri O rang/Kegiatan 300.000,00";"163,85";"541,5272";"515,71";"527,31";"612,0";"AWCPPO+BookmanOldStyle";"11,600000000000023";"352,6886";"306,0";"0,07628856209150328";"0,26772875816993463";"0,6171196078431372";"False";"BATANG TUBUH";"PASAL 2"
"33";"Sipil di luar lingkungan";"178,05";"343,5244";"533,91";"545,51";"612,0";"AWCPPO+BookmanOldStyle";"11,600000000000023";"260,7872";"306,0";"0,07387712418300656";"0,29093137254901963";"0,2703830065359477";"False";"BATANG TUBUH";"PASAL 2"
"33";"Pemerintah Kabupaten Malang";"178,05";"342,75840000000005";"552,13";"563,73";"612,0";"AWCPPO+BookmanOldStyle";"11,600000000000023";"260,40420000000006";"306,0";"0,0745029411764705";"0,29093137254901963";"0,2691313725490197";"False";"BATANG TUBUH";"PASAL 2"
"33";"b. Jasa Pengangkut dan Pemilah Sampah";"99,225";"350,418";"591,02";"603,02";"612,0";"AWCPPO+BookmanOldStyle";"12,0";"224,82150000000001";"306,0";"0,13264460784313722";"0,16213235294117645";"0,4104460784313726";"False";"BATANG TUBUH";"PASAL 2"
"33";"Biaya Jasa Pengangkut dan Pemilah Sampah terdapat pada Tabel B.6.2";"120,45";"555,284";"610,596";"622,62";"612,0";"AWCPPO+BookmanOldStyle";"12,0";"337,867";"306,0";"0,05207026143790853";"0,19681372549019607";"0,7105130718954249";"False";"BATANG TUBUH";"PASAL 2"
"33";"sebagai berikut:";"120,45";"214,626";"630,4300000000001";"642,4300000000001";"612,0";"AWCPPO+BookmanOldStyle";"12,0";"167,538";"306,0";"0,22624509803921566";"0,19681372549019607";"0,15388235294117647";"False";"BATANG TUBUH";"PASAL 2"
"33";"Tabel B.6.2";"270,7";"340,768";"669,826";"681,826";"612,0";"AWKBDA+BookmanOldStyle-Bold";"12,0";"305,734";"306,0";"0,00043464052287584893";"0,4423202614379085";"0,11449019607843135";"False";"BATANG TUBUH";"PASAL 2"
"33";"URAIAN SATUAN BESARAN (Rp)";"196,47";"528,15";"692,4259999999999";"704,4259999999999";"612,0";"AWKBDA+BookmanOldStyle-Bold";"12,0";"362,31";"306,0";"0,09200980392156863";"0,3210294117647059";"0,5419607843137254";"False";"BATANG TUBUH";"PASAL 2"
"33";"Pengangkut dan Pemilah Sampah Orang/Hari 88.000,00";"120,25";"541,802";"714,85";"726,85";"612,0";"AWCPPO+BookmanOldStyle";"12,0";"331,026";"306,0";"0,04089215686274512";"0,19648692810457516";"0,68881045751634";"False";"BATANG TUBUH";"PASAL 2"
"33";"c. Jasa Penguji Karya Tulis Ujian Penyesuaian Kenaikan Pangkat (UPKP)";"99,225";"554,8259999999999";"754,85";"766,85";"612,0";"AWCPPO+BookmanOldStyle";"12,0";"327,02549999999997";"306,0";"0,03435539215686269";"0,16213235294117645";"0,7444460784313723";"False";"BATANG TUBUH";"PASAL 2"
"33";"terdapat pada Tabel B.6s.3 sebagai berikut:";"120,45";"380,8879999999999";"774,4259999999999";"786,45";"612,0";"AWCPPO+BookmanOldStyle";"12,0";"250,66899999999995";"306,0";"0,09041013071895432";"0,19681372549019607";"0,4255522875816992";"False";"BATANG TUBUH";"PASAL 2"
"33";"Tabel B.6.3";"292,1";"362,168";"794,256";"806,256";"612,0";"AWKBDA+BookmanOldStyle-Bold";"12,0";"327,134";"306,0";"0,03453267973856212";"0,47728758169934643";"0,11449019607843135";"False";"BATANG TUBUH";"PASAL 2"
"33";"BESARAN";"476,55";"534,8864";"814,3668";"825,9668";"612,0";"AWKBDA+BookmanOldStyle-Bold";"11,599999999999994";"505,7182";"306,0";"0,3263369281045752";"0,7786764705882353";"0,09532091503267968";"True";"BATANG TUBUH";"PASAL 2"
"33";"URAIAN SPESIFIKASI SATUAN";"158,45";"448,8896";"822,1568";"833,7568";"612,0";"AWKBDA+BookmanOldStyle-Bold";"11,599999999999994";"303,6698";"306,0";"0,003807516339869266";"0,2589052287581699";"0,4745745098039215";"True";"BATANG TUBUH";"PASAL 2"
"33";"(Rp)";"493,77";"517,492";"829,9618";"841,5618";"612,0";"AWKBDA+BookmanOldStyle-Bold";"11,599999999999994";"505,631";"306,0";"0,3261944444444444";"0,806813725490196";"0,0387614379084967";"False";"BATANG TUBUH";"PASAL 2"
"33";"Jasa Penguji Karya Jenjang Pendidikan Orang/Jam 800.000,00";"120,25";"542,1272";"845,985";"857,585";"612,0";"AWCPPO+BookmanOldStyle";"11,599999999999994";"331,1886";"306,0";"0,041157843137254915";"0,19648692810457516";"0,6893418300653595";"False";"BATANG TUBUH";"PASAL 2"
"33";"Tulis UPKP Setara dengan S2";"120,25";"354,6284";"861,585";"873,185";"612,0";"AWCPPO+BookmanOldStyle";"11,599999999999994";"237,4392";"306,0";"0,11202745098039216";"0,19648692810457516";"0,38297124183006537";"False";"BATANG TUBUH";"PASAL 2"
"34";"26";"298,7";"313,53999999999996";"37,90000000000009";"49,90000000000009";"612,0";"AWCPPO+BookmanOldStyle";"12,0";"306,12";"306,0";"0,00019607843137255644";"0,4880718954248366";"0,024248366013071853";"False";"BATANG TUBUH";"PASAL 2"
"34";"7. Jasa Asuransi Barang Milik Daerah - Asuransi Kendaraan Bermotor Roda 4";"78,025";"551,0200000000001";"65,12";"77,12";"612,0";"AWCPPO+BookmanOldStyle";"12,0";"314,52250000000004";"306,0";"0,013925653594771301";"0,1274918300653595";"0,7728676470588237";"False";"BATANG TUBUH";"PASAL 2"
"34";"Biaya jasa asuransi kendaraan bermotor roda 4 terdapat pada Tabel B.7";"99,225";"555,3";"86,29600000000005";"98,32000000000005";"612,0";"AWCPPO+BookmanOldStyle";"12,0";"327,2625";"306,0";"0,03474264705882351";"0,16213235294117645";"0,745220588235294";"False";"BATANG TUBUH";"PASAL 2"
"34";"sebagai berikut:";"99,225";"193,40099999999998";"107,32000000000005";"119,32000000000005";"612,0";"AWCPPO+BookmanOldStyle";"12,0";"146,313";"306,0";"0,2609264705882353";"0,16213235294117645";"0,15388235294117644";"False";"BATANG TUBUH";"PASAL 2"
"34";"Tabel B.7";"298,1";"356,25";"128,50600000000009";"140,50600000000009";"612,0";"AWKBDA+BookmanOldStyle-Bold";"12,0";"327,175";"306,0";"0,034599673202614395";"0,4870915032679739";"0,09501633986928101";"False";"BATANG TUBUH";"PASAL 2"
"34";"HARGA SATUAN";"445,15";"546,202";"150,096";"162,096";"612,0";"AWKBDA+BookmanOldStyle-Bold";"12,0";"495,676";"306,0";"0,3099281045751634";"0,7273692810457516";"0,16511764705882356";"True";"BATANG TUBUH";"PASAL 2"
"34";"NO. URAIAN";"105,22";"306,748";"162,096";"175,096";"612,0";"AWKBDA+BookmanOldStyle-Bold";"12,0";"205,98399999999998";"306,0";"0,16342483660130722";"0,1719281045751634";"0,3292941176470588";"True";"BATANG TUBUH";"PASAL 2"
"34";"PER TAHUN (Rp)";"443,95";"547,138";"171,32600000000002";"183,32600000000002";"612,0";"AWKBDA+BookmanOldStyle-Bold";"12,0";"495,544";"306,0";"0,30971241830065355";"0,7254084967320261";"0,16860784313725496";"False";"BATANG TUBUH";"PASAL 2"
"34";"1. Kendaraan Dinas Pejabat (Bupati/Wakil 8.500.000,00";"110,85";"543,614";"195,95000000000005";"209,95000000000005";"612,0";"AWCPPO+BookmanOldStyle";"12,0";"327,232";"306,0";"0,03469281045751638";"0,18112745098039215";"0,7071307189542484";"False";"BATANG TUBUH";"PASAL 2"
"34";"Bupati/Ketua DPRD/Wakil Ketua DPRD)";"141,85";"383,53000000000003";"216,95000000000005";"228,95000000000005";"612,0";"AWCPPO+BookmanOldStyle";"12,0";"262,69";"306,0";"0,07076797385620916";"0,23178104575163397";"0,3949019607843138";"False";"BATANG TUBUH";"PASAL 2"
"34";"2. Kendaraan Dinas Pejabat Eselon II 7.500.000,00";"110,85";"543,614";"238,75";"252,75";"612,0";"AWCPPO+BookmanOldStyle";"12,0";"327,232";"306,0";"0,03469281045751638";"0,18112745098039215";"0,7071307189542484";"False";"BATANG TUBUH";"PASAL 2"
"34";"3. Kendaaraan Dinas Operasional di Lingkungan";"110,85";"431,5299999999999";"263,35";"277,35";"612,0";"AWCPPO+BookmanOldStyle";"12,0";"271,18999999999994";"306,0";"0,05687908496732036";"0,18112745098039215";"0,523986928104575";"False";"BATANG TUBUH";"PASAL 2"
"34";"Sekretariat Daerah:";"141,85";"257,38599999999997";"284,35";"296,35";"612,0";"AWCPPO+BookmanOldStyle";"12,0";"199,618";"306,0";"0,17382679738562093";"0,23178104575163397";"0,18878431372549015";"False";"BATANG TUBUH";"PASAL 2"
"34";"a. Kendaraan Dinas Eselon III (1.5 cc A/T 5 . 5 11.000,00";"141,85";"543,614";"305,98";"317,98";"612,0";"AWCPPO+BookmanOldStyle";"12,0";"342,732";"306,0";"0,0600196078431373";"0,23178104575163397";"0,6564771241830065";"False";"BATANG TUBUH";"PASAL 2"
"34";"Tahun 2019)";"162,45";"238,02599999999998";"327,1700000000001";"339,1700000000001";"612,0";"AWCPPO+BookmanOldStyle";"12,0";"200,238";"306,0";"0,17281372549019608";"0,26544117647058824";"0,12349019607843136";"False";"BATANG TUBUH";"PASAL 2"
"34";"b. Kendaraan Dinas Eselon IV (1.3 cc G 3.625.000,00";"141,85";"543,614";"348,7700000000001";"360,7700000000001";"612,0";"AWCPPO+BookmanOldStyle";"12,0";"342,732";"306,0";"0,0600196078431373";"0,23178104575163397";"0,6564771241830065";"False";"BATANG TUBUH";"PASAL 2"
"34";"Tahun 2011)";"162,45";"238,02599999999998";"369,98";"381,98";"612,0";"AWCPPO+BookmanOldStyle";"12,0";"200,238";"306,0";"0,17281372549019608";"0,26544117647058824";"0,12349019607843136";"False";"BATANG TUBUH";"PASAL 2"
"34";"c. Kendaraan Dinas Operasional (2.0 cc XW41 3 .800.000,00";"141,85";"543,614";"391,57000000000005";"403,57000000000005";"612,0";"AWCPPO+BookmanOldStyle";"12,0";"342,732";"306,0";"0,0600196078431373";"0,23178104575163397";"0,6564771241830065";"False";"BATANG TUBUH";"PASAL 2"
"34";"Tahun 2011)";"162,45";"238,02599999999998";"412,7700000000001";"424,77000000000004";"612,0";"AWCPPO+BookmanOldStyle";"11,999999999999943";"200,238";"306,0";"0,17281372549019608";"0,26544117647058824";"0,12349019607843136";"False";"BATANG TUBUH";"PASAL 2"
"34";"d. Kendaraan Dinas Operasional (2.0 cc XW42 3.950.000,00";"141,85";"543,614";"434,4";"446,4";"612,0";"AWCPPO+BookmanOldStyle";"12,0";"342,732";"306,0";"0,0600196078431373";"0,23178104575163397";"0,6564771241830065";"False";"BATANG TUBUH";"PASAL 2"
"34";"Tahun 2011)";"162,45";"238,02599999999998";"455,59999999999997";"467,59999999999997";"612,0";"AWCPPO+BookmanOldStyle";"12,0";"200,238";"306,0";"0,17281372549019608";"0,26544117647058824";"0,12349019607843136";"False";"BATANG TUBUH";"PASAL 2"
"34";"e. Kendaraan Dinas Operasional (2.0 cc XW43 4.100.000,00";"141,85";"543,614";"477,2";"489,2";"612,0";"AWCPPO+BookmanOldStyle";"12,0";"342,732";"306,0";"0,0600196078431373";"0,23178104575163397";"0,6564771241830065";"False";"BATANG TUBUH";"PASAL 2"
"34";"Tahun 2011)";"162,45";"238,02599999999998";"498,2";"510,2";"612,0";"AWCPPO+BookmanOldStyle";"12,0";"200,238";"306,0";"0,17281372549019608";"0,26544117647058824";"0,12349019607843136";"False";"BATANG TUBUH";"PASAL 2"
"34";"f. Kendaraan Dinas Operasional (2.0 cc 4.300.000,00";"141,85";"543,614";"519,8";"531,8";"612,0";"AWCPPO+BookmanOldStyle";"12,0";"342,732";"306,0";"0,0600196078431373";"0,23178104575163397";"0,6564771241830065";"False";"BATANG TUBUH";"PASAL 2"
"34";"Tahun 2013)";"162,45";"238,07999999999998";"541,03";"553,03";"612,0";"AWCPPO+BookmanOldStyle";"12,0";"200,265";"306,0";"0,17276960784313727";"0,26544117647058824";"0,12357843137254901";"False";"BATANG TUBUH";"PASAL 2"
"34";"g. Kendaraan Dinas Operasional (2.5 cc 5.050.000,00";"141,85";"543,614";"562,62";"574,62";"612,0";"AWCPPO+BookmanOldStyle";"12,0";"342,732";"306,0";"0,0600196078431373";"0,23178104575163397";"0,6564771241830065";"False";"BATANG TUBUH";"PASAL 2"
"34";"Tahun 2013)";"162,45";"238,02599999999998";"583,8199999999999";"595,8199999999999";"612,0";"AWCPPO+BookmanOldStyle";"12,0";"200,238";"306,0";"0,17281372549019608";"0,26544117647058824";"0,12349019607843136";"False";"BATANG TUBUH";"PASAL 2"
"34";"h. Kendaraan Dinas Operasional (1.3 cc 3.600.000,00";"141,85";"543,614";"605,4300000000001";"617,4300000000001";"612,0";"AWCPPO+BookmanOldStyle";"12,0";"342,732";"306,0";"0,0600196078431373";"0,23178104575163397";"0,6564771241830065";"False";"BATANG TUBUH";"PASAL 2"
"34";"Tahun 2015)";"162,45";"238,02599999999998";"626,62";"638,62";"612,0";"AWCPPO+BookmanOldStyle";"12,0";"200,238";"306,0";"0,17281372549019608";"0,26544117647058824";"0,12349019607843136";"False";"BATANG TUBUH";"PASAL 2"
"34";"i. Kendaraan Dinas Operasional (2.5 cc 6.273.000,00";"141,85";"543,614";"648,23";"660,23";"612,0";"AWCPPO+BookmanOldStyle";"12,0";"342,732";"306,0";"0,0600196078431373";"0,23178104575163397";"0,6564771241830065";"False";"BATANG TUBUH";"PASAL 2"
"34";"Tahun 2015)";"162,45";"238,02599999999998";"669,25";"681,25";"612,0";"AWCPPO+BookmanOldStyle";"12,0";"200,238";"306,0";"0,17281372549019608";"0,26544117647058824";"0,12349019607843136";"False";"BATANG TUBUH";"PASAL 2"
"34";"j. Kendaraan Dinas Operasional (2.4 cc 5.800.000,00";"141,85";"543,614";"691,05";"703,05";"612,0";"AWCPPO+BookmanOldStyle";"12,0";"342,732";"306,0";"0,0600196078431373";"0,23178104575163397";"0,6564771241830065";"False";"BATANG TUBUH";"PASAL 2"
"34";"Tahun 2016)";"162,45";"238,02599999999998";"712,05";"724,05";"612,0";"AWCPPO+BookmanOldStyle";"12,0";"200,238";"306,0";"0,17281372549019608";"0,26544117647058824";"0,12349019607843136";"False";"BATANG TUBUH";"PASAL 2"
"34";"k. Kendaraan Dinas Operasional (2.0 cc 5.400.000,00";"141,85";"543,614";"733,65";"745,65";"612,0";"AWCPPO+BookmanOldStyle";"12,0";"342,732";"306,0";"0,0600196078431373";"0,23178104575163397";"0,6564771241830065";"False";"BATANG TUBUH";"PASAL 2"
"34";"Tahun 2016)";"162,45";"238,02599999999998";"754,85";"766,85";"612,0";"AWCPPO+BookmanOldStyle";"12,0";"200,238";"306,0";"0,17281372549019608";"0,26544117647058824";"0,12349019607843136";"False";"BATANG TUBUH";"PASAL 2"
"34";"l. Kendaraan Dinas Operasional (2.5 cc 6.600.000,00";"141,85";"543,614";"776,45";"788,45";"612,0";"AWCPPO+BookmanOldStyle";"12,0";"342,732";"306,0";"0,0600196078431373";"0,23178104575163397";"0,6564771241830065";"False";"BATANG TUBUH";"PASAL 2"
"34";"Tahun 2017)";"162,45";"238,02599999999998";"797,67";"809,67";"612,0";"AWCPPO+BookmanOldStyle";"12,000000000000014";"200,238";"306,0";"0,17281372549019608";"0,26544117647058824";"0,12349019607843136";"False";"BATANG TUBUH";"PASAL 2"
"34";"m. Kendaraan Dinas Operasional (2.5 cc 6.900.000,00";"141,85";"543,614";"819,28";"831,28";"612,0";"AWCPPO+BookmanOldStyle";"12,0";"342,732";"306,0";"0,0600196078431373";"0,23178104575163397";"0,6564771241830065";"False";"BATANG TUBUH";"PASAL 2"
"34";"Tahun 2018)";"162,45";"238,02599999999998";"840,475";"852,475";"612,0";"AWCPPO+BookmanOldStyle";"12,0";"200,238";"306,0";"0,17281372549019608";"0,26544117647058824";"0,12349019607843136";"False";"BATANG TUBUH";"PASAL 2"
"35";"27";"298,7";"313,53999999999996";"37,90000000000009";"49,90000000000009";"612,0";"AWCPPO+BookmanOldStyle";"12,0";"306,12";"306,0";"0,00019607843137255644";"0,4880718954248366";"0,024248366013071853";"False";"BATANG TUBUH";"PASAL 2"
"35";"HARGA SATUAN";"445,15";"546,202";"65,50600000000009";"77,50600000000009";"612,0";"AWKBDA+BookmanOldStyle-Bold";"12,0";"495,676";"306,0";"0,3099281045751634";"0,7273692810457516";"0,16511764705882356";"True";"BATANG TUBUH";"PASAL 2"
"35";"NO. URAIAN";"105,22";"306,748";"77,70600000000002";"90,70600000000002";"612,0";"AWKBDA+BookmanOldStyle-Bold";"12,0";"205,98399999999998";"306,0";"0,16342483660130722";"0,1719281045751634";"0,3292941176470588";"True";"BATANG TUBUH";"PASAL 2"
"35";"PER TAHUN (Rp)";"443,95";"547,138";"86,70600000000002";"98,70600000000002";"612,0";"AWKBDA+BookmanOldStyle-Bold";"12,0";"495,544";"306,0";"0,30971241830065355";"0,7254084967320261";"0,16860784313725496";"False";"BATANG TUBUH";"PASAL 2"
"35";"n. Kendaraan Dinas Operasional (2.4 cc 6.700.000,00";"141,85";"543,614";"111,32000000000005";"123,32000000000005";"612,0";"AWCPPO+BookmanOldStyle";"12,0";"342,732";"306,0";"0,0600196078431373";"0,23178104575163397";"0,6564771241830065";"False";"BATANG TUBUH";"PASAL 2"
"35";"Tahun 2018)";"162,45";"238,02599999999998";"130,73000000000002";"142,73000000000002";"612,0";"AWCPPO+BookmanOldStyle";"12,0";"200,238";"306,0";"0,17281372549019608";"0,26544117647058824";"0,12349019607843136";"False";"BATANG TUBUH";"PASAL 2"
"35";"o. Kendaraan Dinas Operasional (1.5 cc A/T 5 . 1 0 0 .000,00";"141,85";"543,614";"150,73000000000002";"162,73000000000002";"612,0";"AWCPPO+BookmanOldStyle";"12,0";"342,732";"306,0";"0,0600196078431373";"0,23178104575163397";"0,6564771241830065";"False";"BATANG TUBUH";"PASAL 2"
"35";"Tahun 2019)";"162,45";"238,02599999999998";"170,12";"182,12";"612,0";"AWCPPO+BookmanOldStyle";"12,0";"200,238";"306,0";"0,17281372549019608";"0,26544117647058824";"0,12349019607843136";"False";"BATANG TUBUH";"PASAL 2"
"35";"p. Kendaraan Dinas Operasional (2.4 cc A/T 7 .100.000,00";"141,85";"543,614";"190,1500000000001";"202,1500000000001";"612,0";"AWCPPO+BookmanOldStyle";"12,0";"342,732";"306,0";"0,0600196078431373";"0,23178104575163397";"0,6564771241830065";"False";"BATANG TUBUH";"PASAL 2"
"35";"Tahun 2020)";"162,45";"238,02599999999998";"209,55000000000007";"221,55000000000007";"612,0";"AWCPPO+BookmanOldStyle";"12,0";"200,238";"306,0";"0,17281372549019608";"0,26544117647058824";"0,12349019607843136";"False";"BATANG TUBUH";"PASAL 2"
"35";"4. Kendaraan Dinas Operasional Eselon III dan 6.500.000,00";"110,85";"543,614";"229,55000000000007";"243,55000000000007";"612,0";"AWCPPO+BookmanOldStyle";"12,0";"327,232";"306,0";"0,03469281045751638";"0,18112745098039215";"0,7071307189542484";"False";"BATANG TUBUH";"PASAL 2"
"35";"Eselon IV di luar Sekretariat Daerah dengan";"141,85";"431,518";"248,95000000000005";"260,95000000000005";"612,0";"AWCPPO+BookmanOldStyle";"12,0";"286,68399999999997";"306,0";"0,031562091503268025";"0,23178104575163397";"0,47331372549019607";"False";"BATANG TUBUH";"PASAL 2"
"35";"tahun pembuatan minimal 2016";"141,85";"333,75399999999996";"268,35";"280,35";"612,0";"AWCPPO+BookmanOldStyle";"12,0";"237,80199999999996";"306,0";"0,11143464052287587";"0,23178104575163397";"0,31356862745098035";"False";"BATANG TUBUH";"PASAL 2"
"35";"5. Kendaraan Barang Bak Terbuka dengan tahun 4.500.000,00";"110,85";"543,614";"288,1500000000001";"302,1500000000001";"612,0";"AWCPPO+BookmanOldStyle";"12,0";"327,232";"306,0";"0,03469281045751638";"0,18112745098039215";"0,7071307189542484";"False";"BATANG TUBUH";"PASAL 2"
"35";"pembuatan minimal 2016";"141,85";"294,214";"307,7800000000001";"319,7800000000001";"612,0";"AWCPPO+BookmanOldStyle";"12,0";"218,03199999999998";"306,0";"0,1437385620915033";"0,23178104575163397";"0,2489607843137255";"False";"BATANG TUBUH";"PASAL 2"
"35";"6. Kendaraan Barang Bak Tertutup (mobil boks) 6.455.200,00";"110,85";"543,614";"327,57000000000005";"341,57000000000005";"612,0";"AWCPPO+BookmanOldStyle";"12,0";"327,232";"306,0";"0,03469281045751638";"0,18112745098039215";"0,7071307189542484";"False";"BATANG TUBUH";"PASAL 2"
"35";"dengan tahun pembuatan minimal 2016";"141,85";"380,34999999999997";"346,98";"358,98";"612,0";"AWCPPO+BookmanOldStyle";"12,0";"261,09999999999997";"306,0";"0,07336601307189548";"0,23178104575163397";"0,3897058823529411";"False";"BATANG TUBUH";"PASAL 2"
"35";"8. Jasa Tenaga Penanganan Bencana";"78,025";"303,83699999999993";"385,98";"397,98";"612,0";"AWCPPO+BookmanOldStyle";"12,0";"190,93099999999998";"306,0";"0,18802124183006538";"0,1274918300653595";"0,3689738562091502";"False";"BATANG TUBUH";"PASAL 2"
"35";"a. Relawan Keadaan Darurat Bencana";"99,225";"330,43799999999993";"404,98";"416,98";"612,0";"AWCPPO+BookmanOldStyle";"12,0";"214,83149999999995";"306,0";"0,14896813725490204";"0,16213235294117645";"0,377799019607843";"False";"BATANG TUBUH";"PASAL 2"
"35";"Biaya jasa tenaga relawan keadaan darurat bencana terdapat pada";"120,45";"555,024";"424,0";"436,0";"612,0";"AWCPPO+BookmanOldStyle";"12,0";"337,737";"306,0";"0,05185784313725494";"0,19681372549019607";"0,7100882352941177";"False";"BATANG TUBUH";"PASAL 2"
"35";"Tabel B.8.1 sebagai berikut:";"120,45";"288,87199999999996";"442,976";"455,0";"612,0";"AWKBDA+BookmanOldStyle-Bold";"12,0";"204,66099999999997";"306,0";"0,16558660130718958";"0,19681372549019607";"0,2751993464052287";"False";"BATANG TUBUH";"PASAL 2"
"35";"Tabel B.8.1";"302,7";"372,824";"461,976";"473,976";"612,0";"AWKBDA+BookmanOldStyle-Bold";"12,0";"337,762";"306,0";"0,05189869281045752";"0,49460784313725487";"0,11458169934640526";"False";"BATANG TUBUH";"PASAL 2"
"35";"BESARAN";"465,15";"525,822";"481,57599999999996";"493,57599999999996";"612,0";"AWKBDA+BookmanOldStyle-Bold";"12,0";"495,486";"306,0";"0,3096176470588235";"0,7600490196078431";"0,09913725490196082";"True";"BATANG TUBUH";"PASAL 2"
"35";"URAIAN SATUAN";"209,08";"427,00600000000003";"490,976";"502,976";"612,0";"AWKBDA+BookmanOldStyle-Bold";"12,0";"318,043";"306,0";"0,01967810457516341";"0,3416339869281046";"0,35608823529411765";"True";"BATANG TUBUH";"PASAL 2"
"35";"(Rp)";"483,15";"507,82";"500,57599999999996";"512,576";"612,0";"AWKBDA+BookmanOldStyle-Bold";"12,0";"495,485";"306,0";"0,30961601307189546";"0,7894607843137255";"0,040310457516339895";"False";"BATANG TUBUH";"PASAL 2"
"35";"Relawan keadaan darurat bencana Orang/Hari 150.000,00";"128,85";"543,606";"520,2";"532,2";"612,0";"AWCPPO+BookmanOldStyle";"12,0";"336,228";"306,0";"0,04939215686274511";"0,2105392156862745";"0,6777058823529412";"False";"BATANG TUBUH";"PASAL 2"
"35";"b. Uang Lelah Petugas dalam rangka Penanganan Bencana Alam/Non Alam";"99,225";"552,018";"545,62";"557,62";"612,0";"AWCPPO+BookmanOldStyle";"12,0";"325,6215";"306,0";"0,032061274509803964";"0,16213235294117645";"0,7398578431372549";"False";"BATANG TUBUH";"PASAL 2"
"35";"Biaya jasa uang lelah petugas dalam rangka penanganan bencana";"120,45";"555,236";"564,62";"576,62";"612,0";"AWCPPO+BookmanOldStyle";"12,0";"337,843";"306,0";"0,05203104575163402";"0,19681372549019607";"0,7104346405228759";"False";"BATANG TUBUH";"PASAL 2"
"35";"alam/non alam terdapat pada Tabel B.8.2 sebagai berikut:";"120,45";"469,8759999999999";"583,596";"595,62";"612,0";"AWCPPO+BookmanOldStyle";"12,0";"295,16299999999995";"306,0";"0,017707516339869354";"0,19681372549019607";"0,5709575163398691";"False";"BATANG TUBUH";"PASAL 2"
"35";"Tabel B.8.2";"302,7";"372,824";"602,606";"614,606";"612,0";"AWKBDA+BookmanOldStyle-Bold";"12,0";"337,762";"306,0";"0,05189869281045752";"0,49460784313725487";"0,11458169934640526";"False";"BATANG TUBUH";"PASAL 2"
"35";"BESARAN";"475,95";"536,622";"622,1959999999999";"634,1959999999999";"612,0";"AWKBDA+BookmanOldStyle-Bold";"12,0";"506,28599999999994";"306,0";"0,32726470588235285";"0,7776960784313726";"0,09913725490196074";"True";"BATANG TUBUH";"PASAL 2"
"35";"URAIAN SATUAN";"219,47";"440,206";"631,796";"643,796";"612,0";"AWKBDA+BookmanOldStyle-Bold";"12,0";"329,838";"306,0";"0,0389509803921569";"0,3586111111111111";"0,3606797385620915";"True";"BATANG TUBUH";"PASAL 2"
"35";"(Rp)";"493,98";"518,62";"641,2059999999999";"653,2059999999999";"612,0";"AWKBDA+BookmanOldStyle-Bold";"12,0";"506,3";"306,0";"0,3272875816993464";"0,807156862745098";"0,04026143790849671";"False";"BATANG TUBUH";"PASAL 2"
"35";"Uang Lelah Petugas Penanganan Orang/Hari 100.000,00";"128,85";"543,606";"660,8199999999999";"672,8199999999999";"612,0";"AWCPPO+BookmanOldStyle";"12,0";"336,228";"306,0";"0,04939215686274511";"0,2105392156862745";"0,6777058823529412";"False";"BATANG TUBUH";"PASAL 2"
"35";"Bencana Alam/Non Alam";"128,85";"277,43399999999997";"679,85";"691,85";"612,0";"AWCPPO+BookmanOldStyle";"11,999999999999972";"203,142";"306,0";"0,1680686274509804";"0,2105392156862745";"0,24278431372549014";"False";"BATANG TUBUH";"PASAL 2"
"35";"c. Petugas/Relawan Penanganan Wabah Penyakit";"99,225";"399,09";"705,25";"717,25";"612,0";"AWCPPO+BookmanOldStyle";"12,0";"249,15749999999997";"306,0";"0,09287990196078436";"0,16213235294117645";"0,48997549019607844";"False";"BATANG TUBUH";"PASAL 2"
"35";"Biaya jasa petugas/relawan penanganan wabah penyakit di safe house";"120,45";"552,628";"724,25";"736,31";"612,0";"AWCPPO+BookmanOldStyle";"12,0";"336,53900000000004";"306,0";"0,049900326797385694";"0,19681372549019607";"0,7061732026143792";"False";"BATANG TUBUH";"PASAL 2"
"35";"atau rumah karantina dan/atau sejenisnya di wilayah Kabupaten";"120,45";"552,45";"743,45";"755,45";"612,0";"AWCPPO+BookmanOldStyle";"12,0";"336,45000000000005";"306,0";"0,04975490196078439";"0,19681372549019607";"0,7058823529411765";"False";"BATANG TUBUH";"PASAL 2"
"35";"Malang terdapat pada Tabel B.8.3 sebagai berikut:";"120,45";"421,47599999999994";"762,4259999999999";"774,45";"612,0";"AWCPPO+BookmanOldStyle";"12,0";"270,96299999999997";"306,0";"0,05725000000000006";"0,19681372549019607";"0,49187254901960775";"False";"BATANG TUBUH";"PASAL 2"
"35";"Tabel B.8.3";"302,7";"372,824";"781,4259999999999";"793,4259999999999";"612,0";"AWKBDA+BookmanOldStyle-Bold";"12,0";"337,762";"306,0";"0,05189869281045752";"0,49460784313725487";"0,11458169934640526";"False";"BATANG TUBUH";"PASAL 2"
"35";"BESARAN";"475,95";"536,622";"800,856";"812,856";"612,0";"AWKBDA+BookmanOldStyle-Bold";"12,000000000000014";"506,28599999999994";"306,0";"0,32726470588235285";"0,7776960784313726";"0,09913725490196074";"True";"BATANG TUBUH";"PASAL 2"
"35";"URAIAN SATUAN";"215,67";"436,00600000000003";"810,456";"822,456";"612,0";"AWKBDA+BookmanOldStyle-Bold";"12,0";"325,838";"306,0";"0,032415032679738595";"0,3524019607843137";"0,36002614379084974";"True";"BATANG TUBUH";"PASAL 2"
"35";"(Rp)";"493,98";"518,62";"819,846";"831,846";"612,0";"AWKBDA+BookmanOldStyle-Bold";"12,0";"506,3";"306,0";"0,3272875816993464";"0,807156862745098";"0,04026143790849671";"False";"BATANG TUBUH";"PASAL 2"
"35";"Petugas/Relawan Penanganan Wabah Orang/Hari 150.000,00";"128,85";"545,2200000000001";"839,475";"851,475";"612,0";"AWCPPO+BookmanOldStyle";"12,0";"337,0350000000001";"306,0";"0,050710784313725624";"0,2105392156862745";"0,6803431372549021";"False";"BATANG TUBUH";"PASAL 2"
"35";"Penyakit";"128,85";"179,394";"858,475";"870,475";"612,0";"AWCPPO+BookmanOldStyle";"12,0";"154,122";"306,0";"0,24816666666666665";"0,2105392156862745";"0,08258823529411767";"False";"BATANG TUBUH";"PASAL 2"
"36";"28";"298,7";"313,53999999999996";"37,90000000000009";"49,90000000000009";"612,0";"AWCPPO+BookmanOldStyle";"12,0";"306,12";"306,0";"0,00019607843137255644";"0,4880718954248366";"0,024248366013071853";"False";"BATANG TUBUH";"PASAL 2"
"36";"9. Biaya Petugas Seleksi Pengadaan Calon Aparatur Sipil Negara di Lingkungan";"77,825";"555,3979999999999";"65,12";"77,12";"612,0";"AWCPPO+BookmanOldStyle";"12,0";"316,6115";"306,0";"0,017339052287581664";"0,12716503267973855";"0,7803480392156862";"False";"BATANG TUBUH";"PASAL 2"
"36";"Pemerintah Kabupaten Malang terdapat pada Tabel B.9 sebagai berikut:";"99,225";"528,0980000000001";"88,29600000000005";"100,32000000000005";"612,0";"AWCPPO+BookmanOldStyle";"12,0";"313,66150000000005";"306,0";"0,012518790849673278";"0,16213235294117645";"0,7007728758169935";"False";"BATANG TUBUH";"PASAL 2"
"36";"Tabel B.9";"298,1";"356,25";"111,50600000000009";"123,50600000000009";"612,0";"AWKBDA+BookmanOldStyle-Bold";"12,0";"327,175";"306,0";"0,034599673202614395";"0,4870915032679739";"0,09501633986928101";"False";"BATANG TUBUH";"PASAL 2"
"36";"BESARAN";"478,15";"538,822";"135,29600000000005";"147,29600000000005";"612,0";"AWKBDA+BookmanOldStyle-Bold";"12,0";"508,486";"306,0";"0,330859477124183";"0,7812908496732026";"0,09913725490196082";"True";"BATANG TUBUH";"PASAL 2"
"36";"NO. URAIAN SPESIFIKASI SATUAN";"100,02";"449,606";"146,89600000000007";"158,89600000000007";"612,0";"AWKBDA+BookmanOldStyle-Bold";"12,0";"274,813";"306,0";"0,0509591503267974";"0,1634313725490196";"0,571218954248366";"True";"BATANG TUBUH";"PASAL 2"
"36";"(Rp)";"495,98";"520,62";"158,50600000000009";"170,50600000000009";"612,0";"AWKBDA+BookmanOldStyle-Bold";"12,0";"508,3";"306,0";"0,33055555555555555";"0,8104248366013073";"0,04026143790849671";"False";"BATANG TUBUH";"PASAL 2"
"36";"1. Petugas Pendukung Dokter Orang/Hari 200.000,00";"105,82";"547,4060000000001";"182,35000000000002";"194,35000000000002";"612,0";"AWCPPO+BookmanOldStyle";"12,0";"326,61300000000006";"306,0";"0,0336813725490197";"0,17290849673202613";"0,721545751633987";"False";"BATANG TUBUH";"PASAL 2"
"36";"Kesehatan";"134,45";"196,13";"205,55000000000007";"217,55000000000007";"612,0";"AWCPPO+BookmanOldStyle";"12,0";"165,29";"306,0";"0,22991830065359478";"0,2196895424836601";"0,10078431372549021";"False";"BATANG TUBUH";"PASAL 2"
"36";"2. Petugas Pendukung Perawat Orang/Hari 150.000,00";"105,82";"547,4060000000001";"229,35000000000002";"241,35000000000002";"612,0";"AWCPPO+BookmanOldStyle";"12,0";"326,61300000000006";"306,0";"0,0336813725490197";"0,17290849673202613";"0,721545751633987";"False";"BATANG TUBUH";"PASAL 2"
"36";"Kesehatan";"134,45";"196,13";"252,55000000000007";"264,55000000000007";"612,0";"AWCPPO+BookmanOldStyle";"12,0";"165,29";"306,0";"0,22991830065359478";"0,2196895424836601";"0,10078431372549021";"False";"BATANG TUBUH";"PASAL 2"
"36";"3. Petugas Pendukung Dinas Orang/Hari 150.000,00";"105,82";"547,4060000000001";"276,35";"288,35";"612,0";"AWCPPO+BookmanOldStyle";"12,0";"326,61300000000006";"306,0";"0,0336813725490197";"0,17290849673202613";"0,721545751633987";"False";"BATANG TUBUH";"PASAL 2"
"36";"Lalu Lintas Perhubungan";"134,45";"348,16";"299,57000000000005";"311,57000000000005";"612,0";"AWCPPO+BookmanOldStyle";"12,0";"241,305";"306,0";"0,10571078431372548";"0,2196895424836601";"0,3491993464052288";"False";"BATANG TUBUH";"PASAL 2"
"36";"4. Petugas Pendukung Cleaning Service Orang/Hari 150.000,00";"105,82";"547,4060000000001";"323,38";"335,43999999999994";"612,0";"AWCPPO+BookmanOldStyle";"12,0";"326,61300000000006";"306,0";"0,0336813725490197";"0,17290849673202613";"0,721545751633987";"False";"BATANG TUBUH";"PASAL 2"
"36";"Cleaning Service";"134,45";"229,86199999999997";"346,63";"358,63";"612,0";"BDJVSO+BookmanOldStyle-Italic";"12,0";"182,15599999999998";"306,0";"0,20235947712418303";"0,2196895424836601";"0,15590196078431368";"False";"BATANG TUBUH";"PASAL 2"
"36";"5. Petugas Pendukung Satuan Polisi Orang/Hari 150.000,00";"105,82";"547,4060000000001";"370,37";"382,37";"612,0";"AWCPPO+BookmanOldStyle";"12,0";"326,61300000000006";"306,0";"0,0336813725490197";"0,17290849673202613";"0,721545751633987";"False";"BATANG TUBUH";"PASAL 2"
"36";"Pengamanan Pamong Praja";"134,45";"349,012";"393,57000000000005";"405,57000000000005";"612,0";"AWCPPO+BookmanOldStyle";"12,0";"241,731";"306,0";"0,10501470588235295";"0,2196895424836601";"0,3505915032679739";"False";"BATANG TUBUH";"PASAL 2"
"36";"6. Tenaga Pendukung Sopir Ambulance Orang/Hari 150.000,00";"105,82";"547,4060000000001";"417,4";"429,46";"612,0";"AWCPPO+BookmanOldStyle";"12,0";"326,61300000000006";"306,0";"0,0336813725490197";"0,17290849673202613";"0,721545751633987";"False";"BATANG TUBUH";"PASAL 2"
"36";"Sopir Ambulance";"134,45";"233,08999999999997";"440,59999999999997";"452,65999999999997";"612,0";"AWCPPO+BookmanOldStyle";"12,0";"183,76999999999998";"306,0";"0,19972222222222225";"0,2196895424836601";"0,16117647058823528";"False";"BATANG TUBUH";"PASAL 2"
"36";"7. Petugas Pendukung Dinas Komunikasi Orang/Hari 150.000,00";"105,82";"547,4060000000001";"464,4";"476,4";"612,0";"AWCPPO+BookmanOldStyle";"12,0";"326,61300000000006";"306,0";"0,0336813725490197";"0,17290849673202613";"0,721545751633987";"False";"BATANG TUBUH";"PASAL 2"
"36";"Jaringan dan Informatika";"134,45";"362,99199999999996";"487,59999999999997";"499,59999999999997";"612,0";"AWCPPO+BookmanOldStyle";"12,0";"248,72099999999998";"306,0";"0,093593137254902";"0,2196895424836601";"0,3734346405228758";"False";"BATANG TUBUH";"PASAL 2"
"36";"10. Biaya Pendidikan dan Pelatihan Pembentukan Penyidik Pegawai Negeri Sipil";"77,825";"555,366";"534,5999999999999";"546,5999999999999";"612,0";"AWCPPO+BookmanOldStyle";"12,0";"316,5955";"306,0";"0,01731290849673205";"0,12716503267973855";"0,7802957516339869";"False";"BATANG TUBUH";"PASAL 2"
"36";"(PPNS) Penegak Perda dan Pendidikan dan Pelatihan Manajemen Penyidik";"99,225";"554,9730000000001";"557,8199999999999";"569,8199999999999";"612,0";"AWCPPO+BookmanOldStyle";"12,0";"327,09900000000005";"306,0";"0,034475490196078505";"0,16213235294117645";"0,744686274509804";"False";"BATANG TUBUH";"PASAL 2"
"36";"Pegawai Negeri Sipil (PPNS) terdapat pada Tabel B.10 sebagai berikut:";"99,225";"513,73";"581,006";"593,03";"612,0";"AWCPPO+BookmanOldStyle";"12,0";"306,4775";"306,0";"0,0007802287581699681";"0,16213235294117645";"0,6772957516339869";"False";"BATANG TUBUH";"PASAL 2"
"36";"Tabel B.10";"294,1";"360,24";"604,1959999999999";"616,1959999999999";"612,0";"AWKBDA+BookmanOldStyle-Bold";"12,0";"327,17";"306,0";"0,03459150326797388";"0,48055555555555557";"0,10807189542483658";"False";"BATANG TUBUH";"PASAL 2"
"36";"BESARAN";"462,95";"523,622";"628,006";"640,006";"612,0";"AWKBDA+BookmanOldStyle-Bold";"12,0";"493,28599999999994";"306,0";"0,3060228758169934";"0,756454248366013";"0,09913725490196074";"True";"BATANG TUBUH";"PASAL 2"
"36";"NO. URAIAN SPESIFIKASI SATUAN";"100,02";"426,606";"639,596";"651,596";"612,0";"AWKBDA+BookmanOldStyle-Bold";"12,0";"263,313";"306,0";"0,06975000000000002";"0,1634313725490196";"0,5336372549019608";"True";"BATANG TUBUH";"PASAL 2"
"36";"(Rp)";"480,95";"505,60999999999996";"651,2059999999999";"663,2059999999999";"612,0";"AWKBDA+BookmanOldStyle-Bold";"12,0";"493,28";"306,0";"0,3060130718954248";"0,7858660130718954";"0,04029411764705877";"False";"BATANG TUBUH";"PASAL 2"
"36";"1. Diklat PPNS Pola 300 JP Orang 21.375.000,00";"105,62";"541,798";"675,05";"687,05";"612,0";"AWCPPO+BookmanOldStyle";"11,999999999999972";"323,709";"306,0";"0,028936274509803926";"0,17258169934640524";"0,7127091503267974";"False";"BATANG TUBUH";"PASAL 2"
"36";"2. Diklat Manajemen Pola 200 JP Orang 16.950.000,00";"105,62";"541,798";"698,85";"710,85";"612,0";"AWCPPO+BookmanOldStyle";"12,0";"323,709";"306,0";"0,028936274509803926";"0,17258169934640524";"0,7127091503267974";"False";"BATANG TUBUH";"PASAL 2"
"36";"PPNS";"134,25";"165,77399999999997";"722,05";"734,05";"612,0";"AWCPPO+BookmanOldStyle";"12,0";"150,012";"306,0";"0,25488235294117645";"0,2193627450980392";"0,051509803921568585";"True";"BATANG TUBUH";"PASAL 2"
"36";"C. STANDAR BIAYA KEGIATAN KANTOR DAN RUMAH TANGGA";"56,625";"452,114";"769,026";"781,026";"612,0";"AWKBDA+BookmanOldStyle-Bold";"12,0";"254,3695";"306,0";"0,0843635620915033";"0,09252450980392157";"0,6462238562091502";"True";"BATANG TUBUH";"PASAL 2"
"36";"1. Standar Honorarium Pegawai Tidak Tetap";"78,025";"345,48900000000003";"792,28";"804,28";"612,0";"AWCPPO+BookmanOldStyle";"12,0";"211,757";"306,0";"0,15399183006535946";"0,1274918300653595";"0,4370326797385622";"False";"BATANG TUBUH";"PASAL 2"
"36";"Mengenai Standar Honorarium Pegawai Tidak Tetap di lingkungan";"99,225";"555,4399999999999";"815,48";"827,48";"612,0";"AWCPPO+BookmanOldStyle";"12,0";"327,3325";"306,0";"0,03485702614379082";"0,16213235294117645";"0,7454493464052286";"False";"BATANG TUBUH";"PASAL 2"
"36";"Pemerintah Kabupaten Malang disesuaikan dengan kemampuan keuangan";"99,225";"555,3539999999999";"838,675";"850,675";"612,0";"AWCPPO+BookmanOldStyle";"12,0";"327,2895";"306,0";"0,034786764705882316";"0,16213235294117645";"0,7453088235294116";"False";"BATANG TUBUH";"PASAL 2"
"36";"daerah yang diatur lebih lanjut dengan Keputusan Bupati.";"99,225";"444,969";"862,075";"874,075";"612,0";"AWCPPO+BookmanOldStyle";"12,0";"272,097";"306,0";"0,055397058823529445";"0,16213235294117645";"0,5649411764705883";"False";"BATANG TUBUH";"PASAL 2"
"37";"29";"298,7";"313,53999999999996";"37,90000000000009";"49,90000000000009";"612,0";"AWCPPO+BookmanOldStyle";"12,0";"306,12";"306,0";"0,00019607843137255644";"0,4880718954248366";"0,024248366013071853";"False";"BATANG TUBUH";"PASAL 2"
"37";"Catatan:";"99,225";"149,973";"65,12";"77,12";"612,0";"AWCPPO+BookmanOldStyle";"12,0";"124,599";"306,0";"0,29640686274509803";"0,16213235294117645";"0,08292156862745101";"False";"BATANG TUBUH";"PASAL 2"
"37";"a. Pemberian honorarium maksimal diberikan kepada Pegawai Tidak Tetap";"99,225";"555,174";"86,92000000000007";"98,92000000000007";"612,0";"AWCPPO+BookmanOldStyle";"12,0";"327,1995";"306,0";"0,03463970588235294";"0,16213235294117645";"0,7450147058823529";"False";"BATANG TUBUH";"PASAL 2"
"37";"di lingkungan Pemerintah Kabupaten Malang yang diangkat melalui";"120,45";"554,9100000000001";"108,73000000000002";"120,73000000000002";"612,0";"AWCPPO+BookmanOldStyle";"12,0";"337,68000000000006";"306,0";"0,051764705882353046";"0,19681372549019607";"0,7099019607843139";"False";"BATANG TUBUH";"PASAL 2"
"37";"Perjanjian Kontrak Kerja dengan Sekretaris Daerah;";"120,45";"426,68999999999994";"130,5300000000001";"142,5300000000001";"612,0";"AWCPPO+BookmanOldStyle";"12,0";"273,57";"306,0";"0,05299019607843138";"0,19681372549019607";"0,5003921568627451";"False";"BATANG TUBUH";"PASAL 2"
"37";"b. Untuk Pegawai Tidak Tetap di lingkungan Pemerintah Kabupaten Malang";"99,225";"555,322";"152,5300000000001";"164,5300000000001";"612,0";"AWCPPO+BookmanOldStyle";"12,0";"327,2735";"306,0";"0,0347606209150327";"0,16213235294117645";"0,7452565359477124";"False";"BATANG TUBUH";"PASAL 2"
"37";"yang diangkat melalui Perjanjian Kontrak Kerja dengan Kepala Satuan";"120,45";"555,4179999999999";"174,35000000000002";"186,35000000000002";"612,0";"AWCPPO+BookmanOldStyle";"12,0";"337,93399999999997";"306,0";"0,05217973856209145";"0,19681372549019607";"0,7107320261437907";"False";"BATANG TUBUH";"PASAL 2"
"37";"Kerja Perangkat Daerah, besaran upah disesuaikan dengan kemampuan";"120,45";"555,2819999999999";"196,1500000000001";"208,1500000000001";"612,0";"AWCPPO+BookmanOldStyle";"12,0";"337,866";"306,0";"0,05206862745098037";"0,19681372549019607";"0,7105098039215685";"False";"BATANG TUBUH";"PASAL 2"
"37";"anggaran Satuan Kerja Perangkat Daerah yang telah dialokasikan pada";"120,45";"555,3320000000001";"217,95000000000005";"229,95000000000005";"612,0";"AWCPPO+BookmanOldStyle";"12,0";"337,8910000000001";"306,0";"0,05210947712418313";"0,19681372549019607";"0,710591503267974";"False";"BATANG TUBUH";"PASAL 2"
"37";"program/kegiatan dengan batasan maksimal sesuai standar honorarium";"120,45";"555,136";"239,75";"251,75";"612,0";"AWCPPO+BookmanOldStyle";"12,0";"337,793";"306,0";"0,05194934640522877";"0,19681372549019607";"0,7102712418300653";"False";"BATANG TUBUH";"PASAL 2"
"37";"Pegawai Tidak Tetap di lingkungan Pemerintah Kabupaten Malang;";"120,45";"515,838";"261,55000000000007";"273,55000000000007";"612,0";"AWCPPO+BookmanOldStyle";"12,0";"318,144";"306,0";"0,01984313725490197";"0,19681372549019607";"0,6460588235294117";"False";"BATANG TUBUH";"PASAL 2"
"37";"c. Pembayaran honorarium harus dibuktikan dengan Perjanjian Kontrak";"99,225";"555,3020000000001";"283,55000000000007";"295,55000000000007";"612,0";"AWCPPO+BookmanOldStyle";"12,0";"327,2635000000001";"306,0";"0,034744281045751765";"0,16213235294117645";"0,7452238562091505";"False";"BATANG TUBUH";"PASAL 2"
"37";"Kerja Sekretaris Daerah atau Perjanjian Kontrak Kerja Kepala Satuan";"120,45";"555,4179999999999";"305,38";"317,38";"612,0";"AWCPPO+BookmanOldStyle";"12,0";"337,93399999999997";"306,0";"0,05217973856209145";"0,19681372549019607";"0,7107320261437907";"False";"BATANG TUBUH";"PASAL 2"
"37";"Kerja Perangkat Daerah;";"120,45";"264,94";"327,1700000000001";"339,1700000000001";"612,0";"AWCPPO+BookmanOldStyle";"12,0";"192,695";"306,0";"0,1851388888888889";"0,19681372549019607";"0,2360947712418301";"False";"BATANG TUBUH";"PASAL 2"
"37";"d. Ketentuan tentang pemberian tambahan honorarium kepada Pegawai";"99,225";"555,0179999999999";"350,98";"362,98";"612,0";"AWCPPO+BookmanOldStyle";"12,0";"327,12149999999997";"306,0";"0,034512254901960734";"0,16213235294117645";"0,7447598039215685";"False";"BATANG TUBUH";"PASAL 2"
"37";"Tidak Tetap dengan kualifikasi/keahlian tertentu yang spesifik yang";"120,45";"554,802";"372,7800000000001";"384,7800000000001";"612,0";"AWCPPO+BookmanOldStyle";"12,0";"337,62600000000003";"306,0";"0,05167647058823535";"0,19681372549019607";"0,7097254901960784";"False";"BATANG TUBUH";"PASAL 2"
"37";"dibuktikan dengan sertifikat keahlian tertentu, dan yang bekerja pada";"120,45";"555,0539999999999";"394,57000000000005";"406,57000000000005";"612,0";"AWCPPO+BookmanOldStyle";"12,0";"337,75199999999995";"306,0";"0,05188235294117639";"0,19681372549019607";"0,7101372549019606";"False";"BATANG TUBUH";"PASAL 2"
"37";"Satuan Kerja Perangkat Daerah sebagai penyangga utama untuk";"120,45";"555,3120000000001";"416,57000000000005";"428,57";"612,0";"AWCPPO+BookmanOldStyle";"11,999999999999943";"337,8810000000001";"306,0";"0,0520931372549021";"0,19681372549019607";"0,710558823529412";"False";"BATANG TUBUH";"PASAL 2"
"37";"8 (delapan) area perubahan pelaksanaan reformasi birokrasi, serta yang";"120,45";"555,152";"438,4";"450,4";"612,0";"AWCPPO+BookmanOldStyle";"12,0";"337,80100000000004";"306,0";"0,051962418300653665";"0,19681372549019607";"0,7102973856209152";"False";"BATANG TUBUH";"PASAL 2"
"37";"bekerja pada Satuan Kerja Perangkat Daerah sebagai pendukung utama";"120,45";"555,154";"460,2";"472,2";"612,0";"AWCPPO+BookmanOldStyle";"12,0";"337,802";"306,0";"0,05196405228758173";"0,19681372549019607";"0,7103006535947712";"False";"BATANG TUBUH";"PASAL 2"
"37";"Capaian Aksi Pemberantasan Korupsi Terintegrasi Monitoring Controlling";"120,45";"554,942";"482,0";"494,06";"612,0";"AWCPPO+BookmanOldStyle";"12,0";"337,696";"306,0";"0,05179084967320266";"0,19681372549019607";"0,7099542483660131";"False";"BATANG TUBUH";"PASAL 2"
"37";"Surveillance for Preventation (MCSP) Komisi Pemberantasan Korupsi,";"120,45";"555,218";"503,8";"515,86";"612,0";"BDJVSO+BookmanOldStyle-Italic";"12,0";"337,834";"306,0";"0,05201633986928105";"0,19681372549019607";"0,7104052287581699";"False";"BATANG TUBUH";"PASAL 2"
"37";"diatur lebih lanjut dalam Keputusan Bupati tentang gaji/honorarium";"120,45";"555,3019999999999";"525,8";"537,8";"612,0";"AWCPPO+BookmanOldStyle";"12,0";"337,876";"306,0";"0,0520849673202614";"0,19681372549019607";"0,7105424836601306";"False";"BATANG TUBUH";"PASAL 2"
"37";"Pegawai Tidak Tetap di Lingkungan Pemerintah Kabupaten Malang.";"120,45";"519,8100000000001";"547,62";"559,62";"612,0";"AWCPPO+BookmanOldStyle";"12,0";"320,13000000000005";"306,0";"0,023088235294117732";"0,19681372549019607";"0,6525490196078433";"False";"BATANG TUBUH";"PASAL 2"
"37";"2. Biaya Premi Asuransi Kesehatan Pegawai Tidak Tetap (Non Pegawai Negeri";"77,825";"554,8050000000001";"571,4300000000001";"583,4300000000001";"612,0";"AWCPPO+BookmanOldStyle";"12,0";"316,31500000000005";"306,0";"0,01685457516339878";"0,12716503267973855";"0,7793790849673203";"False";"BATANG TUBUH";"PASAL 2"
"37";"Sipil)";"99,225";"129,021";"593,22";"605,22";"612,0";"AWCPPO+BookmanOldStyle";"12,0";"114,12299999999999";"306,0";"0,3135245098039216";"0,16213235294117645";"0,04868627450980391";"False";"BATANG TUBUH";"PASAL 2"
"37";"Biaya Premi Asuransi Kesehatan Pegawai Tidak Tetap (Non Pegawai Negeri";"99,225";"555,3660000000001";"617,03";"629,03";"612,0";"AWCPPO+BookmanOldStyle";"12,0";"327,29550000000006";"306,0";"0,03479656862745108";"0,16213235294117645";"0,7453284313725491";"False";"BATANG TUBUH";"PASAL 2"
"37";"Sipil) berpedoman pada peraturan perundangan-undangan.";"99,225";"452,39";"638,8199999999999";"650,8199999999999";"612,0";"AWCPPO+BookmanOldStyle";"12,0";"275,8075";"306,0";"0,04933415032679738";"0,16213235294117645";"0,5770669934640522";"False";"BATANG TUBUH";"PASAL 2"
"37";"3. Biaya Premi BPJS Ketenagakerjaan Pegawai Tidak Tetap (Non Pegawai";"77,825";"554,841";"662,8499999999999";"674,8499999999999";"612,0";"AWCPPO+BookmanOldStyle";"12,0";"316,333";"306,0";"0,016883986928104618";"0,12716503267973855";"0,7794379084967321";"False";"BATANG TUBUH";"PASAL 2"
"37";"Negeri Sipil)";"99,225";"169,40099999999998";"684,65";"696,65";"612,0";"AWCPPO+BookmanOldStyle";"12,0";"134,313";"306,0";"0,2805343137254902";"0,16213235294117645";"0,11466666666666665";"False";"BATANG TUBUH";"PASAL 2"
"37";"Biaya Premi Asuransi Kesehatan Pegawai Tidak Tetap (Non Pegawai Negeri";"99,225";"555,3660000000001";"708,45";"720,45";"612,0";"AWCPPO+BookmanOldStyle";"12,0";"327,29550000000006";"306,0";"0,03479656862745108";"0,16213235294117645";"0,7453284313725491";"False";"BATANG TUBUH";"PASAL 2"
"37";"Sipil) berpedoman pada peraturan perundangan-undangan.";"99,225";"452,39";"730,25";"742,25";"612,0";"AWCPPO+BookmanOldStyle";"12,0";"275,8075";"306,0";"0,04933415032679738";"0,16213235294117645";"0,5770669934640522";"False";"BATANG TUBUH";"PASAL 2"
"37";"4. Biaya Premi Jaminan Kecelakaan Kerja untuk Petani Tembakau dan";"77,825";"554,949";"752,05";"764,05";"612,0";"AWCPPO+BookmanOldStyle";"11,0";"316,387";"306,0";"0,016972222222222222";"0,12716503267973855";"0,7796143790849672";"False";"BATANG TUBUH";"PASAL 2"
"37";"Pekerja Rentan lainnya ditetapkan sebesar Rp10.000,00 (sepuluh ribu";"99,225";"555,1049999999999";"773,85";"785,85";"612,0";"AWCPPO+BookmanOldStyle";"12,0";"327,16499999999996";"306,0";"0,03458333333333327";"0,16213235294117645";"0,7449019607843135";"False";"BATANG TUBUH";"PASAL 2"
"37";"rupiah) per orang/bulan;";"99,225";"247,161";"795,87";"807,87";"612,0";"AWCPPO+BookmanOldStyle";"12,0";"173,19299999999998";"306,0";"0,21700490196078434";"0,16213235294117645";"0,24172549019607845";"False";"BATANG TUBUH";"PASAL 2"
"37";"5. Biaya Premi Jaminan Kematian untuk Petani Tembakau dan Pekerja Rentan";"77,825";"554,8769999999998";"817,67";"829,67";"612,0";"AWCPPO+BookmanOldStyle";"12,0";"316,35099999999994";"306,0";"0,016913398692810364";"0,12716503267973855";"0,7794967320261436";"False";"BATANG TUBUH";"PASAL 2"
"37";"lainnya ditetapkan sebesar Rp6.800,00 (enam ribu delapan ratus rupiah)";"99,225";"554,661";"839,475";"851,475";"612,0";"AWCPPO+BookmanOldStyle";"12,0";"326,943";"306,0";"0,03422058823529409";"0,16213235294117645";"0,7441764705882352";"False";"BATANG TUBUH";"PASAL 2"
"37";"per orang/bulan;";"99,225";"200,397";"861,275";"873,275";"612,0";"AWCPPO+BookmanOldStyle";"12,0";"149,81099999999998";"306,0";"0,2552107843137255";"0,16213235294117645";"0,16531372549019607";"False";"BATANG TUBUH";"PASAL 2"
"38";"30";"298,7";"313,53999999999996";"37,90000000000009";"49,90000000000009";"612,0";"AWCPPO+BookmanOldStyle";"12,0";"306,12";"306,0";"0,00019607843137255644";"0,4880718954248366";"0,024248366013071853";"False";"BATANG TUBUH";"PASAL 2"
"38";"6. Kerja Lembur";"77,825";"179,277";"65,12";"77,12";"612,0";"AWCPPO+BookmanOldStyle";"12,0";"128,551";"306,0";"0,2899493464052288";"0,12716503267973855";"0,16577124183006534";"False";"BATANG TUBUH";"PASAL 2"
"38";"Untuk pekerjaan tidak selesai dikerjakan dalam waktu jam kerja dapat";"99,225";"555,2339999999999";"87,32000000000005";"99,32000000000005";"612,0";"AWCPPO+BookmanOldStyle";"12,0";"327,2295";"306,0";"0,03468872549019603";"0,16213235294117645";"0,745112745098039";"False";"BATANG TUBUH";"PASAL 2"
"38";"diberikan uang lembur untuk tiap-tiap jam dan uang makan yang telah";"99,225";"555,13";"109,32000000000005";"121,32000000000005";"612,0";"AWCPPO+BookmanOldStyle";"12,0";"327,1775";"306,0";"0,034603758169934655";"0,16213235294117645";"0,7449428104575163";"False";"BATANG TUBUH";"PASAL 2"
"38";"ditetapkan sebagai berikut:";"99,225";"260,51";"131,5300000000001";"143,5300000000001";"612,0";"AWCPPO+BookmanOldStyle";"12,0";"179,8675";"306,0";"0,2060988562091503";"0,16213235294117645";"0,2635375816993464";"False";"BATANG TUBUH";"PASAL 2"
"38";"a. Golongan I sebesar Rp13.000,00/jam;";"99,225";"345,36999999999995";"153,5300000000001";"165,5300000000001";"612,0";"AWCPPO+BookmanOldStyle";"12,0";"222,29749999999996";"306,0";"0,13676879084967328";"0,16213235294117645";"0,4021977124183006";"False";"BATANG TUBUH";"PASAL 2"
"38";"b. Golongan II sebesar Rp17.000,00/jam;";"99,225";"349,35999999999996";"175,75";"187,75";"612,0";"AWCPPO+BookmanOldStyle";"12,0";"224,29249999999996";"306,0";"0,13350898692810464";"0,16213235294117645";"0,40871732026143787";"False";"BATANG TUBUH";"PASAL 2"
"38";"c. Golongan III sebesar Rp20.000,00/jam termasuk pajak penghasilan;";"99,225";"525,01";"197,95000000000005";"209,95000000000005";"612,0";"AWCPPO+BookmanOldStyle";"12,0";"312,1175";"306,0";"0,009995915032679749";"0,16213235294117645";"0,6957271241830065";"False";"BATANG TUBUH";"PASAL 2"
"38";"d. Golongan IV sebesar Rp25.000,00/jam termasuk pajak penghasilan;";"99,225";"525,22";"219,95000000000005";"231,95000000000005";"612,0";"AWCPPO+BookmanOldStyle";"12,0";"312,2225";"306,0";"0,01016748366013076";"0,16213235294117645";"0,6960702614379085";"False";"BATANG TUBUH";"PASAL 2"
"38";"e. Untuk Pegawai Pemerintah dengan Perjanjian Kerja (PPPK) dan Pegawai";"99,225";"555,316";"242,1500000000001";"254,1500000000001";"612,0";"AWCPPO+BookmanOldStyle";"12,0";"327,2705";"306,0";"0,03475571895424841";"0,16213235294117645";"0,7452467320261438";"False";"BATANG TUBUH";"PASAL 2"
"38";"Tidak Tetap disetarakan Golongan II;";"120,45";"338,5499999999999";"264,35";"276,35";"612,0";"AWCPPO+BookmanOldStyle";"12,0";"229,49999999999994";"306,0";"0,12500000000000008";"0,19681372549019607";"0,3563725490196077";"False";"BATANG TUBUH";"PASAL 2"
"38";"f. Uang makan lembur sebesar Rp35.000,00 diperuntukkan bagi pegawai";"99,225";"555,254";"286,35";"298,35";"612,0";"AWCPPO+BookmanOldStyle";"12,0";"327,2395";"306,0";"0,03470506535947716";"0,16213235294117645";"0,7451454248366013";"False";"BATANG TUBUH";"PASAL 2"
"38";"setelah bekerja lembur paling kurang 2 (dua) jam secara berturut-turut";"120,45";"555,288";"308,57000000000005";"320,57000000000005";"612,0";"AWCPPO+BookmanOldStyle";"12,0";"337,869";"306,0";"0,052073529411764755";"0,19681372549019607";"0,7105196078431373";"False";"BATANG TUBUH";"PASAL 2"
"38";"dan diberikan maksimal 1 (satu) kali per hari;";"120,45";"391,3499999999999";"330,7700000000001";"342,7700000000001";"612,0";"AWCPPO+BookmanOldStyle";"12,0";"255,89999999999995";"306,0";"0,0818627450980393";"0,19681372549019607";"0,4426470588235293";"False";"BATANG TUBUH";"PASAL 2"
"38";"g. Untuk pekerjaan lembur yang dikerjakan pada hari libur/hari besar,";"99,225";"555,212";"352,7800000000001";"364,7800000000001";"612,0";"AWCPPO+BookmanOldStyle";"12,0";"327,2185";"306,0";"0,03467075163398694";"0,16213235294117645";"0,7450767973856208";"False";"BATANG TUBUH";"PASAL 2"
"38";"maka uang lembur dapat diberikan sebesar 200% (dua ratus persen) dari";"120,45";"555,38";"374,98";"386,98";"612,0";"AWCPPO+BookmanOldStyle";"12,0";"337,915";"306,0";"0,05214869281045755";"0,19681372549019607";"0,7106699346405229";"False";"BATANG TUBUH";"PASAL 2"
"38";"tarif lembur dan tidak lebih dari 8 (delapan) jam kerja.";"120,45";"441,7139999999998";"396,98";"408,98";"612,0";"AWCPPO+BookmanOldStyle";"12,0";"281,08199999999994";"306,0";"0,04071568627450991";"0,19681372549019607";"0,524941176470588";"False";"BATANG TUBUH";"PASAL 2"
"38";"Catatan:";"120,45";"171,29";"419,20000000000005";"431,2";"612,0";"AWCPPO+BookmanOldStyle";"11,999999999999943";"145,87";"306,0";"0,2616503267973856";"0,19681372549019607";"0,08307189542483659";"False";"BATANG TUBUH";"PASAL 2"
"38";"Harus dilampirkan Laporan Kegiatan Lembur.";"120,45";"392,51399999999995";"441,4";"453,4";"612,0";"AWCPPO+BookmanOldStyle";"12,0";"256,48199999999997";"306,0";"0,0809117647058824";"0,19681372549019607";"0,4445490196078431";"False";"BATANG TUBUH";"PASAL 2"
"38";"7. Sewa Kendaraan";"77,825";"197,86499999999998";"463,4";"475,4";"612,0";"AWCPPO+BookmanOldStyle";"12,0";"137,845";"306,0";"0,2747630718954248";"0,12716503267973855";"0,19614379084967318";"False";"BATANG TUBUH";"PASAL 2"
"38";"Sewa kendaraan hanya digunakan untuk kegiatan yang sifatnya insidentil";"99,225";"555,4620000000001";"485,59999999999997";"497,59999999999997";"612,0";"AWCPPO+BookmanOldStyle";"12,0";"327,34350000000006";"306,0";"0,0348750000000001";"0,16213235294117645";"0,7454852941176472";"False";"BATANG TUBUH";"PASAL 2"
"38";"(tidak bersifat terus menerus) dan dilarang untuk kegiatan operasional yang";"99,225";"555,236";"507,8";"519,8";"612,0";"AWCPPO+BookmanOldStyle";"12,0";"327,2305";"306,0";"0,03469035947712419";"0,16213235294117645";"0,7451160130718953";"False";"BATANG TUBUH";"PASAL 2"
"38";"sifatnya rutin, dengan ketentuan sebagai berikut:";"99,225";"391,77";"529,8";"541,8";"612,0";"AWCPPO+BookmanOldStyle";"12,0";"245,4975";"306,0";"0,09886029411764706";"0,16213235294117645";"0,4780147058823529";"False";"BATANG TUBUH";"PASAL 2"
"38";"a. Pelaksanaan kegiatan yang membutuhkan mobilitas tinggi, berskala";"99,225";"555,1260000000001";"552,03";"564,03";"612,0";"AWCPPO+BookmanOldStyle";"12,0";"327,17550000000006";"306,0";"0,034600490196078526";"0,16213235294117645";"0,744936274509804";"False";"BATANG TUBUH";"PASAL 2"
"38";"besar, dan tidak tersedia kendaraan dinas serta dilakukan secara selektif";"120,45";"554,6940000000001";"574,03";"586,03";"612,0";"AWCPPO+BookmanOldStyle";"12,0";"337,57200000000006";"306,0";"0,05158823529411775";"0,19681372549019607";"0,7095490196078432";"False";"BATANG TUBUH";"PASAL 2"
"38";"dan efisien;";"120,45";"188,09";"596,23";"608,23";"612,0";"AWCPPO+BookmanOldStyle";"12,0";"154,27";"306,0";"0,24792483660130718";"0,19681372549019607";"0,11052287581699347";"False";"BATANG TUBUH";"PASAL 2"
"38";"b. Penerimaan/kegiatan tamu dinas;";"99,225";"322,13399999999996";"618,4200000000001";"630,4200000000001";"612,0";"AWCPPO+BookmanOldStyle";"12,0";"210,67949999999996";"306,0";"0,15575245098039223";"0,16213235294117645";"0,3642303921568627";"False";"BATANG TUBUH";"PASAL 2"
"38";"c. Sewa kendaraan untuk mengangkut barang disesuaikan dengan";"99,225";"555,0299999999999";"640,4200000000001";"652,4200000000001";"612,0";"AWCPPO+BookmanOldStyle";"12,0";"327,12749999999994";"306,0";"0,034522058823529315";"0,16213235294117645";"0,7447794117647056";"False";"BATANG TUBUH";"PASAL 2"
"38";"kebutuhan dengan tetap memperhatikan asas kepatutan dan kewajaran;";"120,45";"551,1419999999999";"662,65";"674,65";"612,0";"AWCPPO+BookmanOldStyle";"12,0";"335,796";"306,0";"0,04868627450980391";"0,19681372549019607";"0,7037450980392156";"False";"BATANG TUBUH";"PASAL 2"
"38";"d. Sewa kendaraan juga dapat dilakukan dalam rangka penanganan";"99,225";"555,4019999999999";"684,85";"696,85";"612,0";"AWCPPO+BookmanOldStyle";"12,0";"327,3135";"306,0";"0,03482598039215683";"0,16213235294117645";"0,7453872549019607";"False";"BATANG TUBUH";"PASAL 2"
"38";"keadaan darurat bencana yaitu untuk penyelamatan dan evakuasi";"120,45";"555,352";"706,85";"718,85";"612,0";"AWCPPO+BookmanOldStyle";"12,0";"337,901";"306,0";"0,052125816993464066";"0,19681372549019607";"0,710624183006536";"False";"BATANG TUBUH";"PASAL 2"
"38";"masyarakat terkena bencana, pemenuhan kebutuhan dasar (meliputi";"120,45";"554,898";"729,05";"741,05";"612,0";"AWCPPO+BookmanOldStyle";"12,0";"337,67400000000004";"306,0";"0,05175490196078437";"0,19681372549019607";"0,7098823529411765";"False";"BATANG TUBUH";"PASAL 2"
"38";"kebutuhan air bersih dan sanitasi, pangan, sandang, pelayanan";"120,45";"555,43";"751,25";"763,25";"612,0";"AWCPPO+BookmanOldStyle";"12,0";"337,94";"306,0";"0,052189542483660124";"0,19681372549019607";"0,7107516339869281";"False";"BATANG TUBUH";"PASAL 2"
"38";"kesehatan, pelayanan psikososial, dan penampungan serta tempat";"120,45";"555,2819999999999";"773,25";"785,25";"612,0";"AWCPPO+BookmanOldStyle";"12,0";"337,866";"306,0";"0,05206862745098037";"0,19681372549019607";"0,7105098039215685";"False";"BATANG TUBUH";"PASAL 2"
"38";"hunian sementara), perlindungan terhadap kelompok rentan, dan";"120,45";"554,8739999999998";"795,47";"807,47";"612,0";"AWCPPO+BookmanOldStyle";"12,0";"337,6619999999999";"306,0";"0,05173529411764693";"0,19681372549019607";"0,7098431372549017";"False";"BATANG TUBUH";"PASAL 2"
"38";"pemulihan dengan segera prasarana dan sarana vital;";"120,45";"438,438";"817,48";"829,48";"612,0";"AWCPPO+BookmanOldStyle";"12,0";"279,444";"306,0";"0,04339215686274507";"0,19681372549019607";"0,5195882352941177";"False";"BATANG TUBUH";"PASAL 2"
"38";"e. Satuan biaya sewa kendaraan sudah termasuk bahan bakar dan";"99,225";"554,7059999999999";"839,675";"851,675";"612,0";"AWCPPO+BookmanOldStyle";"12,0";"326,96549999999996";"306,0";"0,03425735294117641";"0,16213235294117645";"0,7442499999999999";"False";"BATANG TUBUH";"PASAL 2"
"38";"pengemudi (belum termasuk biaya tol);";"120,45";"350,75399999999996";"861,875";"873,875";"612,0";"AWCPPO+BookmanOldStyle";"12,0";"235,60199999999998";"306,0";"0,11502941176470592";"0,19681372549019607";"0,37631372549019604";"False";"BATANG TUBUH";"PASAL 2"
"39";"31";"298,7";"313,53999999999996";"37,90000000000009";"49,90000000000009";"612,0";"AWCPPO+BookmanOldStyle";"12,0";"306,12";"306,0";"0,00019607843137255644";"0,4880718954248366";"0,024248366013071853";"False";"BATANG TUBUH";"PASAL 2"
"39";"f. Satuan biaya sewa kendaraan roda 4 (empat) dalam satuan biaya ini";"99,225";"554,838";"65,12";"77,12";"612,0";"AWCPPO+BookmanOldStyle";"12,0";"327,0315";"306,0";"0,034365196078431366";"0,16213235294117645";"0,7444656862745097";"False";"BATANG TUBUH";"PASAL 2"
"39";"adalah untuk kendaraan yang berkapasitas maksimum 7 (tujuh) seat.";"120,45";"555,172";"86,53000000000009";"98,59000000000003";"612,0";"AWCPPO+BookmanOldStyle";"12,0";"337,81100000000004";"306,0";"0,0519787581699347";"0,19681372549019607";"0,7103300653594772";"False";"BATANG TUBUH";"PASAL 2"
"39";"Dalam hal diperlukan kendaraan roda 4 (empat) dengan kapasitas";"120,45";"554,958";"107,92000000000007";"119,92000000000007";"612,0";"AWCPPO+BookmanOldStyle";"12,0";"337,704";"306,0";"0,05180392156862746";"0,19681372549019607";"0,7099803921568627";"False";"BATANG TUBUH";"PASAL 2"
"39";"melebihi 7 (tujuh) seat dapat diberikan paling tinggi sebesar 150%";"120,45";"554,92";"129,32000000000005";"141,38";"612,0";"AWCPPO+BookmanOldStyle";"12,0";"337,685";"306,0";"0,05177287581699347";"0,19681372549019607";"0,7099183006535947";"False";"BATANG TUBUH";"PASAL 2"
"39";"(seratus lima puluh persen) dari satuan biaya sewa kendaraan roda 4";"120,45";"554,8619999999999";"150,73000000000002";"162,73000000000002";"612,0";"AWCPPO+BookmanOldStyle";"12,0";"337,65599999999995";"306,0";"0,05172549019607835";"0,19681372549019607";"0,7098235294117645";"False";"BATANG TUBUH";"PASAL 2"
"39";"(empat);";"120,45";"167,86200000000002";"172,35000000000002";"184,35000000000002";"612,0";"AWCPPO+BookmanOldStyle";"12,0";"144,156";"306,0";"0,26445098039215686";"0,19681372549019607";"0,07747058823529415";"False";"BATANG TUBUH";"PASAL 2"
"39";"g. Biaya sewa sesuai dengan spesifikasi kendaraan dan didukung dengan";"99,225";"555,48";"193,75";"205,75";"612,0";"AWCPPO+BookmanOldStyle";"12,0";"327,3525";"306,0";"0,034889705882352975";"0,16213235294117645";"0,7455147058823529";"False";"BATANG TUBUH";"PASAL 2"
"39";"bukti pengeluaran riil (pembiayaan secara at cost), dengan batasan";"120,45";"555,3499999999999";"215,1500000000001";"227,21000000000004";"612,0";"AWCPPO+BookmanOldStyle";"12,0";"337,9";"306,0";"0,05212418300653591";"0,19681372549019607";"0,7106209150326797";"False";"BATANG TUBUH";"PASAL 2"
"39";"maksimal sesuai Tabel Standar Satuan Biaya Sewa Kendaraan;";"120,45";"494,7659999999998";"236,55000000000007";"248,55000000000007";"612,0";"AWCPPO+BookmanOldStyle";"12,0";"307,6079999999999";"306,0";"0,0026274509803919776";"0,19681372549019607";"0,6116274509803918";"False";"BATANG TUBUH";"PASAL 2"
"39";"h. Khusus untuk perjalanan dinas luar provinsi yang menggunakan";"99,225";"555,284";"257,95000000000005";"269,95000000000005";"612,0";"AWCPPO+BookmanOldStyle";"12,0";"327,2545";"306,0";"0,0347295751633987";"0,16213235294117645";"0,7451944444444444";"False";"BATANG TUBUH";"PASAL 2"
"39";"angkutan darat dalam hal dapat dilakukan secara lebih efisien apabila";"120,45";"555,33";"279,35";"291,35";"612,0";"AWCPPO+BookmanOldStyle";"12,0";"337,89000000000004";"306,0";"0,05210784313725497";"0,19681372549019607";"0,7105882352941177";"False";"BATANG TUBUH";"PASAL 2"
"39";"menggunakan sewa kendaraan, maka untuk standar harga sewa";"120,45";"555,518";"300,7800000000001";"312,7800000000001";"612,0";"AWCPPO+BookmanOldStyle";"12,0";"337,98400000000004";"306,0";"0,05226143790849679";"0,19681372549019607";"0,7108954248366014";"False";"BATANG TUBUH";"PASAL 2"
"39";"kendaraan per hari yaitu sesuai dengan Tabel C.1;";"120,45";"419,59";"322,1460000000001";"334,1700000000001";"612,0";"AWCPPO+BookmanOldStyle";"12,0";"270,02";"306,0";"0,058790849673202646";"0,19681372549019607";"0,4887908496732026";"False";"BATANG TUBUH";"PASAL 2"
"39";"i. Standar Satuan Biaya Sewa Kendaraan terdapat pada Tabel C.1 sebagai";"99,225";"555,306";"343,7560000000001";"355,7800000000001";"612,0";"AWCPPO+BookmanOldStyle";"12,0";"327,26550000000003";"306,0";"0,034747549019607894";"0,16213235294117645";"0,7452303921568628";"False";"BATANG TUBUH";"PASAL 2"
"39";"berikut:";"120,45";"166,866";"365,1700000000001";"377,1700000000001";"612,0";"AWCPPO+BookmanOldStyle";"12,0";"143,65800000000002";"306,0";"0,2652647058823529";"0,19681372549019607";"0,07584313725490198";"False";"BATANG TUBUH";"PASAL 2"
"39";"Tabel C.1";"308,5";"366,84000000000003";"386,54600000000005";"398,54600000000005";"612,0";"AWKBDA+BookmanOldStyle-Bold";"12,0";"337,67";"306,0";"0,05174836601307192";"0,5040849673202614";"0,09532679738562097";"False";"BATANG TUBUH";"PASAL 2"
"39";"RODA 6/BUS RODA 6/BUS";"401,52";"547,35";"407,70000000000005";"417,70000000000005";"612,0";"AWKBDA+BookmanOldStyle-Bold";"10,0";"474,435";"306,0";"0,2752205882352941";"0,656078431372549";"0,23828431372549028";"True";"BATANG TUBUH";"PASAL 2"
"39";"NO. PROVINSI SATUAN RODA 4";"103,62";"377,93";"416,5";"426,5";"612,0";"AWKBDA+BookmanOldStyle-Bold";"10,0";"240,775";"306,0";"0,10657679738562091";"0,16931372549019608";"0,448218954248366";"True";"BATANG TUBUH";"PASAL 2"
"39";"SEDANG BESAR";"413,55";"531,3800019079999";"425,33000000000004";"435,33000000000004";"612,0";"AWKBDA+BookmanOldStyle-Bold";"10,0";"472,46500095399995";"306,0";"0,2720016355457516";"0,6757352941176471";"0,19253268285620903";"True";"BATANG TUBUH";"PASAL 2"
"39";"1. ACEH Per Hari 930.000 3.282.000 4.638.000";"108,22";"545,518";"443,325";"453,35";"612,0";"AWCPPO+BookmanOldStyle";"10,0";"326,869";"306,0";"0,03409967320261442";"0,17683006535947712";"0,7145392156862745";"False";"BATANG TUBUH";"PASAL 2"
"39";"2. SUMATERA UTARA Per Hari 1.220.000 3.062.000 3.753.000";"108,22";"545,518";"461,525";"471,55";"612,0";"AWCPPO+BookmanOldStyle";"10,0";"326,869";"306,0";"0,03409967320261442";"0,17683006535947712";"0,7145392156862745";"False";"BATANG TUBUH";"PASAL 2"
"39";"3. RIAU Per Hari 978.000 3.155.000 4.585.000";"108,22";"545,518";"479,72499999999997";"489,75";"612,0";"AWCPPO+BookmanOldStyle";"10,0";"326,869";"306,0";"0,03409967320261442";"0,17683006535947712";"0,7145392156862745";"False";"BATANG TUBUH";"PASAL 2"
"39";"4. KEPULAUAN RIAU Per Hari 989.000 2.373.000 3.910.000";"108,22";"545,518";"497,72499999999997";"507,75";"612,0";"AWCPPO+BookmanOldStyle";"10,0";"326,869";"306,0";"0,03409967320261442";"0,17683006535947712";"0,7145392156862745";"False";"BATANG TUBUH";"PASAL 2"
"39";"5. JAMBI Per Hari 1.086.000 5.585.000 7.190.000";"108,22";"545,518";"515,925";"525,95";"612,0";"AWCPPO+BookmanOldStyle";"10,0";"326,869";"306,0";"0,03409967320261442";"0,17683006535947712";"0,7145392156862745";"False";"BATANG TUBUH";"PASAL 2"
"39";"6. SUMATRA BARAT Per Hari 922.000 2.294.000 3.500.000";"108,22";"545,518";"533,925";"543,95";"612,0";"AWCPPO+BookmanOldStyle";"10,0";"326,869";"306,0";"0,03409967320261442";"0,17683006535947712";"0,7145392156862745";"False";"BATANG TUBUH";"PASAL 2"
"39";"7. SUMATRA SELATAN Per Hari 1.507.000 2.200.000 4.097.000";"108,22";"545,518";"552,145";"562,1700000000001";"612,0";"AWCPPO+BookmanOldStyle";"10,0";"326,869";"306,0";"0,03409967320261442";"0,17683006535947712";"0,7145392156862745";"False";"BATANG TUBUH";"PASAL 2"
"39";"8. LAMPUNG Per Hari 846.000 3.594.000 5.052.000";"108,22";"545,518";"570,145";"580,1700000000001";"612,0";"AWCPPO+BookmanOldStyle";"10,0";"326,869";"306,0";"0,03409967320261442";"0,17683006535947712";"0,7145392156862745";"False";"BATANG TUBUH";"PASAL 2"
"39";"9. BENGKULU Per Hari 985.000 5.145.000 6.924.000";"108,22";"545,518";"588,355";"598,37";"612,0";"AWCPPO+BookmanOldStyle";"10,0";"326,869";"306,0";"0,03409967320261442";"0,17683006535947712";"0,7145392156862745";"False";"BATANG TUBUH";"PASAL 2"
"39";"10. BANGKA BELITUNG Per Hari 1.258.000 3.477.000 5.342.000";"105,22";"545,518";"606,355";"616,37";"612,0";"AWCPPO+BookmanOldStyle";"10,0";"325,369";"306,0";"0,03164869281045756";"0,1719281045751634";"0,7194411764705883";"False";"BATANG TUBUH";"PASAL 2"
"39";"11. BANTEN Per Hari 972.000 3.026.000 4.120.000";"105,22";"545,518";"624,545";"634,5699999999999";"612,0";"AWCPPO+BookmanOldStyle";"10,0";"325,369";"306,0";"0,03164869281045756";"0,1719281045751634";"0,7194411764705883";"False";"BATANG TUBUH";"PASAL 2"
"39";"12. JAWA BARAT Per Hari 932.000 2.563.000 3.519.000";"105,22";"545,518";"642,545";"652,5699999999999";"612,0";"AWCPPO+BookmanOldStyle";"10,0";"325,369";"306,0";"0,03164869281045756";"0,1719281045751634";"0,7194411764705883";"False";"BATANG TUBUH";"PASAL 2"
"39";"13. D.K.I. JAKARTA Per Hari 1.231.000 2.656.000 3.715.000";"105,22";"545,518";"660,745";"670,78";"612,0";"AWCPPO+BookmanOldStyle";"10,0";"325,369";"306,0";"0,03164869281045756";"0,1719281045751634";"0,7194411764705883";"False";"BATANG TUBUH";"PASAL 2"
"39";"14. JAWA TENGAH Per Hari 1.270.000 2.889.000 4.237.000";"105,22";"545,518";"678,775";"688,8";"612,0";"AWCPPO+BookmanOldStyle";"10,0";"325,369";"306,0";"0,03164869281045756";"0,1719281045751634";"0,7194411764705883";"False";"BATANG TUBUH";"PASAL 2"
"39";"15. D.I. YOGYAKARTA Per Hari 978.000 2.427.000 3.720.000";"105,22";"545,518";"696,975";"707,0";"612,0";"AWCPPO+BookmanOldStyle";"10,0";"325,369";"306,0";"0,03164869281045756";"0,1719281045751634";"0,7194411764705883";"False";"BATANG TUBUH";"PASAL 2"
"39";"16. JAWA TIMUR Per Hari 1.212.000 2.446.000 3.303.000";"105,22";"545,518";"715,175";"725,2";"612,0";"AWCPPO+BookmanOldStyle";"10,0";"325,369";"306,0";"0,03164869281045756";"0,1719281045751634";"0,7194411764705883";"False";"BATANG TUBUH";"PASAL 2"
"39";"17. BALI Per Hari 1.250.000 3.174.000 4.224.000";"105,22";"545,518";"733,175";"743,2";"612,0";"AWCPPO+BookmanOldStyle";"10,0";"325,369";"306,0";"0,03164869281045756";"0,1719281045751634";"0,7194411764705883";"False";"BATANG TUBUH";"PASAL 2"
"39";"18. NUSA TENGGARA BARAT Per Hari 1.103.000 2.532.000 3.369.000";"105,22";"545,518";"751,375";"761,4";"612,0";"AWCPPO+BookmanOldStyle";"10,0";"325,369";"306,0";"0,03164869281045756";"0,1719281045751634";"0,7194411764705883";"False";"BATANG TUBUH";"PASAL 2"
"39";"19. NUSA TENGGARA TIMUR Per Hari 926.000 3.059.000 3.468.000";"105,22";"545,518";"769,375";"779,4";"612,0";"AWCPPO+BookmanOldStyle";"10,0";"325,369";"306,0";"0,03164869281045756";"0,1719281045751634";"0,7194411764705883";"False";"BATANG TUBUH";"PASAL 2"
"39";"20. KALIMANTAN BARAT Per Hari 868.000 3.471.000 4.573.000";"105,22";"545,518";"787,575";"797,62";"612,0";"AWCPPO+BookmanOldStyle";"10,0";"325,369";"306,0";"0,03164869281045756";"0,1719281045751634";"0,7194411764705883";"False";"BATANG TUBUH";"PASAL 2"
"39";"21. KALIMANTAN TENGAH Per Hari 1.177.000 4.645.000 6.706.000";"105,22";"545,518";"805,605";"815,63";"612,0";"AWCPPO+BookmanOldStyle";"10,0";"325,369";"306,0";"0,03164869281045756";"0,1719281045751634";"0,7194411764705883";"False";"BATANG TUBUH";"PASAL 2"
"39";"22. KALIMANTAN SELATAN Per Hari 868.000 2.719.000 3.834.000";"105,22";"545,518";"823,8050000000001";"833,83";"612,0";"AWCPPO+BookmanOldStyle";"10,0";"325,369";"306,0";"0,03164869281045756";"0,1719281045751634";"0,7194411764705883";"False";"BATANG TUBUH";"PASAL 2"
"39";"23. KALIMANTAN TIMUR Per Hari 1.100.000 3.112.000 4.829.000";"105,22";"545,518";"841,8";"851,825";"612,0";"AWCPPO+BookmanOldStyle";"10,0";"325,369";"306,0";"0,03164869281045756";"0,1719281045751634";"0,7194411764705883";"False";"BATANG TUBUH";"PASAL 2"
"39";"24. KALIMANTAN UTARA Per Hari 1.188.000 2.713.000 4.829.000";"105,22";"545,518";"860,0";"870,025";"612,0";"AWCPPO+BookmanOldStyle";"10,0";"325,369";"306,0";"0,03164869281045756";"0,1719281045751634";"0,7194411764705883";"False";"BATANG TUBUH";"PASAL 2"
"40";"32";"298,7";"313,53999999999996";"37,90000000000009";"49,90000000000009";"612,0";"AWCPPO+BookmanOldStyle";"12,0";"306,12";"306,0";"0,00019607843137255644";"0,4880718954248366";"0,024248366013071853";"False";"BATANG TUBUH";"PASAL 2"
"40";"RODA 6/BUS RODA 6/BUS";"401,52";"547,35";"65,06000000000006";"75,06000000000006";"612,0";"AWKBDA+BookmanOldStyle-Bold";"10,0";"474,435";"306,0";"0,2752205882352941";"0,656078431372549";"0,23828431372549028";"True";"BATANG TUBUH";"PASAL 2"
"40";"NO. PROVINSI SATUAN RODA 4";"103,62";"377,93";"73,85000000000002";"83,85000000000002";"612,0";"AWKBDA+BookmanOldStyle-Bold";"10,0";"240,775";"306,0";"0,10657679738562091";"0,16931372549019608";"0,448218954248366";"True";"BATANG TUBUH";"PASAL 2"
"40";"SEDANG BESAR";"413,55";"531,3800019079999";"82,64999999999998";"92,64999999999998";"612,0";"AWKBDA+BookmanOldStyle-Bold";"10,0";"472,46500095399995";"306,0";"0,2720016355457516";"0,6757352941176471";"0,19253268285620903";"True";"BATANG TUBUH";"PASAL 2"
"40";"25. SULAWESI UTARA Per Hari 1.195.000 2.498.000 3.845.000";"105,22";"545,518";"100,85500000000002";"110,87";"612,0";"AWCPPO+BookmanOldStyle";"10,0";"325,369";"306,0";"0,03164869281045756";"0,1719281045751634";"0,7194411764705883";"False";"BATANG TUBUH";"PASAL 2"
"40";"26. GORONTALO Per Hari 856.000 2.504.000 4.038.000";"105,22";"545,518";"119,05499999999995";"129,08000000000004";"612,0";"AWCPPO+BookmanOldStyle";"10,0";"325,369";"306,0";"0,03164869281045756";"0,1719281045751634";"0,7194411764705883";"False";"BATANG TUBUH";"PASAL 2"
"40";"27. SULAWESI BARAT Per Hari 914.000 3.327.000 3.282.000";"105,22";"545,518";"137,05499999999995";"147,08000000000004";"612,0";"AWCPPO+BookmanOldStyle";"10,0";"325,369";"306,0";"0,03164869281045756";"0,1719281045751634";"0,7194411764705883";"False";"BATANG TUBUH";"PASAL 2"
"40";"28. SULAWESI SELATAN Per Hari 938.000 3.385.000 4.293.000";"105,22";"545,518";"155,245";"165,27999999999997";"612,0";"AWCPPO+BookmanOldStyle";"10,0";"325,369";"306,0";"0,03164869281045756";"0,1719281045751634";"0,7194411764705883";"False";"BATANG TUBUH";"PASAL 2"
"40";"29. SULAWESI TENGAH Per Hari 824.000 2.423.000 4.212.000";"105,22";"545,518";"173,245";"183,29999999999995";"612,0";"AWCPPO+BookmanOldStyle";"10,0";"325,369";"306,0";"0,03164869281045756";"0,1719281045751634";"0,7194411764705883";"False";"BATANG TUBUH";"PASAL 2"
"40";"30. SULAWESI TENGGARA Per Hari 945.000 2.700.000 5.150.000";"105,22";"545,518";"191,47500000000002";"201,5";"612,0";"AWCPPO+BookmanOldStyle";"10,0";"325,369";"306,0";"0,03164869281045756";"0,1719281045751634";"0,7194411764705883";"False";"BATANG TUBUH";"PASAL 2"
"40";"31. MALUKU Per Hari 1.241.000 3.590.000 4.021.000";"105,22";"545,518";"209,47500000000002";"219,5";"612,0";"AWCPPO+BookmanOldStyle";"10,0";"325,369";"306,0";"0,03164869281045756";"0,1719281045751634";"0,7194411764705883";"False";"BATANG TUBUH";"PASAL 2"
"40";"32. MALUKU UTARA Per Hari 1.095.000 3.013.000 4.170.000";"105,22";"545,518";"227,67499999999995";"237,70000000000005";"612,0";"AWCPPO+BookmanOldStyle";"10,0";"325,369";"306,0";"0,03164869281045756";"0,1719281045751634";"0,7194411764705883";"False";"BATANG TUBUH";"PASAL 2"
"40";"33. PAPUA Per Hari 1.204.000 4.082.000 5.248.000";"105,22";"545,518";"245,67499999999995";"255,70000000000005";"612,0";"AWCPPO+BookmanOldStyle";"10,0";"325,369";"306,0";"0,03164869281045756";"0,1719281045751634";"0,7194411764705883";"False";"BATANG TUBUH";"PASAL 2"
"40";"34. PAPUA BARAT Per Hari 1.171.000 3.499.000 4.547.000";"105,22";"545,518";"263,875";"273,9";"612,0";"AWCPPO+BookmanOldStyle";"10,0";"325,369";"306,0";"0,03164869281045756";"0,1719281045751634";"0,7194411764705883";"False";"BATANG TUBUH";"PASAL 2"
"40";"35. PAPUA BARAT DAYA Per Hari 1.171.000 3.499.000 4.547.000";"105,22";"545,518";"281,875";"291,9";"612,0";"AWCPPO+BookmanOldStyle";"10,0";"325,369";"306,0";"0,03164869281045756";"0,1719281045751634";"0,7194411764705883";"False";"BATANG TUBUH";"PASAL 2"
"40";"36. PAPUA TENGAH Per Hari 1.204.000 4.082.000 5.248.000";"105,22";"545,518";"300,105";"310,12";"612,0";"AWCPPO+BookmanOldStyle";"10,0";"325,369";"306,0";"0,03164869281045756";"0,1719281045751634";"0,7194411764705883";"False";"BATANG TUBUH";"PASAL 2"
"40";"37. PAPUA SELATAN Per Hari 1.638.000 6.001.000 7.715.000";"105,22";"545,518";"318,105";"328,12";"612,0";"AWCPPO+BookmanOldStyle";"10,0";"325,369";"306,0";"0,03164869281045756";"0,1719281045751634";"0,7194411764705883";"False";"BATANG TUBUH";"PASAL 2"
"40";"38. PAPUA PEGUNUNGAN Per Hari 1.649.000 6.041.000 7.767.000";"105,22";"545,518";"336,30499999999995";"346,33000000000004";"612,0";"AWCPPO+BookmanOldStyle";"10,0";"325,369";"306,0";"0,03164869281045756";"0,1719281045751634";"0,7194411764705883";"False";"BATANG TUBUH";"PASAL 2"
"40";"8. Biaya Konsumsi";"77,825";"194,56499999999997";"371,98";"383,98";"612,0";"AWCPPO+BookmanOldStyle";"12,0";"136,195";"306,0";"0,2774591503267974";"0,12716503267973855";"0,19075163398692804";"False";"BATANG TUBUH";"PASAL 2"
"40";"Satuan biaya konsumsi rapat merupakan satuan biaya yang digunakan";"99,225";"554,8529999999998";"396,1700000000001";"408,1700000000001";"612,0";"AWCPPO+BookmanOldStyle";"12,0";"327,03899999999993";"306,0";"0,03437745098039204";"0,16213235294117645";"0,744490196078431";"False";"BATANG TUBUH";"PASAL 2"
"40";"untuk menyusun perencanaan kebutuhan biaya pengadaan makan dan";"99,225";"554,8649999999998";"420,4";"432,4";"612,0";"AWCPPO+BookmanOldStyle";"12,0";"327,0449999999999";"306,0";"0,03438725490196062";"0,16213235294117645";"0,7445098039215682";"False";"BATANG TUBUH";"PASAL 2"
"40";"kudapan, termasuk minuman untuk rapat/pertemuan/kegiatan:";"99,225";"483,98999999999995";"444,59999999999997";"456,59999999999997";"612,0";"AWCPPO+BookmanOldStyle";"12,0";"291,60749999999996";"306,0";"0,023517156862745164";"0,16213235294117645";"0,6287009803921568";"False";"BATANG TUBUH";"PASAL 2"
"40";"a. Rapat koordinasi/kegiatan tingkat Kepala Daerah, Eselon I, atau setara";"99,225";"555,102";"468,8";"480,8";"612,0";"AWCPPO+BookmanOldStyle";"12,0";"327,1635";"306,0";"0,03458088235294118";"0,16213235294117645";"0,7448970588235293";"False";"BATANG TUBUH";"PASAL 2"
"40";"yang pesertanya Menteri, Eselon I, atau pejabat yang setara:";"120,45";"476,97599999999994";"493,2";"505,2";"612,0";"AWCPPO+BookmanOldStyle";"12,0";"298,71299999999997";"306,0";"0,011906862745098095";"0,19681372549019607";"0,5825588235294117";"False";"BATANG TUBUH";"PASAL 2"
"40";"1) Makan sebesar Rp110.000,00 (seratus sepuluh ribu rupiah);";"120,45";"499,41999999999996";"517,4";"529,4";"612,0";"AWCPPO+BookmanOldStyle";"12,0";"309,935";"306,0";"0,006429738562091507";"0,19681372549019607";"0,6192320261437908";"False";"BATANG TUBUH";"PASAL 2"
"40";"2) Kudapan (snack) sebesar Rp49.000,00 (empat puluh sembilan ribu";"120,45";"555,31";"541,62";"553,6800000000001";"612,0";"AWCPPO+BookmanOldStyle";"12,0";"337,88";"306,0";"0,05209150326797385";"0,19681372549019607";"0,7105555555555555";"False";"BATANG TUBUH";"PASAL 2"
"40";"rupiah).";"141,65";"188,45000000000002";"565,8199999999999";"577,8199999999999";"612,0";"AWCPPO+BookmanOldStyle";"12,0";"165,05";"306,0";"0,23031045751633986";"0,23145424836601308";"0,07647058823529414";"False";"BATANG TUBUH";"PASAL 2"
"40";"b. Rapat/kegiatan biasa yang pesertanya melibatkan unit kerja lainnya di";"99,225";"555,38";"590,03";"602,03";"612,0";"AWCPPO+BookmanOldStyle";"12,0";"327,3025";"306,0";"0,034808006535947726";"0,16213235294117645";"0,7453513071895425";"False";"BATANG TUBUH";"PASAL 2"
"40";"lingkungan Perangkat Daerah (Sekretariat, Bagian, Bidang, Unit";"120,45";"555,04";"614,4300000000001";"626,4300000000001";"612,0";"AWCPPO+BookmanOldStyle";"12,0";"337,745";"306,0";"0,051870915032679744";"0,19681372549019607";"0,7101143790849673";"False";"BATANG TUBUH";"PASAL 2"
"40";"Pelaksana Teknis), Perangkat Daerah lainnya, lembaga lainnya, instansi";"120,45";"555,5200000000001";"638,63";"650,63";"612,0";"AWCPPO+BookmanOldStyle";"12,0";"337,98500000000007";"306,0";"0,05226307189542495";"0,19681372549019607";"0,7108986928104577";"False";"BATANG TUBUH";"PASAL 2"
"40";"pemerintah, dan/atau masyarakat dan dilaksanakan minimal selama";"120,45";"554,5980000000001";"662,8499999999999";"674,8499999999999";"612,0";"AWCPPO+BookmanOldStyle";"12,0";"337,52400000000006";"306,0";"0,051509803921568724";"0,19681372549019607";"0,7093921568627453";"False";"BATANG TUBUH";"PASAL 2"
"40";"2 (dua) jam:";"120,45";"190,92000000000002";"687,05";"699,05";"612,0";"AWCPPO+BookmanOldStyle";"12,0";"155,685";"306,0";"0,2456127450980392";"0,19681372549019607";"0,11514705882352944";"False";"BATANG TUBUH";"PASAL 2"
"40";"1) Makan sebesar Rp44.000,00 (empat puluh empat ribu rupiah);";"120,45";"512,102";"711,25";"723,25";"612,0";"AWCPPO+BookmanOldStyle";"12,0";"316,276";"306,0";"0,016790849673202633";"0,19681372549019607";"0,639954248366013";"False";"BATANG TUBUH";"PASAL 2"
"40";"2) Kudapan (snack) sebesar Rp23.000,00 (dua puluh tiga ribu rupiah).";"120,45";"542,034";"735,65";"747,71";"612,0";"AWCPPO+BookmanOldStyle";"12,0";"331,242";"306,0";"0,041245098039215715";"0,19681372549019607";"0,6888627450980392";"False";"BATANG TUBUH";"PASAL 2"
"40";"c. Rapat/kegiatan biasa di tingkat lokal yang dilaksanakan oleh";"99,225";"555,486";"759,85";"771,85";"612,0";"AWCPPO+BookmanOldStyle";"12,0";"327,3555";"306,0";"0,03489460784313726";"0,16213235294117645";"0,7455245098039215";"False";"BATANG TUBUH";"PASAL 2"
"40";"Kecamatan/Kelurahan dengan peserta masyarakat dari wilayah";"120,45";"555,448";"784,05";"796,05";"612,0";"AWCPPO+BookmanOldStyle";"12,0";"337,949";"306,0";"0,05220424836601309";"0,19681372549019607";"0,7107810457516339";"False";"BATANG TUBUH";"PASAL 2"
"40";"Kecamatan/Kelurahan dan dilaksanakan minimal selama 2 (dua) jam:";"120,45";"535,806";"808,28";"820,28";"612,0";"AWCPPO+BookmanOldStyle";"12,0";"328,12800000000004";"306,0";"0,036156862745098106";"0,19681372549019607";"0,678686274509804";"False";"BATANG TUBUH";"PASAL 2"
"40";"1) Makan sebesar Rp35.000,00 (tiga puluh lima ribu rupiah);";"120,45";"486,30199999999985";"832,475";"844,475";"612,0";"AWCPPO+BookmanOldStyle";"12,0";"303,3759999999999";"306,0";"0,004287581699346537";"0,19681372549019607";"0,5977973856209148";"False";"BATANG TUBUH";"PASAL 2"
"40";"2) Kudapan (snack) sebesar Rp15.000,00 (lima belas ribu rupiah).";"120,45";"514,62";"856,875";"868,935";"612,0";"AWCPPO+BookmanOldStyle";"12,0";"317,535";"306,0";"0,018848039215686316";"0,19681372549019607";"0,6440686274509804";"False";"BATANG TUBUH";"PASAL 2"
"41";"33";"298,7";"313,53999999999996";"37,90000000000009";"49,90000000000009";"612,0";"AWCPPO+BookmanOldStyle";"12,0";"306,12";"306,0";"0,00019607843137255644";"0,4880718954248366";"0,024248366013071853";"False";"BATANG TUBUH";"PASAL 2"
"41";"9. Biaya Langgangan Telepon/Listrik/Air";"77,825";"325,9409999999999";"65,12";"77,12";"612,0";"AWCPPO+BookmanOldStyle";"12,0";"201,88299999999995";"306,0";"0,17012581699346413";"0,12716503267973855";"0,40541830065359463";"False";"BATANG TUBUH";"PASAL 2"
"41";"a. Biaya langganan telepon untuk Satuan Kerja Perangkat Daerah sebesar";"99,225";"555,2539999999999";"83,32000000000005";"95,32000000000005";"612,0";"AWCPPO+BookmanOldStyle";"12,0";"327,23949999999996";"306,0";"0,034705065359477066";"0,16213235294117645";"0,7451454248366011";"False";"BATANG TUBUH";"PASAL 2"
"41";"Rp4.200.000,00 (empat juta dua ratus ribu rupiah)/tahun, dan internet";"120,45";"555,274";"101,73000000000002";"113,73000000000002";"612,0";"AWCPPO+BookmanOldStyle";"12,0";"337,862";"306,0";"0,05206209150326801";"0,19681372549019607";"0,7104967320261438";"False";"BATANG TUBUH";"PASAL 2"
"41";"untuk Satuan Kerja Perangkat Daerah (bagi yang tidak terjangkau";"120,45";"555,478";"120,12";"132,12";"612,0";"AWCPPO+BookmanOldStyle";"12,0";"337,964";"306,0";"0,052228758169934636";"0,19681372549019607";"0,710830065359477";"False";"BATANG TUBUH";"PASAL 2"
"41";"jaringan Dinas Komunikasi dan Informatika) sebesar Rp12.000.000,00";"120,45";"554,7899999999998";"138,32000000000005";"150,32000000000005";"612,0";"AWCPPO+BookmanOldStyle";"12,0";"337,61999999999995";"306,0";"0,05166666666666658";"0,19681372549019607";"0,709705882352941";"False";"BATANG TUBUH";"PASAL 2"
"41";"(dua belas juta rupiah)/tahun.";"120,45";"301,73999999999995";"156,73000000000002";"168,73000000000002";"612,0";"AWCPPO+BookmanOldStyle";"12,0";"211,09499999999997";"306,0";"0,15507352941176475";"0,19681372549019607";"0,29622549019607836";"False";"BATANG TUBUH";"PASAL 2"
"41";"Untuk UPTD biaya langganan telepon sebesar Rp1.500.000,00 (satu juta";"120,45";"555,2980000000001";"174,95000000000005";"186,95000000000005";"612,0";"AWCPPO+BookmanOldStyle";"12,0";"337,8740000000001";"306,0";"0,05208169934640536";"0,19681372549019607";"0,7105359477124185";"False";"BATANG TUBUH";"PASAL 2"
"41";"lima ratus ribu rupiah)/tahun, dan internet sebesar Rp4.260.000,00";"120,45";"555,182";"193,35000000000002";"205,35000000000002";"612,0";"AWCPPO+BookmanOldStyle";"12,0";"337,81600000000003";"306,0";"0,05198692810457521";"0,19681372549019607";"0,7103464052287582";"False";"BATANG TUBUH";"PASAL 2"
"41";"(empat juta dua ratus enam puluh ribu rupiah)/tahun.";"120,45";"446,19199999999995";"211,55000000000007";"223,55000000000007";"612,0";"AWCPPO+BookmanOldStyle";"12,0";"283,32099999999997";"306,0";"0,03705718954248371";"0,19681372549019607";"0,5322581699346405";"False";"BATANG TUBUH";"PASAL 2"
"41";"Biaya langganan telepon tersebut untuk semua pesawat telepon yang";"120,45";"555,432";"229,95000000000005";"241,95000000000005";"612,0";"AWCPPO+BookmanOldStyle";"12,0";"337,94100000000003";"306,0";"0,05219117647058828";"0,19681372549019607";"0,7107549019607844";"False";"BATANG TUBUH";"PASAL 2"
"41";"dipasang oleh PT. Telkom Indonesia Tbk. untuk pemasangan maksimal";"120,45";"554,9940000000001";"248,1500000000001";"260,1500000000001";"612,0";"AWCPPO+BookmanOldStyle";"12,0";"337,7220000000001";"306,0";"0,05183333333333349";"0,19681372549019607";"0,7100392156862747";"False";"BATANG TUBUH";"PASAL 2"
"41";"hanya 1 (satu) titik jaringan, kecuali Satuan Kerja Perangkat Daerah";"120,45";"555,0179999999999";"266,55000000000007";"278,55000000000007";"612,0";"AWCPPO+BookmanOldStyle";"12,0";"337,734";"306,0";"0,05185294117647055";"0,19681372549019607";"0,7100784313725489";"False";"BATANG TUBUH";"PASAL 2"
"41";"yang benar-benar membutuhkan telepon dan internet dalam melakukan";"120,45";"555,26";"284,95000000000005";"296,95000000000005";"612,0";"AWCPPO+BookmanOldStyle";"12,0";"337,855";"306,0";"0,05205065359477127";"0,19681372549019607";"0,7104738562091504";"False";"BATANG TUBUH";"PASAL 2"
"41";"pelayanan kepada masyarakat dapat menyesuaikan dengan situasi dan";"120,45";"555,43";"303,1700000000001";"315,1700000000001";"612,0";"AWCPPO+BookmanOldStyle";"12,0";"337,94";"306,0";"0,052189542483660124";"0,19681372549019607";"0,7107516339869281";"False";"BATANG TUBUH";"PASAL 2"
"41";"kondisi serta berdasarkan beban pemakaian dengan memperhatikan";"120,45";"554,9219999999999";"321,57000000000005";"333,57000000000005";"612,0";"AWCPPO+BookmanOldStyle";"12,0";"337,686";"306,0";"0,05177450980392154";"0,19681372549019607";"0,7099215686274508";"False";"BATANG TUBUH";"PASAL 2"
"41";"asas kepatutan, kewajaran, hemat, dan tepat guna.";"120,45";"424,98999999999995";"339,7700000000001";"351,7700000000001";"612,0";"AWCPPO+BookmanOldStyle";"12,0";"272,71999999999997";"306,0";"0,05437908496732031";"0,19681372549019607";"0,49761437908496725";"False";"BATANG TUBUH";"PASAL 2"
"41";"b. Biaya langganan listrik untuk masing-masing Satuan Kerja Perangkat";"99,225";"555,1399999999999";"358,1700000000001";"370,1700000000001";"612,0";"AWCPPO+BookmanOldStyle";"12,0";"327,18249999999995";"306,0";"0,03461192810457508";"0,16213235294117645";"0,7449591503267972";"False";"BATANG TUBUH";"PASAL 2"
"41";"Daerah yang berdiri sendiri dengan klasifikasi, dapat dibayarkan";"120,45";"554,9999999999999";"376,38";"388,38";"612,0";"AWCPPO+BookmanOldStyle";"12,0";"337,72499999999997";"306,0";"0,051838235294117595";"0,19681372549019607";"0,710049019607843";"False";"BATANG TUBUH";"PASAL 2"
"41";"setinggi-tingginya diatur pada Tabel C.2 sebagai berikut:";"120,45";"457,286";"394,7460000000001";"406,7700000000001";"612,0";"AWCPPO+BookmanOldStyle";"12,0";"288,868";"306,0";"0,02799346405228759";"0,19681372549019607";"0,5503856209150327";"False";"BATANG TUBUH";"PASAL 2"
"41";"Tabel C.2";"308,5";"366,84000000000003";"413,1460000000001";"425,146";"612,0";"AWKBDA+BookmanOldStyle-Bold";"11,999999999999943";"337,67";"306,0";"0,05174836601307192";"0,5040849673202614";"0,09532679738562097";"False";"BATANG TUBUH";"PASAL 2"
"41";"TAGIHAN/BULAN";"440,55";"549,05";"437,776";"449,776";"612,0";"AWKBDA+BookmanOldStyle-Bold";"12,0";"494,79999999999995";"306,0";"0,3084967320261437";"0,7198529411764706";"0,1772875816993463";"True";"BATANG TUBUH";"PASAL 2"
"41";"NO. JENIS PERANGKAT DAERAH";"127,85";"384,96999999999997";"443,976";"455,976";"612,0";"AWKBDA+BookmanOldStyle-Bold";"12,0";"256,40999999999997";"306,0";"0,08102941176470593";"0,20890522875816991";"0,42013071895424836";"True";"BATANG TUBUH";"PASAL 2"
"41";"(Rp)";"482,35";"507,01";"458,776";"470,776";"612,0";"AWKBDA+BookmanOldStyle-Bold";"12,0";"494,68";"306,0";"0,30830065359477127";"0,7881535947712419";"0,04029411764705877";"False";"BATANG TUBUH";"PASAL 2"
"41";"1. Kelurahan 500.000,00";"131,85";"543,22";"477,0";"489,0";"612,0";"AWCPPO+BookmanOldStyle";"12,0";"337,535";"306,0";"0,05152777777777782";"0,21544117647058822";"0,6721732026143791";"False";"BATANG TUBUH";"PASAL 2"
"41";"2. Kecamatan dan UPT 1.000.000,00";"131,85";"543,21";"498,8";"510,8";"612,0";"AWCPPO+BookmanOldStyle";"12,0";"337,53000000000003";"306,0";"0,051519607843137305";"0,21544117647058822";"0,6721568627450981";"False";"BATANG TUBUH";"PASAL 2"
"41";"3. Puskesmas 7.000.000,00";"131,85";"543,22";"520,5999999999999";"532,5999999999999";"612,0";"AWCPPO+BookmanOldStyle";"12,0";"337,535";"306,0";"0,05152777777777782";"0,21544117647058822";"0,6721732026143791";"False";"BATANG TUBUH";"PASAL 2"
"41";"4. Puskesmas Pembantu 500.000,00";"131,85";"543,21";"542,4200000000001";"554,4200000000001";"612,0";"AWCPPO+BookmanOldStyle";"12,0";"337,53000000000003";"306,0";"0,051519607843137305";"0,21544117647058822";"0,6721568627450981";"False";"BATANG TUBUH";"PASAL 2"
"41";"5. Polindes/Poskesdes 400.000,00";"131,85";"543,22";"564,22";"576,22";"612,0";"AWCPPO+BookmanOldStyle";"12,0";"337,535";"306,0";"0,05152777777777782";"0,21544117647058822";"0,6721732026143791";"False";"BATANG TUBUH";"PASAL 2"
"41";"6. SKPD yang berdiri sendiri (Bagian/Badan/ 6.000.000,00";"131,85";"543,21";"586,03";"598,03";"612,0";"AWCPPO+BookmanOldStyle";"12,0";"337,53000000000003";"306,0";"0,051519607843137305";"0,21544117647058822";"0,6721568627450981";"False";"BATANG TUBUH";"PASAL 2"
"41";"Dinas)";"161,05";"199,07999999999998";"604,4200000000001";"616,4200000000001";"612,0";"AWCPPO+BookmanOldStyle";"12,0";"180,065";"306,0";"0,20577614379084969";"0,26315359477124184";"0,06214052287581695";"False";"BATANG TUBUH";"PASAL 2"
"41";"7. SKPD yang melaksanakan pelayanan 11.000.000,00";"131,85";"543,21";"626,23";"638,23";"612,0";"AWCPPO+BookmanOldStyle";"12,0";"337,53000000000003";"306,0";"0,051519607843137305";"0,21544117647058822";"0,6721568627450981";"False";"BATANG TUBUH";"PASAL 2"
"41";"kepada masyarakat";"161,05";"276,392";"644,4200000000001";"656,4200000000001";"612,0";"AWCPPO+BookmanOldStyle";"12,0";"218,721";"306,0";"0,1426127450980392";"0,26315359477124184";"0,1884673202614379";"False";"BATANG TUBUH";"PASAL 2"
"41";"8. RSUD 100.000.000,00";"131,85";"543,22";"666,25";"678,25";"612,0";"AWCPPO+BookmanOldStyle";"12,0";"337,535";"306,0";"0,05152777777777782";"0,21544117647058822";"0,6721732026143791";"True";"BATANG TUBUH";"PASAL 2"
"41";"c. Biaya langganan air (Perusahaan Daerah Air Minum) untuk Satuan Kerja";"99,225";"555,058";"705,45";"717,45";"612,0";"AWCPPO+BookmanOldStyle";"12,0";"327,1415";"306,0";"0,03454493464052289";"0,16213235294117645";"0,7448251633986928";"False";"BATANG TUBUH";"PASAL 2"
"41";"Perangkat Daerah yang berdomisili di Kabupaten Malang adalah sebesar";"120,45";"554,872";"725,25";"737,25";"612,0";"AWCPPO+BookmanOldStyle";"12,0";"337,661";"306,0";"0,05173366013071896";"0,19681372549019607";"0,7098398692810457";"False";"BATANG TUBUH";"PASAL 2"
"41";"Rp6.000.000,00/tahun, dan untuk Satuan Kerja Perangkat Daerah yang";"120,45";"555,432";"745,05";"757,05";"612,0";"AWCPPO+BookmanOldStyle";"12,0";"337,94100000000003";"306,0";"0,05219117647058828";"0,19681372549019607";"0,7107549019607844";"False";"BATANG TUBUH";"PASAL 2"
"41";"berdomisili di Kota Malang adalah sebesar Rp7.500.000,00/tahun,";"120,45";"555,3059999999999";"764,65";"776,65";"612,0";"AWCPPO+BookmanOldStyle";"12,0";"337,878";"306,0";"0,05208823529411762";"0,19681372549019607";"0,710549019607843";"False";"BATANG TUBUH";"PASAL 2"
"41";"kecuali Satuan Kerja Perangkat Daerah yang benar-benar membutuhkan";"120,45";"555,362";"784,45";"796,45";"612,0";"AWCPPO+BookmanOldStyle";"12,0";"337,906";"306,0";"0,052133986928104586";"0,19681372549019607";"0,7106405228758169";"False";"BATANG TUBUH";"PASAL 2"
"41";"air (Perusahaan Daerah Air Minum) dalam melakukan pelayanan kepada";"120,45";"555,018";"804,0799999999999";"816,08";"612,0";"AWCPPO+BookmanOldStyle";"12,000000000000014";"337,73400000000004";"306,0";"0,05185294117647065";"0,19681372549019607";"0,7100784313725491";"False";"BATANG TUBUH";"PASAL 2"
"41";"masyarakat dapat menyesuaikan dengan situasi dan kondisi serta";"120,45";"555,25";"823,87";"835,87";"612,0";"AWCPPO+BookmanOldStyle";"12,0";"337,85";"306,0";"0,052042483660130756";"0,19681372549019607";"0,7104575163398693";"False";"BATANG TUBUH";"PASAL 2"
"41";"berdasarkan beban pemakaian dengan memperhatikan asas kepatutan,";"120,45";"555,15";"843,675";"855,675";"612,0";"AWCPPO+BookmanOldStyle";"12,0";"337,8";"306,0";"0,05196078431372551";"0,19681372549019607";"0,7102941176470589";"False";"BATANG TUBUH";"PASAL 2"
"41";"kewajaran, hemat, dan tepat guna.";"120,45";"326,73999999999995";"863,275";"875,275";"612,0";"AWCPPO+BookmanOldStyle";"12,0";"223,59499999999997";"306,0";"0,13464869281045758";"0,19681372549019607";"0,33707516339869276";"False";"BATANG TUBUH";"PASAL 2"
"42";"34";"298,7";"313,53999999999996";"37,90000000000009";"49,90000000000009";"612,0";"AWCPPO+BookmanOldStyle";"12,0";"306,12";"306,0";"0,00019607843137255644";"0,4880718954248366";"0,024248366013071853";"False";"BATANG TUBUH";"PASAL 2"
"42";"D. STANDAR BIAYA PENDIDIKAN/PELATIHAN/RAPAT/SOSIALISASI/BIMTEK";"56,625";"544,352";"65,096";"77,096";"612,0";"AWKBDA+BookmanOldStyle-Bold";"12,0";"300,4885";"306,0";"0,009005718954248386";"0,09252450980392157";"0,7969395424836601";"True";"BATANG TUBUH";"PASAL 2"
"42";"1. Satuan Biaya Paket Kegiatan Rapat atau Pertemuan di Luar Kantor";"77,825";"496,9169999999999";"86,53000000000009";"98,53000000000009";"612,0";"AWCPPO+BookmanOldStyle";"12,0";"287,371";"306,0";"0,03043954248366016";"0,12716503267973855";"0,6847908496732025";"False";"BATANG TUBUH";"PASAL 2"
"42";"Satuan biaya dalam perencanaan kebutuhan biaya kegiatan rapat atau";"99,225";"555,458";"107,92000000000007";"119,92000000000007";"612,0";"AWCPPO+BookmanOldStyle";"12,0";"327,3415";"306,0";"0,034871732026143784";"0,16213235294117645";"0,7454787581699346";"False";"BATANG TUBUH";"PASAL 2"
"42";"pertemuan yang diselenggarakan di luar kantor dalam rangka penyelesaian";"99,225";"555,194";"129,32000000000005";"141,32000000000005";"612,0";"AWCPPO+BookmanOldStyle";"12,0";"327,2095";"306,0";"0,034656045751633974";"0,16213235294117645";"0,7450473856209149";"False";"BATANG TUBUH";"PASAL 2"
"42";"pekerjaan yang perlu dilakukan secara intensif dan bersifat koordinatif yang";"99,225";"555,432";"150,73000000000002";"162,73000000000002";"612,0";"AWCPPO+BookmanOldStyle";"12,0";"327,3285";"306,0";"0,034850490196078464";"0,16213235294117645";"0,7454362745098039";"False";"BATANG TUBUH";"PASAL 2"
"42";"paling sedikit melibatkan peserta dari luar Perangkat Daerah atau";"99,225";"555,512";"172,1500000000001";"184,1500000000001";"612,0";"AWCPPO+BookmanOldStyle";"12,0";"327,3685";"306,0";"0,03491584967320259";"0,16213235294117645";"0,7455669934640522";"False";"BATANG TUBUH";"PASAL 2"
"42";"masyarakat.";"99,225";"172,09";"193,75";"205,75";"612,0";"AWCPPO+BookmanOldStyle";"12,0";"135,6575";"306,0";"0,2783374183006536";"0,16213235294117645";"0,11906045751633988";"False";"BATANG TUBUH";"PASAL 2"
"42";"Satuan biaya paket kegiatan rapat atau pertemuan di luar kantor menurut";"99,225";"555,4219999999999";"215,1500000000001";"227,1500000000001";"612,0";"AWCPPO+BookmanOldStyle";"12,0";"327,32349999999997";"306,0";"0,034842320261437854";"0,16213235294117645";"0,7454199346405227";"False";"BATANG TUBUH";"PASAL 2"
"42";"lama penyelenggaraan terbagi dalam 4 (empat) jenis yaitu:";"99,225";"443,19";"236,55000000000007";"248,55000000000007";"612,0";"AWCPPO+BookmanOldStyle";"12,0";"271,2075";"306,0";"0,05685049019607846";"0,16213235294117645";"0,5620343137254903";"False";"BATANG TUBUH";"PASAL 2"
"42";"a. Paket Fullboard";"99,225";"211,894";"257,95000000000005";"270,01";"612,0";"AWCPPO+BookmanOldStyle";"12,0";"155,5595";"306,0";"0,24581781045751633";"0,16213235294117645";"0,1840996732026144";"False";"BATANG TUBUH";"PASAL 2"
"42";"Satuan biaya paket fullboard disediakan untuk paket kegiatan rapat atau";"120,45";"555,492";"279,35";"291,40999999999997";"612,0";"AWCPPO+BookmanOldStyle";"12,0";"337,971";"306,0";"0,052240196078431375";"0,19681372549019607";"0,7108529411764706";"False";"BATANG TUBUH";"PASAL 2"
"42";"pertemuan yang diselenggarakan di luar kantor sehari penuh dan";"120,45";"554,8019999999999";"300,7800000000001";"312,7800000000001";"612,0";"AWCPPO+BookmanOldStyle";"12,0";"337,626";"306,0";"0,051676470588235254";"0,19681372549019607";"0,7097254901960783";"False";"BATANG TUBUH";"PASAL 2"
"42";"menginap. Komponen paket mencakup akomodasi 1 (satu) malam,";"120,45";"555,2860000000001";"322,1700000000001";"334,1700000000001";"612,0";"AWCPPO+BookmanOldStyle";"12,0";"337,86800000000005";"306,0";"0,05207189542483669";"0,19681372549019607";"0,7105163398692812";"False";"BATANG TUBUH";"PASAL 2"
"42";"makan 3 (tiga) kali, rehat kopi dan kudapan 2 (dua) kali, ruang";"120,45";"555,384";"343,57000000000005";"355,57000000000005";"612,0";"AWCPPO+BookmanOldStyle";"12,0";"337,91700000000003";"306,0";"0,05215196078431378";"0,19681372549019607";"0,7106764705882354";"False";"BATANG TUBUH";"PASAL 2"
"42";"pertemuan dan fasilitasnya.";"120,45";"285,34";"365,1700000000001";"377,1700000000001";"612,0";"AWCPPO+BookmanOldStyle";"12,0";"202,89499999999998";"306,0";"0,16847222222222225";"0,19681372549019607";"0,26942810457516336";"False";"BATANG TUBUH";"PASAL 2"
"42";"b. Paket Fullday";"99,225";"200,61399999999998";"386,57000000000005";"398,63";"612,0";"AWCPPO+BookmanOldStyle";"12,0";"149,91949999999997";"306,0";"0,2550334967320262";"0,16213235294117645";"0,16566830065359475";"False";"BATANG TUBUH";"PASAL 2"
"42";"Satuan biaya paket fullday disediakan untuk paket kegiatan rapat atau";"120,45";"555,124";"407,98";"420,03999999999996";"612,0";"AWCPPO+BookmanOldStyle";"12,0";"337,78700000000003";"306,0";"0,05193954248366019";"0,19681372549019607";"0,7102516339869281";"False";"BATANG TUBUH";"PASAL 2"
"42";"pertemuan yang diselenggarakan di luar kantor minimal 8 (delapan) jam";"120,45";"554,6820000000001";"429,4";"441,4";"612,0";"AWCPPO+BookmanOldStyle";"12,0";"337,5660000000001";"306,0";"0,051578431372549166";"0,19681372549019607";"0,7095294117647061";"False";"BATANG TUBUH";"PASAL 2"
"42";"tanpa menginap. Komponen paket mencakup makan 1 (satu) kali, rehat";"120,45";"554,8739999999998";"450,8";"462,8";"612,0";"AWCPPO+BookmanOldStyle";"12,0";"337,6619999999999";"306,0";"0,05173529411764693";"0,19681372549019607";"0,7098431372549017";"False";"BATANG TUBUH";"PASAL 2"
"42";"kopi dan kudapan 2 (dua) kali, ruang pertemuan dan fasilitasnya.";"120,45";"509,61999999999995";"472,2";"484,2";"612,0";"AWCPPO+BookmanOldStyle";"12,0";"315,03499999999997";"306,0";"0,014763071895424784";"0,19681372549019607";"0,6358986928104574";"False";"BATANG TUBUH";"PASAL 2"
"42";"c. Paket Halfday";"99,225";"203,40999999999997";"493,59999999999997";"505,65999999999997";"612,0";"AWCPPO+BookmanOldStyle";"12,0";"151,3175";"306,0";"0,252749183006536";"0,16213235294117645";"0,1702369281045751";"False";"BATANG TUBUH";"PASAL 2"
"42";"Satuan biaya paket halfday disediakan untuk paket kegiatan rapat atau";"120,45";"555,218";"515,2";"527,26";"612,0";"AWCPPO+BookmanOldStyle";"12,0";"337,834";"306,0";"0,05201633986928105";"0,19681372549019607";"0,7104052287581699";"False";"BATANG TUBUH";"PASAL 2"
"42";"pertemuan yang diselenggarakan di luar kantor minimal 5 (lima) jam";"120,45";"554,886";"536,5999999999999";"548,5999999999999";"612,0";"AWCPPO+BookmanOldStyle";"12,0";"337,668";"306,0";"0,051745098039215696";"0,19681372549019607";"0,7098627450980391";"False";"BATANG TUBUH";"PASAL 2"
"42";"tanpa menginap. Komponen paket mencakup makan 1 (satu) kali, rehat";"120,45";"554,8739999999998";"558,03";"570,03";"612,0";"AWCPPO+BookmanOldStyle";"12,0";"337,6619999999999";"306,0";"0,05173529411764693";"0,19681372549019607";"0,7098431372549017";"False";"BATANG TUBUH";"PASAL 2"
"42";"kopi dan kudapan 1 (satu) kali, ruang pertemuan dan fasilitasnya.";"120,45";"512,6339999999999";"579,4200000000001";"591,4200000000001";"612,0";"AWCPPO+BookmanOldStyle";"12,0";"316,542";"306,0";"0,01722549019607839";"0,19681372549019607";"0,6408235294117646";"False";"BATANG TUBUH";"PASAL 2"
"42";"d. Paket Residence";"99,225";"215,28999999999996";"600,8199999999999";"612,88";"612,0";"AWCPPO+BookmanOldStyle";"12,0";"157,2575";"306,0";"0,24304330065359478";"0,16213235294117645";"0,18964869281045746";"False";"BATANG TUBUH";"PASAL 2"
"42";"Satuan biaya paket residence disediakan untuk paket kegiatan rapat";"120,45";"555,2979999999999";"622,22";"634,28";"612,0";"AWCPPO+BookmanOldStyle";"12,0";"337,87399999999997";"306,0";"0,05208169934640518";"0,19681372549019607";"0,7105359477124181";"False";"BATANG TUBUH";"PASAL 2"
"42";"atau pertemuan yang diselenggarakan di luar kantor minimal 12 (dua";"120,45";"555,318";"643,63";"655,63";"612,0";"AWCPPO+BookmanOldStyle";"12,0";"337,884";"306,0";"0,0520980392156863";"0,19681372549019607";"0,7105686274509804";"False";"BATANG TUBUH";"PASAL 2"
"42";"belas) jam dan tanpa menginap. Komponen paket mencakup makan 2";"120,45";"555,3620000000001";"665,25";"677,25";"612,0";"AWCPPO+BookmanOldStyle";"12,0";"337,90600000000006";"306,0";"0,05213398692810468";"0,19681372549019607";"0,7106405228758171";"False";"BATANG TUBUH";"PASAL 2"
"42";"(dua) kali, rehat kopi dan kudapan 3 (tiga) kali, ruang pertemuan dan";"120,45";"554,742";"686,65";"698,65";"612,0";"AWCPPO+BookmanOldStyle";"12,0";"337,596";"306,0";"0,05162745098039216";"0,19681372549019607";"0,7096274509803921";"False";"BATANG TUBUH";"PASAL 2"
"42";"fasilitasnya.";"120,45";"191,31";"708,05";"720,05";"612,0";"AWCPPO+BookmanOldStyle";"12,0";"155,88";"306,0";"0,24529411764705883";"0,19681372549019607";"0,1157843137254902";"False";"BATANG TUBUH";"PASAL 2"
"42";"Satuan biaya paket kegiatan rapat atau pertemuan di luar kantor";"99,225";"555,616";"729,45";"741,45";"612,0";"AWCPPO+BookmanOldStyle";"12,0";"327,4205";"306,0";"0,03500081699346406";"0,16213235294117645";"0,7457369281045751";"False";"BATANG TUBUH";"PASAL 2"
"42";"dilaksanakan dengan memperhatikan ketentuan sebagai berikut:";"99,225";"484,39";"750,85";"762,85";"612,0";"AWCPPO+BookmanOldStyle";"12,0";"291,8075";"306,0";"0,023190359477124174";"0,16213235294117645";"0,6293545751633987";"False";"BATANG TUBUH";"PASAL 2"
"42";"a. Akomodasi paket fullboard diatur sebagai berikut:";"99,225";"414,98999999999995";"772,25";"784,31";"612,0";"AWCPPO+BookmanOldStyle";"12,0";"257,10749999999996";"306,0";"0,079889705882353";"0,16213235294117645";"0,5159558823529412";"False";"BATANG TUBUH";"PASAL 2"
"42";"1) Untuk Pejabat Eselon II atau yang disetarakan keatas, akomodasi";"120,45";"554,7880000000002";"793,67";"805,67";"612,0";"AWCPPO+BookmanOldStyle";"12,0";"337,61900000000014";"306,0";"0,05166503267973879";"0,19681372549019607";"0,7097026143790853";"False";"BATANG TUBUH";"PASAL 2"
"42";"1 (satu) kamar untuk 1 (satu) orang; dan";"141,65";"382,982";"815,08";"827,08";"612,0";"AWCPPO+BookmanOldStyle";"12,0";"262,31600000000003";"306,0";"0,0713790849673202";"0,23145424836601308";"0,39433333333333337";"False";"BATANG TUBUH";"PASAL 2"
"42";"2) Untuk Pejabat Eselon III ke bawah, akomodasi 1 (satu) kamar untuk";"120,45";"554,9340000000001";"836,475";"848,475";"612,0";"AWCPPO+BookmanOldStyle";"12,0";"337,69200000000006";"306,0";"0,0517843137254903";"0,19681372549019607";"0,7099411764705884";"False";"BATANG TUBUH";"PASAL 2"
"42";"2 (dua) orang.";"141,65";"223,634";"858,075";"870,075";"612,0";"AWCPPO+BookmanOldStyle";"12,0";"182,642";"306,0";"0,2015653594771242";"0,23145424836601308";"0,13396078431372546";"False";"BATANG TUBUH";"PASAL 2"
"43";"35";"298,7";"313,53999999999996";"37,90000000000009";"49,90000000000009";"612,0";"AWCPPO+BookmanOldStyle";"12,0";"306,12";"306,0";"0,00019607843137255644";"0,4880718954248366";"0,024248366013071853";"False";"BATANG TUBUH";"PASAL 2"
"43";"b. Dalam rangka efisiensi anggaran untuk kegiatan rapat, pengguna";"99,225";"555,316";"65,12";"77,12";"612,0";"AWCPPO+BookmanOldStyle";"12,0";"327,2705";"306,0";"0,03475571895424841";"0,16213235294117645";"0,7452467320261438";"False";"BATANG TUBUH";"PASAL 2"
"43";"anggaran atau kuasa pengguna anggaran agar selektif dalam";"120,45";"554,8619999999999";"84,92000000000007";"96,92000000000007";"612,0";"AWCPPO+BookmanOldStyle";"12,0";"337,65599999999995";"306,0";"0,05172549019607835";"0,19681372549019607";"0,7098235294117645";"False";"BATANG TUBUH";"PASAL 2"
"43";"melaksanakan rapat atau pertemuan di luar kantor (fullboard, fullday,";"120,45";"555,0500000000001";"104,53000000000009";"116,59000000000003";"612,0";"AWCPPO+BookmanOldStyle";"12,0";"337,75000000000006";"306,0";"0,051879084967320355";"0,19681372549019607";"0,7101307189542485";"False";"BATANG TUBUH";"PASAL 2"
"43";"halfday, dan residence) dan mengutamakan penggunaan fasilitas milik";"120,45";"555,216";"124,32000000000005";"136,38";"612,0";"BDJVSO+BookmanOldStyle-Italic";"12,0";"337,833";"306,0";"0,052014705882352984";"0,19681372549019607";"0,7104019607843137";"False";"BATANG TUBUH";"PASAL 2"
"43";"daerah serta harus tetap mempertimbangkan prinsip pengelolaan";"120,45";"555,472";"143,92000000000007";"155,92000000000007";"612,0";"AWCPPO+BookmanOldStyle";"12,0";"337,961";"306,0";"0,05222385620915035";"0,19681372549019607";"0,7108202614379084";"False";"BATANG TUBUH";"PASAL 2"
"43";"keuangan daerah yaitu tertib, taat pada peraturan perundang-undangan,";"120,45";"555,3580000000001";"163,73000000000002";"175,73000000000002";"612,0";"AWCPPO+BookmanOldStyle";"12,0";"337,90400000000005";"306,0";"0,05213071895424845";"0,19681372549019607";"0,7106339869281046";"False";"BATANG TUBUH";"PASAL 2"
"43";"efisien, ekonomis, efektif, transparan, dan bertanggung jawab dengan";"120,45";"554,87";"183,55000000000007";"195,55000000000007";"612,0";"AWCPPO+BookmanOldStyle";"12,0";"337,66";"306,0";"0,05173202614379089";"0,19681372549019607";"0,7098366013071896";"False";"BATANG TUBUH";"PASAL 2"
"43";"memperhatikan rasa keadilan dan kepatutan.";"120,45";"391,15999999999997";"203,1500000000001";"215,1500000000001";"612,0";"AWCPPO+BookmanOldStyle";"12,0";"255,80499999999998";"306,0";"0,08201797385620918";"0,19681372549019607";"0,4423366013071895";"False";"BATANG TUBUH";"PASAL 2"
"43";"Standar satuan biaya paket kegiatan rapat atau pertemuan di luar kantor";"99,225";"554,901";"222,95000000000005";"234,95000000000005";"612,0";"AWCPPO+BookmanOldStyle";"12,0";"327,063";"306,0";"0,034416666666666644";"0,16213235294117645";"0,7445686274509803";"False";"BATANG TUBUH";"PASAL 2"
"43";"terdapat pada Tabel D.1 sebagai berikut:";"99,225";"342,23599999999993";"242,52600000000007";"254,55000000000007";"612,0";"AWCPPO+BookmanOldStyle";"12,0";"220,73049999999995";"306,0";"0,13932924836601315";"0,16213235294117645";"0,3970767973856208";"False";"BATANG TUBUH";"PASAL 2"
"43";"Tabel D.1";"297,7";"356,64000000000004";"262,326";"274,326";"612,0";"AWKBDA+BookmanOldStyle-Bold";"12,0";"327,17";"306,0";"0,03459150326797388";"0,486437908496732";"0,09630718954248375";"False";"BATANG TUBUH";"PASAL 2"
"43";"FULLBOARD";"461,75";"538,046";"282,52600000000007";"294,52600000000007";"612,0";"AUSMFU+BookmanOldStyle-BoldItalic";"12,0";"499,898";"306,0";"0,316826797385621";"0,7544934640522876";"0,12466666666666675";"True";"BATANG TUBUH";"PASAL 2"
"43";"JABATAN";"238,48";"297,952";"291,726";"303,726";"612,0";"AWKBDA+BookmanOldStyle-Bold";"12,0";"268,216";"306,0";"0,06173856209150325";"0,38967320261437904";"0,09717647058823531";"True";"BATANG TUBUH";"PASAL 2"
"43";"(Rp)";"487,57";"512,194";"300,956";"312,956";"612,0";"AWKBDA+BookmanOldStyle-Bold";"12,0";"499,88199999999995";"306,0";"0,31680065359477116";"0,7966830065359477";"0,04023529411764701";"False";"BATANG TUBUH";"PASAL 2"
"43";"Kepala Daerah/Pejabat Eselon I 1.500.000,00";"107,62";"545,0200000000001";"319,7800000000001";"331,7800000000001";"612,0";"AWCPPO+BookmanOldStyle";"12,0";"326,32000000000005";"306,0";"0,033202614379085046";"0,17584967320261438";"0,7147058823529413";"False";"BATANG TUBUH";"PASAL 2"
"43";"Pejabat Eselon II, Eselon III, Eselon IV, Staf, 1.000.000,00";"107,62";"545,014";"338,57000000000005";"350,57000000000005";"612,0";"AWCPPO+BookmanOldStyle";"12,0";"326,317";"306,0";"0,03319771241830066";"0,17584967320261438";"0,7146960784313725";"False";"BATANG TUBUH";"PASAL 2"
"43";"Honorer/Tenaga Kontrak, Perangkat Desa, dan Unsur";"107,62";"437,542";"356,7700000000001";"368,7700000000001";"612,0";"AWCPPO+BookmanOldStyle";"12,0";"272,581";"306,0";"0,05460620915032677";"0,17584967320261438";"0,5390882352941176";"False";"BATANG TUBUH";"PASAL 2"
"43";"Masyarakat";"107,62";"176,32";"375,1700000000001";"387,1700000000001";"612,0";"AWCPPO+BookmanOldStyle";"12,0";"141,97";"306,0";"0,26802287581699347";"0,17584967320261438";"0,11225490196078429";"False";"BATANG TUBUH";"PASAL 2"
"43";"FULLDAY";"471,15";"528,8459999999999";"405,956";"417,956";"612,0";"AUSMFU+BookmanOldStyle-BoldItalic";"12,0";"499,99799999999993";"306,0";"0,31699019607843126";"0,7698529411764705";"0,09427450980392142";"True";"BATANG TUBUH";"PASAL 2"
"43";"JABATAN";"238,48";"297,952";"416,15600000000006";"428,156";"612,0";"AWKBDA+BookmanOldStyle-Bold";"11,999999999999943";"268,216";"306,0";"0,06173856209150325";"0,38967320261437904";"0,09717647058823531";"True";"BATANG TUBUH";"PASAL 2"
"43";"(Rp)";"487,57";"512,194";"426,376";"438,376";"612,0";"AWKBDA+BookmanOldStyle-Bold";"12,0";"499,88199999999995";"306,0";"0,31680065359477116";"0,7966830065359477";"0,04023529411764701";"False";"BATANG TUBUH";"PASAL 2"
"43";"Kepala Daerah/Pejabat Eselon I 406.000,00";"107,62";"545,0200000000001";"448,2";"460,2";"612,0";"AWCPPO+BookmanOldStyle";"12,0";"326,32000000000005";"306,0";"0,033202614379085046";"0,17584967320261438";"0,7147058823529413";"False";"BATANG TUBUH";"PASAL 2"
"43";"Pejabat Eselon II, Eselon III, Eselon IV, Staf, 380.000,00";"107,62";"545,0060000000001";"470,0";"482,0";"612,0";"AWCPPO+BookmanOldStyle";"12,0";"326,31300000000005";"306,0";"0,03319117647058831";"0,17584967320261438";"0,7146830065359479";"False";"BATANG TUBUH";"PASAL 2"
"43";"Honorer/Tenaga Kontrak, Perangkat Desa, dan Unsur";"107,62";"437,542";"488,2";"500,2";"612,0";"AWCPPO+BookmanOldStyle";"12,0";"272,581";"306,0";"0,05460620915032677";"0,17584967320261438";"0,5390882352941176";"False";"BATANG TUBUH";"PASAL 2"
"43";"Masyarakat";"107,62";"176,32";"506,59999999999997";"518,5999999999999";"612,0";"AWCPPO+BookmanOldStyle";"12,0";"141,97";"306,0";"0,26802287581699347";"0,17584967320261438";"0,11225490196078429";"False";"BATANG TUBUH";"PASAL 2"
"43";"HALFDAY";"470,15";"529,6579999999999";"538,376";"550,376";"612,0";"AUSMFU+BookmanOldStyle-BoldItalic";"12,0";"499,90399999999994";"306,0";"0,31683660130718944";"0,768218954248366";"0,09723529411764693";"True";"BATANG TUBUH";"PASAL 2"
"43";"JABATAN";"238,48";"297,952";"548,596";"560,596";"612,0";"AWKBDA+BookmanOldStyle-Bold";"12,0";"268,216";"306,0";"0,06173856209150325";"0,38967320261437904";"0,09717647058823531";"True";"BATANG TUBUH";"PASAL 2"
"43";"(Rp)";"487,57";"512,194";"558,596";"570,596";"612,0";"AWKBDA+BookmanOldStyle-Bold";"12,0";"499,88199999999995";"306,0";"0,31680065359477116";"0,7966830065359477";"0,04023529411764701";"False";"BATANG TUBUH";"PASAL 2"
"43";"Kepala Daerah/Pejabat Eselon I 357.000,00";"107,82";"545,0200000000001";"580,63";"592,63";"612,0";"AWCPPO+BookmanOldStyle";"12,0";"326,4200000000001";"306,0";"0,033366013071895545";"0,1761764705882353";"0,7143790849673204";"False";"BATANG TUBUH";"PASAL 2"
"43";"Pejabat Eselon II, Eselon III, Eselon IV, Staf, 300.000,00";"107,82";"545,0060000000001";"602,4200000000001";"614,4200000000001";"612,0";"AWCPPO+BookmanOldStyle";"12,0";"326,413";"306,0";"0,03335457516339871";"0,1761764705882353";"0,7143562091503269";"False";"BATANG TUBUH";"PASAL 2"
"43";"Honorer/Tenaga Kontrak, Perangkat Desa, dan Unsur";"107,82";"437,56199999999995";"620,63";"632,63";"612,0";"AWCPPO+BookmanOldStyle";"12,0";"272,691";"306,0";"0,05442647058823533";"0,1761764705882353";"0,5387941176470588";"False";"BATANG TUBUH";"PASAL 2"
"43";"Masyarakat";"107,82";"176,51999999999998";"639,03";"651,03";"612,0";"AWCPPO+BookmanOldStyle";"12,0";"142,17";"306,0";"0,26769607843137255";"0,1761764705882353";"0,11225490196078429";"False";"BATANG TUBUH";"PASAL 2"
"43";"RESIDENCE";"462,75";"536,766";"670,826";"682,826";"612,0";"AUSMFU+BookmanOldStyle-BoldItalic";"11,999999999999972";"499,758";"306,0";"0,31659803921568624";"0,7561274509803921";"0,12094117647058818";"True";"BATANG TUBUH";"PASAL 2"
"43";"JABATAN";"243,08";"302,552";"681,026";"693,026";"612,0";"AWKBDA+BookmanOldStyle-Bold";"12,0";"272,81600000000003";"306,0";"0,05422222222222217";"0,3971895424836602";"0,09717647058823531";"True";"BATANG TUBUH";"PASAL 2"
"43";"(Rp)";"487,57";"512,194";"691,026";"703,026";"612,0";"AWKBDA+BookmanOldStyle-Bold";"12,0";"499,88199999999995";"306,0";"0,31680065359477116";"0,7966830065359477";"0,04023529411764701";"False";"BATANG TUBUH";"PASAL 2"
"43";"Kepala Daerah/Pejabat Eselon I 760.000,00";"104,62";"547,61";"712,85";"724,85";"612,0";"AWCPPO+BookmanOldStyle";"12,0";"326,115";"306,0";"0,03286764705882354";"0,17094771241830067";"0,7238398692810457";"False";"BATANG TUBUH";"PASAL 2"
"43";"Pejabat Eselon II, Eselon III, Eselon IV, Staf, 730.000,00";"104,62";"547,606";"734,65";"746,65";"612,0";"AWCPPO+BookmanOldStyle";"12,0";"326,113";"306,0";"0,03286437908496732";"0,17094771241830067";"0,7238333333333333";"False";"BATANG TUBUH";"PASAL 2"
"43";"Honorer/Tenaga Kontrak, Perangkat Desa, dan Unsur";"104,62";"441,366";"753,05";"765,05";"612,0";"AWCPPO+BookmanOldStyle";"12,0";"272,993";"306,0";"0,05393300653594772";"0,17094771241830067";"0,5502385620915032";"False";"BATANG TUBUH";"PASAL 2"
"43";"Masyarakat";"104,62";"173,32";"771,45";"783,45";"612,0";"AWCPPO+BookmanOldStyle";"12,0";"138,97";"306,0";"0,2729248366013072";"0,17094771241830067";"0,11225490196078429";"False";"BATANG TUBUH";"PASAL 2"
"43";"Catatan:";"99,225";"149,973";"801,67";"813,67";"612,0";"AWCPPO+BookmanOldStyle";"12,000000000000014";"124,599";"306,0";"0,29640686274509803";"0,16213235294117645";"0,08292156862745101";"False";"BATANG TUBUH";"PASAL 2"
"43";"Untuk kegiatan di luar kantor, agar selektif/dengan mengutamakan";"99,225";"554,769";"822,87";"834,87";"612,0";"AWCPPO+BookmanOldStyle";"12,0";"326,997";"306,0";"0,03430882352941179";"0,16213235294117645";"0,7443529411764706";"False";"BATANG TUBUH";"PASAL 2"
"43";"penggunaan fasilitas milik daerah, dan besaran tersebut di atas merupakan";"99,225";"554,6849999999998";"844,075";"856,075";"612,0";"AWCPPO+BookmanOldStyle";"12,0";"326,9549999999999";"306,0";"0,034240196078431255";"0,16213235294117645";"0,7442156862745095";"False";"BATANG TUBUH";"PASAL 2"
"43";"besaran maksimal, dan disesuaikan dengan kondisi riil di lapangan.";"99,225";"502,24500000000006";"865,075";"877,075";"612,0";"AWCPPO+BookmanOldStyle";"12,0";"300,735";"306,0";"0,008602941176470567";"0,16213235294117645";"0,658529411764706";"False";"BATANG TUBUH";"PASAL 2"
"44";"36";"298,7";"313,53999999999996";"37,90000000000009";"49,90000000000009";"612,0";"AWCPPO+BookmanOldStyle";"12,0";"306,12";"306,0";"0,00019607843137255644";"0,4880718954248366";"0,024248366013071853";"False";"BATANG TUBUH";"PASAL 2"
"44";"2. Penganggaran untuk menghadiri pendidikan dan pelatihan, bimbingan";"77,825";"555,2719999999999";"65,12";"77,12";"612,0";"AWCPPO+BookmanOldStyle";"12,0";"316,5485";"306,0";"0,017236111111111094";"0,12716503267973855";"0,780142156862745";"False";"BATANG TUBUH";"PASAL 2"
"44";"teknis atau sejenisnya yang terkait dengan pengembangan sumber daya";"99,225";"555,258";"88,32000000000005";"100,32000000000005";"612,0";"AWCPPO+BookmanOldStyle";"12,0";"327,24150000000003";"306,0";"0,03470833333333338";"0,16213235294117645";"0,7451519607843138";"False";"BATANG TUBUH";"PASAL 2"
"44";"manusia";"99,225";"150,345";"111,53000000000009";"123,53000000000009";"612,0";"AWCPPO+BookmanOldStyle";"12,0";"124,785";"306,0";"0,29610294117647057";"0,16213235294117645";"0,0835294117647059";"False";"BATANG TUBUH";"PASAL 2"
"44";"Penganggaran untuk menghadiri pendidikan dan pelatihan, bimbingan";"99,225";"554,769";"134,92000000000007";"146,92000000000007";"612,0";"AWCPPO+BookmanOldStyle";"12,0";"326,997";"306,0";"0,03430882352941179";"0,16213235294117645";"0,7443529411764706";"False";"BATANG TUBUH";"PASAL 2"
"44";"teknis atau sejenisnya yang terkait dengan pengembangan sumber daya";"99,225";"554,5770000000001";"158,12";"170,12";"612,0";"AWCPPO+BookmanOldStyle";"12,0";"326,90100000000007";"306,0";"0,03415196078431384";"0,16213235294117645";"0,7440392156862746";"False";"BATANG TUBUH";"PASAL 2"
"44";"manusia dibagi untuk:";"99,225";"233,72";"181,35000000000002";"193,35000000000002";"612,0";"AWCPPO+BookmanOldStyle";"12,0";"166,4725";"306,0";"0,2279861111111111";"0,16213235294117645";"0,21976307189542485";"False";"BATANG TUBUH";"PASAL 2"
"44";"a. Pejabat daerah dan staf Pemerintah Daerah;";"99,225";"381,69";"204,55000000000007";"216,55000000000007";"612,0";"AWCPPO+BookmanOldStyle";"12,0";"240,45749999999998";"306,0";"0,10709558823529415";"0,16213235294117645";"0,4615441176470589";"False";"BATANG TUBUH";"PASAL 2"
"44";"b. Pimpinan dan anggota DPRD; dan";"99,225";"321,666";"227,75";"239,75";"612,0";"AWCPPO+BookmanOldStyle";"12,0";"210,44549999999998";"306,0";"0,15613480392156867";"0,16213235294117645";"0,3634656862745098";"False";"BATANG TUBUH";"PASAL 2"
"44";"c. Unsur lainnya seperti tenaga ahli.";"99,225";"320,72999999999996";"251,1500000000001";"263,1500000000001";"612,0";"AWCPPO+BookmanOldStyle";"12,0";"209,97749999999996";"306,0";"0,15689950980392162";"0,16213235294117645";"0,36193627450980387";"False";"BATANG TUBUH";"PASAL 2"
"44";"Diprioritaskan penyelenggaraannya di masing-masing wilayah Provinsi/";"99,225";"555,184";"274,35";"286,35";"612,0";"AWCPPO+BookmanOldStyle";"12,0";"327,2045";"306,0";"0,03464787581699346";"0,16213235294117645";"0,7450310457516339";"False";"BATANG TUBUH";"PASAL 2"
"44";"Kabupaten/Kota yang bersangkutan.";"99,225";"318,477";"297,57000000000005";"309,57000000000005";"612,0";"AWCPPO+BookmanOldStyle";"12,0";"208,851";"306,0";"0,15874019607843137";"0,16213235294117645";"0,3582549019607843";"False";"BATANG TUBUH";"PASAL 2"
"44";"Dalam hal terdapat kebutuhan untuk melakukan penyelenggaraan";"99,225";"554,709";"320,7700000000001";"332,7700000000001";"612,0";"AWCPPO+BookmanOldStyle";"12,0";"326,967";"306,0";"0,034259803921568605";"0,16213235294117645";"0,7442549019607841";"False";"BATANG TUBUH";"PASAL 2"
"44";"pendidikan dan pelatihan, bimbingan teknis, sosialisasi, workshop,";"99,225";"555,22";"343,98";"356,03999999999996";"612,0";"AWCPPO+BookmanOldStyle";"12,0";"327,2225";"306,0";"0,034677287581699384";"0,16213235294117645";"0,7450898692810458";"False";"BATANG TUBUH";"PASAL 2"
"44";"lokakarya, seminar, atau sejenisnya di luar daerah dapat dilakukan secara";"99,225";"555,3320000000001";"367,38";"379,38";"612,0";"AWCPPO+BookmanOldStyle";"12,0";"327,27850000000007";"306,0";"0,03476879084967331";"0,16213235294117645";"0,7452728758169936";"False";"BATANG TUBUH";"PASAL 2"
"44";"sangat selektif dengan memperhatikan aspek urgensi, kualitas";"99,225";"555,141";"390,57000000000005";"402,57000000000005";"612,0";"AWCPPO+BookmanOldStyle";"12,0";"327,183";"306,0";"0,0346127450980392";"0,16213235294117645";"0,7449607843137254";"False";"BATANG TUBUH";"PASAL 2"
"44";"penyelenggaraan, muatan substansi, kompetensi narasumber, kualitas";"99,225";"555,093";"413,7800000000001";"425,78000000000003";"612,0";"AWCPPO+BookmanOldStyle";"11,999999999999943";"327,159";"306,0";"0,03457352941176469";"0,16213235294117645";"0,7448823529411763";"False";"BATANG TUBUH";"PASAL 2"
"44";"advokasi dan pelayanan penyelenggara serta manfaat yang akan diperoleh";"99,225";"554,9129999999999";"437,0";"449,0";"612,0";"AWCPPO+BookmanOldStyle";"12,0";"327,06899999999996";"306,0";"0,03442647058823523";"0,16213235294117645";"0,7445882352941174";"False";"BATANG TUBUH";"PASAL 2"
"44";"guna efisiensi dan efektivitas penggunaan anggaran daerah serta tertib";"99,225";"555,1300000000001";"460,4";"472,4";"612,0";"AWCPPO+BookmanOldStyle";"12,0";"327,17750000000007";"306,0";"0,034603758169934745";"0,16213235294117645";"0,7449428104575165";"False";"BATANG TUBUH";"PASAL 2"
"44";"anggaran dan administrasi oleh penyelenggara.";"99,225";"377,67299999999983";"483,59999999999997";"495,59999999999997";"612,0";"AWCPPO+BookmanOldStyle";"12,0";"238,4489999999999";"306,0";"0,11037745098039232";"0,16213235294117645";"0,45498039215686253";"False";"BATANG TUBUH";"PASAL 2"
"44";"3. Biaya penginapan peserta pendidikan";"77,825";"321,417";"506,8";"518,8";"612,0";"AWCPPO+BookmanOldStyle";"12,0";"199,62099999999998";"306,0";"0,17382189542483664";"0,12716503267973855";"0,39802614379084966";"False";"BATANG TUBUH";"PASAL 2"
"44";"Biaya penginapan peserta pendidikan per hari per orang ditetapkan paling";"99,225";"555,0740000000001";"530,0";"542,0";"612,0";"AWCPPO+BookmanOldStyle";"12,0";"327,14950000000005";"306,0";"0,03455800653594779";"0,16213235294117645";"0,7448513071895425";"False";"BATANG TUBUH";"PASAL 2"
"44";"tinggi sebagaimana diatur pada Tabel D.2 berikut:";"99,225";"398,346";"553,2059999999999";"565,23";"612,0";"AWCPPO+BookmanOldStyle";"12,0";"248,7855";"306,0";"0,0934877450980392";"0,16213235294117645";"0,4887598039215686";"False";"BATANG TUBUH";"PASAL 2"
"44";"Tabel D.2";"297,7";"356,64000000000004";"576,596";"588,596";"612,0";"AWKBDA+BookmanOldStyle-Bold";"12,0";"327,17";"306,0";"0,03459150326797388";"0,486437908496732";"0,09630718954248375";"False";"BATANG TUBUH";"PASAL 2"
"44";"STAF ESELON IV ESELON III ESELON II";"231,48";"543,1379999999999";"600,796";"613,796";"612,0";"AWKBDA+BookmanOldStyle-Bold";"12,0";"387,30899999999997";"306,0";"0,13285784313725485";"0,37823529411764706";"0,5092450980392155";"True";"BATANG TUBUH";"PASAL 2"
"44";"URAIAN";"127,45";"176,518";"611,396";"623,396";"612,0";"AWKBDA+BookmanOldStyle-Bold";"12,0";"151,984";"306,0";"0,2516601307189542";"0,20825163398692811";"0,0801764705882353";"True";"BATANG TUBUH";"PASAL 2"
"44";"(Rp) (Rp) (Rp) (Rp)";"235,68";"523,004";"620,796";"633,796";"612,0";"AWKBDA+BookmanOldStyle-Bold";"12,0";"379,342";"306,0";"0,11983986928104573";"0,3850980392156863";"0,46948366013071896";"False";"BATANG TUBUH";"PASAL 2"
"44";"Dalam Daerah 150.000,00 210.000,00 270.000,00 360.000,00";"106,02";"544,4060000000001";"644,4200000000001";"656,4200000000001";"612,0";"AWCPPO+BookmanOldStyle";"12,0";"325,213";"306,0";"0,03139379084967324";"0,17323529411764704";"0,7163169934640524";"False";"BATANG TUBUH";"PASAL 2"
"44";"Luar Daerah 370.000,00 400.000,00 450.000,00 500.000,00";"106,02";"544,4060000000001";"666,8499999999999";"678,8499999999999";"612,0";"AWCPPO+BookmanOldStyle";"12,0";"325,213";"306,0";"0,03139379084967324";"0,17323529411764704";"0,7163169934640524";"False";"BATANG TUBUH";"PASAL 2"
"44";"4. Pejabat/Pegawai Negeri Sipil dan Non Pegawai Negeri Sipil yang ditugaskan";"77,825";"554,7209999999999";"707,45";"719,45";"612,0";"AWCPPO+BookmanOldStyle";"12,0";"316,27299999999997";"306,0";"0,01678594771241825";"0,12716503267973855";"0,7792418300653593";"False";"BATANG TUBUH";"PASAL 2"
"44";"untuk mengikuti pendidikan dan pelatihan";"99,225";"353,589";"729,25";"741,25";"612,0";"AWCPPO+BookmanOldStyle";"12,0";"226,40699999999998";"306,0";"0,13005392156862747";"0,16213235294117645";"0,41562745098039217";"False";"BATANG TUBUH";"PASAL 2"
"44";"Pejabat/Pegawai Negeri Sipil dan Non Pegawai Negeri Sipil yang ditugaskan";"99,225";"554,7209999999999";"751,05";"763,05";"612,0";"AWCPPO+BookmanOldStyle";"12,0";"326,97299999999996";"306,0";"0,034269607843137186";"0,16213235294117645";"0,7442745098039214";"False";"BATANG TUBUH";"PASAL 2"
"44";"untuk mengikuti pendidikan dan pelatihan yang diselenggarakan di dalam";"99,225";"554,9129999999999";"773,05";"785,05";"612,0";"AWCPPO+BookmanOldStyle";"12,0";"327,06899999999996";"306,0";"0,03442647058823523";"0,16213235294117645";"0,7445882352941174";"False";"BATANG TUBUH";"PASAL 2"
"44";"wilayah Kabupaten (Malang Raya) atau di luar kota dapat diberikan uang";"99,225";"554,8649999999998";"794,87";"806,87";"612,0";"AWCPPO+BookmanOldStyle";"12,0";"327,0449999999999";"306,0";"0,03438725490196062";"0,16213235294117645";"0,7445098039215682";"False";"BATANG TUBUH";"PASAL 2"
"44";"harian per orang dan pelaksanaan pendidikan/kursus/penataran di luar/di";"99,225";"554,601";"816,6800000000001";"828,6800000000001";"612,0";"AWCPPO+BookmanOldStyle";"12,0";"326,913";"306,0";"0,034171568627451";"0,16213235294117645";"0,744078431372549";"False";"BATANG TUBUH";"PASAL 2"
"44";"dalam Kabupaten Malang (Malang Raya) maksimal 1 (satu) bulan (30 hari)";"99,225";"554,841";"838,475";"850,475";"612,0";"AWCPPO+BookmanOldStyle";"12,0";"327,033";"306,0";"0,03436764705882355";"0,16213235294117645";"0,7444705882352941";"False";"BATANG TUBUH";"PASAL 2"
"44";"sebagaimana diatur pada Tabel D.3 berikut:";"99,225";"361,916";"860,251";"872,275";"612,0";"AWCPPO+BookmanOldStyle";"12,0";"230,57049999999998";"306,0";"0,12325081699346409";"0,16213235294117645";"0,429233660130719";"False";"BATANG TUBUH";"PASAL 2"
"45";"37";"298,7";"313,53999999999996";"37,90000000000009";"49,90000000000009";"612,0";"AWCPPO+BookmanOldStyle";"12,0";"306,12";"306,0";"0,00019607843137255644";"0,4880718954248366";"0,024248366013071853";"False";"BATANG TUBUH";"PASAL 2"
"45";"Tabel D.3";"276,5";"335,42";"65,096";"77,096";"612,0";"AWKBDA+BookmanOldStyle-Bold";"12,0";"305,96000000000004";"306,0";"6,535947712412356e-05";"0,45179738562091504";"0,09627450980392159";"False";"BATANG TUBUH";"PASAL 2"
"45";"UANG HARIAN DIKLAT";"407,52";"549,956";"91,29600000000005";"103,29600000000005";"612,0";"AWKBDA+BookmanOldStyle-Bold";"12,0";"478,738";"306,0";"0,2822516339869281";"0,6658823529411765";"0,23273856209150331";"True";"BATANG TUBUH";"PASAL 2"
"45";"NO. PROVINSI SATUAN";"104,62";"388,406";"100,29600000000005";"112,29600000000005";"612,0";"AWKBDA+BookmanOldStyle-Bold";"12,0";"246,513";"306,0";"0,09720098039215685";"0,17094771241830067";"0,46370261437908494";"True";"BATANG TUBUH";"PASAL 2"
"45";"(Rp)";"466,35";"490,974";"109,50600000000009";"121,50600000000009";"612,0";"AWKBDA+BookmanOldStyle-Bold";"12,0";"478,66200000000003";"306,0";"0,2821274509803922";"0,7620098039215687";"0,04023529411764701";"False";"BATANG TUBUH";"PASAL 2"
"45";"1. ACEH OH 110.000,00";"110,45";"543,606";"133,32000000000005";"145,32000000000005";"612,0";"AWCPPO+BookmanOldStyle";"12,0";"327,028";"306,0";"0,03435947712418304";"0,18047385620915032";"0,7077712418300653";"True";"BATANG TUBUH";"PASAL 2"
"45";"2. SUMATERA UTARA OH 110.000,00";"110,45";"543,606";"155,12";"167,12";"612,0";"AWCPPO+BookmanOldStyle";"12,0";"327,028";"306,0";"0,03435947712418304";"0,18047385620915032";"0,7077712418300653";"True";"BATANG TUBUH";"PASAL 2"
"45";"3. RIAU OH 110.000,00";"110,45";"543,606";"176,95000000000005";"188,95000000000005";"612,0";"AWCPPO+BookmanOldStyle";"12,0";"327,028";"306,0";"0,03435947712418304";"0,18047385620915032";"0,7077712418300653";"True";"BATANG TUBUH";"PASAL 2"
"45";"4. KEPULAUAN RIAU OH 110.000,00";"110,45";"543,606";"198,75";"210,75";"612,0";"AWCPPO+BookmanOldStyle";"12,0";"327,028";"306,0";"0,03435947712418304";"0,18047385620915032";"0,7077712418300653";"True";"BATANG TUBUH";"PASAL 2"
"45";"5. JAMBI OH 110.000,00";"110,45";"543,606";"220,75";"232,75";"612,0";"AWCPPO+BookmanOldStyle";"12,0";"327,028";"306,0";"0,03435947712418304";"0,18047385620915032";"0,7077712418300653";"True";"BATANG TUBUH";"PASAL 2"
"45";"6. SUMATRA BARAT OH 110.000,00";"110,45";"543,606";"242,55000000000007";"254,55000000000007";"612,0";"AWCPPO+BookmanOldStyle";"12,0";"327,028";"306,0";"0,03435947712418304";"0,18047385620915032";"0,7077712418300653";"True";"BATANG TUBUH";"PASAL 2"
"45";"7. SUMATRA SELATAN OH 110.000,00";"110,45";"543,606";"264,35";"276,35";"612,0";"AWCPPO+BookmanOldStyle";"12,0";"327,028";"306,0";"0,03435947712418304";"0,18047385620915032";"0,7077712418300653";"True";"BATANG TUBUH";"PASAL 2"
"45";"8. LAMPUNG OH 110.000,00";"110,45";"543,606";"286,1500000000001";"298,1500000000001";"612,0";"AWCPPO+BookmanOldStyle";"12,0";"327,028";"306,0";"0,03435947712418304";"0,18047385620915032";"0,7077712418300653";"True";"BATANG TUBUH";"PASAL 2"
"45";"9. BENGKULU OH 110.000,00";"110,45";"543,606";"307,98";"319,98";"612,0";"AWCPPO+BookmanOldStyle";"12,0";"327,028";"306,0";"0,03435947712418304";"0,18047385620915032";"0,7077712418300653";"True";"BATANG TUBUH";"PASAL 2"
"45";"10. BANGKA BELITUNG OH 120.000,00";"106,62";"543,606";"329,7700000000001";"341,7700000000001";"612,0";"AWCPPO+BookmanOldStyle";"12,0";"325,113";"306,0";"0,031230392156862744";"0,1742156862745098";"0,7140294117647059";"True";"BATANG TUBUH";"PASAL 2"
"45";"11. BANTEN OH 110.000,00";"106,62";"543,606";"351,57000000000005";"363,57000000000005";"612,0";"AWCPPO+BookmanOldStyle";"12,0";"325,113";"306,0";"0,031230392156862744";"0,1742156862745098";"0,7140294117647059";"True";"BATANG TUBUH";"PASAL 2"
"45";"12. JAWA BARAT OH 130.000,00";"106,62";"543,606";"373,37";"385,37";"612,0";"AWCPPO+BookmanOldStyle";"12,0";"325,113";"306,0";"0,031230392156862744";"0,1742156862745098";"0,7140294117647059";"True";"BATANG TUBUH";"PASAL 2"
"45";"13. D.K.I. JAKARTA OH 160.000,00";"106,62";"543,606";"395,1700000000001";"407,1700000000001";"612,0";"AWCPPO+BookmanOldStyle";"12,0";"325,113";"306,0";"0,031230392156862744";"0,1742156862745098";"0,7140294117647059";"True";"BATANG TUBUH";"PASAL 2"
"45";"14. JAWA TENGAH OH 110.000,00";"106,62";"543,606";"417,0";"429,0";"612,0";"AWCPPO+BookmanOldStyle";"12,0";"325,113";"306,0";"0,031230392156862744";"0,1742156862745098";"0,7140294117647059";"True";"BATANG TUBUH";"PASAL 2"
"45";"15. D.I. YOGYAKARTA OH 130.000,00";"106,62";"543,606";"438,8";"450,8";"612,0";"AWCPPO+BookmanOldStyle";"12,0";"325,113";"306,0";"0,031230392156862744";"0,1742156862745098";"0,7140294117647059";"True";"BATANG TUBUH";"PASAL 2"
"45";"16. JAWA TIMUR OH 120.000,00";"106,62";"543,606";"460,59999999999997";"472,59999999999997";"612,0";"AWCPPO+BookmanOldStyle";"12,0";"325,113";"306,0";"0,031230392156862744";"0,1742156862745098";"0,7140294117647059";"True";"BATANG TUBUH";"PASAL 2"
"45";"17. BALI OH 140.000,00";"106,62";"543,606";"482,4";"494,4";"612,0";"AWCPPO+BookmanOldStyle";"12,0";"325,113";"306,0";"0,031230392156862744";"0,1742156862745098";"0,7140294117647059";"True";"BATANG TUBUH";"PASAL 2"
"45";"18. NUSA TENGGARA BARAT OH 130.000,00";"106,62";"543,606";"504,2";"516,2";"612,0";"AWCPPO+BookmanOldStyle";"12,0";"325,113";"306,0";"0,031230392156862744";"0,1742156862745098";"0,7140294117647059";"True";"BATANG TUBUH";"PASAL 2"
"45";"19. NUSA TENGGARA TIMUR OH 130.000,00";"106,62";"543,606";"526,0";"538,0";"612,0";"AWCPPO+BookmanOldStyle";"12,0";"325,113";"306,0";"0,031230392156862744";"0,1742156862745098";"0,7140294117647059";"True";"BATANG TUBUH";"PASAL 2"
"45";"20. KALIMANTAN BARAT OH 110.000,00";"106,62";"543,606";"547,8199999999999";"559,8199999999999";"612,0";"AWCPPO+BookmanOldStyle";"12,0";"325,113";"306,0";"0,031230392156862744";"0,1742156862745098";"0,7140294117647059";"True";"BATANG TUBUH";"PASAL 2"
"45";"21. KALIMANTAN TENGAH OH 110.000,00";"106,62";"543,606";"569,62";"581,62";"612,0";"AWCPPO+BookmanOldStyle";"12,0";"325,113";"306,0";"0,031230392156862744";"0,1742156862745098";"0,7140294117647059";"True";"BATANG TUBUH";"PASAL 2"
"45";"22. KALIMANTAN SELATAN OH 110.000,00";"106,62";"543,606";"591,63";"603,63";"612,0";"AWCPPO+BookmanOldStyle";"12,0";"325,113";"306,0";"0,031230392156862744";"0,1742156862745098";"0,7140294117647059";"True";"BATANG TUBUH";"PASAL 2"
"45";"23. KALIMANTAN TIMUR OH 130.000,00";"106,62";"543,606";"613,4200000000001";"625,4200000000001";"612,0";"AWCPPO+BookmanOldStyle";"12,0";"325,113";"306,0";"0,031230392156862744";"0,1742156862745098";"0,7140294117647059";"True";"BATANG TUBUH";"PASAL 2"
"45";"24. KALIMANTAN UTARA OH 130.000,00";"106,62";"543,606";"635,23";"647,23";"612,0";"AWCPPO+BookmanOldStyle";"12,0";"325,113";"306,0";"0,031230392156862744";"0,1742156862745098";"0,7140294117647059";"True";"BATANG TUBUH";"PASAL 2"
"45";"25. SULAWESI UTARA OH 110.000,00";"106,62";"543,606";"657,03";"669,03";"612,0";"AWCPPO+BookmanOldStyle";"12,0";"325,113";"306,0";"0,031230392156862744";"0,1742156862745098";"0,7140294117647059";"True";"BATANG TUBUH";"PASAL 2"
"45";"26. GORONTALO OH 110.000,00";"106,62";"543,606";"678,85";"690,85";"612,0";"AWCPPO+BookmanOldStyle";"11,999999999999972";"325,113";"306,0";"0,031230392156862744";"0,1742156862745098";"0,7140294117647059";"True";"BATANG TUBUH";"PASAL 2"
"45";"27. SULAWESI BARAT OH 120.000,00";"106,62";"543,606";"700,65";"712,65";"612,0";"AWCPPO+BookmanOldStyle";"12,0";"325,113";"306,0";"0,031230392156862744";"0,1742156862745098";"0,7140294117647059";"True";"BATANG TUBUH";"PASAL 2"
"45";"28. SULAWESI SELATAN OH 130.000,00";"106,62";"543,606";"722,45";"734,45";"612,0";"AWCPPO+BookmanOldStyle";"12,0";"325,113";"306,0";"0,031230392156862744";"0,1742156862745098";"0,7140294117647059";"True";"BATANG TUBUH";"PASAL 2"
"45";"29. SULAWESI TENGAH OH 110.000,00";"106,62";"543,606";"744,25";"756,25";"612,0";"AWCPPO+BookmanOldStyle";"12,0";"325,113";"306,0";"0,031230392156862744";"0,1742156862745098";"0,7140294117647059";"True";"BATANG TUBUH";"PASAL 2"
"45";"30. SULAWESI TENGGARA OH 110.000,00";"106,62";"543,606";"766,05";"778,05";"612,0";"AWCPPO+BookmanOldStyle";"12,0";"325,113";"306,0";"0,031230392156862744";"0,1742156862745098";"0,7140294117647059";"True";"BATANG TUBUH";"PASAL 2"
"45";"31. MALUKU OH 110.000,00";"106,62";"543,606";"787,87";"799,87";"612,0";"AWCPPO+BookmanOldStyle";"12,0";"325,113";"306,0";"0,031230392156862744";"0,1742156862745098";"0,7140294117647059";"True";"BATANG TUBUH";"PASAL 2"
"45";"32. MALUKU UTARA OH 130.000,00";"106,62";"543,606";"809,67";"821,67";"612,0";"AWCPPO+BookmanOldStyle";"12,0";"325,113";"306,0";"0,031230392156862744";"0,1742156862745098";"0,7140294117647059";"True";"BATANG TUBUH";"PASAL 2"
"45";"33. PAPUA OH 170.000,00";"106,62";"543,606";"830,475";"842,475";"612,0";"AWCPPO+BookmanOldStyle";"12,0";"325,113";"306,0";"0,031230392156862744";"0,1742156862745098";"0,7140294117647059";"True";"BATANG TUBUH";"PASAL 2"
"45";"34. PAPUA BARAT OH 140.000,00";"106,62";"543,606";"851,275";"863,275";"612,0";"AWCPPO+BookmanOldStyle";"12,0";"325,113";"306,0";"0,031230392156862744";"0,1742156862745098";"0,7140294117647059";"True";"BATANG TUBUH";"PASAL 2"
"46";"38";"298,7";"313,53999999999996";"37,90000000000009";"49,90000000000009";"612,0";"AWCPPO+BookmanOldStyle";"12,0";"306,12";"306,0";"0,00019607843137255644";"0,4880718954248366";"0,024248366013071853";"False";"BATANG TUBUH";"PASAL 2"
"46";"5. Tarif Retribusi Pelayanan Penyelenggaraan Pendidikan dan Pelatihan";"77,825";"505,917";"65,12";"77,12";"612,0";"AWCPPO+BookmanOldStyle";"12,0";"291,871";"306,0";"0,023086601307189574";"0,12716503267973855";"0,6994967320261438";"False";"BATANG TUBUH";"PASAL 2"
"46";"Tarif retribusi pelayanan penyelenggaraan pendidikan dan pelatihan";"99,225";"555,362";"84,92000000000007";"96,92000000000007";"612,0";"AWCPPO+BookmanOldStyle";"12,0";"327,2935";"306,0";"0,03479330065359476";"0,16213235294117645";"0,7453218954248365";"False";"BATANG TUBUH";"PASAL 2"
"46";"tercantum pada Tabel D.4 sebagai berikut:";"99,225";"353,916";"104,50600000000009";"116,53000000000009";"612,0";"AWCPPO+BookmanOldStyle";"12,0";"226,57049999999998";"306,0";"0,12978676470588238";"0,16213235294117645";"0,41616176470588234";"False";"BATANG TUBUH";"PASAL 2"
"46";"Tabel D.4";"297,7";"356,64000000000004";"124,29600000000005";"136,29600000000005";"612,0";"AWKBDA+BookmanOldStyle-Bold";"12,0";"327,17";"306,0";"0,03459150326797388";"0,486437908496732";"0,09630718954248375";"False";"BATANG TUBUH";"PASAL 2"
"46";"BESARAN";"467,15";"527,822";"144,50600000000009";"156,50600000000009";"612,0";"AWKBDA+BookmanOldStyle-Bold";"12,0";"497,486";"306,0";"0,31288562091503264";"0,7633169934640522";"0,09913725490196082";"True";"BATANG TUBUH";"PASAL 2"
"46";"NO. URAIAN SATUAN";"100,02";"420,406";"154,29600000000005";"166,29600000000005";"612,0";"AWKBDA+BookmanOldStyle-Bold";"12,0";"260,213";"306,0";"0,07481535947712414";"0,1634313725490196";"0,5235065359477125";"True";"BATANG TUBUH";"PASAL 2"
"46";"(Rp)";"485,17";"509,794";"164,096";"176,096";"612,0";"AWKBDA+BookmanOldStyle-Bold";"12,0";"497,48199999999997";"306,0";"0,3128790849673202";"0,7927614379084967";"0,04023529411764701";"False";"BATANG TUBUH";"PASAL 2"
"46";"1. Diklat Kepemimpinan Tingkat II Orang/Kegiatan 30.000.000,00";"105,82";"541,398";"184,55000000000007";"196,55000000000007";"612,0";"AWCPPO+BookmanOldStyle";"12,0";"323,60900000000004";"306,0";"0,028772875816993525";"0,17290849673202613";"0,7117287581699346";"False";"BATANG TUBUH";"PASAL 2"
"46";"2. Diklat Kepemimpinan Tingkat III Orang/Kegiatan 22.000.000,00";"105,82";"541,398";"204,75";"216,75";"612,0";"AWCPPO+BookmanOldStyle";"12,0";"323,60900000000004";"306,0";"0,028772875816993525";"0,17290849673202613";"0,7117287581699346";"False";"BATANG TUBUH";"PASAL 2"
"46";"3. Diklat Kepemimpinan Tingkat IV Orang/Kegiatan 20.000.000,00";"105,82";"541,398";"224,95000000000005";"236,95000000000005";"612,0";"AWCPPO+BookmanOldStyle";"12,0";"323,60900000000004";"306,0";"0,028772875816993525";"0,17290849673202613";"0,7117287581699346";"False";"BATANG TUBUH";"PASAL 2"
"46";"4. Pelatihan Dasar CPNS Golongan Orang/Kegiatan 5.260.000,00";"105,82";"541,414";"245,1500000000001";"257,1500000000001";"612,0";"AWCPPO+BookmanOldStyle";"12,0";"323,61699999999996";"306,0";"0,028785947712418238";"0,17290849673202613";"0,7117549019607843";"False";"BATANG TUBUH";"PASAL 2"
"46";"I, II, dan III";"134,45";"200,298";"264,75";"276,75";"612,0";"AWCPPO+BookmanOldStyle";"12,0";"167,374";"306,0";"0,22651307189542486";"0,2196895424836601";"0,10759477124183009";"False";"BATANG TUBUH";"PASAL 2"
"46";"5. Sertifikasi Jabatan Fungsional Orang/Kegiatan 2.500.000,00";"105,82";"541,414";"285,1500000000001";"297,1500000000001";"612,0";"AWCPPO+BookmanOldStyle";"12,0";"323,61699999999996";"306,0";"0,028785947712418238";"0,17290849673202613";"0,7117549019607843";"False";"BATANG TUBUH";"PASAL 2"
"46";"Tertentu";"134,45";"184,778";"304,7700000000001";"316,7700000000001";"612,0";"AWCPPO+BookmanOldStyle";"12,0";"159,61399999999998";"306,0";"0,2391928104575164";"0,2196895424836601";"0,08223529411764706";"False";"BATANG TUBUH";"PASAL 2"
"46";"6. Diklat Teknis/Fungsional Orang/Kegiatan 5.000.000,00";"105,82";"541,414";"324,98";"336,98";"612,0";"AWCPPO+BookmanOldStyle";"12,0";"323,61699999999996";"306,0";"0,028785947712418238";"0,17290849673202613";"0,7117549019607843";"False";"BATANG TUBUH";"PASAL 2"
"46";"6. Kontribusi Keikutsertaan/Sertifikasi untuk Diklat/Bimtek/Kursus/Evaluasi";"78,025";"555,033";"364,98";"376,98";"612,0";"AWCPPO+BookmanOldStyle";"12,0";"316,529";"306,0";"0,017204248366013065";"0,1274918300653595";"0,7794248366013072";"False";"BATANG TUBUH";"PASAL 2"
"46";"Pendidikan dan Pelatihan";"99,225";"250,47299999999996";"384,7700000000001";"396,7700000000001";"612,0";"AWCPPO+BookmanOldStyle";"12,0";"174,849";"306,0";"0,21429901960784314";"0,16213235294117645";"0,24713725490196073";"False";"BATANG TUBUH";"PASAL 2"
"46";"Kontribusi Keikutsertaan/Sertifikasi untuk Diklat/Bimtek/Kursus/Evaluasi";"99,225";"555,3000000000001";"404,38";"416,38";"612,0";"AWCPPO+BookmanOldStyle";"12,0";"327,26250000000005";"306,0";"0,0347426470588236";"0,16213235294117645";"0,7452205882352942";"False";"BATANG TUBUH";"PASAL 2"
"46";"Pendidikan dan Pelatihan sebagaimana tercantum pada Tabel D.5 sebagai";"99,225";"555,356";"424,176";"436,2";"612,0";"AWCPPO+BookmanOldStyle";"12,0";"327,2905";"306,0";"0,034788398692810474";"0,16213235294117645";"0,7453120915032679";"False";"BATANG TUBUH";"PASAL 2"
"46";"berikut:";"99,225";"145,641";"443,8";"455,8";"612,0";"AWCPPO+BookmanOldStyle";"12,0";"122,43299999999999";"306,0";"0,29994607843137255";"0,16213235294117645";"0,07584313725490195";"False";"BATANG TUBUH";"PASAL 2"
"46";"Tabel D.5";"297,7";"356,64000000000004";"463,57599999999996";"475,57599999999996";"612,0";"AWKBDA+BookmanOldStyle-Bold";"12,0";"327,17";"306,0";"0,03459150326797388";"0,486437908496732";"0,09630718954248375";"False";"BATANG TUBUH";"PASAL 2"
"46";"BESARAN";"468,35";"526,6863999999999";"486,4868";"498,0868";"612,0";"AWKBDA+BookmanOldStyle-Bold";"11,599999999999966";"497,5182";"306,0";"0,31293823529411763";"0,7652777777777778";"0,0953209150326796";"True";"BATANG TUBUH";"PASAL 2"
"46";"NO. URAIAN SATUAN";"99,625";"423,2896";"498,08680000000004";"509,6868";"612,0";"AWKBDA+BookmanOldStyle-Bold";"11,599999999999966";"261,45730000000003";"306,0";"0,07278218954248361";"0,1627859477124183";"0,5288637254901961";"True";"BATANG TUBUH";"PASAL 2"
"46";"(Rp)";"485,58";"509,2904";"509,6868";"521,2868";"612,0";"AWKBDA+BookmanOldStyle-Bold";"11,599999999999966";"497,4352";"306,0";"0,31280261437908496";"0,7934313725490196";"0,03874248366013071";"False";"BATANG TUBUH";"PASAL 2"
"46";"1. Diklat Struktural/Teknis/Fungsional/ Orang/Kegiatan 20.000.000,00";"105,02";"541,5188";"535,51";"547,11";"612,0";"AWCPPO+BookmanOldStyle";"11,600000000000023";"323,2694";"306,0";"0,02821797385620918";"0,17160130718954247";"0,7132333333333335";"False";"BATANG TUBUH";"PASAL 2"
"46";"Bimtek/Kursus";"132,65";"220,84480000000002";"555,73";"567,33";"612,0";"AWCPPO+BookmanOldStyle";"11,600000000000023";"176,74740000000003";"306,0";"0,21119705882352938";"0,2167483660130719";"0,1441091503267974";"False";"BATANG TUBUH";"PASAL 2"
"46";"2. Fasilitasi Pelatihan Teknis/ Orang/Kegiatan 10.000.000,00";"105,02";"541,5188";"579,54";"591,14";"612,0";"AWCPPO+BookmanOldStyle";"11,600000000000023";"323,2694";"306,0";"0,02821797385620918";"0,17160130718954247";"0,7132333333333335";"False";"BATANG TUBUH";"PASAL 2"
"46";"Fungsional";"132,65";"195,4872";"599,73";"611,33";"612,0";"AWCPPO+BookmanOldStyle";"11,600000000000023";"164,0686";"306,0";"0,2319140522875817";"0,2167483660130719";"0,1026751633986928";"False";"BATANG TUBUH";"PASAL 2"
"46";"3. Sertifikasi Pengadaan Barang/Jasa Orang/Kegiatan 2.500.000,00";"105,02";"541,5036";"623,54";"635,14";"612,0";"AWCPPO+BookmanOldStyle";"11,600000000000023";"323,2618";"306,0";"0,028205555555555546";"0,17160130718954247";"0,7132084967320261";"False";"BATANG TUBUH";"PASAL 2"
"46";"4. Sertifikasi Pelaksanaan Pelatihan Kegiatan 10.000.000,00";"105,02";"541,5188";"647,3399999999999";"658,94";"612,0";"AWCPPO+BookmanOldStyle";"11,600000000000023";"323,2694";"306,0";"0,02821797385620918";"0,17160130718954247";"0,7132333333333335";"False";"BATANG TUBUH";"PASAL 2"
"46";"Dasar Calon Pegawai Negeri Sipil";"132,65";"319,01560000000006";"667,56";"679,1600000000001";"612,0";"AWCPPO+BookmanOldStyle";"11,600000000000023";"225,83280000000002";"306,0";"0,13099215686274507";"0,2167483660130719";"0,3045189542483661";"False";"BATANG TUBUH";"PASAL 2"
"46";"5. Sertifikasi Pelaksanaan Diklat Kegiatan 10.000.000,00";"105,02";"541,5188";"691,36";"702,96";"612,0";"AWCPPO+BookmanOldStyle";"11,600000000000023";"323,2694";"306,0";"0,02821797385620918";"0,17160130718954247";"0,7132333333333335";"False";"BATANG TUBUH";"PASAL 2"
"46";"Teknis/Fungsional";"132,65";"239,4976";"711,56";"723,1600000000001";"612,0";"AWCPPO+BookmanOldStyle";"11,600000000000023";"186,0738";"306,0";"0,1959578431372549";"0,2167483660130719";"0,1745875816993464";"False";"BATANG TUBUH";"PASAL 2"
"46";"6. Fasilitasi Pelaksanaan Evaluasi Kegiatan 15.000.000,00";"105,02";"541,5188";"735,36";"746,96";"612,0";"AWCPPO+BookmanOldStyle";"11,600000000000023";"323,2694";"306,0";"0,02821797385620918";"0,17160130718954247";"0,7132333333333335";"False";"BATANG TUBUH";"PASAL 2"
"46";"Dampak Diklat";"132,65";"218,3972";"755,56";"767,1600000000001";"612,0";"AWCPPO+BookmanOldStyle";"11,600000000000023";"175,5236";"306,0";"0,2131967320261438";"0,2167483660130719";"0,1401098039215686";"False";"BATANG TUBUH";"PASAL 2"
"46";"7. Sertifikasi Pelaksanaan Diklat Kegiatan 17.500.000,00";"105,02";"541,5188";"779,36";"790,96";"612,0";"AWCPPO+BookmanOldStyle";"11,600000000000023";"323,2694";"306,0";"0,02821797385620918";"0,17160130718954247";"0,7132333333333335";"False";"BATANG TUBUH";"PASAL 2"
"46";"Penjenjangan (Diklat Kepemimpinan";"132,65";"343,7456";"799,59";"811,19";"612,0";"AWCPPO+BookmanOldStyle";"11,599999999999994";"238,19780000000003";"306,0";"0,11078790849673198";"0,2167483660130719";"0,3449274509803922";"False";"BATANG TUBUH";"PASAL 2"
"46";"Tingkat III dan IV)";"132,65";"234,8692";"819,79";"831,39";"612,0";"AWCPPO+BookmanOldStyle";"11,599999999999994";"183,7596";"306,0";"0,1997392156862745";"0,2167483660130719";"0,16702483660130718";"False";"BATANG TUBUH";"PASAL 2"
"46";"8. Fasilitasi Pelatihan HCDP Kegiatan 100.000.000,00";"105,02";"541,36";"843,585";"855,185";"612,0";"AWCPPO+BookmanOldStyle";"11,599999999999994";"323,19";"306,0";"0,028088235294117643";"0,17160130718954247";"0,7129738562091503";"False";"BATANG TUBUH";"PASAL 2"
"47";"39";"298,7";"313,53999999999996";"37,90000000000009";"49,90000000000009";"612,0";"AWCPPO+BookmanOldStyle";"12,0";"306,12";"306,0";"0,00019607843137255644";"0,4880718954248366";"0,024248366013071853";"False";"BATANG TUBUH";"PASAL 2"
"47";"7. Kontribusi Pelatihan Kepemimpinan Pemerintahan Dalam Negeri";"78,025";"481,413";"65,12";"77,12";"612,0";"AWCPPO+BookmanOldStyle";"12,0";"279,719";"306,0";"0,04294281045751635";"0,1274918300653595";"0,6591307189542485";"False";"BATANG TUBUH";"PASAL 2"
"47";"Kontribusi Pelatihan Kepemimpinan Pemerintahan Dalam Negeri";"99,225";"555,2609999999999";"83,32000000000005";"95,32000000000005";"612,0";"AWCPPO+BookmanOldStyle";"12,0";"327,24299999999994";"306,0";"0,03471078431372539";"0,16213235294117645";"0,7451568627450977";"False";"BATANG TUBUH";"PASAL 2"
"47";"sebagaimana tercantum pada Tabel D.6 sebagai berikut:";"99,225";"434,12199999999996";"101,70600000000002";"113,73000000000002";"612,0";"AWCPPO+BookmanOldStyle";"12,0";"266,6735";"306,0";"0,0642589869281046";"0,16213235294117645";"0,5472173202614378";"False";"BATANG TUBUH";"PASAL 2"
"47";"Tabel D.6";"297,7";"356,56";"120,096";"132,096";"612,0";"AWKBDA+BookmanOldStyle-Bold";"12,0";"327,13";"306,0";"0,034526143790849666";"0,486437908496732";"0,09617647058823532";"False";"BATANG TUBUH";"PASAL 2"
"47";"BESARAN";"471,15";"531,822";"138,89600000000007";"150,89600000000007";"612,0";"AWKBDA+BookmanOldStyle-Bold";"12,0";"501,486";"306,0";"0,31942156862745097";"0,7698529411764705";"0,09913725490196082";"True";"BATANG TUBUH";"PASAL 2"
"47";"NO. URAIAN SATUAN";"99,225";"431,406";"147,89600000000007";"159,89600000000007";"612,0";"AWKBDA+BookmanOldStyle-Bold";"12,0";"265,3155";"306,0";"0,06647794117647061";"0,16213235294117645";"0,5427794117647059";"True";"BATANG TUBUH";"PASAL 2"
"47";"(Rp)";"489,18";"513,804";"157,096";"169,096";"612,0";"AWKBDA+BookmanOldStyle-Bold";"12,0";"501,49199999999996";"306,0";"0,31943137254901954";"0,7993137254901961";"0,04023529411764701";"False";"BATANG TUBUH";"PASAL 2"
"47";"1. Kontribusi Pelatihan Kepemimpinan Orang/Kegiatan 12.500.000,00";"104,83";"541,998";"175,95000000000005";"187,95000000000005";"612,0";"AWCPPO+BookmanOldStyle";"12,0";"323,41400000000004";"306,0";"0,028454248366013145";"0,1712908496732026";"0,714326797385621";"False";"BATANG TUBUH";"PASAL 2"
"47";"Pemerintahan Dalam Negeri Tingkat";"132,65";"350,198";"194,35000000000002";"206,35000000000002";"612,0";"AWCPPO+BookmanOldStyle";"12,0";"241,42399999999998";"306,0";"0,10551633986928108";"0,2167483660130719";"0,3554705882352941";"False";"BATANG TUBUH";"PASAL 2"
"47";"Jabatan Pimpinan Tinggi (Metode";"132,65";"350,342";"212,55000000000007";"224,55000000000007";"612,0";"AWCPPO+BookmanOldStyle";"12,0";"241,49599999999998";"306,0";"0,10539869281045755";"0,2167483660130719";"0,35570588235294115";"False";"BATANG TUBUH";"PASAL 2"
"47";"Blended Learning)";"132,65";"238,07999999999998";"230,95000000000005";"243,01";"612,0";"BDJVSO+BookmanOldStyle-Italic";"12,0";"185,365";"306,0";"0,1971160130718954";"0,2167483660130719";"0,1722712418300653";"False";"BATANG TUBUH";"PASAL 2"
"47";"2. Kontribusi Pelatihan Kepemimpinan Orang/Kegiatan 9.500.000,00";"104,83";"541,994";"249,75";"261,75";"612,0";"AWCPPO+BookmanOldStyle";"12,0";"323,41200000000003";"306,0";"0,02845098039215692";"0,1712908496732026";"0,7143202614379086";"False";"BATANG TUBUH";"PASAL 2"
"47";"Pemerintahan Dalam Negeri Tingkat";"132,65";"350,198";"268,1500000000001";"280,1500000000001";"612,0";"AWCPPO+BookmanOldStyle";"12,0";"241,42399999999998";"306,0";"0,10551633986928108";"0,2167483660130719";"0,3554705882352941";"False";"BATANG TUBUH";"PASAL 2"
"47";"Administrator (Metode Blended";"132,65";"350,356";"286,35";"298,40999999999997";"612,0";"AWCPPO+BookmanOldStyle";"12,0";"241,503";"306,0";"0,10538725490196081";"0,2167483660130719";"0,3557287581699346";"False";"BATANG TUBUH";"PASAL 2"
"47";"Learning)";"132,65";"186,85";"304,7700000000001";"316,83000000000004";"612,0";"BDJVSO+BookmanOldStyle-Italic";"12,0";"159,75";"306,0";"0,23897058823529413";"0,2167483660130719";"0,08856209150326795";"False";"BATANG TUBUH";"PASAL 2"
"47";"3. Kontribusi Pelatihan Kepemimpinan Orang/Kegiatan 8.500.000,00";"104,83";"541,994";"323,57000000000005";"335,57000000000005";"612,0";"AWCPPO+BookmanOldStyle";"12,0";"323,41200000000003";"306,0";"0,02845098039215692";"0,1712908496732026";"0,7143202614379086";"False";"BATANG TUBUH";"PASAL 2"
"47";"Pemerintahan Dalam Negeri Tingkat";"132,65";"350,198";"341,7800000000001";"353,7800000000001";"612,0";"AWCPPO+BookmanOldStyle";"12,0";"241,42399999999998";"306,0";"0,10551633986928108";"0,2167483660130719";"0,3554705882352941";"False";"BATANG TUBUH";"PASAL 2"
"47";"Pengawas (Metode Blended Learning)";"132,65";"349,52000000000004";"360,1700000000001";"372,23";"612,0";"AWCPPO+BookmanOldStyle";"12,0";"241,08500000000004";"306,0";"0,10607026143790843";"0,2167483660130719";"0,3543627450980393";"False";"BATANG TUBUH";"PASAL 2"
"47";"8. Kontribusi Sertifikasi Kompetensi Bidang Pemerintahan Dalam Negeri";"78,025";"510,981";"395,7800000000001";"407,7800000000001";"612,0";"AWCPPO+BookmanOldStyle";"12,0";"294,503";"306,0";"0,018785947712418323";"0,1274918300653595";"0,7074444444444444";"False";"BATANG TUBUH";"PASAL 2"
"47";"Kontribusi Sertifikasi Kompetensi Bidang Pemerintahan Dalam Negeri";"99,225";"554,6849999999998";"414,1700000000001";"426,17";"612,0";"AWCPPO+BookmanOldStyle";"11,999999999999943";"326,9549999999999";"306,0";"0,034240196078431255";"0,16213235294117645";"0,7442156862745095";"False";"BATANG TUBUH";"PASAL 2"
"47";"sebagaimana tercantum pada Tabel D.7 sebagai berikut:";"99,225";"435,31199999999995";"432,376";"444,4";"612,0";"AWCPPO+BookmanOldStyle";"12,0";"267,26849999999996";"306,0";"0,06328676470588242";"0,16213235294117645";"0,5491617647058823";"False";"BATANG TUBUH";"PASAL 2"
"47";"Tabel D.7";"297,7";"356,56";"450,776";"462,776";"612,0";"AWKBDA+BookmanOldStyle-Bold";"12,0";"327,13";"306,0";"0,034526143790849666";"0,486437908496732";"0,09617647058823532";"False";"BATANG TUBUH";"PASAL 2"
"47";"BESARAN";"467,55";"528,222";"472,57599999999996";"484,57599999999996";"612,0";"AWKBDA+BookmanOldStyle-Bold";"12,0";"497,88599999999997";"306,0";"0,31353921568627446";"0,7639705882352942";"0,09913725490196074";"True";"BATANG TUBUH";"PASAL 2"
"47";"NO. URAIAN SATUAN";"99,225";"424,406";"483,176";"495,176";"612,0";"AWKBDA+BookmanOldStyle-Bold";"12,0";"261,8155";"306,0";"0,07219689542483662";"0,16213235294117645";"0,5313415032679739";"True";"BATANG TUBUH";"PASAL 2"
"47";"(Rp)";"485,58";"510,20399999999995";"493,776";"505,776";"612,0";"AWKBDA+BookmanOldStyle-Bold";"12,0";"497,89199999999994";"306,0";"0,31354901960784304";"0,7934313725490196";"0,04023529411764701";"False";"BATANG TUBUH";"PASAL 2"
"47";"1. Biaya Sertifikasi Kompetensi Orang 1.500.000,00";"104,83";"541,8140000000001";"517,5999999999999";"529,5999999999999";"612,0";"AWCPPO+BookmanOldStyle";"12,0";"323,32200000000006";"306,0";"0,028303921568627547";"0,1712908496732026";"0,7140261437908498";"False";"BATANG TUBUH";"PASAL 2"
"47";"Bidang Pemerintahan Dalam Negeri";"132,65";"342,69800000000004";"536,0";"548,0";"612,0";"AWCPPO+BookmanOldStyle";"12,0";"237,67400000000004";"306,0";"0,11164379084967314";"0,2167483660130719";"0,3432156862745099";"False";"BATANG TUBUH";"PASAL 2"
"47";"9. Biaya Sertifikat Kompetensi Bidang Pemerintahan Dalam Negeri";"78,025";"476,18100000000004";"572,62";"584,62";"612,0";"AWCPPO+BookmanOldStyle";"12,0";"277,103";"306,0";"0,04721732026143789";"0,1274918300653595";"0,6505816993464053";"False";"BATANG TUBUH";"PASAL 2"
"47";"Biaya Sertifikat Kompetensi Bidang Pemerintahan Dalam Negeri";"99,225";"554,853";"590,8199999999999";"602,8199999999999";"612,0";"AWCPPO+BookmanOldStyle";"12,0";"327,039";"306,0";"0,03437745098039214";"0,16213235294117645";"0,7444901960784313";"False";"BATANG TUBUH";"PASAL 2"
"47";"sebagaimana tercantum pada Tabel D.8 sebagai berikut:";"99,225";"435,31199999999995";"609,1959999999999";"621,22";"612,0";"AWCPPO+BookmanOldStyle";"12,0";"267,26849999999996";"306,0";"0,06328676470588242";"0,16213235294117645";"0,5491617647058823";"False";"BATANG TUBUH";"PASAL 2"
"47";"Tabel D.8";"276,5";"335,36";"627,396";"639,396";"612,0";"AWKBDA+BookmanOldStyle-Bold";"12,0";"305,93";"306,0";"0,00011437908496730912";"0,45179738562091504";"0,09617647058823532";"False";"BATANG TUBUH";"PASAL 2"
"47";"BESARAN";"467,55";"528,222";"649,1959999999999";"661,1959999999999";"612,0";"AWKBDA+BookmanOldStyle-Bold";"12,0";"497,88599999999997";"306,0";"0,31353921568627446";"0,7639705882352942";"0,09913725490196074";"True";"BATANG TUBUH";"PASAL 2"
"47";"NO. URAIAN SATUAN";"99,225";"424,406";"660,006";"672,006";"612,0";"AWKBDA+BookmanOldStyle-Bold";"12,0";"261,8155";"306,0";"0,07219689542483662";"0,16213235294117645";"0,5313415032679739";"True";"BATANG TUBUH";"PASAL 2"
"47";"(Rp)";"485,58";"510,20399999999995";"670,626";"682,626";"612,0";"AWKBDA+BookmanOldStyle-Bold";"12,0";"497,89199999999994";"306,0";"0,31354901960784304";"0,7934313725490196";"0,04023529411764701";"False";"BATANG TUBUH";"PASAL 2"
"47";"1. Biaya Sertifikat Kompetensi Orang 75.000,00";"104,83";"542,0020000000001";"694,45";"706,45";"612,0";"AWCPPO+BookmanOldStyle";"12,0";"323,41600000000005";"306,0";"0,028457516339869367";"0,1712908496732026";"0,7143333333333335";"False";"BATANG TUBUH";"PASAL 2"
"47";"10. Kegiatan Orientasi Tugas Anggota DPRD";"78,025";"338,108";"731,05";"743,05";"612,0";"AWCPPO+BookmanOldStyle";"12,0";"208,06650000000002";"306,0";"0,16002205882352938";"0,1274918300653595";"0,4249722222222222";"False";"BATANG TUBUH";"PASAL 2"
"47";"Biaya Orientasi dan Pendalaman Tugas anggota DPRD sebagaimana";"99,225";"555,4620000000001";"749,45";"761,45";"612,0";"AWCPPO+BookmanOldStyle";"12,0";"327,34350000000006";"306,0";"0,0348750000000001";"0,16213235294117645";"0,7454852941176472";"False";"BATANG TUBUH";"PASAL 2"
"47";"tercantum pada Tabel D.9 sebagai berikut:";"99,225";"353,916";"767,626";"779,65";"612,0";"AWCPPO+BookmanOldStyle";"12,0";"226,57049999999998";"306,0";"0,12978676470588238";"0,16213235294117645";"0,41616176470588234";"False";"BATANG TUBUH";"PASAL 2"
"47";"Tabel D.9";"297,7";"356,65000000000003";"786,046";"798,046";"612,0";"AWKBDA+BookmanOldStyle-Bold";"12,0";"327,175";"306,0";"0,034599673202614395";"0,486437908496732";"0,09632352941176478";"False";"BATANG TUBUH";"PASAL 2"
"47";"BESARAN";"461,75";"522,422";"804,846";"816,846";"612,0";"AWKBDA+BookmanOldStyle-Bold";"12,0";"492,086";"306,0";"0,304062091503268";"0,7544934640522876";"0,09913725490196082";"True";"BATANG TUBUH";"PASAL 2"
"47";"URAIAN SATUAN";"176,25";"393,00600000000003";"814,056";"826,056";"612,0";"AWKBDA+BookmanOldStyle-Bold";"12,0";"284,62800000000004";"306,0";"0,03492156862745091";"0,28799019607843135";"0,3541764705882353";"True";"BATANG TUBUH";"PASAL 2"
"47";"(Rp)";"479,75";"504,37399999999997";"823,056";"835,056";"612,0";"AWKBDA+BookmanOldStyle-Bold";"12,0";"492,062";"306,0";"0,3040228758169935";"0,7839052287581699";"0,04023529411764701";"False";"BATANG TUBUH";"PASAL 2"
"47";"Biaya Orientasi dan Pendalaman Orang/Kegiatan 6.000.000,00";"107,82";"543,614";"841,875";"853,875";"612,0";"AWCPPO+BookmanOldStyle";"12,0";"325,717";"306,0";"0,032217320261437886";"0,1761764705882353";"0,7120816993464053";"False";"BATANG TUBUH";"PASAL 2"
"47";"Tugas DPRD";"107,82";"182,004";"860,275";"872,275";"612,0";"AWCPPO+BookmanOldStyle";"12,0";"144,91199999999998";"306,0";"0,26321568627450986";"0,1761764705882353";"0,12121568627450979";"False";"BATANG TUBUH";"PASAL 2"
"48";"40";"298,7";"313,53999999999996";"37,90000000000009";"49,90000000000009";"612,0";"AWCPPO+BookmanOldStyle";"12,0";"306,12";"306,0";"0,00019607843137255644";"0,4880718954248366";"0,024248366013071853";"False";"BATANG TUBUH";"PASAL 2"
"48";"11. Biaya Operasional Penyelenggaraan Kegiatan Peningkatan Kompetensi";"78,025";"554,6730000000001";"65,12";"77,12";"612,0";"AWCPPO+BookmanOldStyle";"12,0";"316,34900000000005";"306,0";"0,016910130718954326";"0,1274918300653595";"0,7788366013071898";"False";"BATANG TUBUH";"PASAL 2"
"48";"Sumber Daya Manusia (SDM) Anggota Asosiasi Sekretaris DPRD Kabupaten/";"99,225";"554,937";"84,92000000000007";"96,92000000000007";"612,0";"AWCPPO+BookmanOldStyle";"12,0";"327,081";"306,0";"0,034446078431372575";"0,16213235294117645";"0,7446274509803922";"False";"BATANG TUBUH";"PASAL 2"
"48";"Kota Seluruh Indonesia (ASDEKSI), sebagaimana tercantum pada Tabel";"99,225";"555,418";"104,50600000000009";"116,53000000000009";"612,0";"AWCPPO+BookmanOldStyle";"12,0";"327,3215";"306,0";"0,034839052287581725";"0,16213235294117645";"0,7454133986928104";"False";"BATANG TUBUH";"PASAL 2"
"48";"D.10 sebagai berikut:";"99,225";"226,46600000000004";"124,29600000000005";"136,32000000000005";"612,0";"AWKBDA+BookmanOldStyle-Bold";"12,0";"162,84550000000002";"306,0";"0,23391258169934637";"0,16213235294117645";"0,2079101307189543";"False";"BATANG TUBUH";"PASAL 2"
"48";"Tabel D.10";"290,5";"357,45";"143,89600000000007";"155,89600000000007";"612,0";"AWKBDA+BookmanOldStyle-Bold";"12,0";"323,975";"306,0";"0,029370915032679776";"0,47467320261437906";"0,1093954248366013";"False";"BATANG TUBUH";"PASAL 2"
"48";"BESARAN";"467,15";"527,822";"164,096";"176,096";"612,0";"AWKBDA+BookmanOldStyle-Bold";"12,0";"497,486";"306,0";"0,31288562091503264";"0,7633169934640522";"0,09913725490196082";"True";"BATANG TUBUH";"PASAL 2"
"48";"URAIAN SATUAN";"193,08";"420,406";"174,1260000000001";"186,1260000000001";"612,0";"AWKBDA+BookmanOldStyle-Bold";"12,0";"306,743";"306,0";"0,001214052287581691";"0,3154901960784314";"0,37144771241830066";"True";"BATANG TUBUH";"PASAL 2"
"48";"(Rp)";"485,17";"509,794";"183,92600000000004";"195,92600000000004";"612,0";"AWKBDA+BookmanOldStyle-Bold";"12,0";"497,48199999999997";"306,0";"0,3128790849673202";"0,7927614379084967";"0,04023529411764701";"False";"BATANG TUBUH";"PASAL 2"
"48";"Biaya Peningkatan Kompetensi SDM Orang/Kegiatan 5.500.000,00";"99,225";"541,414";"204,1500000000001";"216,1500000000001";"612,0";"AWCPPO+BookmanOldStyle";"12,0";"320,3195";"306,0";"0,02339787581699347";"0,16213235294117645";"0,722531045751634";"False";"BATANG TUBUH";"PASAL 2"
"48";"Anggota ASDEKSI";"99,225";"205,41300000000004";"223,95000000000005";"235,95000000000005";"612,0";"AWCPPO+BookmanOldStyle";"12,0";"152,31900000000002";"306,0";"0,2511127450980392";"0,16213235294117645";"0,1735098039215687";"False";"BATANG TUBUH";"PASAL 2"
"48";"12. Kegiatan pemberian bantuan beasiswa tugas belajar/izin belajar ikatan";"78,025";"555,446";"262,1500000000001";"274,1500000000001";"612,0";"AWCPPO+BookmanOldStyle";"12,0";"316,7355";"306,0";"0,01754166666666667";"0,1274918300653595";"0,7800996732026144";"False";"BATANG TUBUH";"PASAL 2"
"48";"dinas";"99,225";"131,49";"281,95000000000005";"293,95000000000005";"612,0";"AWCPPO+BookmanOldStyle";"12,0";"115,3575";"306,0";"0,31150735294117643";"0,16213235294117645";"0,052720588235294144";"False";"BATANG TUBUH";"PASAL 2"
"48";"Standar biaya dalam kegiatan pemberian bantuan beasiswa tugas";"99,225";"555,3040000000001";"301,57000000000005";"313,57000000000005";"612,0";"AWCPPO+BookmanOldStyle";"12,0";"327,26450000000006";"306,0";"0,034745915032679826";"0,16213235294117645";"0,7452271241830066";"False";"BATANG TUBUH";"PASAL 2"
"48";"belajar/izin belajar ikatan dinas terdapat pada Tabel D.8 sebagai berikut:";"99,225";"535,576";"321,346";"333,37";"612,0";"AWCPPO+BookmanOldStyle";"12,0";"317,4005";"306,0";"0,018628267973856246";"0,16213235294117645";"0,7129918300653595";"False";"BATANG TUBUH";"PASAL 2"
"48";"Tabel D.8";"297,7";"356,65000000000003";"341,1460000000001";"353,1460000000001";"612,0";"AWKBDA+BookmanOldStyle-Bold";"12,0";"327,175";"306,0";"0,034599673202614395";"0,486437908496732";"0,09632352941176478";"False";"BATANG TUBUH";"PASAL 2"
"48";"BESARAN";"465,35";"526,022";"361,346";"373,346";"612,0";"AWKBDA+BookmanOldStyle-Bold";"12,0";"495,68600000000004";"306,0";"0,3099444444444445";"0,7603758169934641";"0,09913725490196082";"True";"BATANG TUBUH";"PASAL 2"
"48";"NO. URAIAN SATUAN";"105,43";"393,00600000000003";"371,1460000000001";"383,1460000000001";"612,0";"AWKBDA+BookmanOldStyle-Bold";"12,0";"249,21800000000002";"306,0";"0,09278104575163396";"0,17227124183006537";"0,46989542483660135";"True";"BATANG TUBUH";"PASAL 2"
"48";"(Rp)";"483,35";"507,974";"380,956";"392,956";"612,0";"AWKBDA+BookmanOldStyle-Bold";"12,0";"495,66200000000003";"306,0";"0,30990522875817";"0,7897875816993465";"0,04023529411764701";"False";"BATANG TUBUH";"PASAL 2"
"48";"1. Strata 1 (S1) Orang/Semester 10.000.000,00";"110,45";"543,5980000000001";"401,1700000000001";"413,1700000000001";"612,0";"AWCPPO+BookmanOldStyle";"12,0";"327,02400000000006";"306,0";"0,03435294117647068";"0,18047385620915032";"0,7077581699346407";"False";"BATANG TUBUH";"PASAL 2"
"48";"2. Strata 2 (S2) Orang/Semester 15.000.000,00";"110,45";"543,5980000000001";"421,6";"433,59999999999997";"612,0";"AWCPPO+BookmanOldStyle";"11,999999999999943";"327,02400000000006";"306,0";"0,03435294117647068";"0,18047385620915032";"0,7077581699346407";"False";"BATANG TUBUH";"PASAL 2"
"48";"3. Strata 3 (S3) Orang/Semester 21.300.000,00";"110,45";"543,5980000000001";"441,8";"453,8";"612,0";"AWCPPO+BookmanOldStyle";"12,0";"327,02400000000006";"306,0";"0,03435294117647068";"0,18047385620915032";"0,7077581699346407";"False";"BATANG TUBUH";"PASAL 2"
"48";"Catatan:";"99,225";"149,973";"471,8";"483,8";"612,0";"AWCPPO+BookmanOldStyle";"12,0";"124,599";"306,0";"0,29640686274509803";"0,16213235294117645";"0,08292156862745101";"False";"BATANG TUBUH";"PASAL 2"
"48";"Bantuan beasiswa diberikan selama masa pendidikan 8 (delapan) semester";"99,225";"554,7570000000001";"491,59999999999997";"503,59999999999997";"612,0";"AWCPPO+BookmanOldStyle";"12,0";"326,99100000000004";"306,0";"0,034299019607843206";"0,16213235294117645";"0,7443333333333334";"False";"BATANG TUBUH";"PASAL 2"
"48";"untuk S1 dan 4 (empat) Semester untuk S2 dan S3.";"99,225";"406,16999999999996";"511,2";"523,2";"612,0";"AWCPPO+BookmanOldStyle";"12,0";"252,6975";"306,0";"0,08709558823529413";"0,16213235294117645";"0,5015441176470588";"False";"BATANG TUBUH";"PASAL 2"
"48";"13. Kegiatan Penyusunan Rencana Pembinaan Karir Pegawai Negeri Sipil.";"78,025";"512,22";"540,8199999999999";"552,8199999999999";"612,0";"AWCPPO+BookmanOldStyle";"12,0";"295,1225";"306,0";"0,017773692810457514";"0,1274918300653595";"0,7094689542483661";"False";"BATANG TUBUH";"PASAL 2"
"48";"Standar biaya dalam kegiatan penyusunan rencana pembinaan karir";"99,225";"554,8769999999998";"560,62";"572,62";"612,0";"AWCPPO+BookmanOldStyle";"12,0";"327,05099999999993";"306,0";"0,0343970588235293";"0,16213235294117645";"0,7445294117647056";"False";"BATANG TUBUH";"PASAL 2"
"48";"Pegawai Negeri Sipil sebagaimana terdapat pada Tabel D.9 sebagai berikut:";"99,225";"544,7760000000001";"580,2059999999999";"592,23";"612,0";"AWCPPO+BookmanOldStyle";"12,0";"322,00050000000005";"306,0";"0,026144607843137328";"0,16213235294117645";"0,7280245098039216";"False";"BATANG TUBUH";"PASAL 2"
"48";"Tabel D.9";"297,7";"356,65000000000003";"599,996";"611,996";"612,0";"AWKBDA+BookmanOldStyle-Bold";"12,0";"327,175";"306,0";"0,034599673202614395";"0,486437908496732";"0,09632352941176478";"False";"BATANG TUBUH";"PASAL 2"
"48";"BESARAN";"472,55";"533,222";"622,1959999999999";"634,1959999999999";"612,0";"AWKBDA+BookmanOldStyle-Bold";"12,0";"502,88599999999997";"306,0";"0,3217091503267973";"0,772140522875817";"0,09913725490196074";"True";"BATANG TUBUH";"PASAL 2"
"48";"URAIAN SPESIFIKASI SATUAN";"159,25";"446,806";"632,406";"644,406";"612,0";"AWKBDA+BookmanOldStyle-Bold";"12,0";"303,028";"306,0";"0,004856209150326764";"0,2602124183006536";"0,4698627450980392";"True";"BATANG TUBUH";"PASAL 2"
"48";"(Rp)";"490,58";"515,204";"642,596";"654,596";"612,0";"AWKBDA+BookmanOldStyle-Bold";"12,0";"502,89199999999994";"306,0";"0,32171895424836594";"0,8016013071895425";"0,04023529411764701";"False";"BATANG TUBUH";"PASAL 2"
"48";"a. Penyediaan/Pelayanan,";"106,23";"258,99399999999997";"663,45";"675,45";"612,0";"AWCPPO+BookmanOldStyle";"12,0";"182,612";"306,0";"0,20161437908496732";"0,17357843137254902";"0,24961437908496725";"False";"BATANG TUBUH";"PASAL 2"
"48";"Penilaian Kompetensi";"120,25";"259,978";"681,65";"693,65";"612,0";"AWCPPO+BookmanOldStyle";"12,0";"190,114";"306,0";"0,1893562091503268";"0,19648692810457516";"0,2283137254901961";"False";"BATANG TUBUH";"PASAL 2"
"48";"(Assessment)";"120,25";"196,68";"700,05";"712,11";"612,0";"AWCPPO+BookmanOldStyle";"12,0";"158,465";"306,0";"0,2410702614379085";"0,19648692810457516";"0,12488562091503269";"False";"BATANG TUBUH";"PASAL 2"
"48";"1. Level Pelaksana/JF Group peserta Orang 5.000.000,00";"117,05";"543,614";"720,85";"732,85";"612,0";"AWCPPO+BookmanOldStyle";"12,0";"330,332";"306,0";"0,039758169934640514";"0,1912581699346405";"0,6970000000000001";"False";"BATANG TUBUH";"PASAL 2"
"48";"Terampil sampai dengan";"135,05";"380,564";"739,05";"751,05";"612,0";"AWCPPO+BookmanOldStyle";"12,0";"257,807";"306,0";"0,07874673202614377";"0,2206699346405229";"0,40116666666666667";"False";"BATANG TUBUH";"PASAL 2"
"48";"20 orang";"277,7";"329,75600000000003";"757,45";"769,45";"612,0";"AWCPPO+BookmanOldStyle";"12,0";"303,728";"306,0";"0,0037124183006535805";"0,4537581699346405";"0,08505882352941183";"False";"BATANG TUBUH";"PASAL 2"
"48";"Group peserta Orang 2.000.000,00";"277,7";"543,614";"776,25";"788,25";"612,0";"AWCPPO+BookmanOldStyle";"12,0";"410,65700000000004";"306,0";"0,17100816993464057";"0,4537581699346405";"0,43450000000000005";"False";"BATANG TUBUH";"PASAL 2"
"48";"sampai dengan";"277,7";"380,564";"795,28";"807,28";"612,0";"AWCPPO+BookmanOldStyle";"12,0";"329,132";"306,0";"0,03779738562091504";"0,4537581699346405";"0,16807843137254908";"False";"BATANG TUBUH";"PASAL 2"
"48";"30 orang";"277,7";"329,75600000000003";"814,27";"826,27";"612,0";"AWCPPO+BookmanOldStyle";"12,0";"303,728";"306,0";"0,0037124183006535805";"0,4537581699346405";"0,08505882352941183";"False";"BATANG TUBUH";"PASAL 2"
"48";"Group peserta Orang 1.500.000,00";"277,7";"543,614";"833,875";"845,875";"612,0";"AWCPPO+BookmanOldStyle";"12,0";"410,65700000000004";"306,0";"0,17100816993464057";"0,4537581699346405";"0,43450000000000005";"False";"BATANG TUBUH";"PASAL 2"
"48";"diatas 30 orang";"277,7";"369,35600000000005";"852,875";"864,875";"612,0";"AWCPPO+BookmanOldStyle";"12,0";"323,528";"306,0";"0,028640522875817025";"0,4537581699346405";"0,14976470588235305";"False";"BATANG TUBUH";"PASAL 2"
"49";"41";"298,7";"313,53999999999996";"37,90000000000009";"49,90000000000009";"612,0";"AWCPPO+BookmanOldStyle";"12,0";"306,12";"306,0";"0,00019607843137255644";"0,4880718954248366";"0,024248366013071853";"False";"BATANG TUBUH";"PASAL 2"
"49";"BESARAN";"472,55";"533,222";"67,50600000000009";"79,50600000000009";"612,0";"AWKBDA+BookmanOldStyle-Bold";"12,0";"502,88599999999997";"306,0";"0,3217091503267973";"0,772140522875817";"0,09913725490196074";"True";"BATANG TUBUH";"PASAL 2"
"49";"URAIAN SPESIFIKASI SATUAN";"159,25";"446,806";"77,70600000000002";"89,70600000000002";"612,0";"AWKBDA+BookmanOldStyle-Bold";"12,0";"303,028";"306,0";"0,004856209150326764";"0,2602124183006536";"0,4698627450980392";"True";"BATANG TUBUH";"PASAL 2"
"49";"(Rp)";"490,58";"515,204";"87,89600000000007";"99,89600000000007";"612,0";"AWKBDA+BookmanOldStyle-Bold";"12,0";"502,89199999999994";"306,0";"0,32171895424836594";"0,8016013071895425";"0,04023529411764701";"False";"BATANG TUBUH";"PASAL 2"
"49";"2. Level Pengawas/JF Group peserta Orang 6.000.000,00";"117,05";"543,614";"106,73000000000002";"118,73000000000002";"612,0";"AWCPPO+BookmanOldStyle";"12,0";"330,332";"306,0";"0,039758169934640514";"0,1912581699346405";"0,6970000000000001";"False";"BATANG TUBUH";"PASAL 2"
"49";"Ahli Pertama sampai dengan";"135,05";"380,564";"123,73000000000002";"135,73000000000002";"612,0";"AWCPPO+BookmanOldStyle";"12,0";"257,807";"306,0";"0,07874673202614377";"0,2206699346405229";"0,40116666666666667";"False";"BATANG TUBUH";"PASAL 2"
"49";"10 orang";"277,7";"329,75200000000007";"140,5300000000001";"152,5300000000001";"612,0";"AWCPPO+BookmanOldStyle";"12,0";"303,726";"306,0";"0,0037156862745098052";"0,4537581699346405";"0,08505228758169947";"False";"BATANG TUBUH";"PASAL 2"
"49";"Group peserta Orang 3.000.000,00";"277,7";"543,61";"157,92000000000007";"169,92000000000007";"612,0";"AWCPPO+BookmanOldStyle";"12,0";"410,655";"306,0";"0,17100490196078427";"0,4537581699346405";"0,4344934640522876";"False";"BATANG TUBUH";"PASAL 2"
"49";"sampai dengan";"277,7";"380,564";"174,95000000000005";"186,95000000000005";"612,0";"AWCPPO+BookmanOldStyle";"12,0";"329,132";"306,0";"0,03779738562091504";"0,4537581699346405";"0,16807843137254908";"False";"BATANG TUBUH";"PASAL 2"
"49";"30 orang";"277,7";"329,75600000000003";"191,75";"203,75";"612,0";"AWCPPO+BookmanOldStyle";"12,0";"303,728";"306,0";"0,0037124183006535805";"0,4537581699346405";"0,08505882352941183";"False";"BATANG TUBUH";"PASAL 2"
"49";"Group peserta Orang 2.000.000,00";"277,7";"543,61";"209,1500000000001";"221,1500000000001";"612,0";"AWCPPO+BookmanOldStyle";"12,0";"410,655";"306,0";"0,17100490196078427";"0,4537581699346405";"0,4344934640522876";"False";"BATANG TUBUH";"PASAL 2"
"49";"diatas 30 orang";"277,7";"369,35600000000005";"226,1500000000001";"238,1500000000001";"612,0";"AWCPPO+BookmanOldStyle";"12,0";"323,528";"306,0";"0,028640522875817025";"0,4537581699346405";"0,14976470588235305";"False";"BATANG TUBUH";"PASAL 2"
"49";"3. Level Group peserta Orang 7.000.000,00";"117,05";"543,61";"243,55000000000007";"255,55000000000007";"612,0";"AWCPPO+BookmanOldStyle";"12,0";"330,33";"306,0";"0,03975490196078429";"0,1912581699346405";"0,6969934640522876";"False";"BATANG TUBUH";"PASAL 2"
"49";"Administrator/JF sampai dengan";"135,05";"380,564";"260,35";"272,35";"612,0";"AWCPPO+BookmanOldStyle";"12,0";"257,807";"306,0";"0,07874673202614377";"0,2206699346405229";"0,40116666666666667";"False";"BATANG TUBUH";"PASAL 2"
"49";"Ahli Muda 10 orang";"135,05";"329,75200000000007";"277,35";"289,35";"612,0";"AWCPPO+BookmanOldStyle";"12,0";"232,40100000000004";"306,0";"0,12025980392156857";"0,2206699346405229";"0,31814052287581707";"False";"BATANG TUBUH";"PASAL 2"
"49";"Group peserta Orang 4.000.000,00";"277,7";"543,61";"294,7700000000001";"306,7700000000001";"612,0";"AWCPPO+BookmanOldStyle";"12,0";"410,655";"306,0";"0,17100490196078427";"0,4537581699346405";"0,4344934640522876";"False";"BATANG TUBUH";"PASAL 2"
"49";"sampai dengan";"277,7";"380,564";"311,57000000000005";"323,57000000000005";"612,0";"AWCPPO+BookmanOldStyle";"12,0";"329,132";"306,0";"0,03779738562091504";"0,4537581699346405";"0,16807843137254908";"False";"BATANG TUBUH";"PASAL 2"
"49";"15 orang";"277,7";"329,744";"328,57000000000005";"340,57000000000005";"612,0";"AWCPPO+BookmanOldStyle";"12,0";"303,722";"306,0";"0,0037222222222222548";"0,4537581699346405";"0,08503921568627458";"False";"BATANG TUBUH";"PASAL 2"
"49";"Group peserta Orang 3.000.000,00";"277,7";"543,61";"345,98";"357,98";"612,0";"AWCPPO+BookmanOldStyle";"12,0";"410,655";"306,0";"0,17100490196078427";"0,4537581699346405";"0,4344934640522876";"False";"BATANG TUBUH";"PASAL 2"
"49";"diatas 15 orang";"277,7";"369,374";"362,7800000000001";"374,7800000000001";"612,0";"AWCPPO+BookmanOldStyle";"12,0";"323,53700000000003";"306,0";"0,02865522875816999";"0,4537581699346405";"0,14979411764705888";"False";"BATANG TUBUH";"PASAL 2"
"49";"4. Level Jabatan Group peserta Orang 6.000.000,00";"117,05";"543,614";"380,1700000000001";"392,1700000000001";"612,0";"AWCPPO+BookmanOldStyle";"12,0";"330,332";"306,0";"0,039758169934640514";"0,1912581699346405";"0,6970000000000001";"False";"BATANG TUBUH";"PASAL 2"
"49";"Pimpinan Tinggi sampai dengan";"134,85";"380,564";"397,1700000000001";"409,1700000000001";"612,0";"AWCPPO+BookmanOldStyle";"12,0";"257,707";"306,0";"0,07891013071895425";"0,22034313725490196";"0,40149346405228764";"False";"BATANG TUBUH";"PASAL 2"
"49";"Pratama/JF Ahli 12 orang";"134,85";"329,744";"413,98";"425,97999999999996";"612,0";"AWCPPO+BookmanOldStyle";"11,999999999999943";"232,29700000000003";"306,0";"0,12042973856209147";"0,22034313725490196";"0,3184542483660131";"False";"BATANG TUBUH";"PASAL 2"
"49";"Madya Group peserta Orang 5.000.000,00";"134,85";"543,61";"431,0";"443,4";"612,0";"AWCPPO+BookmanOldStyle";"12,0";"339,23";"306,0";"0,05429738562091506";"0,22034313725490196";"0,6679084967320261";"False";"BATANG TUBUH";"PASAL 2"
"49";"sampai dengan";"277,7";"380,564";"448,4";"460,4";"612,0";"AWCPPO+BookmanOldStyle";"12,0";"329,132";"306,0";"0,03779738562091504";"0,4537581699346405";"0,16807843137254908";"False";"BATANG TUBUH";"PASAL 2"
"49";"20 orang";"277,7";"329,75200000000007";"465,2";"477,2";"612,0";"AWCPPO+BookmanOldStyle";"12,0";"303,726";"306,0";"0,0037156862745098052";"0,4537581699346405";"0,08505228758169947";"False";"BATANG TUBUH";"PASAL 2"
"49";"Group peserta Orang 4.000.000,00";"277,7";"543,61";"482,59999999999997";"494,59999999999997";"612,0";"AWCPPO+BookmanOldStyle";"12,0";"410,655";"306,0";"0,17100490196078427";"0,4537581699346405";"0,4344934640522876";"False";"BATANG TUBUH";"PASAL 2"
"49";"diatas 20 orang";"277,7";"369,35200000000003";"499,59999999999997";"511,59999999999997";"612,0";"AWCPPO+BookmanOldStyle";"12,0";"323,526";"306,0";"0,028637254901960802";"0,4537581699346405";"0,14975816993464058";"False";"BATANG TUBUH";"PASAL 2"
"49";"b. Assessment Kompleks";"106,02";"260,104";"517,0";"529,06";"612,0";"AWCPPO+BookmanOldStyle";"12,0";"183,06199999999998";"306,0";"0,2008790849673203";"0,17323529411764704";"0,2517712418300654";"False";"BATANG TUBUH";"PASAL 2"
"49";"(Job Target)";"120,25";"188,418";"533,8";"545,86";"612,0";"AWCPPO+BookmanOldStyle";"12,0";"154,334";"306,0";"0,2478202614379085";"0,19648692810457516";"0,1113856209150327";"False";"BATANG TUBUH";"PASAL 2"
"49";"1. Paket I (hanya Group peserta Orang 6.000.000,00";"117,25";"543,6120000000001";"551,4200000000001";"563,4200000000001";"612,0";"AWCPPO+BookmanOldStyle";"12,0";"330,43100000000004";"306,0";"0,039919934640522944";"0,19158496732026145";"0,696669934640523";"False";"BATANG TUBUH";"PASAL 2"
"49";"assessor saja) sampai dengan";"135,25";"380,564";"568,22";"580,28";"612,0";"BDJVSO+BookmanOldStyle-Italic";"12,0";"257,90700000000004";"306,0";"0,07858333333333327";"0,22099673202614378";"0,4008398692810458";"False";"BATANG TUBUH";"PASAL 2"
"49";"12 orang";"277,7";"329,75600000000003";"585,23";"597,23";"612,0";"AWCPPO+BookmanOldStyle";"12,0";"303,728";"306,0";"0,0037124183006535805";"0,4537581699346405";"0,08505882352941183";"False";"BATANG TUBUH";"PASAL 2"
"49";"Group peserta Orang 5.000.000,00";"277,7";"543,6120000000001";"602,63";"614,63";"612,0";"AWCPPO+BookmanOldStyle";"12,0";"410,65600000000006";"306,0";"0,17100653594771253";"0,4537581699346405";"0,4344967320261439";"False";"BATANG TUBUH";"PASAL 2"
"49";"diatas 12 orang";"277,7";"369,32";"619,4200000000001";"631,4200000000001";"612,0";"AWCPPO+BookmanOldStyle";"12,0";"323,51";"306,0";"0,028611111111111098";"0,4537581699346405";"0,1497058823529412";"False";"BATANG TUBUH";"PASAL 2"
"49";"2. Paket II (Plus Group peserta Orang 10.000.000,00";"117,25";"543,6120000000001";"636,8199999999999";"648,8199999999999";"612,0";"AWCPPO+BookmanOldStyle";"12,0";"330,43100000000004";"306,0";"0,039919934640522944";"0,19158496732026145";"0,696669934640523";"False";"BATANG TUBUH";"PASAL 2"
"49";"akademisi/minimal sampai dengan";"135,25";"380,564";"653,8199999999999";"665,8199999999999";"612,0";"AWCPPO+BookmanOldStyle";"12,0";"257,90700000000004";"306,0";"0,07858333333333327";"0,22099673202614378";"0,4008398692810458";"False";"BATANG TUBUH";"PASAL 2"
"49";"Doktor sebanyak 12 orang";"135,25";"329,75600000000003";"670,65";"682,65";"612,0";"AWCPPO+BookmanOldStyle";"12,0";"232,50300000000001";"306,0";"0,12009313725490194";"0,22099673202614378";"0,31782026143790854";"False";"BATANG TUBUH";"PASAL 2"
"49";"2 orang) Group peserta Orang 7.500.000,00";"135,25";"543,6120000000001";"687,65";"700,05";"612,0";"AWCPPO+BookmanOldStyle";"12,0";"339,43100000000004";"306,0";"0,05462581699346412";"0,22099673202614378";"0,6672581699346406";"False";"BATANG TUBUH";"PASAL 2"
"49";"diatas 12 orang";"277,7";"369,32";"705,05";"717,05";"612,0";"AWCPPO+BookmanOldStyle";"12,0";"323,51";"306,0";"0,028611111111111098";"0,4537581699346405";"0,1497058823529412";"False";"BATANG TUBUH";"PASAL 2"
"49";"14. Standar Biaya Assessment Pegawai Non Pegawai Negeri Sipil.";"78,025";"463,98999999999995";"729,45";"741,51";"612,0";"AWCPPO+BookmanOldStyle";"12,0";"271,0075";"306,0";"0,057177287581699356";"0,1274918300653595";"0,6306617647058822";"False";"BATANG TUBUH";"PASAL 2"
"49";"Standar biaya dalam Assessment pegawai Non Pegawai Negeri Sipil";"99,225";"555,0219999999999";"746,25";"758,31";"612,0";"AWCPPO+BookmanOldStyle";"12,0";"327,1235";"306,0";"0,03451552287581696";"0,16213235294117645";"0,7447663398692809";"False";"BATANG TUBUH";"PASAL 2"
"49";"sebagaimana terdapat pada Tabel D.13 sebagai berikut:";"99,225";"430,936";"763,226";"775,25";"612,0";"AWCPPO+BookmanOldStyle";"12,0";"265,0805";"306,0";"0,06686192810457521";"0,16213235294117645";"0,5420114379084967";"False";"BATANG TUBUH";"PASAL 2"
"49";"Tabel D.13";"293,7";"360,64000000000004";"780,226";"792,226";"612,0";"AWKBDA+BookmanOldStyle-Bold";"12,0";"327,17";"306,0";"0,03459150326797388";"0,4799019607843137";"0,10937908496732035";"False";"BATANG TUBUH";"PASAL 2"
"49";"BESARAN";"461,75";"522,422";"797,646";"809,646";"612,0";"AWKBDA+BookmanOldStyle-Bold";"12,000000000000014";"492,086";"306,0";"0,304062091503268";"0,7544934640522876";"0,09913725490196082";"True";"BATANG TUBUH";"PASAL 2"
"49";"URAIAN SATUAN";"201,67";"418,606";"806,056";"818,056";"612,0";"AWKBDA+BookmanOldStyle-Bold";"12,000000000000014";"310,138";"306,0";"0,006761437908496694";"0,32952614379084966";"0,35447058823529415";"True";"BATANG TUBUH";"PASAL 2"
"49";"(Rp)";"479,75";"504,37399999999997";"814,656";"826,656";"612,0";"AWKBDA+BookmanOldStyle-Bold";"12,0";"492,062";"306,0";"0,3040228758169935";"0,7839052287581699";"0,04023529411764701";"False";"BATANG TUBUH";"PASAL 2"
"49";"Biaya Assessment bagi Pegawai Non";"105,82";"344,882";"832,075";"844,135";"612,0";"AWCPPO+BookmanOldStyle";"12,0";"225,351";"306,0";"0,1317794117647059";"0,17290849673202613";"0,39062418300653595";"False";"BATANG TUBUH";"PASAL 2"
"49";"Orang 1.000.000,00";"374,92";"543,614";"840,475";"852,475";"612,0";"AWCPPO+BookmanOldStyle";"12,0";"459,26700000000005";"306,0";"0,250436274509804";"0,6126143790849673";"0,2756437908496732";"False";"BATANG TUBUH";"PASAL 2"
"49";"PNS";"105,82";"129,94";"849,075";"861,075";"612,0";"AWCPPO+BookmanOldStyle";"12,0";"117,88";"306,0";"0,3073856209150327";"0,17290849673202613";"0,03941176470588236";"True";"BATANG TUBUH";"PASAL 2"
"50";"42";"298,7";"313,53999999999996";"37,90000000000009";"49,90000000000009";"612,0";"AWCPPO+BookmanOldStyle";"12,0";"306,12";"306,0";"0,00019607843137255644";"0,4880718954248366";"0,024248366013071853";"False";"BATANG TUBUH";"PASAL 2"
"50";"E. STANDAR BIAYA PEMELIHARAAN KENDARAAN, GEDUNG DAN SARANA";"56,625";"555,192";"65,096";"77,096";"612,0";"AWKBDA+BookmanOldStyle-Bold";"12,0";"305,9085";"306,0";"0,00014950980392156268";"0,09252450980392157";"0,8146519607843138";"True";"BATANG TUBUH";"PASAL 2"
"50";"KANTOR";"77,825";"132,185";"90,70600000000002";"102,70600000000002";"612,0";"AWKBDA+BookmanOldStyle-Bold";"12,0";"105,005";"306,0";"0,3284232026143791";"0,12716503267973855";"0,0888235294117647";"True";"BATANG TUBUH";"PASAL 2"
"50";"Untuk menghindari penurunan kemampuan produktifitasnya barang daerah";"77,825";"554,7049999999998";"116,32000000000005";"128,32000000000005";"612,0";"AWCPPO+BookmanOldStyle";"12,0";"316,26499999999993";"306,0";"0,016772875816993348";"0,12716503267973855";"0,7792156862745095";"False";"BATANG TUBUH";"PASAL 2"
"50";"agar dapat berfungsi sebagaimana mestinya, maka Kepala Unit/Perangkat";"77,825";"555,0339999999999";"142,12";"154,12";"612,0";"AWCPPO+BookmanOldStyle";"12,0";"316,42949999999996";"306,0";"0,017041666666666604";"0,12716503267973855";"0,779753267973856";"False";"BATANG TUBUH";"PASAL 2"
"50";"Daerah dapat mengalokasikan biaya pemeliharaan terhadap barang inventaris";"77,825";"554,7769999999999";"167,73000000000002";"179,73000000000002";"612,0";"AWCPPO+BookmanOldStyle";"12,0";"316,301";"306,0";"0,01683169934640521";"0,12716503267973855";"0,7793333333333332";"False";"BATANG TUBUH";"PASAL 2"
"50";"yang sudah tercatat dalam Buku Inventaris pada Unit/Perangkat Daerah";"77,825";"555,2679999999999";"193,35000000000002";"205,35000000000002";"612,0";"AWCPPO+BookmanOldStyle";"12,0";"316,5465";"306,0";"0,01723284313725487";"0,12716503267973855";"0,7801356209150325";"False";"BATANG TUBUH";"PASAL 2"
"50";"dengan berdasarkan pada hasil inventarisasi yang telah dilaksanakan pada";"77,825";"555,532";"218,95000000000005";"230,95000000000005";"612,0";"AWCPPO+BookmanOldStyle";"12,0";"316,67850000000004";"306,0";"0,017448529411764776";"0,12716503267973855";"0,7805669934640523";"False";"BATANG TUBUH";"PASAL 2"
"50";"tahun sebelumnya, serta skala prioritas pelaksanaan pemeliharaan barang.";"77,825";"530,22";"244,75";"256,75";"612,0";"AWCPPO+BookmanOldStyle";"12,0";"304,02250000000004";"306,0";"0,003231209150326738";"0,12716503267973855";"0,7392075163398694";"False";"BATANG TUBUH";"PASAL 2"
"50";"Satuan biaya pemeliharaan kendaraan dinas merupakan satuan biaya yang";"77,825";"554,6210000000001";"270,35";"282,35";"612,0";"AWCPPO+BookmanOldStyle";"12,0";"316,22300000000007";"306,0";"0,016704248366013186";"0,12716503267973855";"0,7790784313725492";"False";"BATANG TUBUH";"PASAL 2"
"50";"digunakan untuk menyusun perencanaan kebutuhan biaya pemeliharaan dan";"77,825";"555,478";"295,98";"307,98";"612,0";"AWCPPO+BookmanOldStyle";"12,0";"316,6515";"306,0";"0,01740441176470588";"0,12716503267973855";"0,7804787581699346";"False";"BATANG TUBUH";"PASAL 2"
"50";"operasional kendaraan dinas, yang digunakan untuk mempertahankan";"77,825";"554,729";"321,57000000000005";"333,57000000000005";"612,0";"AWCPPO+BookmanOldStyle";"12,0";"316,27700000000004";"306,0";"0,01679248366013079";"0,12716503267973855";"0,7792549019607844";"False";"BATANG TUBUH";"PASAL 2"
"50";"kendaraan dinas agar tetap dalam kondisi normal dan siap pakai sesuai dengan";"77,825";"555,28";"347,37";"359,37";"612,0";"AWCPPO+BookmanOldStyle";"12,0";"316,5525";"306,0";"0,017242647058823543";"0,12716503267973855";"0,7801552287581699";"False";"BATANG TUBUH";"PASAL 2"
"50";"peruntukannya.";"77,825";"173,165";"372,98";"384,98";"612,0";"AWCPPO+BookmanOldStyle";"12,0";"125,495";"306,0";"0,29494281045751636";"0,12716503267973855";"0,15578431372549018";"False";"BATANG TUBUH";"PASAL 2"
"50";"Satuan biaya tersebut sudah termasuk biaya bahan bakar, yang besarannya";"77,825";"554,7049999999998";"398,57000000000005";"410,57000000000005";"612,0";"AWCPPO+BookmanOldStyle";"12,0";"316,26499999999993";"306,0";"0,016772875816993348";"0,12716503267973855";"0,7792156862745095";"False";"BATANG TUBUH";"PASAL 2"
"50";"sesuai dengan ketentuan peraturan perundang-undangan.";"77,825";"424,89799999999997";"424,2";"436,2";"612,0";"AWCPPO+BookmanOldStyle";"12,0";"251,36149999999998";"306,0";"0,08927859477124186";"0,12716503267973855";"0,5671127450980392";"False";"BATANG TUBUH";"PASAL 2"
"50";"1. Satuan Biaya Pemeliharaan Kendaraan Dinas Pejabat";"77,825";"423,07";"450,0";"462,0";"612,0";"AWCPPO+BookmanOldStyle";"12,0";"250,4475";"306,0";"0,09077205882352943";"0,12716503267973855";"0,5641258169934641";"False";"BATANG TUBUH";"PASAL 2"
"50";"Satuan biaya pemeliharaan kendaraan dinas pejabat (Bupati/Ketua DPRD,";"99,225";"555,37";"475,59999999999997";"487,59999999999997";"612,0";"AWCPPO+BookmanOldStyle";"12,0";"327,2975";"306,0";"0,03479983660130721";"0,16213235294117645";"0,7453349673202614";"False";"BATANG TUBUH";"PASAL 2"
"50";"Wakil Bupati/Wakil Ketua DPRD, dan Pejabat Eselon II terdapat pada Tabel";"99,225";"555,66";"501,176";"513,2";"612,0";"AWCPPO+BookmanOldStyle";"12,0";"327,4425";"306,0";"0,035036764705882344";"0,16213235294117645";"0,7458088235294117";"False";"BATANG TUBUH";"PASAL 2"
"50";"E.1 sebagai berikut:";"99,225";"217,246";"526,7760000000001";"538,8";"612,0";"AWKBDA+BookmanOldStyle-Bold";"12,0";"158,2355";"306,0";"0,24144526143790848";"0,16213235294117645";"0,19284477124183008";"False";"BATANG TUBUH";"PASAL 2"
"50";"Tabel E.1";"298,1";"356,25";"552,396";"564,396";"612,0";"AWKBDA+BookmanOldStyle-Bold";"12,0";"327,175";"306,0";"0,034599673202614395";"0,4870915032679739";"0,09501633986928101";"False";"BATANG TUBUH";"PASAL 2"
"50";"BESARAN";"463,75";"524,422";"581,596";"593,596";"612,0";"AWKBDA+BookmanOldStyle-Bold";"12,0";"494,086";"306,0";"0,30733006535947716";"0,7577614379084967";"0,09913725490196082";"True";"BATANG TUBUH";"PASAL 2"
"50";"NO. URAIAN SATUAN";"100,02";"409,806";"595,996";"607,996";"612,0";"AWKBDA+BookmanOldStyle-Bold";"12,0";"254,91299999999998";"306,0";"0,08347549019607846";"0,1634313725490196";"0,5061862745098039";"True";"BATANG TUBUH";"PASAL 2"
"50";"(Rp)";"481,75";"506,37399999999997";"610,2059999999999";"622,2059999999999";"612,0";"AWKBDA+BookmanOldStyle-Bold";"12,0";"494,062";"306,0";"0,30729084967320264";"0,7871732026143791";"0,04023529411764701";"False";"BATANG TUBUH";"PASAL 2"
"50";"1. Bupati/Ketua DPRD Unit/Tahun 41.900.000,00";"105,82";"541,7980000000001";"642,4200000000001";"654,4200000000001";"612,0";"AWCPPO+BookmanOldStyle";"12,0";"323,8090000000001";"306,0";"0,029099673202614515";"0,17290849673202613";"0,7123823529411767";"False";"BATANG TUBUH";"PASAL 2"
"50";"2. Wakil Bupati dan Wakil Ketua";"105,82";"322,26";"674,65";"686,65";"612,0";"AWCPPO+BookmanOldStyle";"12,0";"214,04";"306,0";"0,15026143790849675";"0,17290849673202613";"0,35366013071895425";"False";"BATANG TUBUH";"PASAL 2"
"50";"Unit/Tahun 41.000.000,00";"348,73";"541,804";"687,45";"699,45";"612,0";"AWCPPO+BookmanOldStyle";"12,0";"445,267";"306,0";"0,22756045751633985";"0,5698202614379085";"0,3154803921568627";"False";"BATANG TUBUH";"PASAL 2"
"50";"DPRD";"134,45";"169,65";"700,25";"712,25";"612,0";"AWCPPO+BookmanOldStyle";"12,0";"152,05";"306,0";"0,25155228758169934";"0,2196895424836601";"0,05751633986928107";"True";"BATANG TUBUH";"PASAL 2"
"50";"3. Pejabat Eselon II Unit/Tahun 38.610.000,00";"105,82";"541,804";"732,45";"744,45";"612,0";"AWCPPO+BookmanOldStyle";"12,0";"323,812";"306,0";"0,029104575163398712";"0,17290849673202613";"0,712392156862745";"False";"BATANG TUBUH";"PASAL 2"
"50";"2. Satuan Biaya Pemeliharaan Kendaraan Dinas Operasional";"77,825";"448,69000000000005";"785,05";"797,05";"612,0";"AWCPPO+BookmanOldStyle";"12,0";"263,25750000000005";"306,0";"0,06984068627450972";"0,12716503267973855";"0,6059885620915034";"False";"BATANG TUBUH";"PASAL 2"
"50";"Satuan biaya pemeliharaan kendaraan dinas operasional yang mengalami";"99,225";"554,7689999999999";"812,6800000000001";"824,6800000000001";"612,0";"AWCPPO+BookmanOldStyle";"12,0";"326,99699999999996";"306,0";"0,0343088235294117";"0,16213235294117645";"0,7443529411764703";"False";"BATANG TUBUH";"PASAL 2"
"50";"kerusakan baik itu mesin atau kelengkapan lainnya, biaya service, biaya";"99,225";"555,124";"838,275";"850,335";"612,0";"AWCPPO+BookmanOldStyle";"12,0";"327,1745";"306,0";"0,03459885620915037";"0,16213235294117645";"0,7449330065359477";"False";"BATANG TUBUH";"PASAL 2"
"50";"pengecatan dan pajak tahunan terdapat pada Tabel E.2 sebagai berikut:";"99,225";"529,3380000000001";"863,851";"875,875";"612,0";"AWCPPO+BookmanOldStyle";"12,0";"314,28150000000005";"306,0";"0,013531862745098122";"0,16213235294117645";"0,7027990196078432";"False";"BATANG TUBUH";"PASAL 2"
"51";"43";"298,7";"313,53999999999996";"37,90000000000009";"49,90000000000009";"612,0";"AWCPPO+BookmanOldStyle";"12,0";"306,12";"306,0";"0,00019607843137255644";"0,4880718954248366";"0,024248366013071853";"False";"BATANG TUBUH";"PASAL 2"
"51";"Tabel E.2";"276,7";"334,82";"65,096";"77,096";"612,0";"AWKBDA+BookmanOldStyle-Bold";"12,0";"305,76";"306,0";"0,0003921568627451129";"0,45212418300653595";"0,09496732026143792";"False";"BATANG TUBUH";"PASAL 2"
"51";"BESARAN";"466,35";"527,022";"92,89600000000007";"104,89600000000007";"612,0";"AWKBDA+BookmanOldStyle-Bold";"12,0";"496,68600000000004";"306,0";"0,3115784313725491";"0,7620098039215687";"0,09913725490196082";"True";"BATANG TUBUH";"PASAL 2"
"51";"NO. URAIAN";"101,02";"312,168";"104,096";"116,096";"612,0";"AWKBDA+BookmanOldStyle-Bold";"12,0";"206,594";"306,0";"0,1624281045751634";"0,16506535947712417";"0,34501307189542485";"True";"BATANG TUBUH";"PASAL 2"
"51";"(Rp)";"484,35";"508,974";"115,29600000000005";"127,29600000000005";"612,0";"AWKBDA+BookmanOldStyle-Bold";"12,0";"496,66200000000003";"306,0";"0,3115392156862746";"0,791421568627451";"0,04023529411764701";"False";"BATANG TUBUH";"PASAL 2"
"51";"1. Biaya Perbaikan Berat, Kelengkapan Mobil dan";"106,62";"438,722";"140,12";"152,12";"612,0";"AWCPPO+BookmanOldStyle";"12,0";"272,671";"306,0";"0,0544591503267974";"0,1742156862745098";"0,5426503267973856";"False";"BATANG TUBUH";"PASAL 2"
"51";"Body:";"136,25";"169,89000000000001";"160,5300000000001";"172,59000000000003";"612,0";"BDJVSO+BookmanOldStyle-Italic";"12,0";"153,07";"306,0";"0,2498856209150327";"0,22263071895424835";"0,054967320261437934";"False";"BATANG TUBUH";"PASAL 2"
"51";"1. Jenis Bus Besar/Truck 20.000.000,00";"135,85";"543,398";"185,55000000000007";"197,61";"612,0";"AWCPPO+BookmanOldStyle";"11,0";"339,624";"306,0";"0,05494117647058827";"0,22197712418300652";"0,6659281045751634";"False";"BATANG TUBUH";"PASAL 2"
"51";"2. Micro Bus/Light Truck 15.000.000,00";"135,85";"543,398";"210,55000000000007";"222,61";"612,0";"AWCPPO+BookmanOldStyle";"11,0";"339,624";"306,0";"0,05494117647058827";"0,22197712418300652";"0,6659281045751634";"False";"BATANG TUBUH";"PASAL 2"
"51";"3. Station Wagon/Sedan/Jeep";"135,85";"311,484";"235,55000000000007";"247,61";"612,0";"AWCPPO+BookmanOldStyle";"11,0";"223,66699999999997";"306,0";"0,13453104575163402";"0,22197712418300652";"0,2869836601307189";"False";"BATANG TUBUH";"PASAL 2"
"51";"a. Bensin ≤ 2000 cc atau Solar ≤ 2300 10.000.000,00";"150,05";"543,398";"260,35";"272,35";"612,0";"AWCPPO+BookmanOldStyle";"11,0";"346,72400000000005";"306,0";"0,0665424836601308";"0,24517973856209152";"0,6427254901960785";"False";"BATANG TUBUH";"PASAL 2"
"51";"b. Bensin > 2000 cc atau Solar > 2300 15.000.000,00";"150,05";"543,398";"285,35";"297,35";"612,0";"AWCPPO+BookmanOldStyle";"11,0";"346,72400000000005";"306,0";"0,0665424836601308";"0,24517973856209152";"0,6427254901960785";"False";"BATANG TUBUH";"PASAL 2"
"51";"4. Pick up 5.500.000,00";"136,25";"543,414";"310,1700000000001";"322,23";"612,0";"AWCPPO+BookmanOldStyle";"11,0";"339,832";"306,0";"0,05528104575163398";"0,22263071895424835";"0,6653006535947712";"False";"BATANG TUBUH";"PASAL 2"
"51";"5. Sepeda Motor 1.500.000,00";"136,25";"543,414";"335,1700000000001";"347,1700000000001";"612,0";"AWCPPO+BookmanOldStyle";"11,0";"339,832";"306,0";"0,05528104575163398";"0,22263071895424835";"0,6653006535947712";"False";"BATANG TUBUH";"PASAL 2"
"51";"6. Kendaraan Roda 3 4.426.500,00";"136,25";"543,414";"360,1700000000001";"372,1700000000001";"612,0";"AWCPPO+BookmanOldStyle";"11,0";"339,832";"306,0";"0,05528104575163398";"0,22263071895424835";"0,6653006535947712";"False";"BATANG TUBUH";"PASAL 2"
"51";"2. Biaya Service (ganti oli, cuci, vet, dll) Kendaraan";"106,62";"438,61";"384,98";"397,03999999999996";"612,0";"AWCPPO+BookmanOldStyle";"12,0";"272,615";"306,0";"0,05455065359477123";"0,1742156862745098";"0,542467320261438";"False";"BATANG TUBUH";"PASAL 2"
"51";"Dinas";"136,25";"170,666";"405,57000000000005";"417,57000000000005";"612,0";"AWCPPO+BookmanOldStyle";"12,0";"153,458";"306,0";"0,2492516339869281";"0,22263071895424835";"0,05623529411764706";"False";"BATANG TUBUH";"PASAL 2"
"51";"1. Jenis Bus Besar/Truck 4.800.000,00";"136,25";"543,414";"430,4";"442,46";"612,0";"AWCPPO+BookmanOldStyle";"11,0";"339,832";"306,0";"0,05528104575163398";"0,22263071895424835";"0,6653006535947712";"False";"BATANG TUBUH";"PASAL 2"
"51";"2. Micro Bus/Light Truck 4.230.000,00";"136,25";"543,414";"455,4";"467,46";"612,0";"AWCPPO+BookmanOldStyle";"11,0";"339,832";"306,0";"0,05528104575163398";"0,22263071895424835";"0,6653006535947712";"False";"BATANG TUBUH";"PASAL 2"
"51";"3. Station Wagon/Sedan/Jeep";"136,25";"311,484";"480,2";"492,26";"612,0";"AWCPPO+BookmanOldStyle";"11,0";"223,867";"306,0";"0,13420424836601308";"0,22263071895424835";"0,2863300653594771";"False";"BATANG TUBUH";"PASAL 2"
"51";"a. Bensin ≤ 2000 cc atau Solar ≤ 2300 3.630.000,00";"150,05";"543,414";"505,2";"517,2";"612,0";"AWCPPO+BookmanOldStyle";"11,0";"346,73199999999997";"306,0";"0,0665555555555555";"0,24517973856209152";"0,642751633986928";"False";"BATANG TUBUH";"PASAL 2"
"51";"b. Bensin > 2000 cc atau Solar > 2300 6.000.000,00";"150,05";"543,414";"530,2";"542,2";"612,0";"AWCPPO+BookmanOldStyle";"11,0";"346,73199999999997";"306,0";"0,0665555555555555";"0,24517973856209152";"0,642751633986928";"False";"BATANG TUBUH";"PASAL 2"
"51";"4. Pick up 3.630.000,00";"136,25";"543,414";"555,03";"567,0899999999999";"612,0";"AWCPPO+BookmanOldStyle";"11,0";"339,832";"306,0";"0,05528104575163398";"0,22263071895424835";"0,6653006535947712";"False";"BATANG TUBUH";"PASAL 2"
"51";"5. Sepeda Motor 600.000,00";"135,85";"543,4060000000001";"580,02";"592,02";"612,0";"AWCPPO+BookmanOldStyle";"11,0";"339,62800000000004";"306,0";"0,05494771241830072";"0,22197712418300652";"0,6659411764705883";"False";"BATANG TUBUH";"PASAL 2"
"51";"6. Kendaraan Roda 3 1.774.500,00";"136,25";"543,414";"605,02";"617,02";"612,0";"AWCPPO+BookmanOldStyle";"11,0";"339,832";"306,0";"0,05528104575163398";"0,22263071895424835";"0,6653006535947712";"False";"BATANG TUBUH";"PASAL 2"
"51";"3. Biaya Pengecatan Berat (total) Kendaraan Dinas";"106,62";"419,746";"629,8199999999999";"641,8199999999999";"612,0";"AWCPPO+BookmanOldStyle";"12,0";"263,183";"306,0";"0,06996241830065361";"0,1742156862745098";"0,5116437908496732";"False";"BATANG TUBUH";"PASAL 2"
"51";"1. Jenis Bus Besar/Truck 12.310.000,00";"136,25";"543,4100000000001";"654,8199999999999";"666,88";"612,0";"AWCPPO+BookmanOldStyle";"11,0";"339,83000000000004";"306,0";"0,05527777777777784";"0,22263071895424835";"0,6652941176470589";"False";"BATANG TUBUH";"PASAL 2"
"51";"2. Micro Bus/Light Truck 15.000.000,00";"136,25";"543,398";"679,85";"691,91";"612,0";"AWCPPO+BookmanOldStyle";"11,0";"339,824";"306,0";"0,05526797385620917";"0,22263071895424835";"0,6652745098039216";"False";"BATANG TUBUH";"PASAL 2"
"51";"3. Station Wagon/Sedan/Jeep 8.250.000,00";"136,25";"543,4200000000001";"704,65";"716,71";"612,0";"AWCPPO+BookmanOldStyle";"11,0";"339,83500000000004";"306,0";"0,05528594771241836";"0,22263071895424835";"0,66531045751634";"False";"BATANG TUBUH";"PASAL 2"
"51";"4. Pick up 7.850.000,00";"136,25";"543,4200000000001";"727,65";"739,71";"612,0";"AWCPPO+BookmanOldStyle";"11,0";"339,83500000000004";"306,0";"0,05528594771241836";"0,22263071895424835";"0,66531045751634";"False";"BATANG TUBUH";"PASAL 2"
"51";"5. Sepeda Motor 1.200.000,00";"136,25";"543,414";"748,65";"760,65";"612,0";"AWCPPO+BookmanOldStyle";"11,0";"339,832";"306,0";"0,05528104575163398";"0,22263071895424835";"0,6653006535947712";"False";"BATANG TUBUH";"PASAL 2"
"51";"6. Kendaraan Roda 3 3.549.000,00";"136,25";"543,414";"769,45";"781,45";"612,0";"AWCPPO+BookmanOldStyle";"11,0";"339,832";"306,0";"0,05528104575163398";"0,22263071895424835";"0,6653006535947712";"False";"BATANG TUBUH";"PASAL 2"
"51";"4. Biaya Pengurusan Pajak Surat Tanda Nomor";"106,62";"439,22999999999996";"790,48";"802,48";"612,0";"AWCPPO+BookmanOldStyle";"12,0";"272,92499999999995";"306,0";"0,054044117647058895";"0,1742156862745098";"0,5434803921568627";"False";"BATANG TUBUH";"PASAL 2"
"51";"Kendaraan Bermotor (STNKB)";"136,25";"312,70000000000005";"810,87";"822,87";"612,0";"AWCPPO+BookmanOldStyle";"12,0";"224,47500000000002";"306,0";"0,13321078431372546";"0,22263071895424835";"0,2883169934640524";"False";"BATANG TUBUH";"PASAL 2"
"51";"Biaya Pengurusan STNKB berpedoman pada";"136,25";"438,84999999999997";"831,875";"843,875";"612,0";"AWCPPO+BookmanOldStyle";"12,0";"287,54999999999995";"306,0";"0,030147058823529485";"0,22263071895424835";"0,4944444444444444";"False";"BATANG TUBUH";"PASAL 2"
"51";"peraturan perundangan-undangan";"136,25";"342,22";"852,275";"864,275";"612,0";"AWCPPO+BookmanOldStyle";"12,0";"239,235";"306,0";"0,10909313725490194";"0,22263071895424835";"0,3365522875816994";"False";"BATANG TUBUH";"PASAL 2"
