"page";"text";"x0";"x1";"top";"bottom";"page_width";"font_name";"font_size";"line_center";"page_center";"center_score";"left_ratio";"width_ratio";"is_all_caps";"sistematika";"unsur"
"1";"1";"300,9";"308,34";"38,700000000000045";"50,700000000000045";"609,4";"BCDEEE+BookmanOldStyle";"12,0";"304,62";"304,7";"0,00013127666557266834";"0,493764358385297";"0,01220872989826058";"False";"BODY_TEXT";""
"1";"BUPATI MALANG";"251,67";"357,198";"117,29600000000005";"129,29600000000005";"609,4";"BCDGEE+BookmanOldStyle-Bold";"12,0";"304,43399999999997";"304,7";"0,0004364949130292412";"0,41297998030850014";"0,17316704955694123";"True";"JUDUL";""
"1";"PROVINSI JAWA TIMUR";"230,08";"378,772";"137,69600000000003";"149,69600000000003";"609,4";"BCDGEE+BookmanOldStyle-Bold";"12,0";"304,426";"304,7";"0,00044962257958648";"0,3775516901870693";"0,2439973744666885";"True";"JUDUL";""
"1";"PERATURAN BUPATI MALANG";"210,28";"398,548";"178,52600000000007";"190,52600000000007";"609,4";"BCDGEE+BookmanOldStyle-Bold";"12,0";"304,414";"304,7";"0,00046931407942238493";"0,3450607154578274";"0,3089399409255005";"True";"JUDUL";""
"1";"NOMOR 15 TAHUN 2025";"228,08";"381,25";"198,92600000000004";"210,92600000000004";"609,4";"BCDGEE+BookmanOldStyle-Bold";"12,0";"304,665";"304,7";"5,743354118800159e-05";"0,3742697735477519";"0,25134558582212013";"True";"JUDUL";""
"1";"TENTANG";"274,1";"335,06000000000006";"219,32600000000002";"231,32600000000002";"609,4";"BCDGEE+BookmanOldStyle-Bold";"12,0";"304,58000000000004";"304,7";"0,00019691499835895588";"0,4497866754184444";"0,10003281916639324";"True";"JUDUL";""
"1";"NILAI DASAR, KODE ETIK DAN KODE PERILAKU";"151,85";"457,178";"239,726";"251,726";"609,4";"BCDGEE+BookmanOldStyle-Bold";"12,0";"304,514";"304,7";"0,0003052182474564795";"0,24917952084017067";"0,5010305218247456";"True";"JUDUL";""
"1";"PEGAWAI APARATUR SIPIL NEGARA DI LINGKUNGAN PEMERINTAH";"91,825";"517,424";"260,126";"272,126";"609,4";"BCDGEE+BookmanOldStyle-Bold";"12,0";"304,6245";"304,7";"0,00012389235313419234";"0,15068099770265836";"0,6983902198884149";"True";"JUDUL";""
"1";"KABUPATEN MALANG";"236,27";"372,79400000000004";"279,726";"291,726";"609,4";"BCDGEE+BookmanOldStyle-Bold";"12,0";"304,53200000000004";"304,7";"0,00027568099770257555";"0,3877092221857565";"0,22403019363308177";"True";"JUDUL";""
"1";"DENGAN RAHMAT TUHAN YANG MAHA ESA";"167,65";"441,14200000000005";"320,54600000000005";"332,54600000000005";"609,4";"BCDGEE+BookmanOldStyle-Bold";"12,0";"304,396";"304,7";"0,0004988513291761957";"0,27510666229077785";"0,44878897276009205";"True";"PEMBUKAAN";"FRASA RELIGIUS"
"1";"BUPATI MALANG,";"249,68";"359,6";"361,346";"373,346";"609,4";"BCDGEE+BookmanOldStyle-Bold";"12,0";"304,64";"304,7";"9,845749917952458e-05";"0,4097144732523794";"0,18037413849688222";"True";"PEMBUKAAN";"PEMBENTUK PPU"
"1";"Menimbang : bahwa dalam rangka memberikan pedoman terhadap sikap,";"70,825";"538,576";"402,20000000000005";"414,20000000000005";"609,4";"BCDEEE+BookmanOldStyle";"12,0";"304,70050000000003";"304,7";"8,204791599032162e-07";"0,11622087298982607";"0,7675598949786676";"False";"PEMBUKAAN";"KONSIDERANS"
"1";"tingkah laku, perbuatan dan ucapan Pegawai Aparatur Sipil";"157,65";"538,5559999999999";"421,79999999999995";"433,79999999999995";"609,4";"BCDEEE+BookmanOldStyle";"12,0";"348,10299999999995";"304,7";"0,07122251394814566";"0,25869707909419104";"0,6250508697079094";"False";"PEMBUKAAN";"KONSIDERANS"
"1";"Negara dalam melaksanakan tugas dan bergaul dalam";"157,65";"538,276";"441,2";"453,2";"609,4";"BCDEEE+BookmanOldStyle";"12,0";"347,96299999999997";"304,7";"0,07099277978339347";"0,25869707909419104";"0,624591401378405";"False";"PEMBUKAAN";"KONSIDERANS"
"1";"lingkungan kerja maupun kehidupan sehari-hari, serta untuk";"157,65";"538,5540000000001";"460,59999999999997";"472,59999999999997";"609,4";"BCDEEE+BookmanOldStyle";"12,0";"348,10200000000003";"304,7";"0,07122087298982613";"0,25869707909419104";"0,6250475877912703";"False";"PEMBUKAAN";"KONSIDERANS"
"1";"melaksanakan ketentuan dalam Pasal 3 ayat (1) dan Pasal 4";"157,65";"538,5540000000001";"479,99999999999994";"491,99999999999994";"609,4";"BCDEEE+BookmanOldStyle";"12,0";"348,10200000000003";"304,7";"0,07122087298982613";"0,25869707909419104";"0,6250475877912703";"False";"PEMBUKAAN";"KONSIDERANS"
"1";"ayat (1) Undang-Undang Nomor 20 Tahun 2023 tentang";"157,65";"538,57";"499,4";"511,4";"609,4";"BCDEEE+BookmanOldStyle";"12,0";"348,11";"304,7";"0,07123400065638337";"0,25869707909419104";"0,6250738431243847";"False";"PEMBUKAAN";"KONSIDERANS"
"1";"Aparatur Sipil Negara, maka perlu menetapkan Peraturan";"157,65";"538,406";"518,8199999999999";"530,8199999999999";"609,4";"BCDEEE+BookmanOldStyle";"12,0";"348,02799999999996";"304,7";"0,07109944207417128";"0,25869707909419104";"0,6248047259599606";"False";"PEMBUKAAN";"KONSIDERANS"
"1";"Bupati tentang Nilai Dasar, Kode Etik dan Kode Perilaku";"157,65";"538,348";"538,22";"550,22";"609,4";"BCDEEE+BookmanOldStyle";"12,0";"347,99899999999997";"304,7";"0,07105185428290119";"0,25869707909419104";"0,6247095503774204";"False";"PEMBUKAAN";"KONSIDERANS"
"1";"Pegawai Aparatur Sipil Negara di Lingkungan Pemerintah";"157,65";"538,514";"557,6199999999999";"569,6199999999999";"609,4";"BCDEEE+BookmanOldStyle";"12,0";"348,082";"304,7";"0,07118805382343289";"0,25869707909419104";"0,6249819494584838";"False";"PEMBUKAAN";"KONSIDERANS"
"1";"Kabupaten Malang;";"157,65";"272,598";"577,22";"589,22";"609,4";"BCDEEE+BookmanOldStyle";"12,0";"215,12400000000002";"304,7";"0,14699048244174592";"0,25869707909419104";"0,18862487692812605";"False";"PEMBUKAAN";"KONSIDERANS"
"1";"Mengingat : 1. Undang-Undang Nomor 12 Tahun 1950 tentang";"70,825";"538,77";"618,02";"630,02";"609,4";"BCDEEE+BookmanOldStyle";"12,0";"304,7975";"304,7";"0,00015999343616676241";"0,11622087298982607";"0,7678782408926813";"False";"PEMBUKAAN";"DASAR HUKUM"
"1";"Pembentukan Daerah-daerah Kabupaten di Lingkungan";"177,45";"538,4639999999998";"637,45";"649,45";"609,4";"BCDEEE+BookmanOldStyle";"12,0";"357,9569999999999";"304,7";"0,08739251723006218";"0,2911880538234329";"0,5924089268132587";"False";"PEMBUKAAN";"DASAR HUKUM"
"1";"Propinsi Jawa Timur (Berita Negara Republik Indonesia";"177,45";"538,3720000000001";"656,8499999999999";"668,8499999999999";"609,4";"BCDEEE+BookmanOldStyle";"12,0";"357,91100000000006";"304,7";"0,08731703314735817";"0,2911880538234329";"0,5922579586478505";"False";"PEMBUKAAN";"DASAR HUKUM"
"1";"Tahun 1950 Nomor 41), sebagaimana telah diubah";"177,45";"538,54";"676,25";"688,25";"609,4";"BCDEEE+BookmanOldStyle";"11,999999999999972";"357,995";"304,7";"0,08745487364620942";"0,2911880538234329";"0,592533639645553";"False";"PEMBUKAAN";"DASAR HUKUM"
"1";"dengan Undang-Undang Nomor 2 Tahun 1965 tentang";"177,45";"538,616";"695,65";"707,65";"609,4";"BCDEEE+BookmanOldStyle";"12,0";"358,033";"304,7";"0,08751723006235647";"0,2911880538234329";"0,592658352477847";"False";"PEMBUKAAN";"DASAR HUKUM"
"1";"Perubahan Batas Wilayah Kotapraja Surabaya dan Daerah";"177,45";"538,6099999999999";"715,25";"727,25";"609,4";"BCDEEE+BookmanOldStyle";"12,0";"358,03";"304,7";"0,08751230718739741";"0,2911880538234329";"0,592648506727929";"False";"PEMBUKAAN";"DASAR HUKUM"
"1";"Tingkat II Surabaya dengan mengubah Undang-Undang";"177,45";"538,806";"734,65";"746,65";"609,4";"BCDEEE+BookmanOldStyle";"12,0";"358,12800000000004";"304,7";"0,08767312110272409";"0,2911880538234329";"0,5929701345585823";"False";"PEMBUKAAN";"DASAR HUKUM"
"1";"Nomor 12 Tahun 1950 tentang Pembentukan Daerah-daerah";"177,45";"538,668";"754,0699999999999";"766,0699999999999";"609,4";"BCDEEE+BookmanOldStyle";"12,0";"358,05899999999997";"304,7";"0,08755989497866751";"0,2911880538234329";"0,5927436823104694";"False";"PEMBUKAAN";"DASAR HUKUM"
"1";"Kota Besar dalam Lingkungan Propinsi Jawa Timur,";"177,45";"538,378";"773,47";"785,47";"609,4";"BCDEEE+BookmanOldStyle";"12,0";"357,914";"304,7";"0,08732195602231703";"0,2911880538234329";"0,5922678043977684";"False";"PEMBUKAAN";"DASAR HUKUM"
"1";"Jawa Tengah, Jawa Barat dan Daerah Istimewa Yogyakarta";"177,45";"538,5300000000001";"792,87";"804,87";"609,4";"BCDEEE+BookmanOldStyle";"12,0";"357,99";"304,7";"0,08744666885461112";"0,2911880538234329";"0,5925172300623566";"False";"PEMBUKAAN";"DASAR HUKUM"
"1";"(Lembaran Negara Republik Indonesia Tahun 1965";"177,45";"538,2760000000001";"812,27";"824,27";"609,4";"BCDEEE+BookmanOldStyle";"12,0";"357,86300000000006";"304,7";"0,08723826714801455";"0,2911880538234329";"0,5921004266491633";"False";"PEMBUKAAN";"DASAR HUKUM"
"1";"Nomor 19, Tambahan Lembaran Negara Republik Indonesia";"177,45";"538,398";"831,675";"843,675";"609,4";"BCDEEE+BookmanOldStyle";"12,0";"357,924";"304,7";"0,08733836560551361";"0,2911880538234329";"0,5923006235641616";"False";"PEMBUKAAN";"DASAR HUKUM"
"1";"Nomor 2730);";"177,45";"257,27399999999994";"851,0749999999999";"863,0749999999999";"609,4";"BCDEEE+BookmanOldStyle";"12,0";"217,36199999999997";"304,7";"0,1433180177223499";"0,2911880538234329";"0,13098785690843445";"False";"PEMBUKAAN";"DASAR HUKUM"
"2";"2";"300,9";"308,34";"38,700000000000045";"50,700000000000045";"609,4";"BCDEEE+BookmanOldStyle";"12,0";"304,62";"304,7";"0,00013127666557266834";"0,493764358385297";"0,01220872989826058";"False";"PEMBUKAAN";"DASAR HUKUM"
"2";"2. Undang-Undang Nomor 12 Tahun 2011 tentang";"155,85";"538,77";"81,51999999999998";"93,51999999999998";"609,4";"BCDEEE+BookmanOldStyle";"12,0";"347,31";"304,7";"0,0699212340006564";"0,2557433541188054";"0,628355759763702";"False";"PEMBUKAAN";"DASAR HUKUM"
"2";"Pembentukan Peraturan Perundang-undangan (Lembaran";"177,45";"538,544";"101,12";"113,12";"609,4";"BCDEEE+BookmanOldStyle";"12,0";"357,99699999999996";"304,7";"0,08745815556284865";"0,2911880538234329";"0,5925402034788316";"False";"PEMBUKAAN";"DASAR HUKUM"
"2";"Negara Republik Indonesia Tahun 2011 Nomor 82,";"177,45";"538,6080000000001";"120,72000000000003";"132,72000000000003";"609,4";"BCDEEE+BookmanOldStyle";"12,0";"358,029";"304,7";"0,0875106662290778";"0,2911880538234329";"0,5926452248112899";"False";"PEMBUKAAN";"DASAR HUKUM"
"2";"Tambahan Lembaran Negara Republik Indonesia";"177,45";"538,1340000000002";"140,32000000000005";"152,32000000000005";"609,4";"BCDEEE+BookmanOldStyle";"12,0";"357,79200000000014";"304,7";"0,08712175910731894";"0,2911880538234329";"0,591867410567772";"False";"PEMBUKAAN";"DASAR HUKUM"
"2";"Nomor 5234), sebagaimana telah diubah beberapa kali,";"177,45";"538,32";"159,92000000000007";"171,92000000000007";"609,4";"BCDEEE+BookmanOldStyle";"12,0";"357,885";"304,7";"0,08727436823104694";"0,2911880538234329";"0,5921726288152283";"False";"PEMBUKAAN";"DASAR HUKUM"
"2";"terakhir dengan Undang-Undang Nomor 13 Tahun 2022";"177,45";"538,5060000000001";"179,55000000000007";"191,55000000000007";"609,4";"BCDEEE+BookmanOldStyle";"12,0";"357,97800000000007";"304,7";"0,08742697735477532";"0,2911880538234329";"0,5924778470626848";"False";"PEMBUKAAN";"DASAR HUKUM"
"2";"tentang Perubahan Kedua atas Undang-Undang";"177,45";"538,606";"199,14999999999998";"211,14999999999998";"609,4";"BCDEEE+BookmanOldStyle";"12,0";"358,028";"304,7";"0,08750902527075818";"0,2911880538234329";"0,5926419428946506";"False";"PEMBUKAAN";"DASAR HUKUM"
"2";"Nomor 12 Tahun 2011 tentang Pembentukan Peraturan";"177,45";"538,074";"218,75";"230,75";"609,4";"BCDEEE+BookmanOldStyle";"12,0";"357,76199999999994";"304,7";"0,08707253035772884";"0,2911880538234329";"0,591768953068592";"False";"PEMBUKAAN";"DASAR HUKUM"
"2";"Perundang-undangan (Lembaran Negara Republik Indonesia";"177,45";"538,2080000000001";"238,35000000000002";"250,35000000000002";"609,4";"BCDEEE+BookmanOldStyle";"12,0";"357,82900000000006";"304,7";"0,08718247456514618";"0,2911880538234329";"0,5919888414834265";"False";"PEMBUKAAN";"DASAR HUKUM"
"2";"Tahun 2022 Nomor 143, Tambahan Lembaran Negara";"177,45";"538,26";"257,95000000000005";"269,95000000000005";"609,4";"BCDEEE+BookmanOldStyle";"12,0";"357,855";"304,7";"0,08722513948145723";"0,2911880538234329";"0,5920741713160486";"False";"PEMBUKAAN";"DASAR HUKUM"
"2";"Republik Indonesia Nomor 6801);";"177,45";"374,56";"277,55000000000007";"289,55000000000007";"609,4";"BCDEEE+BookmanOldStyle";"12,0";"276,005";"304,7";"0,04708729898260583";"0,2911880538234329";"0,3234492943879226";"False";"PEMBUKAAN";"DASAR HUKUM"
"2";"3. Undang-Undang Nomor 20 Tahun 2023 tentang Aparatur";"155,85";"538,06";"298,1700000000001";"310,1700000000001";"609,4";"BCDEEE+BookmanOldStyle";"12,0";"346,955";"304,7";"0,06933869379717755";"0,2557433541188054";"0,6271906793567442";"False";"PEMBUKAAN";"DASAR HUKUM"
"2";"Sipil Negara (Lembaran Negara Republik Indonesia";"177,45";"538,3240000000001";"317,77";"329,77";"609,4";"BCDEEE+BookmanOldStyle";"12,0";"357,88700000000006";"304,7";"0,08727765014768636";"0,2911880538234329";"0,5921791926485069";"False";"PEMBUKAAN";"DASAR HUKUM"
"2";"Tahun 2023 Nomor 141, Tambahan Lembaran Negara";"177,45";"538,312";"337,37";"349,37";"609,4";"BCDEEE+BookmanOldStyle";"12,0";"357,881";"304,7";"0,08726780439776827";"0,2911880538234329";"0,5921595011486709";"False";"PEMBUKAAN";"DASAR HUKUM"
"2";"Republik Indonesia Nomor 6897);";"177,45";"374,56";"356,97";"368,97";"609,4";"BCDEEE+BookmanOldStyle";"12,0";"276,005";"304,7";"0,04708729898260583";"0,2911880538234329";"0,3234492943879226";"False";"PEMBUKAAN";"DASAR HUKUM"
"2";"4. Undang-Undang Nomor 23 Tahun 2014 tentang";"156,25";"538,54";"377,57000000000005";"389,57000000000005";"609,4";"BCDEEE+BookmanOldStyle";"12,0";"347,395";"304,7";"0,07006071545782737";"0,2563997374466689";"0,627321956022317";"False";"PEMBUKAAN";"DASAR HUKUM"
"2";"Pemerintahan Daerah (Lembaran Negara Republik Indonesia";"177,45";"538,398";"397,1700000000001";"409,1700000000001";"609,4";"BCDEEE+BookmanOldStyle";"12,0";"357,924";"304,7";"0,08733836560551361";"0,2911880538234329";"0,5923006235641616";"False";"PEMBUKAAN";"DASAR HUKUM"
"2";"Tahun 2014 Nomor 244, Tambahan Lembaran Negara";"177,45";"538,1699999999998";"416,79999999999995";"428,79999999999995";"609,4";"BCDEEE+BookmanOldStyle";"12,0";"357,80999999999995";"304,7";"0,08715129635707246";"0,2911880538234329";"0,5919264850672791";"False";"PEMBUKAAN";"DASAR HUKUM"
"2";"Republik Indonesia Nomor 5587), sebagaimana telah diubah";"177,45";"538,472";"436,4";"448,4";"609,4";"BCDEEE+BookmanOldStyle";"12,0";"357,961";"304,7";"0,08739908106334103";"0,2911880538234329";"0,5924220544798162";"False";"PEMBUKAAN";"DASAR HUKUM"
"2";"beberapa kali, terakhir dengan Undang-Undang Nomor 6";"177,45";"538,518";"455,99999999999994";"467,99999999999994";"609,4";"BCDEEE+BookmanOldStyle";"12,0";"357,98400000000004";"304,7";"0,08743682310469322";"0,2911880538234329";"0,5924975385625206";"False";"PEMBUKAAN";"DASAR HUKUM"
"2";"Tahun 2023 tentang Penetapan Peraturan Pemerintah";"177,45";"538,242";"475,59999999999997";"487,59999999999997";"609,4";"BCDEEE+BookmanOldStyle";"12,0";"357,846";"304,7";"0,08721037085658027";"0,2911880538234329";"0,5920446340662947";"False";"PEMBUKAAN";"DASAR HUKUM"
"2";"Pengganti Undang-Undang Nomor 2 Tahun 2022 tentang";"177,45";"538,36";"495,2";"507,2";"609,4";"BCDEEE+BookmanOldStyle";"12,0";"357,905";"304,7";"0,08730718739744008";"0,2911880538234329";"0,5922382671480145";"False";"PEMBUKAAN";"DASAR HUKUM"
"2";"Cipta Kerja Menjadi Undang-Undang (Lembaran Negara";"177,45";"538,146";"514,8";"526,8";"609,4";"BCDEEE+BookmanOldStyle";"12,0";"357,798";"304,7";"0,08713160485723664";"0,2911880538234329";"0,5918871020676074";"False";"PEMBUKAAN";"DASAR HUKUM"
"2";"Republik Indonesia Tahun 2023 Nomor 41, Tambahan";"177,45";"538,3259999999997";"534,42";"546,42";"609,4";"BCDEEE+BookmanOldStyle";"12,0";"357,8879999999998";"304,7";"0,08727929110600562";"0,2911880538234329";"0,5921824745651456";"False";"PEMBUKAAN";"DASAR HUKUM"
"2";"Lembaran Negara Republik Indonesia Nomor 6856);";"177,45";"482,39";"554,02";"566,02";"609,4";"BCDEEE+BookmanOldStyle";"12,0";"329,91999999999996";"304,7";"0,04138496882179188";"0,2911880538234329";"0,5003938299967181";"False";"PEMBUKAAN";"DASAR HUKUM"
"2";"5. Peraturan Pemerintah Nomor 42 Tahun 2004 tentang";"156,25";"538,77";"574,6199999999999";"586,6199999999999";"609,4";"BCDEEE+BookmanOldStyle";"12,0";"347,51";"304,7";"0,07024942566458812";"0,2563997374466689";"0,6276993764358385";"False";"PEMBUKAAN";"DASAR HUKUM"
"2";"Pembinaan Jiwa Korps dan Kode Etik Pegawai Negeri Sipil";"177,45";"538,3679999999999";"594,22";"606,22";"609,4";"BCDEEE+BookmanOldStyle";"12,0";"357,909";"304,7";"0,08731375123071874";"0,2911880538234329";"0,5922513948145717";"False";"PEMBUKAAN";"DASAR HUKUM"
"2";"(Lembaran Negara Republik Indonesia Tahun 2004";"177,45";"538,14";"613,8199999999999";"625,8199999999999";"609,4";"BCDEEE+BookmanOldStyle";"12,0";"357,79499999999996";"304,7";"0,0871266819822776";"0,2911880538234329";"0,5918772563176895";"False";"PEMBUKAAN";"DASAR HUKUM"
"2";"Nomor 142, Tambahan Lembaran Negara Republik Indonesia";"177,45";"538,1700000000002";"633,45";"645,45";"609,4";"BCDEEE+BookmanOldStyle";"12,0";"357,81000000000006";"304,7";"0,08715129635707265";"0,2911880538234329";"0,5919264850672796";"False";"PEMBUKAAN";"DASAR HUKUM"
"2";"Nomor 4450);";"177,45";"257,27399999999994";"653,05";"665,05";"609,4";"BCDEEE+BookmanOldStyle";"12,0";"217,36199999999997";"304,7";"0,1433180177223499";"0,2911880538234329";"0,13098785690843445";"False";"PEMBUKAAN";"DASAR HUKUM"
"2";"6. Peraturan Pemerintah Nomor 11 Tahun 2017 tentang";"156,25";"538,694";"673,65";"685,65";"609,4";"BCDEEE+BookmanOldStyle";"12,0";"347,472";"304,7";"0,07018706924844108";"0,2563997374466689";"0,6275746636035444";"False";"PEMBUKAAN";"DASAR HUKUM"
"2";"Manajemen Pegawai Negeri Sipil (Lembaran Negara Republik";"177,45";"538,22";"693,25";"705,25";"609,4";"BCDEEE+BookmanOldStyle";"12,0";"357,83500000000004";"304,7";"0,08719232031506408";"0,2911880538234329";"0,5920085329832623";"False";"PEMBUKAAN";"DASAR HUKUM"
"2";"Indonesia Tahun 2017 Nomor 63, Tambahan Lembaran";"177,45";"537,9059999999998";"712,8499999999999";"724,8499999999999";"609,4";"BCDEEE+BookmanOldStyle";"12,0";"357,6779999999999";"304,7";"0,08693468985887741";"0,2911880538234329";"0,5914932720708892";"False";"PEMBUKAAN";"DASAR HUKUM"
"2";"Negara Republik Indonesia Nomor 6037), sebagaimana telah";"177,45";"538,338";"732,4499999999999";"744,4499999999999";"609,4";"BCDEEE+BookmanOldStyle";"12,0";"357,894";"304,7";"0,08728913685592389";"0,2911880538234329";"0,5922021660649819";"False";"PEMBUKAAN";"DASAR HUKUM"
"2";"diubah dengan Peraturan Pemerintah Nomor 17 Tahun 2020";"177,45";"537,9300000000001";"752,27";"764,27";"609,4";"BCDEEE+BookmanOldStyle";"12,0";"357,69000000000005";"304,7";"0,0869543813587136";"0,2911880538234329";"0,5915326550705614";"False";"PEMBUKAAN";"DASAR HUKUM"
"2";"tentang Perubahan atas Peraturan Pemerintah Nomor 11";"177,45";"537,9180000000001";"771,88";"783,88";"609,4";"BCDEEE+BookmanOldStyle";"12,0";"357,6840000000001";"304,7";"0,0869445356087957";"0,2911880538234329";"0,5915129635707256";"False";"PEMBUKAAN";"DASAR HUKUM"
"2";"Tahun 2017 tentang Manajemen Pegawai Negeri Sipil";"177,45";"538,314";"791,47";"803,47";"609,4";"BCDEEE+BookmanOldStyle";"12,0";"357,88199999999995";"304,7";"0,0872694453560879";"0,2911880538234329";"0,5921627830653101";"False";"PEMBUKAAN";"DASAR HUKUM"
"2";"(Lembaran Negara Republik Indonesia Tahun 2020";"177,45";"538,4240000000001";"811,0699999999999";"823,0699999999999";"609,4";"BCDEEE+BookmanOldStyle";"12,0";"357,937";"304,7";"0,08735969806366922";"0,2911880538234329";"0,5923432884804728";"False";"PEMBUKAAN";"DASAR HUKUM"
"2";"Nomor 68, Tambahan Lembaran Negara Republik Indonesia";"177,45";"538,466";"830,675";"842,675";"609,4";"BCDEEE+BookmanOldStyle";"12,0";"357,95799999999997";"304,7";"0,08739415818838199";"0,2911880538234329";"0,5924122087298983";"False";"PEMBUKAAN";"DASAR HUKUM"
"2";"Nomor 6477);";"177,45";"257,32";"850,275";"862,275";"609,4";"BCDEEE+BookmanOldStyle";"12,0";"217,385";"304,7";"0,14328027568099772";"0,2911880538234329";"0,13106334099113884";"False";"PEMBUKAAN";"DASAR HUKUM"
"3";"3";"300,9";"308,34";"38,700000000000045";"50,700000000000045";"609,4";"BCDEEE+BookmanOldStyle";"12,0";"304,62";"304,7";"0,00013127666557266834";"0,493764358385297";"0,01220872989826058";"False";"PEMBUKAAN";"DASAR HUKUM"
"3";"7. Peraturan Pemerintah Nomor 49 Tahun 2018 tentang";"156,25";"538,628";"81,51999999999998";"93,51999999999998";"609,4";"BCDEEE+BookmanOldStyle";"12,0";"347,439";"304,7";"0,07013291762389241";"0,2563997374466689";"0,6274663603544471";"False";"PEMBUKAAN";"DASAR HUKUM"
"3";"Manajemen Pegawai Pemerintah dengan Perjanjian Kerja";"177,45";"538,134";"103,32000000000005";"115,32000000000005";"609,4";"BCDEEE+BookmanOldStyle";"12,0";"357,79200000000003";"304,7";"0,08712175910731874";"0,2911880538234329";"0,5918674105677716";"False";"PEMBUKAAN";"DASAR HUKUM"
"3";"(Lembaran Negara Republik Indonesia Tahun 2018";"177,45";"538,254";"125,12";"137,12";"609,4";"BCDEEE+BookmanOldStyle";"12,0";"357,852";"304,7";"0,08722021660649817";"0,2911880538234329";"0,5920643255661306";"False";"PEMBUKAAN";"DASAR HUKUM"
"3";"Nomor 224, Tambahan Lembaran Negara Republik Indonesia";"177,45";"538,1700000000002";"146,92000000000007";"158,92000000000007";"609,4";"BCDEEE+BookmanOldStyle";"12,0";"357,81000000000006";"304,7";"0,08715129635707265";"0,2911880538234329";"0,5919264850672796";"False";"PEMBUKAAN";"DASAR HUKUM"
"3";"Nomor 6264);";"177,45";"257,27399999999994";"168,95000000000005";"180,95000000000005";"609,4";"BCDEEE+BookmanOldStyle";"12,0";"217,36199999999997";"304,7";"0,1433180177223499";"0,2911880538234329";"0,13098785690843445";"False";"PEMBUKAAN";"DASAR HUKUM"
"3";"8. Peraturan Pemerintah Nomor 30 Tahun 2019 tentang";"156,25";"538,438";"191,75";"203,75";"609,4";"BCDEEE+BookmanOldStyle";"12,0";"347,344";"304,7";"0,0699770265835248";"0,2563997374466689";"0,6271545782737119";"False";"PEMBUKAAN";"DASAR HUKUM"
"3";"Penilaian Kinerja Pegawai Negeri Sipil (Lembaran Negara";"177,45";"538,098";"213,55000000000007";"225,55000000000007";"609,4";"BCDEEE+BookmanOldStyle";"12,0";"357,774";"304,7";"0,08709222185756484";"0,2911880538234329";"0,5918083360682639";"False";"PEMBUKAAN";"DASAR HUKUM"
"3";"Republik Indonesia Tahun 2019 Nomor 77, Tambahan";"177,45";"538,3259999999997";"235,35000000000002";"247,35000000000002";"609,4";"BCDEEE+BookmanOldStyle";"12,0";"357,8879999999998";"304,7";"0,08727929110600562";"0,2911880538234329";"0,5921824745651456";"False";"PEMBUKAAN";"DASAR HUKUM"
"3";"Lembaran Negara Republik Indonesia Nomor 6340);";"177,45";"482,39000023799997";"257,15";"269,15";"609,4";"BCDEEE+BookmanOldStyle";"12,0";"329,92000011899995";"304,7";"0,041384969017065905";"0,2911880538234329";"0,5003938303872661";"False";"PEMBUKAAN";"DASAR HUKUM"
"3";"9. Peraturan Pemerintah Nomor 94 Tahun 2021 tentang";"156,25";"538,77";"279,95000000000005";"291,95000000000005";"609,4";"BCDEEE+BookmanOldStyle";"12,0";"347,51";"304,7";"0,07024942566458812";"0,2563997374466689";"0,6276993764358385";"False";"PEMBUKAAN";"DASAR HUKUM"
"3";"Disiplin Pegawai Negeri Sipil (Lembaran Negara Republik";"177,45";"538,3900000000001";"301,97";"313,97";"609,4";"BCDEEE+BookmanOldStyle";"12,0";"357,9200000000001";"304,7";"0,08733180177223512";"0,2911880538234329";"0,5922874958976044";"False";"PEMBUKAAN";"DASAR HUKUM"
"3";"Indonesia Tahun 2021 Nomor 202, Tambahan Lembaran";"177,45";"538,0859999999999";"323,77";"335,77";"609,4";"BCDEEE+BookmanOldStyle";"12,0";"357,7679999999999";"304,7";"0,08708237610764676";"0,2911880538234329";"0,5917886445684278";"False";"PEMBUKAAN";"DASAR HUKUM"
"3";"Negara Republik Indonesia Nomor 6718);";"177,45";"418,98599999999993";"345,57000000000005";"357,57000000000005";"609,4";"BCDEEE+BookmanOldStyle";"12,0";"298,21799999999996";"304,7";"0,010636691828027614";"0,2911880538234329";"0,396350508697079";"False";"PEMBUKAAN";"DASAR HUKUM"
"3";"10. Peraturan Presiden Nomor 87 Tahun 2014";"155,85";"538,4280000000001";"368,38";"380,38";"609,4";"BCDEEE+BookmanOldStyle";"12,0";"347,13900000000007";"304,7";"0,06964063012799487";"0,2557433541188054";"0,6277945520183789";"False";"PEMBUKAAN";"DASAR HUKUM"
"3";"tentang Peraturan Pelaksanaan Undang-Undang Nomor 12";"177,25";"538,486";"390,1700000000001";"402,1700000000001";"609,4";"BCDEEE+BookmanOldStyle";"12,0";"357,868";"304,7";"0,08724647193961274";"0,29085986215950116";"0,5927732195602232";"False";"PEMBUKAAN";"DASAR HUKUM"
"3";"Tahun 2011 tentang Pembentukan Peraturan";"177,25";"538,2939999999999";"412,0";"423,99999999999994";"609,4";"BCDEEE+BookmanOldStyle";"11,999999999999943";"357,77199999999993";"304,7";"0,08708893994092541";"0,29085986215950116";"0,5924581555628485";"False";"PEMBUKAAN";"DASAR HUKUM"
"3";"Perundang-undangan (Lembaran Negara Republik Indonesia";"177,25";"538,2280000000001";"433,99999999999994";"445,99999999999994";"609,4";"BCDEEE+BookmanOldStyle";"12,0";"357,73900000000003";"304,7";"0,08703478831637684";"0,29085986215950116";"0,5923498523137514";"False";"PEMBUKAAN";"DASAR HUKUM"
"3";"Tahun 2014 Nomor 199), sebagaimana telah diubah dengan";"177,25";"538,5479999999999";"455,79999999999995";"467,79999999999995";"609,4";"BCDEEE+BookmanOldStyle";"12,0";"357,89899999999994";"304,7";"0,08729734164752208";"0,29085986215950116";"0,5928749589760418";"False";"PEMBUKAAN";"DASAR HUKUM"
"3";"Peraturan Presiden Nomor 76 Tahun 2021 tentang";"177,25";"538,6759999999999";"477,59999999999997";"489,59999999999997";"609,4";"BCDEEE+BookmanOldStyle";"12,0";"357,96299999999997";"304,7";"0,08740236297998027";"0,29085986215950116";"0,5930850016409582";"False";"PEMBUKAAN";"DASAR HUKUM"
"3";"Perubahan atas Peraturan Presiden Nomor 87 Tahun 2014";"177,25";"538,114";"499,4";"511,4";"609,4";"BCDEEE+BookmanOldStyle";"12,0";"357,682";"304,7";"0,08694125369215627";"0,29085986215950116";"0,5921627830653102";"False";"PEMBUKAAN";"DASAR HUKUM"
"3";"tentang Peraturan Pelaksanaan Undang-Undang";"177,25";"538,7860000000001";"521,22";"533,22";"609,4";"BCDEEE+BookmanOldStyle";"12,0";"358,01800000000003";"304,7";"0,0874926156875616";"0,29085986215950116";"0,5932655070561209";"False";"PEMBUKAAN";"DASAR HUKUM"
"3";"Nomor 12 Tahun 2011 tentang Pembentukan Peraturan";"177,25";"538,2339999999999";"543,02";"555,02";"609,4";"BCDEEE+BookmanOldStyle";"12,0";"357,74199999999996";"304,7";"0,0870397111913357";"0,29085986215950116";"0,5923596980636691";"False";"PEMBUKAAN";"DASAR HUKUM"
"3";"Perundang-undangan (Lembaran Negara Republik Indonesia";"177,25";"538,212";"565,02";"577,02";"609,4";"BCDEEE+BookmanOldStyle";"12,0";"357,731";"304,7";"0,0870216606498195";"0,29085986215950116";"0,5923235969806367";"False";"PEMBUKAAN";"DASAR HUKUM"
"3";"Tahun 2021 Nomor 186);";"177,25";"325,53999999999996";"586,8199999999999";"598,8199999999999";"609,4";"BCDEEE+BookmanOldStyle";"12,0";"251,39499999999998";"304,7";"0,08747128322940599";"0,29085986215950116";"0,2433377092221857";"False";"PEMBUKAAN";"DASAR HUKUM"
"3";"11. Peraturan Menteri Dalam Negeri Nomor 80 Tahun 2015";"155,85";"538,0140000000001";"609,6299999999999";"621,6299999999999";"609,4";"BCDEEE+BookmanOldStyle";"12,0";"346,9320000000001";"304,7";"0,06930095175582554";"0,2557433541188054";"0,6271151952740402";"False";"PEMBUKAAN";"DASAR HUKUM"
"3";"tentang Pembentukan Produk Hukum Daerah (Berita Negara";"177,45";"538,1940000000001";"631,42";"643,42";"609,4";"BCDEEE+BookmanOldStyle";"12,0";"357,822";"304,7";"0,08717098785690847";"0,2911880538234329";"0,5919658680669513";"False";"PEMBUKAAN";"DASAR HUKUM"
"3";"Republik Indonesia Tahun 2015 Nomor 2036), sebagaimana";"177,45";"538,638";"653,25";"665,25";"609,4";"BCDEEE+BookmanOldStyle";"12,0";"358,044";"304,7";"0,08753528060387265";"0,2911880538234329";"0,5926944535608797";"False";"PEMBUKAAN";"DASAR HUKUM"
"3";"telah diubah dengan Peraturan Menteri Dalam Negeri";"177,45";"537,9540000000001";"675,05";"687,05";"609,4";"BCDEEE+BookmanOldStyle";"12,0";"357,702";"304,7";"0,08697407285854941";"0,2911880538234329";"0,5915720380702332";"False";"PEMBUKAAN";"DASAR HUKUM"
"3";"Nomor 120 Tahun 2018 tentang Perubahan atas";"177,45";"538,374";"697,05";"709,05";"609,4";"BCDEEE+BookmanOldStyle";"12,0";"357,91200000000003";"304,7";"0,0873186741056778";"0,2911880538234329";"0,5922612405644897";"False";"PEMBUKAAN";"DASAR HUKUM"
"3";"Peraturan Menteri Dalam Negeri Nomor 80 Tahun 2015";"177,45";"538,124";"718,8499999999999";"730,8499999999999";"609,4";"BCDEEE+BookmanOldStyle";"12,0";"357,78700000000003";"304,7";"0,08711355431572046";"0,2911880538234329";"0,5918510009845751";"False";"PEMBUKAAN";"DASAR HUKUM"
"3";"tentang Pembentukan Produk Hukum Daerah (Berita Negara";"177,45";"538,1940000000001";"740,65";"752,65";"609,4";"BCDEEE+BookmanOldStyle";"12,0";"357,822";"304,7";"0,08717098785690847";"0,2911880538234329";"0,5919658680669513";"False";"PEMBUKAAN";"DASAR HUKUM"
"3";"Republik Indonesia Tahun 2019 Nomor 157);";"177,45";"442,990000238";"762,47";"774,47";"609,4";"BCDEEE+BookmanOldStyle";"12,0";"310,220000119";"304,7";"0,009058090119790007";"0,2911880538234329";"0,4357400725927142";"False";"PEMBUKAAN";"DASAR HUKUM"
"3";"12. Peraturan Menteri Pendayagunaan Aparatur Negara dan";"155,85";"537,7379999999997";"785,27";"797,27";"609,4";"BCDEEE+BookmanOldStyle";"12,0";"346,79399999999987";"304,7";"0,06907449950771231";"0,2557433541188054";"0,6266622907778138";"False";"PEMBUKAAN";"DASAR HUKUM"
"3";"Reformasi Birokrasi Nomor 6 Tahun 2022 tentang";"177,45";"538,424";"807,0699999999999";"819,0699999999999";"609,4";"BCDEEE+BookmanOldStyle";"12,000000000000014";"357,937";"304,7";"0,08735969806366922";"0,2911880538234329";"0,5923432884804726";"False";"PEMBUKAAN";"DASAR HUKUM"
"3";"Pengelolaan Kinerja Pegawai Aparatur Sipil Negara";"177,45";"538,1460000000001";"829,0749999999999";"841,0749999999999";"609,4";"BCDEEE+BookmanOldStyle";"12,0";"357,798";"304,7";"0,08713160485723664";"0,2911880538234329";"0,5918871020676076";"False";"PEMBUKAAN";"DASAR HUKUM"
"3";"(Berita Negara Tahun 2022 Nomor 155);";"177,45";"413,370000238";"850,875";"862,875";"609,4";"BCDEEE+BookmanOldStyle";"12,0";"295,41000011899996";"304,7";"0,01524450259435515";"0,2911880538234329";"0,387134887164424";"False";"PEMBUKAAN";"DASAR HUKUM"
"4";"4";"300,9";"308,34";"38,700000000000045";"50,700000000000045";"609,4";"BCDEEE+BookmanOldStyle";"12,0";"304,62";"304,7";"0,00013127666557266834";"0,493764358385297";"0,01220872989826058";"False";"PEMBUKAAN";"DASAR HUKUM"
"4";"13. Peraturan Daerah Kabupaten Malang Nomor 9 Tahun 2016";"155,85";"538,32";"81,51999999999998";"93,51999999999998";"609,4";"BCDEEE+BookmanOldStyle";"12,0";"347,08500000000004";"304,7";"0,06955201837873326";"0,2557433541188054";"0,6276173285198556";"False";"PEMBUKAAN";"DASAR HUKUM"
"4";"tentang Pembentukan dan Susunan Perangkat Daerah";"177,45";"538,3379999999999";"100,92000000000007";"112,92000000000007";"609,4";"BCDEEE+BookmanOldStyle";"12,0";"357,8939999999999";"304,7";"0,08728913685592371";"0,2911880538234329";"0,5922021660649818";"False";"PEMBUKAAN";"DASAR HUKUM"
"4";"(Lembaran Daerah Kabupaten Malang Tahun 2016 Nomor 1";"177,45";"538,3340000000001";"120,32000000000005";"132,32000000000005";"609,4";"BCDEEE+BookmanOldStyle";"12,0";"357,89200000000005";"304,7";"0,08728585493928465";"0,2911880538234329";"0,5921956022317034";"False";"PEMBUKAAN";"DASAR HUKUM"
"4";"Seri C), sebagaimana telah diubah beberapa kali, terakhir";"177,45";"537,9659999999999";"139,72000000000003";"151,72000000000003";"609,4";"BCDEEE+BookmanOldStyle";"12,0";"357,70799999999997";"304,7";"0,08698391860846731";"0,2911880538234329";"0,5915917295700688";"False";"PEMBUKAAN";"DASAR HUKUM"
"4";"dengan Peraturan Daerah Kabupaten Malang Nomor 3";"177,45";"538,392";"159,32000000000005";"171,32000000000005";"609,4";"BCDEEE+BookmanOldStyle";"12,0";"357,92100000000005";"304,7";"0,08733344273055475";"0,2911880538234329";"0,5922907778142437";"False";"PEMBUKAAN";"DASAR HUKUM"
"4";"Tahun 2023 tentang Perubahan Keempat atas Peraturan";"177,45";"538,406";"178,75";"190,75";"609,4";"BCDEEE+BookmanOldStyle";"12,0";"357,928";"304,7";"0,08734492943879227";"0,2911880538234329";"0,5923137512307187";"False";"PEMBUKAAN";"DASAR HUKUM"
"4";"Daerah Nomor 9 Tahun 2016 tentang Pembentukan";"177,45";"538,332";"198,14999999999998";"210,14999999999998";"609,4";"BCDEEE+BookmanOldStyle";"12,0";"357,89099999999996";"304,7";"0,08728421398096485";"0,2911880538234329";"0,5921923203150641";"False";"PEMBUKAAN";"DASAR HUKUM"
"4";"dan Susunan Perangkat Daerah (Lembaran Daerah";"177,45";"538,184";"217,55000000000007";"229,55000000000007";"609,4";"BCDEEE+BookmanOldStyle";"12,0";"357,817";"304,7";"0,08716278306531018";"0,2911880538234329";"0,5919494584837545";"False";"PEMBUKAAN";"DASAR HUKUM"
"4";"Kabupaten Malang Tahun 2023 Nomor 3 Seri C);";"177,45";"465,39";"236,95000000000005";"248,95000000000005";"609,4";"BCDEEE+BookmanOldStyle";"12,0";"321,41999999999996";"304,7";"0,027436823104693094";"0,2911880538234329";"0,4724975385625205";"False";"PEMBUKAAN";"DASAR HUKUM"
"4";"14. Peraturan Bupati Malang Nomor 42 Tahun 2022 tentang";"155,85";"538,626";"257,35";"269,35";"609,4";"BCDEEE+BookmanOldStyle";"12,0";"347,238";"304,7";"0,06980308500164098";"0,2557433541188054";"0,6281194617656711";"False";"PEMBUKAAN";"DASAR HUKUM"
"4";"Kedudukan, Susunan Organisasi, Tugas dan Fungsi, serta";"177,45";"538,3240000000001";"276,75";"288,75";"609,4";"BCDEEE+BookmanOldStyle";"12,0";"357,88700000000006";"304,7";"0,08727765014768636";"0,2911880538234329";"0,5921791926485069";"False";"PEMBUKAAN";"DASAR HUKUM"
"4";"Tata Kerja Badan Kepegawaian dan Pengembangan";"177,45";"538,3799999999999";"296,1700000000001";"308,1700000000001";"609,4";"BCDEEE+BookmanOldStyle";"12,0";"357,91499999999996";"304,7";"0,08732359698063666";"0,2911880538234329";"0,5922710863144075";"False";"PEMBUKAAN";"DASAR HUKUM"
"4";"Sumber Daya Manusia (Berita Daerah Kabupaten Malang";"177,45";"538,794";"315,77";"327,77";"609,4";"BCDEEE+BookmanOldStyle";"12,0";"358,12199999999996";"304,7";"0,08766327535280599";"0,2911880538234329";"0,5929504430587463";"False";"PEMBUKAAN";"DASAR HUKUM"
"4";"Tahun 2022 Nomor 42 Seri C);";"177,45";"357,760000238";"335,1700000000001";"347,1700000000001";"609,4";"BCDEEE+BookmanOldStyle";"12,0";"267,605000119";"304,7";"0,06087134867246469";"0,2911880538234329";"0,29588119500820476";"False";"PEMBUKAAN";"DASAR HUKUM"
"4";"MEMUTUSKAN:";"257,48";"351,68";"375,97";"387,97";"609,4";"BCDEEE+BookmanOldStyle";"12,0";"304,58000000000004";"304,7";"0,00019691499835895588";"0,42251394814571713";"0,1545782737118477";"True";"PEMBUKAAN";"DASAR HUKUM"
"4";"Menetapkan : PERATURAN BUPATI TENTANG NILAI DASAR, KODE ETIK";"70,825";"538,278";"416,79999999999995";"428,79999999999995";"609,4";"BCDEEE+BookmanOldStyle";"12,0";"304,55150000000003";"304,7";"0,0002436823104692417";"0,11622087298982607";"0,7670708893994094";"False";"PEMBUKAAN";"DASAR HUKUM"
"4";"DAN KODE PERILAKU PEGAWAI APARATUR SIPIL NEGARA";"155,85";"537,9899999999999";"436,2";"448,2";"609,4";"BCDEEE+BookmanOldStyle";"12,0";"346,91999999999996";"304,7";"0,06928126025598945";"0,2557433541188054";"0,627075812274368";"True";"PEMBUKAAN";"DASAR HUKUM"
"4";"DI LINGKUNGAN PEMERINTAH KABUPATEN MALANG.";"155,85";"482,98999999999995";"455,79999999999995";"467,79999999999995";"609,4";"BCDEEE+BookmanOldStyle";"12,0";"319,41999999999996";"304,7";"0,02415490646537573";"0,2557433541188054";"0,5368231046931408";"True";"PEMBUKAAN";"DASAR HUKUM"
"4";"BAB I";"287,7";"321,35999999999996";"496,59999999999997";"508,59999999999997";"609,4";"BCDEEE+BookmanOldStyle";"12,0";"304,53";"304,7";"0,00027896291434200185";"0,4721037085658024";"0,055234657039711144";"True";"BATANG TUBUH";"BAB I"
"4";"KETENTUAN UMUM";"244,27";"364,822";"517,02";"529,02";"609,4";"BCDEEE+BookmanOldStyle";"12,0";"304,546";"304,7";"0,00025270758122743084";"0,400836888743026";"0,19782080735149327";"True";"BATANG TUBUH";"BAB I"
"4";"Pasal 1";"290,7";"333,14";"557,8199999999999";"569,8199999999999";"609,4";"BCDEEE+BookmanOldStyle";"12,0";"311,91999999999996";"304,7";"0,011847719067935627";"0,47702658352477845";"0,0696422710863144";"False";"BATANG TUBUH";"PASAL 1"
"4";"Dalam Peraturan Bupati ini yang dimaksud dengan:";"177,25";"485,1019999999999";"598,6299999999999";"610,6299999999999";"609,4";"BCDEEE+BookmanOldStyle";"12,0";"331,17599999999993";"304,7";"0,04344601247128314";"0,29085986215950116";"0,505172300623564";"False";"BATANG TUBUH";"PASAL 1"
"4";"1. Daerah adalah Kabupaten Malang.";"176,65";"403,856";"619,22";"631,22";"609,4";"BCDEEE+BookmanOldStyle";"12,0";"290,253";"304,7";"0,023706924844108964";"0,28987528716770594";"0,3728355759763702";"False";"BATANG TUBUH";"PASAL 1"
"4";"2. Pemerintah Daerah adalah Pemerintah Kabupaten Malang.";"176,65";"537,192";"639,65";"651,65";"609,4";"BCDEEE+BookmanOldStyle";"12,0";"356,921";"304,7";"0,08569248441089597";"0,28987528716770594";"0,5916343944863801";"False";"BATANG TUBUH";"PASAL 1"
"4";"3. Bupati adalah Bupati Malang.";"176,65";"375,90000000000003";"660,05";"672,05";"609,4";"BCDEEE+BookmanOldStyle";"12,0";"276,27500000000003";"304,7";"0,04664424023629792";"0,28987528716770594";"0,3269609451919922";"False";"BATANG TUBUH";"PASAL 1"
"4";"4. Perangkat Daerah adalah unsur pembantu Bupati";"176,65";"538,08";"680,4499999999999";"692,4499999999999";"609,4";"BCDEEE+BookmanOldStyle";"12,0";"357,365";"304,7";"0,08642106990482445";"0,28987528716770594";"0,593091565474237";"False";"BATANG TUBUH";"PASAL 1"
"4";"dan Dewan Perwakilan Rakyat Daerah dalam";"198,48";"538,346";"699,8499999999999";"711,8499999999999";"609,4";"BCDEEE+BookmanOldStyle";"12,0";"368,413";"304,7";"0,10455037742041356";"0,32569740728585495";"0,5577059402691171";"False";"BATANG TUBUH";"PASAL 1"
"4";"penyelenggaraan urusan pemerintahan yang menjadi";"198,48";"538,176";"719,25";"731,25";"609,4";"BCDEEE+BookmanOldStyle";"12,0";"368,32800000000003";"304,7";"0,10441089596324261";"0,32569740728585495";"0,5574269773547752";"False";"BATANG TUBUH";"PASAL 1"
"4";"kewenangan Daerah.";"198,48";"322,73999999999995";"738,65";"750,65";"609,4";"BCDEEE+BookmanOldStyle";"12,0";"260,60999999999996";"304,7";"0,07234985231375128";"0,32569740728585495";"0,2039054808007876";"False";"BATANG TUBUH";"PASAL 1"
"4";"5. Pejabat Pembina Kepegawaian yang selanjutnya";"176,65";"538,416";"759,27";"771,27";"609,4";"BCDEEE+BookmanOldStyle";"12,0";"357,533";"304,7";"0,08669675090252713";"0,28987528716770594";"0,5936429274696424";"False";"BATANG TUBUH";"PASAL 1"
"4";"disingkat PPK adalah pejabat yang mempunyai";"198,48";"538,236";"778,68";"790,68";"609,4";"BCDEEE+BookmanOldStyle";"12,0";"368,358";"304,7";"0,10446012471283232";"0,32569740728585495";"0,5575254348539547";"False";"BATANG TUBUH";"PASAL 1"
"4";"kewenangan menetapkan pengangkatan, pemindahan";"198,48";"538,5319999999999";"798,0699999999999";"810,0699999999999";"609,4";"BCDEEE+BookmanOldStyle";"12,000000000000014";"368,506";"304,7";"0,10470298654414176";"0,32569740728585495";"0,5580111585165736";"False";"BATANG TUBUH";"PASAL 1"
"4";"dan pemberhentian Pegawai ASN dan pembinaan";"198,48";"538,65";"817,48";"829,48";"609,4";"BCDEEE+BookmanOldStyle";"12,0";"368,565";"304,7";"0,10479980308500166";"0,32569740728585495";"0,5582047915982934";"False";"BATANG TUBUH";"PASAL 1"
"4";"Manajemen ASN di intansi pemerintah sesuai dengan";"198,48";"538,1279999999999";"836,875";"848,875";"609,4";"BCDEEE+BookmanOldStyle";"12,0";"368,304";"304,7";"0,10437151296357071";"0,32569740728585495";"0,5573482113554314";"False";"BATANG TUBUH";"PASAL 1"
"4";"ketentuan peraturan perundang-undangan.";"198,48";"457,39";"856,275";"868,275";"609,4";"BCDEEE+BookmanOldStyle";"12,0";"327,935";"304,7";"0,03812766655726947";"0,32569740728585495";"0,42486051854282897";"False";"BATANG TUBUH";"PASAL 1"
"5";"5";"300,9";"308,34";"38,700000000000045";"50,700000000000045";"609,4";"BCDEEE+BookmanOldStyle";"12,0";"304,62";"304,7";"0,00013127666557266834";"0,493764358385297";"0,01220872989826058";"False";"BATANG TUBUH";"PASAL 1"
"5";"6. Pejabat yang Berwenang yang selanjutnya disingkat";"176,65";"538,5159999999998";"81,51999999999998";"93,51999999999998";"609,4";"BCDEEE+BookmanOldStyle";"12,0";"357,5829999999999";"304,7";"0,08677879881850989";"0,28987528716770594";"0,593807023301608";"False";"BATANG TUBUH";"PASAL 1"
"5";"PyB adalah pejabat yang mempunyai kewenangan";"198,48";"538,188";"100,72000000000003";"112,72000000000003";"609,4";"BCDEEE+BookmanOldStyle";"12,0";"368,334";"304,7";"0,10442074171316051";"0,32569740728585495";"0,557446668854611";"False";"BATANG TUBUH";"PASAL 1"
"5";"melaksanakan proses pengangkatan, pemindahan dan";"198,48";"538,708";"119,72000000000003";"131,72000000000003";"609,4";"BCDEEE+BookmanOldStyle";"12,0";"368,594";"304,7";"0,10484739087627176";"0,32569740728585495";"0,5582999671808335";"False";"BATANG TUBUH";"PASAL 1"
"5";"pemberhentian Pegawai ASN sesuai dengan ketentuan";"198,48";"538,4599999999999";"138,92000000000007";"150,92000000000007";"609,4";"BCDEEE+BookmanOldStyle";"12,0";"368,46999999999997";"304,7";"0,10464391204463404";"0,32569740728585495";"0,5578930095175582";"False";"BATANG TUBUH";"PASAL 1"
"5";"peraturan perundang-undangan.";"198,48";"393,56";"158,12";"170,12";"609,4";"BCDEEE+BookmanOldStyle";"12,0";"296,02";"304,7";"0,01424351821463736";"0,32569740728585495";"0,3201181489990155";"False";"BATANG TUBUH";"PASAL 1"
"5";"7. Aparatur Sipil Negara yang selanjutnya disingkat ASN";"176,65";"538,416";"178,14999999999998";"190,14999999999998";"609,4";"BCDEEE+BookmanOldStyle";"12,0";"357,533";"304,7";"0,08669675090252713";"0,28987528716770594";"0,5936429274696424";"False";"BATANG TUBUH";"PASAL 1"
"5";"adalah profesi bagi pegawai negeri sipil dan pegawai";"198,48";"538,288";"197,35000000000002";"209,35000000000002";"609,4";"BCDEEE+BookmanOldStyle";"12,0";"368,384";"304,7";"0,10450278962914347";"0,32569740728585495";"0,557610764686577";"False";"BATANG TUBUH";"PASAL 1"
"5";"pemerintah dengan perjanjian kerja yang bekerja";"198,48";"538,5020000000001";"216,55000000000007";"228,55000000000007";"609,4";"BCDEEE+BookmanOldStyle";"12,0";"368,49100000000004";"304,7";"0,10467837216934699";"0,32569740728585495";"0,557961929766984";"False";"BATANG TUBUH";"PASAL 1"
"5";"pada instansi pemerintah.";"198,48";"353,21999999999997";"235,55000000000007";"247,55000000000007";"609,4";"BCDEEE+BookmanOldStyle";"12,0";"275,84999999999997";"304,7";"0,047341647522152974";"0,32569740728585495";"0,2539218903839842";"False";"BATANG TUBUH";"PASAL 1"
"5";"8. Pegawai Aparatur Sipil Negara yang selanjutnya";"176,65";"538,3240000000001";"255,75";"267,75";"609,4";"BCDEEE+BookmanOldStyle";"12,0";"357,487";"304,7";"0,08662126681982284";"0,28987528716770594";"0,5934919593042338";"False";"BATANG TUBUH";"PASAL 1"
"5";"disebut Pegawai ASN adalah Pegawai Negeri Sipil dan";"198,48";"538,278";"274,95000000000005";"286,95000000000005";"609,4";"BCDEEE+BookmanOldStyle";"12,0";"368,379";"304,7";"0,10449458483754517";"0,32569740728585495";"0,5575943551033804";"False";"BATANG TUBUH";"PASAL 1"
"5";"Pegawai Pemerintah Dengan Perjanjian Kerja yang";"198,48";"538,432";"293,97";"305,97";"609,4";"BCDEEE+BookmanOldStyle";"12,0";"368,456";"304,7";"0,1046209386281589";"0,32569740728585495";"0,5578470626846078";"False";"BATANG TUBUH";"PASAL 1"
"5";"diangkat oleh Pejabat Pembina Kepegawaian dan diserahi";"198,48";"538,698";"313,1700000000001";"325,1700000000001";"609,4";"BCDEEE+BookmanOldStyle";"12,0";"368,589";"304,7";"0,10483918608467346";"0,32569740728585495";"0,5582835575976369";"False";"BATANG TUBUH";"PASAL 1"
"5";"tugas dalam suatu jabatan pemerintahan atau diserahi";"198,48";"538,056";"332,38";"344,38";"609,4";"BCDEEE+BookmanOldStyle";"12,0";"368,26800000000003";"304,7";"0,10431243846406309";"0,32569740728585495";"0,5572300623564163";"False";"BATANG TUBUH";"PASAL 1"
"5";"tugas negara lainnya dan diberikan penghasilan";"198,48";"538,3759999999999";"351,38";"363,38";"609,4";"BCDEEE+BookmanOldStyle";"12,0";"368,42799999999994";"304,7";"0,10457499179520832";"0,32569740728585495";"0,5577551690187067";"False";"BATANG TUBUH";"PASAL 1"
"5";"berdasarkan peraturan perundang-undangan.";"198,48";"471,488";"370,57000000000005";"382,57000000000005";"609,4";"BCDEEE+BookmanOldStyle";"12,0";"334,984";"304,7";"0,04969478175254347";"0,32569740728585495";"0,44799474893337715";"False";"BATANG TUBUH";"PASAL 1"
"5";"9. Pegawai Negeri Sipil yang selanjutnya disingkat PNS";"176,65";"538,4639999999999";"390,77";"402,77";"609,4";"BCDEEE+BookmanOldStyle";"12,0";"357,55699999999996";"304,7";"0,08673613390219884";"0,28987528716770594";"0,5937216934689858";"False";"BATANG TUBUH";"PASAL 1"
"5";"adalah warga negara Indonesia yang memenuhi syarat";"198,48";"538,0799999999999";"409,80000000000007";"421,80000000000007";"609,4";"BCDEEE+BookmanOldStyle";"12,0";"368,28";"304,7";"0,1043321299638989";"0,32569740728585495";"0,5572694453560878";"False";"BATANG TUBUH";"PASAL 1"
"5";"tertentu, diangkat sebagai Pegawai ASN secara tetap";"198,48";"538,3679999999999";"428,99999999999994";"440,99999999999994";"609,4";"BCDEEE+BookmanOldStyle";"12,0";"368,424";"304,7";"0,10456842796192975";"0,32569740728585495";"0,5577420413521496";"False";"BATANG TUBUH";"PASAL 1"
"5";"oleh Pejabat Pembina Kepegawaian untuk menduduki";"198,48";"538,662";"448,2";"460,2";"609,4";"BCDEEE+BookmanOldStyle";"12,0";"368,571";"304,7";"0,10480964883491965";"0,32569740728585495";"0,5582244830981293";"False";"BATANG TUBUH";"PASAL 1"
"5";"jabatan pemerintahan.";"198,48";"332,98799999999994";"467,2";"479,2";"609,4";"BCDEEE+BookmanOldStyle";"12,0";"265,734";"304,7";"0,06394158188382017";"0,32569740728585495";"0,22072202166064975";"False";"BATANG TUBUH";"PASAL 1"
"5";"10. Pegawai Pemerintah dengan Perjanjian Kerja yang";"176,65";"538,382";"487,4";"499,4";"609,4";"BCDEEE+BookmanOldStyle";"12,0";"357,51599999999996";"304,7";"0,08666885461109283";"0,28987528716770594";"0,5935871348867738";"False";"BATANG TUBUH";"PASAL 1"
"5";"selanjutnya disingkat PPPK adalah warga negara";"198,48";"537,9119999999999";"506,59999999999997";"518,5999999999999";"609,4";"BCDEEE+BookmanOldStyle";"12,0";"368,19599999999997";"304,7";"0,10419428946504757";"0,32569740728585495";"0,5569937643583852";"False";"BATANG TUBUH";"PASAL 1"
"5";"Indonesia yang memenuhi syarat tertentu, yang";"198,48";"538,4399999999999";"525,6199999999999";"537,6199999999999";"609,4";"BCDEEE+BookmanOldStyle";"12,0";"368,46";"304,7";"0,10462750246143747";"0,32569740728585495";"0,557860190351165";"False";"BATANG TUBUH";"PASAL 1"
"5";"diangkat berdasarkan perjanjian kerja untuk jangka";"198,48";"538,152";"544,8199999999999";"556,8199999999999";"609,4";"BCDEEE+BookmanOldStyle";"12,0";"368,31600000000003";"304,7";"0,1043912044634067";"0,32569740728585495";"0,5573875943551034";"False";"BATANG TUBUH";"PASAL 1"
"5";"waktu tertentu dalam rangka melaksanakan tugas";"198,48";"538,184";"564,02";"576,02";"609,4";"BCDEEE+BookmanOldStyle";"12,0";"368,332";"304,7";"0,10441745979652119";"0,32569740728585495";"0,5574401050213323";"False";"BATANG TUBUH";"PASAL 1"
"5";"pemerintahan.";"198,48";"284,73999999999995";"583,02";"595,02";"609,4";"BCDEEE+BookmanOldStyle";"12,0";"241,60999999999996";"304,7";"0,10352806038726622";"0,32569740728585495";"0,14154906465375774";"False";"BATANG TUBUH";"PASAL 1"
"5";"11. Nilai Dasar adalah nilai-nilai dasar yang menjadi titik";"176,65";"538,3800000000001";"603,22";"615,22";"609,4";"BCDEEE+BookmanOldStyle";"12,0";"357,51500000000004";"304,7";"0,08666721365277331";"0,28987528716770594";"0,5935838529701348";"False";"BATANG TUBUH";"PASAL 1"
"5";"tonggak penguatan budaya kerja Pegawai ASN dan";"198,48";"538,2359999999999";"622,42";"634,42";"609,4";"BCDEEE+BookmanOldStyle";"12,0";"368,35799999999995";"304,7";"0,10446012471283223";"0,32569740728585495";"0,5575254348539544";"False";"BATANG TUBUH";"PASAL 1"
"5";"merupakan akronim dari Berorientasi Pelayanan,";"198,48";"538,416";"641,45";"653,45";"609,4";"BCDEEE+BookmanOldStyle";"12,0";"368,44800000000004";"304,7";"0,10460781096160165";"0,32569740728585495";"0,5578208073514933";"False";"BATANG TUBUH";"PASAL 1"
"5";"Akuntabel, Kompeten, Harmonis, Loyal, Adaptif dan";"198,48";"538,3";"660,65";"672,65";"609,4";"BCDEEE+BookmanOldStyle";"12,0";"368,39";"304,7";"0,10451263537906137";"0,32569740728585495";"0,5576304561864128";"False";"BATANG TUBUH";"PASAL 1"
"5";"Kolaboratif.";"198,48";"266,664";"679,8499999999999";"691,8499999999999";"609,4";"BCDEEE+BookmanOldStyle";"12,0";"232,572";"304,7";"0,1183590416803413";"0,32569740728585495";"0,11188710206760748";"False";"BATANG TUBUH";"PASAL 1"
"5";"12. Kode Etik adalah ketentuan mengenai sikap, tingkah";"176,45";"538,6179999999999";"699,8499999999999";"711,8499999999999";"609,4";"BCDEEE+BookmanOldStyle";"12,0";"357,534";"304,7";"0,08669839186084674";"0,2895470955037742";"0,594302592714145";"False";"BATANG TUBUH";"PASAL 1"
"5";"laku, perbuatan, tulisan dan ucapan ASN dalam";"198,27";"538,566";"719,05";"731,05";"609,4";"BCDEEE+BookmanOldStyle";"12,0";"368,418";"304,7";"0,10455858221201185";"0,3253528060387266";"0,5584115523465705";"False";"BATANG TUBUH";"PASAL 1"
"5";"melaksanakan tugasnya dan pergaulan hidup sehari-hari.";"198,27";"536,6080000000001";"738,25";"750,25";"609,4";"BCDEEE+BookmanOldStyle";"12,0";"367,439";"304,7";"0,10295208401706603";"0,3253528060387266";"0,5551985559566789";"False";"BATANG TUBUH";"PASAL 1"
"5";"13. Kode Perilaku adalah peraturan mengenai perbuatan";"176,65";"538,414";"758,27";"770,27";"609,4";"BCDEEE+BookmanOldStyle";"12,0";"357,532";"304,7";"0,08669510994420741";"0,28987528716770594";"0,593639645553003";"False";"BATANG TUBUH";"PASAL 1"
"5";"tertentu yang wajib dipatuhi dan dilaksanakan serta";"198,48";"538,63";"777,47";"789,47";"609,4";"BCDEEE+BookmanOldStyle";"12,0";"368,555";"304,7";"0,10478339350180509";"0,32569740728585495";"0,5581719724319002";"False";"BATANG TUBUH";"PASAL 1"
"5";"dihindari oleh Pegawai ASN dalam menlaksanakan";"198,48";"538,6099999999999";"796,68";"808,68";"609,4";"BCDEEE+BookmanOldStyle";"12,000000000000014";"368,54499999999996";"304,7";"0,10476698391860842";"0,32569740728585495";"0,5581391532655069";"False";"BATANG TUBUH";"PASAL 1"
"5";"tugas-tugas organisasi maupun menjalani kehidupan";"198,48";"538,646";"815,67";"827,67";"609,4";"BCDEEE+BookmanOldStyle";"12,0";"368,563";"304,7";"0,10479652116836233";"0,32569740728585495";"0,5581982277650147";"False";"BATANG TUBUH";"PASAL 1"
"5";"pribadi serta sanksi yang dapat dikenakan apabila";"198,48";"538,546";"834,875";"846,875";"609,4";"BCDEEE+BookmanOldStyle";"12,0";"368,51300000000003";"304,7";"0,10471447325237947";"0,32569740728585495";"0,558034131933049";"False";"BATANG TUBUH";"PASAL 1"
"5";"melakukan pelanggaran terhadap pengaturan tersebut.";"198,48";"525,4200000000001";"854,0749999999999";"866,0749999999999";"609,4";"BCDEEE+BookmanOldStyle";"12,0";"361,95000000000005";"304,7";"0,09394486380045956";"0,32569740728585495";"0,5364949130292092";"False";"BATANG TUBUH";"PASAL 1"
"6";"6";"300,9";"308,34";"38,700000000000045";"50,700000000000045";"609,4";"BCDEEE+BookmanOldStyle";"12,0";"304,62";"304,7";"0,00013127666557266834";"0,493764358385297";"0,01220872989826058";"False";"BATANG TUBUH";"PASAL 1"
"6";"14. Pelanggaran adalah segala bentuk ucapan, tulisan,";"176,65";"538,784";"81,51999999999998";"93,51999999999998";"609,4";"BCDEEE+BookmanOldStyle";"12,0";"357,717";"304,7";"0,08699868723334427";"0,28987528716770594";"0,5942468001312767";"False";"BATANG TUBUH";"PASAL 1"
"6";"gambar, dan/atau perbuatan ASN yang bertentangan";"198,48";"538,1999999999999";"101,92000000000007";"113,92000000000007";"609,4";"BCDEEE+BookmanOldStyle";"12,0";"368,34";"304,7";"0,10443058746307841";"0,32569740728585495";"0,5574663603544469";"False";"BATANG TUBUH";"PASAL 1"
"6";"dengan Nilai Dasar, Kode Etik, dan Kode Perilaku di";"198,48";"538,384";"122,12";"134,12";"609,4";"BCDEEE+BookmanOldStyle";"12,0";"368,432";"304,7";"0,10458155562848709";"0,32569740728585495";"0,5577682966852642";"False";"BATANG TUBUH";"PASAL 1"
"6";"dalam dan di luar jam kerja.";"198,48";"366,35999999999996";"142,51999999999998";"154,51999999999998";"609,4";"BCDEEE+BookmanOldStyle";"12,0";"282,41999999999996";"304,7";"0,03656055136199546";"0,32569740728585495";"0,27548408270429925";"False";"BATANG TUBUH";"PASAL 1"
"6";"15. Terlapor adalah Pegawai ASN yang diduga melakukan";"176,65";"538,43";"163,75";"175,75";"609,4";"BCDEEE+BookmanOldStyle";"12,0";"357,53999999999996";"304,7";"0,08670823761076465";"0,28987528716770594";"0,5936659008861175";"False";"BATANG TUBUH";"PASAL 1"
"6";"pelangaran Kode Etik dan Kode Perilaku.";"198,48";"440,412";"184,14999999999998";"196,14999999999998";"609,4";"BCDEEE+BookmanOldStyle";"12,0";"319,44599999999997";"304,7";"0,024197571381686874";"0,32569740728585495";"0,3970003281916639";"False";"BATANG TUBUH";"PASAL 1"
"6";"16. Sanksi adalah hukuman yang dijatuhkan oleh Pejabat";"176,65";"538,548";"205,35000000000002";"217,35000000000002";"609,4";"BCDEEE+BookmanOldStyle";"12,0";"357,599";"304,7";"0,08680505415162455";"0,28987528716770594";"0,5938595339678373";"False";"BATANG TUBUH";"PASAL 1"
"6";"yang Berwenang menghukum kepada Pegawai ASN";"198,48";"538,236";"225,75";"237,75";"609,4";"BCDEEE+BookmanOldStyle";"12,0";"368,358";"304,7";"0,10446012471283232";"0,32569740728585495";"0,5575254348539547";"False";"BATANG TUBUH";"PASAL 1"
"6";"karena melakukan pelanggaran.";"198,48";"388,7759999999999";"245,95000000000005";"257,95000000000005";"609,4";"BCDEEE+BookmanOldStyle";"12,0";"293,62799999999993";"304,7";"0,018168690515261012";"0,32569740728585495";"0,31226780439776813";"False";"BATANG TUBUH";"PASAL 1"
"6";"17. Majelis Kode Etik dan Kode Perilaku adalah tim";"176,65";"538,3439999999999";"267,35";"279,35";"609,4";"BCDEEE+BookmanOldStyle";"12,0";"357,49699999999996";"304,7";"0,08663767640301931";"0,28987528716770594";"0,5935247784706268";"False";"BATANG TUBUH";"PASAL 1"
"6";"yang bersifat Ad Hoc/non struktural yang ditetapkan";"198,48";"538,4499999999999";"287,57000000000005";"299,57000000000005";"609,4";"BCDEEE+BookmanOldStyle";"12,0";"368,465";"304,7";"0,10463570725303575";"0,32569740728585495";"0,5578765999343616";"False";"BATANG TUBUH";"PASAL 1"
"6";"oleh Pejabat Pembina Kepegawaian untuk melakukan";"198,48";"538,262";"307,97";"319,97";"609,4";"BCDEEE+BookmanOldStyle";"12,0";"368,371";"304,7";"0,10448145717098785";"0,32569740728585495";"0,5575680997702658";"False";"BATANG TUBUH";"PASAL 1"
"6";"penegakan pelaksanaan serta menyelesaikan";"198,48";"538,2040000000001";"328,1700000000001";"340,1700000000001";"609,4";"BCDEEE+BookmanOldStyle";"12,0";"368,34200000000004";"304,7";"0,10443386937971784";"0,32569740728585495";"0,5574729241877258";"False";"BATANG TUBUH";"PASAL 1"
"6";"pelanggaran Kode Etik dan Kode Perilaku yang";"198,48";"538,622";"348,57000000000005";"360,57000000000005";"609,4";"BCDEEE+BookmanOldStyle";"12,0";"368,551";"304,7";"0,10477682966852642";"0,32569740728585495";"0,5581588447653428";"False";"BATANG TUBUH";"PASAL 1"
"6";"dilakukan oleh ASN.";"198,48";"319,0439999999999";"368,77";"380,77";"609,4";"BCDEEE+BookmanOldStyle";"12,0";"258,76199999999994";"304,7";"0,07538234328848055";"0,32569740728585495";"0,19784049885132907";"False";"BATANG TUBUH";"PASAL 1"
"6";"18. Sekretariat Majelis Kode Etik dan Kode Perilaku adalah";"176,65";"538,3319999999999";"390,1700000000001";"402,1700000000001";"609,4";"BCDEEE+BookmanOldStyle";"12,0";"357,49099999999993";"304,7";"0,08662783065310131";"0,28987528716770594";"0,5935050869707909";"False";"BATANG TUBUH";"PASAL 1"
"6";"unit kerja yang melaksanakan tugas dan fungsi";"198,48";"538,344";"410,6";"422,6";"609,4";"BCDEEE+BookmanOldStyle";"12,0";"368,41200000000003";"304,7";"0,10454873646209394";"0,32569740728585495";"0,5577026583524779";"False";"BATANG TUBUH";"PASAL 1"
"6";"administratif untuk mendukung pelaksanaan tugas";"198,48";"538,1759999999999";"430,79999999999995";"442,79999999999995";"609,4";"BCDEEE+BookmanOldStyle";"12,0";"368,328";"304,7";"0,10441089596324252";"0,32569740728585495";"0,5574269773547751";"False";"BATANG TUBUH";"PASAL 1"
"6";"Majelis Kode Etik dan Kode Perilaku.";"198,48";"416,1119999999999";"451,2";"463,2";"609,4";"BCDEEE+BookmanOldStyle";"12,0";"307,29599999999994";"304,7";"0,004259927797833848";"0,32569740728585495";"0,35712504102395787";"False";"BATANG TUBUH";"PASAL 1"
"6";"19. Atasan Langsung adalah pejabat Pegawai ASN yang";"176,65";"538,3";"472,4";"484,4";"609,4";"BCDEEE+BookmanOldStyle";"12,0";"357,47499999999997";"304,7";"0,08660157531998684";"0,28987528716770594";"0,5934525763045618";"False";"BATANG TUBUH";"PASAL 1"
"6";"diperiksa sesuai struktur hierarki unit kerja.";"198,48";"462,98999999999995";"492,79999999999995";"504,79999999999995";"609,4";"BCDEEE+BookmanOldStyle";"12,0";"330,73499999999996";"304,7";"0,0427223498523137";"0,32569740728585495";"0,43404988513291765";"False";"BATANG TUBUH";"PASAL 1"
"6";"20. Surat Keputusan PyB adalah keputusan pemberian";"176,65";"538,0799999999998";"514,0";"526,0";"609,4";"BCDEEE+BookmanOldStyle";"12,0";"357,3649999999999";"304,7";"0,08642106990482427";"0,28987528716770594";"0,5930915654742367";"False";"BATANG TUBUH";"PASAL 1"
"6";"penjatuhan sanksi yang ditanda tangani oleh Sekretaris";"198,48";"538,554";"534,42";"546,42";"609,4";"BCDEEE+BookmanOldStyle";"12,0";"368,517";"304,7";"0,10472103708565804";"0,32569740728585495";"0,5580472595996061";"False";"BATANG TUBUH";"PASAL 1"
"6";"Daerah atau pejabat lain yang direkomendasikan oleh";"198,48";"538,3879999999999";"554,6199999999999";"566,6199999999999";"609,4";"BCDEEE+BookmanOldStyle";"12,0";"368,43399999999997";"304,7";"0,10458483754512632";"0,32569740728585495";"0,5577748605185426";"False";"BATANG TUBUH";"PASAL 1"
"6";"Majelis Kode Etik dan Kode Perilaku dan telah";"198,48";"538,428";"575,02";"587,02";"609,4";"BCDEEE+BookmanOldStyle";"12,0";"368,454";"304,7";"0,10461765671151957";"0,32569740728585495";"0,5578404988513291";"False";"BATANG TUBUH";"PASAL 1"
"6";"mendapatkan persetujuan Bupati.";"198,48";"401,3519999999999";"595,22";"607,22";"609,4";"BCDEEE+BookmanOldStyle";"12,0";"299,91599999999994";"304,7";"0,007850344601247209";"0,32569740728585495";"0,33290449622579577";"False";"BATANG TUBUH";"PASAL 1"
"6";"BAB II";"290,7";"328,54799999999994";"637,8499999999999";"649,8499999999999";"609,4";"BCDEEE+BookmanOldStyle";"12,0";"309,62399999999997";"304,7";"0,008080078765999308";"0,47702658352477845";"0,06210699048244168";"True";"BATANG TUBUH";"BAB II"
"6";"MAKSUD DAN TUJUAN";"241,08";"380,26800000000003";"659,25";"671,25";"609,4";"BCDEEE+BookmanOldStyle";"12,0";"310,67400000000004";"304,7";"0,009803085001641034";"0,39560223170331477";"0,2284017065966525";"True";"BATANG TUBUH";"BAB II"
"6";"Pasal 2";"290,7";"333,14";"701,8499999999999";"713,8499999999999";"609,4";"BCDEEE+BookmanOldStyle";"12,0";"311,91999999999996";"304,7";"0,011847719067935627";"0,47702658352477845";"0,0696422710863144";"False";"BATANG TUBUH";"PASAL 2"
"6";"Peraturan Bupati ini dimaksudkan untuk meningkatkan";"177,25";"538,4719999999999";"744,4499999999999";"756,4499999999999";"609,4";"BCDEEE+BookmanOldStyle";"12,0";"357,86099999999993";"304,7";"0,08723498523137503";"0,29085986215950116";"0,5927502461437477";"False";"BATANG TUBUH";"PASAL 2"
"6";"kepatuhan, semangat pengabdian, integritas, profesionalisme";"177,25";"538,41";"764,88";"776,88";"609,4";"BCDEEE+BookmanOldStyle";"12,0";"357,83";"304,7";"0,0871841155234657";"0,29085986215950116";"0,5926485067279291";"False";"BATANG TUBUH";"PASAL 2"
"6";"dan kesetiaan serta ketaatan Pegawai ASN kepada Negara";"177,25";"538,054";"785,0699999999999";"797,0699999999999";"609,4";"BCDEEE+BookmanOldStyle";"12,0";"357,652";"304,7";"0,08689202494256645";"0,29085986215950116";"0,5920643255661306";"False";"BATANG TUBUH";"PASAL 2"
"6";"Kesatuan Republik Indonesia berdasarkan Pancasila";"177,25";"538,426";"805,48";"817,48";"609,4";"BCDEEE+BookmanOldStyle";"12,000000000000014";"357,838";"304,7";"0,08719724319002303";"0,29085986215950116";"0,5926747620610437";"False";"BATANG TUBUH";"PASAL 2"
"6";"dan Undang-Undang Dasar Negara Republik Indonesia";"177,25";"538,408";"825,68";"837,68";"609,4";"BCDEEE+BookmanOldStyle";"12,0";"357,829";"304,7";"0,08718247456514608";"0,29085986215950116";"0,5926452248112899";"False";"BATANG TUBUH";"PASAL 2"
"6";"Tahun 1945.";"177,25";"252,92000000000002";"846,0749999999999";"858,0749999999999";"609,4";"BCDEEE+BookmanOldStyle";"12,0";"215,085";"304,7";"0,14705447981621264";"0,29085986215950116";"0,1241713160485724";"False";"BATANG TUBUH";"PASAL 2"
"7";"7";"300,9";"308,34";"38,700000000000045";"50,700000000000045";"609,4";"BCDEEE+BookmanOldStyle";"12,0";"304,62";"304,7";"0,00013127666557266834";"0,493764358385297";"0,01220872989826058";"False";"BATANG TUBUH";"PASAL 2"
"7";"Pasal 3";"290,7";"333,14";"81,51999999999998";"93,51999999999998";"609,4";"BCDEEE+BookmanOldStyle";"12,0";"311,91999999999996";"304,7";"0,011847719067935627";"0,47702658352477845";"0,0696422710863144";"False";"BATANG TUBUH";"PASAL 3"
"7";"Peraturan Bupati ini bertujuan untuk:";"176,45";"403,76";"122,12";"134,12";"609,4";"BCDEEE+BookmanOldStyle";"12,0";"290,105";"304,7";"0,023949786675418396";"0,2895470955037742";"0,3730062356416147";"False";"BATANG TUBUH";"PASAL 3"
"7";"a. mengawasi karakter atau watak, memelihara rasa";"178,05";"538,3140000000001";"142,51999999999998";"154,51999999999998";"609,4";"BCDEEE+BookmanOldStyle";"12,0";"358,182";"304,7";"0,0877617328519856";"0,2921726288152281";"0,5911782080735151";"False";"BATANG TUBUH";"PASAL 3"
"7";"persatuan dan kesatuan secara kekeluargaan guna";"198,48";"538,712";"161,72000000000003";"173,72000000000003";"609,4";"BCDEEE+BookmanOldStyle";"12,0";"368,596";"304,7";"0,10485067279291109";"0,32569740728585495";"0,5583065310141122";"False";"BATANG TUBUH";"PASAL 3"
"7";"mewujudkan kerja sama dan semangat pengabdian";"198,48";"538,6419999999999";"181,14999999999998";"193,14999999999998";"609,4";"BCDEEE+BookmanOldStyle";"12,0";"368,561";"304,7";"0,104793239251723";"0,32569740728585495";"0,558191663931736";"False";"BATANG TUBUH";"PASAL 3"
"7";"kepada masyarakat serta meningkatkan kemampuan";"198,48";"538,4259999999999";"200,35000000000002";"212,35000000000002";"609,4";"BCDEEE+BookmanOldStyle";"12,0";"368,453";"304,7";"0,10461601575319986";"0,32569740728585495";"0,5578372169346897";"False";"BATANG TUBUH";"PASAL 3"
"7";"dan keteladanan Pegawai ASN;";"198,48";"382,36999999999995";"219,75";"231,75";"609,4";"BCDEEE+BookmanOldStyle";"12,0";"290,42499999999995";"304,7";"0,023424680013127724";"0,32569740728585495";"0,3017558254020347";"False";"BATANG TUBUH";"PASAL 3"
"7";"b. menumbuhkan dan meningkatkan semangat, kesadaran";"178,05";"538,414";"239,95000000000005";"251,95000000000005";"609,4";"BCDEEE+BookmanOldStyle";"12,0";"358,23199999999997";"304,7";"0,08784378076796846";"0,2921726288152281";"0,5913423039054808";"False";"BATANG TUBUH";"PASAL 3"
"7";"dan wawasan kebangsaan bagi Pegawai ASN sehingga";"198,48";"538,474";"259,35";"271,35";"609,4";"BCDEEE+BookmanOldStyle";"12,0";"368,47700000000003";"304,7";"0,10465539875287175";"0,32569740728585495";"0,5579159829340335";"False";"BATANG TUBUH";"PASAL 3"
"7";"dapat menjaga persatuan dan kesatuan bangsa";"198,48";"538,51";"278,55000000000007";"290,55000000000007";"609,4";"BCDEEE+BookmanOldStyle";"12,0";"368,495";"304,7";"0,10468493600262556";"0,32569740728585495";"0,5579750574335411";"False";"BATANG TUBUH";"PASAL 3"
"7";"di wilayah Negara Kesatuan Republik Indonesia;";"198,48";"483,98999999999995";"297,97";"309,97";"609,4";"BCDEEE+BookmanOldStyle";"12,0";"341,23499999999996";"304,7";"0,05995241220872985";"0,32569740728585495";"0,4685100098457499";"False";"BATANG TUBUH";"PASAL 3"
"7";"c. menjaga martabat, kehormatan, citra reputasi dan";"178,05";"538,044";"318,37";"330,37";"609,4";"BCDEEE+BookmanOldStyle";"12,0";"358,047";"304,7";"0,08754020347883171";"0,2921726288152281";"0,590735149327207";"False";"BATANG TUBUH";"PASAL 3"
"7";"kredibilitas instansi serta menciptakan keharmonisan";"198,48";"538,38";"337,57000000000005";"349,57000000000005";"609,4";"BCDEEE+BookmanOldStyle";"12,0";"368,43";"304,7";"0,10457827371184775";"0,32569740728585495";"0,5577617328519855";"False";"BATANG TUBUH";"PASAL 3"
"7";"sesama Pegawai ASN dalam rangka mencapai dan";"198,48";"538,688";"356,97";"368,97";"609,4";"BCDEEE+BookmanOldStyle";"12,0";"368,584";"304,7";"0,10483098129307518";"0,32569740728585495";"0,5582671480144404";"False";"BATANG TUBUH";"PASAL 3"
"7";"mewujudkan budaya kerja yang sesuai dengan";"198,48";"538,414";"376,1700000000001";"388,1700000000001";"609,4";"BCDEEE+BookmanOldStyle";"12,0";"368,447";"304,7";"0,10460617000328194";"0,32569740728585495";"0,557817525434854";"False";"BATANG TUBUH";"PASAL 3"
"7";"nilai-nilai dasar Pegawai ASN;";"198,48";"379,96999999999997";"395,57000000000005";"407,57000000000005";"609,4";"BCDEEE+BookmanOldStyle";"12,0";"289,22499999999997";"304,7";"0,02539382999671812";"0,32569740728585495";"0,29781752543485396";"False";"BATANG TUBUH";"PASAL 3"
"7";"d. mencegah terjadinya pelanggaran-pelanggaran tata nilai";"178,05";"538,342";"415,79999999999995";"427,79999999999995";"609,4";"BCDEEE+BookmanOldStyle";"12,0";"358,196";"304,7";"0,08778470626846084";"0,2921726288152281";"0,5912241549064654";"False";"BATANG TUBUH";"PASAL 3"
"7";"etika dalam mewujudkan penyelenggaraan pemerintahan";"198,48";"538,308";"435,2";"447,2";"609,4";"BCDEEE+BookmanOldStyle";"12,0";"368,394";"304,7";"0,10451919921234004";"0,32569740728585495";"0,5576435838529701";"False";"BATANG TUBUH";"PASAL 3"
"7";"yang baik, kecurangan, penyalahgunaan wewenang dan";"198,48";"538,708";"454,4";"466,4";"609,4";"BCDEEE+BookmanOldStyle";"12,0";"368,594";"304,7";"0,10484739087627176";"0,32569740728585495";"0,5582999671808335";"False";"BATANG TUBUH";"PASAL 3"
"7";"adanya kepastian perilaku dalam situasi dilematis; dan";"198,48";"527,486";"473,79999999999995";"485,79999999999995";"609,4";"BCDEEE+BookmanOldStyle";"12,0";"362,983";"304,7";"0,09563997374466691";"0,32569740728585495";"0,5398851329176239";"False";"BATANG TUBUH";"PASAL 3"
"7";"e. memberikan acuan bagi para pejabat yang berwenang";"178,05";"538,464";"494,2";"506,2";"609,4";"BCDEEE+BookmanOldStyle";"12,0";"358,25700000000006";"304,7";"0,08788480472596008";"0,2921726288152281";"0,5914243518214638";"False";"BATANG TUBUH";"PASAL 3"
"7";"dalam pengambilan keputusan berupa pemberian";"198,48";"538,4419999999999";"513,4";"525,4";"609,4";"BCDEEE+BookmanOldStyle";"12,0";"368,46099999999996";"304,7";"0,10462914341975708";"0,32569740728585495";"0,5578634722678042";"False";"BATANG TUBUH";"PASAL 3"
"7";"sanksi apabila terjadi pelanggaran Kode Etik dan Kode";"198,48";"538,62";"532,8199999999999";"544,8199999999999";"609,4";"BCDEEE+BookmanOldStyle";"12,0";"368,55";"304,7";"0,1047751887102068";"0,32569740728585495";"0,5581555628487036";"False";"BATANG TUBUH";"PASAL 3"
"7";"Perilaku Pegawai ASN.";"198,48";"335,73999999999995";"552,02";"564,02";"609,4";"BCDEEE+BookmanOldStyle";"12,0";"267,10999999999996";"304,7";"0,06168362323596986";"0,32569740728585495";"0,22523793895635044";"False";"BATANG TUBUH";"PASAL 3"
"7";"BAB III";"290,7";"332,544";"592,6199999999999";"604,6199999999999";"609,4";"BCDEEE+BookmanOldStyle";"12,0";"311,62199999999996";"304,7";"0,011358713488677336";"0,47702658352477845";"0,06866425992779783";"True";"BATANG TUBUH";"BAB III"
"7";"RUANG LINGKUP";"257,68";"361,12800000000004";"613,02";"625,02";"609,4";"BCDEEE+BookmanOldStyle";"12,0";"309,404";"304,7";"0,007719067935674447";"0,42284213980964885";"0,16975385625205125";"True";"BATANG TUBUH";"BAB III"
"7";"Pasal 4";"290,7";"333,12";"653,65";"665,65";"609,4";"BCDEEE+BookmanOldStyle";"12,0";"311,90999999999997";"304,7";"0,011831309484739054";"0,47702658352477845";"0,06960945191992127";"False";"BATANG TUBUH";"PASAL 4"
"7";"Ruang lingkup Peraturan Bupati ini meliputi:";"177,25";"445,19";"694,25";"706,25";"609,4";"BCDEEE+BookmanOldStyle";"12,0";"311,22";"304,7";"0,010699048244174662";"0,29085986215950116";"0,4396783721693469";"False";"BATANG TUBUH";"PASAL 4"
"7";"a. Penetapan Nilai Dasar, Kode Etik dan Kode Perilaku";"177,25";"538,064";"714,65";"726,65";"609,4";"BCDEEE+BookmanOldStyle";"12,0";"357,657";"304,7";"0,08690022973416474";"0,29085986215950116";"0,5920807351493271";"False";"BATANG TUBUH";"PASAL 4"
"7";"Pegawai ASN;";"197,48";"277,05199999999996";"733,8499999999999";"745,8499999999999";"609,4";"BCDEEE+BookmanOldStyle";"12,0";"237,26599999999996";"304,7";"0,11065638332786353";"0,32405644896619623";"0,1305743354118805";"False";"BATANG TUBUH";"PASAL 4"
"7";"b. Penerapan Nilai Dasar, Kode Etik dan Kode Perilaku";"177,25";"538,016";"754,27";"766,27";"609,4";"BCDEEE+BookmanOldStyle";"12,0";"357,633";"304,7";"0,08686084673449293";"0,29085986215950116";"0,5920019691499836";"False";"BATANG TUBUH";"PASAL 4"
"7";"Pegawai ASN;";"197,48";"277,14";"773,47";"785,47";"609,4";"BCDEEE+BookmanOldStyle";"12,0";"237,31";"304,7";"0,11058418116179847";"0,32405644896619623";"0,1307187397440105";"False";"BATANG TUBUH";"PASAL 4"
"7";"c. Penegakan Nilai Dasar, Kode Etik dan Kode Perilaku";"177,25";"538,2439999999999";"793,88";"805,88";"609,4";"BCDEEE+BookmanOldStyle";"12,0";"357,74699999999996";"304,7";"0,08704791598293399";"0,29085986215950116";"0,5923761076468657";"False";"BATANG TUBUH";"PASAL 4"
"7";"Pegawai ASN; dan";"197,48";"303,12";"813,0699999999999";"825,0699999999999";"609,4";"BCDEEE+BookmanOldStyle";"12,0";"250,3";"304,7";"0,0892681325894322";"0,32405644896619623";"0,17335083688874306";"False";"BATANG TUBUH";"PASAL 4"
"7";"d. Pengawasan, Pemantauan dan Evaluasi Nilai Dasar,";"177,25";"538,33";"833,475";"845,475";"609,4";"BCDEEE+BookmanOldStyle";"12,0";"357,79";"304,7";"0,08711847719067942";"0,29085986215950116";"0,5925172300623565";"False";"BATANG TUBUH";"PASAL 4"
"7";"Kode Etik dan Kode Perilaku Pegawai ASN.";"197,48";"449,5879999999999";"852,675";"864,675";"609,4";"BCDEEE+BookmanOldStyle";"12,0";"323,53399999999993";"304,7";"0,030905808992451506";"0,32405644896619623";"0,41369872005251057";"False";"BATANG TUBUH";"PASAL 4"
"8";"8";"300,9";"308,34";"38,700000000000045";"50,700000000000045";"609,4";"BCDEEE+BookmanOldStyle";"12,0";"304,62";"304,7";"0,00013127666557266834";"0,493764358385297";"0,01220872989826058";"False";"BATANG TUBUH";"PASAL 4"
"8";"BAB IV";"286,9";"328,876";"81,51999999999998";"93,51999999999998";"609,4";"BCDEEE+BookmanOldStyle";"12,0";"307,888";"304,7";"0,005231375123071855";"0,4707909419100755";"0,06888086642599278";"True";"BATANG TUBUH";"BAB IV"
"8";"PENETAPAN NILAI DASAR, KODE ETIK, DAN KODE PERILAKU";"164,25";"537,576";"100,51999999999998";"112,51999999999998";"609,4";"BCDEEE+BookmanOldStyle";"12,0";"350,913";"304,7";"0,07583360682638665";"0,2695274040039383";"0,6126124056448967";"True";"BATANG TUBUH";"BAB IV"
"8";"PEGAWAI ASN";"262,88";"349,304";"118,32000000000005";"130,32000000000005";"609,4";"BCDEEE+BookmanOldStyle";"12,0";"306,092";"304,7";"0,002284213980964877";"0,431375123071874";"0,1418181818181818";"True";"BATANG TUBUH";"BAB IV"
"8";"Pasal 5";"290,7";"333,14";"156,12";"168,12";"609,4";"BCDEEE+BookmanOldStyle";"12,0";"311,91999999999996";"304,7";"0,011847719067935627";"0,47702658352477845";"0,0696422710863144";"False";"BATANG TUBUH";"PASAL 5"
"8";"Dalam bersikap, berperilaku, dan bertindak setiap Pegawai";"176,45";"538,2199999999999";"193,95000000000005";"205,95000000000005";"609,4";"BCDEEE+BookmanOldStyle";"12,0";"357,3349999999999";"304,7";"0,08637184115523455";"0,2895470955037742";"0,5936494913029208";"False";"BATANG TUBUH";"PASAL 5"
"8";"ASN harus berlandaskan pada nilai dasar meliputi:";"176,45";"478,98999999999995";"211,95000000000005";"223,95000000000005";"609,4";"BCDEEE+BookmanOldStyle";"12,0";"327,71999999999997";"304,7";"0,0377748605185428";"0,2895470955037742";"0,4964555300295372";"False";"BATANG TUBUH";"PASAL 5"
"8";"a. berAKHLAK;";"177,25";"271,496";"230,75";"242,75";"609,4";"BCDEEE+BookmanOldStyle";"12,0";"224,373";"304,7";"0,13181325894322285";"0,29085986215950116";"0,15465375779455198";"False";"BATANG TUBUH";"PASAL 5"
"8";"b. integritas; dan";"177,25";"283,74";"249,75";"261,75";"609,4";"BCDEEE+BookmanOldStyle";"12,0";"230,495";"304,7";"0,12176731211027238";"0,29085986215950116";"0,17474565146045293";"False";"BATANG TUBUH";"PASAL 5"
"8";"c. profesional.";"177,25";"266,888";"268,55000000000007";"280,55000000000007";"609,4";"BCDEEE+BookmanOldStyle";"12,0";"222,069";"304,7";"0,13559402691171646";"0,29085986215950116";"0,1470922218575648";"False";"BATANG TUBUH";"PASAL 5"
"8";"Pasal 6";"290,7";"333,14";"306,38";"318,38";"609,4";"BCDEEE+BookmanOldStyle";"12,0";"311,91999999999996";"304,7";"0,011847719067935627";"0,47702658352477845";"0,0696422710863144";"False";"BATANG TUBUH";"PASAL 6"
"8";"(1) Penetapan nilai dasar berAKHLAK sebagaimana";"177,25";"538,4580000000001";"344,1700000000001";"356,1700000000001";"609,4";"BCDEEE+BookmanOldStyle";"12,0";"357,85400000000004";"304,7";"0,0872234985231376";"0,29085986215950116";"0,5927272727272729";"False";"BATANG TUBUH";"PASAL 6"
"8";"dimaksud dalam Pasal 5 huruf a adalah akronim";"198,48";"538,798";"362,1700000000001";"374,1700000000001";"609,4";"BCDEEE+BookmanOldStyle";"12,0";"368,639";"304,7";"0,10492123400065642";"0,32569740728585495";"0,5584476534296029";"False";"BATANG TUBUH";"PASAL 6"
"8";"dari unsur-unsur utama dalam memberikan";"198,48";"538,232";"379,97";"391,97";"609,4";"BCDEEE+BookmanOldStyle";"12,0";"368,356";"304,7";"0,104456842796193";"0,32569740728585495";"0,557518871020676";"False";"BATANG TUBUH";"PASAL 6"
"8";"pelayanan kepada masyarakat di Daerah yang";"198,48";"538,622";"397,97";"409,97";"609,4";"BCDEEE+BookmanOldStyle";"12,0";"368,551";"304,7";"0,10477682966852642";"0,32569740728585495";"0,5581588447653428";"False";"BATANG TUBUH";"PASAL 6"
"8";"terdiri dari:";"198,48";"265,32";"415,79999999999995";"427,79999999999995";"609,4";"BCDEEE+BookmanOldStyle";"12,0";"231,89999999999998";"304,7";"0,11946176567115198";"0,32569740728585495";"0,10968165408598622";"False";"BATANG TUBUH";"PASAL 6"
"8";"a. berorientasi pelayanan yakni komitmen memberikan";"199,68";"538,0319999999999";"434,79999999999995";"446,79999999999995";"609,4";"BCDEEE+BookmanOldStyle";"12,0";"368,856";"304,7";"0,10527732195602232";"0,3276665572694454";"0,5552215293731538";"False";"BATANG TUBUH";"PASAL 6"
"8";"pelayanan prima demi kepuasan masyarakat;";"219,67";"488,69800000000004";"452,59999999999997";"464,59999999999997";"609,4";"BCDEEE+BookmanOldStyle";"12,0";"354,184";"304,7";"0,08120118148999021";"0,3604693140794224";"0,4414637348211356";"False";"BATANG TUBUH";"PASAL 6"
"8";"b. akuntabel yakni bertanggung jawab atas kepercayaan";"199,68";"537,8759999999999";"471,59999999999997";"483,59999999999997";"609,4";"BCDEEE+BookmanOldStyle";"12,0";"368,7779999999999";"304,7";"0,1051493272070888";"0,3276665572694454";"0,554965539875287";"False";"BATANG TUBUH";"PASAL 6"
"8";"yang diberikan;";"219,67";"311,06199999999995";"489,4";"501,4";"609,4";"BCDEEE+BookmanOldStyle";"12,0";"265,366";"304,7";"0,06454545454545456";"0,3604693140794224";"0,1499704627502461";"False";"BATANG TUBUH";"PASAL 6"
"8";"c. kompeten yakni terus belajar dan mengembangkan";"199,68";"537,952";"508,4";"520,4";"609,4";"BCDEEE+BookmanOldStyle";"12,0";"368,81600000000003";"304,7";"0,10521168362323605";"0,3276665572694454";"0,5550902527075813";"False";"BATANG TUBUH";"PASAL 6"
"8";"kapabilitas;";"219,67";"288,268";"526,22";"538,22";"609,4";"BCDEEE+BookmanOldStyle";"12,0";"253,969";"304,7";"0,08324745651460452";"0,3604693140794224";"0,11256645881194616";"False";"BATANG TUBUH";"PASAL 6"
"8";"d. harmonis yakni saling peduli dan menghargai";"199,68";"538,228";"545,22";"557,22";"609,4";"BCDEEE+BookmanOldStyle";"12,0";"368,95399999999995";"304,7";"0,10543813587134881";"0,3276665572694454";"0,555543157203807";"False";"BATANG TUBUH";"PASAL 6"
"8";"perbedaan;";"219,67";"285,28599999999994";"563,02";"575,02";"609,4";"BCDEEE+BookmanOldStyle";"12,0";"252,47799999999995";"304,7";"0,08569412536921568";"0,3604693140794224";"0,10767312110272392";"False";"BATANG TUBUH";"PASAL 6"
"8";"e. loyal yakni berdedikasi dan mengutamakan";"199,68";"538,39";"582,02";"594,02";"609,4";"BCDEEE+BookmanOldStyle";"12,0";"369,03499999999997";"304,7";"0,1055710534952412";"0,3276665572694454";"0,5558089924515918";"False";"BATANG TUBUH";"PASAL 6"
"8";"kepentingan bangsa dan negara;";"219,67";"411,77799999999996";"599,8199999999999";"611,8199999999999";"609,4";"BCDEEE+BookmanOldStyle";"12,0";"315,724";"304,7";"0,0180899245159173";"0,3604693140794224";"0,3152412208729898";"False";"BATANG TUBUH";"PASAL 6"
"8";"f. adaptif yakni terus berinovasi dan antusias dalam";"199,68";"538,26";"618,8199999999999";"630,8199999999999";"609,4";"BCDEEE+BookmanOldStyle";"12,0";"368,97";"304,7";"0,10546439120446348";"0,3276665572694454";"0,5555956678700361";"False";"BATANG TUBUH";"PASAL 6"
"8";"menggerakkan serta menghadapi perubahan; dan";"219,67";"513,658";"636,65";"648,65";"609,4";"BCDEEE+BookmanOldStyle";"12,0";"366,664";"304,7";"0,10168034131933049";"0,3604693140794224";"0,48242205447981634";"False";"BATANG TUBUH";"PASAL 6"
"8";"g. kolaboratif yakni membangun kerjasama yang";"199,68";"538,26";"655,65";"667,65";"609,4";"BCDEEE+BookmanOldStyle";"12,0";"368,97";"304,7";"0,10546439120446348";"0,3276665572694454";"0,5555956678700361";"False";"BATANG TUBUH";"PASAL 6"
"8";"sinergi.";"219,67";"262,70199999999994";"673,45";"685,4499999999999";"609,4";"BCDEEE+BookmanOldStyle";"11,999999999999972";"241,18599999999998";"304,7";"0,10422382671480146";"0,3604693140794224";"0,07061371841155227";"False";"BATANG TUBUH";"PASAL 6"
"8";"(2) Kode Etik dari nilai dasar berAKHLAK sebagaimana";"177,25";"538,4580000000001";"692,4499999999999";"704,4499999999999";"609,4";"BCDEEE+BookmanOldStyle";"12,0";"357,85400000000004";"304,7";"0,0872234985231376";"0,29085986215950116";"0,5927272727272729";"False";"BATANG TUBUH";"PASAL 6"
"8";"dimaksud dalam Pasal 6 ayat (1) tercermin pada perilaku";"198,27";"538,4979999999999";"710,25";"722,25";"609,4";"BCDEEE+BookmanOldStyle";"12,0";"368,38399999999996";"304,7";"0,10450278962914337";"0,3253528060387266";"0,5582999671808335";"False";"BATANG TUBUH";"PASAL 6"
"8";"Pegawai ASN antara lain:";"198,27";"346,57";"728,25";"740,25";"609,4";"BCDEEE+BookmanOldStyle";"12,0";"272,42";"304,7";"0,05297013455858217";"0,3253528060387266";"0,24335411880538232";"False";"BATANG TUBUH";"PASAL 6"
"8";"a. berorientasi pelayanan, yaitu komitmen memberikan";"199,08";"538,274";"747,05";"759,05";"609,4";"BCDEEE+BookmanOldStyle";"12,0";"368,677";"304,7";"0,10498359041680347";"0,32668198227765016";"0,5566032162783064";"False";"BATANG TUBUH";"PASAL 6"
"8";"pelayanan prima demi kepuasaan masyarakat,";"219,67";"538,006";"765,0699999999999";"777,0699999999999";"609,4";"BCDEEE+BookmanOldStyle";"12,0";"378,83799999999997";"304,7";"0,12165736790285524";"0,3604693140794224";"0,5223761076468658";"False";"BATANG TUBUH";"PASAL 6"
"8";"meliputi:";"219,67";"271,94";"782,88";"794,88";"609,4";"BCDEEE+BookmanOldStyle";"12,0";"245,805";"304,7";"0,09664424023629797";"0,3604693140794224";"0,08577289136855926";"False";"BATANG TUBUH";"PASAL 6"
"8";"1. memahami dan memenuhi kebutuhan masyarakat;";"220,67";"537,5260000000001";"801,87";"813,87";"609,4";"BCDEEE+BookmanOldStyle";"12,0";"379,098";"304,7";"0,12208401706596657";"0,36211027239908106";"0,5199474893337711";"False";"BATANG TUBUH";"PASAL 6"
"8";"2. ramah, cekatan, solutif, dan dapat diandalkan;";"220,67";"538,464";"820,67";"832,67";"609,4";"BCDEEE+BookmanOldStyle";"12,0";"379,567";"304,7";"0,12285362651788648";"0,36211027239908106";"0,5214867082376109";"False";"BATANG TUBUH";"PASAL 6"
"8";"dan";"241,08";"263,38800000000003";"838,675";"850,675";"609,4";"BCDEEE+BookmanOldStyle";"12,0";"252,23400000000004";"304,7";"0,08609451919921227";"0,39560223170331477";"0,03660649819494589";"False";"BATANG TUBUH";"PASAL 6"
"8";"3. melakukan perbaikan tiada henti.";"220,67";"441,59";"857,475";"869,475";"609,4";"BCDEEE+BookmanOldStyle";"12,0";"331,13";"304,7";"0,043370528388578945";"0,36211027239908106";"0,3625205119789957";"False";"BATANG TUBUH";"PASAL 6"
"9";"9";"300,9";"308,34";"38,700000000000045";"50,700000000000045";"609,4";"BCDEEE+BookmanOldStyle";"12,0";"304,62";"304,7";"0,00013127666557266834";"0,493764358385297";"0,01220872989826058";"False";"BATANG TUBUH";"PASAL 6"
"9";"b. akuntabel, yaitu bertanggung jawab atas kepercayaan";"198,48";"538,484";"81,51999999999998";"93,51999999999998";"609,4";"BCDEEE+BookmanOldStyle";"12,0";"368,482";"304,7";"0,10466360354447003";"0,32569740728585495";"0,5579323925172301";"False";"BATANG TUBUH";"PASAL 6"
"9";"yang diberikan, meliputi:";"219,67";"367,16999999999996";"99,51999999999998";"111,51999999999998";"609,4";"BCDEEE+BookmanOldStyle";"12,0";"293,41999999999996";"304,7";"0,018510009845749967";"0,3604693140794224";"0,24204135214965536";"False";"BATANG TUBUH";"PASAL 6"
"9";"1. melaksanakan tugas dengan jujur, bertanggung";"219,67";"538,65";"118,32000000000005";"130,32000000000005";"609,4";"BCDEEE+BookmanOldStyle";"12,0";"379,15999999999997";"304,7";"0,12218575648178534";"0,3604693140794224";"0,523432884804726";"False";"BATANG TUBUH";"PASAL 6"
"9";"jawab, cermat, disiplin, dan berintegritas tinggi;";"241,08";"523,22";"136,32000000000005";"148,32000000000005";"609,4";"BCDEEE+BookmanOldStyle";"12,0";"382,15000000000003";"304,7";"0,12709222185756489";"0,39560223170331477";"0,4629799803085002";"False";"BATANG TUBUH";"PASAL 6"
"9";"2. menggunakan kekayaan dan barang milik";"219,67";"538,2600000000001";"155,12";"167,12";"609,4";"BCDEEE+BookmanOldStyle";"12,0";"378,96500000000003";"304,7";"0,121865769609452";"0,3604693140794224";"0,5227929110600593";"False";"BATANG TUBUH";"PASAL 6"
"9";"negara secara bertanggung jawab, efektif; dan";"241,08";"538,41";"173,14999999999998";"185,14999999999998";"609,4";"BCDEEE+BookmanOldStyle";"12,0";"389,745";"304,7";"0,13955530029537253";"0,39560223170331477";"0,4879061371841154";"False";"BATANG TUBUH";"PASAL 6"
"9";"efisien; dan";"241,08";"308,60400000000004";"190,95000000000005";"202,95000000000005";"609,4";"BCDEEE+BookmanOldStyle";"12,0";"274,84200000000004";"304,7";"0,048995733508368805";"0,39560223170331477";"0,1108040695766328";"False";"BATANG TUBUH";"PASAL 6"
"9";"3. tidak menyalahgunakan kewenangan jabatan.";"219,67";"513,722";"209,95000000000005";"221,95000000000005";"609,4";"BCDEEE+BookmanOldStyle";"12,0";"366,69599999999997";"304,7";"0,10173285198555954";"0,3604693140794224";"0,48252707581227444";"False";"BATANG TUBUH";"PASAL 6"
"9";"c. kompeten, yaitu terus belajar dan mengembangkan";"199,68";"538,1919999999999";"228,75";"240,75";"609,4";"BCDEEE+BookmanOldStyle";"12,0";"368,9359999999999";"304,7";"0,1054085986215949";"0,3276665572694454";"0,5554840827042992";"False";"BATANG TUBUH";"PASAL 6"
"9";"kapabilitas, meliputi:";"220,08";"344,73999999999995";"246,75";"258,75";"609,4";"BCDEEE+BookmanOldStyle";"12,0";"282,40999999999997";"304,7";"0,03657696094519203";"0,3611421069904825";"0,20456186412865104";"False";"BATANG TUBUH";"PASAL 6"
"9";"1. meningkatkan kompetensi diri untuk menjawab";"219,28";"538,5760000000001";"265,55000000000007";"277,55000000000007";"609,4";"BCDEEE+BookmanOldStyle";"12,0";"378,92800000000005";"304,7";"0,12180505415162467";"0,3598293403347555";"0,5239514276337384";"False";"BATANG TUBUH";"PASAL 6"
"9";"tantangan yang selalu berubah;";"241,68";"429,39";"283,57000000000005";"295,57000000000005";"609,4";"BCDEEE+BookmanOldStyle";"12,0";"335,53499999999997";"304,7";"0,05059894978667539";"0,39658680669511";"0,30802428618313094";"False";"BATANG TUBUH";"PASAL 6"
"9";"2. membantu orang lain belajar; dan";"219,28";"441,66";"302,37";"314,37";"609,4";"BCDEEE+BookmanOldStyle";"12,0";"330,47";"304,7";"0,04228749589760426";"0,3598293403347555";"0,36491631112569745";"False";"BATANG TUBUH";"PASAL 6"
"9";"3. melaksanakan tugas dengan kualitas terbaik.";"219,28";"510,61999999999995";"321,37";"333,37";"609,4";"BCDEEE+BookmanOldStyle";"12,0";"364,95";"304,7";"0,09886773875943551";"0,3598293403347555";"0,4780767968493599";"False";"BATANG TUBUH";"PASAL 6"
"9";"d. harmonis, yaitu saling peduli dan menghargai";"199,68";"538,34";"340,1700000000001";"352,1700000000001";"609,4";"BCDEEE+BookmanOldStyle";"12,0";"369,01";"304,7";"0,10553002953724976";"0,3276665572694454";"0,5557269445356089";"False";"BATANG TUBUH";"PASAL 6"
"9";"perbedaan, meliputi:";"219,28";"341,14";"358,1700000000001";"370,1700000000001";"609,4";"BCDEEE+BookmanOldStyle";"12,0";"280,21";"304,7";"0,04018706924844111";"0,3598293403347555";"0,19996718083360682";"False";"BATANG TUBUH";"PASAL 6"
"9";"1. menghargai setiap orang tanpa membedakan latar";"218,47";"538,4859999999999";"376,97";"388,97";"609,4";"BCDEEE+BookmanOldStyle";"12,0";"378,47799999999995";"304,7";"0,12106662290777809";"0,35850016409583196";"0,5251329176238921";"False";"BATANG TUBUH";"PASAL 6"
"9";"belakang;";"241,68";"298,53999999999996";"394,97";"406,97";"609,4";"BCDEEE+BookmanOldStyle";"12,0";"270,11";"304,7";"0,056760748276993726";"0,39658680669511";"0,09330489005579251";"False";"BATANG TUBUH";"PASAL 6"
"9";"2. suka menolong; dan";"218,47";"360,54";"413,80000000000007";"425,8";"609,4";"BCDEEE+BookmanOldStyle";"11,999999999999943";"289,505";"304,7";"0,024934361667213644";"0,35850016409583196";"0,2331309484739088";"False";"BATANG TUBUH";"PASAL 6"
"9";"3. membangun lingkungan kerja yang kondusif.";"218,47";"509,10999999999996";"432,79999999999995";"444,79999999999995";"609,4";"BCDEEE+BookmanOldStyle";"12,0";"363,78999999999996";"304,7";"0,09696422710863141";"0,35850016409583196";"0,4769281260255989";"False";"BATANG TUBUH";"PASAL 6"
"9";"e. loyal, yaitu berdedikasi dan mengutamakan";"199,68";"538,3779999999999";"451,59999999999997";"463,59999999999997";"609,4";"BCDEEE+BookmanOldStyle";"12,0";"369,029";"304,7";"0,10556120774532328";"0,3276665572694454";"0,5557893009517557";"False";"BATANG TUBUH";"PASAL 6"
"9";"kepentingan bangsa dan negara, meliputi:";"220,08";"468,39";"469,59999999999997";"481,59999999999997";"609,4";"BCDEEE+BookmanOldStyle";"12,0";"344,235";"304,7";"0,06487528716770598";"0,3611421069904825";"0,40746636035444694";"False";"BATANG TUBUH";"PASAL 6"
"9";"1. memegang teguh ideologi Pancasila, Undang-Undang";"220,08";"538,86";"488,4";"500,4";"609,4";"BCDEEE+BookmanOldStyle";"12,0";"379,47";"304,7";"0,12269445356087962";"0,3611421069904825";"0,5231046931407942";"False";"BATANG TUBUH";"PASAL 6"
"9";"Dasar Negara Republik Indonesia Tahun 1945,";"241,08";"538,566";"506,4";"518,4";"609,4";"BCDEEE+BookmanOldStyle";"12,0";"389,82300000000004";"304,7";"0,13968329504430596";"0,39560223170331477";"0,4881621266819823";"False";"BATANG TUBUH";"PASAL 6"
"9";"setia kepada Negara Kesatuan Republik";"241,08";"538,5240000000001";"524,22";"536,22";"609,4";"BCDEEE+BookmanOldStyle";"12,0";"389,8020000000001";"304,7";"0,1396488349195932";"0,39560223170331477";"0,48809320643255677";"False";"BATANG TUBUH";"PASAL 6"
"9";"Indonesia, dan pemerintahan yang sah;";"241,08";"474,7";"542,22";"554,22";"609,4";"BCDEEE+BookmanOldStyle";"12,0";"357,89";"304,7";"0,08728257302264522";"0,39560223170331477";"0,38336068263866097";"False";"BATANG TUBUH";"PASAL 6"
"9";"2. menjaga nama baik ASN, instansi, dan negara; dan";"220,08";"536,622";"561,02";"573,02";"609,4";"BCDEEE+BookmanOldStyle";"12,0";"378,351";"304,7";"0,12085822120118152";"0,3611421069904825";"0,519432228421398";"False";"BATANG TUBUH";"PASAL 6"
"9";"3. menjaga rahasia jabatan dan negara.";"220,08";"460,19";"580,02";"592,02";"609,4";"BCDEEE+BookmanOldStyle";"12,0";"340,135";"304,7";"0,05814735805710536";"0,3611421069904825";"0,3940105021332458";"False";"BATANG TUBUH";"PASAL 6"
"9";"f. adaptif, yaitu terus berinovasi dan antusias";"201,08";"538,476";"598,8199999999999";"610,8199999999999";"609,4";"BCDEEE+BookmanOldStyle";"12,0";"369,778";"304,7";"0,10679028552674767";"0,32996389891696754";"0,5536527732195602";"False";"BATANG TUBUH";"PASAL 6"
"9";"dalam menggerakkan serta menghadapi perubahan,";"219,28";"538,5260000000001";"616,8199999999999";"628,8199999999999";"609,4";"BCDEEE+BookmanOldStyle";"12,0";"378,903";"304,7";"0,12176403019363313";"0,3598293403347555";"0,5238693797177554";"False";"BATANG TUBUH";"PASAL 6"
"9";"meliputi:";"219,28";"271,53999999999996";"634,65";"646,65";"609,4";"BCDEEE+BookmanOldStyle";"12,0";"245,40999999999997";"304,7";"0,09729241877256321";"0,3598293403347555";"0,08575648178536259";"False";"BATANG TUBUH";"PASAL 6"
"9";"1. cepat menyesuaikan diri menghadapi perubahan;";"219,67";"533,01";"653,65";"665,65";"609,4";"BCDEEE+BookmanOldStyle";"12,0";"376,34";"304,7";"0,11755825402034786";"0,3604693140794224";"0,514177879881851";"False";"BATANG TUBUH";"PASAL 6"
"9";"2. terus berinovasi dan mengembangkan kreativitas;";"219,67";"538,5340000000001";"672,45";"684,4499999999999";"609,4";"BCDEEE+BookmanOldStyle";"11,999999999999972";"379,10200000000003";"304,7";"0,12209058089924524";"0,3604693140794224";"0,5232425336396458";"False";"BATANG TUBUH";"PASAL 6"
"9";"dan";"240,27";"262,57800000000003";"690,4499999999999";"702,4499999999999";"609,4";"BCDEEE+BookmanOldStyle";"12,0";"251,42400000000004";"304,7";"0,0874236954381358";"0,39427305546439123";"0,03660649819494589";"False";"BATANG TUBUH";"PASAL 6"
"9";"3. bertindak proaktif.";"219,67";"350,57";"709,25";"721,25";"609,4";"BCDEEE+BookmanOldStyle";"12,0";"285,12";"304,7";"0,032129963898916945";"0,3604693140794224";"0,21480144404332133";"False";"BATANG TUBUH";"PASAL 6"
"9";"g. kolaboratif, yaitu membangun kerja sama yang";"199,68";"538,196";"728,25";"740,25";"609,4";"BCDEEE+BookmanOldStyle";"12,0";"368,938";"304,7";"0,10541188053823433";"0,3276665572694454";"0,555490646537578";"False";"BATANG TUBUH";"PASAL 6"
"9";"sinergis, meliputi:";"219,28";"324,712";"746,05";"758,05";"609,4";"BCDEEE+BookmanOldStyle";"12,0";"271,996";"304,7";"0,05366590088611751";"0,3598293403347555";"0,173009517558254";"False";"BATANG TUBUH";"PASAL 6"
"9";"1. memberi kesempatan kepada berbagai pihak";"219,28";"538,1120000000001";"765,0699999999999";"777,0699999999999";"609,4";"BCDEEE+BookmanOldStyle";"12,0";"378,696";"304,7";"0,1214243518214638";"0,3598293403347555";"0,5231900229734167";"False";"BATANG TUBUH";"PASAL 6"
"9";"untuk berkontribusi;";"239,48";"363,304";"782,88";"794,88";"609,4";"BCDEEE+BookmanOldStyle";"12,0";"301,392";"304,7";"0,005428290121430904";"0,39297669839186083";"0,20319002297341646";"False";"BATANG TUBUH";"PASAL 6"
"9";"2. terbuka dalam bekerja sama untuk menghasilkan";"219,28";"538,0999999999999";"801,87";"813,87";"609,4";"BCDEEE+BookmanOldStyle";"12,0";"378,68999999999994";"304,7";"0,1214145060715457";"0,3598293403347555";"0,5231703314735805";"False";"BATANG TUBUH";"PASAL 6"
"9";"nilai tambah; dan";"239,48";"344,12";"819,67";"831,67";"609,4";"BCDEEE+BookmanOldStyle";"12,0";"291,8";"304,7";"0,021168362323596944";"0,39297669839186083";"0,17170987856908437";"False";"BATANG TUBUH";"PASAL 6"
"9";"3. menggerakkan pemanfaatan berbagai sumber";"219,28";"538,1239999999999";"838,675";"850,675";"609,4";"BCDEEE+BookmanOldStyle";"12,0";"378,70199999999994";"304,7";"0,12143419757138162";"0,3598293403347555";"0,5232097144732523";"False";"BATANG TUBUH";"PASAL 6"
"9";"daya untuk tujuan bersama.";"239,48";"408,738";"856,475";"868,475";"609,4";"BCDEEE+BookmanOldStyle";"12,0";"324,109";"304,7";"0,03184936002625532";"0,39297669839186083";"0,277745323268789";"False";"BATANG TUBUH";"PASAL 6"
"10";"10";"297,3";"312,14";"38,700000000000045";"50,700000000000045";"609,4";"BCDEEE+BookmanOldStyle";"12,0";"304,72";"304,7";"3,2819166393237044e-05";"0,4878569084345258";"0,024351821463734782";"False";"BATANG TUBUH";"PASAL 6"
"10";"Pasal 7";"289,1";"331,54";"81,51999999999998";"93,51999999999998";"609,4";"BCDEEE+BookmanOldStyle";"12,0";"310,32000000000005";"304,7";"0,009222185756481887";"0,4744010502133246";"0,0696422710863144";"False";"BATANG TUBUH";"PASAL 7"
"10";"(1) Penetapan nilai dasar integritas sebagaimana dimaksud";"177,25";"538,2620000000001";"117,12";"129,12";"609,4";"BCDEEE+BookmanOldStyle";"12,0";"357,75600000000003";"304,7";"0,08706268460781103";"0,29085986215950116";"0,5924056448966197";"False";"BATANG TUBUH";"PASAL 7"
"10";"dalam Pasal 5 huruf b, integritas merupakan kesatuan";"200,47";"538,598";"133,92000000000007";"145,92000000000007";"609,4";"BCDEEE+BookmanOldStyle";"12,0";"369,534";"304,7";"0,10638989169675091";"0,3289629143419757";"0,5548539547095502";"False";"BATANG TUBUH";"PASAL 7"
"10";"antar pola pikir, perasaan, ucapan dan perilaku yang";"200,47";"538,426";"150,72000000000003";"162,72000000000003";"609,4";"BCDEEE+BookmanOldStyle";"12,0";"369,44800000000004";"304,7";"0,10624876928126034";"0,3289629143419757";"0,5545717098785692";"False";"BATANG TUBUH";"PASAL 7"
"10";"selaras dengan hati nurani dan norma yang berlaku.";"200,47";"511,6659999999999";"167,55000000000007";"179,55000000000007";"609,4";"BCDEEE+BookmanOldStyle";"12,0";"356,0679999999999";"304,7";"0,084292746964227";"0,3289629143419757";"0,5106596652445027";"False";"BATANG TUBUH";"PASAL 7"
"10";"(2) Kode Etik dari nilai dasar integritas sebagaimana";"177,25";"538,45";"185,35000000000002";"197,35000000000002";"609,4";"BCDEEE+BookmanOldStyle";"12,0";"357,85";"304,7";"0,08721693468985894";"0,29085986215950116";"0,5927141450607155";"False";"BATANG TUBUH";"PASAL 7"
"10";"dimaksud dalam Pasal 7 ayat (1) tercermin pada perilaku";"200,47";"538,4979999999999";"201,95000000000005";"213,95000000000005";"609,4";"BCDEEE+BookmanOldStyle";"12,0";"369,484";"304,7";"0,10630784378076796";"0,3289629143419757";"0,5546898588775844";"False";"BATANG TUBUH";"PASAL 7"
"10";"Pegawai ASN meliputi:";"200,47";"332,268";"218,75";"230,75";"609,4";"BCDEEE+BookmanOldStyle";"12,0";"266,36899999999997";"304,7";"0,06289957335083692";"0,3289629143419757";"0,21627502461437476";"False";"BATANG TUBUH";"PASAL 7"
"10";"a. berperilaku jujur dan bertanggung jawab dalam";"200,47";"538,184";"236,55000000000007";"248,55000000000007";"609,4";"BCDEEE+BookmanOldStyle";"12,0";"369,327";"304,7";"0,10605021332458157";"0,3289629143419757";"0,5541745979652116";"False";"BATANG TUBUH";"PASAL 7"
"10";"melaksanakan tugas;";"219,67";"345,59799999999996";"253,35000000000002";"265,35";"609,4";"BCDEEE+BookmanOldStyle";"12,0";"282,63399999999996";"304,7";"0,0362093862815885";"0,3604693140794224";"0,2066425992779783";"False";"BATANG TUBUH";"PASAL 7"
"10";"b. menaati dan melaksanakan peraturan serta";"200,47";"538,056";"271,15";"283,15";"609,4";"BCDEEE+BookmanOldStyle";"12,0";"369,26300000000003";"304,7";"0,10594519199212347";"0,3289629143419757";"0,5539645553002954";"False";"BATANG TUBUH";"PASAL 7"
"10";"memegang sumpah jabatan;";"219,67";"386,3619999999999";"287,97";"299,97";"609,4";"BCDEEE+BookmanOldStyle";"12,0";"303,01599999999996";"304,7";"0,0027633738103052608";"0,3604693140794224";"0,2735346242205447";"False";"BATANG TUBUH";"PASAL 7"
"10";"c. menjaga citra, harkat dan martabat ASN baik dalam";"200,47";"538,3779999999999";"305,77";"317,77";"609,4";"BCDEEE+BookmanOldStyle";"12,0";"369,424";"304,7";"0,10620938628158844";"0,3289629143419757";"0,5544929438792253";"False";"BATANG TUBUH";"PASAL 7"
"10";"forum formal maupun informal;";"219,67";"406,9539999999999";"322,57000000000005";"334,57000000000005";"609,4";"BCDEEE+BookmanOldStyle";"12,0";"313,31199999999995";"304,7";"0,014131933048900503";"0,3604693140794224";"0,3073252379389562";"False";"BATANG TUBUH";"PASAL 7"
"10";"d. menunjukkan keteladanan dalam sikap, perilaku,";"200,47";"538,114";"340,38";"352,38";"609,4";"BCDEEE+BookmanOldStyle";"12,0";"369,29200000000003";"304,7";"0,10599277978339357";"0,3289629143419757";"0,5540597308828356";"False";"BATANG TUBUH";"PASAL 7"
"10";"ucapan, dan tindakan kepada setiap orang, baik di";"219,67";"538,288";"357,1700000000001";"369,1700000000001";"609,4";"BCDEEE+BookmanOldStyle";"12,0";"378,979";"304,7";"0,12188874302592714";"0,3604693140794224";"0,5228388578930097";"False";"BATANG TUBUH";"PASAL 7"
"10";"dalam maupun di luar kedinasan;";"219,67";"420,5739999999999";"373,97";"385,97";"609,4";"BCDEEE+BookmanOldStyle";"12,0";"320,12199999999996";"304,7";"0,025306859205776123";"0,3604693140794224";"0,32967509025270747";"False";"BATANG TUBUH";"PASAL 7"
"10";"e. melaporkan harta kekayaan sesuai peraturan yang";"200,47";"538,52";"391,77";"403,77";"609,4";"BCDEEE+BookmanOldStyle";"12,0";"369,495";"304,7";"0,10632589432228425";"0,3289629143419757";"0,5547259599606169";"False";"BATANG TUBUH";"PASAL 7"
"10";"berlaku;";"219,67";"268,48599999999993";"408,6";"420,6";"609,4";"BCDEEE+BookmanOldStyle";"12,0";"244,07799999999997";"304,7";"0,09947817525434857";"0,3604693140794224";"0,08010502133245807";"False";"BATANG TUBUH";"PASAL 7"
"10";"f. menolak segala bentuk penyalahgunaan wewenang,";"200,47";"538,21";"426,4";"438,4";"609,4";"BCDEEE+BookmanOldStyle";"12,0";"369,34000000000003";"304,7";"0,1060715457827372";"0,3289629143419757";"0,5542172628815228";"False";"BATANG TUBUH";"PASAL 7"
"10";"suap atau gratifikasi;";"219,67";"344,98599999999993";"442,99999999999994";"454,99999999999994";"609,4";"BCDEEE+BookmanOldStyle";"12,0";"282,328";"304,7";"0,03671151952740403";"0,3604693140794224";"0,20563833278634713";"False";"BATANG TUBUH";"PASAL 7"
"10";"g. tanggap, terbuka, jujur, dan akurat, serta tepat";"200,47";"538,1019999999999";"460,79999999999995";"472,79999999999995";"609,4";"BCDEEE+BookmanOldStyle";"12,0";"369,28599999999994";"304,7";"0,10598293403347549";"0,3289629143419757";"0,5540400393829994";"False";"BATANG TUBUH";"PASAL 7"
"10";"waktu dalam melaksanakan setiap kebijakan dan";"219,67";"538,228";"477,59999999999997";"489,59999999999997";"609,4";"BCDEEE+BookmanOldStyle";"12,0";"378,94899999999996";"304,7";"0,12183951427633734";"0,3604693140794224";"0,52274040039383";"False";"BATANG TUBUH";"PASAL 7"
"10";"program pemerintah;";"219,67";"344,19399999999996";"494,4";"506,4";"609,4";"BCDEEE+BookmanOldStyle";"12,0";"281,93199999999996";"304,7";"0,03736133902198889";"0,3604693140794224";"0,2043386937971775";"False";"BATANG TUBUH";"PASAL 7"
"10";"h. melapor kepada pimpinan dan berkonsultasi ketika";"200,47";"538,008";"512,2";"524,2";"609,4";"BCDEEE+BookmanOldStyle";"12,0";"369,23900000000003";"304,7";"0,10590580899245167";"0,3289629143419757";"0,5538857893009518";"False";"BATANG TUBUH";"PASAL 7"
"10";"mendapatkan tugas yang berpotensi menimbukan";"219,67";"538,126";"529,02";"541,02";"609,4";"BCDEEE+BookmanOldStyle";"12,0";"378,89799999999997";"304,7";"0,12175582540203476";"0,3604693140794224";"0,5225730226452249";"False";"BATANG TUBUH";"PASAL 7"
"10";"benturan kepentingan;";"219,67";"354,76";"545,8199999999999";"557,8199999999999";"609,4";"BCDEEE+BookmanOldStyle";"12,0";"287,215";"304,7";"0,028692156219232056";"0,3604693140794224";"0,2216770594026912";"False";"BATANG TUBUH";"PASAL 7"
"10";"i. tidak menyalahgunakan kartu tanda pengenal,";"200,47";"538,402";"563,6199999999999";"575,6199999999999";"609,4";"BCDEEE+BookmanOldStyle";"12,0";"369,43600000000004";"304,7";"0,10622907778142443";"0,3289629143419757";"0,5545323268788973";"False";"BATANG TUBUH";"PASAL 7"
"10";"fasilitas negara;";"219,67";"312,63399999999996";"580,43";"592,43";"609,4";"BCDEEE+BookmanOldStyle";"12,0";"266,152";"304,7";"0,06325566130620283";"0,3604693140794224";"0,15255004922874954";"False";"BATANG TUBUH";"PASAL 7"
"10";"j. menggunakan atau memanfaatkan semua sumber";"200,47";"538,252";"598,22";"610,22";"609,4";"BCDEEE+BookmanOldStyle";"12,0";"369,361";"304,7";"0,10610600590744995";"0,3289629143419757";"0,5542861831309484";"False";"BATANG TUBUH";"PASAL 7"
"10";"daya negara secara efisien dan efektif;";"219,67";"444,02199999999993";"615,02";"627,02";"609,4";"BCDEEE+BookmanOldStyle";"12,0";"331,84599999999995";"304,7";"0,04454545454545448";"0,3604693140794224";"0,36815228093206426";"False";"BATANG TUBUH";"PASAL 7"
"10";"k. berani mengakui kesalahan, bersedia menerima";"200,47";"538,0180000000001";"632,8199999999999";"644,8199999999999";"609,4";"BCDEEE+BookmanOldStyle";"12,0";"369,2440000000001";"304,7";"0,10591401378405005";"0,3289629143419757";"0,5539021988841486";"False";"BATANG TUBUH";"PASAL 7"
"10";"konsekuensi dan melakukan langkah-langkah";"219,67";"538,63";"649,65";"661,65";"609,4";"BCDEEE+BookmanOldStyle";"12,0";"379,15";"304,7";"0,12216934689858876";"0,3604693140794224";"0,5234000656383329";"False";"BATANG TUBUH";"PASAL 7"
"10";"perbaikan;";"219,67";"282,68199999999996";"666,45";"678,45";"609,4";"BCDEEE+BookmanOldStyle";"12,0";"251,176";"304,7";"0,08783065310141124";"0,3604693140794224";"0,10340006563833275";"False";"BATANG TUBUH";"PASAL 7"
"10";"l. tidak menjadi perantara untuk mendapatkan";"200,47";"538,0779999999999";"684,05";"696,05";"609,4";"BCDEEE+BookmanOldStyle";"12,0";"369,27399999999994";"304,7";"0,10596324253363958";"0,3289629143419757";"0,5540006563833276";"False";"BATANG TUBUH";"PASAL 7"
"10";"keuntungan pribadi dan/atau orang lain dengan";"219,67";"538,2819999999999";"700,8499999999999";"712,8499999999999";"609,4";"BCDEEE+BookmanOldStyle";"12,0";"378,97599999999994";"304,7";"0,12188382015096809";"0,3604693140794224";"0,5228290121430915";"False";"BATANG TUBUH";"PASAL 7"
"10";"menggunakan kewenangan orang lain;";"219,67";"447,59999999999997";"717,65";"729,65";"609,4";"BCDEEE+BookmanOldStyle";"12,0";"333,635";"304,7";"0,04748112897932393";"0,3604693140794224";"0,3740236297998031";"False";"BATANG TUBUH";"PASAL 7"
"10";"m. tidak melakukan perbuatan rekayasa atau";"200,47";"537,9699999999999";"735,4499999999999";"747,4499999999999";"609,4";"BCDEEE+BookmanOldStyle";"12,0";"369,21999999999997";"304,7";"0,10587463078437805";"0,3289629143419757";"0,5538234328848045";"False";"BATANG TUBUH";"PASAL 7"
"10";"manipulatif;";"219,67";"291,44199999999995";"752,27";"764,27";"609,4";"BCDEEE+BookmanOldStyle";"12,0";"255,55599999999998";"304,7";"0,08064325566130622";"0,3604693140794224";"0,11777486051854277";"False";"BATANG TUBUH";"PASAL 7"
"10";"n. tidak menerima pemberian dalam bentuk apapun";"200,47";"538,3419999999999";"770,0699999999999";"782,0699999999999";"609,4";"BCDEEE+BookmanOldStyle";"12,0";"369,40599999999995";"304,7";"0,10617984903183453";"0,3289629143419757";"0,5544338693797175";"False";"BATANG TUBUH";"PASAL 7"
"10";"yang tidak sesuai dengan ketentuan;";"219,67";"437,1579999999999";"786,87";"798,87";"609,4";"BCDEEE+BookmanOldStyle";"12,0";"328,41399999999993";"304,7";"0,03891368559238586";"0,3604693140794224";"0,356888743025927";"False";"BATANG TUBUH";"PASAL 7"
"10";"o. tidak memberikan infomasi yang bersifat rahasia";"200,47";"538,198";"804,67";"816,67";"609,4";"BCDEEE+BookmanOldStyle";"12,000000000000014";"369,334";"304,7";"0,1060617000328192";"0,3289629143419757";"0,5541975713816868";"False";"BATANG TUBUH";"PASAL 7"
"10";"negara dan rahasia jabatan; dan";"219,67";"411,828";"821,48";"833,48";"609,4";"BCDEEE+BookmanOldStyle";"12,0";"315,74899999999997";"304,7";"0,01813094847390873";"0,3604693140794224";"0,31532326878897277";"False";"BATANG TUBUH";"PASAL 7"
"10";"p. memakai pakaian dinas serta atribut sesuai";"200,47";"538,336";"839,275";"851,275";"609,4";"BCDEEE+BookmanOldStyle";"12,0";"369,403";"304,7";"0,10617492615687567";"0,3289629143419757";"0,5544240236297998";"False";"BATANG TUBUH";"PASAL 7"
"10";"ketentuan yang berlaku.";"219,67";"364,15999999999997";"856,0749999999999";"868,0749999999999";"609,4";"BCDEEE+BookmanOldStyle";"12,0";"291,91499999999996";"304,7";"0,020979652116836275";"0,3604693140794224";"0,23710206760748276";"False";"BATANG TUBUH";"PASAL 7"
"11";"11";"297,3";"312,14";"38,700000000000045";"50,700000000000045";"609,4";"BCDEEE+BookmanOldStyle";"12,0";"304,72";"304,7";"3,2819166393237044e-05";"0,4878569084345258";"0,024351821463734782";"False";"BATANG TUBUH";"PASAL 7"
"11";"Pasal 8";"290,7";"333,12";"81,51999999999998";"93,51999999999998";"609,4";"BCDEEE+BookmanOldStyle";"12,0";"311,90999999999997";"304,7";"0,011831309484739054";"0,47702658352477845";"0,06960945191992127";"False";"BATANG TUBUH";"PASAL 8"
"11";"(1) Penetapan nilai dasar profesional sebagaimana";"177,25";"538,658";"121,32000000000005";"133,32000000000005";"609,4";"BCDEEE+BookmanOldStyle";"12,0";"357,954";"304,7";"0,08738759435510342";"0,29085986215950116";"0,5930554643912045";"False";"BATANG TUBUH";"PASAL 8"
"11";"dimaksud dalam Pasal 5 huruf c, profesional";"198,48";"538,518";"140,12";"152,12";"609,4";"BCDEEE+BookmanOldStyle";"12,0";"368,499";"304,7";"0,10469149983590423";"0,32569740728585495";"0,5579881851000985";"False";"BATANG TUBUH";"PASAL 8"
"11";"adalah representasi sikap kerja dan persepsi atas";"198,48";"538,2719999999999";"159,12";"171,12";"609,4";"BCDEEE+BookmanOldStyle";"12,0";"368,376";"304,7";"0,10448966196258613";"0,32569740728585495";"0,5575845093534623";"False";"BATANG TUBUH";"PASAL 8"
"11";"kinerja dalam melaksanakan tugas dan fungsi secara";"198,48";"538,47";"177,95000000000005";"189,95000000000005";"609,4";"BCDEEE+BookmanOldStyle";"12,0";"368,475";"304,7";"0,10465211683623242";"0,32569740728585495";"0,5579094191007549";"False";"BATANG TUBUH";"PASAL 8"
"11";"baik berdasarkan kompetensi, keahlian, pengetahuan,";"198,48";"538,5000000000001";"196,95000000000005";"208,95000000000005";"609,4";"BCDEEE+BookmanOldStyle";"12,0";"368,49000000000007";"304,7";"0,10467673121102737";"0,32569740728585495";"0,5579586478503448";"False";"BATANG TUBUH";"PASAL 8"
"11";"pengalaman dan disiplin.";"198,48";"347,4479999999999";"215,75";"227,75";"609,4";"BCDEEE+BookmanOldStyle";"12,0";"272,96399999999994";"304,7";"0,05207745323268797";"0,32569740728585495";"0,24445027896291424";"False";"BATANG TUBUH";"PASAL 8"
"11";"(2) Unsur profesional sebagaimana dimaksud dalam";"177,25";"538,366";"235,75";"247,75";"609,4";"BCDEEE+BookmanOldStyle";"12,0";"357,808";"304,7";"0,08714801444043323";"0,29085986215950116";"0,5925763045618642";"False";"BATANG TUBUH";"PASAL 8"
"11";"ayat (1) tergambar dalam budaya kerja 5K yaitu";"199,08";"538,418";"254,55000000000007";"266,55000000000007";"609,4";"BCDEEE+BookmanOldStyle";"12,0";"368,749";"304,7";"0,10510173941581889";"0,32668198227765016";"0,5568395142763374";"False";"BATANG TUBUH";"PASAL 8"
"11";"Kerja Keras, Kerja Cepat, Kerja Tuntas, Kerja Ikhlas,";"199,08";"538,6200000000001";"273,55000000000007";"285,55000000000007";"609,4";"BCDEEE+BookmanOldStyle";"12,0";"368,8500000000001";"304,7";"0,10526747620610452";"0,32668198227765016";"0,5571709878569086";"False";"BATANG TUBUH";"PASAL 8"
"11";"Kerja Prestasi.";"199,08";"283,88399999999996";"292,37";"304,37";"609,4";"BCDEEE+BookmanOldStyle";"12,0";"241,48199999999997";"304,7";"0,1037381030521825";"0,32668198227765016";"0,13915982934033466";"False";"BATANG TUBUH";"PASAL 8"
"11";"(3) Kode Etik dari nilai dasar profesional sebagaimana";"177,25";"538,658";"312,37";"324,37";"609,4";"BCDEEE+BookmanOldStyle";"12,0";"357,954";"304,7";"0,08738759435510342";"0,29085986215950116";"0,5930554643912045";"False";"BATANG TUBUH";"PASAL 8"
"11";"dimaksud dalam Pasal 8 ayat (1) tercermin pada perilaku";"199,08";"538,3639999999999";"331,1700000000001";"343,1700000000001";"609,4";"BCDEEE+BookmanOldStyle";"12,0";"368,722";"304,7";"0,10505743354118804";"0,32668198227765016";"0,5567509025270756";"False";"BATANG TUBUH";"PASAL 8"
"11";"Pegawai ASN meliputi:";"199,08";"330,828";"350,1700000000001";"362,1700000000001";"609,4";"BCDEEE+BookmanOldStyle";"12,0";"264,954";"304,7";"0,0652215293731539";"0,32668198227765016";"0,2161929766983918";"False";"BATANG TUBUH";"PASAL 8"
"11";"a. bekerja dengan sungguh-sungguh, sekuat tenaga,";"201,08";"538,398";"369,97";"381,97";"609,4";"BCDEEE+BookmanOldStyle";"12,0";"369,73900000000003";"304,7";"0,10672628815228101";"0,32996389891696754";"0,5535247784706269";"False";"BATANG TUBUH";"PASAL 8"
"11";"penuh semangat, pantang menyerah, untuk";"219,67";"538,018";"388,97";"400,97";"609,4";"BCDEEE+BookmanOldStyle";"12,0";"378,844";"304,7";"0,12166721365277323";"0,3604693140794224";"0,5223957991467018";"False";"BATANG TUBUH";"PASAL 8"
"11";"mencapai hasil terbaik;";"219,67";"357,56999999999994";"407,80000000000007";"419,80000000000007";"609,4";"BCDEEE+BookmanOldStyle";"12,0";"288,61999999999995";"304,7";"0,026386609780111654";"0,3604693140794224";"0,226288152280932";"False";"BATANG TUBUH";"PASAL 8"
"11";"b. bekerja tangkas sesuai dengan target yang";"201,08";"538,306";"427,79999999999995";"439,79999999999995";"609,4";"BCDEEE+BookmanOldStyle";"12,0";"369,69300000000004";"304,7";"0,10665080406957672";"0,32996389891696754";"0,5533738103052183";"False";"BATANG TUBUH";"PASAL 8"
"11";"ditentukan dan mengacu pada ketentuan yang";"219,67";"538,246";"446,59999999999997";"458,59999999999997";"609,4";"BCDEEE+BookmanOldStyle";"12,0";"378,95799999999997";"304,7";"0,12185428290121428";"0,3604693140794224";"0,5227699376435839";"False";"BATANG TUBUH";"PASAL 8"
"11";"berlaku;";"219,67";"268,48599999999993";"465,59999999999997";"477,59999999999997";"609,4";"BCDEEE+BookmanOldStyle";"12,0";"244,07799999999997";"304,7";"0,09947817525434857";"0,3604693140794224";"0,08010502133245807";"False";"BATANG TUBUH";"PASAL 8"
"11";"c. bekerja dengan berorientasi pada batas waktu";"201,08";"538,336";"485,4";"497,4";"609,4";"BCDEEE+BookmanOldStyle";"12,0";"369,708";"304,7";"0,10667541844437158";"0,32996389891696754";"0,5534230390548079";"False";"BATANG TUBUH";"PASAL 8"
"11";"pelaksanaan, merespon dan adaptif terhadap";"219,67";"538,294";"504,4";"516,4";"609,4";"BCDEEE+BookmanOldStyle";"12,0";"378,98199999999997";"304,7";"0,12189366590088609";"0,3604693140794224";"0,5228487036429276";"False";"BATANG TUBUH";"PASAL 8"
"11";"kebutuhan masyarakat;";"219,67";"361,162";"523,22";"535,22";"609,4";"BCDEEE+BookmanOldStyle";"12,0";"290,416";"304,7";"0,02343944863800458";"0,3604693140794224";"0,23218247456514604";"False";"BATANG TUBUH";"PASAL 8"
"11";"d. memberikan pelayanan yang cepat dan tepat kepada";"201,08";"537,9479999999999";"543,22";"555,22";"609,4";"BCDEEE+BookmanOldStyle";"12,0";"369,51399999999995";"304,7";"0,10635707253035767";"0,32996389891696754";"0,5527863472267802";"False";"BATANG TUBUH";"PASAL 8"
"11";"masyarakat;";"219,67";"292,426";"562,02";"574,02";"609,4";"BCDEEE+BookmanOldStyle";"12,0";"256,048";"304,7";"0,07983590416803411";"0,3604693140794224";"0,11938956350508698";"False";"BATANG TUBUH";"PASAL 8"
"11";"e. berpikir kreatif dan inovatif untuk mendapatkan hasil";"201,08";"538,264";"582,02";"594,02";"609,4";"BCDEEE+BookmanOldStyle";"12,0";"369,672";"304,7";"0,10661634394486387";"0,32996389891696754";"0,5533048900557925";"False";"BATANG TUBUH";"PASAL 8"
"11";"yang maksimal dengan waktu yang efektif;";"219,67";"470,7099999999999";"600,8199999999999";"612,8199999999999";"609,4";"BCDEEE+BookmanOldStyle";"12,0";"345,18999999999994";"304,7";"0,06644240236297991";"0,3604693140794224";"0,41194617656711513";"False";"BATANG TUBUH";"PASAL 8"
"11";"f. pandai melihat peluang, memperhitungkan risiko dan";"201,08";"538,324";"620,8199999999999";"632,8199999999999";"609,4";"BCDEEE+BookmanOldStyle";"12,0";"369,702";"304,7";"0,10666557269445358";"0,32996389891696754";"0,553403347554972";"False";"BATANG TUBUH";"PASAL 8"
"11";"mampu mencari solusi dalam penyelesaiannya;";"219,67";"499,3419999999999";"639,65";"651,65";"609,4";"BCDEEE+BookmanOldStyle";"12,0";"359,506";"304,7";"0,08993436166721362";"0,3604693140794224";"0,4589300951755824";"False";"BATANG TUBUH";"PASAL 8"
"11";"g. bekerja dengan hati, niat yang tulus dan tidak";"201,08";"538,0120000000001";"659,65";"671,65";"609,4";"BCDEEE+BookmanOldStyle";"12,0";"369,54600000000005";"304,7";"0,10640958319658692";"0,32996389891696754";"0,5528913685592386";"False";"BATANG TUBUH";"PASAL 8"
"11";"mengeluh semata-mata untuk ibadah dan mencari";"219,67";"538,4520000000001";"678,45";"690,4499999999999";"609,4";"BCDEEE+BookmanOldStyle";"11,999999999999972";"379,06100000000004";"304,7";"0,12202330160813923";"0,3604693140794224";"0,5231079750574338";"False";"BATANG TUBUH";"PASAL 8"
"11";"keridhaan Tuhan Yang Maha Esa;";"219,67";"420,77";"697,4499999999999";"709,4499999999999";"609,4";"BCDEEE+BookmanOldStyle";"12,0";"320,21999999999997";"304,7";"0,025467673121102694";"0,3604693140794224";"0,3299967180833607";"False";"BATANG TUBUH";"PASAL 8"
"11";"h. menjaga integritas dengan tidak menjanjikan sesuatu";"201,08";"538,3439999999999";"717,25";"729,25";"609,4";"BCDEEE+BookmanOldStyle";"12,0";"369,712";"304,7";"0,10668198227765015";"0,32996389891696754";"0,5534361667213651";"False";"BATANG TUBUH";"PASAL 8"
"11";"kepada masyarakat dan pihak yang dilayani;";"219,67";"484,1259999999999";"736,25";"748,25";"609,4";"BCDEEE+BookmanOldStyle";"12,0";"351,89799999999997";"304,7";"0,07744995077125037";"0,3604693140794224";"0,4339612733836559";"False";"BATANG TUBUH";"PASAL 8"
"11";"i. tidak mengharapkan pemberian apapun dari";"201,08";"538,272";"756,0699999999999";"768,0699999999999";"609,4";"BCDEEE+BookmanOldStyle";"12,0";"369,67600000000004";"304,7";"0,10662290777814253";"0,32996389891696754";"0,5533180177223499";"False";"BATANG TUBUH";"PASAL 8"
"11";"masyarakat dan pihak yang dilayani;";"219,67";"437,93799999999993";"775,0699999999999";"787,0699999999999";"609,4";"BCDEEE+BookmanOldStyle";"12,0";"328,804";"304,7";"0,039553659337052814";"0,3604693140794224";"0,35816869051526085";"False";"BATANG TUBUH";"PASAL 8"
"11";"j. tidak menonjolkan kepentingan pribadi atau golongan";"201,08";"538,462";"794,87";"806,87";"609,4";"BCDEEE+BookmanOldStyle";"12,0";"369,771";"304,7";"0,10677879881851006";"0,32996389891696754";"0,5536297998030849";"False";"BATANG TUBUH";"PASAL 8"
"11";"tertentu dalam melaksanakanpekerjaan; dan";"219,67";"481,45799999999997";"813,87";"825,87";"609,4";"BCDEEE+BookmanOldStyle";"12,0";"350,56399999999996";"304,7";"0,0752609123728257";"0,3604693140794224";"0,4295831965868067";"False";"BATANG TUBUH";"PASAL 8"
"11";"k. bekerja dengan semangat dan mengorganisasikan";"201,08";"538,156";"833,675";"845,675";"609,4";"BCDEEE+BookmanOldStyle";"12,0";"369,618";"304,7";"0,10652773219560224";"0,32996389891696754";"0,5531276665572693";"False";"BATANG TUBUH";"PASAL 8"
"11";"pekerjaannya secara terpadu dari awal sampai akhir.";"219,67";"533,4580000000001";"852,675";"864,675";"609,4";"BCDEEE+BookmanOldStyle";"12,0";"376,564";"304,7";"0,11792582868395149";"0,3604693140794224";"0,5149130292090583";"False";"BATANG TUBUH";"PASAL 8"
"12";"12";"297,3";"312,14";"38,700000000000045";"50,700000000000045";"609,4";"BCDEEE+BookmanOldStyle";"12,0";"304,72";"304,7";"3,2819166393237044e-05";"0,4878569084345258";"0,024351821463734782";"False";"BATANG TUBUH";"PASAL 8"
"12";"Pasal 9";"290,7";"333,12";"81,51999999999998";"93,51999999999998";"609,4";"BCDEEE+BookmanOldStyle";"12,0";"311,90999999999997";"304,7";"0,011831309484739054";"0,47702658352477845";"0,06960945191992127";"False";"BATANG TUBUH";"PASAL 9"
"12";"Sanksi pelanggaran Nilai Dasar, Kode Etik dan Kode";"177,25";"538,026";"120,92000000000007";"132,92000000000007";"609,4";"BCDEEE+BookmanOldStyle";"12,0";"357,638";"304,7";"0,08686905152609121";"0,29085986215950116";"0,5920183787331801";"False";"BATANG TUBUH";"PASAL 9"
"12";"Perilaku meliputi:";"177,25";"282,14";"139,72000000000003";"151,72000000000003";"609,4";"BCDEEE+BookmanOldStyle";"12,0";"229,695";"304,7";"0,12308007876599934";"0,29085986215950116";"0,172120118148999";"False";"BATANG TUBUH";"PASAL 9"
"12";"a. sanksi moral berupa pernyataan secara tertutup";"177,25";"538,422";"159,32000000000005";"171,32000000000005";"609,4";"BCDEEE+BookmanOldStyle";"12,0";"357,836";"304,7";"0,0871939612733837";"0,29085986215950116";"0,5926681982277651";"False";"BATANG TUBUH";"PASAL 9"
"12";"disampaikan secara terbatas;";"198,27";"371,574";"178,14999999999998";"190,14999999999998";"609,4";"BCDEEE+BookmanOldStyle";"12,0";"284,922";"304,7";"0,032454873646209324";"0,3253528060387266";"0,284384640630128";"False";"BATANG TUBUH";"PASAL 9"
"12";"b. sanksi moral berupa pernyataan secara terbuka";"176,65";"538,188";"197,95000000000005";"209,95000000000005";"609,4";"BCDEEE+BookmanOldStyle";"12,0";"357,419";"304,7";"0,08650968165408598";"0,28987528716770594";"0,5932687889727601";"False";"BATANG TUBUH";"PASAL 9"
"12";"disampaikan melalui media cetak, website Pemerintah";"199,08";"538,6139999999999";"216,55000000000007";"228,61";"609,4";"BCDEEE+BookmanOldStyle";"12,0";"368,847";"304,7";"0,10526255333114538";"0,32668198227765016";"0,5571611421069903";"False";"BATANG TUBUH";"PASAL 9"
"12";"Kabupaten Malang atau melalui media elektronik yang";"199,08";"538,52";"235,35000000000002";"247,35000000000002";"609,4";"BCDEEE+BookmanOldStyle";"12,0";"368,8";"304,7";"0,10518542829012147";"0,32668198227765016";"0,5570068920249425";"False";"BATANG TUBUH";"PASAL 9"
"12";"dapat diakses public atau dibacakan pada saat apel";"199,08";"538,572";"254,14999999999998";"266,2099999999999";"609,4";"BCDEEE+BookmanOldStyle";"12,0";"368,826";"304,7";"0,10522809320643262";"0,32668198227765016";"0,5570922218575648";"False";"BATANG TUBUH";"PASAL 9"
"12";"dan/atau upacara yang dihadiri Pegawai ASN;";"199,08";"471,98999999999995";"272,75";"284,75";"609,4";"BCDEEE+BookmanOldStyle";"12,0";"335,53499999999997";"304,7";"0,05059894978667539";"0,32668198227765016";"0,4478339350180505";"False";"BATANG TUBUH";"PASAL 9"
"12";"c. Pegawai ASN yang telah dijatuhi sanksi moral";"176,65";"538,14";"292,57000000000005";"304,57000000000005";"609,4";"BCDEEE+BookmanOldStyle";"12,0";"357,395";"304,7";"0,08647029865441418";"0,28987528716770594";"0,5931900229734165";"False";"BATANG TUBUH";"PASAL 9"
"12";"sebagaimana dimaksud dalam huruf a dan huruf b, akan";"199,08";"538,2479999999999";"311,1700000000001";"323,1700000000001";"609,4";"BCDEEE+BookmanOldStyle";"12,0";"368,664";"304,7";"0,10496225795864786";"0,32668198227765016";"0,5565605513619952";"False";"BATANG TUBUH";"PASAL 9"
"12";"tetapi masih melakukan pelanggaran yang sama, maka";"199,08";"538,5060000000001";"329,97";"341,97";"609,4";"BCDEEE+BookmanOldStyle";"12,0";"368,79300000000006";"304,7";"0,10517394158188395";"0,32668198227765016";"0,5569839186084674";"False";"BATANG TUBUH";"PASAL 9"
"12";"akan dikenakan hukuman disiplin sebagaimana diatur";"199,08";"538,8059999999999";"348,77";"360,77";"609,4";"BCDEEE+BookmanOldStyle";"12,0";"368,943";"304,7";"0,10542008532983262";"0,32668198227765016";"0,5574762061043648";"False";"BATANG TUBUH";"PASAL 9"
"12";"dalam Pasal 7 Peraturan Pemerintah Nomor 94";"199,08";"538,316";"367,38";"379,38";"609,4";"BCDEEE+BookmanOldStyle";"12,0";"368,69800000000004";"304,7";"0,10501805054151633";"0,32668198227765016";"0,5566721365277322";"False";"BATANG TUBUH";"PASAL 9"
"12";"Tahun 2021 tentang Disiplin Pegawai Negeri Sipil.";"199,08";"494,19";"386,1700000000001";"398,1700000000001";"609,4";"BCDEEE+BookmanOldStyle";"12,0";"346,635";"304,7";"0,06881358713488678";"0,32668198227765016";"0,4842632097144733";"False";"BATANG TUBUH";"PASAL 9"
"12";"BAB V";"286,9";"324,87999999999994";"425,59999999999997";"437,59999999999997";"609,4";"BCDEEE+BookmanOldStyle";"12,0";"305,89";"304,7";"0,0019527404003938263";"0,4707909419100755";"0,06232359698063663";"True";"BATANG TUBUH";"BAB V"
"12";"PENERAPAN NILAI DASAR, KODE ETIK DAN KODE PERILAKU";"154,65";"525,4159999999999";"445,4";"457,4";"609,4";"BCDEEE+BookmanOldStyle";"12,0";"340,03299999999996";"304,7";"0,057979980308500115";"0,253774204135215";"0,6084115523465704";"True";"BATANG TUBUH";"BAB V"
"12";"PEGAWAI ASN";"261,48";"347,904";"463,99999999999994";"475,99999999999994";"609,4";"BCDEEE+BookmanOldStyle";"12,0";"304,692";"304,7";"1,312766655723885e-05";"0,4290777814243519";"0,1418181818181818";"True";"BATANG TUBUH";"BAB V"
"12";"Pasal 10";"290,7";"340,524";"503,59999999999997";"515,5999999999999";"609,4";"BCDEEE+BookmanOldStyle";"12,0";"315,61199999999997";"304,7";"0,01790613718411549";"0,47702658352477845";"0,08175910731867413";"False";"BATANG TUBUH";"PASAL 10"
"12";"Penerapan Nilai Dasar, Kode Etik dan Kode Perilaku";"177,25";"538,188";"543,02";"555,02";"609,4";"BCDEEE+BookmanOldStyle";"12,0";"357,719";"304,7";"0,08700196914998361";"0,29085986215950116";"0,5922842139809649";"False";"BATANG TUBUH";"PASAL 10"
"12";"dilakukan melalui:";"178,65";"289,21799999999996";"561,6199999999999";"573,6199999999999";"609,4";"BCDEEE+BookmanOldStyle";"12,0";"233,93399999999997";"304,7";"0,11612405644896623";"0,2931572038070233";"0,18143747948802094";"False";"BATANG TUBUH";"PASAL 10"
"12";"a. internalisasi; dan";"178,05";"301,74";"581,42";"593,42";"609,4";"BCDEEE+BookmanOldStyle";"12,0";"239,895";"304,7";"0,10634230390548077";"0,2921726288152281";"0,2029701345585822";"False";"BATANG TUBUH";"PASAL 10"
"12";"b. institusionalisasi.";"178,05";"303,23999999999995";"601,22";"613,22";"609,4";"BCDEEE+BookmanOldStyle";"12,0";"240,64499999999998";"304,7";"0,1051115851657368";"0,2921726288152281";"0,20543157203807014";"False";"BATANG TUBUH";"PASAL 10"
"12";"Pasal 11";"290,7";"340,524";"640,65";"652,65";"609,4";"BCDEEE+BookmanOldStyle";"12,0";"315,61199999999997";"304,7";"0,01790613718411549";"0,47702658352477845";"0,08175910731867413";"False";"BATANG TUBUH";"PASAL 11"
"12";"Internalisasi sebagaimana dimaksud dalam Pasal 10 huruf a";"177,25";"538,1320000000001";"680,05";"692,05";"609,4";"BCDEEE+BookmanOldStyle";"12,0";"357,69100000000003";"304,7";"0,08695602231703323";"0,29085986215950116";"0,5921923203150641";"False";"BATANG TUBUH";"PASAL 11"
"12";"dilakukan melalui:";"178,05";"288,61799999999994";"698,8499999999999";"710,8499999999999";"609,4";"BCDEEE+BookmanOldStyle";"12,0";"233,33399999999997";"304,7";"0,11710863144076143";"0,2921726288152281";"0,1814374794880209";"False";"BATANG TUBUH";"PASAL 11"
"12";"a. menyiapkan berbagai sarana sosialisasi seperti modul";"177,25";"538,224";"718,4499999999999";"730,4499999999999";"609,4";"BCDEEE+BookmanOldStyle";"12,0";"357,737";"304,7";"0,0870315063997375";"0,29085986215950116";"0,5923432884804727";"False";"BATANG TUBUH";"PASAL 11"
"12";"sosialisasi, leaflet, buku saku, dan media lainnya";"198,27";"538,2719999999999";"737,25";"749,31";"609,4";"BCDEEE+BookmanOldStyle";"12,0";"368,27099999999996";"304,7";"0,10431736133902195";"0,3253528060387266";"0,5579291106005907";"False";"BATANG TUBUH";"PASAL 11"
"12";"untuk sosialisasi;";"198,27";"302,23799999999994";"756,0699999999999";"768,0699999999999";"609,4";"BCDEEE+BookmanOldStyle";"12,0";"250,25399999999996";"304,7";"0,08934361667213657";"0,3253528060387266";"0,1706071545782736";"False";"BATANG TUBUH";"PASAL 11"
"12";"b. sosialisasi atau orientasi tugas kepada Pegawai ASN";"177,25";"538,224";"775,67";"787,67";"609,4";"BCDEEE+BookmanOldStyle";"12,0";"357,737";"304,7";"0,0870315063997375";"0,29085986215950116";"0,5923432884804727";"False";"BATANG TUBUH";"PASAL 11"
"12";"baru;";"198,27";"229,87800000000001";"794,47";"806,47";"609,4";"BCDEEE+BookmanOldStyle";"12,0";"214,074";"304,7";"0,14871348867738757";"0,3253528060387266";"0,05186741056777159";"False";"BATANG TUBUH";"PASAL 11"
"12";"c. sosialisasi kepada pejabat yang baru dilantik; dan";"177,25";"493,8239999999999";"814,0699999999999";"826,0699999999999";"609,4";"BCDEEE+BookmanOldStyle";"12,0";"335,5369999999999";"304,7";"0,050602231703314626";"0,29085986215950116";"0,519484739087627";"False";"BATANG TUBUH";"PASAL 11"
"12";"d. sosialisasi secara berkala kepada seluruh Pegawai ASN";"177,25";"538,476";"833,875";"845,875";"609,4";"BCDEEE+BookmanOldStyle";"12,0";"357,863";"304,7";"0,08723826714801446";"0,29085986215950116";"0,5927568099770266";"False";"BATANG TUBUH";"PASAL 11"
"12";"saat pelaksanaan apel pagi.";"198,27";"361,71999999999997";"852,675";"864,675";"609,4";"BCDEEE+BookmanOldStyle";"12,0";"279,995";"304,7";"0,04053987528716768";"0,3253528060387266";"0,2682146373482113";"False";"BATANG TUBUH";"PASAL 11"
"13";"13";"297,3";"312,14";"38,700000000000045";"50,700000000000045";"609,4";"BCDEEE+BookmanOldStyle";"12,0";"304,72";"304,7";"3,2819166393237044e-05";"0,4878569084345258";"0,024351821463734782";"False";"BATANG TUBUH";"PASAL 11"
"13";"Pasal 12";"290,7";"340,54";"81,51999999999998";"93,51999999999998";"609,4";"BCDEEE+BookmanOldStyle";"12,0";"315,62";"304,7";"0,01791926485067282";"0,47702658352477845";"0,0817853626517887";"False";"BATANG TUBUH";"PASAL 12"
"13";"(1) Institusionalisasi sebagaimana dimaksud dalam Pasal 10";"176,65";"538,2560000000001";"122,12";"134,12";"609,4";"BCDEEE+BookmanOldStyle";"12,0";"357,45300000000003";"304,7";"0,08656547423695446";"0,28987528716770594";"0,5933803741384971";"False";"BATANG TUBUH";"PASAL 12"
"13";"huruf b melalui:";"199,08";"294,688";"141,51999999999998";"153,51999999999998";"609,4";"BCDEEE+BookmanOldStyle";"12,0";"246,88400000000001";"304,7";"0,09487364620938624";"0,32668198227765016";"0,15688874302592712";"False";"BATANG TUBUH";"PASAL 12"
"13";"a. pemeliharaan komitmen; dan";"198,27";"388,038";"161,72000000000003";"173,72000000000003";"609,4";"BCDEEE+BookmanOldStyle";"12,0";"293,154";"304,7";"0,018946504758779115";"0,3253528060387266";"0,31140137840498855";"False";"BATANG TUBUH";"PASAL 12"
"13";"b. pencegahan.";"198,27";"289,14";"182,14999999999998";"194,14999999999998";"609,4";"BCDEEE+BookmanOldStyle";"12,0";"243,70499999999998";"304,7";"0,10009025270758123";"0,3253528060387266";"0,14911388250738428";"False";"BATANG TUBUH";"PASAL 12"
"13";"(2) Pemeliharaan komitmen sebagaimana dimaksud pada";"177,25";"538,332";"202,35000000000002";"214,35000000000002";"609,4";"BCDEEE+BookmanOldStyle";"12,0";"357,791";"304,7";"0,08712011814899903";"0,29085986215950116";"0,5925205119789957";"False";"BATANG TUBUH";"PASAL 12"
"13";"ayat (1) huruf a dilakukan melalui:";"199,08";"404,86799999999994";"221,75";"233,75";"609,4";"BCDEEE+BookmanOldStyle";"12,0";"301,974";"304,7";"0,004473252379389562";"0,32668198227765016";"0,33768953068592045";"False";"BATANG TUBUH";"PASAL 12"
"13";"a. pemantauan secara langsung oleh atasan;";"198,48";"463,004";"241,95000000000005";"253,95000000000005";"609,4";"BCDEEE+BookmanOldStyle";"12,0";"330,742";"304,7";"0,042733836560551415";"0,32569740728585495";"0,43407285854939287";"False";"BATANG TUBUH";"PASAL 12"
"13";"b. menerapkan Whistle Blower System atau membuka";"198,48";"538,418";"262,35";"274,40999999999997";"609,4";"BCDEEE+BookmanOldStyle";"12,0";"368,449";"304,7";"0,10460945191992127";"0,32569740728585495";"0,5578240892681325";"False";"BATANG TUBUH";"PASAL 12"
"13";"pengaduan baik dari kalangan internal maupun";"212,68";"538,328";"281,77";"293,77";"609,4";"BCDEEE+BookmanOldStyle";"12,0";"375,504";"304,7";"0,11618641286511328";"0,3489990154250082";"0,53437479488021";"False";"BATANG TUBUH";"PASAL 12"
"13";"masyarakat terhadap pelanggaran Kode Etik dan Kode";"212,68";"538,6";"300,97";"312,97";"609,4";"BCDEEE+BookmanOldStyle";"12,0";"375,64";"304,7";"0,11640958319658681";"0,3489990154250082";"0,5348211355431572";"False";"BATANG TUBUH";"PASAL 12"
"13";"Perilaku;";"212,68";"265,10999999999996";"320,37";"332,37";"609,4";"BCDEEE+BookmanOldStyle";"12,0";"238,89499999999998";"304,7";"0,1079832622251395";"0,3489990154250082";"0,08603544469970455";"False";"BATANG TUBUH";"PASAL 12"
"13";"c. membangun budaya beretika;";"198,48";"389,796";"340,57000000000005";"352,57000000000005";"609,4";"BCDEEE+BookmanOldStyle";"12,0";"294,138";"304,7";"0,017331801772235006";"0,32569740728585495";"0,31394158188382015";"False";"BATANG TUBUH";"PASAL 12"
"13";"d. menerapkan reward and punishment;";"198,48";"434,02000000000004";"360,97";"373,03";"609,4";"BCDEEE+BookmanOldStyle";"12,0";"316,25";"304,7";"0,01895306859205778";"0,32569740728585495";"0,3865113226124057";"False";"BATANG TUBUH";"PASAL 12"
"13";"e. memberikan pelatihan-pelatihan dalam kelas maupun";"198,48";"538,2599999999999";"381,1700000000001";"393,1700000000001";"609,4";"BCDEEE+BookmanOldStyle";"12,0";"368,36999999999995";"304,7";"0,10447981621266814";"0,32569740728585495";"0,5575648178536263";"False";"BATANG TUBUH";"PASAL 12"
"13";"ditempat kerja;";"212,68";"301,67199999999997";"400,6";"412,6";"609,4";"BCDEEE+BookmanOldStyle";"12,0";"257,176";"304,7";"0,07798490318345914";"0,3489990154250082";"0,14603216278306524";"False";"BATANG TUBUH";"PASAL 12"
"13";"f. merancang pembelajaran elektronik (e-Learning) yang";"198,48";"538,432";"420,79999999999995";"432,85999999999996";"609,4";"BCDEEE+BookmanOldStyle";"12,0";"368,456";"304,7";"0,1046209386281589";"0,32569740728585495";"0,5578470626846078";"False";"BATANG TUBUH";"PASAL 12"
"13";"dapat diakses oleh seluruh Pegawai ASN;";"212,68";"455,36199999999997";"440,2";"452,2";"609,4";"BCDEEE+BookmanOldStyle";"12,0";"334,02099999999996";"304,7";"0,04811453889071213";"0,3489990154250082";"0,3982310469314079";"False";"BATANG TUBUH";"PASAL 12"
"13";"g. menerapkan keteladanan dari jabatan pimpinan tinggi";"198,48";"538,2399999999999";"460,59999999999997";"472,59999999999997";"609,4";"BCDEEE+BookmanOldStyle";"12,0";"368,35999999999996";"304,7";"0,10446340662947157";"0,32569740728585495";"0,5575319986872331";"False";"BATANG TUBUH";"PASAL 12"
"13";"ke seluruh Pegawai ASN; dan";"212,68";"385,438";"479,79999999999995";"491,79999999999995";"609,4";"BCDEEE+BookmanOldStyle";"12,0";"299,05899999999997";"304,7";"0,00925664588119465";"0,3489990154250082";"0,2834886773875943";"False";"BATANG TUBUH";"PASAL 12"
"13";"h. mengoptimalkan tugas dan fungsi ASN sebagai";"198,48";"538,384";"500,2";"512,2";"609,4";"BCDEEE+BookmanOldStyle";"12,0";"368,432";"304,7";"0,10458155562848709";"0,32569740728585495";"0,5577682966852642";"False";"BATANG TUBUH";"PASAL 12"
"13";"agen perubahan untuk mensukseskan Nilai Dasar";"212,68";"538,632";"519,42";"531,42";"609,4";"BCDEEE+BookmanOldStyle";"12,0";"375,65599999999995";"304,7";"0,11643583852970128";"0,3489990154250082";"0,5348736462093862";"False";"BATANG TUBUH";"PASAL 12"
"13";"Pegawai ASN.";"212,68";"292,34";"538,8199999999999";"550,8199999999999";"609,4";"BCDEEE+BookmanOldStyle";"12,0";"252,51";"304,7";"0,08564161470298655";"0,3489990154250082";"0,13071873974401046";"False";"BATANG TUBUH";"PASAL 12"
"13";"(3) Pencegahan sebagaimana dimaksud pada ayat (1)";"177,25";"538,706";"559,02";"571,02";"609,4";"BCDEEE+BookmanOldStyle";"12,0";"357,978";"304,7";"0,08742697735477523";"0,29085986215950116";"0,5931342303905481";"False";"BATANG TUBUH";"PASAL 12"
"13";"huruf b dilakukan antara lain melalui:";"198,27";"425,7459999999999";"578,43";"590,43";"609,4";"BCDEEE+BookmanOldStyle";"12,0";"312,008";"304,7";"0,011992123400065627";"0,3253528060387266";"0,3732786347226779";"False";"BATANG TUBUH";"PASAL 12"
"13";"a. mengidentifikasi berbagai kemungkinan risiko akibat";"196,47";"538,4599999999999";"598,6299999999999";"610,6299999999999";"609,4";"BCDEEE+BookmanOldStyle";"12,0";"367,465";"304,7";"0,10299474893337707";"0,322399081063341";"0,5611913357400721";"False";"BATANG TUBUH";"PASAL 12"
"13";"pelanggaran Nilai Dasar, Kode Etik dan Kode Perilaku;";"213,08";"534,5600000000001";"618,02";"630,02";"609,4";"BCDEEE+BookmanOldStyle";"12,0";"373,82000000000005";"304,7";"0,11342303905480812";"0,3496553987528717";"0,5275352806038727";"False";"BATANG TUBUH";"PASAL 12"
"13";"b. menganalisis dampak yang ditimbulkan oleh setiap";"196,47";"538,22";"638,45";"650,45";"609,4";"BCDEEE+BookmanOldStyle";"12,0";"367,345";"304,7";"0,10279783393501812";"0,322399081063341";"0,5607975057433542";"False";"BATANG TUBUH";"PASAL 12"
"13";"berbagai kemungkinan pelanggaran Nilai Dasar,";"213,08";"538,364";"657,65";"669,65";"609,4";"BCDEEE+BookmanOldStyle";"12,0";"375,72200000000004";"304,7";"0,1165441417787989";"0,3496553987528717";"0,5337774860518543";"False";"BATANG TUBUH";"PASAL 12"
"13";"Kode Etik dan Kode Perilaku;";"213,08";"385,4719999999999";"677,05";"689,05";"609,4";"BCDEEE+BookmanOldStyle";"12,0";"299,27599999999995";"304,7";"0,008900557925828742";"0,3496553987528717";"0,2828880866425991";"False";"BATANG TUBUH";"PASAL 12"
"13";"c. mengidentifikasi langkah-langkah pencegahan yang";"196,47";"538,672";"697,25";"709,25";"609,4";"BCDEEE+BookmanOldStyle";"12,0";"367,571";"304,7";"0,10316869051526098";"0,322399081063341";"0,5615392189038398";"False";"BATANG TUBUH";"PASAL 12"
"13";"dapat diambil;";"213,08";"297,87199999999996";"716,65";"728,65";"609,4";"BCDEEE+BookmanOldStyle";"12,0";"255,476";"304,7";"0,08077453232687888";"0,3496553987528717";"0,13914013784049878";"False";"BATANG TUBUH";"PASAL 12"
"13";"d. menyusun media dan menyampaikan";"196,47";"538,2919999999999";"736,8499999999999";"748,8499999999999";"609,4";"BCDEEE+BookmanOldStyle";"12,0";"367,381";"304,7";"0,10285690843452575";"0,322399081063341";"0,5609156547423694";"False";"BATANG TUBUH";"PASAL 12"
"13";"langkah-langkah pencegahan terhadap risiko";"213,08";"538,246";"756,27";"768,27";"609,4";"BCDEEE+BookmanOldStyle";"12,0";"375,663";"304,7";"0,11644732523793899";"0,3496553987528717";"0,5335838529701344";"False";"BATANG TUBUH";"PASAL 12"
"13";"pelanggaran Nilai Dasar, Kode Etik dan Kode Perilaku";"213,08";"538,458";"775,47";"787,47";"609,4";"BCDEEE+BookmanOldStyle";"12,0";"375,769";"304,7";"0,11662126681982281";"0,3496553987528717";"0,5339317361339021";"False";"BATANG TUBUH";"PASAL 12"
"13";"kepada seluruh pegawai; dan";"213,08";"385,68800000000005";"794,87";"806,87";"609,4";"BCDEEE+BookmanOldStyle";"12,0";"299,384";"304,7";"0,008723334427305504";"0,3496553987528717";"0,28324253363964563";"False";"BATANG TUBUH";"PASAL 12"
"13";"e. merespon secara cepat setiap pelanggaran Nilai Dasar,";"196,47";"538,46";"815,0699999999999";"827,0699999999999";"609,4";"BCDEEE+BookmanOldStyle";"12,0";"367,46500000000003";"304,7";"0,10299474893337716";"0,322399081063341";"0,5611913357400722";"False";"BATANG TUBUH";"PASAL 12"
"13";"Kode Etik dan Kode Perilaku agar tidak menjadi";"213,08";"538,2080000000001";"834,475";"846,475";"609,4";"BCDEEE+BookmanOldStyle";"12,0";"375,64400000000006";"304,7";"0,11641614702986557";"0,3496553987528717";"0,5335214965539876";"False";"BATANG TUBUH";"PASAL 12"
"13";"pembiaran.";"213,08";"279,94";"853,875";"865,875";"609,4";"BCDEEE+BookmanOldStyle";"12,0";"246,51";"304,7";"0,09548736462093863";"0,3496553987528717";"0,10971447325237937";"False";"BATANG TUBUH";"PASAL 12"
"14";"14";"297,3";"312,14";"38,700000000000045";"50,700000000000045";"609,4";"BCDEEE+BookmanOldStyle";"12,0";"304,72";"304,7";"3,2819166393237044e-05";"0,4878569084345258";"0,024351821463734782";"False";"BATANG TUBUH";"PASAL 12"
"14";"Pasal 13";"290,7";"340,54";"81,51999999999998";"93,51999999999998";"609,4";"BCDEEE+BookmanOldStyle";"12,0";"315,62";"304,7";"0,01791926485067282";"0,47702658352477845";"0,0817853626517887";"False";"BATANG TUBUH";"PASAL 13"
"14";"Institusionalisasi sebagaimana dimaksud dalam Pasal 12";"176,45";"538,4100000000001";"126,32000000000005";"138,32000000000005";"609,4";"BCDEEE+BookmanOldStyle";"12,0";"357,43000000000006";"304,7";"0,08652773219560236";"0,2895470955037742";"0,5939612733836562";"False";"BATANG TUBUH";"PASAL 13"
"14";"ayat (1) untuk mendorong dan memastikan pihak-pihak";"176,45";"538,61";"147,72000000000003";"159,72000000000003";"609,4";"BCDEEE+BookmanOldStyle";"12,0";"357,53";"304,7";"0,08669182802756807";"0,2895470955037742";"0,5942894650475878";"False";"BATANG TUBUH";"PASAL 13"
"14";"di luar Pemerintah Daerah untuk memahami Kode Etik";"176,45";"538,234";"169,14999999999998";"181,14999999999998";"609,4";"BCDEEE+BookmanOldStyle";"12,0";"357,342";"304,7";"0,08638332786347226";"0,2895470955037742";"0,5936724647193963";"False";"BATANG TUBUH";"PASAL 13"
"14";"dan Kode Perilaku yang dilakukan antara lain melalui:";"176,45";"498,65";"190,75";"202,75";"609,4";"BCDEEE+BookmanOldStyle";"12,0";"337,54999999999995";"304,7";"0,05390548080078761";"0,2895470955037742";"0,5287167705940269";"False";"BATANG TUBUH";"PASAL 13"
"14";"a. menyiapkan berbagai sarana sosialisasi seperti modul";"177,25";"538,2600000000001";"213,14999999999998";"225,14999999999998";"609,4";"BCDEEE+BookmanOldStyle";"12,0";"357,75500000000005";"304,7";"0,08706104364949141";"0,29085986215950116";"0,5924023629799805";"False";"BATANG TUBUH";"PASAL 13"
"14";"sosialisasi, leaflet, buku saku, banner, website dan";"199,08";"538,478";"234,55000000000007";"246,61";"609,4";"BCDEEE+BookmanOldStyle";"12,0";"368,779";"304,7";"0,10515096816540861";"0,32668198227765016";"0,5569379717755167";"False";"BATANG TUBUH";"PASAL 13"
"14";"media lainnya; dan";"199,08";"311,73600000000005";"255,95000000000005";"267,95000000000005";"609,4";"BCDEEE+BookmanOldStyle";"12,0";"255,40800000000002";"304,7";"0,08088611749261565";"0,32668198227765016";"0,1848638004594684";"False";"BATANG TUBUH";"PASAL 13"
"14";"b. memasukkan ketentuan-ketentuan terkait Kode Etik";"177,25";"538,392";"278,35";"290,35";"609,4";"BCDEEE+BookmanOldStyle";"12,0";"357,821";"304,7";"0,08716934689858884";"0,29085986215950116";"0,5926189694781754";"False";"BATANG TUBUH";"PASAL 13"
"14";"dan Kode Perilaku dalam klausul kerja sama, kontrak";"199,08";"538,486";"299,77";"311,77";"609,4";"BCDEEE+BookmanOldStyle";"12,0";"368,783";"304,7";"0,10515753199868728";"0,32668198227765016";"0,5569510994420741";"False";"BATANG TUBUH";"PASAL 13"
"14";"kerja sama dan perjanjian kerja sama lainnya.";"199,08";"473,39";"321,1700000000001";"333,1700000000001";"609,4";"BCDEEE+BookmanOldStyle";"12,0";"336,235";"304,7";"0,051747620610436536";"0,32668198227765016";"0,4501312766655726";"False";"BATANG TUBUH";"PASAL 13"
"14";"BAB VI";"290,7";"332,78";"366,1700000000001";"378,1700000000001";"609,4";"BCDEEE+BookmanOldStyle";"12,0";"311,74";"304,7";"0,011552346570397146";"0,47702658352477845";"0,06905152609123726";"True";"BATANG TUBUH";"BAB VI"
"14";"PENEGAKAN NILAI DASAR, KODE ETIK DAN KODE";"177,25";"538,2699999999999";"388,57000000000005";"400,57000000000005";"609,4";"BCDEEE+BookmanOldStyle";"12,0";"357,75999999999993";"304,7";"0,08706924844108951";"0,29085986215950116";"0,5924187725631767";"True";"BATANG TUBUH";"BAB VI"
"14";"PERILAKU PEGAWAI ASN";"257,08";"409,32399999999996";"410,0";"422,0";"609,4";"BCDEEE+BookmanOldStyle";"12,0";"333,202";"304,7";"0,046770594026911735";"0,42185756481785364";"0,24982605841811614";"True";"BATANG TUBUH";"BAB VI"
"14";"Bagian Kesatu";"263,48";"348,776";"454,79999999999995";"466,79999999999995";"609,4";"BCDEEE+BookmanOldStyle";"12,0";"306,12800000000004";"304,7";"0,002343288480472685";"0,43235969806366925";"0,13996718083360682";"False";"BATANG TUBUH";"BAGIAN KESATU"
"14";"Penerimaan Laporan Dugaan Pelanggaran";"199,08";"447,06";"477,2";"489,2";"609,4";"BCDEEE+BookmanOldStyle";"12,0";"323,07";"304,7";"0,030144404332129972";"0,32668198227765016";"0,4069248441089596";"False";"BATANG TUBUH";"BAGIAN KESATU"
"14";"Pasal 14";"290,7";"340,54";"522,02";"534,02";"609,4";"BCDEEE+BookmanOldStyle";"12,0";"315,62";"304,7";"0,01791926485067282";"0,47702658352477845";"0,0817853626517887";"False";"BATANG TUBUH";"PASAL 14"
"14";"(1) Penegakan Nilai Dasar, Kode Etik dan Kode Perilaku";"177,25";"538,4159999999999";"567,02";"579,02";"609,4";"BCDEEE+BookmanOldStyle";"12,0";"357,83299999999997";"304,7";"0,08718903839842465";"0,29085986215950116";"0,592658352477847";"False";"BATANG TUBUH";"PASAL 14"
"14";"diterapkan jika:";"199,08";"292,068";"588,42";"600,42";"609,4";"BCDEEE+BookmanOldStyle";"12,0";"245,574";"304,7";"0,09702330160813911";"0,32668198227765016";"0,15258943222842136";"False";"BATANG TUBUH";"PASAL 14"
"14";"a. Pegawai ASN diduga tidak menjalankan kewajiban";"198,48";"538,328";"610,8199999999999";"622,8199999999999";"609,4";"BCDEEE+BookmanOldStyle";"12,0";"368,404";"304,7";"0,10453560879553661";"0,32569740728585495";"0,5576764030193633";"False";"BATANG TUBUH";"PASAL 14"
"14";"Nilai Dasar, Kode Etik dan Kode Perilaku; dan";"215,67";"487,27799999999996";"632,22";"644,22";"609,4";"BCDEEE+BookmanOldStyle";"12,0";"351,474";"304,7";"0,07675418444371514";"0,35390548080078765";"0,4456974072858549";"False";"BATANG TUBUH";"PASAL 14"
"14";"b. Pegawai ASN diduga melanggar Nilai Dasar, Kode Etik";"198,48";"538,004";"654,65";"666,65";"609,4";"BCDEEE+BookmanOldStyle";"12,0";"368,242";"304,7";"0,10426977354775194";"0,32569740728585495";"0,5571447325237939";"False";"BATANG TUBUH";"PASAL 14"
"14";"dan Kode Perilaku.";"215,67";"327,104";"676,05";"688,05";"609,4";"BCDEEE+BookmanOldStyle";"12,0";"271,387";"304,7";"0,05466524450278961";"0,35390548080078765";"0,18285854939284543";"False";"BATANG TUBUH";"PASAL 14"
"14";"(2) Dugaan pelanggaran Nilai Dasar, Kode Etik dan Kode";"177,25";"538,032";"698,4499999999999";"710,4499999999999";"609,4";"BCDEEE+BookmanOldStyle";"12,0";"357,641";"304,7";"0,08687397440105027";"0,29085986215950116";"0,5920282244830982";"False";"BATANG TUBUH";"PASAL 14"
"14";"Perilaku oleh Pegawai ASN diterima melalui mekanisme:";"199,08";"530,5200000000001";"719,8499999999999";"731,8499999999999";"609,4";"BCDEEE+BookmanOldStyle";"12,0";"364,80000000000007";"304,7";"0,09862159501148685";"0,32668198227765016";"0,5438792254676732";"False";"BATANG TUBUH";"PASAL 14"
"14";"a. whistle blowing system;";"198,48";"353,5760000000001";"742,25";"754,31";"609,4";"BCDEEE+BookmanOldStyle";"12,0";"276,028";"304,7";"0,047049556941253644";"0,32569740728585495";"0,2545060715457829";"False";"BATANG TUBUH";"PASAL 14"
"14";"b. pengaduan masyarakat;";"198,48";"356,96999999999997";"764,88";"776,88";"609,4";"BCDEEE+BookmanOldStyle";"12,0";"277,72499999999997";"304,7";"0,04426485067279295";"0,32569740728585495";"0,26007548408270426";"False";"BATANG TUBUH";"PASAL 14"
"14";"c. temuan Badan Pemeriksa Keuangan;";"198,48";"433,55";"787,27";"799,27";"609,4";"BCDEEE+BookmanOldStyle";"12,0";"316,015";"304,7";"0,018567443386937967";"0,32569740728585495";"0,3857400722021661";"False";"BATANG TUBUH";"PASAL 14"
"14";"d. temuan Aparat Penegak Hukum;";"198,48";"407,77399999999994";"809,67";"821,67";"609,4";"BCDEEE+BookmanOldStyle";"12,0";"303,12699999999995";"304,7";"0,0025812274368231638";"0,32569740728585495";"0,34344273055464386";"False";"BATANG TUBUH";"PASAL 14"
"14";"e. laporan dari pejabat/pegawai lainnya; dan";"198,48";"465,384";"832,0749999999999";"844,0749999999999";"609,4";"BCDEEE+BookmanOldStyle";"12,0";"331,932";"304,7";"0,04468657696094524";"0,32569740728585495";"0,4379783393501805";"False";"BATANG TUBUH";"PASAL 14"
"14";"f. media lain yang dapat dipertanggung jawabkan.";"198,48";"498,276";"854,475";"866,475";"609,4";"BCDEEE+BookmanOldStyle";"12,0";"348,378";"304,7";"0,07167377748605185";"0,32569740728585495";"0,49195274040039394";"False";"BATANG TUBUH";"PASAL 14"
"15";"15";"297,3";"312,14";"38,700000000000045";"50,700000000000045";"609,4";"BCDEEE+BookmanOldStyle";"12,0";"304,72";"304,7";"3,2819166393237044e-05";"0,4878569084345258";"0,024351821463734782";"False";"BATANG TUBUH";"PASAL 14"
"15";"(3) Pengaduan masyarakat sebagaimana dimaksud pada";"177,25";"538,522";"81,51999999999998";"93,51999999999998";"609,4";"BCDEEE+BookmanOldStyle";"12,0";"357,886";"304,7";"0,08727600918936665";"0,29085986215950116";"0,592832294059731";"False";"BATANG TUBUH";"PASAL 14"
"15";"Pasal 14 ayat (2) huruf b dapat diterima oleh:";"199,08";"466,8879999999999";"103,32000000000005";"115,32000000000005";"609,4";"BCDEEE+BookmanOldStyle";"12,0";"332,984";"304,7";"0,046412865113226114";"0,32668198227765016";"0,43946176567115175";"False";"BATANG TUBUH";"PASAL 14"
"15";"a. Bupati;";"198,27";"257,86199999999997";"126,12";"138,12";"609,4";"BCDEEE+BookmanOldStyle";"12,0";"228,06599999999997";"304,7";"0,12575319986872335";"0,3253528060387266";"0,09778798818510002";"False";"BATANG TUBUH";"PASAL 14"
"15";"b. Inspektur selaku Aparat Pengawas Intern Pemerintah";"198,27";"538,314";"148,92000000000007";"160,92000000000007";"609,4";"BCDEEE+BookmanOldStyle";"12,0";"368,292";"304,7";"0,1043518214637348";"0,3253528060387266";"0,5579980308500164";"False";"BATANG TUBUH";"PASAL 14"
"15";"(APIP);";"213,68";"251,708";"170,95000000000005";"182,95000000000005";"609,4";"BCDEEE+BookmanOldStyle";"12,0";"232,69400000000002";"304,7";"0,11815884476534291";"0,35063997374466693";"0,062402362979980294";"True";"BATANG TUBUH";"PASAL 14"
"15";"c. Kepala Badan Kepegawaian dan Pengembangan";"198,27";"538,63";"193,75";"205,75";"609,4";"BCDEEE+BookmanOldStyle";"12,0";"368,45";"304,7";"0,1046110928782409";"0,3253528060387266";"0,5585165736790286";"False";"BATANG TUBUH";"PASAL 14"
"15";"Sumber Daya Manusia; dan";"215,08";"379,696";"215,55000000000007";"227,55000000000007";"609,4";"BCDEEE+BookmanOldStyle";"12,0";"297,38800000000003";"304,7";"0,011998687233344199";"0,3529373153921891";"0,2701279947489334";"False";"BATANG TUBUH";"PASAL 14"
"15";"d. Atasan Langsung Pegawai ASN Terlapor.";"198,27";"452,73799999999994";"238,35000000000002";"250,35000000000002";"609,4";"BCDEEE+BookmanOldStyle";"12,0";"325,50399999999996";"304,7";"0,03413849688217915";"0,3253528060387266";"0,41757138168690505";"False";"BATANG TUBUH";"PASAL 14"
"15";"(4) Inspektur sebagaimana dimaksud pada Pasal 14 ayat (3)";"177,25";"538,686";"261,15";"273,15";"609,4";"BCDEEE+BookmanOldStyle";"12,0";"357,968";"304,7";"0,08741056777157866";"0,29085986215950116";"0,5931014112241549";"False";"BATANG TUBUH";"PASAL 14"
"15";"huruf b selaku Kepala Unit Pengelola Pengaduan,";"199,08";"538,5300000000001";"282,97";"294,97";"609,4";"BCDEEE+BookmanOldStyle";"12,0";"368,80500000000006";"304,7";"0,10519363308171985";"0,32668198227765016";"0,5570233016081393";"False";"BATANG TUBUH";"PASAL 14"
"15";"menerima pengaduan dari atasan Pegawai ASN terlapor";"199,08";"538,5939999999999";"304,97";"316,97";"609,4";"BCDEEE+BookmanOldStyle";"12,0";"368,837";"304,7";"0,1052461437479488";"0,32668198227765016";"0,5571283229405971";"False";"BATANG TUBUH";"PASAL 14"
"15";"dan Kepala Badan Kepegawaian dan Pengembangan";"199,08";"538,626";"326,77";"338,77";"609,4";"BCDEEE+BookmanOldStyle";"12,0";"368,853";"304,7";"0,10527239908106338";"0,32668198227765016";"0,5571808336068264";"False";"BATANG TUBUH";"PASAL 14"
"15";"Sumber Daya Manusia serta Whistle Blowing System";"199,08";"538,574";"348,57000000000005";"360,63";"609,4";"BCDEEE+BookmanOldStyle";"12,0";"368,827";"304,7";"0,10522973416475223";"0,32668198227765016";"0,557095503774204";"False";"BATANG TUBUH";"PASAL 14"
"15";"untuk disampaikan kepada Bupati melalui Majelis Kode";"199,08";"538,2360000000001";"370,37";"382,37";"609,4";"BCDEEE+BookmanOldStyle";"12,0";"368,6580000000001";"304,7";"0,10495241220873004";"0,32668198227765016";"0,5565408598621596";"False";"BATANG TUBUH";"PASAL 14"
"15";"Etik dan Kode Perilaku.";"199,08";"338,484";"392,1700000000001";"404,1700000000001";"609,4";"BCDEEE+BookmanOldStyle";"12,0";"268,782";"304,7";"0,058939940925500506";"0,32668198227765016";"0,22875615359369866";"False";"BATANG TUBUH";"PASAL 14"
"15";"(5) Persyaratan pengaduan yang dapat diproses adalah";"177,25";"538,3439999999999";"415,20000000000005";"427,2";"609,4";"BCDEEE+BookmanOldStyle";"11,999999999999943";"357,79699999999997";"304,7";"0,08712996389891693";"0,29085986215950116";"0,5925402034788315";"False";"BATANG TUBUH";"PASAL 14"
"15";"pengaduan dengan dilengkapi bukti-bukti yang dapat";"199,08";"538,606";"436,99999999999994";"448,99999999999994";"609,4";"BCDEEE+BookmanOldStyle";"12,0";"368,843";"304,7";"0,10525598949786681";"0,32668198227765016";"0,5571480144404332";"False";"BATANG TUBUH";"PASAL 14"
"15";"dipertanggungjawabkan.";"199,08";"344,53999999999996";"458,79999999999995";"470,79999999999995";"609,4";"BCDEEE+BookmanOldStyle";"12,0";"271,81";"304,7";"0,05397111913357399";"0,32668198227765016";"0,23869379717755163";"False";"BATANG TUBUH";"PASAL 14"
"15";"Bagian Kedua";"290,7";"372,61199999999997";"504,4";"516,4";"609,4";"BCDEEE+BookmanOldStyle";"12,0";"331,65599999999995";"304,7";"0,044233672464719334";"0,47702658352477845";"0,13441417787988183";"False";"BATANG TUBUH";"BAGIAN KEDUA"
"15";"Penegakan Oleh Atasan Langsung";"215,08";"415,816";"527,22";"539,22";"609,4";"BCDEEE+BookmanOldStyle";"12,0";"315,448";"304,7";"0,017637020019691484";"0,3529373153921891";"0,3293994092550049";"False";"BATANG TUBUH";"BAGIAN KEDUA"
"15";"Pasal 15";"290,3";"340,14";"573,02";"585,02";"609,4";"BCDEEE+BookmanOldStyle";"12,0";"315,22";"304,7";"0,017262881522809383";"0,47637020019691506";"0,08178536265178861";"False";"BATANG TUBUH";"PASAL 15"
"15";"(1) Penanganan pelanggaran Kode Etik dimulai dengan";"177,25";"538,0399999999998";"618,6299999999999";"630,6299999999999";"609,4";"BCDEEE+BookmanOldStyle";"12,0";"357,6449999999999";"304,7";"0,08688053823432874";"0,29085986215950116";"0,5920413521496551";"False";"BATANG TUBUH";"PASAL 15"
"15";"adanya laporan dan/atau pengaduan yang diajukan";"198,48";"538,284";"640,45";"652,45";"609,4";"BCDEEE+BookmanOldStyle";"12,0";"368,382";"304,7";"0,10449950771250413";"0,32569740728585495";"0,5576042008532983";"False";"BATANG TUBUH";"PASAL 15"
"15";"secara tertulis, ditandatangani dan disertai dengan";"198,48";"538,184";"662,25";"674,25";"609,4";"BCDEEE+BookmanOldStyle";"12,0";"368,332";"304,7";"0,10441745979652119";"0,32569740728585495";"0,5574401050213323";"False";"BATANG TUBUH";"PASAL 15"
"15";"identitas yang jelas dari pelapor/pengadu.";"198,48";"447,9479999999999";"684,25";"696,25";"609,4";"BCDEEE+BookmanOldStyle";"12,0";"323,21399999999994";"304,7";"0,030380702330160738";"0,32569740728585495";"0,40936659008861165";"False";"BATANG TUBUH";"PASAL 15"
"15";"(2) Laporan dan/atau pengaduan sebagaimana dimaksud";"177,25";"538,252";"707,05";"719,05";"609,4";"BCDEEE+BookmanOldStyle";"12,0";"357,751";"304,7";"0,08705447981621266";"0,29085986215950116";"0,592389235313423";"False";"BATANG TUBUH";"PASAL 15"
"15";"pada ayat (1) yang dapat ditindaklanjuti harus didukung";"198,48";"538,356";"728,8499999999999";"740,8499999999999";"609,4";"BCDEEE+BookmanOldStyle";"12,0";"368,418";"304,7";"0,10455858221201185";"0,32569740728585495";"0,5577223498523137";"False";"BATANG TUBUH";"PASAL 15"
"15";"dengan bukti yang diperlukan.";"198,48";"379,79999999999995";"750,65";"762,65";"609,4";"BCDEEE+BookmanOldStyle";"12,0";"289,14";"304,7";"0,025533311453889075";"0,32569740728585495";"0,2975385625205119";"False";"BATANG TUBUH";"PASAL 15"
"15";"(3) Atasan Langsung Pegawai ASN Terlapor yang";"177,25";"538,346";"773,47";"785,47";"609,4";"BCDEEE+BookmanOldStyle";"12,0";"357,798";"304,7";"0,08713160485723664";"0,29085986215950116";"0,592543485395471";"False";"BATANG TUBUH";"PASAL 15"
"15";"menerima laporan dugaan pelanggaran Kode Etik";"198,48";"538,272";"795,27";"807,27";"609,4";"BCDEEE+BookmanOldStyle";"12,0";"368,37600000000003";"304,7";"0,10448966196258623";"0,32569740728585495";"0,5575845093534625";"False";"BATANG TUBUH";"PASAL 15"
"15";"dan Kode Perilaku harus melakukan pemeriksaan atas";"198,48";"538,3979999999999";"817,27";"829,27";"609,4";"BCDEEE+BookmanOldStyle";"12,0";"368,43899999999996";"304,7";"0,10459304233672462";"0,32569740728585495";"0,5577912701017392";"False";"BATANG TUBUH";"PASAL 15"
"15";"temuan dan/atau pengaduan dan menjaga kerahasiaan";"198,48";"538,2359999999998";"839,0749999999999";"851,0749999999999";"609,4";"BCDEEE+BookmanOldStyle";"12,0";"368,3579999999999";"304,7";"0,10446012471283214";"0,32569740728585495";"0,5575254348539543";"False";"BATANG TUBUH";"PASAL 15"
"15";"identitas pelapor.";"198,48";"300,864";"860,875";"872,875";"609,4";"BCDEEE+BookmanOldStyle";"12,0";"249,67199999999997";"304,7";"0,09029865441417792";"0,32569740728585495";"0,16800787659993435";"False";"BATANG TUBUH";"PASAL 15"
"16";"16";"297,3";"312,14";"38,700000000000045";"50,700000000000045";"609,4";"BCDEEE+BookmanOldStyle";"12,0";"304,72";"304,7";"3,2819166393237044e-05";"0,4878569084345258";"0,024351821463734782";"False";"BATANG TUBUH";"PASAL 15"
"16";"(4) Dalam melakukan pemeriksaan sebagaimana dimaksud";"177,25";"538,0080000000002";"81,51999999999998";"93,51999999999998";"609,4";"BCDEEE+BookmanOldStyle";"12,0";"357,6290000000001";"304,7";"0,08685428290121446";"0,29085986215950116";"0,5919888414834266";"False";"BATANG TUBUH";"PASAL 15"
"16";"pada ayat (3) Atasan Langsung harus melakukan:";"198,48";"492,342";"97,92000000000007";"109,92000000000007";"609,4";"BCDEEE+BookmanOldStyle";"12,0";"345,411";"304,7";"0,06680505415162458";"0,32569740728585495";"0,4822152937315392";"False";"BATANG TUBUH";"PASAL 15"
"16";"a. pemeriksaan terhadap dugaan pelanggaran dan dapat";"198,27";"538,3439999999998";"115,12";"127,12";"609,4";"BCDEEE+BookmanOldStyle";"12,0";"368,3069999999999";"304,7";"0,10437643583852957";"0,3253528060387266";"0,5580472595996059";"False";"BATANG TUBUH";"PASAL 15"
"16";"didampingi oleh Unit Kepatuhan Internal (unit";"214,47";"538,728";"131,51999999999998";"143,51999999999998";"609,4";"BCDEEE+BookmanOldStyle";"12,0";"376,599";"304,7";"0,11798326222513948";"0,3519363308171973";"0,5320938628158843";"False";"BATANG TUBUH";"PASAL 15"
"16";"yang mengelola kepegawaian, dalam hal jika";"214,47";"538,5340000000001";"147,72000000000003";"159,72000000000003";"609,4";"BCDEEE+BookmanOldStyle";"12,0";"376,50200000000007";"304,7";"0,11782408926813272";"0,3519363308171973";"0,5317755169018709";"False";"BATANG TUBUH";"PASAL 15"
"16";"diperlukan); dan";"214,47";"312,008";"164,14999999999998";"176,14999999999998";"609,4";"BCDEEE+BookmanOldStyle";"12,0";"263,239";"304,7";"0,06803577289136858";"0,3519363308171973";"0,16005579258286837";"False";"BATANG TUBUH";"PASAL 15"
"16";"b. permintaan keterangan dan tanggapan terhadap";"198,27";"538,392";"181,35000000000002";"193,35000000000002";"609,4";"BCDEEE+BookmanOldStyle";"12,0";"368,331";"304,7";"0,10441581883820156";"0,3253528060387266";"0,55812602559895";"False";"BATANG TUBUH";"PASAL 15"
"16";"Pegawai ASN Terlapor.";"214,47";"346,77";"197,75";"209,75";"609,4";"BCDEEE+BookmanOldStyle";"12,0";"280,62";"304,7";"0,039514276337381006";"0,3519363308171973";"0,21709878569084343";"False";"BATANG TUBUH";"PASAL 15"
"16";"(5) Apabila berdasarkan hasil pemeriksaan terbukti";"177,25";"538,71";"215,14999999999998";"227,14999999999998";"609,4";"BCDEEE+BookmanOldStyle";"12,0";"357,98";"304,7";"0,08743025927141455";"0,29085986215950116";"0,5931407942238268";"False";"BATANG TUBUH";"PASAL 15"
"16";"adanya dugaan pelanggaran dispilin, atasan langsung";"198,48";"538,5820000000001";"231,35000000000002";"243,35000000000002";"609,4";"BCDEEE+BookmanOldStyle";"12,0";"368,53100000000006";"304,7";"0,10474401050213338";"0,32569740728585495";"0,5580932064325568";"False";"BATANG TUBUH";"PASAL 15"
"16";"harus menjatuhkan sanksi sesuai kewenangan atau";"198,48";"538,2719999999999";"247,75";"259,75";"609,4";"BCDEEE+BookmanOldStyle";"12,0";"368,376";"304,7";"0,10448966196258613";"0,32569740728585495";"0,5575845093534623";"False";"BATANG TUBUH";"PASAL 15"
"16";"meneruskan secara hierarki kepada PyB.";"198,48";"440,78999999999996";"263,95000000000005";"275,95000000000005";"609,4";"BCDEEE+BookmanOldStyle";"12,0";"319,635";"304,7";"0,0245077125041024";"0,32569740728585495";"0,3976206104364949";"False";"BATANG TUBUH";"PASAL 15"
"16";"BAB VII";"290,7";"336,97999999999996";"298,77";"310,77";"609,4";"BCDEEE+BookmanOldStyle";"12,0";"313,84";"304,7";"0,01499835904168032";"0,47702658352477845";"0,0759435510338037";"True";"BATANG TUBUH";"BAB VII"
"16";"MAJELIS KODE ETIK DAN KODE PERILAKU";"201,08";"464,79200000000003";"315,97";"327,97";"609,4";"BCDEEE+BookmanOldStyle";"12,0";"332,93600000000004";"304,7";"0,04633409911388259";"0,32996389891696754";"0,43274040039383";"True";"BATANG TUBUH";"BAB VII"
"16";"Pasal 16";"290,3";"340,14";"350,57000000000005";"362,57000000000005";"609,4";"BCDEEE+BookmanOldStyle";"12,0";"315,22";"304,7";"0,017262881522809383";"0,47637020019691506";"0,08178536265178861";"False";"BATANG TUBUH";"PASAL 16"
"16";"(1) Bupati membentuk Majelis Kode Etik dan Kode Perilaku";"177,25";"538,298";"385,1700000000001";"397,1700000000001";"609,4";"BCDEEE+BookmanOldStyle";"12,0";"357,774";"304,7";"0,08709222185756484";"0,29085986215950116";"0,5924647193961273";"False";"BATANG TUBUH";"PASAL 16"
"16";"untuk menangani dugaan pelanggaran Kode Etik dan";"198,27";"537,8939999999999";"401,6";"413,6";"609,4";"BCDEEE+BookmanOldStyle";"12,0";"368,08199999999994";"304,7";"0,10400722021660641";"0,3253528060387266";"0,5573088283557597";"False";"BATANG TUBUH";"PASAL 16"
"16";"Kode Perilaku yang dilakukan oleh Pegawai ASN.";"198,27";"486,53999999999996";"418,0";"429,99999999999994";"609,4";"BCDEEE+BookmanOldStyle";"11,999999999999943";"342,405";"304,7";"0,06187233344273053";"0,3253528060387266";"0,47303905480800784";"False";"BATANG TUBUH";"PASAL 16"
"16";"(2) Penetapan Majelis Kode Etik dan Kode Perilaku";"177,25";"538,5119999999998";"435,2";"447,2";"609,4";"BCDEEE+BookmanOldStyle";"12,0";"357,8809999999999";"304,7";"0,08726780439776818";"0,29085986215950116";"0,592815884476534";"False";"BATANG TUBUH";"PASAL 16"
"16";"sebagaimana dimaksud pada ayat (1) ditetapkan";"198,27";"538,3279999999999";"451,59999999999997";"463,59999999999997";"609,4";"BCDEEE+BookmanOldStyle";"12,0";"368,2989999999999";"304,7";"0,10436330817197233";"0,3253528060387266";"0,5580210042664915";"False";"BATANG TUBUH";"PASAL 16"
"16";"dengan Keputusan Bupati.";"198,27";"356,58599999999996";"467,79999999999995";"479,79999999999995";"609,4";"BCDEEE+BookmanOldStyle";"12,0";"277,428";"304,7";"0,04475221529373153";"0,3253528060387266";"0,2597899573350836";"False";"BATANG TUBUH";"PASAL 16"
"16";"(3) Masa Kerja Majelis Kode Etik dan Kode Perilaku";"177,25";"538,164";"485,2";"497,2";"609,4";"BCDEEE+BookmanOldStyle";"12,0";"357,707";"304,7";"0,0869822776501477";"0,29085986215950116";"0,5922448309812931";"False";"BATANG TUBUH";"PASAL 16"
"16";"sebagaimana dimaksud pada ayat (2) yakni selama";"198,27";"538,32";"501,59999999999997";"513,5999999999999";"609,4";"BCDEEE+BookmanOldStyle";"12,0";"368,295";"304,7";"0,10435674433869385";"0,3253528060387266";"0,5580078765999344";"False";"BATANG TUBUH";"PASAL 16"
"16";"3 (tiga) tahun sejak Keputusan Bupati tentang Majelis";"198,27";"538,328";"517,8199999999999";"529,8199999999999";"609,4";"BCDEEE+BookmanOldStyle";"12,0";"368,299";"304,7";"0,10436330817197242";"0,3253528060387266";"0,5580210042664916";"False";"BATANG TUBUH";"PASAL 16"
"16";"Kode Etik dan Kode Perilaku ditetapkan dan dapat";"198,27";"538,1459999999998";"534,22";"546,22";"609,4";"BCDEEE+BookmanOldStyle";"12,0";"368,2079999999999";"304,7";"0,10421398096488337";"0,3253528060387266";"0,5577223498523135";"False";"BATANG TUBUH";"PASAL 16"
"16";"diperpanjang kembali sesuai kebutuhan.";"198,27";"439,758";"550,42";"562,42";"609,4";"BCDEEE+BookmanOldStyle";"12,0";"319,014";"304,7";"0,02348867738759439";"0,3253528060387266";"0,39627174269773546";"False";"BATANG TUBUH";"PASAL 16"
"16";"Pasal 17";"290,7";"340,54";"585,02";"597,02";"609,4";"BCDEEE+BookmanOldStyle";"12,0";"315,62";"304,7";"0,01791926485067282";"0,47702658352477845";"0,0817853626517887";"False";"BATANG TUBUH";"PASAL 17"
"16";"(1) Keanggotaan Majelis Kode Etik dan Kode Perilaku";"177,25";"538,032";"619,8199999999999";"631,8199999999999";"609,4";"BCDEEE+BookmanOldStyle";"12,0";"357,641";"304,7";"0,08687397440105027";"0,29085986215950116";"0,5920282244830982";"False";"BATANG TUBUH";"PASAL 17"
"16";"sebagaimana dimaksud dalam Pasal 16 ayat (2) terdiri";"199,08";"538,554";"636,05";"648,05";"609,4";"BCDEEE+BookmanOldStyle";"12,0";"368,817";"304,7";"0,10521332458155566";"0,32668198227765016";"0,5570626846078108";"False";"BATANG TUBUH";"PASAL 17"
"16";"atas:";"199,08";"227,67600000000002";"652,45";"664,45";"609,4";"BCDEEE+BookmanOldStyle";"12,0";"213,37800000000001";"304,7";"0,14985559566787";"0,32668198227765016";"0,04692484410895964";"False";"BATANG TUBUH";"PASAL 17"
"16";"a. 1 (satu) orang Ketua;";"199,08";"343,402";"669,65";"681,65";"609,4";"BCDEEE+BookmanOldStyle";"12,0";"271,241";"304,7";"0,0549048244174598";"0,32668198227765016";"0,2368263866097801";"False";"BATANG TUBUH";"PASAL 17"
"16";"b. 2 (dua) orang Anggota Tetap; dan";"199,08";"415,22200000000004";"687,05";"699,05";"609,4";"BCDEEE+BookmanOldStyle";"12,0";"307,151";"304,7";"0,0040219888414834625";"0,32668198227765016";"0,3546800131276666";"False";"BATANG TUBUH";"PASAL 17"
"16";"c. 2 (dua) orang Anggota Tidak Tetap.";"199,08";"425,902";"704,25";"716,25";"609,4";"BCDEEE+BookmanOldStyle";"12,0";"312,491";"304,7";"0,012784706268460776";"0,32668198227765016";"0,37220544798162125";"False";"BATANG TUBUH";"PASAL 17"
"16";"(2) Keanggotaan Majelis Kode Etik dan Kode Perilaku";"177,25";"538,388";"721,65";"733,65";"609,4";"BCDEEE+BookmanOldStyle";"12,0";"357,819";"304,7";"0,08716606498194951";"0,29085986215950116";"0,5926124056448967";"False";"BATANG TUBUH";"PASAL 17"
"16";"sebagaimana dimaksud dalam ayat (1) terdiri atas";"198,48";"538,302";"738,05";"750,05";"609,4";"BCDEEE+BookmanOldStyle";"12,0";"368,391";"304,7";"0,10451427633738108";"0,32569740728585495";"0,5576337381030522";"False";"BATANG TUBUH";"PASAL 17"
"16";"Sekretaris Daerah, Inspektur, Kepala Badan";"198,48";"538,468";"754,27";"766,27";"609,4";"BCDEEE+BookmanOldStyle";"12,0";"368,474";"304,7";"0,10465047587791271";"0,32569740728585495";"0,5579061371841154";"False";"BATANG TUBUH";"PASAL 17"
"16";"Kepegawaian dan Pengembangan Sumber Daya Manusia,";"198,48";"538,1880000000001";"770,67";"782,67";"609,4";"BCDEEE+BookmanOldStyle";"12,0";"368,33400000000006";"304,7";"0,10442074171316061";"0,32569740728585495";"0,5574466688546112";"False";"BATANG TUBUH";"PASAL 17"
"16";"Atasan Langsung Pegawai ASN Terlapor yang diduga";"198,48";"538,25";"786,87";"798,87";"609,4";"BCDEEE+BookmanOldStyle";"12,0";"368,365";"304,7";"0,10447161142106995";"0,32569740728585495";"0,55754840827043";"False";"BATANG TUBUH";"PASAL 17"
"16";"melakukan pelanggaran Kode Etik dan Kode Perilaku";"198,48";"538,1879999999999";"803,27";"815,27";"609,4";"BCDEEE+BookmanOldStyle";"12,0";"368,33399999999995";"304,7";"0,10442074171316042";"0,32569740728585495";"0,5574466688546109";"False";"BATANG TUBUH";"PASAL 17"
"16";"dan unsur eksternal yang berasal dari profesional atau";"198,48";"538,308";"819,67";"831,67";"609,4";"BCDEEE+BookmanOldStyle";"12,0";"368,394";"304,7";"0,10451919921234004";"0,32569740728585495";"0,5576435838529701";"False";"BATANG TUBUH";"PASAL 17"
"16";"tokoh masyarakat yang memahami pelaksanaan tugas";"198,48";"538,164";"835,875";"847,875";"609,4";"BCDEEE+BookmanOldStyle";"12,0";"368,322";"304,7";"0,1044010502133246";"0,32569740728585495";"0,5574072858549393";"False";"BATANG TUBUH";"PASAL 17"
"16";"Pegawai ASN.";"198,48";"278,082";"852,275";"864,275";"609,4";"BCDEEE+BookmanOldStyle";"12,0";"238,281";"304,7";"0,10899081063340989";"0,32569740728585495";"0,1306235641614703";"False";"BATANG TUBUH";"PASAL 17"
"17";"17";"297,3";"312,14";"38,700000000000045";"50,700000000000045";"609,4";"BCDEEE+BookmanOldStyle";"12,0";"304,72";"304,7";"3,2819166393237044e-05";"0,4878569084345258";"0,024351821463734782";"False";"BATANG TUBUH";"PASAL 17"
"17";"Pasal 18";"290,7";"340,54";"81,51999999999998";"93,51999999999998";"609,4";"BCDEEE+BookmanOldStyle";"12,0";"315,62";"304,7";"0,01791926485067282";"0,47702658352477845";"0,0817853626517887";"False";"BATANG TUBUH";"PASAL 18"
"17";"Majelis Kode Etik dan Kode Perilaku sebagaimana dimaksud";"178,65";"538,2560000000001";"126,51999999999998";"138,51999999999998";"609,4";"BCDEEE+BookmanOldStyle";"12,0";"358,45300000000003";"304,7";"0,08820643255661313";"0,2931572038070233";"0,5900984574991798";"False";"BATANG TUBUH";"PASAL 18"
"17";"dalam Pasal 17 ayat (2) mempunyai tugas antara lain:";"178,65";"497,98999999999995";"148,12";"160,12";"609,4";"BCDEEE+BookmanOldStyle";"12,0";"338,32";"304,7";"0,05516901870692485";"0,2931572038070233";"0,524023629799803";"False";"BATANG TUBUH";"PASAL 18"
"17";"a. melakukan pemeriksaan data dan informasi baik atas";"177,25";"538,296";"170,75";"182,75";"609,4";"BCDEEE+BookmanOldStyle";"12,0";"357,773";"304,7";"0,08709058089924522";"0,29085986215950116";"0,5924614374794881";"False";"BATANG TUBUH";"PASAL 18"
"17";"prakarsa sendiri maupun atas laporan;";"199,08";"430,536";"192,14999999999998";"204,14999999999998";"609,4";"BCDEEE+BookmanOldStyle";"12,0";"314,808";"304,7";"0,01658680669510995";"0,32668198227765016";"0,3798096488349196";"False";"BATANG TUBUH";"PASAL 18"
"17";"b. melakukan pemutuskan hasil penanganan dugaan";"177,25";"538,664";"214,75";"226,75";"609,4";"BCDEEE+BookmanOldStyle";"12,0";"357,957";"304,7";"0,08739251723006237";"0,29085986215950116";"0,5930653101411224";"False";"BATANG TUBUH";"PASAL 18"
"17";"pelanggaran Nilai Dasar, Kode Etik dan Kode Perilaku;";"199,08";"538,4280000000001";"236,35000000000002";"248,35000000000002";"609,4";"BCDEEE+BookmanOldStyle";"12,0";"368,7540000000001";"304,7";"0,10510994420741727";"0,32668198227765016";"0,5568559238595341";"False";"BATANG TUBUH";"PASAL 18"
"17";"dan";"199,08";"221,388";"257,95000000000005";"269,95000000000005";"609,4";"BCDEEE+BookmanOldStyle";"12,0";"210,234";"304,7";"0,1550147686248769";"0,32668198227765016";"0,03660649819494584";"False";"BATANG TUBUH";"PASAL 18"
"17";"c. membuat rekomendasi pemberian tindakan administratif";"177,25";"538,634";"280,35";"292,35";"609,4";"BCDEEE+BookmanOldStyle";"12,0";"357,942";"304,7";"0,0873679028552675";"0,29085986215950116";"0,5930160813915327";"False";"BATANG TUBUH";"PASAL 18"
"17";"lainnya terhadap Pegawai ASN yang diputuskan";"199,08";"538,582";"301,97";"313,97";"609,4";"BCDEEE+BookmanOldStyle";"12,0";"368,831";"304,7";"0,1052362979980309";"0,32668198227765016";"0,5571086314407614";"False";"BATANG TUBUH";"PASAL 18"
"17";"melanggar Nilai Dasar, Kode Etik dan Kode Perilaku";"199,08";"538,2";"323,57000000000005";"335,57000000000005";"609,4";"BCDEEE+BookmanOldStyle";"12,0";"368,64000000000004";"304,7";"0,10492287495897613";"0,32668198227765016";"0,5564817853626518";"False";"BATANG TUBUH";"PASAL 18"
"17";"apabila dipandang perlu kepada Bupati.";"199,08";"436,39";"344,97";"356,97";"609,4";"BCDEEE+BookmanOldStyle";"12,0";"317,735";"304,7";"0,021389891696750943";"0,32668198227765016";"0,3894158188382015";"False";"BATANG TUBUH";"PASAL 18"
"17";"Pasal 19";"290,7";"340,54";"390,1700000000001";"402,1700000000001";"609,4";"BCDEEE+BookmanOldStyle";"12,0";"315,62";"304,7";"0,01791926485067282";"0,47702658352477845";"0,0817853626517887";"False";"BATANG TUBUH";"PASAL 19"
"17";"Untuk membantu pelaksanaan tugas Majelis Kode Etik dan";"177,25";"538,2579999999999";"435,2";"447,2";"609,4";"BCDEEE+BookmanOldStyle";"12,0";"357,75399999999996";"304,7";"0,0870594026911716";"0,29085986215950116";"0,5923990810633409";"False";"BATANG TUBUH";"PASAL 19"
"17";"Kode Perilaku sebagaimana dimaksud dalam Pasal 18, maka";"178,45";"538,312";"456,79999999999995";"468,79999999999995";"609,4";"BCDEEE+BookmanOldStyle";"12,0";"358,381";"304,7";"0,08808828355759761";"0,29282901214309154";"0,5905185428290122";"False";"BATANG TUBUH";"PASAL 19"
"17";"dibentuk Sekretariat Majelis Kode Etik dan Kode Perilaku";"178,45";"538,1";"478,4";"490,4";"609,4";"BCDEEE+BookmanOldStyle";"12,0";"358,275";"304,7";"0,08791434197571381";"0,29282901214309154";"0,5901706596652446";"False";"BATANG TUBUH";"PASAL 19"
"17";"yang melaksanakan fungsi kesekretariatan Majelis Kode Etik";"178,45";"538,0420000000001";"499,79999999999995";"511,79999999999995";"609,4";"BCDEEE+BookmanOldStyle";"12,0";"358,2460000000001";"304,7";"0,0878667541844439";"0,29282901214309154";"0,5900754840827046";"False";"BATANG TUBUH";"PASAL 19"
"17";"dan Kode Perilaku.";"178,45";"289,8579999999999";"521,42";"533,42";"609,4";"BCDEEE+BookmanOldStyle";"12,0";"234,15399999999994";"304,7";"0,11576304561864137";"0,29282901214309154";"0,18281588447653413";"False";"BATANG TUBUH";"PASAL 19"
"17";"Pasal 20";"286,9";"336,73999999999995";"566,42";"578,42";"609,4";"BCDEEE+BookmanOldStyle";"12,0";"311,81999999999994";"304,7";"0,011683623235969722";"0,4707909419100755";"0,08178536265178861";"False";"BATANG TUBUH";"PASAL 20"
"17";"Susunan keanggotaan Sekretariat Majelis Kode Etik dan";"178,05";"538,598";"611,6299999999999";"623,6299999999999";"609,4";"BCDEEE+BookmanOldStyle";"12,0";"358,32399999999996";"304,7";"0,08799474893337704";"0,2921726288152281";"0,5916442402362979";"False";"BATANG TUBUH";"PASAL 20"
"17";"Kode Perilaku sebagaimana dimaksud dalam Pasal 19";"178,65";"538,61";"633,02";"645,02";"609,4";"BCDEEE+BookmanOldStyle";"12,0";"358,63";"304,7";"0,08849688217919266";"0,2931572038070233";"0,5906793567443388";"False";"BATANG TUBUH";"PASAL 20"
"17";"ditetapkan dengan Keputusan Bupati.";"178,65";"404,03999999999996";"654,65";"666,65";"609,4";"BCDEEE+BookmanOldStyle";"12,0";"291,34499999999997";"304,7";"0,02191499835904171";"0,2931572038070233";"0,36985559566786996";"False";"BATANG TUBUH";"PASAL 20"
"17";"Pasal 21";"286,9";"336,74";"699,8499999999999";"711,8499999999999";"609,4";"BCDEEE+BookmanOldStyle";"12,0";"311,82";"304,7";"0,011683623235969814";"0,4707909419100755";"0,0817853626517887";"False";"BATANG TUBUH";"PASAL 21"
"17";"Dalam hal Pegawai ASN yang diduga melanggar Kode Etik";"177,25";"538,566";"744,8499999999999";"756,8499999999999";"609,4";"BCDEEE+BookmanOldStyle";"12,0";"357,908";"304,7";"0,08731211027239913";"0,29085986215950116";"0,5929044962257959";"False";"BATANG TUBUH";"PASAL 21"
"17";"dan Kode Perilaku merupakan Anggota Majelis Kode Etik";"177,25";"538,5020000000001";"766,47";"778,47";"609,4";"BCDEEE+BookmanOldStyle";"12,0";"357,87600000000003";"304,7";"0,08725959960617008";"0,29085986215950116";"0,5927994748933378";"False";"BATANG TUBUH";"PASAL 21"
"17";"dan Kode Perilaku sebagaimana dimaksud dalam Pasal 17";"177,25";"538,4100000000001";"787,87";"799,87";"609,4";"BCDEEE+BookmanOldStyle";"12,0";"357,83000000000004";"304,7";"0,08718411552346579";"0,29085986215950116";"0,5926485067279292";"False";"BATANG TUBUH";"PASAL 21"
"17";"ayat (2), maka yang bersangkutan diganti dalam";"177,25";"538,3199999999999";"809,47";"821,47";"609,4";"BCDEEE+BookmanOldStyle";"12,0";"357,78499999999997";"304,7";"0,08711027239908103";"0,29085986215950116";"0,5925008204791598";"False";"BATANG TUBUH";"PASAL 21"
"17";"keanggotaan Majelis Kode Etik dan Kode Perilaku oleh unsur";"177,25";"538,4380000000001";"831,0749999999999";"843,0749999999999";"609,4";"BCDEEE+BookmanOldStyle";"12,0";"357,84400000000005";"304,7";"0,08720708893994103";"0,29085986215950116";"0,5926944535608798";"False";"BATANG TUBUH";"PASAL 21"
"17";"lain yang terkait penanganan pelanggaran Pegawai ASN.";"177,25";"509,21799999999996";"852,475";"864,475";"609,4";"BCDEEE+BookmanOldStyle";"12,0";"343,234";"304,7";"0,06323268788972759";"0,29085986215950116";"0,5447456514604528";"False";"BATANG TUBUH";"PASAL 21"
"18";"18";"297,3";"312,14";"38,700000000000045";"50,700000000000045";"609,4";"BCDEEE+BookmanOldStyle";"12,0";"304,72";"304,7";"3,2819166393237044e-05";"0,4878569084345258";"0,024351821463734782";"False";"BATANG TUBUH";"PASAL 21"
"18";"Pasal 22";"283,5";"333,34";"81,51999999999998";"93,51999999999998";"609,4";"BCDEEE+BookmanOldStyle";"12,0";"308,41999999999996";"304,7";"0,006104364949130244";"0,465211683623236";"0,08178536265178861";"False";"BATANG TUBUH";"PASAL 22"
"18";"Tata Cara Pemanggilan dan Pemeriksaan dugaan";"177,25";"538,6419999999999";"124,51999999999998";"136,51999999999998";"609,4";"BCDEEE+BookmanOldStyle";"12,0";"357,94599999999997";"304,7";"0,08737446668854608";"0,29085986215950116";"0,5930292090580899";"False";"BATANG TUBUH";"PASAL 22"
"18";"pelanggaran Kode Etik dan Kode Perilaku:";"178,65";"427,39";"145,12";"157,12";"609,4";"BCDEEE+BookmanOldStyle";"12,0";"303,02";"304,7";"0,002756809977026595";"0,2931572038070233";"0,40817197243190023";"False";"BATANG TUBUH";"PASAL 22"
"18";"(1) Tata Cara Pemanggilan:";"178,65";"345,73999999999995";"166,75";"178,75";"609,4";"BCDEEE+BookmanOldStyle";"12,0";"262,195";"304,7";"0,06974893337709222";"0,2931572038070233";"0,27418772563176885";"False";"BATANG TUBUH";"PASAL 22"
"18";"a. Pegawai ASN yang diduga melakukan pelanggaran";"207,48";"538,3959999999998";"188,35000000000002";"200,35000000000002";"609,4";"BCDEEE+BookmanOldStyle";"12,0";"372,93799999999993";"304,7";"0,11197571381686897";"0,34046603216278304";"0,5430193633081717";"False";"BATANG TUBUH";"PASAL 22"
"18";"Kode Etik dan Kode Perilaku, dipanggil secara";"224,88";"538,2360000000001";"208,75";"220,75";"609,4";"BCDEEE+BookmanOldStyle";"12,0";"381,55800000000005";"304,7";"0,12612077453232698";"0,3690187069248441";"0,5142041352149658";"False";"BATANG TUBUH";"PASAL 22"
"18";"tertulis untuk diperiksa oleh Atasan Langsung atau";"224,88";"538,692";"229,35000000000002";"241,35000000000002";"609,4";"BCDEEE+BookmanOldStyle";"12,0";"381,786";"304,7";"0,1264949130292091";"0,3690187069248441";"0,5149524122087299";"False";"BATANG TUBUH";"PASAL 22"
"18";"Majelis Kode Etik dan Kode Perilaku;";"224,88";"442,4879999999999";"249,95000000000005";"261,95000000000005";"609,4";"BCDEEE+BookmanOldStyle";"12,0";"333,68399999999997";"304,7";"0,04756153593698717";"0,3690187069248441";"0,357085658024286";"False";"BATANG TUBUH";"PASAL 22"
"18";"b. pemanggilan secara tertulis bagi Pegawai ASN yang";"207,48";"538,832";"271,35";"283,35";"609,4";"BCDEEE+BookmanOldStyle";"12,0";"373,156";"304,7";"0,11233344273055468";"0,34046603216278304";"0,5437348211355432";"False";"BATANG TUBUH";"PASAL 22"
"18";"diduga melakukan pelanggaran Kode Etik dan Kode";"224,88";"538,2599999999999";"291,97";"303,97";"609,4";"BCDEEE+BookmanOldStyle";"12,0";"381,56999999999994";"304,7";"0,1261404660321627";"0,3690187069248441";"0,5142435182146372";"False";"BATANG TUBUH";"PASAL 22"
"18";"Perilaku, dilakukan paling lambat 7 (tujuh) hari";"224,88";"538,368";"312,57000000000005";"324,57000000000005";"609,4";"BCDEEE+BookmanOldStyle";"12,0";"381,624";"304,7";"0,12622907778142442";"0,3690187069248441";"0,5144207417131605";"False";"BATANG TUBUH";"PASAL 22"
"18";"kerja sebelum tanggal pemeriksaan;";"224,88";"437,37600000000003";"333,1700000000001";"345,1700000000001";"609,4";"BCDEEE+BookmanOldStyle";"12,0";"331,12800000000004";"304,7";"0,0433672464719397";"0,3690187069248441";"0,34869707909419106";"False";"BATANG TUBUH";"PASAL 22"
"18";"c. apabila Pegawai ASN yang diduga melakukan";"207,48";"538,318";"354,57000000000005";"366,57000000000005";"609,4";"BCDEEE+BookmanOldStyle";"12,0";"372,899";"304,7";"0,11191171644240239";"0,34046603216278304";"0,5428913685592386";"False";"BATANG TUBUH";"PASAL 22"
"18";"pelanggaran Kode Etik dan Kode Perilaku pada";"224,88";"538,284";"375,1700000000001";"387,1700000000001";"609,4";"BCDEEE+BookmanOldStyle";"12,0";"381,582";"304,7";"0,1261601575319987";"0,3690187069248441";"0,5142829012143092";"False";"BATANG TUBUH";"PASAL 22"
"18";"tanggal yang seharusnya bersangkutan diperiksa";"224,88";"538,164";"395,77";"407,77";"609,4";"BCDEEE+BookmanOldStyle";"12,0";"381,522";"304,7";"0,12606170003281916";"0,3690187069248441";"0,5140859862159501";"False";"BATANG TUBUH";"PASAL 22"
"18";"tidak hadir, maka dilakukan pemanggilan kedua";"224,88";"538,008";"416,20000000000005";"428,2";"609,4";"BCDEEE+BookmanOldStyle";"11,999999999999943";"381,444";"304,7";"0,12593370528388584";"0,3690187069248441";"0,5138299967180835";"False";"BATANG TUBUH";"PASAL 22"
"18";"paling lambat 7 (tujuh) hari kerja sejak tanggal";"224,88";"538,1640000000001";"436,79999999999995";"448,79999999999995";"609,4";"BCDEEE+BookmanOldStyle";"12,0";"381,52200000000005";"304,7";"0,12606170003281927";"0,3690187069248441";"0,5140859862159503";"False";"BATANG TUBUH";"PASAL 22"
"18";"seharusnya yang bersangkutan diperiksa pada";"224,88";"538,02";"457,4";"469,4";"609,4";"BCDEEE+BookmanOldStyle";"12,0";"381,45";"304,7";"0,12594355103380375";"0,3690187069248441";"0,5138496882179192";"False";"BATANG TUBUH";"PASAL 22"
"18";"pemanggilan pertama;";"224,88";"355,82399999999996";"477,79999999999995";"489,79999999999995";"609,4";"BCDEEE+BookmanOldStyle";"12,0";"290,352";"304,7";"0,02354446997046277";"0,3690187069248441";"0,21487364620938623";"False";"BATANG TUBUH";"PASAL 22"
"18";"d. dalam menentukan tanggal pemeriksaan pada";"207,27";"538,522";"499,4";"511,4";"609,4";"BCDEEE+BookmanOldStyle";"12,0";"372,896";"304,7";"0,11190679356744343";"0,3401214309156548";"0,5435707253035774";"False";"BATANG TUBUH";"PASAL 22"
"18";"surat pemanggilan pertama dan surat pemanggilan";"224,88";"538,6179999999999";"520,02";"532,02";"609,4";"BCDEEE+BookmanOldStyle";"12,0";"381,74899999999997";"304,7";"0,12643419757138166";"0,3690187069248441";"0,514830981293075";"False";"BATANG TUBUH";"PASAL 22"
"18";"kedua harus memperhatikan waktu yang";"224,88";"538,512";"540,6199999999999";"552,6199999999999";"609,4";"BCDEEE+BookmanOldStyle";"12,0";"381,69599999999997";"304,7";"0,12634722678043975";"0,3690187069248441";"0,5146570397111913";"False";"BATANG TUBUH";"PASAL 22"
"18";"diperlukan untuk menyampaikan dan diterimanya";"224,88";"538,432";"561,02";"573,02";"609,4";"BCDEEE+BookmanOldStyle";"12,0";"381,656";"304,7";"0,12628158844765347";"0,3690187069248441";"0,5145257630456187";"False";"BATANG TUBUH";"PASAL 22"
"18";"surat panggilan; dan";"224,88";"347,09999999999997";"581,6199999999999";"593,6199999999999";"609,4";"BCDEEE+BookmanOldStyle";"12,0";"285,99";"304,7";"0,030702330160813883";"0,3690187069248441";"0,2005579258286839";"False";"BATANG TUBUH";"PASAL 22"
"18";"e. apabila pada tanggal pemeriksaan yang ditentukan";"207,27";"538,348";"603,22";"615,22";"609,4";"BCDEEE+BookmanOldStyle";"12,0";"372,80899999999997";"304,7";"0,11176403019363305";"0,3401214309156548";"0,5432851985559567";"False";"BATANG TUBUH";"PASAL 22"
"18";"dalam surat pemanggilan kedua Pegawai ASN yang";"224,88";"538,832";"623,6199999999999";"635,6199999999999";"609,4";"BCDEEE+BookmanOldStyle";"12,0";"381,856";"304,7";"0,1266097801115852";"0,3690187069248441";"0,5151821463734821";"False";"BATANG TUBUH";"PASAL 22"
"18";"bersangkutan tidak hadir kembali, maka PyB";"224,88";"538,6519999999999";"644,25";"656,25";"609,4";"BCDEEE+BookmanOldStyle";"12,0";"381,76599999999996";"304,7";"0,12646209386281584";"0,3690187069248441";"0,5148867738759435";"False";"BATANG TUBUH";"PASAL 22"
"18";"menjatuhkan sanksi berdasarkan alat bukti dan";"224,88";"538,14";"664,8499999999999";"676,8499999999999";"609,4";"BCDEEE+BookmanOldStyle";"12,0";"381,51";"304,7";"0,12604200853298328";"0,3690187069248441";"0,5140466032162783";"False";"BATANG TUBUH";"PASAL 22"
"18";"keterangan yang ada tanpa dilakukan pemeriksaan.";"224,88";"531,876";"685,4499999999999";"697,4499999999999";"609,4";"BCDEEE+BookmanOldStyle";"12,0";"378,378";"304,7";"0,12090252707581227";"0,3690187069248441";"0,5037676403019363";"False";"BATANG TUBUH";"PASAL 22"
"18";"(2) Tata Cara Pemeriksaan:";"177,25";"346,57";"706,8499999999999";"718,8499999999999";"609,4";"BCDEEE+BookmanOldStyle";"12,0";"261,90999999999997";"304,7";"0,07021660649819499";"0,29085986215950116";"0,2778470626846078";"False";"BATANG TUBUH";"PASAL 22"
"18";"a. sebelum melakukan pemeriksaan, atasan Iangsung";"205,88";"538,4800000000001";"728,4499999999999";"740,4499999999999";"609,4";"BCDEEE+BookmanOldStyle";"12,0";"372,18000000000006";"304,7";"0,1107318674105679";"0,33784049885132916";"0,5457827371184775";"False";"BATANG TUBUH";"PASAL 22"
"18";"atau Majelis Kode Etik dan Kode Perilaku";"226,27";"538,454";"749,05";"761,05";"609,4";"BCDEEE+BookmanOldStyle";"12,0";"382,36199999999997";"304,7";"0,12744010502133243";"0,3712996389891697";"0,5122809320643256";"False";"BATANG TUBUH";"PASAL 22"
"18";"mempelajari Iebih dahulu dengan seksama";"226,27";"538,018";"769,47";"781,47";"609,4";"BCDEEE+BookmanOldStyle";"12,0";"382,144";"304,7";"0,1270823761076469";"0,3712996389891697";"0,5115654742369545";"False";"BATANG TUBUH";"PASAL 22"
"18";"terhadap laporan-laporan atau bahan-bahan";"226,27";"538,6719999999999";"790,0699999999999";"802,0699999999999";"609,4";"BCDEEE+BookmanOldStyle";"12,0";"382,47099999999995";"304,7";"0,1276189694781752";"0,3712996389891697";"0,512638660978011";"False";"BATANG TUBUH";"PASAL 22"
"18";"mengenai pelanggaran Kode Etik dan Kode Perilaku";"226,27";"538,2459999999999";"810,67";"822,67";"609,4";"BCDEEE+BookmanOldStyle";"12,0";"382,2579999999999";"304,7";"0,12726944535608786";"0,3712996389891697";"0,5119396127338364";"False";"BATANG TUBUH";"PASAL 22"
"18";"yang diduga dilakukan oleh Pegawai ASN yang";"226,27";"538,832";"831,275";"843,275";"609,4";"BCDEEE+BookmanOldStyle";"12,0";"382,551";"304,7";"0,12775024614374794";"0,3712996389891697";"0,5129012143091566";"False";"BATANG TUBUH";"PASAL 22"
"18";"bersangkutan;";"226,27";"311,638";"851,675";"863,675";"609,4";"BCDEEE+BookmanOldStyle";"12,0";"268,954";"304,7";"0,05865769609451917";"0,3712996389891697";"0,1400853298326222";"False";"BATANG TUBUH";"PASAL 22"
"19";"19";"297,3";"312,14";"38,700000000000045";"50,700000000000045";"609,4";"BCDEEE+BookmanOldStyle";"12,0";"304,72";"304,7";"3,2819166393237044e-05";"0,4878569084345258";"0,024351821463734782";"False";"BATANG TUBUH";"PASAL 22"
"19";"b. pemeriksaan terhadap Terlapor dilakukan secara";"206,08";"538,74";"81,51999999999998";"93,51999999999998";"609,4";"BCDEEE+BookmanOldStyle";"12,0";"372,41";"304,7";"0,11110928782408933";"0,33816869051526094";"0,5458811946176567";"False";"BATANG TUBUH";"PASAL 22"
"19";"tertutup, hanya diketahui dan dihadiri oleh";"226,48";"538,3659999999999";"103,32000000000005";"115,32000000000005";"609,4";"BCDEEE+BookmanOldStyle";"12,0";"382,42299999999994";"304,7";"0,12754020347883158";"0,371644240236298";"0,5117919264850671";"False";"BATANG TUBUH";"PASAL 22"
"19";"Pegawai ASN terlapor yang diperiksa dan pemeriksa;";"226,48";"535,868";"125,12";"137,12";"609,4";"BCDEEE+BookmanOldStyle";"12,0";"381,17400000000004";"304,7";"0,12549064653757802";"0,371644240236298";"0,5076928126025599";"False";"BATANG TUBUH";"PASAL 22"
"19";"c. Pegawai ASN yang diperiksa karena diduga";"206,08";"538,316";"147,92000000000007";"159,92000000000007";"609,4";"BCDEEE+BookmanOldStyle";"12,0";"372,19800000000004";"304,7";"0,11076140466032171";"0,33816869051526094";"0,5451854282901214";"False";"BATANG TUBUH";"PASAL 22"
"19";"melakukan pelanggaran Kode Etik dan Kode";"226,48";"538,3000000000001";"169,95000000000005";"181,95000000000005";"609,4";"BCDEEE+BookmanOldStyle";"12,0";"382,39000000000004";"304,7";"0,127486051854283";"0,371644240236298";"0,5116836232359699";"False";"BATANG TUBUH";"PASAL 22"
"19";"Perilaku, wajib menjawab setiap pertanyaan yang";"226,48";"538,51";"191,75";"203,75";"609,4";"BCDEEE+BookmanOldStyle";"12,0";"382,495";"304,7";"0,1276583524778471";"0,371644240236298";"0,5120282244830981";"False";"BATANG TUBUH";"PASAL 22"
"19";"diajukan selama pemeriksaan dalam sidang Majelis";"226,48";"538,266";"213,55000000000007";"225,55000000000007";"609,4";"BCDEEE+BookmanOldStyle";"12,0";"382,373";"304,7";"0,1274581555628487";"0,371644240236298";"0,5116278306531014";"False";"BATANG TUBUH";"PASAL 22"
"19";"Kode Etik dan Kode Perilaku oleh atasan";"226,48";"538,61";"235,35000000000002";"247,35000000000002";"609,4";"BCDEEE+BookmanOldStyle";"12,0";"382,545";"304,7";"0,12774040039383006";"0,371644240236298";"0,512192320315064";"False";"BATANG TUBUH";"PASAL 22"
"19";"langsungnya;";"226,48";"305,44";"257,15";"269,15";"609,4";"BCDEEE+BookmanOldStyle";"12,0";"265,96";"304,7";"0,06357072530357731";"0,371644240236298";"0,12957006892024944";"False";"BATANG TUBUH";"PASAL 22"
"19";"d. dalam hal Pegawai ASN Terlapor yang diperiksa";"206,08";"538,462";"279,95000000000005";"291,95000000000005";"609,4";"BCDEEE+BookmanOldStyle";"12,0";"372,271";"304,7";"0,11088119461765676";"0,33816869051526094";"0,5454250082047916";"False";"BATANG TUBUH";"PASAL 22"
"19";"tidak mau menjawab pertanyaan sebagaimana";"226,48";"538,4580000000001";"301,97";"313,97";"609,4";"BCDEEE+BookmanOldStyle";"12,0";"382,46900000000005";"304,7";"0,12761568756153605";"0,371644240236298";"0,511942894650476";"False";"BATANG TUBUH";"PASAL 22"
"19";"dimaksud pada huruf c, maka yang bersangkutan";"226,48";"538,2679999999999";"323,77";"335,77";"609,4";"BCDEEE+BookmanOldStyle";"12,0";"382,37399999999997";"304,7";"0,12745979652116834";"0,371644240236298";"0,5116311125697406";"False";"BATANG TUBUH";"PASAL 22"
"19";"dianggap mengakui dugaan pelanggaran Kode Etik";"226,48";"538,268";"345,57000000000005";"357,57000000000005";"609,4";"BCDEEE+BookmanOldStyle";"12,0";"382,374";"304,7";"0,12745979652116843";"0,371644240236298";"0,5116311125697408";"False";"BATANG TUBUH";"PASAL 22"
"19";"dan Kode Perilaku yang dituduhkan kepadanya;";"226,48";"511,02";"367,38";"379,38";"609,4";"BCDEEE+BookmanOldStyle";"12,0";"368,75";"304,7";"0,10510338037413852";"0,371644240236298";"0,46691828027568094";"False";"BATANG TUBUH";"PASAL 22"
"19";"e. hasil pemeriksaan sebagaimana dimaksud pada";"206,08";"538,16";"390,1700000000001";"402,1700000000001";"609,4";"BCDEEE+BookmanOldStyle";"12,0";"372,12";"304,7";"0,11063340991138829";"0,33816869051526094";"0,5449294387922545";"False";"BATANG TUBUH";"PASAL 22"
"19";"huruf d dituangkan dalam bentuk berita acara";"226,48";"538,242";"412,0";"423,99999999999994";"609,4";"BCDEEE+BookmanOldStyle";"11,999999999999943";"382,361";"304,7";"0,12743846406301282";"0,371644240236298";"0,5115884476534295";"False";"BATANG TUBUH";"PASAL 22"
"19";"pemeriksaan yang ditandatangani oleh Anggota";"226,48";"538,396";"433,99999999999994";"445,99999999999994";"609,4";"BCDEEE+BookmanOldStyle";"12,0";"382,438";"304,7";"0,12756481785362653";"0,371644240236298";"0,511841155234657";"False";"BATANG TUBUH";"PASAL 22"
"19";"Majelis Kode Etik dan Kode Perilaku serta Terlapor;";"226,48";"530,01";"455,79999999999995";"467,79999999999995";"609,4";"BCDEEE+BookmanOldStyle";"12,0";"378,245";"304,7";"0,1206842796192977";"0,371644240236298";"0,4980800787659993";"False";"BATANG TUBUH";"PASAL 22"
"19";"f. apabila Pegawai ASN yang diperiksa mempersulit";"205,88";"538,444";"478,59999999999997";"490,59999999999997";"609,4";"BCDEEE+BookmanOldStyle";"12,0";"372,162";"304,7";"0,1107023301608139";"0,33784049885132916";"0,5457236626189694";"False";"BATANG TUBUH";"PASAL 22"
"19";"pemeriksaan, maka hal itu tidak menjadi hambatan";"226,27";"538,2579999999999";"500,4";"512,4";"609,4";"BCDEEE+BookmanOldStyle";"12,0";"382,26399999999995";"304,7";"0,12727929110600586";"0,3712996389891697";"0,5119593042336724";"False";"BATANG TUBUH";"PASAL 22"
"19";"untuk menjatuhkan sanksi berdasarkan bukti-bukti";"226,27";"538,556";"522,22";"534,22";"609,4";"BCDEEE+BookmanOldStyle";"12,0";"382,413";"304,7";"0,1275237938956351";"0,3712996389891697";"0,5124483098129309";"False";"BATANG TUBUH";"PASAL 22"
"19";"yang ada;";"226,27";"283,14";"544,02";"556,02";"609,4";"BCDEEE+BookmanOldStyle";"12,0";"254,70499999999998";"304,7";"0,08203971119133575";"0,3712996389891697";"0,09332129963898914";"False";"BATANG TUBUH";"PASAL 22"
"19";"g. apabila menurut hasil pemeriksaan, ternyata";"205,88";"538,176";"567,02";"579,02";"609,4";"BCDEEE+BookmanOldStyle";"12,0";"372,028";"304,7";"0,11048244174597971";"0,33784049885132916";"0,5452838857893011";"False";"BATANG TUBUH";"PASAL 22"
"19";"kewenangan untuk menjatuhkan sanksi kepada";"226,27";"537,994";"588,8199999999999";"600,8199999999999";"609,4";"BCDEEE+BookmanOldStyle";"12,0";"382,132";"304,7";"0,127062684607811";"0,3712996389891697";"0,5115260912372827";"False";"BATANG TUBUH";"PASAL 22"
"19";"Pegawai ASN tersebut merupakan kewenangan:";"226,27";"507,562";"610,6199999999999";"622,6199999999999";"609,4";"BCDEEE+BookmanOldStyle";"12,0";"366,916";"304,7";"0,10209386281588449";"0,3712996389891697";"0,46158844765342966";"False";"BATANG TUBUH";"PASAL 22"
"19";"1) Atasan Langsung yang bersangkutan, maka";"226,27";"538,358";"633,45";"645,45";"609,4";"BCDEEE+BookmanOldStyle";"12,0";"382,31399999999996";"304,7";"0,12736133902198882";"0,3712996389891697";"0,5121234000656383";"False";"BATANG TUBUH";"PASAL 22"
"19";"Atasan Langsung tersebut wajib menjatuhkan";"248,08";"538,486";"655,25";"667,25";"609,4";"BCDEEE+BookmanOldStyle";"12,0";"393,283";"304,7";"0,14536101083032496";"0,40708893994092554";"0,4765441417787988";"False";"BATANG TUBUH";"PASAL 22"
"19";"sanksi; dan";"248,08";"316,384";"677,05";"689,05";"609,4";"BCDEEE+BookmanOldStyle";"12,0";"282,232";"304,7";"0,03686905152609118";"0,40708893994092554";"0,11208401706596653";"False";"BATANG TUBUH";"PASAL 22"
"19";"2) pejabat yang lebih tinggi, maka atasan";"226,27";"538,358";"700,05";"712,05";"609,4";"BCDEEE+BookmanOldStyle";"12,0";"382,31399999999996";"304,7";"0,12736133902198882";"0,3712996389891697";"0,5121234000656383";"False";"BATANG TUBUH";"PASAL 22"
"19";"langsungnya wajib melaporkan secara hierarki";"248,08";"538,024";"721,8499999999999";"733,8499999999999";"609,4";"BCDEEE+BookmanOldStyle";"12,0";"393,052";"304,7";"0,1449819494584838";"0,40708893994092554";"0,47578601903511647";"False";"BATANG TUBUH";"PASAL 22"
"19";"disertai berita acara pemeriksaan.";"248,08";"449,176";"743,65";"755,65";"609,4";"BCDEEE+BookmanOldStyle";"12,0";"348,628";"304,7";"0,07208401706596652";"0,40708893994092554";"0,32999015425008205";"False";"BATANG TUBUH";"PASAL 22"
"19";"i. apabila Atasan Langsung dari Pegawai ASN yang";"216,27";"538,622";"766,47";"778,47";"609,4";"BCDEEE+BookmanOldStyle";"12,0";"377,44599999999997";"304,7";"0,11937315392189035";"0,3548900557925829";"0,528966196258615";"False";"BATANG TUBUH";"PASAL 22"
"19";"bersangkutan terlibat dalam pelanggaran tersebut,";"234,27";"538,754";"788,27";"800,27";"609,4";"BCDEEE+BookmanOldStyle";"12,0";"386,512";"304,7";"0,134250082047916";"0,38442730554643917";"0,4996455530029538";"False";"BATANG TUBUH";"PASAL 22"
"19";"maka yang menjadi Anggota Majelis Kode Etik dan";"234,27";"538,098";"810,0699999999999";"822,0699999999999";"609,4";"BCDEEE+BookmanOldStyle";"12,0";"386,18399999999997";"304,7";"0,1337118477190679";"0,38442730554643917";"0,4985690843452576";"False";"BATANG TUBUH";"PASAL 22"
"19";"Kode Perilaku adalah atasan yang lebih tinggi";"234,27";"538,194";"832,0749999999999";"844,0749999999999";"609,4";"BCDEEE+BookmanOldStyle";"12,0";"386,23199999999997";"304,7";"0,13379061371841153";"0,38442730554643917";"0,49872661634394483";"False";"BATANG TUBUH";"PASAL 22"
"19";"secara berjenjang;";"234,27";"341,53999999999996";"853,875";"865,875";"609,4";"BCDEEE+BookmanOldStyle";"12,0";"287,905";"304,7";"0,02755989497866757";"0,38442730554643917";"0,17602559894978662";"False";"BATANG TUBUH";"PASAL 22"
"20";"20";"297,3";"312,14";"38,700000000000045";"50,700000000000045";"609,4";"BCDEEE+BookmanOldStyle";"12,0";"304,72";"304,7";"3,2819166393237044e-05";"0,4878569084345258";"0,024351821463734782";"False";"BATANG TUBUH";"PASAL 22"
"20";"j. berita acara pemeriksaan harus ditandatangani";"216,27";"538,356";"81,51999999999998";"93,51999999999998";"609,4";"BCDEEE+BookmanOldStyle";"12,0";"377,313";"304,7";"0,11915490646537578";"0,3548900557925829";"0,5285297013455859";"False";"BATANG TUBUH";"PASAL 22"
"20";"oleh Atasan Langsung atau Majelis Kode Etik dan";"234,27";"538,6419999999999";"100,92000000000007";"112,92000000000007";"609,4";"BCDEEE+BookmanOldStyle";"12,0";"386,45599999999996";"304,7";"0,13415818838201504";"0,38442730554643917";"0,4994617656711519";"False";"BATANG TUBUH";"PASAL 22"
"20";"Kode Perilaku dan Pegawai ASN yang diperiksa.";"234,27";"538,538";"120,32000000000005";"132,32000000000005";"609,4";"BCDEEE+BookmanOldStyle";"12,0";"386,404";"304,7";"0,13407285854939285";"0,38442730554643917";"0,49929110600590754";"False";"BATANG TUBUH";"PASAL 22"
"20";"Apabila terdapat penyampaian isi berita acara";"234,27";"538,41";"139,72000000000003";"151,72000000000003";"609,4";"BCDEEE+BookmanOldStyle";"12,0";"386,34";"304,7";"0,13396783721693467";"0,38442730554643917";"0,4990810633409911";"False";"BATANG TUBUH";"PASAL 22"
"20";"pemeriksaan yang menurut pendapat Pegawai ASN";"234,27";"538,6360000000001";"159,32000000000005";"171,32000000000005";"609,4";"BCDEEE+BookmanOldStyle";"12,0";"386,45300000000003";"304,7";"0,1341532655070562";"0,38442730554643917";"0,49945191992123417";"False";"BATANG TUBUH";"PASAL 22"
"20";"yang diperiksa tidak sesuai dengan apa yang";"234,27";"538,494";"178,75";"190,75";"609,4";"BCDEEE+BookmanOldStyle";"12,0";"386,382";"304,7";"0,13403675746636037";"0,38442730554643917";"0,4992189038398426";"False";"BATANG TUBUH";"PASAL 22"
"20";"diucapkan, maka hal itu diberitahukan kepada";"234,27";"538,374";"198,14999999999998";"210,14999999999998";"609,4";"BCDEEE+BookmanOldStyle";"12,0";"386,322";"304,7";"0,13393829996718087";"0,38442730554643917";"0,4990219888414835";"False";"BATANG TUBUH";"PASAL 22"
"20";"pemeriksa dan pemeriksa wajib memeriksanya.";"234,27";"514,044";"217,55000000000007";"229,55000000000007";"609,4";"BCDEEE+BookmanOldStyle";"12,0";"374,157";"304,7";"0,11397604200853298";"0,38442730554643917";"0,45909747292418773";"False";"BATANG TUBUH";"PASAL 22"
"20";"k. Pegawai ASN yang telah diperiksa dapat diberikan";"216,27";"538,4019999999999";"237,95000000000005";"249,95000000000005";"609,4";"BCDEEE+BookmanOldStyle";"12,0";"377,33599999999996";"304,7";"0,11919264850672788";"0,3548900557925829";"0,52860518542829";"False";"BATANG TUBUH";"PASAL 22"
"20";"salinan berita acara pemeriksaan.";"234,27";"434,83199999999994";"257,35";"269,35";"609,4";"BCDEEE+BookmanOldStyle";"12,0";"334,551";"304,7";"0,048984246800131276";"0,38442730554643917";"0,3291138825073842";"False";"BATANG TUBUH";"PASAL 22"
"20";"Pasal 23";"286,9";"336,74";"298,1700000000001";"310,1700000000001";"609,4";"BCDEEE+BookmanOldStyle";"12,0";"311,82";"304,7";"0,011683623235969814";"0,4707909419100755";"0,0817853626517887";"False";"BATANG TUBUH";"PASAL 23"
"20";"Sanksi ditetapkan dengan Surat Keputusan PyB";"199,08";"538,286";"339,1700000000001";"351,1700000000001";"609,4";"BCDEEE+BookmanOldStyle";"12,0";"368,683";"304,7";"0,10499343616672138";"0,32668198227765016";"0,5566229077781423";"False";"BATANG TUBUH";"PASAL 23"
"20";"berdasarkan persetujuan Bupati atas laporan dan";"198,48";"538,0679999999999";"358,57000000000005";"370,57000000000005";"609,4";"BCDEEE+BookmanOldStyle";"12,0";"368,27399999999994";"304,7";"0,10432228421398089";"0,32569740728585495";"0,5572497538562519";"False";"BATANG TUBUH";"PASAL 23"
"20";"rekomendasi sanksi yang diberikan oleh Majelis Kode";"198,48";"538,774";"377,97";"389,97";"609,4";"BCDEEE+BookmanOldStyle";"12,0";"368,627";"304,7";"0,10490154250082051";"0,32569740728585495";"0,558408270429931";"False";"BATANG TUBUH";"PASAL 23"
"20";"Etik dan Kode Perilaku.";"198,48";"337,88399999999996";"397,37";"409,37";"609,4";"BCDEEE+BookmanOldStyle";"12,0";"268,18199999999996";"304,7";"0,05992451591729575";"0,32569740728585495";"0,22875615359369866";"False";"BATANG TUBUH";"PASAL 23"
"20";"BAB VIII";"282,1";"332,38";"438,2";"450,2";"609,4";"BCDEEE+BookmanOldStyle";"12,0";"307,24";"304,7";"0,004168034131933083";"0,46291434197571385";"0,08250738431243843";"True";"BATANG TUBUH";"BAB VIII"
"20";"PENGAWASAN, PEMANTAUAN DAN EVALUASI";"168,45";"445,94599999999997";"458,79999999999995";"470,79999999999995";"609,4";"BCDEEE+BookmanOldStyle";"12,0";"307,198";"304,7";"0,004099113882507369";"0,27641942894650473";"0,45535936987200526";"True";"BATANG TUBUH";"BAB VIII"
"20";"PENERAPAN NILAI DASAR, KODE ETIK DAN KODE PERILAKU PEGAWAI ASN";"76,425";"537,966";"479,2";"491,2";"609,4";"BCDEEE+BookmanOldStyle";"12,0";"307,1955";"304,7";"0,004095011486708226";"0,12541023957991468";"0,7573695438135871";"True";"BATANG TUBUH";"BAB VIII"
"20";"Pasal 24";"282,3";"332,14";"520,02";"532,02";"609,4";"BCDEEE+BookmanOldStyle";"12,0";"307,22";"304,7";"0,004135214965539939";"0,46324253363964557";"0,08178536265178861";"False";"BATANG TUBUH";"PASAL 24"
"20";"Pengawasan Kode Etik dan Kode Perilaku Pegawai ASN";"177,25";"538,436";"560,8199999999999";"572,8199999999999";"609,4";"BCDEEE+BookmanOldStyle";"12,0";"357,843";"304,7";"0,08720544798162132";"0,29085986215950116";"0,5926911716442403";"False";"BATANG TUBUH";"PASAL 24"
"20";"dimaksudkan untuk meningkatkan kepatuhan, semangat";"177,25";"538,52";"580,22";"592,22";"609,4";"BCDEEE+BookmanOldStyle";"12,0";"357,885";"304,7";"0,08727436823104694";"0,29085986215950116";"0,5928290121430916";"False";"BATANG TUBUH";"PASAL 24"
"20";"pengabdian, integritas, profesionalisme dan kesetiaan serta";"177,25";"537,97";"599,6199999999999";"611,6199999999999";"609,4";"BCDEEE+BookmanOldStyle";"12,0";"357,61";"304,7";"0,08682310469314083";"0,29085986215950116";"0,5919264850672794";"False";"BATANG TUBUH";"PASAL 24"
"20";"ketaatan ASN kepada Negara Kesatuan Republik Indonesia";"177,25";"538,1020000000002";"619,22";"631,22";"609,4";"BCDEEE+BookmanOldStyle";"12,0";"357,6760000000001";"304,7";"0,08693140794223846";"0,29085986215950116";"0,5921430915654746";"False";"BATANG TUBUH";"PASAL 24"
"20";"berdasarkan Pancasila dan Undang-Undang Dasar Negara";"177,25";"538,162";"638,65";"650,65";"609,4";"BCDEEE+BookmanOldStyle";"12,0";"357,706";"304,7";"0,08698063669182808";"0,29085986215950116";"0,5922415490646539";"False";"BATANG TUBUH";"PASAL 24"
"20";"Republik Indonesia Tahun 1945.";"177,25";"370,2219999999999";"658,05";"670,05";"609,4";"BCDEEE+BookmanOldStyle";"12,0";"273,736";"304,7";"0,05081063340991139";"0,29085986215950116";"0,3166590088611748";"False";"BATANG TUBUH";"PASAL 24"
"20";"Pasal 25";"286,9";"336,74";"698,8499999999999";"710,8499999999999";"609,4";"BCDEEE+BookmanOldStyle";"12,0";"311,82";"304,7";"0,011683623235969814";"0,4707909419100755";"0,0817853626517887";"False";"BATANG TUBUH";"PASAL 25"
"20";"Pengawasan Kode Etik dan Kode Perilaku sebagaimana";"177,25";"538,2620000000001";"739,65";"751,65";"609,4";"BCDEEE+BookmanOldStyle";"12,0";"357,75600000000003";"304,7";"0,08706268460781103";"0,29085986215950116";"0,5924056448966197";"False";"BATANG TUBUH";"PASAL 25"
"20";"dimaksud dalam Pasal 24 bertujuan untuk:";"177,25";"435,804";"759,27";"771,27";"609,4";"BCDEEE+BookmanOldStyle";"12,0";"306,527";"304,7";"0,0029980308500164067";"0,29085986215950116";"0,4242763373810305";"False";"BATANG TUBUH";"PASAL 25"
"20";"a. mengawasi karakter atau watak, memelihara rasa";"178,65";"537,684";"779,67";"791,67";"609,4";"BCDEEE+BookmanOldStyle";"12,0";"358,167";"304,7";"0,08773711847719065";"0,2931572038070233";"0,5891598293403347";"False";"BATANG TUBUH";"PASAL 25"
"20";"persatuan dan kesatuan secara kekeluargaan guna";"197,48";"537,9200000000001";"799,0699999999999";"811,0699999999999";"609,4";"BCDEEE+BookmanOldStyle";"12,000000000000014";"367,70000000000005";"304,7";"0,10338037413849697";"0,32405644896619623";"0,5586478503446014";"False";"BATANG TUBUH";"PASAL 25"
"20";"mewujudkan kerja sama dan semangat pengabdian";"197,48";"537,8439999999999";"818,47";"830,47";"609,4";"BCDEEE+BookmanOldStyle";"12,0";"367,662";"304,7";"0,10331801772234984";"0,32405644896619623";"0,5585231375123071";"False";"BATANG TUBUH";"PASAL 25"
"20";"kepada masyarakat serta meningkatkan kemampuan,";"197,48";"537,788";"837,875";"849,875";"609,4";"BCDEEE+BookmanOldStyle";"12,0";"367,634";"304,7";"0,10327207088939945";"0,32405644896619623";"0,5584312438464063";"False";"BATANG TUBUH";"PASAL 25"
"20";"dan keteladanan Pegawai ASN;";"197,48";"379,542";"857,275";"869,275";"609,4";"BCDEEE+BookmanOldStyle";"12,0";"288,51099999999997";"304,7";"0,026565474236954417";"0,32405644896619623";"0,2987561535936987";"False";"BATANG TUBUH";"PASAL 25"
"21";"21";"297,3";"312,14";"38,700000000000045";"50,700000000000045";"609,4";"BCDEEE+BookmanOldStyle";"12,0";"304,72";"304,7";"3,2819166393237044e-05";"0,4878569084345258";"0,024351821463734782";"False";"BATANG TUBUH";"PASAL 25"
"21";"b. menumbuhkan dan meningkatkan semangat, kesadaran,";"178,65";"537,828";"81,51999999999998";"93,51999999999998";"609,4";"BCDEEE+BookmanOldStyle";"12,0";"358,239";"304,7";"0,08785526747620609";"0,2931572038070233";"0,5893961273383657";"False";"BATANG TUBUH";"PASAL 25"
"21";"dan wawasan kebangsaan Pegawai ASN sehingga dapat";"197,48";"538,0459999999999";"99,51999999999998";"111,51999999999998";"609,4";"BCDEEE+BookmanOldStyle";"12,0";"367,763";"304,7";"0,10348375451263536";"0,32405644896619623";"0,5588546110928782";"False";"BATANG TUBUH";"PASAL 25"
"21";"menjaga persatuan dan kesatuan bangsa dalam Negara";"197,48";"537,644";"117,32000000000005";"129,32000000000005";"609,4";"BCDEEE+BookmanOldStyle";"12,0";"367,562";"304,7";"0,10315392189038403";"0,32405644896619623";"0,5581949458483755";"False";"BATANG TUBUH";"PASAL 25"
"21";"Kesatuan Republik Indonesia;";"197,48";"374,23999999999995";"135,32000000000005";"147,32000000000005";"609,4";"BCDEEE+BookmanOldStyle";"12,0";"285,85999999999996";"304,7";"0,030915654742369597";"0,32405644896619623";"0,29005579258286834";"False";"BATANG TUBUH";"PASAL 25"
"21";"c. menjaga martabat, kehormatan, citra reputasi dan";"178,65";"537,6959999999999";"154,12";"166,12";"609,4";"BCDEEE+BookmanOldStyle";"12,0";"358,17299999999994";"304,7";"0,08774696422710856";"0,2931572038070233";"0,5891795208401706";"False";"BATANG TUBUH";"PASAL 25"
"21";"kredibilitas instansi serta menciptakan keharmonisan";"197,67";"538,12";"172,14999999999998";"184,14999999999998";"609,4";"BCDEEE+BookmanOldStyle";"12,0";"367,895";"304,7";"0,10370036101083031";"0,3243682310469314";"0,5586642599277979";"False";"BATANG TUBUH";"PASAL 25"
"21";"sesama ASN dalam rangka mencapai dan mewujudkan";"197,67";"537,8340000000001";"189,95000000000005";"201,95000000000005";"609,4";"BCDEEE+BookmanOldStyle";"12,0";"367,752";"304,7";"0,10346570397111918";"0,3243682310469314";"0,5581949458483756";"False";"BATANG TUBUH";"PASAL 25"
"21";"budaya kerja yang sesuai dengan nilai-nilai dasar ASN;";"197,67";"523,718";"207,95000000000005";"219,95000000000005";"609,4";"BCDEEE+BookmanOldStyle";"12,0";"360,69399999999996";"304,7";"0,09188382015096812";"0,3243682310469314";"0,5350311782080736";"False";"BATANG TUBUH";"PASAL 25"
"21";"d. mencegah terjadinya pelanggaran-pelanggaran tata nilai";"178,65";"538,15";"226,75";"238,75";"609,4";"BCDEEE+BookmanOldStyle";"12,0";"358,4";"304,7";"0,08811946176567113";"0,2931572038070233";"0,5899245159172958";"False";"BATANG TUBUH";"PASAL 25"
"21";"etika dalam mewujudkan penyelenggaraan pemerintahan";"197,67";"538,0859999999999";"244,75";"256,75";"609,4";"BCDEEE+BookmanOldStyle";"12,0";"367,87799999999993";"304,7";"0,10367246471939603";"0,3243682310469314";"0,5586084673449294";"False";"BATANG TUBUH";"PASAL 25"
"21";"yang baik, kecurangan, penyalahgunaan wewenang dan";"197,67";"537,834";"262,55000000000007";"274,55000000000007";"609,4";"BCDEEE+BookmanOldStyle";"12,0";"367,75199999999995";"304,7";"0,10346570397111908";"0,3243682310469314";"0,5581949458483755";"False";"BATANG TUBUH";"PASAL 25"
"21";"adanya kepastian perilaku dalam situasi dilematis; dan";"197,67";"524,688";"280,55000000000007";"292,55000000000007";"609,4";"BCDEEE+BookmanOldStyle";"12,0";"361,179";"304,7";"0,09267968493600261";"0,3243682310469314";"0,5366229077781425";"False";"BATANG TUBUH";"PASAL 25"
"21";"e. memberikan acuan bagi para PyB dalam pengambilan";"178,65";"537,9559999999999";"299,37";"311,37";"609,4";"BCDEEE+BookmanOldStyle";"12,0";"358,30299999999994";"304,7";"0,08796028880866419";"0,2931572038070233";"0,5896061700032819";"False";"BATANG TUBUH";"PASAL 25"
"21";"keputusan berupa pemberian sanksi apabila terjadi";"197,48";"537,812";"317,37";"329,37";"609,4";"BCDEEE+BookmanOldStyle";"12,0";"367,646";"304,7";"0,10329176238923536";"0,32405644896619623";"0,5584706268460781";"False";"BATANG TUBUH";"PASAL 25"
"21";"pelanggaran Kode Etik dan Kode Perilaku Pegawai ASN.";"197,48";"525,8100000000001";"335,1700000000001";"347,1700000000001";"609,4";"BCDEEE+BookmanOldStyle";"12,0";"361,64500000000004";"304,7";"0,09344437151296366";"0,32405644896619623";"0,5387758450935347";"False";"BATANG TUBUH";"PASAL 25"
"21";"BAB IX";"290,7";"332,91599999999994";"372,97";"384,97";"609,4";"BCDEEE+BookmanOldStyle";"12,0";"311,808";"304,7";"0,01166393173613391";"0,47702658352477845";"0,06927469642271078";"True";"BATANG TUBUH";"BAB IX"
"21";"DOKUMEN ADMINISTRATIF";"222,08";"388,7";"391,97";"403,97";"609,4";"BCDEEE+BookmanOldStyle";"12,0";"305,39";"304,7";"0,001132261240564486";"0,36442402362979986";"0,27341647522152934";"True";"BATANG TUBUH";"BAB IX"
"21";"Pasal 26";"290,7";"340,54";"429,79999999999995";"441,79999999999995";"609,4";"BCDEEE+BookmanOldStyle";"12,0";"315,62";"304,7";"0,01791926485067282";"0,47702658352477845";"0,0817853626517887";"False";"BATANG TUBUH";"PASAL 26"
"21";"(1) Dokumen administratif Nilai Dasar, Kode Etik dan Kode";"170,65";"538,042";"467,59999999999997";"479,59999999999997";"609,4";"BCDEEE+BookmanOldStyle";"12,0";"354,346";"304,7";"0,08146701673777489";"0,2800295372497539";"0,6028749589760422";"False";"BATANG TUBUH";"PASAL 26"
"21";"Perilaku Pegawai ASN di lingkungan Pemerintah Daerah";"205,27";"538,438";"485,4";"497,4";"609,4";"BCDEEE+BookmanOldStyle";"12,0";"371,854";"304,7";"0,11019691499835904";"0,3368395142763374";"0,5467148014440434";"False";"BATANG TUBUH";"PASAL 26"
"21";"terdiri atas:";"205,27";"273,53999999999996";"503,4";"515,4";"609,4";"BCDEEE+BookmanOldStyle";"12,0";"239,40499999999997";"304,7";"0,10714637348211359";"0,3368395142763374";"0,11202822448309806";"False";"BATANG TUBUH";"PASAL 26"
"21";"a. format surat panggilan;";"206,67";"365,38399999999996";"522,22";"534,22";"609,4";"BCDEEE+BookmanOldStyle";"12,0";"286,027";"304,7";"0,03064161470298655";"0,3391368559238595";"0,2604430587463078";"False";"BATANG TUBUH";"PASAL 26"
"21";"b. format berita acara pemeriksaan;";"206,67";"422,74399999999997";"541,22";"553,22";"609,4";"BCDEEE+BookmanOldStyle";"12,0";"314,707";"304,7";"0,016421069904824427";"0,3391368559238595";"0,3545684279619298";"False";"BATANG TUBUH";"PASAL 26"
"21";"c. format rekomendasi sidang majelis;";"206,67";"436,37";"560,02";"572,02";"609,4";"BCDEEE+BookmanOldStyle";"12,0";"321,52";"304,7";"0,027600918936659";"0,3391368559238595";"0,376928126025599";"False";"BATANG TUBUH";"PASAL 26"
"21";"d. format keputusan penjatuhan sanksi moral;";"206,67";"487,34";"579,02";"591,02";"609,4";"BCDEEE+BookmanOldStyle";"12,0";"347,005";"304,7";"0,0694207417131605";"0,3391368559238595";"0,46056777157860185";"False";"BATANG TUBUH";"PASAL 26"
"21";"e. format surat panggilan dan berita acara penyerahan";"206,67";"538,2679999999999";"597,8199999999999";"609,8199999999999";"609,4";"BCDEEE+BookmanOldStyle";"12,0";"372,46899999999994";"304,7";"0,11120610436494904";"0,3391368559238595";"0,5441384968821792";"False";"BATANG TUBUH";"PASAL 26"
"21";"surat keputusan penjatuhan sanksi moral;";"227,68";"480,724";"615,8199999999999";"627,8199999999999";"609,4";"BCDEEE+BookmanOldStyle";"12,0";"354,202";"304,7";"0,08123071873974402";"0,37361339021988843";"0,4152346570397112";"False";"BATANG TUBUH";"PASAL 26"
"21";"f. format surat penyataan permohonan maaf; dan";"206,67";"507,058";"634,65";"646,65";"609,4";"BCDEEE+BookmanOldStyle";"12,0";"356,864";"304,7";"0,0855989497866754";"0,3391368559238595";"0,49292418772563185";"False";"BATANG TUBUH";"PASAL 26"
"21";"g. format formulir komitmen kepatuhan kode etik dan";"206,67";"538,1479999999998";"653,65";"665,65";"609,4";"BCDEEE+BookmanOldStyle";"12,0";"372,4089999999999";"304,7";"0,11110764686576943";"0,3391368559238595";"0,5439415818838199";"False";"BATANG TUBUH";"PASAL 26"
"21";"kode perilaku.";"227,68";"311,73999999999995";"671,45";"683,4499999999999";"609,4";"BCDEEE+BookmanOldStyle";"11,999999999999972";"269,71";"304,7";"0,05741713160485725";"0,37361339021988843";"0,13793895635050862";"False";"BATANG TUBUH";"PASAL 26"
"21";"(2) Contoh format dokumen administratif sebagaimana";"170,65";"538,424";"690,4499999999999";"702,4499999999999";"609,4";"BCDEEE+BookmanOldStyle";"12,0";"354,537";"304,7";"0,08178043977682965";"0,2800295372497539";"0,6035018050541516";"False";"BATANG TUBUH";"PASAL 26"
"21";"dimaksud pada ayat (1) tercantum dalam Lampiran";"205,27";"538,1019999999999";"708,25";"720,25";"609,4";"BCDEEE+BookmanOldStyle";"12,0";"371,6859999999999";"304,7";"0,10992123400065627";"0,3368395142763374";"0,5461634394486379";"False";"BATANG TUBUH";"PASAL 26"
"21";"yang merupakan bagian tidak terpisahkan dari";"205,27";"538,15";"726,25";"738,25";"609,4";"BCDEEE+BookmanOldStyle";"12,0";"371,71";"304,7";"0,10996061700032818";"0,3368395142763374";"0,5462422054479816";"False";"BATANG TUBUH";"PASAL 26"
"21";"Peraturan Bupati ini.";"205,27";"330,19";"744,05";"756,05";"609,4";"BCDEEE+BookmanOldStyle";"12,0";"267,73";"304,7";"0,06066622907778138";"0,3368395142763374";"0,20498851329176238";"False";"BATANG TUBUH";"PASAL 26"
"21";"Pasal 27";"290,7";"340,54";"781,87";"793,87";"609,4";"BCDEEE+BookmanOldStyle";"12,0";"315,62";"304,7";"0,01791926485067282";"0,47702658352477845";"0,0817853626517887";"False";"BATANG TUBUH";"PASAL 27"
"21";"Perangkat Daerah wajib melaporkan hasil penerapan atau";"177,25";"539,336";"819,67";"831,67";"609,4";"BCDEEE+BookmanOldStyle";"12,0";"358,293";"304,7";"0,0879438792254677";"0,29085986215950116";"0,5941680341319331";"False";"BATANG TUBUH";"PASAL 27"
"21";"pelanggaran atas ketentuan Nilai Dasar, Kode Etik dan Kode";"177,25";"538,276";"837,275";"849,275";"609,4";"BCDEEE+BookmanOldStyle";"12,0";"357,763";"304,7";"0,08707417131604855";"0,29085986215950116";"0,5924286183130948";"False";"BATANG TUBUH";"PASAL 27"
"21";"Perilaku secara berkala setiap akhir tahun berjalan.";"177,25";"484,59";"854,875";"866,875";"609,4";"BCDEEE+BookmanOldStyle";"12,0";"330,91999999999996";"304,7";"0,04302592714145056";"0,29085986215950116";"0,5043321299638989";"False";"BATANG TUBUH";"PASAL 27"
"22";"22";"297,3";"312,14";"38,700000000000045";"50,700000000000045";"609,4";"BCDEEE+BookmanOldStyle";"12,0";"304,72";"304,7";"3,2819166393237044e-05";"0,4878569084345258";"0,024351821463734782";"False";"BATANG TUBUH";"PASAL 27"
"22";"Pasal 28";"290,7";"340,54";"81,51999999999998";"93,51999999999998";"609,4";"BCDEEE+BookmanOldStyle";"12,0";"315,62";"304,7";"0,01791926485067282";"0,47702658352477845";"0,0817853626517887";"False";"BATANG TUBUH";"PASAL 28"
"22";"Peraturan Bupati ini mulai berlaku pada tanggal";"176,45";"538,242";"120,32000000000005";"132,32000000000005";"609,4";"BCDEEE+BookmanOldStyle";"12,0";"357,346";"304,7";"0,08638989169675093";"0,2895470955037742";"0,5936855923859534";"False";"BATANG TUBUH";"PASAL 28"
"22";"diundangkan.";"176,45";"258,71999999999997";"138,72000000000003";"150,72000000000003";"609,4";"BCDEEE+BookmanOldStyle";"12,0";"217,58499999999998";"304,7";"0,142952084017066";"0,2895470955037742";"0,13500164095831962";"False";"BATANG TUBUH";"PASAL 28"
"22";"Agar setiap orang mengetahuinya, memerintahkan";"178,65";"538,2919999999999";"177,75";"189,75";"609,4";"BCDEEE+BookmanOldStyle";"12,0";"358,47099999999995";"304,7";"0,08823596980636686";"0,2931572038070233";"0,5901575319986871";"False";"PENUTUP";""
"22";"pengundangan Peraturan Bupati ini dengan penempatannya";"177,25";"538,066";"196,14999999999998";"208,14999999999998";"609,4";"BCDEEE+BookmanOldStyle";"12,0";"357,658";"304,7";"0,08690187069248446";"0,29085986215950116";"0,5920840170659666";"False";"PENUTUP";""
"22";"dalam Berita Daerah Kabupaten Malang.";"177,25";"418,27799999999996";"214,55000000000007";"226,55000000000007";"609,4";"BCDEEE+BookmanOldStyle";"12,0";"297,764";"304,7";"0,011381686905152575";"0,29085986215950116";"0,39551690187069244";"False";"PENUTUP";""
"22";"Ditetapkan di Kepanjen";"354,52";"493,46200000000005";"271,15";"283,15";"609,4";"BCDEEE+BookmanOldStyle";"12,0";"423,991";"304,7";"0,1957515589104037";"0,5817525434853955";"0,22799803085001652";"False";"PENUTUP";""
"22";"pada tanggal 25 Juni 2025";"354,52";"513,79";"288,1700000000001";"300,1700000000001";"609,4";"BCDEEE+BookmanOldStyle";"12,0";"434,155";"304,7";"0,21243025927141448";"0,5817525434853955";"0,26135543157203805";"False";"PENUTUP";""
"22";"BUPATI MALANG,";"398,52";"508,344";"321,946";"333,946";"609,4";"BCDGEE+BookmanOldStyle-Bold";"12,0";"453,432";"304,7";"0,24406301279947495";"0,6539547095503774";"0,18021660649819496";"True";"PENUTUP";""
"22";"ttd.";"435,15";"458,03";"355,746";"367,746";"609,4";"BCDGEE+BookmanOldStyle-Bold";"12,0";"446,59";"304,7";"0,2328355759763702";"0,7140630127994749";"0,037545126353790606";"False";"PENUTUP";""
"22";"SANUSI";"421,95";"468,95";"389,54600000000005";"401,54600000000005";"609,4";"BCDGEE+BookmanOldStyle-Bold";"12,0";"445,45";"304,7";"0,23096488349195932";"0,6924023629799804";"0,077125041023958";"True";"PENUTUP";""
"22";"Diundangkan di Kepanjen";"70,825";"224,96200000000002";"423,4";"435,4";"609,4";"BCDEEE+BookmanOldStyle";"12,0";"147,89350000000002";"304,7";"0,25731293075155887";"0,11622087298982607";"0,2529323925172301";"False";"PENUTUP";""
"22";"pada tanggal 25 Juni 2025";"70,825";"229,32";"439,2";"451,2";"609,4";"BCDEEE+BookmanOldStyle";"12,0";"150,0725";"304,7";"0,25373728257302264";"0,11622087298982607";"0,2600836888743026";"False";"PENUTUP";""
"22";"Pj. SEKRETARIS DAERAH KABUPATEN MALANG,";"70,825";"377,704";"455,176";"467,176";"609,4";"BCDGEE+BookmanOldStyle-Bold";"12,0";"224,2645";"304,7";"0,1319913029209058";"0,11622087298982607";"0,5035756481785363";"False";"PENUTUP";""
"22";"ttd.";"203,48";"226,35000000000002";"486,97599999999994";"498,97599999999994";"609,4";"BCDGEE+BookmanOldStyle-Bold";"12,0";"214,91500000000002";"304,7";"0,1473334427305546";"0,33390219888414835";"0,037528716770594085";"False";"PENUTUP";""
"22";"NURCAHYO";"178,65";"250,82999999999998";"518,796";"530,796";"609,4";"BCDGEE+BookmanOldStyle-Bold";"12,0";"214,74";"304,7";"0,14762061043649488";"0,2931572038070233";"0,11844437151296354";"True";"PENUTUP";""
"22";"Berita Daerah Kabupaten Malang";"70,825";"267,949";"550,6199999999999";"562,6199999999999";"609,4";"BCDEEE+BookmanOldStyle";"12,0";"169,387";"304,7";"0,22204299310797504";"0,11622087298982607";"0,3234722678043978";"False";"PENUTUP";""
"22";"Tahun 2025 Nomor 15 Seri D";"70,825";"244,48";"566,6199999999999";"578,6199999999999";"609,4";"BCDEEE+BookmanOldStyle";"12,0";"157,6525";"304,7";"0,24129881851000984";"0,11622087298982607";"0,28496061700032815";"False";"PENUTUP";""
