"page";"text";"x0";"x1";"top";"bottom";"page_width";"font_name";"font_size";"line_center";"page_center";"center_score";"left_ratio";"width_ratio";"is_all_caps";"sistematika";"unsur"
"1";"PEMERINTAH KABUPATEN MALANG";"135,65";"483,51000000000005";"128,36";"148,36";"612,2";"Helvetica";"20,0";"309,58000000000004";"306,1";"0,005684416857236227";"0,22157791571381902";"0,5682130022868344";"True";"BODY_TEXT";""
"1";"PERATURAN DAERAH KABUPATEN MALANG";"173,65";"437,7939999999999";"178,13400000000001";"190,13400000000001";"612,2";"Helvetica-Bold";"12,0";"305,722";"306,1";"0,0006174452793205532";"0,28364913426984645";"0,4314668409016659";"True";"JUDUL";""
"1";"NOMOR 2 TAHUN 2009";"223,68";"388,40200000000004";"195,33400000000006";"207,33400000000006";"612,2";"Helvetica-Bold";"12,0";"306,04100000000005";"306,1";"9,637373407378156e-05";"0,36537079385821625";"0,2690656648154198";"True";"JUDUL";""
"1";"TENTANG";"277,08";"334,788";"212,33400000000006";"224,33400000000006";"612,2";"Helvetica-Bold";"12,0";"305,93399999999997";"306,1";"0,00027115321790273383";"0,45259719046063374";"0,09426331264292719";"True";"JUDUL";""
"1";"PENYELENGGARAAN ADMINISTRASI KEPENDUDUKAN";"141,85";"470,352";"229,534";"241,534";"612,2";"Helvetica-Bold";"12,0";"306,101";"306,1";"1,633453119856833e-06";"0,23170532505717084";"0,536592616791898";"True";"JUDUL";""
"1";"DENGAN RAHMAT TUHAN YANG MAHA ESA";"177,05";"434,9179999999999";"263,93399999999997";"275,93399999999997";"612,2";"Helvetica-Bold";"12,0";"305,9839999999999";"306,1";"0,00018948056190803517";"0,289202874877491";"0,421215289121202";"True";"PEMBUKAAN";"FRASA RELIGIUS"
"1";"BUPATI MALANG,";"254,08";"357,72400000000005";"298,154";"310,154";"612,2";"Helvetica-Bold";"12,0";"305,90200000000004";"306,1";"0,0003234237177392667";"0,4150277687030382";"0,169297615158445";"True";"PEMBUKAAN";"PEMBENTUK PPU"
"1";"Menimbang : a. bahwa dalam rangka tertib administrasi pendaftaran penduduk dan";"70,825";"541,0699999999999";"332,754";"344,754";"612,2";"Helvetica";"12,0";"305,9475";"306,1";"0,00024910160078410947";"0,11568931721659588";"0,7681231623652399";"False";"PEMBUKAAN";"KONSIDERANS"
"1";"pencatatan sipil di wilayah Kabupaten Malang, perlu dilakukan";"178,85";"541,0239999999999";"348,95400000000006";"360,95400000000006";"612,2";"Helvetica";"12,0";"359,93699999999995";"306,1";"0,08794021561581171";"0,29214309049330284";"0,5915942502450177";"False";"PEMBUKAAN";"KONSIDERANS"
"1";"penataan penyelenggaraan dan penertiban dokumen";"178,85";"541,0160000000001";"364,95400000000006";"376,95400000000006";"612,2";"Helvetica";"12,0";"359,93300000000005";"306,1";"0,08793368180333228";"0,29214309049330284";"0,5915811826200589";"False";"PEMBUKAAN";"KONSIDERANS"
"1";"kependudukan secara terpadu, terarah, terkoordinasi dan";"178,85";"540,8900000000002";"381,154";"393,154";"612,2";"Helvetica";"12,0";"359,8700000000001";"306,1";"0,08783077425677897";"0,29214309049330284";"0,5913753675269522";"False";"PEMBUKAAN";"KONSIDERANS"
"1";"berkesinambungan;";"178,85";"284,036";"397,35400000000004";"409,35400000000004";"612,2";"Helvetica";"12,0";"231,44299999999998";"306,1";"0,12194870957203534";"0,29214309049330284";"0,17181639986932376";"False";"PEMBUKAAN";"KONSIDERANS"
"1";"b. bahwa peraturan pelaksanaan di bidang administrasi";"160,85";"541,17";"414,554";"426,554";"612,2";"Helvetica";"12,0";"351,01";"306,1";"0,073358379614505";"0,26274093433518453";"0,6212348905586408";"False";"PEMBUKAAN";"KONSIDERANS"
"1";"kependudukan pada saat ini dipandang perlu disesuaikan dengan";"178,85";"541,206";"430,58399999999995";"442,58399999999995";"612,2";"Helvetica";"12,0";"360,028";"306,1";"0,0880888598497223";"0,29214309049330284";"0,5918915387128388";"False";"PEMBUKAAN";"KONSIDERANS"
"1";"perkembangan keadaan dan tuntutan masyarakat;";"178,85";"447,086";"446,78399999999993";"458,78399999999993";"612,2";"Helvetica";"12,0";"312,968";"306,1";"0,011218556027442003";"0,29214309049330284";"0,4381509310682783";"False";"PEMBUKAAN";"KONSIDERANS"
"1";"c. bahwa berdasarkan pertimbangan tersebut pada huruf a dan b";"160,85";"540,9040000000002";"463,984";"475,984";"612,2";"Helvetica";"12,0";"350,8770000000001";"306,1";"0,07314113034955913";"0,26274093433518453";"0,620800392028749";"False";"PEMBUKAAN";"KONSIDERANS"
"1";"konsideran menimbang ini, perlu menetapkan Peraturan Daerah";"178,85";"541,052";"480,18399999999997";"492,18399999999997";"612,2";"Helvetica";"12,0";"359,951";"306,1";"0,08796308395949036";"0,29214309049330284";"0,591639986932375";"False";"PEMBUKAAN";"DIKTUM"
"1";"tentang Penyelenggaraan Administrasi Kependudukan;";"178,85";"472,286";"496,38399999999996";"508,38399999999996";"612,2";"Helvetica";"12,0";"325,568";"306,1";"0,03180006533812473";"0,29214309049330284";"0,4793139496896439";"False";"PEMBUKAAN";"DIKTUM"
"1";"Mengingat : 1. Undang-Undang Nomor 12 Tahun 1950 tentang Pembentukan";"70,825";"540,5200000000003";"530,584";"542,584";"612,2";"Helvetica";"12,0";"305,6725000000002";"306,1";"0,000698301208755045";"0,11568931721659588";"0,7672247631492981";"False";"PEMBUKAAN";"DASAR HUKUM"
"1";"Daerah-daerah Kabupaten di Lingkungan Propinsi Jawa Timur";"178,85";"540,4040000000001";"546,804";"558,804";"612,2";"Helvetica";"12,0";"359,62700000000007";"306,1";"0,0874338451486443";"0,29214309049330284";"0,5905815093106829";"False";"PEMBUKAAN";"DASAR HUKUM"
"1";"(Berita Negara Republik Indonesia Tahun 1950 Nomor 41),";"178,85";"540,2660000000004";"563,0039999999999";"575,0039999999999";"612,2";"Helvetica";"12,0";"359,5580000000002";"306,1";"0,08732113688337176";"0,29214309049330284";"0,5903560927801378";"False";"PEMBUKAAN";"DASAR HUKUM"
"1";"sebagaimana telah diubah dengan Undang-Undang Nomor 2";"178,85";"540,834";"579,204";"591,204";"612,2";"Helvetica";"12,0";"359,842";"306,1";"0,08778503756942169";"0,29214309049330284";"0,5912838941522377";"False";"PEMBUKAAN";"DASAR HUKUM"
"1";"Tahun 1965 (Lembaran Negara Republik Indonesia Tahun 1965";"178,85";"540,1580000000006";"595,204";"607,204";"612,2";"Helvetica";"12,0";"359,5040000000003";"306,1";"0,08723293041489755";"0,29214309049330284";"0,5901796798431894";"False";"PEMBUKAAN";"DASAR HUKUM"
"1";"Nomor 19, Tambahan Lembaran Negara Republik Indonesia";"178,85";"540,3980000000005";"611,404";"623,404";"612,2";"Helvetica";"12,0";"359,62400000000025";"306,1";"0,08742894478928491";"0,29214309049330284";"0,5905717085919641";"False";"PEMBUKAAN";"DASAR HUKUM"
"1";"Nomor 2730);";"178,85";"255,60600000000002";"627,604";"639,604";"612,2";"Helvetica";"12,0";"217,228";"306,1";"0,14516824567134926";"0,29214309049330284";"0,1253773276706959";"False";"PEMBUKAAN";"DASAR HUKUM"
"1";"2. Undang-Undang Nomor 1 Tahun 1974 tentang Perkawinan";"160,85";"540,94";"644,804";"656,804";"612,2";"Helvetica";"12,0";"350,89500000000004";"306,1";"0,0731705325057171";"0,26274093433518453";"0,620859196341065";"False";"PEMBUKAAN";"DASAR HUKUM"
"1";"(Lembaran Negara Republik Indonesia Tahun 1974 Nomor 1,";"178,85";"541,062";"660,804";"672,804";"612,2";"Helvetica";"12,0";"359,956";"306,1";"0,08797125122508982";"0,29214309049330284";"0,5916563214635739";"False";"PEMBUKAAN";"DASAR HUKUM"
"1";"Tambahan Lembaran Negara Republik Indonesia Nomor 3019);";"178,85";"517,9820000000001";"677,034";"689,034";"612,2";"Helvetica";"12,0";"348,41600000000005";"306,1";"0,06912120222149629";"0,29214309049330284";"0,5539562234563868";"False";"PEMBUKAAN";"DASAR HUKUM"
"1";"3. Undang-Undang Nomor 18 Tahun 1997 tentang Pajak Daerah dan";"160,85";"540,9520000000002";"694,2339999999999";"706,2339999999999";"612,2";"Helvetica";"12,0";"350,9010000000001";"306,1";"0,07318033322443662";"0,26274093433518453";"0,6208787977785041";"False";"PEMBUKAAN";"DASAR HUKUM"
"1";"Retribusi Daerah (Lembaran Negara Republik Indonesia Tahun";"178,85";"540,9020000000002";"710,434";"722,434";"612,2";"Helvetica";"12,0";"359,8760000000001";"306,1";"0,08784057497549831";"0,29214309049330284";"0,5913949689643909";"False";"PEMBUKAAN";"DASAR HUKUM"
"1";"1997 Nomor 41, Tambahan Lembaran Negara Republik Indonesia";"178,85";"540,9260000000002";"726,634";"738,634";"612,2";"Helvetica";"12,0";"359,8880000000001";"306,1";"0,08786017641293706";"0,29214309049330284";"0,5914341718392684";"False";"PEMBUKAAN";"DASAR HUKUM"
"1";"Nomor 3685), sebagaimana telah diubah dengan Undang-undang";"178,85";"541,206";"742,634";"754,634";"612,2";"Helvetica";"12,0";"360,028";"306,1";"0,0880888598497223";"0,29214309049330284";"0,5918915387128388";"False";"PEMBUKAAN";"DASAR HUKUM"
"1";"Nomor 34 Tahun 2000 tentang Perubahan Atas Undang-Undang";"178,85";"541,21";"758,834";"770,834";"612,2";"Helvetica";"12,0";"360,03000000000003";"306,1";"0,0880921267559621";"0,29214309049330284";"0,5918980725253185";"False";"PEMBUKAAN";"DASAR HUKUM"
"1";"Republik Indonesia Nomor 18 Tahun 1997 tentang Pajak Daerah";"178,85";"540,9620000000002";"775,034";"787,034";"612,2";"Helvetica";"12,0";"359,9060000000001";"306,1";"0,08788957856909523";"0,29214309049330284";"0,5914929761515847";"False";"PEMBUKAAN";"DASAR HUKUM"
"1";"dan Retribusi Daerah (Lembaran Negara Republik Indonesia Tahun";"178,85";"540,9020000000003";"791,264";"803,264";"612,2";"Helvetica";"11,999999999999986";"359,87600000000015";"306,1";"0,0878405749754984";"0,29214309049330284";"0,591394968964391";"False";"PEMBUKAAN";"DASAR HUKUM"
"1";"2000 Nomor 246, Tambahan Lembaran Negara Republik Indonesia";"178,85";"541,1";"807,264";"819,264";"612,2";"Helvetica";"12,0";"359,975";"306,1";"0,08800228683436785";"0,29214309049330284";"0,59171839268213";"False";"PEMBUKAAN";"DASAR HUKUM"
"1";"Nomor 4048);";"178,85";"251,966";"823,459";"835,459";"612,2";"Helvetica";"12,0";"215,40800000000002";"306,1";"0,14814113034955897";"0,29214309049330284";"0,11943155831427639";"False";"PEMBUKAAN";"DASAR HUKUM"
"2";"2";"303,1";"309,1";"44,19200000000001";"56,19200000000001";"612,2";"Times New Roman,Bold";"12,0";"306,1";"306,1";"0,0";"0,49509964064031364";"0,009800718719372754";"False";"HALAMAN";""
"2";"4. Undang-Undang Nomor 28 Tahun 1999 tentang Penyelenggaraan";"160,65";"540,9400000000002";"81,10400000000004";"93,10400000000004";"612,2";"Helvetica";"12,0";"350,7950000000001";"306,1";"0,07300718719372762";"0,2624142437112055";"0,6211858869650444";"False";"PEMBUKAAN";"DASAR HUKUM"
"2";"Negara yang Bersih dan Bebas dari Korupsi, Kolusi dan Nepotisme";"178,45";"540,8860000000002";"99,70400000000006";"111,70400000000006";"612,2";"Helvetica";"12,0";"359,6680000000001";"306,1";"0,0875008167265601";"0,2914897092453446";"0,5920222149624309";"False";"PEMBUKAAN";"DASAR HUKUM"
"2";"(Lembaran Negara Republik Indonesia Tahun 1999 Nomor 75,";"178,45";"540,7540000000001";"118,30399999999997";"130,30399999999997";"612,2";"Helvetica";"12,0";"359,6020000000001";"306,1";"0,08739300882064695";"0,2914897092453446";"0,5918065991506045";"False";"PEMBUKAAN";"DASAR HUKUM"
"2";"Tambahan Lembaran Negara Republik Indonesia Nomor 3851);";"178,45";"517,818";"136,904";"148,904";"612,2";"Helvetica";"12,0";"348,134";"306,1";"0,06866056844168571";"0,2914897092453446";"0,5543417183926821";"False";"PEMBUKAAN";"DASAR HUKUM"
"2";"5. Undang-Undang Nomor 39 Tahun 1999 tentang Hak Asasi Manusia";"160,65";"540,9160000000002";"156,70400000000006";"168,70400000000006";"612,2";"Helvetica";"12,0";"350,7830000000001";"306,1";"0,07298758575628887";"0,2624142437112055";"0,6211466840901668";"False";"PEMBUKAAN";"DASAR HUKUM"
"2";"(Lembaran Negara Republik Indonesia Tahun 1999 Nomor 165,";"178,45";"540,7900000000002";"175,33400000000006";"187,33400000000006";"612,2";"Helvetica";"12,0";"359,6200000000001";"306,1";"0,08742241097680511";"0,2914897092453446";"0,5918654034629209";"False";"PEMBUKAAN";"DASAR HUKUM"
"2";"Tambahan Lembaran Negara Republik Indonesia Nomor 3886);";"178,45";"517,5820000000001";"193,93399999999997";"205,93399999999997";"612,2";"Helvetica";"12,0";"348,0160000000001";"306,1";"0,06846782097353814";"0,2914897092453446";"0,553956223456387";"False";"PEMBUKAAN";"DASAR HUKUM"
"2";"6. Undang-Undang Nomor 23 Tahun 2002 tentang Perlindungan Anak";"160,65";"540,6880000000001";"213,534";"225,534";"612,2";"Helvetica";"12,0";"350,66900000000004";"306,1";"0,07280137210062074";"0,2624142437112055";"0,6207742567788306";"False";"PEMBUKAAN";"DASAR HUKUM"
"2";"(Lembaran Negara Republik Indonesia Tahun 2002 Nomor 109,";"178,45";"540,7900000000002";"232,13400000000001";"244,13400000000001";"612,2";"Helvetica";"12,0";"359,6200000000001";"306,1";"0,08742241097680511";"0,2914897092453446";"0,5918654034629209";"False";"PEMBUKAAN";"DASAR HUKUM"
"2";"Tambahan Lembaran Negara Republik Indonesia Nomor 4235);";"178,45";"517,5820000000001";"250,73400000000004";"262,73400000000004";"612,2";"Helvetica";"12,0";"348,0160000000001";"306,1";"0,06846782097353814";"0,2914897092453446";"0,553956223456387";"False";"PEMBUKAAN";"DASAR HUKUM"
"2";"7. Undang-Undang Nomor 32 Tahun 2004 tentang Pemerintahan";"160,65";"540,9040000000001";"270,33400000000006";"282,33400000000006";"612,2";"Helvetica";"12,0";"350,77700000000004";"306,1";"0,07297778503756945";"0,2624142437112055";"0,6211270826527281";"False";"PEMBUKAAN";"DASAR HUKUM"
"2";"Daerah (Lembaran Negara Republik Indonesia Tahun 2004 Nomor";"178,45";"540,8500000000001";"289,134";"301,134";"612,2";"Helvetica";"12,0";"359,6500000000001";"306,1";"0,08747141457040193";"0,2914897092453446";"0,5919634106501145";"False";"PEMBUKAAN";"DASAR HUKUM"
"2";"125, Tambahan Lembaran Negara Nomor 4437), sebagaimana";"178,45";"541,0519999999999";"307,754";"319,754";"612,2";"Helvetica";"12,0";"359,751";"306,1";"0,0876363933355112";"0,2914897092453446";"0,5922933681803331";"False";"PEMBUKAAN";"DASAR HUKUM"
"2";"telah diubah kedua dengan Undang-Undang Nomor 12 Tahun";"178,45";"541,182";"326,35400000000004";"338,35400000000004";"612,2";"Helvetica";"12,0";"359,81600000000003";"306,1";"0,08774256778830448";"0,2914897092453446";"0,5925057170859196";"False";"PEMBUKAAN";"DASAR HUKUM"
"2";"2008 (Lembaran Negara Republik Indonesia Tahun 2008 Nomor";"178,45";"540,6480000000003";"344,95400000000006";"356,95400000000006";"612,2";"Helvetica";"12,0";"359,5490000000001";"306,1";"0,0873064358052925";"0,2914897092453446";"0,5916334531198958";"False";"PEMBUKAAN";"DASAR HUKUM"
"2";"59, Tambahan Lembaran Negara Republik Indonesia Nomor";"178,45";"540,5980000000002";"363,554";"375,554";"612,2";"Helvetica";"12,0";"359,5240000000001";"306,1";"0,08726559947729515";"0,2914897092453446";"0,591551780463901";"False";"PEMBUKAAN";"DASAR HUKUM"
"2";"4844);";"178,45";"212,95";"382,154";"394,154";"612,2";"Helvetica";"12,0";"195,7";"306,1";"0,18033322443645872";"0,2914897092453446";"0,05635413263639333";"False";"PEMBUKAAN";"DASAR HUKUM"
"2";"8. Undang-Undang Nomor 12 Tahun 2006 tentang Kewarganegaraan";"160,65";"541,202";"401,754";"413,75399999999996";"612,2";"Helvetica";"11,999999999999943";"350,926";"306,1";"0,07322116955243378";"0,2624142437112055";"0,6216138516824568";"False";"PEMBUKAAN";"DASAR HUKUM"
"2";"Republik Indonesia (Lembaran Negara Republik Indonesia Tahun";"178,45";"540,9220000000001";"420,58399999999995";"432,58399999999995";"612,2";"Helvetica";"12,0";"359,68600000000004";"306,1";"0,08753021888271809";"0,2914897092453446";"0,592081019274747";"False";"PEMBUKAAN";"DASAR HUKUM"
"2";"2006 Nomor 63, Tambahan Lembaran Negara Republik Indonesia";"178,45";"540,8860000000002";"439,18399999999997";"451,18399999999997";"612,2";"Helvetica";"12,0";"359,6680000000001";"306,1";"0,0875008167265601";"0,2914897092453446";"0,5920222149624309";"False";"PEMBUKAAN";"DASAR HUKUM"
"2";"Nomor 4634);";"178,45";"251,56599999999997";"457,78399999999993";"469,78399999999993";"612,2";"Helvetica";"12,0";"215,00799999999998";"306,1";"0,14879451159751722";"0,2914897092453446";"0,11943155831427635";"False";"PEMBUKAAN";"DASAR HUKUM"
"2";"9. Undang-Undang Nomor 23 Tahun 2006 tentang Administrasi";"160,65";"541,13";"477,38399999999996";"489,38399999999996";"612,2";"Helvetica";"12,0";"350,89";"306,1";"0,07316236524011754";"0,2624142437112055";"0,6214962430578242";"False";"PEMBUKAAN";"DASAR HUKUM"
"2";"Kependudukan (Lembaran Negara Republik Indonesia Tahun 2006";"178,45";"540,986";"495,984";"507,984";"612,2";"Helvetica";"12,0";"359,71799999999996";"306,1";"0,08758248938255461";"0,2914897092453446";"0,59218556027442";"False";"PEMBUKAAN";"DASAR HUKUM"
"2";"Nomor 124, Tambahan Lembaran Negara Republik Indonesia";"178,45";"541,0039999999999";"514,584";"526,584";"612,2";"Helvetica";"12,0";"359,727";"306,1";"0,08759719046063369";"0,2914897092453446";"0,592214962430578";"False";"PEMBUKAAN";"DASAR HUKUM"
"2";"Nomor 4674);";"178,45";"251,56599999999997";"533,184";"545,184";"612,2";"Helvetica";"12,0";"215,00799999999998";"306,1";"0,14879451159751722";"0,2914897092453446";"0,11943155831427635";"False";"PEMBUKAAN";"DASAR HUKUM"
"2";"10. Peraturan Pemerintah Nomor 9 Tahun 1975 tentang Pelaksanaan";"160,65";"541,202";"553,0039999999999";"565,0039999999999";"612,2";"Helvetica";"12,0";"350,926";"306,1";"0,07322116955243378";"0,2624142437112055";"0,6216138516824568";"False";"PEMBUKAAN";"DASAR HUKUM"
"2";"Undang-Undang Nomor 1 Tahun 1974 tentang Perkawinan";"178,45";"541,0000000000001";"571,604";"583,604";"612,2";"Helvetica";"12,0";"359,725";"306,1";"0,08759392355439398";"0,2914897092453446";"0,5922084286180989";"False";"PEMBUKAAN";"DASAR HUKUM"
"2";"(Lembaran Negara Republik Indonesia Tahun 1975 Nomor 12,";"178,45";"540,964";"590,204";"602,204";"612,2";"Helvetica";"12,0";"359,707";"306,1";"0,08756452139823581";"0,2914897092453446";"0,5921496243057824";"False";"PEMBUKAAN";"DASAR HUKUM"
"2";"Tambahan Lembaran Negara Republik Indonesia Nomor 3050);";"178,45";"517,858";"608,804";"620,804";"612,2";"Helvetica";"12,0";"348,154";"306,1";"0,06869323750408358";"0,2914897092453446";"0,5544070565174778";"False";"PEMBUKAAN";"DASAR HUKUM"
"2";"11. Peraturan Pemerintah Nomor 31 Tahun 1998 tentang Penyerahan";"160,65";"541,1080000000001";"628,404";"640,404";"612,2";"Helvetica";"12,0";"350,879";"306,1";"0,07314439725579874";"0,2624142437112055";"0,6214603070891866";"False";"PEMBUKAAN";"DASAR HUKUM"
"2";"sebagian Urusan Pemerintah di Bidang Penyelengaraan Penduduk";"178,45";"540,6100000000002";"647,0039999999999";"659,0039999999999";"612,2";"Helvetica";"12,0";"359,5300000000001";"306,1";"0,08727540019601447";"0,2914897092453446";"0,5915713819013398";"False";"PEMBUKAAN";"DASAR HUKUM"
"2";"Kepada Daerah (Lembaran Negara Tahun 1998 Nomor 45,";"178,45";"541,116";"665,634";"677,634";"612,2";"Helvetica";"12,0";"359,783";"306,1";"0,0876886638353479";"0,2914897092453446";"0,5923979091800065";"False";"PEMBUKAAN";"DASAR HUKUM"
"2";"Tambahan Lembaran Negara Republik Indonesia Nomor 3742);";"178,45";"517,886";"684,434";"696,434";"612,2";"Helvetica";"12,0";"348,168";"306,1";"0,06871610584776214";"0,2914897092453446";"0,554452793204835";"False";"PEMBUKAAN";"DASAR HUKUM"
"2";"12. Peraturan Pemerintah Nomor 66 Tahun 2001 tentang Retribusi";"160,65";"540,8420000000002";"704,034";"716,034";"612,2";"Helvetica";"12,0";"350,7460000000001";"306,1";"0,07292714799085277";"0,2624142437112055";"0,6210258085592947";"False";"PEMBUKAAN";"DASAR HUKUM"
"2";"Daerah (Lembaran Negara Tahun 2001 Nomor 119, Tambahan";"178,45";"540,8740000000003";"722,634";"734,634";"612,2";"Helvetica";"12,0";"359,66200000000015";"306,1";"0,08749101600784077";"0,2914897092453446";"0,5920026135249922";"False";"PEMBUKAAN";"DASAR HUKUM"
"2";"Lembaran Negara Republik Indonesia Nomor 4139);";"178,45";"457,006";"741,2339999999999";"753,2339999999999";"612,2";"Helvetica";"12,0";"317,72799999999995";"306,1";"0,01899379287814428";"0,2914897092453446";"0,4550081672655994";"False";"PEMBUKAAN";"DASAR HUKUM"
"2";"13. Peraturan Pemerintah Nomor 37 Tahun 2007 tentang Pelaksanaan";"160,65";"541,186";"760,834";"772,834";"612,2";"Helvetica";"12,0";"350,918";"306,1";"0,07320810192747465";"0,2624142437112055";"0,6215877164325384";"False";"PEMBUKAAN";"DASAR HUKUM"
"2";"Undang-Undang Nomor 23 Tahun 2006 tentang Administrasi";"178,45";"540,992";"779,434";"791,434";"612,2";"Helvetica";"12,0";"359,721";"306,1";"0,08758738974191436";"0,2914897092453446";"0,5921953609931394";"False";"PEMBUKAAN";"DASAR HUKUM"
"2";"Kependudukan (Lembaran Negara Tahun 2007 Nomor 80,";"178,45";"541,116";"798,054";"810,054";"612,2";"Helvetica";"12,0";"359,783";"306,1";"0,0876886638353479";"0,2914897092453446";"0,5923979091800065";"False";"PEMBUKAAN";"DASAR HUKUM"
"2";"Tambahan Lembaran Negara Republik Indonesia Nomor 4736);";"178,45";"517,886";"816,8589999999999";"828,8589999999999";"612,2";"Helvetica";"12,0";"348,168";"306,1";"0,06871610584776214";"0,2914897092453446";"0,554452793204835";"False";"PEMBUKAAN";"DASAR HUKUM"
"3";"3";"303,1";"309,1";"44,19200000000001";"56,19200000000001";"612,2";"Times New Roman,Bold";"12,0";"306,1";"306,1";"0,0";"0,49509964064031364";"0,009800718719372754";"False";"HALAMAN";""
"3";"14. Peraturan Pemerintah Nomor 38 Tahun 2007 tentang Pembagian";"160,65";"540,8660000000003";"81,10400000000004";"93,10400000000004";"612,2";"Helvetica";"12,0";"350,75800000000015";"306,1";"0,07294674942829162";"0,2624142437112055";"0,6210650114341724";"False";"PEMBUKAAN";"DASAR HUKUM"
"3";"Urusan Pemerintahan Antara Pemerintah, Pemerintahan Daerah";"178,45";"541,1940000000001";"98,30399999999997";"110,30399999999997";"612,2";"Helvetica";"12,0";"359,822";"306,1";"0,08775236850702381";"0,2914897092453446";"0,5925253185233584";"False";"PEMBUKAAN";"DASAR HUKUM"
"3";"Provinsi, dan Pemerintahan Daerah Kabupaten/Kota (Lembaran";"178,45";"540,8380000000002";"115,50400000000002";"127,50400000000002";"612,2";"Helvetica";"12,0";"359,6440000000001";"306,1";"0,0874616138516826";"0,2914897092453446";"0,5919438092126759";"False";"PEMBUKAAN";"DASAR HUKUM"
"3";"Negara Republik Indonesia Tahun 2007 Nomor 82, Tambahan";"178,45";"540,8500000000001";"132,904";"144,904";"612,2";"Helvetica";"12,0";"359,6500000000001";"306,1";"0,08747141457040193";"0,2914897092453446";"0,5919634106501145";"False";"PEMBUKAAN";"DASAR HUKUM"
"3";"Lembaran Negara Republik Indonesia Nomor 4737);";"178,45";"457,006";"150,10400000000004";"162,10400000000004";"612,2";"Helvetica";"12,0";"317,72799999999995";"306,1";"0,01899379287814428";"0,2914897092453446";"0,4550081672655994";"False";"PEMBUKAAN";"DASAR HUKUM"
"3";"15. Peraturan Pemerintah Nomor 18 Tahun 2008 tentang Pemindahan";"160,65";"540,8900000000003";"168,30399999999997";"180,30399999999997";"612,2";"Helvetica";"12,0";"350,77000000000015";"306,1";"0,07296635086573036";"0,2624142437112055";"0,6211042143090498";"False";"PEMBUKAAN";"DASAR HUKUM"
"3";"Ibukota Kabupaten Malang Dari Wilayah Kota Malang ke Wilayah";"178,45";"541,02";"185,534";"197,534";"612,2";"Helvetica";"12,0";"359,735";"306,1";"0,08761025808559292";"0,2914897092453446";"0,5922410976804965";"False";"PEMBUKAAN";"DASAR HUKUM"
"3";"Kecamatan Kepanjen Kabupaten Malang (Lembaran Negara";"178,45";"540,8860000000002";"202,93399999999997";"214,93399999999997";"612,2";"Helvetica";"12,0";"359,6680000000001";"306,1";"0,0875008167265601";"0,2914897092453446";"0,5920222149624309";"False";"PEMBUKAAN";"DASAR HUKUM"
"3";"Republik Indonesia Tahun 2008 Nomor 39, Tambahan Lembaran";"178,45";"540,9220000000003";"220,13400000000001";"232,13400000000001";"612,2";"Helvetica";"12,0";"359,68600000000015";"306,1";"0,08753021888271827";"0,2914897092453446";"0,5920810192747472";"False";"PEMBUKAAN";"DASAR HUKUM"
"3";"Negara Republik Indonesia Nomor 4825);";"178,45";"399,66999999999996";"237,33400000000006";"249,33400000000006";"612,2";"Helvetica";"12,0";"289,05999999999995";"306,1";"0,027834041163018745";"0,2914897092453446";"0,3613524991832734";"False";"PEMBUKAAN";"DASAR HUKUM"
"3";"16. Peraturan Presiden Nomor 25 Tahun 2008 tentang Persyaratan dan";"160,85";"540,8300000000003";"255,534";"267,534";"612,2";"Helvetica";"12,0";"350,84000000000015";"306,1";"0,07308069258412303";"0,26274093433518453";"0,6206795164978769";"False";"PEMBUKAAN";"DASAR HUKUM"
"3";"Tata Cara Pendaftaran Penduduk dan Pencatatan Sipil;";"178,85";"474,6959999999999";"272,93399999999997";"284,93399999999997";"612,2";"Helvetica";"12,0";"326,77299999999997";"306,1";"0,03376837634759873";"0,29214309049330284";"0,48325057170859176";"False";"PEMBUKAAN";"DASAR HUKUM"
"3";"17. Keputusan Presiden Republik Indonesia Nomor 88 Tahun 2004";"160,85";"540,9020000000003";"291,134";"303,134";"612,2";"Helvetica";"12,0";"350,87600000000015";"306,1";"0,07313949689643927";"0,26274093433518453";"0,6207971251225094";"False";"PEMBUKAAN";"DASAR HUKUM"
"3";"tentang Pengelolaan Informasi Administrasi Kependudukan;";"178,85";"497,68600000000004";"308,35400000000004";"320,35400000000004";"612,2";"Helvetica";"12,0";"338,26800000000003";"306,1";"0,05254491996079713";"0,29214309049330284";"0,5208036589349886";"False";"PEMBUKAAN";"DASAR HUKUM"
"3";"18. Peraturan Daerah Kabupaten Malang Nomor 7 Tahun 2002";"160,85";"540,8540000000002";"326,554";"338,554";"612,2";"Helvetica";"12,0";"350,8520000000001";"306,1";"0,07310029402156168";"0,26274093433518453";"0,6207187193727541";"False";"PEMBUKAAN";"DASAR HUKUM"
"3";"tentang Penyidik Pegawai Negeri Sipil (Lembaran Daerah";"178,85";"541,162";"343,95400000000006";"355,95400000000006";"612,2";"Helvetica";"12,0";"360,00600000000003";"306,1";"0,08805292388108461";"0,29214309049330284";"0,5918196667755635";"False";"PEMBUKAAN";"DASAR HUKUM"
"3";"Kabupaten Malang Nomor 4/ E Tahun 2002);";"178,85";"421,418";"361,154";"373,154";"612,2";"Helvetica";"12,0";"300,134";"306,1";"0,009745181313296322";"0,29214309049330284";"0,3962234563868017";"False";"PEMBUKAAN";"DASAR HUKUM"
"3";"19. Peraturan Daerah Kabupaten Malang Nomor 10 Tahun 2007";"160,85";"540,9260000000002";"379,35400000000004";"391,35400000000004";"612,2";"Helvetica";"12,0";"350,8880000000001";"306,1";"0,07315909833387792";"0,26274093433518453";"0,6208363279973866";"False";"PEMBUKAAN";"DASAR HUKUM"
"3";"tentang Kewenangan Pemerintahan Kabupaten Malang Dalam";"178,85";"541,0100000000001";"396,554";"408,554";"612,2";"Helvetica";"12,0";"359,93000000000006";"306,1";"0,08792878144397262";"0,29214309049330284";"0,5915713819013395";"False";"PEMBUKAAN";"DASAR HUKUM"
"3";"Urusan Pemerintahan Wajib dan Pilihan (Lembaran Daerah";"178,85";"540,95";"413,95399999999995";"425,95399999999995";"612,2";"Helvetica";"12,0";"359,90000000000003";"306,1";"0,0878797778503757";"0,29214309049330284";"0,5914733747141457";"False";"PEMBUKAAN";"DASAR HUKUM"
"3";"Kabupaten Malang Tahun 2007 Nomor 2/E);";"178,85";"415,05";"431,18399999999997";"443,18399999999997";"612,2";"Helvetica";"12,0";"296,95";"306,1";"0,014946096047043505";"0,29214309049330284";"0,38582162691930744";"False";"PEMBUKAAN";"DASAR HUKUM"
"3";"Dengan Persetujuan Bersama";"221,08";"390,844";"467,38399999999996";"479,38399999999996";"612,2";"Helvetica-Bold";"12,0";"305,962";"306,1";"0,0002254165305456283";"0,36112381574648805";"0,27730153544593267";"False";"PEMBUKAAN";"DASAR HUKUM"
"3";"DEWAN PERWAKILAN RAKYAT DAERAH KABUPATEN MALANG";"119,65";"491,7099999999998";"485,78399999999993";"497,78399999999993";"612,2";"Helvetica-Bold";"12,0";"305,6799999999999";"306,1";"0,0006860503103563045";"0,19544266579549166";"0,6077425677883042";"True";"PEMBUKAAN";"DASAR HUKUM"
"3";"dan";"295,3";"316,624";"503,984";"515,9839999999999";"612,2";"Helvetica-Bold";"12,0";"305,962";"306,1";"0,0002254165305456283";"0,482358706305129";"0,03483175432865079";"False";"PEMBUKAAN";"DASAR HUKUM"
"3";"BUPATI MALANG";"255,68";"355,94";"522,184";"534,184";"612,2";"Helvetica-Bold";"12,0";"305,81";"306,1";"0,0004737014047697165";"0,41764129369487096";"0,16377000980071868";"True";"PEMBUKAAN";"DASAR HUKUM"
"3";"MEMUTUSKAN:";"261,67";"350,194";"559,0039999999999";"571,0039999999999";"612,2";"Helvetica";"12,0";"305,932";"306,1";"0,0002744201241424475";"0,42742567788304475";"0,1445998039856256";"True";"PEMBUKAAN";"DIKTUM"
"3";"Menetapkan : PERATURAN DAERAH TENTANG PENYELENGGARAAN";"70,825";"541,58";"595,404";"607,404";"612,2";"Helvetica";"12,0";"306,20250000000004";"306,1";"0,00016742894478931797";"0,11568931721659588";"0,7689562234563868";"False";"PEMBUKAAN";"DIKTUM"
"3";"ADMINISTRASI KEPENDUDUKAN.";"169,85";"354,236";"612,604";"624,604";"612,2";"Helvetica";"12,0";"262,043";"306,1";"0,07196504410323426";"0,27744201241424366";"0,30118588696504406";"True";"PEMBUKAAN";"DIKTUM"
"3";"BAB I";"289,7";"322,208";"649,0039999999999";"661,0039999999999";"612,2";"Helvetica-Bold";"12,0";"305,954";"306,1";"0,0002384841555047615";"0,4732113688337144";"0,05310029402156164";"True";"BATANG TUBUH";"BAB I"
"3";"KETENTUAN UMUM";"248,68";"363,21999999999997";"667,2339999999999";"679,2339999999999";"612,2";"Helvetica-Bold";"12,0";"305,95";"306,1";"0,00024501796798437456";"0,4062071218556027";"0,1870957203528258";"True";"BATANG TUBUH";"BAB I"
"3";"Pasal 1";"285,3";"326,572";"703,634";"715,634";"612,2";"Helvetica-Bold";"12,0";"305,93600000000004";"306,1";"0,00026788631166283443";"0,46602417510617444";"0,06741587716432536";"False";"BATANG TUBUH";"PASAL 1"
"3";"Dalam Peraturan Daerah ini yang dimaksud dengan:";"169,85";"449,17199999999997";"740,434";"752,434";"612,2";"Helvetica";"12,0";"309,51099999999997";"306,1";"0,005571708591963319";"0,27744201241424366";"0,4562593923554394";"False";"BATANG TUBUH";"PASAL 1"
"3";"1. Daerah adalah Daerah Kabupaten Malang.";"169,85";"416,392";"758,634";"770,634";"612,2";"Helvetica";"12,0";"293,121";"306,1";"0,02120058804312323";"0,27744201241424366";"0,40271479908526625";"False";"BATANG TUBUH";"PASAL 1"
"3";"2. Pemerintah Daerah adalah Pemerintah Kabupaten Malang.";"169,85";"502,9820000000001";"776,834";"788,834";"612,2";"Helvetica";"12,0";"336,41600000000005";"306,1";"0,04951976478275078";"0,27744201241424366";"0,5441555047370141";"False";"BATANG TUBUH";"PASAL 1"
"3";"3. Bupati adalah Bupati Malang.";"169,85";"344,2819999999999";"795,264";"807,264";"612,2";"Helvetica";"12,0";"257,066";"306,1";"0,08009474028095401";"0,27744201241424366";"0,28492649460960456";"False";"BATANG TUBUH";"PASAL 1"
"3";"4. Dinas adalah Dinas Kependudukan dan Catatan Sipil Kabupaten";"169,85";"540,906";"813,459";"825,459";"612,2";"Helvetica";"12,0";"355,378";"306,1";"0,08049330284220836";"0,27744201241424366";"0,6061025808559293";"False";"BATANG TUBUH";"PASAL 1"
"3";"Malang.";"187,85";"230,37800000000001";"830,659";"842,659";"612,2";"Helvetica";"12,0";"209,114";"306,1";"0,15842208428618101";"0,30684416857236196";"0,06946749428291411";"False";"BATANG TUBUH";"PASAL 1"
"4";"4";"303,1";"309,1";"44,19200000000001";"56,19200000000001";"612,2";"Times New Roman,Bold";"12,0";"306,1";"306,1";"0,0";"0,49509964064031364";"0,009800718719372754";"False";"HALAMAN";""
"4";"5. Kepala Dinas adalah Kepala Dinas Kependudukan dan Catatan";"169,85";"541,158";"81,10400000000004";"93,10400000000004";"612,2";"Helvetica";"12,0";"355,504";"306,1";"0,08069911793531524";"0,27744201241424366";"0,606514211042143";"False";"BATANG TUBUH";"PASAL 1"
"4";"Sipil Kabupaten Malang.";"187,85";"317,714";"98,30399999999997";"110,30399999999997";"612,2";"Helvetica";"12,0";"252,78199999999998";"306,1";"0,08709245344658614";"0,30684416857236196";"0,21212675596210387";"False";"BATANG TUBUH";"PASAL 1"
"4";"6. Unit Pelaksana Teknis Dinas selanjutnya disingkat UPTD adalah";"169,85";"540,9140000000001";"116,50400000000002";"128,50400000000002";"612,2";"Helvetica";"12,0";"355,38200000000006";"306,1";"0,08049983665468807";"0,27744201241424366";"0,6061156484808887";"False";"BATANG TUBUH";"PASAL 1"
"4";"unsur pelaksana tugas teknis pada Dinas yang secara fungsional";"187,65";"541,146";"133,904";"145,904";"612,2";"Helvetica";"12,0";"364,39799999999997";"306,1";"0,09522704998366537";"0,30651747794838285";"0,577419144070565";"False";"BATANG TUBUH";"PASAL 1"
"4";"melaksanakan tugas-tugas teknis pelayanan Pencatatan Sipil";"187,65";"541,0519999999999";"151,10400000000004";"163,10400000000004";"612,2";"Helvetica";"12,0";"364,35099999999994";"306,1";"0,09515027768703024";"0,30651747794838285";"0,5772655994772948";"False";"BATANG TUBUH";"PASAL 1"
"4";"dengan kewenangan menerbitkan akta di tingkat Kecamatan.";"187,65";"512,976";"168,30399999999997";"180,30399999999997";"612,2";"Helvetica";"12,0";"350,313";"306,1";"0,07221986278993786";"0,30651747794838285";"0,5314047696831101";"False";"BATANG TUBUH";"PASAL 1"
"4";"7. Administrasi Kependudukan adalah rangkaian kegiatan penataan";"169,85";"540,9020000000003";"186,534";"198,534";"612,2";"Helvetica";"12,0";"355,37600000000015";"306,1";"0,08049003593596883";"0,27744201241424366";"0,6060960470434502";"False";"BATANG TUBUH";"PASAL 1"
"4";"dan penertiban dalam penerbitan dokumen dan Data";"187,85";"540,9500000000002";"203,93399999999997";"215,93399999999997";"612,2";"Helvetica";"12,0";"364,4000000000001";"306,1";"0,09523031688990537";"0,30684416857236196";"0,5767722966350868";"False";"BATANG TUBUH";"PASAL 1"
"4";"Kependudukan melalui Pendaftaran Penduduk, Pencatatan Sipil,";"187,85";"540,7580000000002";"221,13400000000001";"233,13400000000001";"612,2";"Helvetica";"12,0";"364,3040000000001";"306,1";"0,0950735053903954";"0,30684416857236196";"0,5764586736360668";"False";"BATANG TUBUH";"PASAL 1"
"4";"pengelolaan informasi Administrasi Kependudukan serta";"187,85";"540,8900000000002";"238,33400000000006";"250,33400000000006";"612,2";"Helvetica";"12,0";"364,3700000000001";"306,1";"0,09518131329630855";"0,30684416857236196";"0,5766742894478931";"False";"BATANG TUBUH";"PASAL 1"
"4";"pendayagunaan hasilnya untuk pelayanan publik dan";"187,85";"540,98";"255,534";"267,534";"612,2";"Helvetica";"12,0";"364,415";"306,1";"0,09525481868670369";"0,30684416857236196";"0,5768213002286834";"False";"BATANG TUBUH";"PASAL 1"
"4";"pembangunan sektor lain.";"187,85";"325,71799999999996";"272,93399999999997";"284,93399999999997";"612,2";"Helvetica";"12,0";"256,784";"306,1";"0,0805553740607645";"0,30684416857236196";"0,22520091473374707";"False";"BATANG TUBUH";"PASAL 1"
"4";"8. Penduduk adalah Warga Negara Indonesia dan Orang Asing yang";"169,85";"540,9020000000002";"291,134";"303,134";"612,2";"Helvetica";"12,0";"355,3760000000001";"306,1";"0,08049003593596875";"0,27744201241424366";"0,60609604704345";"False";"BATANG TUBUH";"PASAL 1"
"4";"bertempat tinggal di Indonesia.";"187,85";"351,6619999999999";"308,35400000000004";"320,35400000000004";"612,2";"Helvetica";"12,0";"269,756";"306,1";"0,059366220189480644";"0,30684416857236196";"0,26757922247631477";"False";"BATANG TUBUH";"PASAL 1"
"4";"9. Warga Negara Indonesia adalah orang-orang bangsa Indonesia";"169,85";"541,1220000000001";"326,554";"338,554";"612,2";"Helvetica";"12,0";"355,48600000000005";"306,1";"0,08066971577915717";"0,27744201241424366";"0,6064554067298269";"False";"BATANG TUBUH";"PASAL 1"
"4";"asli dan orang-orang bangsa lain yang disahkan dengan Undang-";"187,85";"540,966";"343,95400000000006";"355,95400000000006";"612,2";"Helvetica";"12,0";"364,408";"306,1";"0,0952433845148644";"0,30684416857236196";"0,5767984318850048";"False";"BATANG TUBUH";"PASAL 1"
"4";"Undang sebagai Warga Negara Indonesia.";"187,85";"415,078";"361,154";"373,154";"612,2";"Helvetica";"12,0";"301,464";"306,1";"0,007572688663835387";"0,30684416857236196";"0,3711662855276053";"False";"BATANG TUBUH";"PASAL 1"
"4";"10. Orang Asing adalah orang bukan Warga Negara Indonesia.";"169,85";"503,61800000000017";"379,35400000000004";"391,35400000000004";"612,2";"Helvetica";"12,0";"336,7340000000001";"306,1";"0,050039202874877606";"0,27744201241424366";"0,5451943809212677";"False";"BATANG TUBUH";"PASAL 1"
"4";"11. Penyelenggara adalah Pemerintah Daerah yang bertanggung";"169,85";"541,1700000000001";"397,554";"409,5539999999999";"612,2";"Helvetica";"11,999999999999943";"355,51000000000005";"306,1";"0,08070891865403466";"0,27744201241424366";"0,6065338124795818";"False";"BATANG TUBUH";"PASAL 1"
"4";"jawab dan berwenang dalam urusan Administrasi Kependudukan";"187,85";"540,9380000000002";"414,95399999999995";"426,95399999999995";"612,2";"Helvetica";"12,0";"364,3940000000001";"306,1";"0,09522051617118604";"0,30684416857236196";"0,576752695197648";"False";"BATANG TUBUH";"PASAL 1"
"4";"dan Pencatatan Sipil.";"187,85";"301,036";"432,18399999999997";"444,18399999999997";"612,2";"Helvetica";"12,0";"244,44299999999998";"306,1";"0,10071381901339438";"0,30684416857236196";"0,18488402482848743";"False";"BATANG TUBUH";"PASAL 1"
"4";"12. Dokumen Kependudukan adalah dokumen resmi yang diterbitkan";"169,85";"540,9640000000002";"450,38399999999996";"462,38399999999996";"612,2";"Helvetica";"12,0";"355,4070000000001";"306,1";"0,08054067298268551";"0,27744201241424366";"0,6061973211368835";"False";"BATANG TUBUH";"PASAL 1"
"4";"oleh Dinas yang mempunyai kekuatan hukum sebagai alat bukti";"187,65";"541,094";"467,58399999999995";"479,58399999999995";"612,2";"Helvetica";"12,0";"364,372";"306,1";"0,09518458020254816";"0,30651747794838285";"0,5773342045083307";"False";"BATANG TUBUH";"PASAL 1"
"4";"autentik yang dihasilkan dari pelayanan Pendaftaran Penduduk";"187,65";"540,6180000000002";"484,984";"496,984";"612,2";"Helvetica";"12,0";"364,13400000000007";"306,1";"0,09479581836001313";"0,30651747794838285";"0,5765566808232606";"False";"BATANG TUBUH";"PASAL 1"
"4";"dan Pencatatan Sipil.";"187,65";"300,702";"502,18399999999997";"514,184";"612,2";"Helvetica";"12,0";"244,176";"306,1";"0,10114995099640646";"0,30651747794838285";"0,1846651421104214";"False";"BATANG TUBUH";"PASAL 1"
"4";"13. Data Kependudukan adalah data perseorangan dan/atau data";"169,85";"541,2520000000001";"520,184";"532,184";"612,2";"Helvetica";"12,0";"355,55100000000004";"306,1";"0,08077589023195038";"0,27744201241424366";"0,6066677556354133";"False";"BATANG TUBUH";"PASAL 1"
"4";"agregat yang terstruktur sebagai hasil dari kegiatan Pendaftaran";"187,65";"540,8960000000002";"537,384";"549,384";"612,2";"Helvetica-Oblique";"12,0";"364,2730000000001";"306,1";"0,09502286834367862";"0,30651747794838285";"0,5770107807905916";"False";"BATANG TUBUH";"PASAL 1"
"4";"Penduduk dan Pencatatan Sipil.";"187,65";"358,0859999999999";"555,0039999999999";"567,0039999999999";"612,2";"Helvetica";"12,0";"272,86799999999994";"306,1";"0,05428291408036603";"0,30651747794838285";"0,2783992159425023";"False";"BATANG TUBUH";"PASAL 1"
"4";"14. Pendaftaran Penduduk adalah pencatatan biodata penduduk,";"169,85";"541,2620000000001";"573,204";"585,204";"612,2";"Helvetica";"12,0";"355,55600000000004";"306,1";"0,08078405749754984";"0,27744201241424366";"0,6066840901666122";"False";"BATANG TUBUH";"PASAL 1"
"4";"pencatatan atas pelaporan Peristiwa Kependudukan dan";"187,65";"541,186";"590,404";"602,404";"612,2";"Helvetica";"12,0";"364,418";"306,1";"0,09525971904606334";"0,30651747794838285";"0,5774844821953611";"False";"BATANG TUBUH";"PASAL 1"
"4";"pendataan Penduduk Rentan Administrasi Kependudukan serta";"187,65";"541,19";"607,604";"619,604";"612,2";"Helvetica";"12,0";"364,42";"306,1";"0,09526298595230315";"0,30651747794838285";"0,5774910160078407";"False";"BATANG TUBUH";"PASAL 1"
"4";"penerbitan Dokumen Kependudukan berupa kartu identitas atau";"187,65";"540,8940000000002";"625,0039999999999";"637,0039999999999";"612,2";"Helvetica";"12,0";"364,2720000000001";"306,1";"0,09502123489055876";"0,30651747794838285";"0,5770075138843519";"False";"BATANG TUBUH";"PASAL 1"
"4";"surat keterangan kependudukan.";"187,65";"362,87399999999997";"642,204";"654,204";"612,2";"Helvetica";"12,0";"275,262";"306,1";"0,0503724273113362";"0,30651747794838285";"0,2862201894805618";"False";"BATANG TUBUH";"PASAL 1"
"4";"15. Peristiwa Kependudukan adalah kejadian yang dialami Penduduk";"169,85";"540,8780000000002";"660,404";"672,404";"612,2";"Helvetica";"12,0";"355,3640000000001";"306,1";"0,08047043449852999";"0,27744201241424366";"0,6060568441685725";"False";"BATANG TUBUH";"PASAL 1"
"4";"yang harus dilaporkan karena membawa akibat terhadap";"187,65";"540,8940000000002";"677,634";"689,634";"612,2";"Helvetica";"12,0";"364,2720000000001";"306,1";"0,09502123489055876";"0,30651747794838285";"0,5770075138843519";"False";"BATANG TUBUH";"PASAL 1"
"4";"penerbitan atau perubahan Kartu Keluarga, Kartu Tanda";"187,65";"541,186";"694,834";"706,834";"612,2";"Helvetica";"12,0";"364,418";"306,1";"0,09525971904606334";"0,30651747794838285";"0,5774844821953611";"False";"BATANG TUBUH";"PASAL 1"
"4";"Penduduk dan/atau surat keterangan kependudukan lainnya";"187,65";"540,9060000000003";"712,2339999999999";"724,2339999999999";"612,2";"Helvetica";"12,0";"364,27800000000013";"306,1";"0,09503103560927818";"0,30651747794838285";"0,5770271153217907";"False";"BATANG TUBUH";"PASAL 1"
"4";"meliputi pindah datang, perubahan alamat, serta status tinggal";"187,65";"541,1179999999999";"729,434";"741,434";"612,2";"Helvetica";"12,0";"364,38399999999996";"306,1";"0,09520418163998681";"0,30651747794838285";"0,577373407383208";"False";"BATANG TUBUH";"PASAL 1"
"4";"terbatas menjadi tinggal tetap.";"187,65";"348,04200000000003";"746,634";"758,634";"612,2";"Helvetica";"12,0";"267,846";"306,1";"0,06248611564848092";"0,30651747794838285";"0,26199281280627246";"False";"BATANG TUBUH";"PASAL 1"
"4";"16. Nomor Induk Kependudukan, selanjutnya disingkat NIK adalah";"169,85";"541,154";"764,834";"776,834";"612,2";"Helvetica";"12,0";"355,502";"306,1";"0,08069585102907544";"0,27744201241424366";"0,6065076772296634";"False";"BATANG TUBUH";"PASAL 1"
"4";"nomor identitas penduduk yang bersifat unik atau khas, tunggal";"187,65";"541,024";"782,2339999999999";"794,2339999999999";"612,2";"Helvetica";"11,999999999999986";"364,337";"306,1";"0,09512740934335179";"0,30651747794838285";"0,577219862789938";"False";"BATANG TUBUH";"PASAL 1"
"4";"dan melekat pada seseorang yang terdaftar sebagai Penduduk";"187,65";"540,6180000000003";"799,454";"811,454";"612,2";"Helvetica";"12,0";"364,1340000000001";"306,1";"0,09479581836001323";"0,30651747794838285";"0,5765566808232608";"False";"BATANG TUBUH";"PASAL 1"
"4";"Indonesia.";"187,65";"242,77800000000002";"816,659";"828,659";"612,2";"Helvetica";"12,0";"215,214";"306,1";"0,14845802025481872";"0,30651747794838285";"0,09004900359359688";"False";"BATANG TUBUH";"PASAL 1"
"5";"5";"303,1";"309,1";"44,19200000000001";"56,19200000000001";"612,2";"Times New Roman,Bold";"12,0";"306,1";"306,1";"0,0";"0,49509964064031364";"0,009800718719372754";"False";"HALAMAN";""
"5";"17. Kartu Keluarga, selanjutnya disingkat KK, adalah kartu identitas";"169,85";"540,7700000000002";"81,10400000000004";"93,10400000000004";"612,2";"Helvetica";"12,0";"355,3100000000001";"306,1";"0,08038222803005568";"0,27744201241424366";"0,6058804312316239";"False";"BATANG TUBUH";"PASAL 1"
"5";"keluarga yang memuat data tentang nama, susunan dan";"187,65";"540,9180000000003";"98,30399999999997";"110,30399999999997";"612,2";"Helvetica";"12,0";"364,28400000000016";"306,1";"0,0950408363279976";"0,30651747794838285";"0,5770467167592296";"False";"BATANG TUBUH";"PASAL 1"
"5";"hubungan dalam keluarga, serta identitas anggota keluarga.";"187,65";"506,992";"115,50400000000002";"127,50400000000002";"612,2";"Helvetica";"12,0";"347,321";"306,1";"0,06733257105521072";"0,30651747794838285";"0,5216301862136556";"False";"BATANG TUBUH";"PASAL 1"
"5";"18. Kartu Tanda Penduduk, selanjutnya disingkat KTP adalah";"169,85";"540,9260000000002";"133,904";"145,904";"612,2";"Helvetica";"12,0";"355,3880000000001";"306,1";"0,0805096373734075";"0,27744201241424366";"0,6061352499183276";"False";"BATANG TUBUH";"PASAL 1"
"5";"identitas resmi Penduduk sebagai bukti diri yang diterbitkan oleh";"187,65";"540,8820000000002";"151,10400000000004";"163,10400000000004";"612,2";"Helvetica";"12,0";"364,2660000000001";"306,1";"0,09501143417183935";"0,30651747794838285";"0,576987912446913";"False";"BATANG TUBUH";"PASAL 1"
"5";"Dinas yang berlaku di seluruh wilayah Negara Kesatuan Republik";"187,65";"540,6540000000001";"168,30399999999997";"180,30399999999997";"612,2";"Helvetica";"12,0";"364,15200000000004";"306,1";"0,09482522051617122";"0,30651747794838285";"0,5766154851355768";"False";"BATANG TUBUH";"PASAL 1"
"5";"Indonesia.";"187,65";"242,77800000000002";"185,534";"197,534";"612,2";"Helvetica";"12,0";"215,214";"306,1";"0,14845802025481872";"0,30651747794838285";"0,09004900359359688";"False";"BATANG TUBUH";"PASAL 1"
"5";"19. Pencatatan Sipil adalah pencatatan Peristiwa Penting yang";"169,85";"541,1";"203,93399999999997";"215,93399999999997";"612,2";"Helvetica";"12,0";"355,475";"306,1";"0,08065174779483829";"0,27744201241424366";"0,6064194707611891";"False";"BATANG TUBUH";"PASAL 1"
"5";"dialami oleh seseorang dalam register Pencatatan Sipil pada";"187,65";"540,8820000000002";"221,13400000000001";"233,13400000000001";"612,2";"Helvetica";"12,0";"364,2660000000001";"306,1";"0,09501143417183935";"0,30651747794838285";"0,576987912446913";"False";"BATANG TUBUH";"PASAL 1"
"5";"Dinas.";"187,65";"221,41600000000003";"238,33400000000006";"250,33400000000006";"612,2";"Helvetica";"12,0";"204,53300000000002";"306,1";"0,16590493302842207";"0,30651747794838285";"0,0551551780463901";"False";"BATANG TUBUH";"PASAL 1"
"5";"20. Pejabat Pencatatan Sipil adalah pejabat yang melakukan";"169,85";"540,8900000000001";"256,534";"268,534";"612,2";"Helvetica";"12,0";"355,37000000000006";"306,1";"0,08048023521724933";"0,27744201241424366";"0,6060764456060111";"False";"BATANG TUBUH";"PASAL 1"
"5";"pencatatan Peristiwa Penting yang dialami seseorang pada Dinas";"187,65";"541,138";"273,93399999999997";"285,93399999999997";"612,2";"Helvetica";"12,0";"364,394";"306,1";"0,09522051617118585";"0,30651747794838285";"0,577406076445606";"False";"BATANG TUBUH";"PASAL 1"
"5";"yang pengangkatannya sesuai dengan ketentuan peraturan";"187,65";"541,2520000000001";"291,134";"303,134";"612,2";"Helvetica";"12,0";"364,451";"306,1";"0,09531362299901992";"0,30651747794838285";"0,5775922901012742";"False";"BATANG TUBUH";"PASAL 1"
"5";"perundang-undangan.";"187,65";"305,592";"308,35400000000004";"320,35400000000004";"612,2";"Helvetica";"12,0";"246,62099999999998";"306,1";"0,09715615811826207";"0,30651747794838285";"0,19265272786671017";"False";"BATANG TUBUH";"PASAL 1"
"5";"21. Kepercayaan Terhadap Tuhan Yang Maha Esa adalah";"169,85";"541,092";"326,554";"338,554";"612,2";"Helvetica";"12,0";"355,471";"306,1";"0,08064521398235867";"0,27744201241424366";"0,6064064031362298";"False";"BATANG TUBUH";"PASAL 1"
"5";"pernyataan dan pelaksanaan hubungan pribadi dengan Tuhan";"187,65";"540,9060000000003";"343,95400000000006";"355,95400000000006";"612,2";"Helvetica";"12,0";"364,27800000000013";"306,1";"0,09503103560927818";"0,30651747794838285";"0,5770271153217907";"False";"BATANG TUBUH";"PASAL 1"
"5";"Yang Maha Esa berdasarkan keyakinan yang diwujudkan dengan";"187,65";"540,8940000000002";"361,154";"373,154";"612,2";"Helvetica";"12,0";"364,2720000000001";"306,1";"0,09502123489055876";"0,30651747794838285";"0,5770075138843519";"False";"BATANG TUBUH";"PASAL 1"
"5";"Prilaku Ketaqwaan dan peribadatan terhadap Tuhan Yang Maha";"187,65";"540,8900000000002";"378,35400000000004";"390,35400000000004";"612,2";"Helvetica";"12,0";"364,2700000000001";"306,1";"0,09501796798431897";"0,30651747794838285";"0,5770009800718723";"False";"BATANG TUBUH";"PASAL 1"
"5";"Esa serta pengamalan budi luhur yang ajarannya bersumber dari";"187,65";"541,1379999999999";"395,554";"407,554";"612,2";"Helvetica";"12,0";"364,39399999999995";"306,1";"0,09522051617118577";"0,30651747794838285";"0,5774060764456058";"False";"BATANG TUBUH";"PASAL 1"
"5";"Kearifan lokal bangsa Indonesia.";"187,65";"364,952";"412,95399999999995";"424,95399999999995";"612,2";"Helvetica";"12,0";"276,301";"306,1";"0,048675269519764836";"0,30651747794838285";"0,2896145050637046";"False";"BATANG TUBUH";"PASAL 1"
"5";"22. Penghayat Kepercayaan Terhadap Tuhan Yang Maha Esa,";"169,85";"541,02";"431,18399999999997";"443,18399999999997";"612,2";"Helvetica";"12,0";"355,435";"306,1";"0,08058640967004244";"0,27744201241424366";"0,6062887945115975";"False";"BATANG TUBUH";"PASAL 1"
"5";"selanjutnya disebut Penghayat Kepercayaan adalah setiap orang";"187,65";"541,094";"448,38399999999996";"460,38399999999996";"612,2";"Helvetica";"12,0";"364,372";"306,1";"0,09518458020254816";"0,30651747794838285";"0,5773342045083307";"False";"BATANG TUBUH";"PASAL 1"
"5";"yang mengakui dan meyakini nilai-nilai penghayatan kepercayaan";"187,65";"541,1940000000001";"465,58399999999995";"477,58399999999995";"612,2";"Helvetica";"12,0";"364,422";"306,1";"0,09526625285854295";"0,30651747794838285";"0,5774975498203203";"False";"BATANG TUBUH";"PASAL 1"
"5";"terhadap Tuhan Yang Maha Esa.";"187,65";"364,08599999999996";"482,984";"494,984";"612,2";"Helvetica";"12,0";"275,868";"306,1";"0,04938255472067956";"0,30651747794838285";"0,2881999346618751";"False";"BATANG TUBUH";"PASAL 1"
"5";"23. Surat Perkawinan Penghayatan Kepercayaan adalah bukti";"169,85";"541,288";"501,18399999999997";"513,184";"612,2";"Helvetica";"12,0";"355,569";"306,1";"0,08080529238810845";"0,27744201241424366";"0,6067265599477294";"False";"BATANG TUBUH";"PASAL 1"
"5";"terjadinya Perkawinan Penghayat Kepercayaan yang dibuat,";"187,65";"540,7500000000002";"518,384";"530,384";"612,2";"Helvetica";"12,0";"364,2000000000001";"306,1";"0,09490362626592629";"0,30651747794838285";"0,5767722966350869";"False";"BATANG TUBUH";"PASAL 1"
"5";"ditandatangani dan disahkan oleh Pemuka Penghayat";"187,65";"540,8100000000002";"535,584";"547,584";"612,2";"Helvetica";"12,0";"364,2300000000001";"306,1";"0,09495262985952312";"0,30651747794838285";"0,5768703038222806";"False";"BATANG TUBUH";"PASAL 1"
"5";"Kepercayaan.";"187,65";"261,57000000000005";"553,0039999999999";"565,0039999999999";"612,2";"Helvetica";"12,0";"224,61";"306,1";"0,13311009474028096";"0,30651747794838285";"0,1207448546226724";"False";"BATANG TUBUH";"PASAL 1"
"5";"24. Peristiwa Penting adalah kejadian yang dialami oleh seseorang";"169,85";"541,1279999999999";"571,204";"583,204";"612,2";"Helvetica";"12,0";"355,489";"306,1";"0,08067461613851674";"0,27744201241424366";"0,606465207448546";"False";"BATANG TUBUH";"PASAL 1"
"5";"meliputi kelahiran, kematian, lahir mati, perkawinan, perceraian,";"187,65";"540,7140000000002";"588,404";"600,404";"612,2";"Helvetica";"12,0";"364,1820000000001";"306,1";"0,09487422410976812";"0,30651747794838285";"0,5767134923227706";"False";"BATANG TUBUH";"PASAL 1"
"5";"pengakuan anak, pengesahan anak, pengangkatan anak,";"187,65";"541,0020000000003";"605,604";"617,604";"612,2";"Helvetica";"12,0";"364,32600000000014";"306,1";"0,09510944135903317";"0,30651747794838285";"0,5771839268213007";"False";"BATANG TUBUH";"PASAL 1"
"5";"perubahan nama dan perubahan status kewarganegaraan.";"187,65";"500,19000000000017";"623,0039999999999";"635,0039999999999";"612,2";"Helvetica";"12,0";"343,9200000000001";"306,1";"0,06177719699444634";"0,30651747794838285";"0,5105194380921271";"False";"BATANG TUBUH";"PASAL 1"
"5";"25. Izin Tinggal Terbatas adalah izin tinggal yang diberikan kepada";"169,85";"540,9140000000001";"641,204";"653,204";"612,2";"Helvetica";"12,0";"355,38200000000006";"306,1";"0,08049983665468807";"0,27744201241424366";"0,6061156484808887";"False";"BATANG TUBUH";"PASAL 1"
"5";"Orang Asing untuk tinggal di wilayah Daerah dalam jangka waktu";"187,65";"541,328";"658,404";"670,404";"612,2";"Helvetica";"12,0";"364,489";"306,1";"0,09537569421757587";"0,30651747794838285";"0,5777164325383861";"False";"BATANG TUBUH";"PASAL 1"
"5";"yang terbatas sesuai dengan ketentuan Peraturan Perundang-";"187,65";"541,1659999999999";"675,634";"687,634";"612,2";"Helvetica";"12,0";"364,40799999999996";"306,1";"0,09524338451486432";"0,30651747794838285";"0,577451813132963";"False";"BATANG TUBUH";"PASAL 1"
"5";"undangan.";"187,65";"244,17000000000002";"692,834";"704,834";"612,2";"Helvetica";"12,0";"215,91000000000003";"306,1";"0,14732113688337142";"0,30651747794838285";"0,09232277033649135";"False";"BATANG TUBUH";"PASAL 1"
"5";"26. Izin Tinggal Tetap adalah izin tinggal yang diberikan kepada";"169,85";"540,8060000000002";"711,2339999999999";"723,2339999999999";"612,2";"Helvetica";"12,0";"355,3280000000001";"306,1";"0,08041163018621375";"0,27744201241424366";"0,60593923554394";"False";"BATANG TUBUH";"PASAL 1"
"5";"Orang Asing untuk tinggal menetap di wilayah Daerah sesuai";"187,65";"541,198";"728,434";"740,434";"612,2";"Helvetica";"12,0";"364,424";"306,1";"0,09526951976478266";"0,30651747794838285";"0,5775040836327997";"False";"BATANG TUBUH";"PASAL 1"
"5";"dengan ketentuan Peraturan Perundang-undangan.";"187,65";"462,442";"745,634";"757,634";"612,2";"Helvetica";"12,0";"325,046";"306,1";"0,030947402809539313";"0,30651747794838285";"0,44885984972231296";"False";"BATANG TUBUH";"PASAL 1"
"5";"27. Petugas Registrasi adalah Pegawai Negeri Sipil yang diberi tugas";"169,85";"541,004";"763,834";"775,834";"612,2";"Helvetica";"12,0";"355,427";"306,1";"0,08057334204508329";"0,27744201241424366";"0,6062626592616791";"False";"BATANG TUBUH";"PASAL 1"
"5";"dan tanggung jawab memberikan pelayanan pelaporan Peristiwa";"187,65";"540,9060000000001";"781,2339999999999";"793,2339999999999";"612,2";"Helvetica";"12,0";"364,278";"306,1";"0,095031035609278";"0,30651747794838285";"0,5770271153217904";"False";"BATANG TUBUH";"PASAL 1"
"5";"Kependudukan dan Peristiwa Penting serta pengelolaan dan";"187,65";"540,9420000000002";"798,454";"810,454";"612,2";"Helvetica";"12,0";"364,2960000000001";"306,1";"0,09506043776543627";"0,30651747794838285";"0,5770859196341068";"False";"BATANG TUBUH";"PASAL 1"
"5";"penyajian Data Kependudukan di Desa/Kelurahan.";"187,65";"457,05";"815,659";"827,659";"612,2";"Helvetica";"12,0";"322,35";"306,1";"0,026543613198301206";"0,30651747794838285";"0,4400522704998366";"False";"BATANG TUBUH";"PASAL 1"
"6";"6";"303,1";"309,1";"44,19200000000001";"56,19200000000001";"612,2";"Times New Roman,Bold";"12,0";"306,1";"306,1";"0,0";"0,49509964064031364";"0,009800718719372754";"False";"HALAMAN";""
"6";"28. Sistem Informasi Administrasi Kependudukan selanjutnya";"169,85";"541,1980000000001";"81,10400000000004";"93,10400000000004";"612,2";"Helvetica";"12,0";"355,52400000000006";"306,1";"0,08073178699771322";"0,27744201241424366";"0,606579549166939";"False";"BATANG TUBUH";"PASAL 1"
"6";"disingkat SIAK, adalah sistem informasi yang memanfaatkan";"187,65";"540,8940000000002";"98,30399999999997";"110,30399999999997";"612,2";"Helvetica";"12,0";"364,2720000000001";"306,1";"0,09502123489055876";"0,30651747794838285";"0,5770075138843519";"False";"BATANG TUBUH";"PASAL 1"
"6";"teknologi informasi dan komunikasi untuk memfasilitasi";"187,65";"540,9060000000001";"115,50400000000002";"127,50400000000002";"612,2";"Helvetica";"12,0";"364,278";"306,1";"0,095031035609278";"0,30651747794838285";"0,5770271153217904";"False";"BATANG TUBUH";"PASAL 1"
"6";"pengelolaan informasi administrasi kependudukan di tingkat";"187,65";"540,7620000000002";"132,904";"144,904";"612,2";"Helvetica";"12,0";"364,2060000000001";"306,1";"0,09491342698464562";"0,30651747794838285";"0,5767918980725256";"False";"BATANG TUBUH";"PASAL 1"
"6";"Penyelenggara dan Dinas sebagai satu kesatuan.";"187,65";"452,35599999999994";"150,10400000000004";"162,10400000000004";"612,2";"Helvetica";"12,0";"320,003";"306,1";"0,022709898725906504";"0,30651747794838285";"0,4323848415550472";"False";"BATANG TUBUH";"PASAL 1"
"6";"29. Data Pribadi adalah data perseorangan tertentu yang disimpan,";"169,85";"540,7700000000002";"168,30399999999997";"180,30399999999997";"612,2";"Helvetica";"12,0";"355,3100000000001";"306,1";"0,08038222803005568";"0,27744201241424366";"0,6058804312316239";"False";"BATANG TUBUH";"PASAL 1"
"6";"dirawat, dan dijaga kebenaran serta dilindungi kerahasiaannya.";"187,65";"523,3260000000001";"185,534";"197,534";"612,2";"Helvetica";"12,0";"355,48800000000006";"306,1";"0,08067298268539698";"0,30651747794838285";"0,5483110094740283";"False";"BATANG TUBUH";"PASAL 1"
"6";"30. Kantor Urusan Agama Kecamatan selanjutnya disingkat KUA";"169,85";"541,044";"203,93399999999997";"215,93399999999997";"612,2";"Helvetica";"12,0";"355,447";"306,1";"0,08060601110748118";"0,27744201241424366";"0,6063279973864749";"False";"BATANG TUBUH";"PASAL 1"
"6";"Kecamatan, adalah satuan kerja yang melaksanakan pencatatan";"187,65";"541,116";"221,13400000000001";"233,13400000000001";"612,2";"Helvetica";"12,0";"364,383";"306,1";"0,09520254818686696";"0,30651747794838285";"0,5773701404769683";"False";"BATANG TUBUH";"PASAL 1"
"6";"nikah, talak, cerai, dan rujuk pada tingkat Kecamatan bagi";"187,65";"541,158";"238,33400000000006";"250,33400000000006";"612,2";"Helvetica";"12,0";"364,404";"306,1";"0,09523685070238479";"0,30651747794838285";"0,5774387455080039";"False";"BATANG TUBUH";"PASAL 1"
"6";"Penduduk yang beragama Islam.";"187,65";"363,486";"255,534";"267,534";"612,2";"Helvetica";"12,0";"275,568";"306,1";"0,049872590656648216";"0,30651747794838285";"0,2872198627899379";"False";"BATANG TUBUH";"PASAL 1"
"6";"31. Petugas Rahasia Khusus adalah petugas reserse dan Petugas";"169,85";"541,06";"273,93399999999997";"285,93399999999997";"612,2";"Helvetica";"12,0";"355,455";"306,1";"0,08061907873244031";"0,27744201241424366";"0,6063541326363932";"False";"BATANG TUBUH";"PASAL 1"
"6";"Intelejen yang melakukan tugas-tugas khusus di luar daerah";"187,65";"541,1179999999999";"291,134";"303,134";"612,2";"Helvetica";"12,0";"364,38399999999996";"306,1";"0,09520418163998681";"0,30651747794838285";"0,577373407383208";"False";"BATANG TUBUH";"PASAL 1"
"6";"domisilinya.";"187,65";"250,17000000000002";"308,35400000000004";"320,35400000000004";"612,2";"Helvetica";"12,0";"218,91000000000003";"306,1";"0,14242077752368507";"0,30651747794838285";"0,1021234890558641";"False";"BATANG TUBUH";"PASAL 1"
"6";"32. Dokumen Identitas lainnya adalah Dokumen Resmi yang";"169,85";"541,04";"326,554";"338,554";"612,2";"Helvetica";"12,0";"355,445";"306,1";"0,08060274420124137";"0,27744201241424366";"0,6063214635739953";"False";"BATANG TUBUH";"PASAL 1"
"6";"diterbitkan oleh Departemen/Lembaga Pemerintah Non";"187,85";"540,9500000000002";"343,95400000000006";"355,95400000000006";"612,2";"Helvetica";"12,0";"364,4000000000001";"306,1";"0,09523031688990537";"0,30684416857236196";"0,5767722966350868";"False";"BATANG TUBUH";"PASAL 1"
"6";"Departemen atau Badan Hukum Publik dan Badan Hukum Privat";"187,85";"540,8180000000001";"361,154";"373,154";"612,2";"Helvetica";"12,0";"364,33400000000006";"306,1";"0,09512250898399222";"0,30684416857236196";"0,5765566808232605";"False";"BATANG TUBUH";"PASAL 1"
"6";"yang terkait dengan identitas Penduduk, selain Dokumen";"187,85";"540,8900000000001";"378,35400000000004";"390,35400000000004";"612,2";"Helvetica";"12,0";"364,37000000000006";"306,1";"0,09518131329630845";"0,30684416857236196";"0,5766742894478929";"False";"BATANG TUBUH";"PASAL 1"
"6";"Kependudukan.";"187,85";"271,76599999999996";"395,554";"407,554";"612,2";"Helvetica";"12,0";"229,808";"306,1";"0,12461940542306439";"0,30684416857236196";"0,1370728520091473";"False";"BATANG TUBUH";"PASAL 1"
"6";"33. Data Base adalah kumpulan berbagai jenis data kependudukan";"169,85";"541,1379999999999";"413,75399999999996";"425,75399999999996";"612,2";"Helvetica";"12,0";"355,49399999999997";"306,1";"0,0806827834041162";"0,27744201241424366";"0,606481541979745";"False";"BATANG TUBUH";"PASAL 1"
"6";"yang tersimpan secara sistematik, terstruktur dan saling";"187,85";"540,9020000000003";"431,18399999999997";"443,18399999999997";"612,2";"Helvetica";"12,0";"364,37600000000015";"306,1";"0,09519111401502796";"0,30684416857236196";"0,576693890885332";"False";"BATANG TUBUH";"PASAL 1"
"6";"berhubungan dengan mengunakan perangkat lunak, perangkat";"187,85";"540,9740000000003";"448,38399999999996";"460,38399999999996";"612,2";"Helvetica";"12,0";"364,41200000000015";"306,1";"0,0952499183273442";"0,30684416857236196";"0,5768114995099645";"False";"BATANG TUBUH";"PASAL 1"
"6";"keras dan jaringan komunikasi data.";"187,85";"379,79600000000005";"465,58399999999995";"477,58399999999995";"612,2";"Helvetica";"12,0";"283,82300000000004";"306,1";"0,03638843515191112";"0,30684416857236196";"0,31353479255145383";"False";"BATANG TUBUH";"PASAL 1"
"6";"34. Data Center adalah tempat/ruang penyimpanan perangkat data";"169,85";"540,9180000000001";"483,78399999999993";"495,78399999999993";"612,2";"Helvetica";"12,0";"355,38400000000007";"306,1";"0,08050310356092788";"0,27744201241424366";"0,6061221822933683";"False";"BATANG TUBUH";"PASAL 1"
"6";"base pada Dinas yang menghimpun data kependudukan.";"187,85";"492,086";"501,18399999999997";"513,184";"612,2";"Helvetica";"12,0";"339,968";"306,1";"0,05532179026461939";"0,30684416857236196";"0,4969552433845148";"False";"BATANG TUBUH";"PASAL 1"
"6";"35. Hak Akses adalah hak yang diberikan oleh Pemerintah Daerah";"169,85";"541,1940000000001";"519,384";"531,384";"612,2";"Helvetica";"12,0";"355,52200000000005";"306,1";"0,08072852009147341";"0,27744201241424366";"0,6065730153544594";"False";"BATANG TUBUH";"PASAL 1"
"6";"melalui petugas yang ada pada Dinas untuk dapat mengakses";"187,65";"541,054";"536,584";"548,584";"612,2";"Helvetica";"12,0";"364,352";"306,1";"0,09515191114015019";"0,30651747794838285";"0,5772688663835347";"False";"BATANG TUBUH";"PASAL 1"
"6";"data base kependudukan sesuai dengan izin yang diberikan.";"187,65";"509,81";"553,804";"565,804";"612,2";"Helvetica-Oblique";"12,0";"348,73";"306,1";"0,0696341065011434";"0,30651747794838285";"0,5262332571055209";"False";"BATANG TUBUH";"PASAL 1"
"6";"36. Pengguna Data Pribadi Penduduk adalah instansi Pemerintah dan";"169,85";"541,252";"572,204";"584,204";"612,2";"Helvetica";"12,0";"355,551";"306,1";"0,08077589023195028";"0,27744201241424366";"0,6066677556354131";"False";"BATANG TUBUH";"PASAL 1"
"6";"swasta yang membutuhkan informasi data sesuai dengan";"187,65";"541,2520000000001";"589,404";"601,404";"612,2";"Helvetica";"12,0";"364,451";"306,1";"0,09531362299901992";"0,30651747794838285";"0,5775922901012742";"False";"BATANG TUBUH";"PASAL 1"
"6";"bidangnya.";"187,65";"246,16200000000003";"606,604";"618,604";"612,2";"Helvetica";"12,0";"216,906";"306,1";"0,14569421757595558";"0,30651747794838285";"0,09557660895132314";"False";"BATANG TUBUH";"PASAL 1"
"6";"37. Jasa adalah kegiatan Pemerintah Daerah berupa usaha dan";"169,85";"540,9380000000002";"625,0039999999999";"637,0039999999999";"612,2";"Helvetica";"12,0";"355,3940000000001";"306,1";"0,0805194380921269";"0,27744201241424366";"0,6061548513557664";"False";"BATANG TUBUH";"PASAL 1"
"6";"pelayanan yang menyebabkan barang, fasilitas, atau";"187,65";"540,9060000000002";"642,204";"654,204";"612,2";"Helvetica";"12,0";"364,2780000000001";"306,1";"0,0950310356092781";"0,30651747794838285";"0,5770271153217905";"False";"BATANG TUBUH";"PASAL 1"
"6";"kemanfaatan lainnya yang dapat dinikmati oleh orang pribadi";"187,65";"540,8580000000002";"659,404";"671,404";"612,2";"Helvetica";"12,0";"364,2540000000001";"306,1";"0,09499183273440061";"0,30651747794838285";"0,5769487095720356";"False";"BATANG TUBUH";"PASAL 1"
"6";"dan/atau badan.";"187,65";"274,168";"676,634";"688,634";"612,2";"Helvetica";"12,0";"230,909";"306,1";"0,1228209735380595";"0,30651747794838285";"0,14132309702711532";"False";"BATANG TUBUH";"PASAL 1"
"6";"38. Jasa Umum adalah jasa yang disediakan atau diberikan oleh";"169,85";"540,9120000000001";"694,834";"706,834";"612,2";"Helvetica";"12,0";"355,3810000000001";"306,1";"0,08049820320156821";"0,27744201241424366";"0,606112381574649";"False";"BATANG TUBUH";"PASAL 1"
"6";"Pemerintah Daerah untuk tujuan kepentingan dan kemanfaatan";"187,65";"540,8700000000002";"712,2339999999999";"724,2339999999999";"612,2";"Helvetica";"12,0";"364,2600000000001";"306,1";"0,09500163345312002";"0,30651747794838285";"0,5769683110094744";"False";"BATANG TUBUH";"PASAL 1"
"6";"umum serta dapat dinikmati oleh orang pribadi dan/atau badan.";"187,65";"524,1060000000003";"729,434";"741,434";"612,2";"Helvetica";"12,0";"355,87800000000016";"306,1";"0,08131002940215637";"0,30651747794838285";"0,5495851029075471";"False";"BATANG TUBUH";"PASAL 1"
"6";"39. Wajib Retribusi Administrasi Kependudukan yang selanjutnya";"169,85";"541,15";"747,634";"759,634";"612,2";"Helvetica";"12,0";"355,5";"306,1";"0,08069258412283563";"0,27744201241424366";"0,6065011434171838";"False";"BATANG TUBUH";"PASAL 1"
"6";"disebut Wajib Retribusi adalah orang pribadi atau badan yang";"187,65";"541,008";"764,834";"776,834";"612,2";"Helvetica";"12,0";"364,329";"306,1";"0,09511434171839266";"0,30651747794838285";"0,5771937275400196";"False";"BATANG TUBUH";"PASAL 1"
"6";"menurut perundang-undangan Retribusi diwajibkan untuk";"187,65";"540,7479999999999";"782,2339999999999";"794,2339999999999";"612,2";"Helvetica";"11,999999999999986";"364,19899999999996";"306,1";"0,09490199281280616";"0,30651747794838285";"0,5767690297288467";"False";"BATANG TUBUH";"PASAL 1"
"6";"melakukan pembayaran Retribusi, termasuk pemungut atau";"187,65";"540,9180000000002";"799,454";"811,454";"612,2";"Helvetica";"12,0";"364,2840000000001";"306,1";"0,09504083632799751";"0,30651747794838285";"0,5770467167592294";"False";"BATANG TUBUH";"PASAL 1"
"6";"pemotong Retribusi tertentu.";"187,65";"338,66999999999996";"816,659";"828,659";"612,2";"Helvetica";"12,0";"263,15999999999997";"306,1";"0,07014047696831109";"0,30651747794838285";"0,24668409016661214";"False";"BATANG TUBUH";"PASAL 1"
"7";"7";"303,1";"309,1";"44,19200000000001";"56,19200000000001";"612,2";"Times New Roman,Bold";"12,0";"306,1";"306,1";"0,0";"0,49509964064031364";"0,009800718719372754";"False";"HALAMAN";""
"7";"40. Masa Retribusi adalah suatu jangka waktu tertentu yang";"169,85";"540,8780000000003";"81,10400000000004";"93,10400000000004";"612,2";"Helvetica";"12,0";"355,36400000000015";"306,1";"0,08047043449853009";"0,27744201241424366";"0,6060568441685728";"False";"BATANG TUBUH";"PASAL 1"
"7";"merupakan batas waktu bagi Wajib Retribusi untuk memanfaatkan";"187,65";"541,02";"98,30399999999997";"110,30399999999997";"612,2";"Helvetica";"12,0";"364,335";"306,1";"0,09512414243711198";"0,30651747794838285";"0,5772133289774584";"False";"BATANG TUBUH";"PASAL 1"
"7";"jasa dan perizinan tertentu dari Pemerintah Daerah.";"187,65";"462,75";"115,50400000000002";"127,50400000000002";"612,2";"Helvetica";"12,0";"325,2";"306,1";"0,03119895459000321";"0,30651747794838285";"0,4493629532832408";"False";"BATANG TUBUH";"PASAL 1"
"7";"41. Surat Setoran Retribusi Daerah, yang selanjutnya disingkat SSRD";"169,85";"540,8660000000001";"133,904";"145,904";"612,2";"Helvetica";"12,0";"355,35800000000006";"306,1";"0,08046063377981058";"0,27744201241424366";"0,6060372427311337";"False";"BATANG TUBUH";"PASAL 1"
"7";"adalah surat yang oleh Wajib Retribusi digunakan untuk";"187,65";"540,8340000000003";"151,10400000000004";"163,10400000000004";"612,2";"Helvetica";"12,0";"364,24200000000013";"306,1";"0,09497223129696195";"0,30651747794838285";"0,5769095066971582";"False";"BATANG TUBUH";"PASAL 1"
"7";"melakukan pembayaran atau penyetoran Retribusi yang terutang";"187,65";"541,154";"168,30399999999997";"180,30399999999997";"612,2";"Helvetica";"12,0";"364,402";"306,1";"0,09523358379614498";"0,30651747794838285";"0,5774322116955243";"False";"BATANG TUBUH";"PASAL 1"
"7";"ke Kas Daerah atau ke tempat pembayaran lain yang ditetapkan";"187,65";"540,8460000000002";"185,534";"197,534";"612,2";"Helvetica";"12,0";"364,2480000000001";"306,1";"0,09498203201568127";"0,30651747794838285";"0,5769291081345969";"False";"BATANG TUBUH";"PASAL 1"
"7";"oleh Kepala Daerah.";"187,65";"296,73";"202,93399999999997";"214,93399999999997";"612,2";"Helvetica";"12,0";"242,19";"306,1";"0,10439398889251882";"0,30651747794838285";"0,1781770663181967";"False";"BATANG TUBUH";"PASAL 1"
"7";"42. Surat Ketetapan Retribusi Daerah, yang selanjutnya disingkat";"169,85";"540,9260000000002";"221,13400000000001";"233,13400000000001";"612,2";"Helvetica";"12,0";"355,3880000000001";"306,1";"0,0805096373734075";"0,27744201241424366";"0,6061352499183276";"False";"BATANG TUBUH";"PASAL 1"
"7";"SKRD adalah surat ketetapan Retribusi yang menentukan";"187,65";"540,8940000000002";"238,33400000000006";"250,33400000000006";"612,2";"Helvetica";"12,0";"364,2720000000001";"306,1";"0,09502123489055876";"0,30651747794838285";"0,5770075138843519";"False";"BATANG TUBUH";"PASAL 1"
"7";"besarnya pokok Retribusi.";"187,65";"326,11799999999994";"255,534";"267,534";"612,2";"Helvetica";"12,0";"256,88399999999996";"306,1";"0,080392028748775";"0,30651747794838285";"0,22618098660568428";"False";"BATANG TUBUH";"PASAL 1"
"7";"43. Surat Ketetapan Retribusi Daerah Lebih Bayar, yang selanjutnya";"169,85";"541,008";"273,93399999999997";"285,93399999999997";"612,2";"Helvetica";"12,0";"355,42900000000003";"306,1";"0,0805766089513231";"0,27744201241424366";"0,6062691930741587";"False";"BATANG TUBUH";"PASAL 1"
"7";"disingkat SKRDLB adalah surat ketetapan Retribusi yang";"187,65";"540,9300000000002";"291,134";"303,134";"612,2";"Helvetica";"12,0";"364,2900000000001";"306,1";"0,09505063704671685";"0,30651747794838285";"0,5770663181966681";"False";"BATANG TUBUH";"PASAL 1"
"7";"menentukan jumlah kelebihan pembayaran Retribusi karena";"187,65";"540,9060000000002";"308,35400000000004";"320,35400000000004";"612,2";"Helvetica";"12,0";"364,2780000000001";"306,1";"0,0950310356092781";"0,30651747794838285";"0,5770271153217905";"False";"BATANG TUBUH";"PASAL 1"
"7";"jumlah kredit Retribusi lebih besar daripada Retribusi yang";"187,65";"540,8820000000001";"325,554";"337,554";"612,2";"Helvetica";"12,0";"364,266";"306,1";"0,09501143417183926";"0,30651747794838285";"0,5769879124469128";"False";"BATANG TUBUH";"PASAL 1"
"7";"terutang atau tidak seharusnya terutang.";"187,65";"402,774";"342,95400000000006";"354,95400000000006";"612,2";"Helvetica";"12,0";"295,212";"306,1";"0,017785037569421812";"0,30651747794838285";"0,3513949689643907";"False";"BATANG TUBUH";"PASAL 1"
"7";"44. Surat Tagihan Retribusi Daerah, yang selanjutnya disingkat STRD";"169,85";"540,868";"361,154";"373,154";"612,2";"Helvetica";"12,0";"355,35900000000004";"306,1";"0,08046226723293043";"0,27744201241424366";"0,6060405096373734";"False";"BATANG TUBUH";"PASAL 1"
"7";"adalah surat untuk melakukan tagihan Retribusi dan/atau sanksi";"187,65";"540,8340000000003";"378,35400000000004";"390,35400000000004";"612,2";"Helvetica";"12,0";"364,24200000000013";"306,1";"0,09497223129696195";"0,30651747794838285";"0,5769095066971582";"False";"BATANG TUBUH";"PASAL 1"
"7";"administrasi berupa bunga dan/atau denda.";"187,65";"418,626";"395,554";"407,554";"612,2";"Helvetica";"12,0";"303,138";"306,1";"0,004838288141130424";"0,30651747794838285";"0,37728846782097347";"False";"BATANG TUBUH";"PASAL 1"
"7";"45. Pemeriksaan adalah serangkaian kegiatan untuk mencari,";"169,85";"540,83";"413,95399999999995";"425,95399999999995";"612,2";"Helvetica";"12,0";"355,34000000000003";"306,1";"0,08043123162365241";"0,27744201241424366";"0,6059784384188174";"False";"BATANG TUBUH";"PASAL 1"
"7";"mengumpulkan, mengolah data dan/atau keterangan lainnya";"187,65";"541,1080000000001";"431,18399999999997";"443,18399999999997";"612,2";"Helvetica";"12,0";"364,379";"306,1";"0,09519601437438745";"0,30651747794838285";"0,5773570728520092";"False";"BATANG TUBUH";"PASAL 1"
"7";"untuk menguji kepatuhan pemenuhan kewajiban perpajakan";"187,65";"540,9060000000002";"448,38399999999996";"460,38399999999996";"612,2";"Helvetica";"12,0";"364,2780000000001";"306,1";"0,0950310356092781";"0,30651747794838285";"0,5770271153217905";"False";"BATANG TUBUH";"PASAL 1"
"7";"Daerah dan Retribusi dan untuk tujuan lain dalam rangka";"187,65";"540,9300000000002";"465,58399999999995";"477,58399999999995";"612,2";"Helvetica";"12,0";"364,2900000000001";"306,1";"0,09505063704671685";"0,30651747794838285";"0,5770663181966681";"False";"BATANG TUBUH";"PASAL 1"
"7";"melaksanakan ketentuan peraturan perundang-undangan";"187,65";"541,19";"482,984";"494,984";"612,2";"Helvetica";"12,0";"364,42";"306,1";"0,09526298595230315";"0,30651747794838285";"0,5774910160078407";"False";"BATANG TUBUH";"PASAL 1"
"7";"perpajakan Daerah dan Retribusi.";"187,65";"366,88199999999995";"500,18399999999997";"512,184";"612,2";"Helvetica";"12,0";"277,26599999999996";"306,1";"0,04709898725906576";"0,30651747794838285";"0,2927670695851028";"False";"BATANG TUBUH";"PASAL 1"
"7";"46. Penyidikan tindak pidana di bidang Retribusi Daerah adalah";"169,85";"541,146";"518,384";"530,384";"612,2";"Helvetica";"12,0";"355,498";"306,1";"0,08068931721659582";"0,27744201241424366";"0,6064946096047042";"False";"BATANG TUBUH";"PASAL 1"
"7";"serangkaian tindakan yang dilakukan oleh Penyidik Pegawai";"187,85";"540,926";"535,584";"547,584";"612,2";"Helvetica";"12,0";"364,38800000000003";"306,1";"0,09521071545246652";"0,30684416857236196";"0,5767330937602091";"False";"BATANG TUBUH";"PASAL 1"
"7";"Negeri Sipil, yang selanjutnya disebut Penyidik, untuk mencari";"187,85";"540,8900000000001";"553,0039999999999";"565,0039999999999";"612,2";"Helvetica";"12,0";"364,37000000000006";"306,1";"0,09518131329630845";"0,30684416857236196";"0,5766742894478929";"False";"BATANG TUBUH";"PASAL 1"
"7";"serta mengumpulkan bukti yang dengan bukti itu membuat terang";"187,85";"540,8420000000002";"570,204";"582,204";"612,2";"Helvetica";"12,0";"364,3460000000001";"306,1";"0,09514211042143106";"0,30684416857236196";"0,5765958836981381";"False";"BATANG TUBUH";"PASAL 1"
"7";"tindak pidana di bidang Retribusi Daerah yang terjadi serta";"187,85";"541,1980000000001";"587,404";"599,404";"612,2";"Helvetica";"12,0";"364,52400000000006";"306,1";"0,09543286507677234";"0,30684416857236196";"0,5771773930088208";"False";"BATANG TUBUH";"PASAL 1"
"7";"menemukan tersangkanya.";"187,85";"332,3059999999999";"604,604";"616,604";"612,2";"Helvetica";"12,0";"260,078";"306,1";"0,07517477948382889";"0,30684416857236196";"0,2359621038876183";"False";"BATANG TUBUH";"PASAL 1"
"7";"BAB II";"288,1";"323,992";"641,0039999999999";"653,0039999999999";"612,2";"Helvetica-Bold";"12,0";"306,04600000000005";"306,1";"8,82064684743117e-05";"0,47059784384188175";"0,05862789937928781";"True";"BATANG TUBUH";"BAB II"
"7";"PENYELENGGARAAN KEWENANGAN";"196,65";"415,02599999999995";"659,204";"671,204";"612,2";"Helvetica-Bold";"12,000000000000028";"305,83799999999997";"306,1";"0,0004279647174127038";"0,321218556027442";"0,35670695851029066";"True";"BATANG TUBUH";"BAB II"
"7";"Bagian Pertama";"260,67";"351,28200000000004";"677,434";"689,434";"612,2";"Helvetica-Bold";"12,0";"305,976";"306,1";"0,00020254818686707554";"0,4257922247631493";"0,14801045409996735";"False";"BATANG TUBUH";"BAB II"
"7";"Penyelenggara Pemerintah Daerah";"207,08";"405,044";"695,634";"707,634";"612,2";"Helvetica-Bold";"12,0";"306,062";"306,1";"6,207121855604526e-05";"0,33825547206795165";"0,3233649134269846";"False";"BATANG TUBUH";"BAB II"
"7";"Pasal 2";"285,3";"326,54400000000004";"732,2339999999999";"744,2339999999999";"612,2";"Helvetica-Bold";"12,0";"305,922";"306,1";"0,0002907546553413872";"0,46602417510617444";"0,06737014047696835";"False";"BATANG TUBUH";"PASAL 2"
"7";"(1) Bupati berwenang menyelenggarakan urusan administrasi";"169,85";"541,182";"768,834";"780,834";"612,2";"Helvetica";"12,0";"355,516";"306,1";"0,08071871937275399";"0,27744201241424366";"0,6065534139170206";"False";"BATANG TUBUH";"PASAL 2"
"7";"kependudukan.";"196,85";"278,81600000000003";"786,2339999999999";"798,2339999999999";"612,2";"Helvetica";"11,999999999999986";"237,83300000000003";"306,1";"0,11151094413590329";"0,3215452466514211";"0,13388761842535124";"False";"BATANG TUBUH";"PASAL 2"
"7";"(2) Kewenangan penyelenggaraan Administrasi Kependudukan";"169,85";"540,9500000000003";"804,454";"816,454";"612,2";"Helvetica";"12,0";"355,40000000000015";"306,1";"0,08052923881084632";"0,27744201241424366";"0,6061744527932053";"False";"BATANG TUBUH";"PASAL 2"
"7";"sebagaimana dimaksud pada ayat (2) dilimpahkan kepada";"196,85";"540,9960000000001";"821,659";"833,659";"612,2";"Helvetica";"12,0";"368,92300000000006";"306,1";"0,10261842535119248";"0,3215452466514211";"0,5621463573995427";"False";"BATANG TUBUH";"PASAL 2"
"7";"Dinas.";"196,85";"230,60600000000002";"838,8589999999999";"850,8589999999999";"612,2";"Helvetica";"12,0";"213,728";"306,1";"0,15088533159098336";"0,3215452466514211";"0,055138843515191154";"False";"BATANG TUBUH";"PASAL 2"
"8";"8";"303,1";"309,1";"44,19200000000001";"56,19200000000001";"612,2";"Times New Roman,Bold";"12,0";"306,1";"306,1";"0,0";"0,49509964064031364";"0,009800718719372754";"False";"HALAMAN";""
"8";"(3) Pemerintah Daerah berkewajiban dan bertanggung jawab";"169,85";"541,14";"80,904";"92,904";"612,2";"Helvetica";"12,0";"355,495";"306,1";"0,08068441685723617";"0,27744201241424366";"0,6064848088859849";"False";"BATANG TUBUH";"PASAL 2"
"8";"menyelenggarakan urusan administrasi kependudukan.";"196,85";"491,68600000000004";"98,904";"110,904";"612,2";"Helvetica";"12,0";"344,26800000000003";"306,1";"0,06234563868016989";"0,3215452466514211";"0,4816007840574975";"False";"BATANG TUBUH";"PASAL 2"
"8";"(4) Kewajiban dan tanggung jawab penyelenggaraan urusan";"169,85";"540,9380000000002";"117,70400000000006";"129,70400000000006";"612,2";"Helvetica";"12,0";"355,3940000000001";"306,1";"0,0805194380921269";"0,27744201241424366";"0,6061548513557664";"False";"BATANG TUBUH";"PASAL 2"
"8";"administrasi kependudukan sebagaimana dimaksud pada ayat";"196,85";"541,042";"135,70400000000006";"147,70400000000006";"612,2";"Helvetica";"12,0";"368,946";"306,1";"0,10265599477295001";"0,3215452466514211";"0,5622214962430578";"False";"BATANG TUBUH";"PASAL 2"
"8";"(1) dilakukan oleh Bupati dengan kewenangan meliputi:";"196,85";"491,52";"153,70400000000006";"165,70400000000006";"612,2";"Helvetica";"12,0";"344,185";"306,1";"0,06221006207121852";"0,3215452466514211";"0,4813296308395948";"False";"BATANG TUBUH";"PASAL 2"
"8";"a. koordinasi penyelenggaraan administrasi kependudukan;";"196,85";"518,0840000000001";"172,50400000000002";"184,50400000000002";"612,2";"Helvetica";"12,0";"357,46700000000004";"306,1";"0,08390558640967007";"0,3215452466514211";"0,5247206795164979";"False";"BATANG TUBUH";"PASAL 2"
"8";"b. pembentukan Dinas yang tugas dan fungsinya di bidang";"196,85";"541,0";"191,534";"203,534";"612,2";"Helvetica";"12,0";"368,925";"306,1";"0,10262169225743219";"0,3215452466514211";"0,5621528912120222";"False";"BATANG TUBUH";"PASAL 2"
"8";"administrasi kependudukan;";"214,88";"364,14799999999997";"209,534";"221,534";"612,2";"Helvetica";"12,0";"289,514";"306,1";"0,0270924534465861";"0,3509964064031362";"0,2438222803005553";"False";"BATANG TUBUH";"PASAL 2"
"8";"c. pengaturan teknis penyelenggaraan administrasi";"196,85";"540,956";"228,534";"240,534";"612,2";"Helvetica";"12,0";"368,903";"306,1";"0,1025857562887945";"0,3215452466514211";"0,5620810192747467";"False";"BATANG TUBUH";"PASAL 2"
"8";"kependudukan sesuai dengan ketentuan peraturan";"214,88";"541,0";"246,33400000000006";"258,33400000000006";"612,2";"Helvetica";"12,0";"377,94";"306,1";"0,11734727213328973";"0,3509964064031362";"0,5327017314603071";"False";"BATANG TUBUH";"PASAL 2"
"8";"perundang-undangan;";"214,88";"332,792";"264,33400000000006";"276,33400000000006";"612,2";"Helvetica";"12,0";"273,836";"306,1";"0,0527017314603071";"0,3509964064031362";"0,1926037242731133";"False";"BATANG TUBUH";"PASAL 2"
"8";"d. pembinaan dan sosialisasi penyelenggaraan administrasi";"196,85";"540,9559999999999";"283,33400000000006";"295,33400000000006";"612,2";"Helvetica";"12,0";"368,90299999999996";"306,1";"0,1025857562887944";"0,3215452466514211";"0,5620810192747466";"False";"BATANG TUBUH";"PASAL 2"
"8";"kependudukan;";"214,88";"296,792";"301,154";"313,154";"612,2";"Helvetica";"12,0";"255,83599999999998";"306,1";"0,08210388761842541";"0,3509964064031362";"0,13379941195687678";"False";"BATANG TUBUH";"PASAL 2"
"8";"e. pelaksanaan kegiatan pelayanan masyarakat di bidang";"196,85";"540,9440000000002";"320,154";"332,154";"612,2";"Helvetica";"12,0";"368,8970000000001";"306,1";"0,10257595557007526";"0,3215452466514211";"0,5620614178373083";"False";"BATANG TUBUH";"PASAL 2"
"8";"administrasi kependudukan;";"214,88";"364,14799999999997";"338,154";"350,154";"612,2";"Helvetica";"12,0";"289,514";"306,1";"0,0270924534465861";"0,3509964064031362";"0,2438222803005553";"False";"BATANG TUBUH";"PASAL 2"
"8";"f. penugasan kepada Desa/Kelurahan sesuai kebutuhan untuk";"196,85";"540,934";"356,95400000000006";"368,95400000000006";"612,2";"Helvetica";"12,0";"368,892";"306,1";"0,1025677883044756";"0,3215452466514211";"0,562045083306109";"False";"BATANG TUBUH";"PASAL 2"
"8";"menyelenggarakan sebagian urusan administrasi";"214,88";"540,9799999999999";"374,95400000000006";"386,95400000000006";"612,2";"Helvetica";"12,0";"377,92999999999995";"306,1";"0,11733093760209069";"0,3509964064031362";"0,532669062397909";"False";"BATANG TUBUH";"PASAL 2"
"8";"kependudukan berdasarkan asas tugas pembantuan;";"214,88";"498,0560000000001";"392,95400000000006";"404,95400000000006";"612,2";"Helvetica";"12,0";"356,4680000000001";"306,1";"0,08227376674289456";"0,3509964064031362";"0,46255472067951664";"False";"BATANG TUBUH";"PASAL 2"
"8";"g. pengelolaan dan penyajian data kependudukan;";"196,85";"470,22799999999995";"411,75399999999996";"423,75399999999996";"612,2";"Helvetica";"12,0";"333,539";"306,1";"0,044820320156811436";"0,3215452466514211";"0,44655014701078066";"False";"BATANG TUBUH";"PASAL 2"
"8";"h. koordinasi pengawasan atas penyelenggaraan administrasi";"196,85";"541,182";"430,78399999999993";"442,78399999999993";"612,2";"Helvetica";"12,0";"369,016";"306,1";"0,10277033649134269";"0,3215452466514211";"0,5624501796798431";"False";"BATANG TUBUH";"PASAL 2"
"8";"kependudukan.";"214,88";"296,836";"448,78399999999993";"460,78399999999993";"612,2";"Helvetica";"12,0";"255,858";"306,1";"0,08206795164978768";"0,3509964064031362";"0,13387128389415226";"False";"BATANG TUBUH";"PASAL 2"
"8";"Pasal 3";"285,3";"326,54400000000004";"486,38399999999996";"498,38399999999996";"612,2";"Helvetica-Bold";"12,0";"305,922";"306,1";"0,0002907546553413872";"0,46602417510617444";"0,06737014047696835";"False";"BATANG TUBUH";"PASAL 3"
"8";"(1) Dalam melaksanakan kewenangan sebagaimana dimaksud";"169,85";"541,194";"524,584";"536,584";"612,2";"Helvetica";"12,0";"355,522";"306,1";"0,08072852009147331";"0,27744201241424366";"0,6065730153544592";"False";"BATANG TUBUH";"PASAL 3"
"8";"dalam Pasal 2 ayat (4) huruf a, Bupati mengadakan koordinasi";"196,85";"541,0439999999999";"542,384";"554,384";"612,2";"Helvetica";"12,0";"368,94699999999995";"306,1";"0,10265762822606977";"0,3215452466514211";"0,5622247631492974";"False";"BATANG TUBUH";"PASAL 3"
"8";"dengan Instansi Vertikal, Lembaga Pemerintah Departemen dan";"196,85";"541,234";"560,404";"572,404";"612,2";"Helvetica";"12,0";"369,04200000000003";"306,1";"0,10281280627245998";"0,3215452466514211";"0,5625351192420778";"False";"BATANG TUBUH";"PASAL 3"
"8";"Non Departemen.";"196,85";"291,43600000000004";"578,404";"590,404";"612,2";"Helvetica";"12,0";"244,14300000000003";"306,1";"0,10120385494936293";"0,3215452466514211";"0,15450179679843193";"False";"BATANG TUBUH";"PASAL 3"
"8";"(2) Koordinasi sebagaimana dimaksud pada ayat (1) berkaitan";"169,85";"541,138";"597,204";"609,204";"612,2";"Helvetica";"12,0";"355,494";"306,1";"0,0806827834041163";"0,27744201241424366";"0,6064815419797451";"False";"BATANG TUBUH";"PASAL 3"
"8";"dengan aspek perencanaan, pengorganisasian, pelaksanaan,";"196,85";"541,03";"615,204";"627,204";"612,2";"Helvetica";"12,0";"368,94";"306,1";"0,10264619405423059";"0,3215452466514211";"0,562201894805619";"False";"BATANG TUBUH";"PASAL 3"
"8";"pengawasan, dan evaluasi penyelenggaraan Administrasi";"196,85";"541,1199999999999";"633,204";"645,204";"612,2";"Helvetica";"12,0";"368,98499999999996";"306,1";"0,10271969944462582";"0,3215452466514211";"0,5623489055864094";"False";"BATANG TUBUH";"PASAL 3"
"8";"Kependudukan.";"196,85";"280,76599999999996";"651,0039999999999";"663,0039999999999";"612,2";"Helvetica";"12,0";"238,808";"306,1";"0,10991832734400526";"0,3215452466514211";"0,1370728520091473";"False";"BATANG TUBUH";"PASAL 3"
"8";"Pasal 4";"285,3";"326,572";"688,834";"700,834";"612,2";"Helvetica-Bold";"12,0";"305,93600000000004";"306,1";"0,00026788631166283443";"0,46602417510617444";"0,06741587716432536";"False";"BATANG TUBUH";"PASAL 4"
"8";"(1) Urusan Administrasi Kependudukan dan Pencatatan Sipil di";"169,85";"541,2439999999999";"726,834";"738,834";"612,2";"Helvetica";"12,0";"355,54699999999997";"306,1";"0,08076935641947067";"0,27744201241424366";"0,6066546880104539";"False";"BATANG TUBUH";"PASAL 4"
"8";"Daerah dilaksanakan oleh Dinas.";"196,85";"372,856";"744,834";"756,834";"612,2";"Helvetica";"12,0";"284,853";"306,1";"0,034705978438418834";"0,3215452466514211";"0,2874975498203201";"False";"BATANG TUBUH";"PASAL 4"
"8";"(2) Pelaksanaan pencatatan sipil sebagaimana dimaksud pada ayat";"169,85";"540,904";"763,834";"775,834";"612,2";"Helvetica";"12,0";"355,377";"306,1";"0,0804916693890885";"0,27744201241424366";"0,6060993139496895";"False";"BATANG TUBUH";"PASAL 4"
"8";"(1) meliputi pencatatan peristiwa kelahiran, kematian,";"196,85";"541,058";"781,634";"793,634";"612,2";"Helvetica";"11,999999999999986";"368,954";"306,1";"0,10266906239790914";"0,3215452466514211";"0,5622476314929761";"False";"BATANG TUBUH";"PASAL 4"
"8";"perkawinan, perceraian dan pengakuan anak di Kecamatan";"196,85";"541,116";"799,654";"811,654";"612,2";"Helvetica";"12,0";"368,983";"306,1";"0,10271643253838611";"0,3215452466514211";"0,56234237177393";"False";"BATANG TUBUH";"PASAL 4"
"8";"tertentu dapat dilakukan oleh UPTD.";"196,85";"390,35799999999995";"817,659";"829,659";"612,2";"Helvetica";"12,0";"293,604";"306,1";"0,020411630186213715";"0,3215452466514211";"0,31608624632473037";"False";"BATANG TUBUH";"PASAL 4"
"9";"9";"303,1";"309,1";"44,19200000000001";"56,19200000000001";"612,2";"Times New Roman,Bold";"12,0";"306,1";"306,1";"0,0";"0,49509964064031364";"0,009800718719372754";"False";"HALAMAN";""
"9";"Pasal 5";"285,3";"326,572";"80,904";"92,904";"612,2";"Helvetica-Bold";"12,0";"305,93600000000004";"306,1";"0,00026788631166283443";"0,46602417510617444";"0,06741587716432536";"False";"BATANG TUBUH";"PASAL 5"
"9";"Dalam melaksanakan kewenangan sebagaimana dimaksud dalam";"169,85";"541,058";"117,50400000000002";"129,50400000000002";"612,2";"Helvetica";"12,0";"355,454";"306,1";"0,08061744527932045";"0,27744201241424366";"0,6063508657301534";"False";"BATANG TUBUH";"PASAL 5"
"9";"Pasal 2 ayat (4) huruf c, Bupati melakukan pengaturan teknis";"169,85";"541,1759999999999";"134,904";"146,904";"612,2";"Helvetica";"12,0";"355,513";"306,1";"0,08071381901339424";"0,27744201241424366";"0,606543613198301";"False";"BATANG TUBUH";"PASAL 5"
"9";"penyelenggaraan administrasi kependudukan yang diatur lebih lanjut";"169,85";"540,7840000000001";"152,10400000000004";"164,10400000000004";"612,2";"Helvetica";"12,0";"355,31700000000006";"306,1";"0,08039366220189487";"0,27744201241424366";"0,6059032995753023";"False";"BATANG TUBUH";"PASAL 5"
"9";"dalam Peraturan Bupati dengan berpedoman pada peraturan";"169,85";"541,106";"169,30399999999997";"181,30399999999997";"612,2";"Helvetica";"12,0";"355,478";"306,1";"0,08065664815419794";"0,27744201241424366";"0,6064292714799084";"False";"BATANG TUBUH";"PASAL 5"
"9";"perundang-undangan di bidang administrasi kependudukan.";"169,85";"489,068";"186,534";"198,534";"612,2";"Helvetica";"12,0";"329,459";"306,1";"0,03815583142763799";"0,27744201241424366";"0,5214276380267885";"False";"BATANG TUBUH";"PASAL 5"
"9";"Pasal 6";"285,3";"326,572";"222,93399999999997";"234,93399999999997";"612,2";"Helvetica-Bold";"12,0";"305,93600000000004";"306,1";"0,00026788631166283443";"0,46602417510617444";"0,06741587716432536";"False";"BATANG TUBUH";"PASAL 6"
"9";"Dalam melaksanakan kewenangan sebagaimana dimaksud dalam";"169,85";"541,058";"259,534";"271,534";"612,2";"Helvetica";"12,0";"355,454";"306,1";"0,08061744527932045";"0,27744201241424366";"0,6063508657301534";"False";"BATANG TUBUH";"PASAL 6"
"9";"Pasal 2 ayat (4) huruf d, Bupati mengadakan:";"169,85";"411,164";"276,93399999999997";"288,93399999999997";"612,2";"Helvetica";"12,0";"290,507";"306,1";"0,02547043449852992";"0,27744201241424366";"0,3941751061744527";"False";"BATANG TUBUH";"PASAL 6"
"9";"a. koordinasi sosialisasi antar instansi, antar instansi vertikal dan";"169,85";"541,086";"295,134";"307,134";"612,2";"Helvetica";"12,0";"355,468";"306,1";"0,080640313622999";"0,27744201241424366";"0,6063966024175106";"False";"BATANG TUBUH";"PASAL 6"
"9";"lembaga Pemerintah Departemen dan non Departemen;";"187,85";"487,228";"312,35400000000004";"324,35400000000004";"612,2";"Helvetica";"12,0";"337,539";"306,1";"0,051354132636393275";"0,30684416857236196";"0,4890199281280628";"False";"BATANG TUBUH";"PASAL 6"
"9";"b. kerjasama dengan organisasi kemasyarakatan dan Perguruan";"169,85";"541,19";"330,554";"342,554";"612,2";"Helvetica";"12,0";"355,52000000000004";"306,1";"0,0807252531852336";"0,27744201241424366";"0,6065664815419798";"False";"BATANG TUBUH";"PASAL 6"
"9";"Tinggi;";"187,85";"223,81";"347,95400000000006";"359,95400000000006";"612,2";"Helvetica";"12,0";"205,82999999999998";"306,1";"0,16378634433191772";"0,30684416857236196";"0,05873897419144072";"False";"BATANG TUBUH";"PASAL 6"
"9";"c. sosialisasi iklan layanan masyarakat melalui media cetak dan";"169,85";"541,08";"366,154";"378,154";"612,2";"Helvetica";"12,0";"355,46500000000003";"306,1";"0,08063541326363934";"0,27744201241424366";"0,6063868016987912";"False";"BATANG TUBUH";"PASAL 6"
"9";"elektronik; dan";"187,85";"265,862";"383,35400000000004";"395,35400000000004";"612,2";"Helvetica";"12,0";"226,856";"306,1";"0,12944135903299578";"0,30684416857236196";"0,1274289447892846";"False";"BATANG TUBUH";"PASAL 6"
"9";"d. komunikasi, informasi dan edukasi kepada seluruh lapisan";"169,85";"540,938";"401,554";"413,554";"612,2";"Helvetica";"12,0";"355,394";"306,1";"0,08051943809212672";"0,27744201241424366";"0,606154851355766";"False";"BATANG TUBUH";"PASAL 6"
"9";"masyarakat.";"187,85";"253,154";"418,95399999999995";"430,95399999999995";"612,2";"Helvetica";"12,0";"220,502";"306,1";"0,1398203201568115";"0,30684416857236196";"0,10667102254165305";"False";"BATANG TUBUH";"PASAL 6"
"9";"Pasal 7";"285,3";"326,572";"455,18399999999997";"467,18399999999997";"612,2";"Helvetica-Bold";"12,0";"305,93600000000004";"306,1";"0,00026788631166283443";"0,46602417510617444";"0,06741587716432536";"False";"BATANG TUBUH";"PASAL 7"
"9";"Dalam melaksanakan kewenangan sebagaimana dimaksud dalam";"169,85";"541,18";"491,984";"503,984";"612,2";"Helvetica";"12,0";"355,515";"306,1";"0,08071708591963404";"0,27744201241424366";"0,6065501470107806";"False";"BATANG TUBUH";"PASAL 7"
"9";"Pasal 2 ayat (4) huruf e, Bupati menyelengarakan kegiatan";"169,85";"541,016";"509,18399999999997";"521,184";"612,2";"Helvetica";"12,0";"355,433";"306,1";"0,08058314276380263";"0,27744201241424366";"0,6062822606991178";"False";"BATANG TUBUH";"PASAL 7"
"9";"pelayanan masyarakat di bidang Administrasi Kependudukan,";"169,85";"540,884";"526,384";"538,384";"612,2";"Helvetica";"12,0";"355,367";"306,1";"0,08047533485788956";"0,27744201241424366";"0,6060666448872917";"False";"BATANG TUBUH";"PASAL 7"
"9";"dilaksanakan secara terus menerus, cepat dan mudah kepada";"169,85";"540,9260000000003";"543,604";"555,604";"612,2";"Helvetica";"12,0";"355,38800000000015";"306,1";"0,08050963737340758";"0,27744201241424366";"0,6061352499183277";"False";"BATANG TUBUH";"PASAL 7"
"9";"seluruh penduduk.";"169,85";"268,538";"561,0039999999999";"573,0039999999999";"612,2";"Helvetica";"12,0";"219,19400000000002";"306,1";"0,14195687683763475";"0,27744201241424366";"0,16120222149624308";"False";"BATANG TUBUH";"PASAL 7"
"9";"Pasal 8";"285,3";"326,572";"597,204";"609,204";"612,2";"Helvetica-Bold";"12,0";"305,93600000000004";"306,1";"0,00026788631166283443";"0,46602417510617444";"0,06741587716432536";"False";"BATANG TUBUH";"PASAL 8"
"9";"Dalam melaksanakan kewenangan sebagaimana dimaksud dalam";"169,85";"541,058";"634,0039999999999";"646,0039999999999";"612,2";"Helvetica";"12,0";"355,454";"306,1";"0,08061744527932045";"0,27744201241424366";"0,6063508657301534";"False";"BATANG TUBUH";"PASAL 8"
"9";"Pasal 2 ayat (4) huruf f, Bupati dapat memberi penugasan kepada";"169,85";"541,178";"651,204";"663,204";"612,2";"Helvetica";"12,0";"355,514";"306,1";"0,08071545246651418";"0,27744201241424366";"0,6065468801045409";"False";"BATANG TUBUH";"PASAL 8"
"9";"Desa untuk menyelenggarakan sebagian urusan Administrasi";"169,85";"540,956";"668,434";"680,434";"612,2";"Helvetica";"12,0";"355,403";"306,1";"0,0805341391702058";"0,27744201241424366";"0,6061842535119242";"False";"BATANG TUBUH";"PASAL 8"
"9";"Kependudukan berasaskan tugas pembantuan, disertai pembiayaan,";"169,85";"540,8060000000002";"685,634";"697,634";"612,2";"Helvetica";"12,0";"355,3280000000001";"306,1";"0,08041163018621375";"0,27744201241424366";"0,60593923554394";"False";"BATANG TUBUH";"PASAL 8"
"9";"sarana dan prasarana serta sumber daya manusia, yang ditetapkan";"169,85";"541,13";"702,834";"714,834";"612,2";"Helvetica";"12,0";"355,49";"306,1";"0,08067624959163669";"0,27744201241424366";"0,6064684743547859";"False";"BATANG TUBUH";"PASAL 8"
"9";"lebih lanjut dalam Peraturan Bupati.";"169,85";"359,744";"720,2339999999999";"732,2339999999999";"612,2";"Helvetica";"12,0";"264,797";"306,1";"0,06746651421104213";"0,27744201241424366";"0,3101829467494283";"False";"BATANG TUBUH";"PASAL 8"
"9";"Pasal 9";"285,5";"326,77200000000005";"756,434";"768,434";"612,2";"Helvetica-Bold";"12,0";"306,136";"306,1";"5,880431231623875e-05";"0,4663508657301535";"0,06741587716432546";"False";"BATANG TUBUH";"PASAL 9"
"9";"Dalam menyelenggarakan kewenangan sebagaimana dimaksud";"169,85";"541,182";"793,264";"805,264";"612,2";"Helvetica";"11,999999999999986";"355,516";"306,1";"0,08071871937275399";"0,27744201241424366";"0,6065534139170206";"False";"BATANG TUBUH";"PASAL 9"
"9";"dalam Pasal 2 ayat (4) huruf g, Bupati melakukan:";"169,85";"435,964";"810,454";"822,454";"612,2";"Helvetica";"12,0";"302,907";"306,1";"0,005215615811826267";"0,27744201241424366";"0,4346847435478602";"False";"BATANG TUBUH";"PASAL 9"
"10";"10";"300,1";"312,1";"44,19200000000001";"56,19200000000001";"612,2";"Times New Roman,Bold";"12,0";"306,1";"306,1";"0,0";"0,49019928128062723";"0,019601437438745508";"False";"HALAMAN";""
"10";"a. pengelolaan data kependudukan yang bersifat perseorangan,";"169,85";"540,7820000000003";"81,10400000000004";"93,10400000000004";"612,2";"Helvetica";"12,0";"355,31600000000014";"306,1";"0,0803920287487751";"0,27744201241424366";"0,6059000326690628";"False";"BATANG TUBUH";"PASAL 9"
"10";"agregat dan data pribadi; dan";"187,85";"344,452";"98,904";"110,904";"612,2";"Helvetica-Oblique";"12,0";"266,151";"306,1";"0,0652548186867037";"0,30684416857236196";"0,25580202548186864";"False";"BATANG TUBUH";"PASAL 9"
"10";"b. penyajian data kependudukan yang valid, akurat dan dapat";"169,85";"540,7580000000002";"118,30399999999997";"130,30399999999997";"612,2";"Helvetica";"12,0";"355,3040000000001";"306,1";"0,08037242731133626";"0,27744201241424366";"0,6058608297941851";"False";"BATANG TUBUH";"PASAL 9"
"10";"dipertanggungjawabkan.";"187,85";"318,34999999999997";"136,30399999999997";"148,30399999999997";"612,2";"Helvetica";"12,0";"253,09999999999997";"306,1";"0,08657301535445941";"0,30684416857236196";"0,21316563214635734";"False";"BATANG TUBUH";"PASAL 9"
"10";"Pasal 10";"282,1";"329,97200000000004";"174,10400000000004";"186,10400000000004";"612,2";"Helvetica-Bold";"12,0";"306,03600000000006";"306,1";"0,00010454099967325143";"0,460797125122509";"0,07819666775563543";"False";"BATANG TUBUH";"PASAL 10"
"10";"(1) Kewenangan sebagaimana dimaksud dalam Pasal 2 ayat (4)";"169,85";"541,098";"212,534";"224,534";"612,2";"Helvetica";"12,0";"355,474";"306,1";"0,08065011434171833";"0,27744201241424366";"0,6064162038549492";"False";"BATANG TUBUH";"PASAL 10"
"10";"huruf h, Bupati melakukan koordinasi pengawasan antar";"196,85";"540,876";"230,534";"242,534";"612,2";"Helvetica";"12,0";"368,863";"306,1";"0,10252041816399865";"0,3215452466514211";"0,561950343025155";"False";"BATANG TUBUH";"PASAL 10"
"10";"instansi terkait.";"196,85";"276,81600000000003";"248,534";"260,534";"612,2";"Helvetica";"12,0";"236,83300000000003";"306,1";"0,11314439725579874";"0,3215452466514211";"0,13062071218556032";"False";"BATANG TUBUH";"PASAL 10"
"10";"(2) Koordinasi pengawasan sebagaimana dimaksud pada ayat (1)";"169,85";"541,038";"267,73400000000004";"279,73400000000004";"612,2";"Helvetica";"12,0";"355,444";"306,1";"0,08060111074812151";"0,27744201241424366";"0,6063181966677555";"False";"BATANG TUBUH";"PASAL 10"
"10";"dilakukan melalui rapat koordinasi, konsultasi, pencegahan";"198,88";"541,1980000000001";"285,73400000000004";"297,73400000000004";"612,2";"Helvetica";"12,0";"370,03900000000004";"306,1";"0,10444135903299578";"0,32486115648480884";"0,5591604050963739";"False";"BATANG TUBUH";"PASAL 10"
"10";"dan tindakan koreksi.";"198,88";"312,34";"303,754";"315,754";"612,2";"Helvetica";"12,0";"255,60999999999999";"306,1";"0,08247304802352177";"0,32486115648480884";"0,18533159098333873";"False";"BATANG TUBUH";"PASAL 10"
"10";"Bagian Kedua";"266,08";"346,096";"341,754";"353,754";"612,2";"Helvetica-Bold";"12,0";"306,08799999999997";"306,1";"1,96014374388391e-05";"0,4346292061417837";"0,13070238484155508";"False";"BATANG TUBUH";"BAGIAN KEDUA"
"10";"Penyelenggara Dinas";"245,48";"366,75200000000007";"360,754";"372,754";"612,2";"Helvetica-Bold";"12,0";"306,11600000000004";"306,1";"2,6135249918359282e-05";"0,40098007187193724";"0,19809212675596222";"False";"BATANG TUBUH";"BAGIAN KEDUA"
"10";"Pasal 11";"282,1";"329,97200000000004";"398,95400000000006";"410,954";"612,2";"Helvetica-Bold";"11,999999999999943";"306,03600000000006";"306,1";"0,00010454099967325143";"0,460797125122509";"0,07819666775563543";"False";"BATANG TUBUH";"PASAL 11"
"10";"(1) Dinas melaksanakan urusan Administrasi Kependudukan,";"169,85";"541,116";"437,18399999999997";"449,18399999999997";"612,2";"Helvetica";"12,0";"355,483";"306,1";"0,08066481541979742";"0,27744201241424366";"0,6064456060111074";"False";"BATANG TUBUH";"PASAL 11"
"10";"dengan kewajiban yang meliputi:";"196,85";"370,80800000000005";"455,18399999999997";"467,18399999999997";"612,2";"Helvetica";"12,0";"283,829";"306,1";"0,03637863443319179";"0,3215452466514211";"0,2841522378307743";"False";"BATANG TUBUH";"PASAL 11"
"10";"a. mendaftar Peristiwa Kependudukan dan mencatat Peristiwa";"196,85";"540,9440000000001";"474,38399999999996";"486,38399999999996";"612,2";"Helvetica";"12,0";"368,89700000000005";"306,1";"0,10257595557007518";"0,3215452466514211";"0,5620614178373081";"False";"BATANG TUBUH";"PASAL 11"
"10";"Penting;";"214,88";"258,608";"492,38399999999996";"504,38399999999996";"612,2";"Helvetica";"12,0";"236,744";"306,1";"0,11328977458346948";"0,3509964064031362";"0,07142763802678864";"False";"BATANG TUBUH";"PASAL 11"
"10";"b. memberikan pelayanan yang sama dan profesional kepada";"196,85";"540,9240000000002";"511,38399999999996";"523,384";"612,2";"Helvetica";"12,0";"368,8870000000001";"306,1";"0,10255962103887632";"0,3215452466514211";"0,5620287487749104";"False";"BATANG TUBUH";"PASAL 11"
"10";"setiap Penduduk atas pelaporan Peristiwa Kependudukan";"214,88";"540,9320000000001";"529,384";"541,384";"612,2";"Helvetica";"12,0";"377,90600000000006";"306,1";"0,11729173472721338";"0,3509964064031362";"0,5325906566481544";"False";"BATANG TUBUH";"PASAL 11"
"10";"dan Peristiwa Penting;";"214,88";"333,932";"547,604";"559,604";"612,2";"Helvetica";"12,0";"274,406";"306,1";"0,0517706631819667";"0,3509964064031362";"0,1944658608297942";"False";"BATANG TUBUH";"PASAL 11"
"10";"c. menerbitkan Dokumen Kependudukan;";"196,85";"422,9119999999999";"566,604";"578,604";"612,2";"Helvetica";"12,0";"309,881";"306,1";"0,006176086246324647";"0,3215452466514211";"0,3692616791898071";"False";"BATANG TUBUH";"PASAL 11"
"10";"d. mendokumentasikan hasil Pendaftaran Penduduk dan";"196,85";"540,9680000000002";"585,604";"597,604";"612,2";"Helvetica";"12,0";"368,9090000000001";"306,1";"0,10259555700751401";"0,3215452466514211";"0,5621006207121858";"False";"BATANG TUBUH";"PASAL 11"
"10";"Pencatatan Sipil;";"214,88";"304,748";"603,604";"615,604";"612,2";"Helvetica";"12,0";"259,81399999999996";"306,1";"0,0756060111074813";"0,3509964064031362";"0,1467951649787651";"False";"BATANG TUBUH";"PASAL 11"
"10";"e. menjamin kerahasiaan dan keamanan data atas Peristiwa";"196,85";"541,058";"622,804";"634,804";"612,2";"Helvetica";"12,0";"368,954";"306,1";"0,10266906239790914";"0,3215452466514211";"0,5622476314929761";"False";"BATANG TUBUH";"PASAL 11"
"10";"Kependudukan dan Peristiwa Penting; dan";"214,88";"441,39199999999994";"640,804";"652,804";"612,2";"Helvetica";"12,0";"328,13599999999997";"306,1";"0,03599477295001624";"0,3509964064031362";"0,3699967330937601";"False";"BATANG TUBUH";"PASAL 11"
"10";"f. melakukan verifikasi dan validasi data dan informasi yang";"196,85";"540,968";"659,804";"671,804";"612,2";"Helvetica";"12,0";"368,909";"306,1";"0,10259555700751383";"0,3215452466514211";"0,5621006207121855";"False";"BATANG TUBUH";"PASAL 11"
"10";"disampaikan oleh Penduduk dalam pelayanan Pendaftaran";"214,88";"540,9560000000001";"678,034";"690,034";"612,2";"Helvetica";"12,0";"377,91800000000006";"306,1";"0,11731133616465213";"0,3509964064031362";"0,5326298595230319";"False";"BATANG TUBUH";"PASAL 11"
"10";"Penduduk dan Pencatatan Sipil.";"214,88";"385,466";"696,034";"708,034";"612,2";"Helvetica";"12,0";"300,173";"306,1";"0,00968147664162042";"0,3509964064031362";"0,27864423391048676";"False";"BATANG TUBUH";"PASAL 11"
"10";"(2) Kewajiban sebagaimana dimaksud pada ayat (1) huruf a untuk";"169,85";"541,066";"715,034";"727,034";"612,2";"Helvetica";"12,0";"355,458";"306,1";"0,08062397909180007";"0,27744201241424366";"0,6063639333551126";"False";"BATANG TUBUH";"PASAL 11"
"10";"pencatatan nikah, talak, cerai, dan rujuk bagi Penduduk yang";"196,85";"540,8420000000002";"733,034";"745,034";"612,2";"Helvetica";"12,0";"368,8460000000001";"306,1";"0,10249264946096062";"0,3215452466514211";"0,561894805619079";"False";"BATANG TUBUH";"PASAL 11"
"10";"beragama Islam di tingkat Kecamatan dilakukan oleh pegawai";"196,85";"541,048";"751,2339999999999";"763,2339999999999";"612,2";"Helvetica";"12,0";"368,949";"306,1";"0,10266089513230968";"0,3215452466514211";"0,5622312969617771";"False";"BATANG TUBUH";"PASAL 11"
"10";"pencatat pada KUA Kecamatan.";"196,85";"368,25600000000003";"769,2339999999999";"781,2339999999999";"612,2";"Helvetica";"12,0";"282,553";"306,1";"0,038462920614178414";"0,3215452466514211";"0,2799836654688011";"False";"BATANG TUBUH";"PASAL 11"
"10";"(3) Pelayanan Pencatatan Sipil pada tingkat Kecamatan dapat";"169,85";"541,078";"788,264";"800,264";"612,2";"Helvetica";"11,999999999999986";"355,464";"306,1";"0,08063377981051939";"0,27744201241424366";"0,6063835347925514";"False";"BATANG TUBUH";"PASAL 11"
"10";"dilakukan oleh UPTD dengan kewenangan menerbitkan Akta";"196,85";"541,1460000000001";"806,264";"818,264";"612,2";"Helvetica";"12,0";"368,99800000000005";"306,1";"0,10274093433518461";"0,3215452466514211";"0,562391375367527";"False";"BATANG TUBUH";"PASAL 11"
"10";"Pencatatan Sipil.";"196,85";"286,836";"824,459";"836,459";"612,2";"Helvetica";"12,0";"241,84300000000002";"306,1";"0,1049607971251225";"0,3215452466514211";"0,14698791244691278";"False";"BATANG TUBUH";"PASAL 11"
"11";"11";"300,1";"312,1";"44,19200000000001";"56,19200000000001";"612,2";"Times New Roman,Bold";"12,0";"306,1";"306,1";"0,0";"0,49019928128062723";"0,019601437438745508";"False";"HALAMAN";""
"11";"(4) Kewajiban sebagaimana dimaksud pada ayat (1) untuk";"169,85";"540,6380000000001";"81,10400000000004";"93,10400000000004";"612,2";"Helvetica";"12,0";"355,2440000000001";"306,1";"0,08027442012414253";"0,27744201241424366";"0,6056648154197977";"False";"BATANG TUBUH";"PASAL 11"
"11";"persyaratan dan tata cara Pencatatan Peristiwa Penting bagi";"196,85";"541,228";"98,30399999999997";"110,30399999999997";"612,2";"Helvetica";"12,0";"369,039";"306,1";"0,10280790591310023";"0,3215452466514211";"0,5625253185233582";"False";"BATANG TUBUH";"PASAL 11"
"11";"Penduduk yang agamanya belum diakui sebagai agama";"196,85";"540,9860000000002";"115,50400000000002";"127,50400000000002";"612,2";"Helvetica";"12,0";"368,9180000000001";"306,1";"0,1026102580855931";"0,3215452466514211";"0,5621300228683439";"False";"BATANG TUBUH";"PASAL 11"
"11";"berdasarkan ketentuan Peraturan Perundang-undangan atau";"196,85";"541,17";"132,904";"144,904";"612,2";"Helvetica";"12,0";"369,01";"306,1";"0,10276053577262327";"0,3215452466514211";"0,5624305782424043";"False";"BATANG TUBUH";"PASAL 11"
"11";"bagi penghayat kepercayaan berpedoman pada peraturan";"196,85";"541,19";"150,10400000000004";"162,10400000000004";"612,2";"Helvetica";"12,0";"369,02000000000004";"306,1";"0,10277687030382229";"0,3215452466514211";"0,5624632473048023";"False";"BATANG TUBUH";"PASAL 11"
"11";"perundang-undangan.";"196,85";"314,792";"167,30399999999997";"179,30399999999997";"612,2";"Helvetica";"12,0";"255,82099999999997";"306,1";"0,08212838941522387";"0,3215452466514211";"0,19265272786671017";"False";"BATANG TUBUH";"PASAL 11"
"11";"Pasal 12";"282,1";"329,97200000000004";"203,73400000000004";"215,73400000000004";"612,2";"Helvetica-Bold";"12,0";"306,03600000000006";"306,1";"0,00010454099967325143";"0,460797125122509";"0,07819666775563543";"False";"BATANG TUBUH";"PASAL 12"
"11";"(1) Dinas melaksanakan urusan Administrasi Kependudukan dan";"169,85";"541,2420000000001";"240,33400000000006";"252,33400000000006";"612,2";"Helvetica";"12,0";"355,54600000000005";"306,1";"0,0807677229663509";"0,27744201241424366";"0,6066514211042143";"False";"BATANG TUBUH";"PASAL 12"
"11";"Pencatatan Sipil, dengan kewenangan yang meliputi:";"196,85";"478,916";"257,534";"269,534";"612,2";"Helvetica";"12,0";"337,883";"306,1";"0,0519160405096373";"0,3215452466514211";"0,46074158771643253";"False";"BATANG TUBUH";"PASAL 12"
"11";"a. memperoleh keterangan dan data yang benar tentang";"196,85";"540,9200000000002";"275,93399999999997";"287,93399999999997";"612,2";"Helvetica";"12,0";"368,8850000000001";"306,1";"0,10255635413263652";"0,3215452466514211";"0,5620222149624308";"False";"BATANG TUBUH";"PASAL 12"
"11";"Peristiwa Kependudukan dan Peristiwa Penting yang";"214,88";"541,012";"293,134";"305,134";"612,2";"Helvetica";"12,0";"377,94599999999997";"306,1";"0,11735707285200905";"0,3509964064031362";"0,5327213328977457";"False";"BATANG TUBUH";"PASAL 12"
"11";"dilaporkan Penduduk;";"214,88";"330,96799999999996";"310,35400000000004";"322,35400000000004";"612,2";"Helvetica";"12,0";"272,924";"306,1";"0,054191440705651815";"0,3509964064031362";"0,18962430578242398";"False";"BATANG TUBUH";"PASAL 12"
"11";"b. memperoleh data mengenai Peristiwa Penting yang dialami";"196,85";"540,932";"328,554";"340,554";"612,2";"Helvetica";"12,0";"368,891";"306,1";"0,10256615485135576";"0,3215452466514211";"0,5620418163998693";"False";"BATANG TUBUH";"PASAL 12"
"11";"Penduduk atas dasar putusan atau penetapan Pengadilan;";"214,88";"527,6700000000001";"345,95400000000006";"357,95400000000006";"612,2";"Helvetica";"12,0";"371,27500000000003";"306,1";"0,10646030708918655";"0,3509964064031362";"0,5109278013721007";"False";"BATANG TUBUH";"PASAL 12"
"11";"c. memberikan keterangan atas laporan Peristiwa";"196,85";"540,98";"364,154";"376,154";"612,2";"Helvetica";"12,0";"368,915";"306,1";"0,10260535772623325";"0,3215452466514211";"0,5621202221496242";"False";"BATANG TUBUH";"PASAL 12"
"11";"Kependudukan dan Peristiwa Penting untuk kepentingan";"214,88";"541,146";"381,35400000000004";"393,35400000000004";"612,2";"Helvetica";"12,0";"378,013";"306,1";"0,11746651421104205";"0,3509964064031362";"0,5329402156158117";"False";"BATANG TUBUH";"PASAL 12"
"11";"penyelidikan, penyidikan, dan pembuktian kepada Lembaga";"214,88";"541,21";"398,554";"410,5539999999999";"612,2";"Helvetica";"11,999999999999943";"378,045";"306,1";"0,11751878471087877";"0,3509964064031362";"0,5330447566154851";"False";"BATANG TUBUH";"PASAL 12"
"11";"Peradilan; dan";"214,88";"292,096";"415,95399999999995";"427,95399999999995";"612,2";"Helvetica";"12,0";"253,488";"306,1";"0,08593923554393992";"0,3509964064031362";"0,12612871610584778";"False";"BATANG TUBUH";"PASAL 12"
"11";"d. mengelola data dan mendayagunakan informasi hasil";"196,85";"540,944";"434,18399999999997";"446,18399999999997";"612,2";"Helvetica";"12,0";"368,897";"306,1";"0,10257595557007508";"0,3215452466514211";"0,5620614178373079";"False";"BATANG TUBUH";"PASAL 12"
"11";"Pendaftaran Penduduk dan Pencatatan Sipil untuk";"214,88";"540,8240000000001";"451,38399999999996";"463,38399999999996";"612,2";"Helvetica";"12,0";"377,85200000000003";"306,1";"0,11720352825873898";"0,3509964064031362";"0,5324142437112056";"False";"BATANG TUBUH";"PASAL 12"
"11";"kepentingan pembangunan.";"214,88";"363,34399999999994";"468,58399999999995";"480,58399999999995";"612,2";"Helvetica";"12,0";"289,11199999999997";"306,1";"0,027749101600784146";"0,3509964064031362";"0,2425089839921593";"False";"BATANG TUBUH";"PASAL 12"
"11";"(2) Kewenangan sebagaimana dimaksud pada ayat (1) huruf a dan";"169,85";"541,13";"486,984";"498,984";"612,2";"Helvetica";"12,0";"355,49";"306,1";"0,08067624959163669";"0,27744201241424366";"0,6064684743547859";"False";"BATANG TUBUH";"PASAL 12"
"11";"b berlaku juga bagi KUA Kecamatan, khususnya untuk";"196,85";"541,048";"504,18399999999997";"516,184";"612,2";"Helvetica";"12,0";"368,949";"306,1";"0,10266089513230968";"0,3215452466514211";"0,5622312969617771";"False";"BATANG TUBUH";"PASAL 12"
"11";"pencatatan nikah, talak, cerai, dan rujuk bagi Penduduk yang";"196,85";"541,154";"521,384";"533,384";"612,2";"Helvetica";"12,0";"369,002";"306,1";"0,10274746814766414";"0,3215452466514211";"0,562404442992486";"False";"BATANG TUBUH";"PASAL 12"
"11";"beragama Islam.";"196,85";"286,036";"538,584";"550,584";"612,2";"Helvetica";"12,0";"241,44299999999998";"306,1";"0,10561417837308075";"0,3215452466514211";"0,1456811499509964";"False";"BATANG TUBUH";"PASAL 12"
"11";"(3) Selain kewenangan sebagaimana dimaksud pada ayat (1),";"169,85";"540,7820000000002";"557,0039999999999";"569,0039999999999";"612,2";"Helvetica";"12,0";"355,3160000000001";"306,1";"0,080392028748775";"0,27744201241424366";"0,6059000326690626";"False";"BATANG TUBUH";"PASAL 12"
"11";"Dinas mempunyai kewenangan untuk mendapatkan data hasil";"196,85";"540,9520000000001";"574,204";"586,204";"612,2";"Helvetica";"12,0";"368,90100000000007";"306,1";"0,10258248938255479";"0,3215452466514211";"0,5620744854622673";"False";"BATANG TUBUH";"PASAL 12"
"11";"pencatatan peristiwa perkawinan, perceraian, dan rujuk bagi";"196,85";"540,9140000000001";"591,404";"603,404";"612,2";"Helvetica";"12,0";"368,88200000000006";"306,1";"0,10255145377327676";"0,3215452466514211";"0,5620124142437113";"False";"BATANG TUBUH";"PASAL 12"
"11";"Penduduk yang beragama Islam dari KUA Kecamatan.";"196,85";"488,286";"608,604";"620,604";"612,2";"Helvetica";"12,0";"342,568";"306,1";"0,05956876837634753";"0,3215452466514211";"0,476047043449853";"False";"BATANG TUBUH";"PASAL 12"
"11";"Pasal 13";"280,3";"331,572";"645,0039999999999";"657,0039999999999";"612,2";"Helvetica-Bold";"12,0";"305,93600000000004";"306,1";"0,00026788631166283443";"0,45785690950669716";"0,08375040836327996";"False";"BATANG TUBUH";"PASAL 13"
"11";"(1) Pejabat Pencatatan Sipil mempunyai kewenangan melakukan";"169,85";"541,1060000000001";"681,634";"693,634";"612,2";"Helvetica";"12,0";"355,47800000000007";"306,1";"0,08065664815419804";"0,27744201241424366";"0,6064292714799087";"False";"BATANG TUBUH";"PASAL 13"
"11";"verifikasi kebenaran data, melakukan pembuktian pencatatan";"196,85";"540,8660000000002";"698,834";"710,834";"612,2";"Helvetica";"12,0";"368,8580000000001";"306,1";"0,10251225089839937";"0,3215452466514211";"0,5619340084939565";"False";"BATANG TUBUH";"PASAL 13"
"11";"atas nama jabatannya, mencatat data dalam register akta";"196,85";"540,9680000000001";"716,2339999999999";"728,2339999999999";"612,2";"Helvetica";"12,0";"368,90900000000005";"306,1";"0,10259555700751392";"0,3215452466514211";"0,5621006207121856";"False";"BATANG TUBUH";"PASAL 13"
"11";"Pencatatan Sipil, menerbitkan kutipan akta Pencatatan Sipil, dan";"196,85";"540,7940000000002";"733,434";"745,434";"612,2";"Helvetica";"12,0";"368,8220000000001";"306,1";"0,10245344658608313";"0,3215452466514211";"0,561816399869324";"False";"BATANG TUBUH";"PASAL 13"
"11";"membuat catatan pinggir pada akta-akta Pencatatan Sipil.";"196,85";"504,886";"750,634";"762,634";"612,2";"Helvetica";"12,0";"350,868";"306,1";"0,07312642927147986";"0,3215452466514211";"0,5031623652401177";"False";"BATANG TUBUH";"PASAL 13"
"11";"(2) Ketentuan lebih lanjut mengenai pedoman pengangkatan dan";"169,85";"540,9380000000002";"768,834";"780,834";"612,2";"Helvetica";"12,0";"355,3940000000001";"306,1";"0,0805194380921269";"0,27744201241424366";"0,6061548513557664";"False";"BATANG TUBUH";"PASAL 13"
"11";"pemberhentian serta tugas pokok Pejabat Pencatatan Sipil";"196,85";"541,122";"786,2339999999999";"798,2339999999999";"612,2";"Helvetica";"11,999999999999986";"368,986";"306,1";"0,10272133289774578";"0,3215452466514211";"0,5623521724926493";"False";"BATANG TUBUH";"PASAL 13"
"11";"sebagaimana dimaksud pada ayat (1) diatur dalam Peraturan";"196,85";"540,8780000000002";"803,454";"815,454";"612,2";"Helvetica";"12,0";"368,8640000000001";"306,1";"0,10252205161711869";"0,3215452466514211";"0,5619536099313951";"False";"BATANG TUBUH";"PASAL 13"
"11";"Bupati.";"196,85";"234,01600000000002";"820,659";"832,659";"612,2";"Helvetica";"12,0";"215,433";"306,1";"0,1481002940215616";"0,3215452466514211";"0,06070891865403467";"False";"BATANG TUBUH";"PASAL 13"
"12";"12";"300,1";"312,1";"44,19200000000001";"56,19200000000001";"612,2";"Times New Roman,Bold";"12,0";"306,1";"306,1";"0,0";"0,49019928128062723";"0,019601437438745508";"False";"HALAMAN";""
"12";"Pasal 14";"291,1";"338,97200000000004";"80,904";"92,904";"612,2";"Helvetica-Bold";"12,0";"315,03600000000006";"306,1";"0,014596537079385878";"0,4754982032015681";"0,07819666775563543";"False";"BATANG TUBUH";"PASAL 14"
"12";"(1) Petugas Registrasi membantu Kepala Desa atau Lurah dan";"169,85";"541,182";"117,50400000000002";"129,50400000000002";"612,2";"Helvetica";"12,0";"355,516";"306,1";"0,08071871937275399";"0,27744201241424366";"0,6065534139170206";"False";"BATANG TUBUH";"PASAL 14"
"12";"Dinas dalam Pendaftaran Penduduk dan Pencatatan Sipil.";"196,85";"506,286";"134,904";"146,904";"612,2";"Helvetica";"12,0";"351,568";"306,1";"0,07426984645540666";"0,3215452466514211";"0,5054491996079713";"False";"BATANG TUBUH";"PASAL 14"
"12";"(2) Petugas Registrasi sebagaimana dimaksud pada ayat (1)";"169,85";"541,176";"153,10400000000004";"165,10400000000004";"612,2";"Helvetica";"12,0";"355,51300000000003";"306,1";"0,08071381901339433";"0,27744201241424366";"0,6065436131983012";"False";"BATANG TUBUH";"PASAL 14"
"12";"diangkat dan diberhentikan oleh Bupati dari Pegawai Negeri";"196,85";"541,194";"170,30399999999997";"182,30399999999997";"612,2";"Helvetica";"12,0";"369,022";"306,1";"0,10278013721006202";"0,3215452466514211";"0,5624697811172817";"False";"BATANG TUBUH";"PASAL 14"
"12";"Sipil yang memenuhi persyaratan.";"196,85";"378,06600000000003";"187,534";"199,534";"612,2";"Helvetica";"12,0";"287,458";"306,1";"0,03045083306109114";"0,3215452466514211";"0,29600784057497553";"False";"BATANG TUBUH";"PASAL 14"
"12";"(3) Ketentuan lebih lanjut mengenai pedoman pengangkatan dan";"169,85";"540,9380000000002";"205,93399999999997";"217,93399999999997";"612,2";"Helvetica";"12,0";"355,3940000000001";"306,1";"0,0805194380921269";"0,27744201241424366";"0,6061548513557664";"False";"BATANG TUBUH";"PASAL 14"
"12";"pemberhentian serta tugas pokok Petugas Registrasi";"196,85";"540,95";"223,13400000000001";"235,13400000000001";"612,2";"Helvetica";"12,0";"368,90000000000003";"306,1";"0,10258085592943483";"0,3215452466514211";"0,5620712185560275";"False";"BATANG TUBUH";"PASAL 14"
"12";"sebagaimana dimaksud pada ayat (1) ditetapkan oleh Bupati.";"196,85";"523,116";"240,33400000000006";"252,33400000000006";"612,2";"Helvetica";"12,0";"359,983";"306,1";"0,08801535445932698";"0,3215452466514211";"0,5329402156158117";"False";"BATANG TUBUH";"PASAL 14"
"12";"Pasal 15";"282,1";"329,97200000000004";"276,73400000000004";"288,73400000000004";"612,2";"Helvetica-Bold";"12,0";"306,03600000000006";"306,1";"0,00010454099967325143";"0,460797125122509";"0,07819666775563543";"False";"BATANG TUBUH";"PASAL 15"
"12";"Dalam melaksanakan ketentuan-ketentuan Administrasi";"169,85";"541,162";"313,35400000000004";"325,35400000000004";"612,2";"Helvetica";"12,0";"355,50600000000003";"306,1";"0,08070238484155505";"0,27744201241424366";"0,6065207448546226";"False";"BATANG TUBUH";"PASAL 15"
"12";"Kependudukan dan Pencatatan Sipil, Dinas berwenang:";"169,85";"467,286";"330,554";"342,554";"612,2";"Helvetica";"12,0";"318,568";"306,1";"0,020365893498856518";"0,27744201241424366";"0,48584776216922576";"False";"BATANG TUBUH";"PASAL 15"
"12";"a. melakukan koordinasi dengan Kantor Departemen Agama dan";"169,85";"541,2420000000001";"348,95400000000006";"360,95400000000006";"612,2";"Helvetica";"12,0";"355,54600000000005";"306,1";"0,0807677229663509";"0,27744201241424366";"0,6066514211042143";"False";"BATANG TUBUH";"PASAL 15"
"12";"Pengadilan Agama di Daerah berkaitan dengan pencatatan nikah,";"187,85";"540,904";"366,154";"378,154";"612,2";"Helvetica";"12,0";"364,377";"306,1";"0,09519274746814764";"0,30684416857236196";"0,5766971577915713";"False";"BATANG TUBUH";"PASAL 15"
"12";"talak, cerai dan rujuk bagi penduduk yang beragama Islam yang";"187,85";"541,182";"383,35400000000004";"395,35400000000004";"612,2";"Helvetica";"12,0";"364,516";"306,1";"0,09541979745181312";"0,30684416857236196";"0,5771512577589023";"False";"BATANG TUBUH";"PASAL 15"
"12";"dilakukan oleh KUA Kecamatan;";"187,85";"359,812";"400,554";"412,554";"612,2";"Helvetica";"12,0";"273,831";"306,1";"0,05270989872590657";"0,30684416857236196";"0,28089186540346295";"False";"BATANG TUBUH";"PASAL 15"
"12";"b. melakukan supervisi bersama dengan Kantor Departemen Agama";"169,85";"541,194";"418,95399999999995";"430,95399999999995";"612,2";"Helvetica";"12,0";"355,522";"306,1";"0,08072852009147331";"0,27744201241424366";"0,6065730153544592";"False";"BATANG TUBUH";"PASAL 15"
"12";"dan Pengadilan Agama di Daerah mengenai pelaporan";"187,85";"541,142";"436,18399999999997";"448,18399999999997";"612,2";"Helvetica";"12,0";"364,49600000000004";"306,1";"0,09538712838941524";"0,30684416857236196";"0,5770859196341065";"False";"BATANG TUBUH";"PASAL 15"
"12";"pencatatan sebagaimana dimaksud dalam Pasal 6 huruf a, dalam";"187,85";"541,334";"453,38399999999996";"465,38399999999996";"612,2";"Helvetica";"12,0";"364,592";"306,1";"0,09554393988892512";"0,30684416857236196";"0,5773995426331263";"False";"BATANG TUBUH";"PASAL 15"
"12";"rangka pembangunan data base kependudukan.";"187,85";"446,024";"470,38399999999996";"482,38399999999996";"612,2";"Helvetica";"12,0";"316,937";"306,1";"0,01770173146030707";"0,30684416857236196";"0,42171512577589015";"False";"BATANG TUBUH";"PASAL 15"
"12";"Pasal 16";"283,7";"331,572";"506,984";"518,9839999999999";"612,2";"Helvetica-Bold";"12,0";"307,63599999999997";"306,1";"0,002508983992159334";"0,4634106501143417";"0,07819666775563543";"False";"BATANG TUBUH";"PASAL 16"
"12";"Dalam melaksanakan ketentuan-ketentuan Administrasi";"169,85";"541,162";"543,604";"555,604";"612,2";"Helvetica";"12,0";"355,50600000000003";"306,1";"0,08070238484155505";"0,27744201241424366";"0,6065207448546226";"False";"BATANG TUBUH";"PASAL 16"
"12";"Kependudukan, Dinas mempunyai tugas:";"169,85";"389,25600000000003";"561,0039999999999";"573,0039999999999";"612,2";"Helvetica";"12,0";"279,553";"306,1";"0,043363279973864785";"0,27744201241424366";"0,3583894152237831";"False";"BATANG TUBUH";"PASAL 16"
"12";"a. menyediakan dan menyerahkan blangko Dokumen";"169,85";"540,7100000000002";"579,204";"591,204";"612,2";"Helvetica";"12,0";"355,2800000000001";"306,1";"0,08033322443645877";"0,27744201241424366";"0,6057824240444301";"False";"BATANG TUBUH";"PASAL 16"
"12";"kependudukan dan formulir untuk pelayanan pencatatan sipil";"187,85";"540,8540000000002";"596,404";"608,404";"612,2";"Helvetica";"12,0";"364,3520000000001";"306,1";"0,09515191114015038";"0,30684416857236196";"0,5766154851355768";"False";"BATANG TUBUH";"PASAL 16"
"12";"sesuai dengan kebutuhan;";"187,85";"328,43600000000004";"613,604";"625,604";"612,2";"Helvetica";"12,0";"258,14300000000003";"306,1";"0,07833551127082651";"0,30684416857236196";"0,22964064031362305";"False";"BATANG TUBUH";"PASAL 16"
"12";"b. meminta laporan pelaksanaan tugas, kewajiban dan kewenangan";"169,85";"541,142";"632,0039999999999";"644,0039999999999";"612,2";"Helvetica";"12,0";"355,49600000000004";"306,1";"0,08068605031035611";"0,27744201241424366";"0,6064880757922247";"False";"BATANG TUBUH";"PASAL 16"
"12";"UPTD yang berkaitan dengan pelayanan pencatatan Sipil;";"187,85";"496,486";"649,204";"661,204";"612,2";"Helvetica";"12,0";"342,168";"306,1";"0,05891538712838938";"0,30684416857236196";"0,5041424371120548";"False";"BATANG TUBUH";"PASAL 16"
"12";"c. melakukan pembinaan, pembimbingan, dan supervisi terhadap";"169,85";"540,8900000000002";"667,434";"679,434";"612,2";"Helvetica";"12,0";"355,3700000000001";"306,1";"0,08048023521724941";"0,27744201241424366";"0,6060764456060114";"False";"BATANG TUBUH";"PASAL 16"
"12";"pelaksanaan tugas, kewajiban dan kewenangan UPTD; dan";"187,85";"506,22200000000004";"684,634";"696,634";"612,2";"Helvetica";"12,0";"347,036";"306,1";"0,06686703691604047";"0,30684416857236196";"0,5200457366873571";"False";"BATANG TUBUH";"PASAL 16"
"12";"d. melakukan pembinaan, pembimbingan, dan supervisi terhadap";"169,85";"540,9240000000001";"702,834";"714,834";"612,2";"Helvetica";"12,0";"355,38700000000006";"306,1";"0,08050800392028754";"0,27744201241424366";"0,6061319830120876";"False";"BATANG TUBUH";"PASAL 16"
"12";"penugasan kepada Desa sebagaimana dimaksud dalam Pasal 2";"187,85";"541,202";"720,2339999999999";"732,2339999999999";"612,2";"Helvetica";"12,0";"364,526";"306,1";"0,09543613198301205";"0,30684416857236196";"0,5771839268213002";"False";"BATANG TUBUH";"PASAL 16"
"12";"ayat (4) huruf f.";"187,85";"269,164";"737,434";"749,434";"612,2";"Helvetica";"12,0";"228,507";"306,1";"0,12674452793204838";"0,30684416857236196";"0,13282260699117934";"False";"BATANG TUBUH";"PASAL 16"
"12";"Pasal 17";"282,1";"329,97200000000004";"773,634";"785,634";"612,2";"Helvetica-Bold";"12,0";"306,03600000000006";"306,1";"0,00010454099967325143";"0,460797125122509";"0,07819666775563543";"False";"BATANG TUBUH";"PASAL 17"
"12";"Dalam melaksanakan wewenang dan tugas-tugas Administrasi";"169,85";"541,174";"810,454";"822,454";"612,2";"Helvetica";"12,0";"355,512";"306,1";"0,08071218556027437";"0,27744201241424366";"0,6065403462920613";"False";"BATANG TUBUH";"PASAL 17"
"12";"Kependudukan, Dinas:";"169,85";"291,036";"827,659";"839,659";"612,2";"Helvetica";"12,0";"230,44299999999998";"306,1";"0,1235821626919308";"0,27744201241424366";"0,1979516497876511";"False";"BATANG TUBUH";"PASAL 17"
"13";"13";"300,1";"312,1";"44,19200000000001";"56,19200000000001";"612,2";"Times New Roman,Bold";"12,0";"306,1";"306,1";"0,0";"0,49019928128062723";"0,019601437438745508";"False";"HALAMAN";""
"13";"a. melakukan koordinasi dengan kantor Departemen Agama di";"169,85";"541,2439999999999";"80,904";"92,904";"612,2";"Helvetica";"12,0";"355,54699999999997";"306,1";"0,08076935641947067";"0,27744201241424366";"0,6066546880104539";"False";"BATANG TUBUH";"PASAL 17"
"13";"Daerah dalam memelihara hubungan timbal balik melalui";"187,85";"540,968";"98,904";"110,904";"612,2";"Helvetica";"12,0";"364,409";"306,1";"0,09524501796798426";"0,30684416857236196";"0,5768016987912445";"False";"BATANG TUBUH";"PASAL 17"
"13";"pembinaan masing-masing kepada instansi vertikal dan UPTD;";"187,85";"522,916";"116,70400000000006";"128,70400000000006";"612,2";"Helvetica";"12,0";"355,38300000000004";"306,1";"0,08050147010780792";"0,30684416857236196";"0,5473146030708919";"False";"BATANG TUBUH";"PASAL 17"
"13";"b. melakukan koordinasi dengan instansi terkait di Daerah dalam";"169,85";"541,326";"135,70400000000006";"147,70400000000006";"612,2";"Helvetica";"12,0";"355,588";"306,1";"0,08083632799738646";"0,27744201241424366";"0,6067886311662855";"False";"BATANG TUBUH";"PASAL 17"
"13";"penertiban pelayanan Administrasi Kependudukan;";"187,85";"459,486";"153,70400000000006";"165,70400000000006";"612,2";"Helvetica";"12,0";"323,668";"306,1";"0,028696504410323394";"0,30684416857236196";"0,4437046716759228";"False";"BATANG TUBUH";"PASAL 17"
"13";"c. dapat meminta, menerima data kependudukan dari perwakilan";"169,85";"541,0239999999999";"172,50400000000002";"184,50400000000002";"612,2";"Helvetica";"12,0";"355,43699999999995";"306,1";"0,08058967657628215";"0,27744201241424366";"0,6062953283240768";"False";"BATANG TUBUH";"PASAL 17"
"13";"Republik Indonesia diluar negeri melalui Bupati; dan";"187,85";"464,61400000000003";"190,534";"202,534";"612,2";"Helvetica";"12,0";"326,232";"306,1";"0,03288467820973539";"0,30684416857236196";"0,4520810192747468";"False";"BATANG TUBUH";"PASAL 17"
"13";"d. melakukan koordinasi penyajian data dengan instansi terkait.";"169,85";"512,086";"209,534";"221,534";"612,2";"Helvetica";"12,0";"340,968";"306,1";"0,05695524338451485";"0,27744201241424366";"0,5590264619405423";"False";"BATANG TUBUH";"PASAL 17"
"13";"Pasal 18";"282,1";"329,97200000000004";"247,13400000000001";"259,134";"612,2";"Helvetica-Bold";"12,0";"306,03600000000006";"306,1";"0,00010454099967325143";"0,460797125122509";"0,07819666775563543";"False";"BATANG TUBUH";"PASAL 18"
"13";"(1) Pembentukan UPTD diprioritaskan pada Kecamatan yang:";"169,85";"508,286";"285,33400000000006";"297,33400000000006";"612,2";"Helvetica";"12,0";"339,068";"306,1";"0,05385168245671342";"0,27744201241424366";"0,5528193400849396";"False";"BATANG TUBUH";"PASAL 18"
"13";"a. kondisi geografisnya terpencil, sulit dijangkau transportasi";"196,85";"541,1019999999999";"304,154";"316,154";"612,2";"Helvetica";"12,0";"368,97599999999994";"306,1";"0,10270499836654674";"0,3215452466514211";"0,5623195034302513";"False";"BATANG TUBUH";"PASAL 18"
"13";"umum dan sangat terbatas akses pelayanan publik;";"214,88";"541,306";"322,154";"334,154";"612,2";"Helvetica";"12,0";"378,093";"306,1";"0,11759719046063376";"0,3509964064031362";"0,5332015681149951";"False";"BATANG TUBUH";"PASAL 18"
"13";"dan/atau";"214,88";"261,528";"340,154";"352,154";"612,2";"Helvetica";"12,0";"238,204";"306,1";"0,1109049330284221";"0,3509964064031362";"0,0761973211368834";"False";"BATANG TUBUH";"PASAL 18"
"13";"b. memerlukan pemenuhan kebutuhan pelayanan masyarakat.";"196,85";"534,1960000000001";"358,95400000000006";"370,95400000000006";"612,2";"Helvetica";"12,0";"365,5230000000001";"306,1";"0,09706468474354794";"0,3215452466514211";"0,5510388761842536";"False";"BATANG TUBUH";"PASAL 18"
"13";"(2) UPTD sebagaimana dimaksud pada ayat (1) berada dibawah";"169,85";"541,206";"377,95400000000006";"389,95400000000006";"612,2";"Helvetica";"12,0";"355,528";"306,1";"0,08073832081019273";"0,27744201241424366";"0,606592616791898";"False";"BATANG TUBUH";"PASAL 18"
"13";"dan bertanggung jawab langsung kepada Kepala Dinas.";"196,85";"495,01800000000003";"395,95400000000006";"407,95400000000006";"612,2";"Helvetica";"12,0";"345,934";"306,1";"0,06506697157791572";"0,3215452466514211";"0,4870434498529892";"False";"BATANG TUBUH";"PASAL 18"
"13";"Pasal 19";"282,1";"329,97200000000004";"433,58399999999995";"445,58399999999995";"612,2";"Helvetica-Bold";"12,0";"306,03600000000006";"306,1";"0,00010454099967325143";"0,460797125122509";"0,07819666775563543";"False";"BATANG TUBUH";"PASAL 19"
"13";"(1) UPTD mempunyai tugas melakukan pelayanan Pencatatan Sipil.";"169,85";"540,916";"471,78399999999993";"483,78399999999993";"612,2";"Helvetica";"12,0";"355,38300000000004";"306,1";"0,08050147010780792";"0,27744201241424366";"0,6061189153871284";"False";"BATANG TUBUH";"PASAL 19"
"13";"(2) Pelayanan Pencatatan Sipil sebagaimana dimaksud pada";"169,85";"541,06";"490,58399999999995";"502,58399999999995";"612,2";"Helvetica";"12,0";"355,455";"306,1";"0,08061907873244031";"0,27744201241424366";"0,6063541326363932";"False";"BATANG TUBUH";"PASAL 19"
"13";"ayat (1) meliputi:";"196,85";"285,43600000000004";"508,58399999999995";"520,584";"612,2";"Helvetica";"12,0";"241,14300000000003";"306,1";"0,10610421430904932";"0,3215452466514211";"0,1447010780790592";"False";"BATANG TUBUH";"PASAL 19"
"13";"a. kelahiran;";"196,85";"266,62";"527,584";"539,584";"612,2";"Helvetica";"12,0";"231,735";"306,1";"0,12147174126102582";"0,3215452466514211";"0,11396602417510618";"False";"BATANG TUBUH";"PASAL 19"
"13";"b. kematian;";"196,85";"266,608";"546,404";"558,404";"612,2";"Helvetica";"12,0";"231,72899999999998";"306,1";"0,12148154197974523";"0,3215452466514211";"0,11394642273766743";"False";"BATANG TUBUH";"PASAL 19"
"13";"c. lahir mati;";"196,85";"266,596";"565,404";"577,404";"612,2";"Helvetica";"12,0";"231,723";"306,1";"0,12149134269846457";"0,3215452466514211";"0,11392682130022869";"False";"BATANG TUBUH";"PASAL 19"
"13";"d. perkawinan;";"196,85";"279,404";"584,404";"596,404";"612,2";"Helvetica";"12,0";"238,127";"306,1";"0,11103070891865405";"0,3215452466514211";"0,13484808885984972";"False";"BATANG TUBUH";"PASAL 19"
"13";"e. perceraian;";"196,85";"274,796";"603,204";"615,204";"612,2";"Helvetica";"12,0";"235,82299999999998";"306,1";"0,11479418490689323";"0,3215452466514211";"0,12732113688337143";"False";"BATANG TUBUH";"PASAL 19"
"13";"f. pengakuan anak;";"196,85";"306,96799999999996";"622,204";"634,204";"612,2";"Helvetica";"12,0";"251,909";"306,1";"0,08851845802025486";"0,3215452466514211";"0,1798725906566481";"False";"BATANG TUBUH";"PASAL 19"
"13";"g. pengesahan anak;";"196,85";"313,568";"641,204";"653,204";"612,2";"Helvetica";"12,0";"255,209";"306,1";"0,08312806272459983";"0,3215452466514211";"0,19065338124795816";"False";"BATANG TUBUH";"PASAL 19"
"13";"h. pengangkatan anak;";"196,85";"323,55199999999996";"660,0039999999999";"672,004";"612,2";"Helvetica";"12,000000000000028";"260,20099999999996";"306,1";"0,07497386475008176";"0,3215452466514211";"0,20696177719699438";"False";"BATANG TUBUH";"PASAL 19"
"13";"i. perubahan nama;";"196,85";"308,80400000000003";"679,034";"691,034";"612,2";"Helvetica";"12,0";"252,827";"306,1";"0,08701894805619081";"0,3215452466514211";"0,18287161058477627";"False";"BATANG TUBUH";"PASAL 19"
"13";"j. perubahan status kewarganegaraan;";"196,85";"410,09599999999995";"698,034";"710,034";"612,2";"Helvetica";"12,0";"303,47299999999996";"306,1";"0,004291081345965479";"0,3215452466514211";"0,34832734400522697";"False";"BATANG TUBUH";"PASAL 19"
"13";"k. pembatalan perkawinan;";"196,85";"345,356";"717,034";"729,034";"612,2";"Helvetica";"12,0";"271,103";"306,1";"0,0571659588369814";"0,3215452466514211";"0,242577589023195";"False";"BATANG TUBUH";"PASAL 19"
"13";"l. pembatalan perceraian;dan";"196,85";"360,86";"735,834";"747,834";"612,2";"Helvetica";"12,0";"278,855";"306,1";"0,04450343025155178";"0,3215452466514211";"0,26790264619405424";"False";"BATANG TUBUH";"PASAL 19"
"13";"m. peristiwa penting lainya.";"196,85";"342,716";"754,834";"766,834";"612,2";"Helvetica";"12,0";"269,783";"306,1";"0,05932211695524339";"0,3215452466514211";"0,23826527278667103";"False";"BATANG TUBUH";"PASAL 19"
"13";"(3) Pelaksanaan tugas-tugas pelayanan Pencatatan Sipil";"169,85";"541,232";"773,834";"785,834";"612,2";"Helvetica";"12,0";"355,541";"306,1";"0,08075955570075134";"0,27744201241424366";"0,6066350865730152";"False";"BATANG TUBUH";"PASAL 19"
"13";"sebagaimana dimaksud pada ayat (2) berdasarkan pada";"196,85";"540,9260000000002";"791,654";"803,654";"612,2";"Helvetica";"12,0";"368,8880000000001";"306,1";"0,10256125449199618";"0,3215452466514211";"0,5620320156811501";"False";"BATANG TUBUH";"PASAL 19"
"13";"peraturan perundang-undangan yang berlaku.";"196,85";"441,68600000000004";"809,654";"821,654";"612,2";"Helvetica";"12,0";"319,26800000000003";"306,1";"0,021509310682783413";"0,3215452466514211";"0,39992812806272465";"False";"BATANG TUBUH";"PASAL 19"
"14";"14";"300,1";"312,1";"44,19200000000001";"56,19200000000001";"612,2";"Times New Roman,Bold";"12,0";"306,1";"306,1";"0,0";"0,49019928128062723";"0,019601437438745508";"False";"HALAMAN";""
"14";"Pasal 20";"282,1";"329,97200000000004";"80,904";"92,904";"612,2";"Helvetica-Bold";"12,0";"306,03600000000006";"306,1";"0,00010454099967325143";"0,460797125122509";"0,07819666775563543";"False";"BATANG TUBUH";"PASAL 20"
"14";"Pejabat Pencatatan Sipil pada UPTD berwenang menerbitkan kutipan";"169,85";"540,992";"120,30399999999997";"132,30399999999997";"612,2";"Helvetica";"12,0";"355,421";"306,1";"0,08056354132636388";"0,27744201241424366";"0,6062430578242403";"False";"BATANG TUBUH";"PASAL 20"
"14";"akta Catatan Sipil yang meliputi akta:";"169,85";"367,466";"138,904";"150,904";"612,2";"Helvetica";"12,0";"268,658";"306,1";"0,06115975171512578";"0,27744201241424366";"0,322796471741261";"False";"BATANG TUBUH";"PASAL 20"
"14";"a. kelahiran;";"169,85";"239,59000000000003";"158,70400000000006";"170,70400000000006";"612,2";"Helvetica";"12,0";"204,72000000000003";"306,1";"0,1655994772950016";"0,27744201241424366";"0,11391702058150936";"False";"BATANG TUBUH";"PASAL 20"
"14";"b. kematian;";"169,85";"239,57800000000003";"178,33400000000006";"190,33400000000006";"612,2";"Helvetica";"12,0";"204,714";"306,1";"0,16560927801372102";"0,27744201241424366";"0,11389741914407062";"False";"BATANG TUBUH";"PASAL 20"
"14";"c. perkawinan;";"169,85";"252,374";"197,93399999999997";"209,93399999999997";"612,2";"Helvetica";"12,0";"211,112";"306,1";"0,1551584449526299";"0,27744201241424366";"0,13479908526625284";"False";"BATANG TUBUH";"PASAL 20"
"14";"d. perceraian; dan";"169,85";"271,14200000000005";"217,534";"229,534";"612,2";"Helvetica";"12,0";"220,49600000000004";"306,1";"0,13983012087553084";"0,27744201241424366";"0,16545573342045092";"False";"BATANG TUBUH";"PASAL 20"
"14";"e. pengakuan anak.";"169,85";"280,00600000000003";"237,13400000000001";"249,13400000000001";"612,2";"Helvetica";"12,0";"224,928";"306,1";"0,13259065664815423";"0,27744201241424366";"0,17993466187520424";"False";"BATANG TUBUH";"PASAL 20"
"14";"Pasal 21";"282,1";"329,97200000000004";"276,134";"288,134";"612,2";"Helvetica-Bold";"12,0";"306,03600000000006";"306,1";"0,00010454099967325143";"0,460797125122509";"0,07819666775563543";"False";"BATANG TUBUH";"PASAL 21"
"14";"Wilayah kerja UPTD yang dibentuk sebagaimana dimaksud dalam";"169,85";"541,0100000000001";"315,754";"327,754";"612,2";"Helvetica";"12,0";"355,43000000000006";"306,1";"0,08057824240444306";"0,27744201241424366";"0,6062724599803987";"False";"BATANG TUBUH";"PASAL 21"
"14";"Pasal 18 dapat meliputi 1 (satu) Kecamatan atau lebih yang secara";"169,85";"541,24";"334,35400000000004";"346,35400000000004";"612,2";"Helvetica";"12,0";"355,545";"306,1";"0,08076608951323096";"0,27744201241424366";"0,6066481541979745";"False";"BATANG TUBUH";"PASAL 21"
"14";"geografis berdekatan.";"169,85";"285,7099999999999";"352,95400000000006";"364,95400000000006";"612,2";"Helvetica";"12,0";"227,77999999999997";"306,1";"0,1279320483502124";"0,27744201241424366";"0,18925187847108774";"False";"BATANG TUBUH";"PASAL 21"
"14";"Pasal 22";"282,1";"329,97200000000004";"391,95400000000006";"403,95400000000006";"612,2";"Helvetica-Bold";"12,0";"306,03600000000006";"306,1";"0,00010454099967325143";"0,460797125122509";"0,07819666775563543";"False";"BATANG TUBUH";"PASAL 22"
"14";"Susunan organisasi dan tata kerja serta eselonisasi UPTD";"169,85";"541,182";"431,58399999999995";"443,58399999999995";"612,2";"Helvetica";"12,0";"355,516";"306,1";"0,08071871937275399";"0,27744201241424366";"0,6065534139170206";"False";"BATANG TUBUH";"PASAL 22"
"14";"sebagaimana dimaksud dalam Pasal 18 disesuaikan dengan";"169,85";"541,158";"450,18399999999997";"462,18399999999997";"612,2";"Helvetica";"12,0";"355,504";"306,1";"0,08069911793531524";"0,27744201241424366";"0,606514211042143";"False";"BATANG TUBUH";"PASAL 22"
"14";"pedoman pembentukan Organisasi Perangkat Daerah.";"169,85";"460,674";"468,78399999999993";"480,78399999999993";"612,2";"Helvetica";"12,0";"315,262";"306,1";"0,014965697484482158";"0,27744201241424366";"0,4750473701404769";"False";"BATANG TUBUH";"PASAL 22"
"14";"BAB III";"286,3";"325,576";"507,78399999999993";"519,7839999999999";"612,2";"Helvetica-Bold";"12,0";"305,938";"306,1";"0,0002646194054231208";"0,4676576282260699";"0,06415550473701406";"True";"BATANG TUBUH";"BAB III"
"14";"HAK DAN KEWAJIBAN PENDUDUK";"204,68";"407,0239999999999";"527,384";"539,384";"612,2";"Helvetica-Bold";"12,0";"305,852";"306,1";"0,0004050963737341511";"0,33433518458020256";"0,3305194380921265";"True";"BATANG TUBUH";"BAB III"
"14";"Pasal 23";"282,1";"329,97200000000004";"566,804";"578,804";"612,2";"Helvetica-Bold";"12,0";"306,03600000000006";"306,1";"0,00010454099967325143";"0,460797125122509";"0,07819666775563543";"False";"BATANG TUBUH";"PASAL 23"
"14";"Setiap penduduk di wilayah Daerah mempunyai hak untuk";"169,85";"540,9020000000002";"606,204";"618,204";"612,2";"Helvetica";"12,0";"355,3760000000001";"306,1";"0,08049003593596875";"0,27744201241424366";"0,60609604704345";"False";"BATANG TUBUH";"PASAL 23"
"14";"memperoleh:";"169,85";"239,57";"624,804";"636,804";"612,2";"Helvetica";"12,0";"204,70999999999998";"306,1";"0,16561581182620064";"0,27744201241424366";"0,11388435151911139";"False";"BATANG TUBUH";"PASAL 23"
"14";"a. dokumen kependudukan;";"169,85";"322,33399999999995";"644,404";"656,404";"612,2";"Helvetica";"12,0";"246,09199999999998";"306,1";"0,09802025481868676";"0,27744201241424366";"0,24907546553413906";"False";"BATANG TUBUH";"PASAL 23"
"14";"b. pelayanan yang sama dalam hal pendaftaran penduduk dan";"169,85";"540,9140000000003";"664,0039999999999";"676,004";"612,2";"Helvetica";"12,000000000000028";"355,3820000000002";"306,1";"0,08049983665468825";"0,27744201241424366";"0,6061156484808891";"False";"BATANG TUBUH";"PASAL 23"
"14";"Pencatatan Sipil;";"187,85";"277,718";"682,634";"694,634";"612,2";"Helvetica";"12,0";"232,784";"306,1";"0,11975824893825551";"0,30684416857236196";"0,14679516497876513";"False";"BATANG TUBUH";"PASAL 23"
"14";"c. perlindungan atas Data Pribadi;";"169,85";"355,65799999999996";"702,434";"714,434";"612,2";"Helvetica";"12,0";"262,75399999999996";"306,1";"0,07080365893498866";"0,27744201241424366";"0,30350865730153537";"False";"BATANG TUBUH";"PASAL 23"
"14";"d. kepastian hukum atas kepemilikan dokumen kependudukan;";"169,85";"509,264";"722,034";"734,034";"612,2";"Helvetica";"12,0";"339,557";"306,1";"0,05465044103234236";"0,27744201241424366";"0,5544168572361973";"False";"BATANG TUBUH";"PASAL 23"
"14";"e. informasi mengenai data hasil Pendaftaran Penduduk dan";"169,85";"540,9260000000003";"741,634";"753,634";"612,2";"Helvetica";"12,0";"355,38800000000015";"306,1";"0,08050963737340758";"0,27744201241424366";"0,6061352499183277";"False";"BATANG TUBUH";"PASAL 23"
"14";"Pencatatan Sipil atas dirinya dan/atau keluarganya; dan";"187,85";"484,26200000000006";"760,2339999999999";"772,2339999999999";"612,2";"Helvetica";"12,0";"336,05600000000004";"306,1";"0,048931721659588395";"0,30684416857236196";"0,4841751061744528";"False";"BATANG TUBUH";"PASAL 23"
"14";"f. ganti rugi dan pemulihan nama baik sebagai akibat kesalahan";"169,85";"540,8540000000003";"779,834";"791,834";"612,2";"Helvetica";"12,0";"355,35200000000015";"306,1";"0,08045083306109134";"0,27744201241424366";"0,6060176412936952";"False";"BATANG TUBUH";"PASAL 23"
"14";"dalam Pendaftaran Penduduk dan Pencatatan Sipil serta";"187,85";"541,166";"798,454";"810,454";"612,2";"Helvetica";"12,0";"364,50800000000004";"306,1";"0,09540672982685398";"0,30684416857236196";"0,577125122508984";"False";"BATANG TUBUH";"PASAL 23"
"14";"penyalahgunaan Data Pribadi oleh Dinas.";"187,85";"409,25600000000003";"817,059";"829,059";"612,2";"Helvetica";"12,0";"298,553";"306,1";"0,01232767069585107";"0,30684416857236196";"0,361656321463574";"False";"BATANG TUBUH";"PASAL 23"
"15";"15";"300,1";"312,1";"44,19200000000001";"56,19200000000001";"612,2";"Times New Roman,Bold";"12,0";"306,1";"306,1";"0,0";"0,49019928128062723";"0,019601437438745508";"False";"HALAMAN";""
"15";"Pasal 24";"282,1";"329,97200000000004";"80,904";"92,904";"612,2";"Helvetica-Bold";"12,0";"306,03600000000006";"306,1";"0,00010454099967325143";"0,460797125122509";"0,07819666775563543";"False";"BATANG TUBUH";"PASAL 24"
"15";"Setiap Penduduk di wilayah Daerah wajib melaporkan Peristiwa";"169,85";"540,9140000000001";"118,70400000000006";"130,70400000000006";"612,2";"Helvetica";"12,0";"355,38200000000006";"306,1";"0,08049983665468807";"0,27744201241424366";"0,6061156484808887";"False";"BATANG TUBUH";"PASAL 24"
"15";"Kependudukan dan Peristiwa Penting yang dialaminya kepada Dinas";"169,85";"540,7820000000002";"136,50400000000002";"148,50400000000002";"612,2";"Helvetica";"12,0";"355,3160000000001";"306,1";"0,080392028748775";"0,27744201241424366";"0,6059000326690626";"False";"BATANG TUBUH";"PASAL 24"
"15";"dan/atau Pejabat yang ditunjuk dengan memenuhi persyaratan yang";"169,85";"541,214";"154,30399999999997";"166,30399999999997";"612,2";"Helvetica";"12,0";"355,53200000000004";"306,1";"0,08074485462267235";"0,27744201241424366";"0,6066056844168572";"False";"BATANG TUBUH";"PASAL 24"
"15";"ditentukan dalam Pendaftaran Penduduk dan Pencatatan Sipil.";"169,85";"503,7380000000001";"172,30399999999997";"184,30399999999997";"612,2";"Helvetica";"12,0";"336,79400000000004";"306,1";"0,050137210062071245";"0,27744201241424366";"0,5453903952956553";"False";"BATANG TUBUH";"PASAL 24"
"15";"BAB IV";"285,7";"326,26";"209,73400000000004";"221,73400000000004";"612,2";"Helvetica-Bold";"12,0";"305,98";"306,1";"0,0001960143743874625";"0,4666775563541326";"0,06625285854295981";"True";"BATANG TUBUH";"BAB IV"
"15";"PENDAFTARAN PENDUDUK";"224,68";"387,06399999999996";"228,534";"240,534";"612,2";"Helvetica-Bold";"12,0";"305,87199999999996";"306,1";"0,0003724273113362716";"0,36700424697811174";"0,26524665142110415";"True";"BATANG TUBUH";"BAB IV"
"15";"Bagian Pertama";"260,67";"351,35600000000005";"247,33400000000006";"259,33400000000006";"612,2";"Helvetica-Bold";"12,0";"306,01300000000003";"306,1";"0,0001421104214308871";"0,4257922247631493";"0,14813132963083964";"False";"BATANG TUBUH";"BAB IV"
"15";"Nomor Induk Kependudukan";"223,88";"387,8839999999999";"266,134";"278,134";"612,2";"Helvetica-Bold";"12,0";"305,88199999999995";"306,1";"0,00035609278013733187";"0,3656974844821953";"0,2678928454753347";"False";"BATANG TUBUH";"BAB IV"
"15";"Pasal 25";"280,3";"331,572";"303,754";"315,754";"612,2";"Helvetica-Bold";"12,0";"305,93600000000004";"306,1";"0,00026788631166283443";"0,45785690950669716";"0,08375040836327996";"False";"BATANG TUBUH";"PASAL 25"
"15";"(1) Setiap Penduduk wajib memiliki NIK.";"169,85";"392,06600000000003";"341,754";"353,754";"612,2";"Helvetica";"12,0";"280,958";"306,1";"0,04106827834041162";"0,27744201241424366";"0,3629794184906894";"False";"BATANG TUBUH";"PASAL 25"
"15";"(2) NIK sebagaimana dimaksud pada ayat (1) berlaku seumur hidup";"169,85";"540,9140000000002";"360,554";"372,554";"612,2";"Helvetica";"12,0";"355,3820000000001";"306,1";"0,08049983665468816";"0,27744201241424366";"0,6061156484808888";"False";"BATANG TUBUH";"PASAL 25"
"15";"dan selamanya, yang diberikan oleh Pemerintah Daerah dan";"196,85";"541,234";"378,35400000000004";"390,35400000000004";"612,2";"Helvetica";"12,0";"369,04200000000003";"306,1";"0,10281280627245998";"0,3215452466514211";"0,5625351192420778";"False";"BATANG TUBUH";"PASAL 25"
"15";"diterbitkan oleh Dinas kepada setiap Penduduk setelah";"196,85";"541,076";"396,154";"408,154";"612,2";"Helvetica";"12,0";"368,963";"306,1";"0,10268376347598823";"0,3215452466514211";"0,5622770336491342";"False";"BATANG TUBUH";"PASAL 25"
"15";"dilakukan pencatatan biodata.";"196,85";"356,236";"413,95399999999995";"425,95399999999995";"612,2";"Helvetica";"12,0";"276,543";"306,1";"0,0482799738647501";"0,3215452466514211";"0,2603495589676576";"False";"BATANG TUBUH";"PASAL 25"
"15";"(3) NIK sebagaimana dimaksud pada ayat (1) dicantumkan dalam";"169,85";"541,0100000000002";"432,78399999999993";"444,78399999999993";"612,2";"Helvetica";"12,0";"355,4300000000001";"306,1";"0,08057824240444314";"0,27744201241424366";"0,6062724599803988";"False";"BATANG TUBUH";"PASAL 25"
"15";"setiap Dokumen Kependudukan dan dijadikan dasar penerbitan";"196,85";"540,9500000000002";"450,58399999999995";"462,58399999999995";"612,2";"Helvetica";"12,0";"368,9000000000001";"306,1";"0,10258085592943493";"0,3215452466514211";"0,5620712185560276";"False";"BATANG TUBUH";"PASAL 25"
"15";"paspor, surat izin mengemudi, nomor pokok wajib pajak, polis";"196,85";"541,082";"468,38399999999996";"480,38399999999996";"612,2";"Helvetica";"12,0";"368,966";"306,1";"0,10268866383534789";"0,3215452466514211";"0,5622868343678535";"False";"BATANG TUBUH";"PASAL 25"
"15";"asuransi, sertipikat hak atas tanah, dan penerbitan dokumen";"196,85";"540,956";"486,38399999999996";"498,38399999999996";"612,2";"Helvetica";"12,0";"368,903";"306,1";"0,1025857562887945";"0,3215452466514211";"0,5620810192747467";"False";"BATANG TUBUH";"PASAL 25"
"15";"identitas lainnya.";"196,85";"286,036";"504,18399999999997";"516,184";"612,2";"Helvetica";"12,0";"241,44299999999998";"306,1";"0,10561417837308075";"0,3215452466514211";"0,1456811499509964";"False";"BATANG TUBUH";"PASAL 25"
"15";"(4) Pengaturan NIK sebagaimana dimaksud pada ayat (1) meliputi";"169,85";"541,186";"522,9839999999999";"534,9839999999999";"612,2";"Helvetica";"12,0";"355,51800000000003";"306,1";"0,0807219862789938";"0,27744201241424366";"0,6065599477295002";"False";"BATANG TUBUH";"PASAL 25"
"15";"penetapan digit NIK, penerbitan NIK dan pencantuman NIK.";"196,85";"518,298";"540,7839999999999";"552,7839999999999";"612,2";"Helvetica";"12,0";"357,574";"306,1";"0,08408036589349883";"0,3215452466514211";"0,5250702384841555";"False";"BATANG TUBUH";"PASAL 25"
"15";"Pasal 26";"282,1";"329,97200000000004";"578,204";"590,204";"612,2";"Helvetica-Bold";"12,0";"306,03600000000006";"306,1";"0,00010454099967325143";"0,460797125122509";"0,07819666775563543";"False";"BATANG TUBUH";"PASAL 26"
"15";"(1) NIK sebagaimana dimaksud dalam Pasal 25 terdiri dari 16";"169,85";"541,142";"616,0039999999999";"628,0039999999999";"612,2";"Helvetica";"12,0";"355,49600000000004";"306,1";"0,08068605031035611";"0,27744201241424366";"0,6064880757922247";"False";"BATANG TUBUH";"PASAL 26"
"15";"(enam belas) digit, terdiri atas:";"196,85";"358,036";"634,0039999999999";"646,0039999999999";"612,2";"Helvetica";"12,0";"277,443";"306,1";"0,04680986605684423";"0,3215452466514211";"0,26328977458346947";"False";"BATANG TUBUH";"PASAL 26"
"15";"a. 6 (enam) digit pertama merupakan kode wilayah provinsi,";"196,85";"541,028";"652,804";"664,804";"612,2";"Helvetica";"12,0";"368,939";"306,1";"0,10264456060111074";"0,3215452466514211";"0,5621986278993792";"False";"BATANG TUBUH";"PASAL 26"
"15";"kabupaten dan kecamatan tempat tinggal pada waktu";"214,88";"541,362";"670,634";"682,634";"612,2";"Helvetica";"12,0";"378,121";"306,1";"0,11764292714799078";"0,3509964064031362";"0,5332930414897091";"False";"BATANG TUBUH";"PASAL 26"
"15";"mendaftar;";"214,88";"271,976";"688,434";"700,434";"612,2";"Helvetica";"12,0";"243,428";"306,1";"0,10237177393008824";"0,3509964064031362";"0,09326363933355113";"False";"BATANG TUBUH";"PASAL 26"
"15";"b. 6 (enam) digit kedua adalah tanggal, bulan dan tahun";"196,85";"541,182";"707,2339999999999";"719,2339999999999";"612,2";"Helvetica";"12,0";"369,016";"306,1";"0,10277033649134269";"0,3215452466514211";"0,5624501796798431";"False";"BATANG TUBUH";"PASAL 26"
"15";"kelahiran dan khusus untuk perempuan tanggal lahirnya";"214,88";"541,0360000000001";"725,034";"737,034";"612,2";"Helvetica";"12,0";"377,958";"306,1";"0,1173766742894479";"0,3509964064031362";"0,5327605357726234";"False";"BATANG TUBUH";"PASAL 26"
"15";"ditambah angka 40; dan";"214,88";"343,572";"742,834";"754,834";"612,2";"Helvetica";"12,0";"279,226";"306,1";"0,0438974191440706";"0,3509964064031362";"0,2102123489055864";"False";"BATANG TUBUH";"PASAL 26"
"15";"c. 4 (empat) digit terakhir merupakan nomor urut penerbitan";"196,85";"541,032";"761,634";"773,634";"612,2";"Helvetica";"12,0";"368,94100000000003";"306,1";"0,10264782750735055";"0,3215452466514211";"0,5622051617118589";"False";"BATANG TUBUH";"PASAL 26"
"15";"NIK yang diproses secara otomatis dengan SIAK.";"214,88";"478,04";"779,434";"791,434";"612,2";"Helvetica";"12,0";"346,46000000000004";"306,1";"0,06592616791898075";"0,3509964064031362";"0,429859523031689";"False";"BATANG TUBUH";"PASAL 26"
"15";"(2) 16 (enam belas) digit sebagaimana dimaksud pada ayat (1)";"169,85";"540,8060000000002";"798,454";"810,454";"612,2";"Helvetica";"12,0";"355,3280000000001";"306,1";"0,08041163018621375";"0,27744201241424366";"0,60593923554394";"False";"BATANG TUBUH";"PASAL 26"
"15";"diletakkan pada posisi mendatar.";"196,85";"372,14";"816,259";"828,259";"612,2";"Helvetica";"12,0";"284,495";"306,1";"0,03529075465534142";"0,3215452466514211";"0,28632799738647496";"False";"BATANG TUBUH";"PASAL 26"
"16";"16";"300,1";"312,1";"44,19200000000001";"56,19200000000001";"612,2";"Times New Roman,Bold";"12,0";"306,1";"306,1";"0,0";"0,49019928128062723";"0,019601437438745508";"False";"HALAMAN";""
"16";"Pasal 27";"282,1";"329,97200000000004";"80,904";"92,904";"612,2";"Helvetica-Bold";"12,0";"306,03600000000006";"306,1";"0,00010454099967325143";"0,460797125122509";"0,07819666775563543";"False";"BATANG TUBUH";"PASAL 27"
"16";"(1) NIK sebagaimana dimaksud pada Pasal 25 diterbitkan oleh";"169,85";"541,158";"124,50400000000002";"136,50400000000002";"612,2";"Helvetica";"12,0";"355,504";"306,1";"0,08069911793531524";"0,27744201241424366";"0,606514211042143";"False";"BATANG TUBUH";"PASAL 27"
"16";"Dinas.";"196,85";"230,60600000000002";"145,10400000000004";"157,10400000000004";"612,2";"Helvetica";"12,0";"213,728";"306,1";"0,15088533159098336";"0,3215452466514211";"0,055138843515191154";"False";"BATANG TUBUH";"PASAL 27"
"16";"(2) NIK sebagaimana dimaksud pada ayat (1) berlaku seumur";"169,85";"540,8420000000002";"166,904";"178,904";"612,2";"Helvetica";"12,0";"355,3460000000001";"306,1";"0,08044103234237192";"0,27744201241424366";"0,6059980398562564";"False";"BATANG TUBUH";"PASAL 27"
"16";"hidup dan selamanya, tidak berubah dan tidak mengikuti";"196,85";"541,162";"187,534";"199,534";"612,2";"Helvetica";"12,0";"369,00600000000003";"306,1";"0,10275400196014374";"0,3215452466514211";"0,5624175106174453";"False";"BATANG TUBUH";"PASAL 27"
"16";"perubahan domisili.";"196,85";"300,836";"208,33400000000006";"220,33400000000006";"612,2";"Helvetica";"12,0";"248,84300000000002";"306,1";"0,0935266252858543";"0,3215452466514211";"0,16985625612544922";"False";"BATANG TUBUH";"PASAL 27"
"16";"(3) NIK sebagaimana dimaksud pada ayat (1) diterbitkan setelah";"169,85";"541,06";"229,93399999999997";"241,93399999999997";"612,2";"Helvetica";"12,0";"355,455";"306,1";"0,08061907873244031";"0,27744201241424366";"0,6063541326363932";"False";"BATANG TUBUH";"PASAL 27"
"16";"dilakukan pencatatan biodata penduduk sebagai dasar";"196,85";"540,8540000000002";"250,73400000000004";"262,73400000000004";"612,2";"Helvetica";"12,0";"368,8520000000001";"306,1";"0,10250245017967995";"0,3215452466514211";"0,5619144070565176";"False";"BATANG TUBUH";"PASAL 27"
"16";"penerbitan KK dan KTP pada Dinas tempat domisili yang";"196,85";"541,118";"271,33400000000006";"283,33400000000006";"612,2";"Helvetica";"12,0";"368,98400000000004";"306,1";"0,10271806599150606";"0,3215452466514211";"0,5623456386801698";"False";"BATANG TUBUH";"PASAL 27"
"16";"bersangkutan.";"196,85";"272,75";"292,134";"304,134";"612,2";"Helvetica";"12,0";"234,8";"306,1";"0,11646520744854624";"0,3215452466514211";"0,12397909180006533";"False";"BATANG TUBUH";"PASAL 27"
"16";"(4) Penerbitan NIK bagi bayi yang lahir diluar wilayah administrasi";"169,85";"541,1899999999999";"313,754";"325,754";"612,2";"Helvetica";"12,0";"355,52";"306,1";"0,0807252531852335";"0,27744201241424366";"0,6065664815419796";"False";"BATANG TUBUH";"PASAL 27"
"16";"domisili, dilakukan setelah pencatatan biodata penduduk pada";"196,85";"541,134";"334,554";"346,554";"612,2";"Helvetica";"12,0";"368,992";"306,1";"0,10273113361646519";"0,3215452466514211";"0,5623717739300882";"False";"BATANG TUBUH";"PASAL 27"
"16";"Dinas tempat domisili orang tuanya.";"196,85";"390,858";"355,154";"367,154";"612,2";"Helvetica";"12,0";"293,854";"306,1";"0,020003266906239853";"0,3215452466514211";"0,3169029728846782";"False";"BATANG TUBUH";"PASAL 27"
"16";"Pasal 28";"282,1";"329,97200000000004";"398,35400000000004";"410,354";"612,2";"Helvetica-Bold";"11,999999999999943";"306,03600000000006";"306,1";"0,00010454099967325143";"0,460797125122509";"0,07819666775563543";"False";"BATANG TUBUH";"PASAL 28"
"16";"(1) Dokumen Identitas lainnya diterbitkan oleh Departemen/";"169,85";"541,116";"441,984";"453,984";"612,2";"Helvetica";"12,0";"355,483";"306,1";"0,08066481541979742";"0,27744201241424366";"0,6064456060111074";"False";"BATANG TUBUH";"PASAL 28"
"16";"Lembaga Non Pemerintah, Badan Hukum Publik atau Badan";"196,85";"541,186";"462,78399999999993";"474,78399999999993";"612,2";"Helvetica";"12,0";"369,01800000000003";"306,1";"0,10277360339758249";"0,3215452466514211";"0,5624567134923227";"False";"BATANG TUBUH";"PASAL 28"
"16";"Hukum Privat.";"196,85";"272,216";"483,38399999999996";"495,38399999999996";"612,2";"Helvetica";"12,0";"234,53300000000002";"306,1";"0,11690133943155832";"0,3215452466514211";"0,12310682783404117";"False";"BATANG TUBUH";"PASAL 28"
"16";"(2) Dokumen sebagaimana dimaksud pada ayat (1) meliputi";"169,85";"540,8660000000001";"505,18399999999997";"517,184";"612,2";"Helvetica";"12,0";"355,35800000000006";"306,1";"0,08046063377981058";"0,27744201241424366";"0,6060372427311337";"False";"BATANG TUBUH";"PASAL 28"
"16";"Dokumen identitas diri dan bukti kepemilikan.";"196,85";"437,4839999999999";"525,7839999999999";"537,7839999999999";"612,2";"Helvetica";"12,0";"317,167";"306,1";"0,018077425677882963";"0,3215452466514211";"0,3930643580529237";"False";"BATANG TUBUH";"PASAL 28"
"16";"Pasal 29";"282,1";"329,97200000000004";"569,0039999999999";"581,0039999999999";"612,2";"Helvetica-Bold";"12,0";"306,03600000000006";"306,1";"0,00010454099967325143";"0,460797125122509";"0,07819666775563543";"False";"BATANG TUBUH";"PASAL 29"
"16";"Dokumen identitas lainya yang diterbitkan sebagaimana dimaksud";"169,85";"540,8780000000003";"612,604";"624,604";"612,2";"Helvetica";"12,0";"355,36400000000015";"306,1";"0,08047043449853009";"0,27744201241424366";"0,6060568441685728";"False";"BATANG TUBUH";"PASAL 29"
"16";"dalam Pasal 28 harus memenuhi persyaratan yang meliputi dokumen";"169,85";"540,962";"633,404";"645,404";"612,2";"Helvetica";"12,0";"355,406";"306,1";"0,08053903952956547";"0,27744201241424366";"0,6061940542306434";"False";"BATANG TUBUH";"PASAL 29"
"16";"resmi dan bukti diri pemegangnya.";"169,85";"352,86199999999997";"654,0039999999999";"666,004";"612,2";"Helvetica";"12,000000000000028";"261,356";"306,1";"0,07308722639660246";"0,27744201241424366";"0,2989415223783077";"False";"BATANG TUBUH";"PASAL 29"
"16";"Pasal 30";"282,1";"329,97200000000004";"697,2339999999999";"709,2339999999999";"612,2";"Helvetica-Bold";"12,0";"306,03600000000006";"306,1";"0,00010454099967325143";"0,460797125122509";"0,07819666775563543";"False";"BATANG TUBUH";"PASAL 30"
"16";"Penerbitan Dokumen Identitas lainnya sebagaimana dimaksud dalam";"169,85";"541,2299999999999";"740,834";"752,834";"612,2";"Helvetica";"12,0";"355,53999999999996";"306,1";"0,08075792224763138";"0,27744201241424366";"0,6066318196667754";"False";"BATANG TUBUH";"PASAL 30"
"16";"Pasal 29 dilakukan dengan cara pemohon menunjukkan/";"169,85";"541,2360000000001";"761,634";"773,634";"612,2";"Helvetica";"12,0";"355,54300000000006";"306,1";"0,08076282260699123";"0,27744201241424366";"0,6066416203854951";"False";"BATANG TUBUH";"PASAL 30"
"16";"menyerahkan foto kopi KTP atau dokumen Kependudukan lainnya";"169,85";"541,244";"782,2339999999999";"794,2339999999999";"612,2";"Helvetica";"11,999999999999986";"355,547";"306,1";"0,08076935641947076";"0,27744201241424366";"0,6066546880104541";"False";"BATANG TUBUH";"PASAL 30"
"16";"untuk melengkapi persyaratan yang ditetapkan oleh instansi atau";"169,85";"540,8420000000003";"803,054";"815,054";"612,2";"Helvetica";"12,0";"355,3460000000002";"306,1";"0,08044103234237202";"0,27744201241424366";"0,6059980398562566";"False";"BATANG TUBUH";"PASAL 30"
"16";"badan yang menerbitkan Dokumen Identitas lainnya.";"169,85";"450,06600000000003";"823,659";"835,659";"612,2";"Helvetica";"12,0";"309,958";"306,1";"0,006301862136556687";"0,27744201241424366";"0,4577196994446259";"False";"BATANG TUBUH";"PASAL 30"
"17";"17";"300,1";"312,1";"44,19200000000001";"56,19200000000001";"612,2";"Times New Roman,Bold";"12,0";"306,1";"306,1";"0,0";"0,49019928128062723";"0,019601437438745508";"False";"HALAMAN";""
"17";"Bagian Kedua";"266,08";"346,12";"80,70400000000006";"92,70400000000006";"612,2";"Helvetica-Bold";"12,0";"306,1";"306,1";"0,0";"0,4346292061417837";"0,13074158771643257";"False";"BATANG TUBUH";"BAGIAN KEDUA"
"17";"Pendaftaran Peristiwa Kependudukan";"198,25";"413,4579999999999";"98,30399999999997";"110,30399999999997";"612,2";"Helvetica-Bold";"12,0";"305,8539999999999";"306,1";"0,0004018294674944374";"0,32383208101927474";"0,3515321790264618";"False";"BATANG TUBUH";"BAGIAN KEDUA"
"17";"Paragraf 1";"276,67";"335,12200000000007";"115,904";"127,904";"612,2";"Helvetica-Bold";"12,0";"305,8960000000001";"306,1";"0,0003332244364585934";"0,45192747468147665";"0,09547860176412945";"False";"BATANG TUBUH";"PARAGRAF 1"
"17";"Perubahan Alamat";"253,27";"358,39";"133,30399999999997";"145,30399999999997";"612,2";"Helvetica-Bold";"12,0";"305,83";"306,1";"0,00044103234237183705";"0,4137046716759229";"0,1717085919634106";"False";"BATANG TUBUH";"PARAGRAF 1"
"17";"Pasal 31";"280,3";"331,572";"168,50400000000002";"180,50400000000002";"612,2";"Helvetica-Bold";"12,0";"305,93600000000004";"306,1";"0,00026788631166283443";"0,45785690950669716";"0,08375040836327996";"False";"BATANG TUBUH";"PASAL 31"
"17";"Dalam hal terjadi perubahan alamat Penduduk, Dinas wajib";"169,85";"541,214";"203,93399999999997";"215,93399999999997";"612,2";"Helvetica";"12,0";"355,53200000000004";"306,1";"0,08074485462267235";"0,27744201241424366";"0,6066056844168572";"False";"BATANG TUBUH";"PASAL 31"
"17";"menyelenggarakan penerbitan perubahan dokumen Pendaftaran";"169,85";"540,8660000000002";"220,33400000000006";"232,33400000000006";"612,2";"Helvetica";"12,0";"355,3580000000001";"306,1";"0,08046063377981066";"0,27744201241424366";"0,6060372427311339";"False";"BATANG TUBUH";"PASAL 31"
"17";"Penduduk.";"169,85";"227,174";"236,93399999999997";"248,93399999999997";"612,2";"Helvetica";"12,0";"198,512";"306,1";"0,17573995426331265";"0,27744201241424366";"0,0936360666448873";"False";"BATANG TUBUH";"PASAL 31"
"17";"Paragraf 2";"276,67";"335,12200000000007";"271,93399999999997";"283,93399999999997";"612,2";"Helvetica-Bold";"12,0";"305,8960000000001";"306,1";"0,0003332244364585934";"0,45192747468147665";"0,09547860176412945";"False";"BATANG TUBUH";"PARAGRAF 2"
"17";"Pindah Datang Penduduk Dalam Daerah";"191,65";"420,252";"289,534";"301,534";"612,2";"Helvetica-Bold";"12,0";"305,951";"306,1";"0,00024338451486442486";"0,3130512904279647";"0,3734106501143417";"False";"BATANG TUBUH";"PARAGRAF 2"
"17";"Pasal 32";"280,3";"331,572";"324,554";"336,554";"612,2";"Helvetica-Bold";"12,0";"305,93600000000004";"306,1";"0,00026788631166283443";"0,45785690950669716";"0,08375040836327996";"False";"BATANG TUBUH";"PASAL 32"
"17";"(1) Penduduk yang pindah dalam wilayah Daerah wajib melapor";"169,85";"541,098";"359,95400000000006";"371,95400000000006";"612,2";"Helvetica";"12,0";"355,474";"306,1";"0,08065011434171833";"0,27744201241424366";"0,6064162038549492";"False";"BATANG TUBUH";"PASAL 32"
"17";"kepada Dinas atau Pejabat yang ditunjuk untuk mendapatkan";"196,85";"541,1179999999999";"376,35400000000004";"388,35400000000004";"612,2";"Helvetica";"12,0";"368,984";"306,1";"0,10271806599150597";"0,3215452466514211";"0,5623456386801697";"False";"BATANG TUBUH";"PASAL 32"
"17";"Surat Keterangan Pindah.";"196,85";"334,836";"392,95400000000006";"404,95400000000006";"612,2";"Helvetica";"12,0";"265,843";"306,1";"0,0657579222476315";"0,3215452466514211";"0,22539366220189483";"False";"BATANG TUBUH";"PASAL 32"
"17";"(2) Pindah sebagaimana dimaksud pada ayat (1) adalah";"169,85";"540,9500000000002";"410,554";"422,554";"612,2";"Helvetica";"12,0";"355,4000000000001";"306,1";"0,08052923881084624";"0,27744201241424366";"0,606174452793205";"False";"BATANG TUBUH";"PASAL 32"
"17";"berdomisilinya Penduduk di alamat yang baru untuk waktu lebih";"196,85";"541,1940000000001";"427,18399999999997";"439,18399999999997";"612,2";"Helvetica";"12,0";"369,02200000000005";"306,1";"0,1027801372100621";"0,3215452466514211";"0,562469781117282";"False";"BATANG TUBUH";"PASAL 32"
"17";"dari 1 (satu) tahun atau berdasarkan kebutuhan yang";"196,85";"540,9380000000002";"443,78399999999993";"455,78399999999993";"612,2";"Helvetica";"12,0";"368,8940000000001";"306,1";"0,1025710552107156";"0,3215452466514211";"0,562051617118589";"False";"BATANG TUBUH";"PASAL 32"
"17";"bersangkutan untuk waktu yang kurang dari 1 (satu) tahun.";"196,85";"510,286";"460,18399999999997";"472,18399999999997";"612,2";"Helvetica";"12,0";"353,568";"306,1";"0,07753675269519758";"0,3215452466514211";"0,5119830120875531";"False";"BATANG TUBUH";"PASAL 32"
"17";"(3) Berdasarkan Surat Keterangan Pindah sebagaimana dimaksud";"169,85";"540,9380000000001";"477,78399999999993";"489,78399999999993";"612,2";"Helvetica";"12,0";"355,39400000000006";"306,1";"0,08051943809212682";"0,27744201241424366";"0,6061548513557662";"False";"BATANG TUBUH";"PASAL 32"
"17";"pada ayat (1), Penduduk yang bersangkutan wajib melapor";"196,85";"540,9239999999999";"494,38399999999996";"506,38399999999996";"612,2";"Helvetica";"12,0";"368,88699999999994";"306,1";"0,10255962103887604";"0,3215452466514211";"0,5620287487749098";"False";"BATANG TUBUH";"PASAL 32"
"17";"kepada Dinas atau Pejabat yang ditunjuk di alamat tujuan untuk";"196,85";"541,0980000000001";"510,984";"522,9839999999999";"612,2";"Helvetica";"12,0";"368,97400000000005";"306,1";"0,10270173146030712";"0,3215452466514211";"0,562312969617772";"False";"BATANG TUBUH";"PASAL 32"
"17";"penerbitan Surat Keterangan Pindah Datang.";"196,85";"436,62199999999996";"527,584";"539,584";"612,2";"Helvetica";"12,0";"316,736";"306,1";"0,017373407383208046";"0,3215452466514211";"0,39165632146357393";"False";"BATANG TUBUH";"PASAL 32"
"17";"(4) Surat Keterangan Pindah Datang sebagaimana dimaksud pada";"169,85";"540,8540000000002";"545,0039999999999";"557,0039999999999";"612,2";"Helvetica";"12,0";"355,3520000000001";"306,1";"0,08045083306109124";"0,27744201241424366";"0,6060176412936951";"False";"BATANG TUBUH";"PASAL 32"
"17";"ayat (3) digunakan sebagai dasar perubahan atau penerbitan";"196,85";"540,9020000000002";"561,604";"573,604";"612,2";"Helvetica";"12,0";"368,8760000000001";"306,1";"0,10254165305455744";"0,3215452466514211";"0,5619928128062727";"False";"BATANG TUBUH";"PASAL 32"
"17";"KK dan KTP bagi Penduduk yang bersangkutan.";"196,85";"454,634";"578,204";"590,204";"612,2";"Helvetica";"12,0";"325,742";"306,1";"0,0320842861809866";"0,3215452466514211";"0,42107807905913097";"False";"BATANG TUBUH";"PASAL 32"
"17";"Pasal 33";"282,1";"329,97200000000004";"613,204";"625,204";"612,2";"Helvetica-Bold";"12,0";"306,03600000000006";"306,1";"0,00010454099967325143";"0,460797125122509";"0,07819666775563543";"False";"BATANG TUBUH";"PASAL 33"
"17";"(1) Orang Asing yang memiliki Izin Tinggal Terbatas dan Orang";"169,85";"540,9520000000002";"648,404";"660,404";"612,2";"Helvetica";"12,0";"355,4010000000001";"306,1";"0,08053087226396619";"0,27744201241424366";"0,6061777196994449";"False";"BATANG TUBUH";"PASAL 33"
"17";"Asing yang memiliki Izin Tinggal Tetap yang pindah dalam";"196,85";"540,9860000000001";"665,0039999999999";"677,004";"612,2";"Helvetica";"12,000000000000028";"368,91800000000006";"306,1";"0,102610258085593";"0,3215452466514211";"0,5621300228683438";"False";"BATANG TUBUH";"PASAL 33"
"17";"wilayah Daerah wajib melaporkan rencana kepindahannya";"196,85";"541,0319999999999";"681,634";"693,634";"612,2";"Helvetica";"12,0";"368,941";"306,1";"0,10264782750735045";"0,3215452466514211";"0,5622051617118586";"False";"BATANG TUBUH";"PASAL 33"
"17";"kepada Dinas.";"196,85";"273,416";"698,2339999999999";"710,2339999999999";"612,2";"Helvetica";"12,0";"235,13299999999998";"306,1";"0,1159212675596211";"0,3215452466514211";"0,12506697157791571";"False";"BATANG TUBUH";"PASAL 33"
"17";"(2) Berdasarkan laporan sebagaimana dimaksud pada ayat (1)";"169,85";"540,8180000000001";"715,634";"727,634";"612,2";"Helvetica";"12,0";"355,33400000000006";"306,1";"0,08042143090493309";"0,27744201241424366";"0,6059588369813788";"False";"BATANG TUBUH";"PASAL 33"
"17";"Dinas mendaftar dan menerbitkan Surat Keterangan Pindah";"196,85";"541,02";"732,2339999999999";"744,2339999999999";"612,2";"Helvetica";"12,0";"368,935";"306,1";"0,10263802678863113";"0,3215452466514211";"0,56218556027442";"False";"BATANG TUBUH";"PASAL 33"
"17";"Datang.";"196,85";"238,574";"748,834";"760,834";"612,2";"Helvetica";"12,0";"217,712";"306,1";"0,14437765436131988";"0,3215452466514211";"0,06815419797451816";"False";"BATANG TUBUH";"PASAL 33"
"17";"(3) Orang Asing sebagaimana dimaksud pada ayat (1) melaporkan";"169,85";"540,902";"766,434";"778,434";"612,2";"Helvetica";"12,0";"355,37600000000003";"306,1";"0,08049003593596865";"0,27744201241424366";"0,6060960470434499";"False";"BATANG TUBUH";"PASAL 33"
"17";"kedatangannya kepada Dinas atau Pejabat yang ditunjuk di";"196,85";"541,434";"783,034";"795,034";"612,2";"Helvetica";"11,999999999999986";"369,142";"306,1";"0,10297615158444948";"0,3215452466514211";"0,5628618098660567";"False";"BATANG TUBUH";"PASAL 33"
"17";"daerah tujuan paling lambat 30 (tiga puluh) hari sejak diterbitkan";"196,85";"541,0220000000002";"799,454";"811,454";"612,2";"Helvetica";"12,0";"368,9360000000001";"306,1";"0,10263966024175117";"0,3215452466514211";"0,5621888271806601";"False";"BATANG TUBUH";"PASAL 33"
"17";"Surat Keterangan Pindah Datang.";"196,85";"376,856";"816,059";"828,059";"612,2";"Helvetica";"12,0";"286,853";"306,1";"0,03143907219862792";"0,3215452466514211";"0,29403136229990195";"False";"BATANG TUBUH";"PASAL 33"
"18";"18";"300,1";"312,1";"44,19200000000001";"56,19200000000001";"612,2";"Times New Roman,Bold";"12,0";"306,1";"306,1";"0,0";"0,49019928128062723";"0,019601437438745508";"False";"HALAMAN";""
"18";"(4) Surat Keterangan Pindah Datang sebagaimana dimaksud pada";"169,85";"540,8540000000002";"81,10400000000004";"93,10400000000004";"612,2";"Helvetica";"12,0";"355,3520000000001";"306,1";"0,08045083306109124";"0,27744201241424366";"0,6060176412936951";"False";"BATANG TUBUH";"PASAL 33"
"18";"ayat (2) digunakan sebagai dasar perubahan atau penerbitan";"196,85";"540,9020000000002";"97,904";"109,904";"612,2";"Helvetica";"12,0";"368,8760000000001";"306,1";"0,10254165305455744";"0,3215452466514211";"0,5619928128062727";"False";"BATANG TUBUH";"PASAL 33"
"18";"KK, KTP, atau Surat Keterangan Tempat Tinggal bagi Orang";"196,85";"540,8540000000002";"114,70400000000006";"126,70400000000006";"612,2";"Helvetica";"12,0";"368,8520000000001";"306,1";"0,10250245017967995";"0,3215452466514211";"0,5619144070565176";"False";"BATANG TUBUH";"PASAL 33"
"18";"Asing yang bersangkutan.";"196,85";"335,3059999999999";"131,70400000000006";"143,70400000000006";"612,2";"Helvetica";"12,0";"266,078";"306,1";"0,06537406076445614";"0,3215452466514211";"0,22616138516824555";"False";"BATANG TUBUH";"PASAL 33"
"18";"Paragraf 3";"276,67";"335,12200000000007";"167,10400000000004";"179,10400000000004";"612,2";"Helvetica-Bold";"12,0";"305,8960000000001";"306,1";"0,0003332244364585934";"0,45192747468147665";"0,09547860176412945";"False";"BATANG TUBUH";"PARAGRAF 3"
"18";"Pindah Datang Antarnegara";"226,88";"384,62";"184,93399999999997";"196,93399999999997";"612,2";"Helvetica-Bold";"12,0";"305,75";"306,1";"0,0005717085919634478";"0,3705978438418817";"0,2576608951323097";"False";"BATANG TUBUH";"PARAGRAF 3"
"18";"Pasal 34";"280,3";"331,572";"220,73400000000004";"232,73400000000004";"612,2";"Helvetica-Bold";"12,0";"305,93600000000004";"306,1";"0,00026788631166283443";"0,45785690950669716";"0,08375040836327996";"False";"BATANG TUBUH";"PASAL 34"
"18";"(1) Penduduk Warga Negara Indonesia di wilayah Daerah yang";"169,85";"541,202";"256,534";"268,534";"612,2";"Helvetica";"12,0";"355,526";"306,1";"0,08073505390395293";"0,27744201241424366";"0,6065860829794184";"False";"BATANG TUBUH";"PASAL 34"
"18";"pindah ke luar negeri wajib melaporkan rencana kepindahannya";"196,85";"540,9500000000003";"273,534";"285,534";"612,2";"Helvetica";"12,0";"368,90000000000015";"306,1";"0,10258085592943503";"0,3215452466514211";"0,5620712185560278";"False";"BATANG TUBUH";"PASAL 34"
"18";"kepada Dinas.";"196,85";"273,416";"290,33400000000006";"302,33400000000006";"612,2";"Helvetica";"12,0";"235,13299999999998";"306,1";"0,1159212675596211";"0,3215452466514211";"0,12506697157791571";"False";"BATANG TUBUH";"PASAL 34"
"18";"(2) Berdasarkan laporan sebagaimana dimaksud pada ayat (1),";"169,85";"540,7580000000002";"308,154";"320,154";"612,2";"Helvetica";"12,0";"355,3040000000001";"306,1";"0,08037242731133626";"0,27744201241424366";"0,6058608297941851";"False";"BATANG TUBUH";"PASAL 34"
"18";"Dinas mendaftar dan menerbitkan Surat Keterangan Pindah ke";"196,85";"541,106";"324,95400000000006";"336,95400000000006";"612,2";"Helvetica";"12,0";"368,978";"306,1";"0,10270826527278663";"0,3215452466514211";"0,562326037242731";"False";"BATANG TUBUH";"PASAL 34"
"18";"Luar Negeri.";"196,85";"262,81600000000003";"341,754";"353,754";"612,2";"Helvetica";"12,0";"229,83300000000003";"306,1";"0,12457856909506695";"0,3215452466514211";"0,1077523685070239";"False";"BATANG TUBUH";"PASAL 34"
"18";"(3) Penduduk yang telah pindah sebagaimana dimaksud pada ayat";"169,85";"540,8080000000001";"359,754";"371,754";"612,2";"Helvetica";"12,0";"355,32900000000006";"306,1";"0,08041326363933361";"0,27744201241424366";"0,6059425024501798";"False";"BATANG TUBUH";"PASAL 34"
"18";"(1) dan berstatus menetap di luar negeri wajib melaporkan";"196,85";"540,902";"376,554";"388,554";"612,2";"Helvetica";"12,0";"368,87600000000003";"306,1";"0,10254165305455734";"0,3215452466514211";"0,5619928128062724";"False";"BATANG TUBUH";"PASAL 34"
"18";"kepada Perwakilan Republik Indonesia paling lambat 30 (tiga";"196,85";"540,9260000000002";"393,35400000000004";"405,35400000000004";"612,2";"Helvetica";"12,0";"368,8880000000001";"306,1";"0,10256125449199618";"0,3215452466514211";"0,5620320156811501";"False";"BATANG TUBUH";"PASAL 34"
"18";"puluh) hari sejak kedatangannya.";"196,85";"373,28599999999994";"410,15399999999994";"422,15399999999994";"612,2";"Helvetica";"12,0";"285,068";"306,1";"0,03435478601764135";"0,3215452466514211";"0,2881999346618751";"False";"BATANG TUBUH";"PASAL 34"
"18";"Pasal 35";"280,3";"331,572";"445,78399999999993";"457,78399999999993";"612,2";"Helvetica-Bold";"12,0";"305,93600000000004";"306,1";"0,00026788631166283443";"0,45785690950669716";"0,08375040836327996";"False";"BATANG TUBUH";"PASAL 35"
"18";"(1) Warga Negara Indonesia yang datang dari luar negeri wajib";"169,85";"541,1700000000001";"481,58399999999995";"493,58399999999995";"612,2";"Helvetica";"12,0";"355,51000000000005";"306,1";"0,08070891865403466";"0,27744201241424366";"0,6065338124795818";"False";"BATANG TUBUH";"PASAL 35"
"18";"melaporkan kedatangannya kepada Dinas paling lambat 14";"196,85";"541,166";"498,58399999999995";"510,58399999999995";"612,2";"Helvetica";"12,0";"369,00800000000004";"306,1";"0,10275726886638355";"0,3215452466514211";"0,5624240444299249";"False";"BATANG TUBUH";"PASAL 35"
"18";"(empat belas) hari sejak tanggal kedatangannya.";"196,85";"456,286";"515,384";"527,384";"612,2";"Helvetica";"12,0";"326,568";"306,1";"0,03343351845802019";"0,3215452466514211";"0,42377654361319833";"False";"BATANG TUBUH";"PASAL 35"
"18";"(2) Berdasarkan laporan sebagaimana dimaksud pada ayat (1),";"169,85";"540,7580000000002";"533,184";"545,184";"612,2";"Helvetica";"12,0";"355,3040000000001";"306,1";"0,08037242731133626";"0,27744201241424366";"0,6058608297941851";"False";"BATANG TUBUH";"PASAL 35"
"18";"Dinas mendaftar dan menerbitkan Surat Keterangan Datang dari";"196,85";"540,8960000000002";"550,0039999999999";"562,0039999999999";"612,2";"Helvetica";"12,0";"368,8730000000001";"306,1";"0,10253675269519777";"0,3215452466514211";"0,5619830120875533";"False";"BATANG TUBUH";"PASAL 35"
"18";"Luar Negeri sebagai dasar penerbitan KK dan KTP.";"196,85";"471,11999999999995";"566,804";"578,804";"612,2";"Helvetica";"12,0";"333,98499999999996";"306,1";"0,04554884024828476";"0,3215452466514211";"0,44800718719372745";"False";"BATANG TUBUH";"PASAL 35"
"18";"Pasal 36";"282,1";"329,97200000000004";"602,404";"614,404";"612,2";"Helvetica-Bold";"12,0";"306,03600000000006";"306,1";"0,00010454099967325143";"0,460797125122509";"0,07819666775563543";"False";"BATANG TUBUH";"PASAL 36"
"18";"(1) Orang Asing yang memiliki Izin Tinggal Terbatas yang datang";"169,85";"540,8780000000002";"638,204";"650,204";"612,2";"Helvetica";"12,0";"355,3640000000001";"306,1";"0,08047043449852999";"0,27744201241424366";"0,6060568441685725";"False";"BATANG TUBUH";"PASAL 36"
"18";"dari luar negeri dan Orang Asing yang memiliki izin lainnya yang";"196,85";"540,8420000000002";"655,204";"667,204";"612,2";"Helvetica";"12,000000000000028";"368,8460000000001";"306,1";"0,10249264946096062";"0,3215452466514211";"0,561894805619079";"False";"BATANG TUBUH";"PASAL 36"
"18";"telah berubah status sebagai pemegang Izin Tinggal Terbatas";"196,85";"540,7940000000002";"672,034";"684,034";"612,2";"Helvetica";"12,0";"368,8220000000001";"306,1";"0,10245344658608313";"0,3215452466514211";"0,561816399869324";"False";"BATANG TUBUH";"PASAL 36"
"18";"yang berencana bertempat tinggal di wilayah Daerah wajib";"196,85";"541,1940000000001";"688,834";"700,834";"612,2";"Helvetica";"12,0";"369,02200000000005";"306,1";"0,1027801372100621";"0,3215452466514211";"0,562469781117282";"False";"BATANG TUBUH";"PASAL 36"
"18";"melaporkan kepada Dinas paling lambat 14 (empat belas) hari";"196,85";"541,0";"705,634";"717,634";"612,2";"Helvetica";"12,0";"368,925";"306,1";"0,10262169225743219";"0,3215452466514211";"0,5621528912120222";"False";"BATANG TUBUH";"PASAL 36"
"18";"sejak diterbitkannya Izin Tinggal Terbatas.";"196,85";"421,666";"722,634";"734,634";"612,2";"Helvetica";"12,0";"309,258";"306,1";"0,005158444952629792";"0,3215452466514211";"0,36722639660241746";"False";"BATANG TUBUH";"PASAL 36"
"18";"(2) Berdasarkan laporan sebagaimana dimaksud pada ayat (1),";"169,85";"540,7580000000002";"740,434";"752,434";"612,2";"Helvetica";"12,0";"355,3040000000001";"306,1";"0,08037242731133626";"0,27744201241424366";"0,6058608297941851";"False";"BATANG TUBUH";"PASAL 36"
"18";"Dinas mendaftar dan menerbitkan Surat Keterangan Tempat";"196,85";"540,7920000000001";"757,2339999999999";"769,2339999999999";"612,2";"Helvetica";"12,0";"368,8210000000001";"306,1";"0,10245181313296317";"0,3215452466514211";"0,5618131329630841";"False";"BATANG TUBUH";"PASAL 36"
"18";"Tinggal.";"196,85";"239,41600000000003";"774,034";"786,034";"612,2";"Helvetica";"12,0";"218,133";"306,1";"0,14368997059784386";"0,3215452466514211";"0,06952956550147016";"False";"BATANG TUBUH";"PASAL 36"
"18";"(3) Masa berlaku Surat Keterangan Tempat Tinggal sebagaimana";"169,85";"540,8800000000002";"791,854";"803,8539999999999";"612,2";"Helvetica";"11,999999999999986";"355,3650000000001";"306,1";"0,08047206795164995";"0,27744201241424366";"0,6060601110748124";"False";"BATANG TUBUH";"PASAL 36"
"18";"dimaksud pada ayat (2) disesuaikan dengan masa berlaku Izin";"196,85";"541,1460000000001";"808,8539999999999";"820,8539999999999";"612,2";"Helvetica";"12,0";"368,99800000000005";"306,1";"0,10274093433518461";"0,3215452466514211";"0,562391375367527";"False";"BATANG TUBUH";"PASAL 36"
"18";"Tinggal Terbatas.";"196,85";"290,236";"825,659";"837,659";"612,2";"Helvetica";"12,0";"243,543";"306,1";"0,10218392682130024";"0,3215452466514211";"0,1525416530545573";"False";"BATANG TUBUH";"PASAL 36"
"19";"19";"300,1";"312,1";"44,19200000000001";"56,19200000000001";"612,2";"Times New Roman,Bold";"12,0";"306,1";"306,1";"0,0";"0,49019928128062723";"0,019601437438745508";"False";"HALAMAN";""
"19";"(4) Surat Keterangan Tempat Tinggal sebagaimana dimaksud pada";"169,85";"540,9040000000001";"81,10400000000004";"93,10400000000004";"612,2";"Helvetica";"12,0";"355,37700000000007";"306,1";"0,0804916693890886";"0,27744201241424366";"0,6060993139496897";"False";"BATANG TUBUH";"PASAL 36"
"19";"ayat (2) wajib dibawa pada saat berpergian.";"196,85";"429,19399999999996";"99,70400000000006";"111,70400000000006";"612,2";"Helvetica";"12,0";"313,022";"306,1";"0,011306762495916315";"0,3215452466514211";"0,37952303168899043";"False";"BATANG TUBUH";"PASAL 36"
"19";"Pasal 37";"282,1";"329,97200000000004";"138,70400000000006";"150,70400000000006";"612,2";"Helvetica-Bold";"12,0";"306,03600000000006";"306,1";"0,00010454099967325143";"0,460797125122509";"0,07819666775563543";"False";"BATANG TUBUH";"PASAL 37"
"19";"(1) Orang Asing yang memiliki Izin Tinggal Terbatas yang telah";"169,85";"540,928";"178,33400000000006";"190,33400000000006";"612,2";"Helvetica";"12,0";"355,389";"306,1";"0,08051127082652725";"0,27744201241424366";"0,6061385168245671";"False";"BATANG TUBUH";"PASAL 37"
"19";"berubah status menjadi Orang Asing yang memiliki Izin Tinggal";"196,85";"540,854";"196,93399999999997";"208,93399999999997";"612,2";"Helvetica";"12,0";"368,85200000000003";"306,1";"0,10250245017967985";"0,3215452466514211";"0,5619144070565175";"False";"BATANG TUBUH";"PASAL 37"
"19";"Tetap wajib melaporkan kepada Dinas paling lambat 14 (empat";"196,85";"540,98";"215,534";"227,534";"612,2";"Helvetica";"12,0";"368,915";"306,1";"0,10260535772623325";"0,3215452466514211";"0,5621202221496242";"False";"BATANG TUBUH";"PASAL 37"
"19";"belas) hari sejak diterbitkan Izin Tinggal Tetap.";"196,85";"445,086";"234,13400000000001";"246,13400000000001";"612,2";"Helvetica";"12,0";"320,968";"306,1";"0,024286180986605673";"0,3215452466514211";"0,40548186867036917";"False";"BATANG TUBUH";"PASAL 37"
"19";"(2) Berdasarkan laporan sebagaimana dimaksud pada ayat (1),";"169,85";"540,9739999999999";"253,73400000000004";"265,73400000000004";"612,2";"Helvetica";"12,0";"355,412";"306,1";"0,08054884024828479";"0,27744201241424366";"0,6062136556680822";"False";"BATANG TUBUH";"PASAL 37"
"19";"Dinas mendaftar dan menerbitkan KK dan KTP.";"196,85";"450,27599999999995";"272,33400000000006";"284,33400000000006";"612,2";"Helvetica";"12,0";"323,563";"306,1";"0,028524991832734343";"0,3215452466514211";"0,41395949036262647";"False";"BATANG TUBUH";"PASAL 37"
"19";"Pasal 38";"282,1";"329,97200000000004";"311,554";"323,554";"612,2";"Helvetica-Bold";"12,0";"306,03600000000006";"306,1";"0,00010454099967325143";"0,460797125122509";"0,07819666775563543";"False";"BATANG TUBUH";"PASAL 38"
"19";"(1) Orang Asing yang memiliki Izin Tinggal Terbatas atau Orang";"169,85";"540,8540000000002";"350,95400000000006";"362,95400000000006";"612,2";"Helvetica";"12,0";"355,3520000000001";"306,1";"0,08045083306109124";"0,27744201241424366";"0,6060176412936951";"False";"BATANG TUBUH";"PASAL 38"
"19";"Asing yang memiliki Izin Tinggal Tetap yang akan pindah ke luar";"196,85";"540,7940000000003";"369,554";"381,554";"612,2";"Helvetica";"12,0";"368,8220000000002";"306,1";"0,10245344658608321";"0,3215452466514211";"0,5618163998693242";"False";"BATANG TUBUH";"PASAL 38"
"19";"negeri wajib melaporkan kepada Dinas paling lambat 14 (empat";"196,85";"541,09";"388,154";"400,154";"612,2";"Helvetica";"12,0";"368,97";"306,1";"0,1026951976478275";"0,3215452466514211";"0,5622999019928128";"False";"BATANG TUBUH";"PASAL 38"
"19";"belas) hari sebelum rencana kepindahannya.";"196,85";"436,06600000000003";"406,754";"418,75399999999996";"612,2";"Helvetica";"11,999999999999943";"316,458";"306,1";"0,01691930741587717";"0,3215452466514211";"0,39074812152891214";"False";"BATANG TUBUH";"PASAL 38"
"19";"(2) Berdasarkan laporan sebagaimana dimaksud pada ayat (1),";"169,85";"540,7580000000002";"426,58399999999995";"438,58399999999995";"612,2";"Helvetica";"12,0";"355,3040000000001";"306,1";"0,08037242731133626";"0,27744201241424366";"0,6058608297941851";"False";"BATANG TUBUH";"PASAL 38"
"19";"Dinas melakukan pendaftaran.";"196,85";"359,34";"445,18399999999997";"457,18399999999997";"612,2";"Helvetica";"12,0";"278,09499999999997";"306,1";"0,04574485462267241";"0,3215452466514211";"0,2654197974518131";"False";"BATANG TUBUH";"PASAL 38"
"19";"Bagian Ketiga";"266,08";"346,096";"484,18399999999997";"496,18399999999997";"612,2";"Helvetica-Bold";"12,0";"306,08799999999997";"306,1";"1,96014374388391e-05";"0,4346292061417837";"0,13070238484155508";"False";"BATANG TUBUH";"BAGIAN KETIGA"
"19";"Pendataan Penduduk Rentan Administrasi Kependudukan";"140,05";"471,9340000000001";"503,78399999999993";"515,7839999999999";"612,2";"Helvetica-Bold";"12,0";"305,9920000000001";"306,1";"0,0001764129369486234";"0,22876510944135903";"0,5421169552433845";"False";"BATANG TUBUH";"BAGIAN KETIGA"
"19";"Pasal 39";"282,1";"329,97200000000004";"543,0039999999999";"555,0039999999999";"612,2";"Helvetica-Bold";"12,0";"306,03600000000006";"306,1";"0,00010454099967325143";"0,460797125122509";"0,07819666775563543";"False";"BATANG TUBUH";"PASAL 39"
"19";"(1) Dinas wajib melakukan pendataan Penduduk Rentan";"169,85";"541,252";"582,604";"594,604";"612,2";"Helvetica";"12,0";"355,551";"306,1";"0,08077589023195028";"0,27744201241424366";"0,6066677556354131";"False";"BATANG TUBUH";"PASAL 39"
"19";"Administrasi Kependudukan yang meliputi:";"196,85";"423,45799999999997";"601,204";"613,204";"612,2";"Helvetica";"12,0";"310,154";"306,1";"0,006622018948056147";"0,3215452466514211";"0,3701535445932701";"False";"BATANG TUBUH";"PASAL 39"
"19";"a. penduduk korban bencana alam;";"196,85";"389,33599999999996";"620,804";"632,804";"612,2";"Helvetica";"12,0";"293,09299999999996";"306,1";"0,021246324730480333";"0,3215452466514211";"0,3144168572361972";"False";"BATANG TUBUH";"PASAL 39"
"19";"b. penduduk korban bencana sosial;";"196,85";"394,13599999999997";"640,404";"652,404";"612,2";"Helvetica";"12,0";"295,493";"306,1";"0,017326037242731178";"0,3215452466514211";"0,32225743221169545";"False";"BATANG TUBUH";"PASAL 39"
"19";"c. orang terlantar; dan";"196,85";"319,46000000000004";"660,0039999999999";"672,004";"612,2";"Helvetica";"12,000000000000028";"258,15500000000003";"306,1";"0,07831590983338776";"0,3215452466514211";"0,2002776870303823";"False";"BATANG TUBUH";"PASAL 39"
"19";"d. komunitas terpencil.";"196,85";"321,356";"679,634";"691,634";"612,2";"Helvetica";"12,0";"259,103";"306,1";"0,0767673962757269";"0,3215452466514211";"0,20337471414570402";"False";"BATANG TUBUH";"PASAL 39"
"19";"(2) Pendataan Penduduk Rentan Administrasi Kependudukan";"169,85";"541,028";"699,434";"711,434";"612,2";"Helvetica";"12,0";"355,439";"306,1";"0,08059294348252205";"0,27744201241424366";"0,6063018621365567";"False";"BATANG TUBUH";"PASAL 39"
"19";"sebagaimana dimaksud pada ayat (1) huruf a dan huruf b dapat";"196,85";"541,108";"718,034";"730,034";"612,2";"Helvetica";"12,0";"368,979";"306,1";"0,1027098987259065";"0,3215452466514211";"0,5623293041489708";"False";"BATANG TUBUH";"PASAL 39"
"19";"dilakukan di tempat sementara.";"196,85";"363,26599999999996";"736,634";"748,634";"612,2";"Helvetica";"12,0";"280,058";"306,1";"0,04253838614831759";"0,3215452466514211";"0,27183273440052264";"False";"BATANG TUBUH";"PASAL 39"
"19";"(3) Hasil pendataan sebagaimana dimaksud pada ayat (2)";"169,85";"540,8420000000001";"756,2339999999999";"768,2339999999999";"612,2";"Helvetica";"12,0";"355,34600000000006";"306,1";"0,08044103234237183";"0,27744201241424366";"0,6059980398562562";"False";"BATANG TUBUH";"PASAL 39"
"19";"digunakan sebagai dasar penerbitan Surat Keterangan";"196,85";"540,9140000000002";"774,834";"786,834";"612,2";"Helvetica";"12,0";"368,8820000000001";"306,1";"0,10255145377327686";"0,3215452466514211";"0,5620124142437115";"False";"BATANG TUBUH";"PASAL 39"
"19";"Kependudukan untuk Penduduk Rentan Administrasi";"196,85";"541,102";"793,454";"805,454";"612,2";"Helvetica";"12,0";"368,976";"306,1";"0,10270499836654684";"0,3215452466514211";"0,5623195034302514";"False";"BATANG TUBUH";"PASAL 39"
"19";"Kependudukan.";"196,85";"280,76599999999996";"812,059";"824,059";"612,2";"Helvetica";"12,0";"238,808";"306,1";"0,10991832734400526";"0,3215452466514211";"0,1370728520091473";"False";"BATANG TUBUH";"PASAL 39"
"20";"20";"300,1";"312,1";"44,19200000000001";"56,19200000000001";"612,2";"Times New Roman,Bold";"12,0";"306,1";"306,1";"0,0";"0,49019928128062723";"0,019601437438745508";"False";"HALAMAN";""
"20";"Bagian Keempat";"259,08";"352,82399999999996";"80,904";"92,904";"612,2";"Helvetica-Bold";"12,0";"305,952";"306,1";"0,00024175106174456802";"0,4231950343025155";"0,15312642927147985";"False";"BATANG TUBUH";"BAGIAN KEEMPAT"
"20";"Pelaporan Penduduk yang Tidak Mampu Mendaftarkan Sendiri";"127,85";"484,002";"99,70400000000006";"111,70400000000006";"612,2";"Helvetica-Bold";"12,0";"305,926";"306,1";"0,00028422084286186707";"0,2088369813786344";"0,5817575955570076";"False";"BATANG TUBUH";"BAGIAN KEEMPAT"
"20";"Pasal 40";"280,3";"331,572";"137,30399999999997";"149,30399999999997";"612,2";"Helvetica-Bold";"12,0";"305,93600000000004";"306,1";"0,00026788631166283443";"0,45785690950669716";"0,08375040836327996";"False";"BATANG TUBUH";"PASAL 40"
"20";"(1) Penduduk yang tidak mampu melaksanakan sendiri pelaporan";"169,85";"540,9380000000002";"175,33400000000006";"187,33400000000006";"612,2";"Helvetica";"12,0";"355,3940000000001";"306,1";"0,0805194380921269";"0,27744201241424366";"0,6061548513557664";"False";"BATANG TUBUH";"PASAL 40"
"20";"terhadap Peristiwa Kependudukan yang menyangkut dirinya";"196,85";"540,8900000000002";"193,13400000000001";"205,13400000000001";"612,2";"Helvetica";"12,0";"368,8700000000001";"306,1";"0,10253185233583811";"0,3215452466514211";"0,5619732113688339";"False";"BATANG TUBUH";"PASAL 40"
"20";"sendiri dapat dibantu oleh Dinas atau meminta bantuan kepada";"196,85";"541,058";"210,93399999999997";"222,93399999999997";"612,2";"Helvetica";"12,0";"368,954";"306,1";"0,10266906239790914";"0,3215452466514211";"0,5622476314929761";"False";"BATANG TUBUH";"PASAL 40"
"20";"orang lain.";"196,85";"252,734";"228,73400000000004";"240,73400000000004";"612,2";"Helvetica";"12,0";"224,792";"306,1";"0,13281280627246";"0,3215452466514211";"0,09128389415223785";"False";"BATANG TUBUH";"PASAL 40"
"20";"(2) Penduduk sebagaimana dimaksud pada ayat (1) adalah";"169,85";"541,186";"247,534";"259,534";"612,2";"Helvetica";"12,0";"355,51800000000003";"306,1";"0,0807219862789938";"0,27744201241424366";"0,6065599477295002";"False";"BATANG TUBUH";"PASAL 40"
"20";"penduduk yang tidak mampu karena faktor umur, sakit keras,";"196,85";"540,9260000000002";"265,33400000000006";"277,33400000000006";"612,2";"Helvetica";"12,0";"368,8880000000001";"306,1";"0,10256125449199618";"0,3215452466514211";"0,5620320156811501";"False";"BATANG TUBUH";"PASAL 40"
"20";"cacat fisik atau cacat mental.";"196,85";"350,642";"283,134";"295,134";"612,2";"Helvetica";"12,0";"273,746";"306,1";"0,05284874224109774";"0,3215452466514211";"0,2512120222149624";"False";"BATANG TUBUH";"PASAL 40"
"20";"(3) Orang lain sebagaimana dimaksud pada ayat (1) adalah";"169,85";"540,9140000000002";"301,95400000000006";"313,95400000000006";"612,2";"Helvetica";"12,0";"355,3820000000001";"306,1";"0,08049983665468816";"0,27744201241424366";"0,6061156484808888";"False";"BATANG TUBUH";"PASAL 40"
"20";"keluarganya atau orang yang diberi kuasa.";"196,85";"423,666";"319,95400000000006";"331,95400000000006";"612,2";"Helvetica";"12,0";"310,258";"306,1";"0,006791898072525251";"0,3215452466514211";"0,3704933028422084";"False";"BATANG TUBUH";"PASAL 40"
"20";"BAB V";"287,3";"324,47600000000006";"357,35400000000004";"369,35400000000004";"612,2";"Helvetica-Bold";"12,0";"305,88800000000003";"306,1";"0,00034629206141781945";"0,46929108134596537";"0,060725253185233655";"True";"BATANG TUBUH";"BAB V"
"20";"PENERBITAN DOKUMEN KEPENDUDUKAN";"181,85";"430,22599999999983";"376,154";"388,154";"612,2";"Helvetica-Bold";"12,0";"306,0379999999999";"306,1";"0,00010127409343372347";"0,2970434498529892";"0,40571055210715423";"True";"BATANG TUBUH";"BAB V"
"20";"BAGI PETUGAS RAHASIA KHUSUS";"204,27";"407,48800000000006";"394,95400000000006";"406,95400000000006";"612,2";"Helvetica-Bold";"12,0";"305,879";"306,1";"0,00036099313949690236";"0,3336654688010454";"0,33194707611891544";"True";"BATANG TUBUH";"BAB V"
"20";"Bagian Pertama";"260,67";"351,35600000000005";"413,75399999999996";"425,75399999999996";"612,2";"Helvetica-Bold";"12,0";"306,01300000000003";"306,1";"0,0001421104214308871";"0,4257922247631493";"0,14813132963083964";"False";"BATANG TUBUH";"BAB V"
"20";"Persyaratan dan Tata Cara Penerbitan";"197,65";"414,368";"432,58399999999995";"444,58399999999995";"612,2";"Helvetica-Bold";"12,0";"306,009";"306,1";"0,00014864423391050012";"0,32285200914733747";"0,35399869323750405";"False";"BATANG TUBUH";"BAB V"
"20";"KTP Khusus";"270,27";"341,752";"451,38399999999996";"463,38399999999996";"612,2";"Helvetica-Bold";"12,0";"306,01099999999997";"306,1";"0,00014537732767078647";"0,44147337471414566";"0,11676249591636724";"False";"BATANG TUBUH";"BAB V"
"20";"Pasal 41";"282,1";"329,97200000000004";"489,18399999999997";"501,18399999999997";"612,2";"Helvetica-Bold";"12,0";"306,03600000000006";"306,1";"0,00010454099967325143";"0,460797125122509";"0,07819666775563543";"False";"BATANG TUBUH";"PASAL 41"
"20";"(1) Petugas Rahasia Khusus diberikan Kartu Tanda Penduduk";"169,85";"541,056";"526,9839999999999";"538,9839999999999";"612,2";"Helvetica";"12,0";"355,45300000000003";"306,1";"0,08061581182620059";"0,27744201241424366";"0,6063475988239138";"False";"BATANG TUBUH";"PASAL 41"
"20";"Khusus untuk memberikan perlindungan dan menjamin";"196,85";"540,97";"544,804";"556,804";"612,2";"Helvetica";"12,0";"368,91";"306,1";"0,10259719046063377";"0,3215452466514211";"0,5621038876184253";"False";"BATANG TUBUH";"PASAL 41"
"20";"kerahasiaan identitas selama menjalankan tugas rahasia.";"196,85";"505,68600000000004";"562,604";"574,604";"612,2";"Helvetica";"12,0";"351,26800000000003";"306,1";"0,07377981051943809";"0,3215452466514211";"0,5044691277360339";"False";"BATANG TUBUH";"PASAL 41"
"20";"(2) Kartu Tanda Penduduk Khusus sebagaimana dimaksud pada";"169,85";"541,114";"581,404";"593,404";"612,2";"Helvetica";"12,0";"355,482";"306,1";"0,08066318196667756";"0,27744201241424366";"0,6064423391048677";"False";"BATANG TUBUH";"PASAL 41"
"20";"ayat (1) diterbitkan dengan menggunakan spesifikasi yang";"196,85";"541,206";"599,204";"611,204";"612,2";"Helvetica";"12,0";"369,028";"306,1";"0,10278993792878144";"0,3215452466514211";"0,5624893825547206";"False";"BATANG TUBUH";"PASAL 41"
"20";"sama dengan spesifikasi Kartu Tanda Penduduk Nasional.";"196,85";"508,286";"617,0039999999999";"629,0039999999999";"612,2";"Helvetica";"12,0";"352,568";"306,1";"0,07590329957530212";"0,3215452466514211";"0,5087161058477622";"False";"BATANG TUBUH";"PASAL 41"
"20";"(3) Penerbitan Kartu Tanda Penduduk Khusus sebagaimana";"169,85";"541,146";"636,0039999999999";"648,0039999999999";"612,2";"Helvetica";"12,0";"355,498";"306,1";"0,08068931721659582";"0,27744201241424366";"0,6064946096047042";"False";"BATANG TUBUH";"PASAL 41"
"20";"dimaksud pada ayat (2) tidak diperlukan pencatatan biodata";"196,85";"541,154";"653,804";"665,804";"612,2";"Helvetica";"12,000000000000028";"369,002";"306,1";"0,10274746814766414";"0,3215452466514211";"0,562404442992486";"False";"BATANG TUBUH";"PASAL 41"
"20";"penduduk dan KK dari Petugas Rahasia Khusus.";"196,85";"456,87";"671,634";"683,634";"612,2";"Helvetica";"12,0";"326,86";"306,1";"0,03391048676902971";"0,3215452466514211";"0,4247304802352172";"False";"BATANG TUBUH";"PASAL 41"
"20";"Pasal 42";"282,1";"329,97200000000004";"709,034";"721,034";"612,2";"Helvetica-Bold";"12,0";"306,03600000000006";"306,1";"0,00010454099967325143";"0,460797125122509";"0,07819666775563543";"False";"BATANG TUBUH";"PASAL 42"
"20";"(1) Kepala/Pimpinan lembaga mengajukan surat permintaan Kartu";"169,85";"541,2520000000001";"746,834";"758,834";"612,2";"Helvetica";"12,0";"355,55100000000004";"306,1";"0,08077589023195038";"0,27744201241424366";"0,6066677556354133";"False";"BATANG TUBUH";"PASAL 42"
"20";"Tanda Penduduk Khusus sebagaimana dimaksud dalam";"196,85";"541,2819999999999";"764,634";"776,634";"612,2";"Helvetica";"12,0";"369,066";"306,1";"0,10285200914733739";"0,3215452466514211";"0,5626135249918325";"False";"BATANG TUBUH";"PASAL 42"
"20";"Pasal 41 kepada Kepala Dinas.";"196,85";"364,25600000000003";"782,434";"794,434";"612,2";"Helvetica";"11,999999999999986";"280,553";"306,1";"0,04172982685396933";"0,3215452466514211";"0,27344985298921926";"False";"BATANG TUBUH";"PASAL 42"
"20";"(2) Surat permintaan sebagaimana dimakud pada ayat (1) diajukan";"169,85";"541,146";"801,454";"813,454";"612,2";"Helvetica";"12,0";"355,498";"306,1";"0,08068931721659582";"0,27744201241424366";"0,6064946096047042";"False";"BATANG TUBUH";"PASAL 42"
"20";"kepada Kepala Dinas.";"196,85";"314,036";"819,259";"831,259";"612,2";"Helvetica";"12,0";"255,44299999999998";"306,1";"0,08274583469454433";"0,3215452466514211";"0,19141783730806924";"False";"BATANG TUBUH";"PASAL 42"
"21";"21";"300,1";"312,1";"44,19200000000001";"56,19200000000001";"612,2";"Times New Roman,Bold";"12,0";"306,1";"306,1";"0,0";"0,49019928128062723";"0,019601437438745508";"False";"HALAMAN";""
"21";"(3) Dalam surat permintaan sebagaimana dimaksud pada ayat (2)";"169,85";"541,1659999999999";"81,10400000000004";"93,10400000000004";"612,2";"Helvetica";"12,0";"355,508";"306,1";"0,08070565174779476";"0,27744201241424366";"0,6065272786671021";"False";"BATANG TUBUH";"PASAL 42"
"21";"disertai informasi identitas petugas Rahasia Khusus yang";"196,85";"540,8420000000002";"98,30399999999997";"110,30399999999997";"612,2";"Helvetica";"12,0";"368,8460000000001";"306,1";"0,10249264946096062";"0,3215452466514211";"0,561894805619079";"False";"BATANG TUBUH";"PASAL 42"
"21";"dikehendaki dan jangka waktu penugasan.";"196,85";"423,45799999999997";"115,50400000000002";"127,50400000000002";"612,2";"Helvetica";"12,0";"310,154";"306,1";"0,006622018948056147";"0,3215452466514211";"0,3701535445932701";"False";"BATANG TUBUH";"PASAL 42"
"21";"Pasal 43";"282,1";"329,97200000000004";"151,904";"163,904";"612,2";"Helvetica-Bold";"12,0";"306,03600000000006";"306,1";"0,00010454099967325143";"0,460797125122509";"0,07819666775563543";"False";"BATANG TUBUH";"PASAL 43"
"21";"(1) Berdasarkan surat permintaan sebagaimana dimaksud dalam";"169,85";"541,3639999999999";"188,534";"200,534";"612,2";"Helvetica";"12,0";"355,60699999999997";"306,1";"0,0808673636066644";"0,27744201241424366";"0,6068507023848413";"False";"BATANG TUBUH";"PASAL 43"
"21";"Pasal 42, Dinas menerbitkan Kartu Tanda Penduduk Khusus.";"196,85";"523,716";"205,93399999999997";"217,93399999999997";"612,2";"Helvetica";"12,0";"360,283";"306,1";"0,08850539039529563";"0,3215452466514211";"0,533920287487749";"False";"BATANG TUBUH";"PASAL 43"
"21";"(2) Kartu Tanda Penduduk Khusus sebagaimana dimaksud pada";"169,85";"540,9380000000001";"224,13400000000001";"236,13400000000001";"612,2";"Helvetica";"12,0";"355,39400000000006";"306,1";"0,08051943809212682";"0,27744201241424366";"0,6061548513557662";"False";"BATANG TUBUH";"PASAL 43"
"21";"ayat (1) diterbitkan paling lambat 6 (enam) hari kerja sejak surat";"196,85";"540,998";"241,33400000000006";"253,33400000000006";"612,2";"Helvetica";"12,0";"368,92400000000004";"306,1";"0,10262005880431233";"0,3215452466514211";"0,5621496243057824";"False";"BATANG TUBUH";"PASAL 43"
"21";"permintaan sebagaimana dimaksud dalam Pasal 42 diterima";"196,85";"541,186";"258,534";"270,534";"612,2";"Helvetica";"12,0";"369,01800000000003";"306,1";"0,10277360339758249";"0,3215452466514211";"0,5624567134923227";"False";"BATANG TUBUH";"PASAL 43"
"21";"oleh Kepala Dinas.";"196,85";"297,43600000000004";"275,93399999999997";"287,93399999999997";"612,2";"Helvetica";"12,0";"247,14300000000003";"306,1";"0,09630349558967656";"0,3215452466514211";"0,1643025155178047";"False";"BATANG TUBUH";"PASAL 43"
"21";"(3) Penerbitan Kartu tanda Penduduk Khusus sebagaimana";"169,85";"540,9500000000002";"294,134";"306,134";"612,2";"Helvetica";"12,0";"355,4000000000001";"306,1";"0,08052923881084624";"0,27744201241424366";"0,606174452793205";"False";"BATANG TUBUH";"PASAL 43"
"21";"dimaksud pada ayat (1) dilakukan tanpa dipungut biaya.";"196,85";"494,286";"311,35400000000004";"323,35400000000004";"612,2";"Helvetica";"12,0";"345,568";"306,1";"0,0644691277360339";"0,3215452466514211";"0,48584776216922576";"False";"BATANG TUBUH";"PASAL 43"
"21";"(4) Kartu Tanda Penduduk Khusus sebagaimana dimaksud pada";"169,85";"540,9380000000001";"329,554";"341,554";"612,2";"Helvetica";"12,0";"355,39400000000006";"306,1";"0,08051943809212682";"0,27744201241424366";"0,6061548513557662";"False";"BATANG TUBUH";"PASAL 43"
"21";"ayat (2) berlaku selama 5 (lima) tahun.";"196,85";"402,188";"346,95400000000006";"358,95400000000006";"612,2";"Helvetica";"12,0";"299,519";"306,1";"0,010749754982032043";"0,3215452466514211";"0,33540999673309374";"False";"BATANG TUBUH";"PASAL 43"
"21";"Bagian Kedua";"266,08";"346,096";"383,154";"395,154";"612,2";"Helvetica-Bold";"12,0";"306,08799999999997";"306,1";"1,96014374388391e-05";"0,4346292061417837";"0,13070238484155508";"False";"BATANG TUBUH";"BAGIAN KEDUA"
"21";"Penyimpanan Data Petugas Rahasia Khusus dan";"166,65";"445,454";"401,35400000000004";"413,354";"612,2";"Helvetica-Bold";"11,999999999999943";"306,052";"306,1";"7,8405749754985e-05";"0,27221496243057824";"0,4554132636393335";"False";"BATANG TUBUH";"BAGIAN KEDUA"
"21";"Pengembalian serta Pencabutan KTP Khusus";"176,25";"435,78200000000004";"419,75399999999996";"431,75399999999996";"612,2";"Helvetica-Bold";"12,0";"306,016";"306,1";"0,00013721006207122375";"0,28789611238157464";"0,4239333551127083";"False";"BATANG TUBUH";"BAGIAN KEDUA"
"21";"Pasal 44";"282,1";"329,97200000000004";"456,18399999999997";"468,18399999999997";"612,2";"Helvetica-Bold";"12,0";"306,03600000000006";"306,1";"0,00010454099967325143";"0,460797125122509";"0,07819666775563543";"False";"BATANG TUBUH";"PASAL 44"
"21";"(1) Data petugas rahasia Khusus direkam dan disimpan dalam";"169,85";"541,024";"492,984";"504,984";"612,2";"Helvetica";"12,0";"355,437";"306,1";"0,08058967657628224";"0,27744201241424366";"0,6062953283240771";"False";"BATANG TUBUH";"PASAL 44"
"21";"Registrasi Khusus di Daerah.";"196,85";"355,43600000000004";"510,18399999999997";"522,184";"612,2";"Helvetica";"12,0";"276,14300000000003";"306,1";"0,04893335511270825";"0,3215452466514211";"0,25904279647174133";"False";"BATANG TUBUH";"PASAL 44"
"21";"(2) Data Petugas Rahasia Khusus sebagaimana dimaksud pada";"169,85";"541,178";"528,384";"540,384";"612,2";"Helvetica";"12,0";"355,514";"306,1";"0,08071545246651418";"0,27744201241424366";"0,6065468801045409";"False";"BATANG TUBUH";"PASAL 44"
"21";"ayat (1) harus dijaga keamanan dan dilindungi kerahasiaannya";"196,85";"541,2520000000001";"545,604";"557,604";"612,2";"Helvetica";"12,0";"369,05100000000004";"306,1";"0,10282750735053907";"0,3215452466514211";"0,5625645213982359";"False";"BATANG TUBUH";"PASAL 44"
"21";"oleh Kepala Dinas.";"196,85";"297,43600000000004";"563,0039999999999";"575,0039999999999";"612,2";"Helvetica";"12,0";"247,14300000000003";"306,1";"0,09630349558967656";"0,3215452466514211";"0,1643025155178047";"False";"BATANG TUBUH";"PASAL 44"
"21";"Pasal 45";"282,1";"329,97200000000004";"599,204";"611,204";"612,2";"Helvetica-Bold";"12,0";"306,03600000000006";"306,1";"0,00010454099967325143";"0,460797125122509";"0,07819666775563543";"False";"BATANG TUBUH";"PASAL 45"
"21";"(1) Petugas Rahasia Khusus yang tidak lagi menjadi petugas";"169,85";"540,8300000000002";"636,0039999999999";"648,0039999999999";"612,2";"Helvetica";"12,0";"355,3400000000001";"306,1";"0,0804312316236525";"0,27744201241424366";"0,6059784384188176";"False";"BATANG TUBUH";"PASAL 45"
"21";"Rahasia Khusus sebelum berakhirnya masa berlaku Kartu";"196,85";"541,146";"653,204";"665,204";"612,2";"Helvetica";"12,0";"368,998";"306,1";"0,10274093433518453";"0,3215452466514211";"0,5623913753675268";"False";"BATANG TUBUH";"PASAL 45"
"21";"Tanda Penduduk Khusus sebagaimana dimaksud dalam Pasal";"196,85";"541,1899999999999";"670,434";"682,434";"612,2";"Helvetica";"12,0";"369,02";"306,1";"0,10277687030382221";"0,3215452466514211";"0,5624632473048021";"False";"BATANG TUBUH";"PASAL 45"
"21";"43 ayat (4), Petugas Rahasia khusus wajib menyerahkan Kartu";"196,85";"541,2520000000001";"687,634";"699,634";"612,2";"Helvetica";"12,0";"369,05100000000004";"306,1";"0,10282750735053907";"0,3215452466514211";"0,5625645213982359";"False";"BATANG TUBUH";"PASAL 45"
"21";"Tanda Penduduk Khusus kepada Kepala/Pimpinan Lembaga.";"196,85";"525,116";"704,834";"716,834";"612,2";"Helvetica";"12,0";"360,983";"306,1";"0,08964880757922244";"0,3215452466514211";"0,5362071218556026";"False";"BATANG TUBUH";"PASAL 45"
"21";"(2) Kepala/Pimpinan lembaga sebagaimana dimaksud pada ayat (1)";"169,85";"541,0219999999999";"723,2339999999999";"735,2339999999999";"612,2";"Helvetica";"12,0";"355,436";"306,1";"0,08058804312316228";"0,27744201241424366";"0,6062920614178371";"False";"BATANG TUBUH";"PASAL 45"
"21";"wajib mengembalikan Kartu tanda Penduduk Khusus kepada";"196,85";"540,9380000000002";"740,434";"752,434";"612,2";"Helvetica";"12,0";"368,8940000000001";"306,1";"0,1025710552107156";"0,3215452466514211";"0,562051617118589";"False";"BATANG TUBUH";"PASAL 45"
"21";"Kepala Dinas.";"196,85";"271,416";"757,634";"769,634";"612,2";"Helvetica";"12,0";"234,13299999999998";"306,1";"0,11755472067951656";"0,3215452466514211";"0,12180006533812479";"False";"BATANG TUBUH";"PASAL 45"
"21";"(3) Kartu Tanda Penduduk Khusus yang dikembalikan";"169,85";"541,024";"775,834";"787,834";"612,2";"Helvetica";"12,0";"355,437";"306,1";"0,08058967657628224";"0,27744201241424366";"0,6062953283240771";"False";"BATANG TUBUH";"PASAL 45"
"21";"sebagaimana dimaksud pada ayat (2) wajib dimusnahkan oleh";"196,85";"541,02";"793,264";"805,264";"612,2";"Helvetica";"11,999999999999986";"368,935";"306,1";"0,10263802678863113";"0,3215452466514211";"0,56218556027442";"False";"BATANG TUBUH";"PASAL 45"
"21";"Kepala Dinas.";"196,85";"271,416";"810,454";"822,454";"612,2";"Helvetica";"12,0";"234,13299999999998";"306,1";"0,11755472067951656";"0,3215452466514211";"0,12180006533812479";"False";"BATANG TUBUH";"PASAL 45"
"22";"22";"300,1";"312,1";"44,19200000000001";"56,19200000000001";"612,2";"Times New Roman,Bold";"12,0";"306,1";"306,1";"0,0";"0,49019928128062723";"0,019601437438745508";"False";"HALAMAN";""
"22";"Pasal 46";"282,1";"329,97200000000004";"80,904";"92,904";"612,2";"Helvetica-Bold";"12,0";"306,03600000000006";"306,1";"0,00010454099967325143";"0,460797125122509";"0,07819666775563543";"False";"BATANG TUBUH";"PASAL 46"
"22";"(1) Dinas berwenang mencabut Kartu Tanda Penduduk Khusus apa";"169,85";"540,9840000000002";"117,50400000000002";"129,50400000000002";"612,2";"Helvetica";"12,0";"355,4170000000001";"306,1";"0,08055700751388445";"0,27744201241424366";"0,6062299901992815";"False";"BATANG TUBUH";"PASAL 46"
"22";"bila Kartu Tanda Penduduk Khusus tidak dikembalikan sejak";"196,85";"540,8540000000002";"134,904";"146,904";"612,2";"Helvetica";"12,0";"368,8520000000001";"306,1";"0,10250245017967995";"0,3215452466514211";"0,5619144070565176";"False";"BATANG TUBUH";"PASAL 46"
"22";"saat berakhirnya masa tugas Petugas Rahasia Khusus";"196,85";"540,934";"152,10400000000004";"164,10400000000004";"612,2";"Helvetica";"12,0";"368,892";"306,1";"0,1025677883044756";"0,3215452466514211";"0,562045083306109";"False";"BATANG TUBUH";"PASAL 46"
"22";"sebagaimana dimaksud dalam Pasal 45 ayat (1).";"196,85";"460,286";"169,30399999999997";"181,30399999999997";"612,2";"Helvetica";"12,0";"328,568";"306,1";"0,0367004246978111";"0,3215452466514211";"0,4303103560927802";"False";"BATANG TUBUH";"PASAL 46"
"22";"(2) Dalam hal Kartu Tanda Penduduk Khusus berakhir masa";"169,85";"541,202";"187,534";"199,534";"612,2";"Helvetica";"12,0";"355,526";"306,1";"0,08073505390395293";"0,27744201241424366";"0,6065860829794184";"False";"BATANG TUBUH";"PASAL 46"
"22";"berlakunya sebelum masa tugas berakhir tidak diberitahukan";"196,85";"541,11";"204,93399999999997";"216,93399999999997";"612,2";"Helvetica";"12,0";"368,98";"306,1";"0,10271153217902644";"0,3215452466514211";"0,5623325710552106";"False";"BATANG TUBUH";"PASAL 46"
"22";"kepada Dinas, maka Dinas berwenang mencabut.";"196,85";"462,286";"222,13400000000001";"234,13400000000001";"612,2";"Helvetica";"12,0";"329,568";"306,1";"0,038333877817706564";"0,3215452466514211";"0,4335772623325711";"False";"BATANG TUBUH";"PASAL 46"
"22";"(3) Dalam hal masa tugas diperpanjang, Dinas berkewajiban";"169,85";"541,186";"240,33400000000006";"252,33400000000006";"612,2";"Helvetica";"12,0";"355,51800000000003";"306,1";"0,0807219862789938";"0,27744201241424366";"0,6065599477295002";"False";"BATANG TUBUH";"PASAL 46"
"22";"memperpanjang dan menerbitkan Kartu Tanda Penduduk";"196,85";"541,1379999999999";"257,534";"269,534";"612,2";"Helvetica";"12,0";"368,99399999999997";"306,1";"0,10273440052270491";"0,3215452466514211";"0,5623783077425676";"False";"BATANG TUBUH";"PASAL 46"
"22";"Khusus sebagai pengganti Kartu Tanda Penduduk Khusus";"196,85";"540,8660000000002";"274,93399999999997";"286,93399999999997";"612,2";"Helvetica";"12,0";"368,8580000000001";"306,1";"0,10251225089839937";"0,3215452466514211";"0,5619340084939565";"False";"BATANG TUBUH";"PASAL 46"
"22";"yang telah dicabut.";"196,85";"297,28999999999996";"292,134";"304,134";"612,2";"Helvetica";"12,0";"247,07";"306,1";"0,09642273766742898";"0,3215452466514211";"0,16406403136229983";"False";"BATANG TUBUH";"PASAL 46"
"22";"BAB VI";"285,7";"326,212";"328,35400000000004";"340,35400000000004";"612,2";"Helvetica-Bold";"12,0";"305,956";"306,1";"0,000235217249264955";"0,4666775563541326";"0,06617445279320483";"True";"BATANG TUBUH";"BAB VI"
"22";"HAK AKSES DATA DAN DOKUMEN KEPENDUDUKAN";"152,25";"459,382";"346,754";"358,754";"612,2";"Helvetica-Bold";"12,0";"305,81600000000003";"306,1";"0,000463900686050297";"0,24869323750408362";"0,5016857236197321";"True";"BATANG TUBUH";"BAB VI"
"22";"Pasal 47";"282,1";"329,97200000000004";"383,154";"395,154";"612,2";"Helvetica-Bold";"12,0";"306,03600000000006";"306,1";"0,00010454099967325143";"0,460797125122509";"0,07819666775563543";"False";"BATANG TUBUH";"PASAL 47"
"22";"(1) Hak Akses diberikan oleh Menteri kepada petugas yang";"169,85";"541,178";"419,984";"431,984";"612,2";"Helvetica";"12,0";"355,514";"306,1";"0,08071545246651418";"0,27744201241424366";"0,6065468801045409";"False";"BATANG TUBUH";"PASAL 47"
"22";"memenuhi persyaratan sesuai ketentuan peraturan perundang-";"196,85";"540,966";"437,18399999999997";"449,18399999999997";"612,2";"Helvetica";"12,0";"368,908";"306,1";"0,10259392355439396";"0,3215452466514211";"0,5620973538059457";"False";"BATANG TUBUH";"PASAL 47"
"22";"undangan yang berlaku.";"196,85";"325,636";"454,38399999999996";"466,38399999999996";"612,2";"Helvetica";"12,0";"261,243";"306,1";"0,07327180659915064";"0,3215452466514211";"0,21036589349885662";"False";"BATANG TUBUH";"PASAL 47"
"22";"(2) Petugas sebagaimana dimaksud pada ayat (1) adalah Pegawai";"169,85";"541,202";"472,58399999999995";"484,58399999999995";"612,2";"Helvetica";"12,0";"355,526";"306,1";"0,08073505390395293";"0,27744201241424366";"0,6065860829794184";"False";"BATANG TUBUH";"PASAL 47"
"22";"Negeri Sipil dan/atau Pejabat yang ditunjuk pada Dinas.";"196,85";"497,086";"489,984";"501,984";"612,2";"Helvetica";"12,0";"346,968";"306,1";"0,06675596210388761";"0,3215452466514211";"0,49042143090493295";"False";"BATANG TUBUH";"PASAL 47"
"22";"Pasal 48";"282,1";"329,97200000000004";"526,184";"538,184";"612,2";"Helvetica-Bold";"12,0";"306,03600000000006";"306,1";"0,00010454099967325143";"0,460797125122509";"0,07819666775563543";"False";"BATANG TUBUH";"PASAL 48"
"22";"(1) Petugas sebagaimana dimaksud dalam Pasal 47 yang diberikan";"169,85";"541,178";"563,0039999999999";"575,0039999999999";"612,2";"Helvetica";"12,0";"355,514";"306,1";"0,08071545246651418";"0,27744201241424366";"0,6065468801045409";"False";"BATANG TUBUH";"PASAL 48"
"22";"Hak Akses adalah Pegawai Negeri Sipil yang memenuhi";"196,85";"541,146";"580,204";"592,204";"612,2";"Helvetica";"12,0";"368,998";"306,1";"0,10274093433518453";"0,3215452466514211";"0,5623913753675268";"False";"BATANG TUBUH";"PASAL 48"
"22";"persyaratan:";"196,85";"263,416";"597,404";"609,404";"612,2";"Helvetica";"12,0";"230,13299999999998";"306,1";"0,12408853315909839";"0,3215452466514211";"0,10873244037896113";"False";"BATANG TUBUH";"PASAL 48"
"22";"a. pada penyelenggara tingkat Daerah, memiliki pangkat atau";"196,85";"541,0939999999999";"615,604";"627,604";"612,2";"Helvetica";"12,0";"368,972";"306,1";"0,10269846455406723";"0,3215452466514211";"0,5623064358052922";"False";"BATANG TUBUH";"PASAL 48"
"22";"golongan paling rendah Pengatur Tingkat I ( II/d);";"214,88";"483,086";"633,0039999999999";"645,0039999999999";"612,2";"Helvetica";"12,0";"348,983";"306,1";"0,07004737014047693";"0,3509964064031362";"0,43810192747468146";"False";"BATANG TUBUH";"PASAL 48"
"22";"b. pada Dinas memiliki pangkat/golongan paling rendah";"196,85";"541,146";"651,204";"663,204";"612,2";"Helvetica";"12,0";"368,998";"306,1";"0,10274093433518453";"0,3215452466514211";"0,5623913753675268";"False";"BATANG TUBUH";"PASAL 48"
"22";"Pengatur (II/c);";"214,88";"294,172";"668,434";"680,434";"612,2";"Helvetica";"12,0";"254,526";"306,1";"0,08424371120548842";"0,3509964064031362";"0,12951976478275076";"False";"BATANG TUBUH";"PASAL 48"
"22";"c. memiliki daftar Penilaian Pelaksana Pekerjaan (DP3) dengan";"196,85";"541,106";"686,634";"698,634";"612,2";"Helvetica";"12,0";"368,978";"306,1";"0,10270826527278663";"0,3215452466514211";"0,562326037242731";"False";"BATANG TUBUH";"PASAL 48"
"22";"predikat baik;";"214,88";"286,172";"703,834";"715,834";"612,2";"Helvetica";"12,0";"250,526";"306,1";"0,09077752368507025";"0,3509964064031362";"0,1164521398235871";"False";"BATANG TUBUH";"PASAL 48"
"22";"d. memiliki kompetensi yang cukup dibidang pranata komputer;";"196,85";"540,8080000000001";"722,2339999999999";"734,2339999999999";"612,2";"Helvetica";"12,0";"368,82900000000006";"306,1";"0,1024648807579223";"0,3215452466514211";"0,5618392682130023";"False";"BATANG TUBUH";"PASAL 48"
"22";"dan";"214,88";"234,75199999999998";"739,434";"751,434";"612,2";"Helvetica";"12,0";"224,81599999999997";"306,1";"0,13277360339758257";"0,3509964064031362";"0,032459980398562537";"False";"BATANG TUBUH";"PASAL 48"
"22";"e. memiliki dedikasi dan tanggung jawab terhadap tugasnya.";"196,85";"529,3840000000001";"757,634";"769,634";"612,2";"Helvetica";"12,0";"363,1170000000001";"306,1";"0,09313459653707946";"0,3215452466514211";"0,5431786997713167";"False";"BATANG TUBUH";"PASAL 48"
"22";"(2) Hak Akses petugas sebagaimana dimaksud pada ayat (1) dapat";"169,85";"541,07";"775,834";"787,834";"612,2";"Helvetica";"12,0";"355,46000000000004";"306,1";"0,08062724599803987";"0,27744201241424366";"0,6063704671675922";"False";"BATANG TUBUH";"PASAL 48"
"22";"dicabut karena:";"196,85";"278,81600000000003";"793,264";"805,264";"612,2";"Helvetica";"11,999999999999986";"237,83300000000003";"306,1";"0,11151094413590329";"0,3215452466514211";"0,13388761842535124";"False";"BATANG TUBUH";"PASAL 48"
"22";"a. meninggal dunia;";"196,85";"305,984";"811,454";"823,454";"612,2";"Helvetica";"12,0";"251,41699999999997";"306,1";"0,08932211695524346";"0,3215452466514211";"0,17826527278667098";"False";"BATANG TUBUH";"PASAL 48"
"22";"b. mengundurkan diri;";"196,85";"317,376";"829,659";"841,659";"612,2";"Helvetica";"12,0";"257,113";"306,1";"0,08001796798431889";"0,3215452466514211";"0,19687357072852005";"False";"BATANG TUBUH";"PASAL 48"
"23";"23";"300,1";"312,1";"44,19200000000001";"56,19200000000001";"612,2";"Times New Roman,Bold";"12,0";"306,1";"306,1";"0,0";"0,49019928128062723";"0,019601437438745508";"False";"HALAMAN";""
"23";"c. menderita sakit permanen, sehingga tidak bisa menjalankan";"196,85";"541,0719999999999";"81,10400000000004";"93,10400000000004";"612,2";"Helvetica";"12,0";"368,96099999999996";"306,1";"0,10268049656974833";"0,3215452466514211";"0,5622704998366544";"False";"BATANG TUBUH";"PASAL 48"
"23";"tugasnya;";"214,88";"266,79200000000003";"98,904";"110,904";"612,2";"Helvetica";"12,0";"240,836";"306,1";"0,10660568441685725";"0,3509964064031362";"0,08479581836001311";"False";"BATANG TUBUH";"PASAL 48"
"23";"d. tidak cakap melaksanakan tugas dengan baik; dan/atau";"196,85";"514,406";"117,70400000000006";"129,70400000000006";"612,2";"Helvetica";"12,0";"355,628";"306,1";"0,08090166612218223";"0,3215452466514211";"0,5187128389415222";"False";"BATANG TUBUH";"PASAL 48"
"23";"e. membocorkan data dan dokumen kependudukan.";"196,85";"478,66399999999993";"136,50400000000002";"148,50400000000002";"612,2";"Helvetica";"12,0";"337,75699999999995";"306,1";"0,05171022541653042";"0,3215452466514211";"0,46032995753021877";"False";"BATANG TUBUH";"PASAL 48"
"23";"(3) Pencabutan Hak Akses sebagaimana dimaksud pada ayat (2)";"169,85";"540,952";"155,30399999999997";"167,30399999999997";"612,2";"Helvetica";"12,0";"355,401";"306,1";"0,08053087226396599";"0,27744201241424366";"0,6061777196994446";"False";"BATANG TUBUH";"PASAL 48"
"23";"dilaksanakan sesuai ketentuan peraturan perundang-undangan";"196,85";"541,198";"173,30399999999997";"185,30399999999997";"612,2";"Helvetica";"12,0";"369,024";"306,1";"0,10278340411630182";"0,3215452466514211";"0,5624763149297614";"False";"BATANG TUBUH";"PASAL 48"
"23";"yang berlaku.";"196,85";"268,81600000000003";"191,13400000000001";"203,13400000000001";"612,2";"Helvetica";"12,0";"232,83300000000003";"306,1";"0,11967820973538058";"0,3215452466514211";"0,11755308722639665";"False";"BATANG TUBUH";"PASAL 48"
"23";"Pasal 49";"282,1";"329,97200000000004";"228,534";"240,534";"612,2";"Helvetica-Bold";"12,0";"306,03600000000006";"306,1";"0,00010454099967325143";"0,460797125122509";"0,07819666775563543";"False";"BATANG TUBUH";"PASAL 49"
"23";"(1) Ruang lingkup Hak Akses sebagaimana dimaksud dalam Pasal";"169,85";"541,2099999999999";"266,33400000000006";"278,33400000000006";"612,2";"Helvetica";"12,0";"355,53";"306,1";"0,08074158771643244";"0,27744201241424366";"0,6065991506043774";"False";"BATANG TUBUH";"PASAL 49"
"23";"47 ayat (1) diberikan oleh Menteri kepada petugas";"196,85";"541,118";"284,134";"296,134";"612,2";"Helvetica";"12,0";"368,98400000000004";"306,1";"0,10271806599150606";"0,3215452466514211";"0,5623456386801698";"False";"BATANG TUBUH";"PASAL 49"
"23";"penyelenggara tingkat Daerah dan Dinas meliputi memasukan,";"196,85";"541,014";"301,95400000000006";"313,95400000000006";"612,2";"Helvetica";"12,0";"368,932";"306,1";"0,10263312642927146";"0,3215452466514211";"0,5621757595557006";"False";"BATANG TUBUH";"PASAL 49"
"23";"menyimpan, membaca, mengubah, meralat, dan menghapus";"196,85";"541,142";"319,95400000000006";"331,95400000000006";"612,2";"Helvetica";"12,0";"368,99600000000004";"306,1";"0,1027376674289448";"0,3215452466514211";"0,5623848415550474";"False";"BATANG TUBUH";"PASAL 49"
"23";"serta mencetak data dan mengkopi data dokumen";"196,85";"541,13";"337,754";"349,754";"612,2";"Helvetica";"12,0";"368,99";"306,1";"0,1027278667102254";"0,3215452466514211";"0,5623652401176086";"False";"BATANG TUBUH";"PASAL 49"
"23";"kependudukan.";"196,85";"278,81600000000003";"355,554";"367,554";"612,2";"Helvetica";"12,0";"237,83300000000003";"306,1";"0,11151094413590329";"0,3215452466514211";"0,13388761842535124";"False";"BATANG TUBUH";"PASAL 49"
"23";"(2) Penyelenggara Daerah dalam memasukkan, menyimpan,";"169,85";"540,9079999999999";"374,35400000000004";"386,35400000000004";"612,2";"Helvetica";"12,0";"355,37899999999996";"306,1";"0,08049493629532822";"0,27744201241424366";"0,606105847762169";"False";"BATANG TUBUH";"PASAL 49"
"23";"mengubah, meralat dan menghapus serta mencetak data,";"196,85";"541,01";"392,154";"404,154";"612,2";"Helvetica";"12,0";"368,93";"306,1";"0,10262985952303165";"0,3215452466514211";"0,562169225743221";"False";"BATANG TUBUH";"PASAL 49"
"23";"mengkopi data dan dokumen kependudukan dilakukan setelah";"196,85";"540,9140000000002";"409,95399999999995";"421,95399999999995";"612,2";"Helvetica";"12,0";"368,8820000000001";"306,1";"0,10255145377327686";"0,3215452466514211";"0,5620124142437115";"False";"BATANG TUBUH";"PASAL 49"
"23";"melakukan verifikasi secara berjenjang.";"196,85";"410,25600000000003";"427,78399999999993";"439,78399999999993";"612,2";"Helvetica";"12,0";"303,553";"306,1";"0,004160405096373775";"0,3215452466514211";"0,3485886965044104";"False";"BATANG TUBUH";"PASAL 49"
"23";"(3) Dalam menyelenggarakan hak akses sebagaimana dimaksud";"169,85";"541,0279999999999";"446,58399999999995";"458,58399999999995";"612,2";"Helvetica";"12,0";"355,43899999999996";"306,1";"0,08059294348252195";"0,27744201241424366";"0,6063018621365565";"False";"BATANG TUBUH";"PASAL 49"
"23";"pada ayat (1), berpedoman sesuai ketentuan peraturan";"196,85";"541,182";"464,38399999999996";"476,38399999999996";"612,2";"Helvetica";"12,0";"369,016";"306,1";"0,10277033649134269";"0,3215452466514211";"0,5624501796798431";"False";"BATANG TUBUH";"PASAL 49"
"23";"perundang-undangan yang berlaku, sebagai berikut:";"196,85";"475,086";"482,38399999999996";"494,38399999999996";"612,2";"Helvetica";"12,0";"335,968";"306,1";"0,04878797778503756";"0,3215452466514211";"0,45448546226723285";"False";"BATANG TUBUH";"PASAL 49"
"23";"a. penyelenggara Pusat berdasarkan data dari penyelenggara";"196,85";"541,0079999999999";"501,18399999999997";"513,184";"612,2";"Helvetica";"12,0";"368,929";"306,1";"0,1026282260699117";"0,3215452466514211";"0,5621659588369812";"False";"BATANG TUBUH";"PASAL 49"
"23";"provinsi;";"214,88";"259,41200000000003";"518,9839999999999";"530,9839999999999";"612,2";"Helvetica";"12,0";"237,14600000000002";"306,1";"0,11263312642927148";"0,3509964064031362";"0,07274093433518464";"False";"BATANG TUBUH";"PASAL 49"
"23";"b. penyelenggara Provinsi berdasarkan data dari";"196,85";"541,076";"537,7839999999999";"549,7839999999999";"612,2";"Helvetica";"12,0";"368,963";"306,1";"0,10268376347598823";"0,3215452466514211";"0,5622770336491342";"False";"BATANG TUBUH";"PASAL 49"
"23";"penyelenggara Daerah; dan";"214,88";"363,53200000000004";"555,604";"567,604";"612,2";"Helvetica";"12,0";"289,206";"306,1";"0,027595557007513892";"0,3509964064031362";"0,24281607317869983";"False";"BATANG TUBUH";"PASAL 49"
"23";"c. penyelengara Daerah berdasarkan data dari Dinas.";"196,85";"487,68600000000004";"574,404";"586,404";"612,2";"Helvetica";"12,0";"342,26800000000003";"306,1";"0,059078732440378964";"0,3215452466514211";"0,4750669715779157";"False";"BATANG TUBUH";"PASAL 49"
"23";"Pasal 50";"282,1";"329,97200000000004";"611,804";"623,804";"612,2";"Helvetica-Bold";"12,0";"306,03600000000006";"306,1";"0,00010454099967325143";"0,460797125122509";"0,07819666775563543";"False";"BATANG TUBUH";"PASAL 50"
"23";"Hak Akses sebagaimana dimaksud dalam Pasal 49 dikecualikan dari";"169,85";"541,178";"649,804";"661,804";"612,2";"Helvetica";"12,0";"355,514";"306,1";"0,08071545246651418";"0,27744201241424366";"0,6065468801045409";"False";"BATANG TUBUH";"PASAL 50"
"23";"data pribadi penduduk.";"169,85";"291,902";"667,634";"679,634";"612,2";"Helvetica";"12,0";"230,87599999999998";"306,1";"0,12287487749101607";"0,27744201241424366";"0,19936622018948053";"False";"BATANG TUBUH";"PASAL 50"
"23";"Pasal 51";"282,1";"329,97200000000004";"705,034";"717,034";"612,2";"Helvetica-Bold";"12,0";"306,03600000000006";"306,1";"0,00010454099967325143";"0,460797125122509";"0,07819666775563543";"False";"BATANG TUBUH";"PASAL 51"
"23";"Pemberian dan pencabutan Hak Akses sebagaimana dimaksud";"169,85";"541,108";"742,834";"754,834";"612,2";"Helvetica";"12,0";"355,479";"306,1";"0,0806582816073178";"0,27744201241424366";"0,6064325383861482";"False";"BATANG TUBUH";"PASAL 51"
"23";"dalam Pasal 48 dilaksanakan dengan cara memberikan Hak Akses";"169,85";"541,3720000000001";"760,634";"772,634";"612,2";"Helvetica";"12,0";"355,61100000000005";"306,1";"0,08087389741914411";"0,27744201241424366";"0,6068637700098007";"False";"BATANG TUBUH";"PASAL 51"
"23";"kepada petugas pada penyelenggara Daerah dan Dinas, yang";"169,85";"541,186";"778,434";"790,434";"612,2";"Helvetica";"12,0";"355,51800000000003";"306,1";"0,0807219862789938";"0,27744201241424366";"0,6065599477295002";"False";"BATANG TUBUH";"PASAL 51"
"23";"diusulkan oleh Bupati melalui Gubernur dan selanjutnya ditujukan";"169,85";"541,126";"796,454";"808,454";"612,2";"Helvetica";"12,0";"355,488";"306,1";"0,08067298268539688";"0,27744201241424366";"0,6064619405423063";"False";"BATANG TUBUH";"PASAL 51"
"23";"kepada Menteri melalui Direktur Jenderal.";"169,85";"391,856";"814,259";"826,259";"612,2";"Helvetica";"12,0";"280,853";"306,1";"0,041239790918000674";"0,27744201241424366";"0,36263639333551123";"False";"BATANG TUBUH";"PASAL 51"
"24";"24";"300,1";"312,1";"44,19200000000001";"56,19200000000001";"612,2";"Times New Roman,Bold";"12,0";"306,1";"306,1";"0,0";"0,49019928128062723";"0,019601437438745508";"False";"HALAMAN";""
"24";"Pasal 52";"282,1";"329,97200000000004";"80,904";"92,904";"612,2";"Helvetica-Bold";"12,0";"306,03600000000006";"306,1";"0,00010454099967325143";"0,460797125122509";"0,07819666775563543";"False";"BATANG TUBUH";"PASAL 52"
"24";"(1) Perubahan data kependudukan dalam data base dapat";"169,85";"541,078";"122,904";"134,904";"612,2";"Helvetica";"12,0";"355,464";"306,1";"0,08063377981051939";"0,27744201241424366";"0,6063835347925514";"False";"BATANG TUBUH";"PASAL 52"
"24";"dilakukan secara berjenjang berdasarkan perubahan data dari";"196,85";"540,9140000000002";"143,10400000000004";"155,10400000000004";"612,2";"Helvetica";"12,0";"368,8820000000001";"306,1";"0,10255145377327686";"0,3215452466514211";"0,5620124142437115";"False";"BATANG TUBUH";"PASAL 52"
"24";"Dinas.";"196,85";"230,60600000000002";"163,10400000000004";"175,10400000000004";"612,2";"Helvetica";"12,0";"213,728";"306,1";"0,15088533159098336";"0,3215452466514211";"0,055138843515191154";"False";"BATANG TUBUH";"PASAL 52"
"24";"(2) Dalam hal ditemukan ketidak sesuaian data kependudukan pada";"169,85";"540,8900000000002";"184,13400000000001";"196,13400000000001";"612,2";"Helvetica";"12,0";"355,3700000000001";"306,1";"0,08048023521724941";"0,27744201241424366";"0,6060764456060114";"False";"BATANG TUBUH";"PASAL 52"
"24";"tingkat pusat, penyesuaian data data dilakukan oleh Dinas.";"196,85";"513,686";"204,13400000000001";"216,13400000000001";"612,2";"Helvetica";"12,0";"355,26800000000003";"306,1";"0,08031362299901994";"0,3215452466514211";"0,5175367526951976";"False";"BATANG TUBUH";"PASAL 52"
"24";"(3) Penyesuaian data dilakukan oleh Dinas secara berjenjang dan";"169,85";"541,116";"225,13400000000001";"237,13400000000001";"612,2";"Helvetica";"12,0";"355,483";"306,1";"0,08066481541979742";"0,27744201241424366";"0,6064456060111074";"False";"BATANG TUBUH";"PASAL 52"
"24";"sebagaimana dimaksud pada ayat (2) di sampaikan kepada";"196,85";"541,13";"245,13400000000001";"257,134";"612,2";"Helvetica";"12,0";"368,99";"306,1";"0,1027278667102254";"0,3215452466514211";"0,5623652401176086";"False";"BATANG TUBUH";"PASAL 52"
"24";"penyelenggara Pusat melalui penyelenggara Provinsi.";"196,85";"483,682";"265,134";"277,134";"612,2";"Helvetica";"12,0";"340,266";"306,1";"0,05580855929434824";"0,3215452466514211";"0,46852662528585426";"False";"BATANG TUBUH";"PASAL 52"
"24";"BAB VII";"284,1";"328,036";"306,95400000000006";"318,95400000000006";"612,2";"Helvetica-Bold";"12,0";"306,068";"306,1";"5,2270499836718564e-05";"0,4640640313622999";"0,07176739627572684";"True";"BATANG TUBUH";"BAB VII"
"24";"PENCATATAN SIPIL";"248,08";"363,928";"327,95400000000006";"339,95400000000006";"612,2";"Helvetica-Bold";"12,0";"306,004";"306,1";"0,00015681149950997";"0,40522704998366543";"0,1892322770336491";"True";"BATANG TUBUH";"BAB VII"
"24";"Bagian Pertama";"260,67";"351,35600000000005";"349,154";"361,154";"612,2";"Helvetica-Bold";"12,0";"306,01300000000003";"306,1";"0,0001421104214308871";"0,4257922247631493";"0,14813132963083964";"False";"BATANG TUBUH";"BAB VII"
"24";"Pencatatan Kelahiran";"245,08";"366,94";"370,154";"382,154";"612,2";"Helvetica-Bold";"12,0";"306,01";"306,1";"0,00014701078079064328";"0,4003266906239791";"0,1990525971904606";"False";"BATANG TUBUH";"BAB VII"
"24";"Paragraf 1";"276,67";"335,12200000000007";"391,154";"403,154";"612,2";"Helvetica-Bold";"12,0";"305,8960000000001";"306,1";"0,0003332244364585934";"0,45192747468147665";"0,09547860176412945";"False";"BATANG TUBUH";"PARAGRAF 1"
"24";"Pencatatan Kelahiran di Daerah";"216,08";"396,0";"412,15399999999994";"424,15399999999994";"612,2";"Helvetica-Bold";"12,0";"306,04";"306,1";"9,800718719373124e-05";"0,3529565501470108";"0,29389088533159097";"False";"BATANG TUBUH";"PARAGRAF 1"
"24";"Pasal 53";"282,1";"329,97200000000004";"454,18399999999997";"466,18399999999997";"612,2";"Helvetica-Bold";"12,0";"306,03600000000006";"306,1";"0,00010454099967325143";"0,460797125122509";"0,07819666775563543";"False";"BATANG TUBUH";"PASAL 53"
"24";"(1) Setiap kelahiran wajib dilaporkan oleh Penduduk di wilayah";"169,85";"541,206";"496,38399999999996";"508,38399999999996";"612,2";"Helvetica";"12,0";"355,528";"306,1";"0,08073832081019273";"0,27744201241424366";"0,606592616791898";"False";"BATANG TUBUH";"PASAL 53"
"24";"Daerah kepada Dinas paling lambat 60 (enam puluh) hari sejak";"196,85";"540,862";"516,384";"528,384";"612,2";"Helvetica";"12,0";"368,856";"306,1";"0,10250898399215937";"0,3215452466514211";"0,5619274746814765";"False";"BATANG TUBUH";"PASAL 53"
"24";"kelahiran.";"196,85";"248,60600000000002";"536,384";"548,384";"612,2";"Helvetica";"12,0";"222,728";"306,1";"0,13618425351192423";"0,3215452466514211";"0,08454099967330941";"False";"BATANG TUBUH";"PASAL 53"
"24";"(2) Berdasarkan laporan sebagaimana dimaksud pada ayat (1),";"169,85";"540,7580000000002";"557,404";"569,404";"612,2";"Helvetica";"12,0";"355,3040000000001";"306,1";"0,08037242731133626";"0,27744201241424366";"0,6058608297941851";"False";"BATANG TUBUH";"PASAL 53"
"24";"Pejabat Pencatatan Sipil mencatat pada Register Akta";"196,85";"541,21";"577,404";"589,404";"612,2";"Helvetica";"12,0";"369,03000000000003";"306,1";"0,10279320483502123";"0,3215452466514211";"0,5624959163672002";"False";"BATANG TUBUH";"PASAL 53"
"24";"Kelahiran dan menerbitkan Kutipan Akta Kelahiran.";"196,85";"468,626";"597,404";"609,404";"612,2";"Helvetica";"12,0";"332,738";"306,1";"0,04351192420777519";"0,3215452466514211";"0,44393335511270815";"False";"BATANG TUBUH";"PASAL 53"
"24";"Pasal 54";"280,3";"331,572";"639,204";"651,204";"612,2";"Helvetica-Bold";"12,0";"305,93600000000004";"306,1";"0,00026788631166283443";"0,45785690950669716";"0,08375040836327996";"False";"BATANG TUBUH";"PASAL 54"
"24";"(1) Pencatatan kelahiran dalam Register Akta Kelahiran dan";"169,85";"540,9260000000002";"681,434";"693,434";"612,2";"Helvetica";"12,0";"355,3880000000001";"306,1";"0,0805096373734075";"0,27744201241424366";"0,6061352499183276";"False";"BATANG TUBUH";"PASAL 54"
"24";"penerbitan Kutipan Akta Kelahiran terhadap peristiwa kelahiran";"196,85";"540,878";"701,434";"713,434";"612,2";"Helvetica";"12,0";"368,86400000000003";"306,1";"0,1025220516171186";"0,3215452466514211";"0,561953609931395";"False";"BATANG TUBUH";"PASAL 54"
"24";"seseorang yang tidak diketahui asal-usulnya atau keberadaan";"196,85";"541,1039999999999";"721,434";"733,434";"612,2";"Helvetica";"12,0";"368,977";"306,1";"0,10270663181966669";"0,3215452466514211";"0,5623227703364911";"False";"BATANG TUBUH";"PASAL 54"
"24";"orang tuanya, didasarkan pada laporan orang yang menemukan";"196,85";"540,98";"741,434";"753,434";"612,2";"Helvetica";"12,0";"368,915";"306,1";"0,10260535772623325";"0,3215452466514211";"0,5621202221496242";"False";"BATANG TUBUH";"PASAL 54"
"24";"dilengkapi Berita Acara Pemeriksaan dari Kepolisian.";"196,85";"479,086";"761,434";"773,434";"612,2";"Helvetica";"12,0";"337,968";"306,1";"0,052054884024828475";"0,3215452466514211";"0,4610192747468147";"False";"BATANG TUBUH";"PASAL 54"
"24";"(2) Kutipan Akta Kelahiran sebagaimana dimaksud pada ayat (1)";"169,85";"540,8180000000001";"782,434";"794,434";"612,2";"Helvetica";"11,999999999999986";"355,33400000000006";"306,1";"0,08042143090493309";"0,27744201241424366";"0,6059588369813788";"False";"BATANG TUBUH";"PASAL 54"
"24";"diterbitkan oleh Pejabat Pencatatan Sipil dan disimpan oleh";"196,85";"540,8900000000001";"802,454";"814,454";"612,2";"Helvetica";"12,0";"368,87000000000006";"306,1";"0,10253185233583802";"0,3215452466514211";"0,5619732113688338";"False";"BATANG TUBUH";"PASAL 54"
"24";"Dinas.";"196,85";"230,60600000000002";"822,459";"834,459";"612,2";"Helvetica";"12,0";"213,728";"306,1";"0,15088533159098336";"0,3215452466514211";"0,055138843515191154";"False";"BATANG TUBUH";"PASAL 54"
"25";"25";"300,1";"312,1";"44,19200000000001";"56,19200000000001";"612,2";"Times New Roman,Bold";"12,0";"306,1";"306,1";"0,0";"0,49019928128062723";"0,019601437438745508";"False";"HALAMAN";""
"25";"Paragraf 2";"276,67";"335,12200000000007";"80,904";"92,904";"612,2";"Helvetica-Bold";"12,0";"305,8960000000001";"306,1";"0,0003332244364585934";"0,45192747468147665";"0,09547860176412945";"False";"BATANG TUBUH";"PARAGRAF 2"
"25";"Pencatatan Kelahiran di luar Wilayah Negara Kesatuan";"150,25";"461,376";"99,10400000000004";"111,10400000000004";"612,2";"Helvetica-Bold";"12,0";"305,813";"306,1";"0,00046880104541005313";"0,2454263312642927";"0,5082097353805946";"False";"BATANG TUBUH";"PARAGRAF 2"
"25";"Republik Indonesia";"251,08";"361,048";"117,30399999999997";"129,30399999999997";"612,2";"Helvetica-Bold";"12,0";"306,064";"306,1";"5,880431231623875e-05";"0,41012740934335185";"0,1796275726886638";"False";"BATANG TUBUH";"PARAGRAF 2"
"25";"Pasal 55";"280,3";"331,528";"153,904";"165,904";"612,2";"Helvetica-Bold";"12,0";"305,914";"306,1";"0,00030382228030061327";"0,45785690950669716";"0,08367853642600458";"False";"BATANG TUBUH";"PASAL 55"
"25";"(1) Kelahiran Warga Negara Indonesia di luar wilayah Negara";"169,85";"540,9300000000002";"190,534";"202,534";"612,2";"Helvetica";"12,0";"355,3900000000001";"306,1";"0,08051290427964729";"0,27744201241424366";"0,6061417837308072";"False";"BATANG TUBUH";"PASAL 55"
"25";"Kesatuan Republik Indonesia wajib dicatatkan pada instansi";"196,65";"540,8580000000001";"207,93399999999997";"219,93399999999997";"612,2";"Helvetica";"12,0";"368,754";"306,1";"0,10234237177393007";"0,321218556027442";"0,5622476314929763";"False";"BATANG TUBUH";"PASAL 55"
"25";"yang berwenang di negara setempat dan dilaporkan kepada";"196,65";"540,8940000000002";"225,13400000000001";"237,13400000000001";"612,2";"Helvetica";"12,0";"368,7720000000001";"306,1";"0,10237177393008834";"0,321218556027442";"0,5623064358052927";"False";"BATANG TUBUH";"PASAL 55"
"25";"Perwakilan Republik Indonesia.";"196,65";"363,75600000000003";"242,33400000000006";"254,33400000000006";"612,2";"Helvetica";"12,0";"280,20300000000003";"306,1";"0,04230153544593269";"0,321218556027442";"0,27295981705325056";"False";"BATANG TUBUH";"PASAL 55"
"25";"(2) Apabila negara setempat sebagaimana dimaksud pada ayat (1)";"169,85";"540,8220000000001";"260,534";"272,534";"612,2";"Helvetica";"12,0";"355,33600000000007";"306,1";"0,0804246978111729";"0,27744201241424366";"0,6059653707938584";"False";"BATANG TUBUH";"PASAL 55"
"25";"tidak menyelenggarakan pencatatan kelahiran bagi orang asing,";"196,65";"540,7500000000002";"277,93399999999997";"289,93399999999997";"612,2";"Helvetica";"12,0";"368,7000000000001";"306,1";"0,10225416530545585";"0,321218556027442";"0,5620712185560278";"False";"BATANG TUBUH";"PASAL 55"
"25";"pencatatan dilakukan pada Perwakilan Republik Indonesia";"196,65";"540,9060000000002";"295,134";"307,134";"612,2";"Helvetica";"12,0";"368,7780000000001";"306,1";"0,10238157464880766";"0,321218556027442";"0,5623260372427314";"False";"BATANG TUBUH";"PASAL 55"
"25";"setempat.";"196,65";"249,15";"312,35400000000004";"324,35400000000004";"612,2";"Helvetica";"12,0";"222,9";"306,1";"0,1359032995753022";"0,321218556027442";"0,0857562887945116";"False";"BATANG TUBUH";"PASAL 55"
"25";"(3) Perwakilan Republik Indonesia sebagaimana dimaksud pada";"169,85";"541,134";"330,554";"342,554";"612,2";"Helvetica";"12,0";"355,492";"306,1";"0,0806795164978765";"0,27744201241424366";"0,6064750081672655";"False";"BATANG TUBUH";"PASAL 55"
"25";"ayat (2) mencatat peristiwa kelahiran dalam Register Akta";"196,65";"541,024";"347,95400000000006";"359,95400000000006";"612,2";"Helvetica";"12,0";"368,837";"306,1";"0,10247794838288135";"0,321218556027442";"0,5625187847108788";"False";"BATANG TUBUH";"PASAL 55"
"25";"Kelahiran dan menerbitkan Kutipan Akta Kelahiran.";"196,65";"468,674";"365,154";"377,154";"612,2";"Helvetica";"12,0";"332,662";"306,1";"0,0433877817706631";"0,321218556027442";"0,4443384514864423";"False";"BATANG TUBUH";"PASAL 55"
"25";"(4) Pencatatan Kelahiran sebagaimana dimaksud pada ayat (1) dan";"169,85";"540,8700000000002";"383,35400000000004";"395,35400000000004";"612,2";"Helvetica";"12,0";"355,3600000000001";"306,1";"0,08046390068605047";"0,27744201241424366";"0,6060437765436135";"False";"BATANG TUBUH";"PASAL 55"
"25";"ayat (2) dilaporkan kepada Instansi Pelaksana paling lambat 30";"196,65";"541,024";"400,554";"412,554";"612,2";"Helvetica";"12,0";"368,837";"306,1";"0,10247794838288135";"0,321218556027442";"0,5625187847108788";"False";"BATANG TUBUH";"PASAL 55"
"25";"(tiga puluh) hari sejak Warga Negara Indonesia yang";"196,65";"541,194";"417,95399999999995";"429,95399999999995";"612,2";"Helvetica";"12,0";"368,92199999999997";"306,1";"0,10261679189807243";"0,321218556027442";"0,5627964717412609";"False";"BATANG TUBUH";"PASAL 55"
"25";"bersangkutan kembali ke Republik Indonesia.";"196,65";"438,666";"435,18399999999997";"447,18399999999997";"612,2";"Helvetica";"12,0";"317,658";"306,1";"0,018879451159751703";"0,321218556027442";"0,3953217902646194";"False";"BATANG TUBUH";"PASAL 55"
"25";"Paragraf 3";"276,67";"335,172";"489,78399999999993";"501,78399999999993";"612,2";"Helvetica-Bold";"12,0";"305,92100000000005";"306,1";"0,00029238810846124403";"0,45192747468147665";"0,09556027442012414";"False";"BATANG TUBUH";"PARAGRAF 3"
"25";"Pencatatan Kelahiran di atas Kapal Laut atau Pesawat Terbang";"126,85";"484,89400000000023";"507,984";"519,9839999999999";"612,2";"Helvetica-Bold";"12,0";"305,8720000000001";"306,1";"0,00037242731133599306";"0,20720352825873894";"0,5848480888598501";"False";"BATANG TUBUH";"PARAGRAF 3"
"25";"Pasal 56";"280,3";"331,572";"544,404";"556,404";"612,2";"Helvetica-Bold";"12,0";"305,93600000000004";"306,1";"0,00026788631166283443";"0,45785690950669716";"0,08375040836327996";"False";"BATANG TUBUH";"PASAL 56"
"25";"(1) Kelahiran Warga Negara Indonesia di atas kapal laut atau";"169,85";"540,9500000000003";"581,204";"593,204";"612,2";"Helvetica";"12,0";"355,40000000000015";"306,1";"0,08052923881084632";"0,27744201241424366";"0,6061744527932053";"False";"BATANG TUBUH";"PASAL 56"
"25";"pesawat terbang wajib dilaporkan oleh Penduduk kepada Dinas";"196,85";"541,15";"598,404";"610,404";"612,2";"Helvetica";"12,0";"369,0";"306,1";"0,10274420124142433";"0,3215452466514211";"0,5623979091800064";"False";"BATANG TUBUH";"PASAL 56"
"25";"di tempat tujuan atau tempat singgah berdasarkan keterangan";"196,85";"540,7940000000002";"615,604";"627,604";"612,2";"Helvetica";"12,0";"368,8220000000001";"306,1";"0,10245344658608313";"0,3215452466514211";"0,561816399869324";"False";"BATANG TUBUH";"PASAL 56"
"25";"kelahiran dari nakhoda kapal laut atau kapten pesawat terbang.";"196,85";"534,306";"633,0039999999999";"645,0039999999999";"612,2";"Helvetica";"12,0";"365,57800000000003";"306,1";"0,09715452466514211";"0,3215452466514211";"0,551218556027442";"False";"BATANG TUBUH";"PASAL 56"
"25";"(2) Dalam hal tempat tujuan atau tempat singgah sebagaimana";"169,85";"540,8780000000003";"651,204";"663,204";"612,2";"Helvetica";"12,0";"355,36400000000015";"306,1";"0,08047043449853009";"0,27744201241424366";"0,6060568441685728";"False";"BATANG TUBUH";"PASAL 56"
"25";"dimaksud pada ayat (1) berada di wilayah Daerah, kelahiran";"196,85";"541,178";"668,434";"680,434";"612,2";"Helvetica";"12,0";"369,014";"306,1";"0,10276706958510289";"0,3215452466514211";"0,5624436458673635";"False";"BATANG TUBUH";"PASAL 56"
"25";"dilaporkan kepada Dinas untuk dicatat dalam Register Akta";"196,85";"541,004";"685,634";"697,634";"612,2";"Helvetica";"12,0";"368,927";"306,1";"0,102624959163672";"0,3215452466514211";"0,5621594250245018";"False";"BATANG TUBUH";"PASAL 56"
"25";"Kelahiran dan diterbitkan Kutipan Akta Kelahiran.";"196,85";"458,286";"702,834";"714,834";"612,2";"Helvetica";"12,0";"327,568";"306,1";"0,03506697157791565";"0,3215452466514211";"0,42704344985298925";"False";"BATANG TUBUH";"PASAL 56"
"25";"(3) Dalam hal tempat tujuan atau tempat singgah sebagaimana";"169,85";"540,8780000000003";"721,2339999999999";"733,2339999999999";"612,2";"Helvetica";"12,0";"355,36400000000015";"306,1";"0,08047043449853009";"0,27744201241424366";"0,6060568441685728";"False";"BATANG TUBUH";"PASAL 56"
"25";"dimaksud pada ayat (1) berada di luar wilayah Daerah, kelahiran";"196,85";"541,1700000000001";"738,434";"750,434";"612,2";"Helvetica";"12,0";"369,01000000000005";"306,1";"0,10276053577262335";"0,3215452466514211";"0,5624305782424045";"False";"BATANG TUBUH";"PASAL 56"
"25";"dilaporkan kepada daerah tempat tujuan atau tempat singgah.";"196,85";"526,916";"755,634";"767,634";"612,2";"Helvetica";"12,0";"361,88300000000004";"306,1";"0,09111891538712841";"0,3215452466514211";"0,5391473374714146";"False";"BATANG TUBUH";"PASAL 56"
"25";"(4) Pencatatan Kelahiran sebagaimana dimaksud pada ayat (3)";"169,85";"540,7940000000001";"773,834";"785,834";"612,2";"Helvetica";"12,0";"355,32200000000006";"306,1";"0,08040182946749434";"0,27744201241424366";"0,6059196341065012";"False";"BATANG TUBUH";"PASAL 56"
"25";"wajib dilaporkan oleh Penduduk kepada Dinas paling lambat 30";"196,85";"541,134";"791,264";"803,264";"612,2";"Helvetica";"11,999999999999986";"368,992";"306,1";"0,10273113361646519";"0,3215452466514211";"0,5623717739300882";"False";"BATANG TUBUH";"PASAL 56"
"25";"(tiga puluh) hari sejak Penduduk yang bersangkutan kembali ke";"196,85";"541,0699999999999";"808,454";"820,454";"612,2";"Helvetica";"12,0";"368,96";"306,1";"0,10267886311662848";"0,3215452466514211";"0,5622672329304147";"False";"BATANG TUBUH";"PASAL 56"
"25";"wilayah Daerah.";"196,85";"282,836";"825,659";"837,659";"612,2";"Helvetica";"12,0";"239,84300000000002";"306,1";"0,10822770336491343";"0,3215452466514211";"0,14045409996733096";"False";"BATANG TUBUH";"PASAL 56"
"26";"26";"300,1";"312,1";"44,19200000000001";"56,19200000000001";"612,2";"Times New Roman,Bold";"12,0";"306,1";"306,1";"0,0";"0,49019928128062723";"0,019601437438745508";"False";"HALAMAN";""
"26";"Paragraf 4";"276,67";"335,172";"80,904";"92,904";"612,2";"Helvetica-Bold";"12,0";"305,92100000000005";"306,1";"0,00029238810846124403";"0,45192747468147665";"0,09556027442012414";"False";"BATANG TUBUH";"PARAGRAF 4"
"26";"Pencatatan Kelahiran yang Melampaui Batas Waktu";"159,05";"452,75";"99,10400000000004";"111,10400000000004";"612,2";"Helvetica-Bold";"12,0";"305,9";"306,1";"0,00032669062397916606";"0,25980071871937277";"0,47974518131329624";"False";"BATANG TUBUH";"PARAGRAF 4"
"26";"Pasal 57";"282,1";"329,97200000000004";"135,70400000000006";"147,70400000000006";"612,2";"Helvetica-Bold";"12,0";"306,03600000000006";"306,1";"0,00010454099967325143";"0,460797125122509";"0,07819666775563543";"False";"BATANG TUBUH";"PASAL 57"
"26";"(1) Pelaporan kelahiran sebagaimana dimaksud dalam Pasal 53";"169,85";"541,2520000000001";"172,30399999999997";"184,30399999999997";"612,2";"Helvetica";"12,0";"355,55100000000004";"306,1";"0,08077589023195038";"0,27744201241424366";"0,6066677556354133";"False";"BATANG TUBUH";"PASAL 57"
"26";"ayat (1) yang melampaui batas waktu 60 (enam puluh) hari";"196,85";"540,8900000000001";"189,534";"201,534";"612,2";"Helvetica";"12,0";"368,87000000000006";"306,1";"0,10253185233583802";"0,3215452466514211";"0,5619732113688338";"False";"BATANG TUBUH";"PASAL 57"
"26";"sampai dengan 1 (satu) tahun sejak tanggal kelahiran,";"196,85";"540,7580000000002";"206,93399999999997";"218,93399999999997";"612,2";"Helvetica";"12,0";"368,8040000000001";"306,1";"0,10242404442992496";"0,3215452466514211";"0,5617575955570077";"False";"BATANG TUBUH";"PASAL 57"
"26";"pencatatan dilaksanakan setelah mendapatkan persetujuan";"196,85";"541,056";"224,13400000000001";"236,13400000000001";"612,2";"Helvetica";"12,0";"368,95300000000003";"306,1";"0,1026674289447893";"0,3215452466514211";"0,5622443645867363";"False";"BATANG TUBUH";"PASAL 57"
"26";"Kepala Dinas.";"196,85";"271,416";"241,33400000000006";"253,33400000000006";"612,2";"Helvetica";"12,0";"234,13299999999998";"306,1";"0,11755472067951656";"0,3215452466514211";"0,12180006533812479";"False";"BATANG TUBUH";"PASAL 57"
"26";"(2) Pencatatan kelahiran yang melampaui batas waktu 1 (satu)";"169,85";"540,818";"259,534";"271,534";"612,2";"Helvetica";"12,0";"355,334";"306,1";"0,08042143090493299";"0,27744201241424366";"0,6059588369813785";"False";"BATANG TUBUH";"PASAL 57"
"26";"tahun sebagaimana dimaksud pada ayat (1) dilaksanakan";"196,85";"541,1980000000001";"276,93399999999997";"288,93399999999997";"612,2";"Helvetica";"12,0";"369,02400000000006";"306,1";"0,10278340411630191";"0,3215452466514211";"0,5624763149297616";"False";"BATANG TUBUH";"PASAL 57"
"26";"berdasarkan penetapan Pengadilan Negeri.";"196,85";"428,86600000000004";"294,134";"306,134";"612,2";"Helvetica";"12,0";"312,858";"306,1";"0,01103887618425348";"0,3215452466514211";"0,3789872590656649";"False";"BATANG TUBUH";"PASAL 57"
"26";"Bagian Kedua";"266,08";"346,096";"330,35400000000004";"342,35400000000004";"612,2";"Helvetica-Bold";"12,0";"306,08799999999997";"306,1";"1,96014374388391e-05";"0,4346292061417837";"0,13070238484155508";"False";"BATANG TUBUH";"BAGIAN KEDUA"
"26";"Pencatatan Lahir Mati";"244,08";"368,112";"348,754";"360,754";"612,2";"Helvetica-Bold";"12,0";"306,096";"306,1";"6,533812479613033e-06";"0,39869323750408364";"0,20260045736687357";"False";"BATANG TUBUH";"BAGIAN KEDUA"
"26";"Pasal 58";"280,3";"331,572";"385,154";"397,154";"612,2";"Helvetica-Bold";"12,0";"305,93600000000004";"306,1";"0,00026788631166283443";"0,45785690950669716";"0,08375040836327996";"False";"BATANG TUBUH";"PASAL 58"
"26";"(1) Setiap lahir mati wajib dilaporkan oleh Penduduk kepada Dinas";"169,85";"541,13";"421,984";"433,984";"612,2";"Helvetica";"12,0";"355,49";"306,1";"0,08067624959163669";"0,27744201241424366";"0,6064684743547859";"False";"BATANG TUBUH";"PASAL 58"
"26";"paling lambat 30 (tiga puluh) hari sejak lahir mati.";"196,85";"458,286";"439,18399999999997";"451,18399999999997";"612,2";"Helvetica";"12,0";"327,568";"306,1";"0,03506697157791565";"0,3215452466514211";"0,42704344985298925";"False";"BATANG TUBUH";"PASAL 58"
"26";"(2) Dinas sebagaimana dimaksud pada ayat (1) menerbitkan Surat";"169,85";"540,7840000000001";"457,38399999999996";"469,38399999999996";"612,2";"Helvetica";"12,0";"355,31700000000006";"306,1";"0,08039366220189487";"0,27744201241424366";"0,6059032995753023";"False";"BATANG TUBUH";"PASAL 58"
"26";"Keterangan Lahir Mati.";"196,85";"317,91799999999995";"474,58399999999995";"486,58399999999995";"612,2";"Helvetica";"12,0";"257,38399999999996";"306,1";"0,07957530218882729";"0,3215452466514211";"0,19775890231950335";"False";"BATANG TUBUH";"PASAL 58"
"26";"Bagian Ketiga";"266,08";"346,096";"510,984";"522,9839999999999";"612,2";"Helvetica-Bold";"12,0";"306,08799999999997";"306,1";"1,96014374388391e-05";"0,4346292061417837";"0,13070238484155508";"False";"BATANG TUBUH";"BAGIAN KETIGA"
"26";"Pencatatan Perkawinan";"239,08";"373,144";"529,184";"541,184";"612,2";"Helvetica-Bold";"12,0";"306,112";"306,1";"1,960143743874625e-05";"0,3905259719046063";"0,2189872590656648";"False";"BATANG TUBUH";"BAGIAN KETIGA"
"26";"Paragraf 1";"276,67";"335,12200000000007";"547,404";"559,404";"612,2";"Helvetica-Bold";"12,0";"305,8960000000001";"306,1";"0,0003332244364585934";"0,45192747468147665";"0,09547860176412945";"False";"BATANG TUBUH";"PARAGRAF 1"
"26";"Pencatatan Perkawinan di Wilayah Daerah";"185,65";"426,254";"565,804";"577,804";"612,2";"Helvetica-Bold";"12,0";"305,952";"306,1";"0,00024175106174456802";"0,30325057170859193";"0,393015354459327";"False";"BATANG TUBUH";"PARAGRAF 1"
"26";"Pasal 59";"282,1";"329,97200000000004";"602,204";"614,204";"612,2";"Helvetica-Bold";"12,0";"306,03600000000006";"306,1";"0,00010454099967325143";"0,460797125122509";"0,07819666775563543";"False";"BATANG TUBUH";"PASAL 59"
"26";"(1) Perkawinan yang sah berdasarkan ketentuan Peraturan";"169,85";"540,9380000000002";"639,0039999999999";"651,0039999999999";"612,2";"Helvetica";"12,0";"355,3940000000001";"306,1";"0,0805194380921269";"0,27744201241424366";"0,6061548513557664";"False";"BATANG TUBUH";"PASAL 59"
"26";"Perundang-undangan yang berlaku wajib dilaporkan oleh";"196,85";"541,118";"656,204";"668,204";"612,2";"Helvetica";"12,000000000000028";"368,98400000000004";"306,1";"0,10271806599150606";"0,3215452466514211";"0,5623456386801698";"False";"BATANG TUBUH";"PASAL 59"
"26";"Penduduk kepada Dinas paling lambat 60 (enam puluh) hari";"196,85";"541,174";"673,434";"685,434";"612,2";"Helvetica";"12,0";"369,012";"306,1";"0,10276380267886308";"0,3215452466514211";"0,5624371120548839";"False";"BATANG TUBUH";"PASAL 59"
"26";"sejak tanggal perkawinan.";"196,85";"335,43600000000004";"690,634";"702,634";"612,2";"Helvetica";"12,0";"266,14300000000003";"306,1";"0,06526788631166285";"0,3215452466514211";"0,22637373407383213";"False";"BATANG TUBUH";"PASAL 59"
"26";"(2) Berdasarkan laporan sebagaimana dimaksud pada ayat (1),";"169,85";"540,9780000000001";"708,834";"720,834";"612,2";"Helvetica";"12,0";"355,41400000000004";"306,1";"0,0805521071545247";"0,27744201241424366";"0,6062201894805619";"False";"BATANG TUBUH";"PASAL 59"
"26";"Pejabat Pencatatan Sipil mencatat pada Register Akta";"196,85";"541,118";"726,2339999999999";"738,2339999999999";"612,2";"Helvetica";"12,0";"368,98400000000004";"306,1";"0,10271806599150606";"0,3215452466514211";"0,5623456386801698";"False";"BATANG TUBUH";"PASAL 59"
"26";"Perkawinan dan menerbitkan Kutipan Akta Perkawinan.";"196,85";"492,886";"743,434";"755,434";"612,2";"Helvetica";"12,0";"344,868";"306,1";"0,0633257105521071";"0,3215452466514211";"0,48356092780137216";"False";"BATANG TUBUH";"PASAL 59"
"26";"(3) Kutipan Akta Perkawinan sebagaimana dimaksud pada ayat (2)";"169,85";"540,8060000000002";"761,634";"773,634";"612,2";"Helvetica";"12,0";"355,3280000000001";"306,1";"0,08041163018621375";"0,27744201241424366";"0,60593923554394";"False";"BATANG TUBUH";"PASAL 59"
"26";"masing-masing diberikan kepada suami dan istri.";"196,85";"456,886";"778,834";"790,834";"612,2";"Helvetica";"12,0";"326,868";"306,1";"0,03392355439398884";"0,3215452466514211";"0,42475661548513566";"False";"BATANG TUBUH";"PASAL 59"
"26";"(4) Pelaporan sebagaimana dimaksud pada ayat (1) dilakukan oleh";"169,85";"541,048";"797,264";"809,264";"612,2";"Helvetica";"12,0";"355,449";"306,1";"0,08060927801372099";"0,27744201241424366";"0,6063345311989545";"False";"BATANG TUBUH";"PASAL 59"
"26";"Penduduk yang beragama Islam kepada KUA Kecamatan.";"196,85";"507,68600000000004";"814,459";"826,459";"612,2";"Helvetica";"12,0";"352,26800000000003";"306,1";"0,07541326363933355";"0,3215452466514211";"0,5077360339758249";"False";"BATANG TUBUH";"PASAL 59"
"27";"27";"300,1";"312,1";"44,19200000000001";"56,19200000000001";"612,2";"Times New Roman,Bold";"12,0";"306,1";"306,1";"0,0";"0,49019928128062723";"0,019601437438745508";"False";"HALAMAN";""
"27";"(5) Data hasil pencatatan atas peristiwa sebagaimana dimaksud";"169,85";"540,854";"80,904";"92,904";"612,2";"Helvetica";"12,0";"355,35200000000003";"306,1";"0,08045083306109116";"0,27744201241424366";"0,6060176412936948";"False";"BATANG TUBUH";"PASAL 59"
"27";"pada ayat (4) wajib disampaikan oleh KUA Kecamatan kepada";"196,85";"541,206";"97,50400000000002";"109,50400000000002";"612,2";"Helvetica";"12,0";"369,028";"306,1";"0,10278993792878144";"0,3215452466514211";"0,5624893825547206";"False";"BATANG TUBUH";"PASAL 59"
"27";"Dinas dalam waktu paling lambat 10 (sepuluh) hari setelah";"196,85";"541,2360000000001";"114,10400000000004";"126,10400000000004";"612,2";"Helvetica";"12,0";"369,04300000000006";"306,1";"0,10281443972557994";"0,3215452466514211";"0,5625383861483176";"False";"BATANG TUBUH";"PASAL 59"
"27";"pencatatan perkawinan dilaksanakan.";"196,85";"397,666";"130,50400000000002";"142,50400000000002";"612,2";"Helvetica";"12,0";"297,258";"306,1";"0,014442992486115715";"0,3215452466514211";"0,3280235217249265";"False";"BATANG TUBUH";"PASAL 59"
"27";"(6) Hasil pencatatan data sebagaimana dimaksud pada ayat (5)";"169,85";"540,8300000000002";"148,10400000000004";"160,10400000000004";"612,2";"Helvetica";"12,0";"355,3400000000001";"306,1";"0,0804312316236525";"0,27744201241424366";"0,6059784384188176";"False";"BATANG TUBUH";"PASAL 59"
"27";"tidak memerlukan penerbitan kutipan akta Pencatatan Sipil.";"196,85";"513,086";"164,70400000000006";"176,70400000000006";"612,2";"Helvetica";"12,0";"354,968";"306,1";"0,07982358706305127";"0,3215452466514211";"0,5165566808232603";"False";"BATANG TUBUH";"PASAL 59"
"27";"(7) Pada tingkat Kecamatan, laporan sebagaimana dimaksud pada";"169,85";"541,044";"182,33400000000006";"194,33400000000006";"612,2";"Helvetica";"12,0";"355,447";"306,1";"0,08060601110748118";"0,27744201241424366";"0,6063279973864749";"False";"BATANG TUBUH";"PASAL 59"
"27";"ayat (1) dilakukan pada UPTD.";"196,85";"360,88999999999993";"198,93399999999997";"210,93399999999997";"612,2";"Helvetica";"12,0";"278,86999999999995";"306,1";"0,044478928454753465";"0,3215452466514211";"0,26795164978765096";"False";"BATANG TUBUH";"PASAL 59"
"27";"Pasal 60";"282,1";"329,97200000000004";"233,73400000000004";"245,73400000000004";"612,2";"Helvetica-Bold";"12,0";"306,03600000000006";"306,1";"0,00010454099967325143";"0,460797125122509";"0,07819666775563543";"False";"BATANG TUBUH";"PASAL 60"
"27";"Pencatatan perkawinan sebagaimana dimaksud dalam Pasal 59";"169,85";"541,2520000000001";"269,134";"281,134";"612,2";"Helvetica";"12,0";"355,55100000000004";"306,1";"0,08077589023195038";"0,27744201241424366";"0,6066677556354133";"False";"BATANG TUBUH";"PASAL 60"
"27";"berlaku pula bagi:";"169,85";"264,33799999999997";"285,73400000000004";"297,73400000000004";"612,2";"Helvetica";"12,0";"217,094";"306,1";"0,14538712838941525";"0,27744201241424366";"0,15434171839268207";"False";"BATANG TUBUH";"PASAL 60"
"27";"a. perkawinan yang ditetapkan oleh Pengadilan; dan";"169,85";"453,12199999999996";"303,154";"315,154";"612,2";"Helvetica";"12,0";"311,486";"306,1";"0,008797778503756888";"0,27744201241424366";"0,46271153217902633";"False";"BATANG TUBUH";"PASAL 60"
"27";"b. perkawinan Warga Negara Asing yang dilakukan di Indonesia";"169,85";"540,9140000000002";"320,754";"332,754";"612,2";"Helvetica";"12,0";"355,3820000000001";"306,1";"0,08049983665468816";"0,27744201241424366";"0,6061156484808888";"False";"BATANG TUBUH";"PASAL 60"
"27";"atas permintaan Warga Negara Asing yang bersangkutan.";"187,85";"497,1980000000001";"337,35400000000004";"349,35400000000004";"612,2";"Helvetica";"12,0";"342,52400000000006";"306,1";"0,05949689643907225";"0,30684416857236196";"0,5053054557334206";"False";"BATANG TUBUH";"PASAL 60"
"27";"Pasal 61";"282,1";"329,97200000000004";"372,154";"384,154";"612,2";"Helvetica-Bold";"12,0";"306,03600000000006";"306,1";"0,00010454099967325143";"0,460797125122509";"0,07819666775563543";"False";"BATANG TUBUH";"PASAL 61"
"27";"Dalam hal perkawinan tidak dapat dibuktikan dengan Akta";"169,85";"541,1360000000002";"407,554";"419,554";"612,2";"Helvetica";"12,0";"355,4930000000001";"306,1";"0,08068114995099654";"0,27744201241424366";"0,6064782750735056";"False";"BATANG TUBUH";"PASAL 61"
"27";"Perkawinan, pencatatan perkawinan dilakukan setelah adanya";"169,85";"540,8900000000002";"424,18399999999997";"436,18399999999997";"612,2";"Helvetica";"12,0";"355,3700000000001";"306,1";"0,08048023521724941";"0,27744201241424366";"0,6060764456060114";"False";"BATANG TUBUH";"PASAL 61"
"27";"penetapan pengadilan.";"169,85";"291,722";"440,78399999999993";"452,78399999999993";"612,2";"Helvetica";"12,0";"230,786";"306,1";"0,12302188827180663";"0,27744201241424366";"0,19907219862789935";"False";"BATANG TUBUH";"PASAL 61"
"27";"Paragraf 2";"276,67";"335,12200000000007";"475,58399999999995";"487,58399999999995";"612,2";"Helvetica-Bold";"12,0";"305,8960000000001";"306,1";"0,0003332244364585934";"0,45192747468147665";"0,09547860176412945";"False";"BATANG TUBUH";"PARAGRAF 2"
"27";"Pencatatan Perkawinan";"238,88";"372,94399999999996";"493,18399999999997";"505,18399999999997";"612,2";"Helvetica-Bold";"12,0";"305,912";"306,1";"0,0003070891865404198";"0,3901992812806272";"0,21898725906566474";"False";"BATANG TUBUH";"PARAGRAF 2"
"27";"di luar Wilayah Negara Kesatuan Republik Indonesia";"156,25";"455,668";"510,78399999999993";"522,7839999999999";"612,2";"Helvetica-Bold";"12,0";"305,959";"306,1";"0,00023031688990529165";"0,25522704998366547";"0,48908526625285853";"False";"BATANG TUBUH";"PARAGRAF 2"
"27";"Pasal 62";"282,1";"329,97200000000004";"545,804";"557,804";"612,2";"Helvetica-Bold";"12,0";"306,03600000000006";"306,1";"0,00010454099967325143";"0,460797125122509";"0,07819666775563543";"False";"BATANG TUBUH";"PASAL 62"
"27";"(1) Perkawinan penduduk Daerah di luar wilayah Negara Kesatuan";"169,85";"541,0260000000001";"581,204";"593,204";"612,2";"Helvetica";"12,0";"355,43800000000005";"306,1";"0,08059131002940219";"0,27744201241424366";"0,6062985952303169";"False";"BATANG TUBUH";"PASAL 62"
"27";"Republik Indonesia wajib dicatatkan pada instansi yang";"196,85";"540,9260000000002";"597,804";"609,804";"612,2";"Helvetica";"12,0";"368,8880000000001";"306,1";"0,10256125449199618";"0,3215452466514211";"0,5620320156811501";"False";"BATANG TUBUH";"PASAL 62"
"27";"berwenang di negara setempat dan dilaporkan pada Perwakilan";"196,85";"541,1940000000001";"614,404";"626,404";"612,2";"Helvetica";"12,0";"369,02200000000005";"306,1";"0,1027801372100621";"0,3215452466514211";"0,562469781117282";"False";"BATANG TUBUH";"PASAL 62"
"27";"Republik Indonesia.";"196,85";"302,036";"630,804";"642,804";"612,2";"Helvetica";"12,0";"249,44299999999998";"306,1";"0,09254655341391707";"0,3215452466514211";"0,17181639986932376";"False";"BATANG TUBUH";"PASAL 62"
"27";"(2) Apabila negara setempat sebagaimana dimaksud pada ayat (1)";"169,85";"540,7700000000001";"648,404";"660,404";"612,2";"Helvetica";"12,0";"355,31000000000006";"306,1";"0,0803822280300556";"0,27744201241424366";"0,6058804312316237";"False";"BATANG TUBUH";"PASAL 62"
"27";"tidak menyelenggarakan pencatatan perkawinan bagi Orang";"196,85";"541,08";"665,0039999999999";"677,004";"612,2";"Helvetica";"12,000000000000028";"368,96500000000003";"306,1";"0,10268703038222804";"0,3215452466514211";"0,5622835674616138";"False";"BATANG TUBUH";"PASAL 62"
"27";"Asing, pencatatan dilakukan pada Perwakilan Republik";"196,85";"540,938";"681,634";"693,634";"612,2";"Helvetica";"12,0";"368,894";"306,1";"0,10257105521071541";"0,3215452466514211";"0,5620516171185886";"False";"BATANG TUBUH";"PASAL 62"
"27";"Indonesia setempat.";"196,85";"304,836";"698,2339999999999";"710,2339999999999";"612,2";"Helvetica";"12,0";"250,84300000000002";"306,1";"0,09025971904606338";"0,3215452466514211";"0,17639006860503106";"False";"BATANG TUBUH";"PASAL 62"
"27";"(3) Perwakilan Republik Indonesia sebagaimana dimaksud pada";"169,85";"540,9620000000001";"715,634";"727,634";"612,2";"Helvetica";"12,0";"355,40600000000006";"306,1";"0,08053903952956556";"0,27744201241424366";"0,6061940542306437";"False";"BATANG TUBUH";"PASAL 62"
"27";"ayat (2) mencatat peristiwa perkawinan dalam Register Akta";"196,85";"541,0820000000001";"732,2339999999999";"744,2339999999999";"612,2";"Helvetica";"12,0";"368,96600000000007";"306,1";"0,10268866383534798";"0,3215452466514211";"0,5622868343678538";"False";"BATANG TUBUH";"PASAL 62"
"27";"Perkawinan dan menerbitkan Kutipan Akta Perkawinan.";"196,85";"492,886";"748,834";"760,834";"612,2";"Helvetica";"12,0";"344,868";"306,1";"0,0633257105521071";"0,3215452466514211";"0,48356092780137216";"False";"BATANG TUBUH";"PASAL 62"
"27";"(4) Pencatatan perkawinan sebagaimana dimaksud pada ayat (1)";"169,85";"540,7700000000001";"766,434";"778,434";"612,2";"Helvetica";"12,0";"355,31000000000006";"306,1";"0,0803822280300556";"0,27744201241424366";"0,6058804312316237";"False";"BATANG TUBUH";"PASAL 62"
"27";"dan ayat (2) dilaporkan oleh yang bersangkutan kepada Dinas";"196,85";"541,15";"783,034";"795,034";"612,2";"Helvetica";"11,999999999999986";"369,0";"306,1";"0,10274420124142433";"0,3215452466514211";"0,5623979091800064";"False";"BATANG TUBUH";"PASAL 62"
"27";"paling lambat 30 (tiga puluh) hari sejak yang bersangkutan";"196,85";"540,9020000000002";"799,454";"811,454";"612,2";"Helvetica";"12,0";"368,8760000000001";"306,1";"0,10254165305455744";"0,3215452466514211";"0,5619928128062727";"False";"BATANG TUBUH";"PASAL 62"
"27";"kembali ke wilayah Daerah.";"196,85";"343,43600000000004";"816,059";"828,059";"612,2";"Helvetica";"12,0";"270,14300000000003";"306,1";"0,058734073832081006";"0,3215452466514211";"0,2394413590329958";"False";"BATANG TUBUH";"PASAL 62"
"28";"28";"300,1";"312,1";"44,19200000000001";"56,19200000000001";"612,2";"Times New Roman,Bold";"12,0";"306,1";"306,1";"0,0";"0,49019928128062723";"0,019601437438745508";"False";"HALAMAN";""
"28";"Bagian Keempat";"259,08";"352,82399999999996";"80,904";"92,904";"612,2";"Helvetica-Bold";"12,0";"305,952";"306,1";"0,00024175106174456802";"0,4231950343025155";"0,15312642927147985";"False";"BATANG TUBUH";"BAGIAN KEEMPAT"
"28";"Pencatatan Pembatalan Perkawinan";"203,68";"408,426";"99,10400000000004";"111,10400000000004";"612,2";"Helvetica-Bold";"12,0";"306,053";"306,1";"7,677229663512817e-05";"0,33270173146030707";"0,3344429924861156";"False";"BATANG TUBUH";"BAGIAN KEEMPAT"
"28";"Pasal 63";"282,1";"329,97200000000004";"135,70400000000006";"147,70400000000006";"612,2";"Helvetica-Bold";"12,0";"306,03600000000006";"306,1";"0,00010454099967325143";"0,460797125122509";"0,07819666775563543";"False";"BATANG TUBUH";"PASAL 63"
"28";"(1) Pembatalan perkawinan wajib dilaporkan oleh Penduduk yang";"169,85";"540,9380000000001";"172,30399999999997";"184,30399999999997";"612,2";"Helvetica";"12,0";"355,39400000000006";"306,1";"0,08051943809212682";"0,27744201241424366";"0,6061548513557662";"False";"BATANG TUBUH";"PASAL 63"
"28";"mengalami pembatalan perkawinan kepada Dinas paling lambat";"196,85";"541,03";"189,534";"201,534";"612,2";"Helvetica";"12,0";"368,94";"306,1";"0,10264619405423059";"0,3215452466514211";"0,562201894805619";"False";"BATANG TUBUH";"PASAL 63"
"28";"90 (sembilan puluh) hari setelah Putusan Pengadilan tentang";"196,85";"541,158";"206,93399999999997";"218,93399999999997";"612,2";"Helvetica";"12,0";"369,004";"306,1";"0,10275073505390393";"0,3215452466514211";"0,5624109768049657";"False";"BATANG TUBUH";"PASAL 63"
"28";"pembatalan perkawinan yang telah memperoleh kekuatan";"196,85";"541,3299999999999";"224,13400000000001";"236,13400000000001";"612,2";"Helvetica";"12,0";"369,09";"306,1";"0,10289121202221488";"0,3215452466514211";"0,5626919307415875";"False";"BATANG TUBUH";"PASAL 63"
"28";"hukum tetap.";"196,85";"266,00600000000003";"241,33400000000006";"253,33400000000006";"612,2";"Helvetica";"12,0";"231,428";"306,1";"0,12197321136883375";"0,3215452466514211";"0,11296308395949041";"False";"BATANG TUBUH";"PASAL 63"
"28";"(2) Dinas sebagaimana dimaksud pada ayat (1) mencabut Kutipan";"169,85";"540,9000000000002";"259,534";"271,534";"612,2";"Helvetica";"12,0";"355,3750000000001";"306,1";"0,08048840248284889";"0,27744201241424366";"0,6060927801372104";"False";"BATANG TUBUH";"PASAL 63"
"28";"Akta Perkawinan dari kepemilikan subyek akta dan";"196,85";"541,166";"276,93399999999997";"288,93399999999997";"612,2";"Helvetica";"12,0";"369,00800000000004";"306,1";"0,10275726886638355";"0,3215452466514211";"0,5624240444299249";"False";"BATANG TUBUH";"PASAL 63"
"28";"mengeluarkan Surat Keterangan Pembatalan Perkawinan.";"196,85";"506,606";"294,134";"306,134";"612,2";"Helvetica";"12,0";"351,728";"306,1";"0,07453119895458997";"0,3215452466514211";"0,5059719046063377";"False";"BATANG TUBUH";"PASAL 63"
"28";"Bagian Kelima";"264,67";"347,262";"330,35400000000004";"342,35400000000004";"612,2";"Helvetica-Bold";"12,0";"305,966";"306,1";"0,00021888271806601525";"0,4323260372427311";"0,13491016007840573";"False";"BATANG TUBUH";"BAGIAN KELIMA"
"28";"Pencatatan Perceraian";"241,68";"370,12800000000004";"348,754";"360,754";"612,2";"Helvetica-Bold";"12,0";"305,904";"306,1";"0,00032015681149955304";"0,3947729500163345";"0,20981378634433195";"False";"BATANG TUBUH";"BAGIAN KELIMA"
"28";"Paragraf 1";"276,67";"335,12200000000007";"366,95400000000006";"378,95400000000006";"612,2";"Helvetica-Bold";"12,0";"305,8960000000001";"306,1";"0,0003332244364585934";"0,45192747468147665";"0,09547860176412945";"False";"BATANG TUBUH";"PARAGRAF 1"
"28";"Pencatatan Perceraian di Wilayah Daerah";"188,25";"423,432";"385,154";"397,154";"612,2";"Helvetica-Bold";"12,0";"305,841";"306,1";"0,0004230643580529476";"0,3074975498203201";"0,38415877164325385";"False";"BATANG TUBUH";"PARAGRAF 1"
"28";"Pasal 64";"282,1";"329,97200000000004";"421,78399999999993";"433,78399999999993";"612,2";"Helvetica-Bold";"12,0";"306,03600000000006";"306,1";"0,00010454099967325143";"0,460797125122509";"0,07819666775563543";"False";"BATANG TUBUH";"PASAL 64"
"28";"(1) Perceraian wajib dilaporkan oleh yang bersangkutan kepada";"169,85";"540,9140000000002";"458,38399999999996";"470,38399999999996";"612,2";"Helvetica";"12,0";"355,3820000000001";"306,1";"0,08049983665468816";"0,27744201241424366";"0,6061156484808888";"False";"BATANG TUBUH";"PASAL 64"
"28";"Dinas paling lambat 60 (enam puluh) hari sejak Putusan";"196,85";"541,198";"475,58399999999995";"487,58399999999995";"612,2";"Helvetica";"12,0";"369,024";"306,1";"0,10278340411630182";"0,3215452466514211";"0,5624763149297614";"False";"BATANG TUBUH";"PASAL 64"
"28";"Pengadilan tentang perceraian yang telah memperoleh kekuatan";"196,85";"541,3199999999999";"492,984";"504,984";"612,2";"Helvetica";"12,0";"369,085";"306,1";"0,1028830447566154";"0,3215452466514211";"0,5626755962103885";"False";"BATANG TUBUH";"PASAL 64"
"28";"hukum tetap.";"196,85";"266,00600000000003";"510,18399999999997";"522,184";"612,2";"Helvetica";"12,0";"231,428";"306,1";"0,12197321136883375";"0,3215452466514211";"0,11296308395949041";"False";"BATANG TUBUH";"PASAL 64"
"28";"(2) Berdasarkan laporan sebagaimana dimaksud pada ayat (1),";"169,85";"540,7580000000002";"528,384";"540,384";"612,2";"Helvetica";"12,0";"355,3040000000001";"306,1";"0,08037242731133626";"0,27744201241424366";"0,6058608297941851";"False";"BATANG TUBUH";"PASAL 64"
"28";"Pejabat Pencatatan Sipil mencatat pada Register Akta";"196,85";"541,1480000000001";"545,604";"557,604";"612,2";"Helvetica";"12,0";"368,9990000000001";"306,1";"0,10274256778830457";"0,3215452466514211";"0,5623946422737669";"False";"BATANG TUBUH";"PASAL 64"
"28";"Perceraian dan menerbitkan Kutipan Akta Perceraian.";"196,85";"483,4100000000001";"563,0039999999999";"575,0039999999999";"612,2";"Helvetica";"12,0";"340,13000000000005";"306,1";"0,05558640967004251";"0,3215452466514211";"0,4680823260372428";"False";"BATANG TUBUH";"PASAL 64"
"28";"Paragraf 2";"276,67";"335,12200000000007";"599,204";"611,204";"612,2";"Helvetica-Bold";"12,0";"305,8960000000001";"306,1";"0,0003332244364585934";"0,45192747468147665";"0,09547860176412945";"False";"BATANG TUBUH";"PARAGRAF 2"
"28";"Pencatatan Perceraian di luar Wilayah Daerah";"175,65";"436,28000000000003";"617,404";"629,404";"612,2";"Helvetica-Bold";"12,0";"305,96500000000003";"306,1";"0,0002205161711858721";"0,28691604050963737";"0,42572688663835345";"False";"BATANG TUBUH";"PARAGRAF 2"
"28";"Pasal 65";"282,1";"329,97200000000004";"654,0039999999999";"666,004";"612,2";"Helvetica-Bold";"12,000000000000028";"306,03600000000006";"306,1";"0,00010454099967325143";"0,460797125122509";"0,07819666775563543";"False";"BATANG TUBUH";"PASAL 65"
"28";"(1) Perceraian penduduk Daerah di luar wilayah Negara Kesatuan";"169,85";"541,106";"690,634";"702,634";"612,2";"Helvetica";"12,0";"355,478";"306,1";"0,08065664815419794";"0,27744201241424366";"0,6064292714799084";"False";"BATANG TUBUH";"PASAL 65"
"28";"Republik Indonesia wajib dicatatkan pada instansi yang";"196,85";"541,056";"707,834";"719,834";"612,2";"Helvetica";"12,0";"368,95300000000003";"306,1";"0,1026674289447893";"0,3215452466514211";"0,5622443645867363";"False";"BATANG TUBUH";"PASAL 65"
"28";"berwenang di negara setempat dan dilaporkan pada Perwakilan";"196,85";"541,1940000000001";"725,2339999999999";"737,2339999999999";"612,2";"Helvetica";"12,0";"369,02200000000005";"306,1";"0,1027801372100621";"0,3215452466514211";"0,562469781117282";"False";"BATANG TUBUH";"PASAL 65"
"28";"Republik Indonesia.";"196,85";"302,036";"742,434";"754,434";"612,2";"Helvetica";"12,0";"249,44299999999998";"306,1";"0,09254655341391707";"0,3215452466514211";"0,17181639986932376";"False";"BATANG TUBUH";"PASAL 65"
"28";"(2) Apabila negara setempat sebagaimana dimaksud pada ayat (1)";"169,85";"540,7700000000001";"760,634";"772,634";"612,2";"Helvetica";"12,0";"355,31000000000006";"306,1";"0,0803822280300556";"0,27744201241424366";"0,6058804312316237";"False";"BATANG TUBUH";"PASAL 65"
"28";"tidak menyelenggarakan pencatatan perceraian bagi Orang";"196,85";"540,9140000000001";"777,834";"789,834";"612,2";"Helvetica";"12,0";"368,88200000000006";"306,1";"0,10255145377327676";"0,3215452466514211";"0,5620124142437113";"False";"BATANG TUBUH";"PASAL 65"
"28";"Asing, pencatatan dilakukan pada Perwakilan Republik";"196,85";"540,938";"795,264";"807,264";"612,2";"Helvetica";"12,0";"368,894";"306,1";"0,10257105521071541";"0,3215452466514211";"0,5620516171185886";"False";"BATANG TUBUH";"PASAL 65"
"28";"Indonesia setempat.";"196,85";"304,836";"812,459";"824,459";"612,2";"Helvetica";"12,0";"250,84300000000002";"306,1";"0,09025971904606338";"0,3215452466514211";"0,17639006860503106";"False";"BATANG TUBUH";"PASAL 65"
"29";"29";"300,1";"312,1";"44,19200000000001";"56,19200000000001";"612,2";"Times New Roman,Bold";"12,0";"306,1";"306,1";"0,0";"0,49019928128062723";"0,019601437438745508";"False";"HALAMAN";""
"29";"(3) Perwakilan Republik Indonesia sebagaimana dimaksud pada";"169,85";"540,9620000000001";"81,10400000000004";"93,10400000000004";"612,2";"Helvetica";"12,0";"355,40600000000006";"306,1";"0,08053903952956556";"0,27744201241424366";"0,6061940542306437";"False";"BATANG TUBUH";"PASAL 65"
"29";"ayat (2) mencatat peristiwa perceraian dalam Register Akta";"196,85";"541,046";"98,30399999999997";"110,30399999999997";"612,2";"Helvetica";"12,0";"368,94800000000004";"306,1";"0,10265926167918982";"0,3215452466514211";"0,5622280300555375";"False";"BATANG TUBUH";"PASAL 65"
"29";"Perceraian dan menerbitkan Kutipan Akta Perceraian.";"196,85";"483,68600000000004";"115,50400000000002";"127,50400000000002";"612,2";"Helvetica";"12,0";"340,26800000000003";"306,1";"0,05581182620058805";"0,3215452466514211";"0,4685331590983339";"False";"BATANG TUBUH";"PASAL 65"
"29";"(4) Pencatatan perceraian sebagaimana dimaksud pada ayat (1)";"169,85";"541,1139999999999";"133,904";"145,904";"612,2";"Helvetica";"12,0";"355,48199999999997";"306,1";"0,08066318196667746";"0,27744201241424366";"0,6064423391048674";"False";"BATANG TUBUH";"PASAL 65"
"29";"dan ayat (2) dilaporkan oleh yang bersangkutan kepada Dinas";"196,85";"541,15";"151,10400000000004";"163,10400000000004";"612,2";"Helvetica";"12,0";"369,0";"306,1";"0,10274420124142433";"0,3215452466514211";"0,5623979091800064";"False";"BATANG TUBUH";"PASAL 65"
"29";"paling lambat 30 (tiga puluh) hari sejak yang bersangkutan";"196,85";"540,9020000000002";"168,30399999999997";"180,30399999999997";"612,2";"Helvetica";"12,0";"368,8760000000001";"306,1";"0,10254165305455744";"0,3215452466514211";"0,5619928128062727";"False";"BATANG TUBUH";"PASAL 65"
"29";"kembali ke wilayah Daerah.";"196,85";"343,43600000000004";"185,534";"197,534";"612,2";"Helvetica";"12,0";"270,14300000000003";"306,1";"0,058734073832081006";"0,3215452466514211";"0,2394413590329958";"False";"BATANG TUBUH";"PASAL 65"
"29";"Bagian Keenam";"261,08";"350,9";"221,93399999999997";"233,93399999999997";"612,2";"Helvetica-Bold";"12,0";"305,99";"306,1";"0,00017967984318852277";"0,4264619405423064";"0,14671675922901012";"False";"BATANG TUBUH";"BAGIAN KEENAM"
"29";"Pencatatan Pembatalan Perceraian";"206,27";"405,26599999999996";"240,13400000000001";"252,13400000000001";"612,2";"Helvetica-Bold";"12,0";"305,768";"306,1";"0,0005423064358053747";"0,33693237504083634";"0,32505063704671666";"False";"BATANG TUBUH";"BAGIAN KEENAM"
"29";"Pasal 66";"282,1";"329,97200000000004";"276,73400000000004";"288,73400000000004";"612,2";"Helvetica-Bold";"12,0";"306,03600000000006";"306,1";"0,00010454099967325143";"0,460797125122509";"0,07819666775563543";"False";"BATANG TUBUH";"PASAL 66"
"29";"(1) Pembatalan perceraian bagi Penduduk wajib dilaporkan oleh";"169,85";"541,186";"313,35400000000004";"325,35400000000004";"612,2";"Helvetica";"12,0";"355,51800000000003";"306,1";"0,0807219862789938";"0,27744201241424366";"0,6065599477295002";"False";"BATANG TUBUH";"PASAL 66"
"29";"Penduduk kepada Dinas paling lambat 60 (enam puluh) hari";"196,85";"540,992";"330,554";"342,554";"612,2";"Helvetica";"12,0";"368,921";"306,1";"0,10261515844495257";"0,3215452466514211";"0,5621398235870629";"False";"BATANG TUBUH";"PASAL 66"
"29";"setelah Putusan Pengadilan tentang pembatalan perceraian";"196,85";"540,988";"347,95400000000006";"359,95400000000006";"612,2";"Helvetica";"12,0";"368,91900000000004";"306,1";"0,10261189153871286";"0,3215452466514211";"0,5621332897745834";"False";"BATANG TUBUH";"PASAL 66"
"29";"mempunyai kekuatan hukum tetap.";"196,85";"383,466";"365,154";"377,154";"612,2";"Helvetica";"12,0";"290,158";"306,1";"0,026040509637373418";"0,3215452466514211";"0,304828487422411";"False";"BATANG TUBUH";"PASAL 66"
"29";"(2) Berdasarkan laporan sebagaimana dimaksud pada ayat (1),";"169,85";"540,7580000000002";"383,35400000000004";"395,35400000000004";"612,2";"Helvetica";"12,0";"355,3040000000001";"306,1";"0,08037242731133626";"0,27744201241424366";"0,6058608297941851";"False";"BATANG TUBUH";"PASAL 66"
"29";"Dinas mencabut Kutipan Akta Perceraian dari kepemilikan";"196,85";"541,198";"400,554";"412,554";"612,2";"Helvetica";"12,0";"369,024";"306,1";"0,10278340411630182";"0,3215452466514211";"0,5624763149297614";"False";"BATANG TUBUH";"PASAL 66"
"29";"subjek akta dan mengeluarkan Surat Keterangan Pembatalan";"196,85";"540,9020000000002";"417,95399999999995";"429,95399999999995";"612,2";"Helvetica";"12,0";"368,8760000000001";"306,1";"0,10254165305455744";"0,3215452466514211";"0,5619928128062727";"False";"BATANG TUBUH";"PASAL 66"
"29";"Perceraian.";"196,85";"257,966";"435,18399999999997";"447,18399999999997";"612,2";"Helvetica";"12,0";"227,40800000000002";"306,1";"0,12853969291081346";"0,3215452466514211";"0,09983012087553089";"False";"BATANG TUBUH";"PASAL 66"
"29";"Bagian Ketujuh";"262,08";"349,95599999999996";"471,38399999999996";"483,38399999999996";"612,2";"Helvetica-Bold";"12,0";"306,018";"306,1";"0,00013394315583151008";"0,42809539366220184";"0,1435413263639333";"False";"BATANG TUBUH";"BAGIAN KETUJUH"
"29";"Pencatatan Kematian";"245,27";"366,35";"489,78399999999993";"501,78399999999993";"612,2";"Helvetica-Bold";"12,0";"305,81";"306,1";"0,0004737014047697165";"0,4006370467167592";"0,19777850375694217";"False";"BATANG TUBUH";"BAGIAN KETUJUH"
"29";"Paragraf 1";"276,67";"335,12200000000007";"507,984";"519,9839999999999";"612,2";"Helvetica-Bold";"12,0";"305,8960000000001";"306,1";"0,0003332244364585934";"0,45192747468147665";"0,09547860176412945";"False";"BATANG TUBUH";"PARAGRAF 1"
"29";"Pencatatan Kematian di Wilayah Daerah";"191,85";"419,854";"526,184";"538,184";"612,2";"Helvetica-Bold";"12,0";"305,852";"306,1";"0,0004050963737341511";"0,31337798105194375";"0,3724338451486442";"False";"BATANG TUBUH";"PARAGRAF 1"
"29";"Pasal 67";"280,3";"331,572";"562,804";"574,804";"612,2";"Helvetica-Bold";"12,0";"305,93600000000004";"306,1";"0,00026788631166283443";"0,45785690950669716";"0,08375040836327996";"False";"BATANG TUBUH";"PASAL 67"
"29";"(1) Setiap kematian wajib dilaporkan oleh keluarganya atau yang";"169,85";"540,9020000000002";"599,404";"611,404";"612,2";"Helvetica";"12,0";"355,3760000000001";"306,1";"0,08049003593596875";"0,27744201241424366";"0,60609604704345";"False";"BATANG TUBUH";"PASAL 67"
"29";"mewakili kepada Dinas paling lambat 30 (tiga puluh) hari sejak";"196,85";"540,894";"616,604";"628,604";"612,2";"Helvetica";"12,0";"368,872";"306,1";"0,10253511924207773";"0,3215452466514211";"0,5619797451813132";"False";"BATANG TUBUH";"PASAL 67"
"29";"tanggal kematian.";"196,85";"291,43600000000004";"634,0039999999999";"646,0039999999999";"612,2";"Helvetica";"12,0";"244,14300000000003";"306,1";"0,10120385494936293";"0,3215452466514211";"0,15450179679843193";"False";"BATANG TUBUH";"PASAL 67"
"29";"(2) Berdasarkan laporan sebagaimana dimaksud pada ayat (1)";"169,85";"540,8180000000001";"652,204";"664,204";"612,2";"Helvetica";"12,0";"355,33400000000006";"306,1";"0,08042143090493309";"0,27744201241424366";"0,6059588369813788";"False";"BATANG TUBUH";"PASAL 67"
"29";"Pejabat Pencatatan Sipil mencatat pada Register Akta Kematian";"196,85";"540,8540000000002";"669,434";"681,434";"612,2";"Helvetica";"12,0";"368,8520000000001";"306,1";"0,10250245017967995";"0,3215452466514211";"0,5619144070565176";"False";"BATANG TUBUH";"PASAL 67"
"29";"dan menerbitkan Kutipan Akta Kematian.";"196,85";"414,856";"686,634";"698,634";"612,2";"Helvetica";"12,0";"305,853";"306,1";"0,00040346292061420135";"0,3215452466514211";"0,3561025808559294";"False";"BATANG TUBUH";"PASAL 67"
"29";"(3) Pencatatan kematian sebagaimana dimaksud pada ayat (2)";"169,85";"541,0659999999999";"704,834";"716,834";"612,2";"Helvetica";"12,0";"355,45799999999997";"306,1";"0,08062397909179997";"0,27744201241424366";"0,6063639333551125";"False";"BATANG TUBUH";"PASAL 67"
"29";"dilakukan berdasarkan keterangan kematian dari pihak yang";"196,85";"541,118";"722,2339999999999";"734,2339999999999";"612,2";"Helvetica";"12,0";"368,98400000000004";"306,1";"0,10271806599150606";"0,3215452466514211";"0,5623456386801698";"False";"BATANG TUBUH";"PASAL 67"
"29";"berwenang.";"196,85";"259,416";"739,434";"751,434";"612,2";"Helvetica";"12,0";"228,13299999999998";"306,1";"0,1273554393988893";"0,3215452466514211";"0,10219862789937928";"False";"BATANG TUBUH";"PASAL 67"
"29";"(4) Dalam hal terjadi ketidakjelasan keberadaan seseorang karena";"169,85";"540,9380000000001";"757,634";"769,634";"612,2";"Helvetica";"12,0";"355,39400000000006";"306,1";"0,08051943809212682";"0,27744201241424366";"0,6061548513557662";"False";"BATANG TUBUH";"PASAL 67"
"29";"hilang atau mati tetapi tidak ditemukan jenazahnya, pencatatan";"196,85";"540,7940000000002";"774,834";"786,834";"612,2";"Helvetica";"12,0";"368,8220000000001";"306,1";"0,10245344658608313";"0,3215452466514211";"0,561816399869324";"False";"BATANG TUBUH";"PASAL 67"
"29";"oleh Pejabat Pencatatan Sipil baru dilakukan setelah adanya";"196,85";"541,1740000000001";"792,264";"804,264";"612,2";"Helvetica";"11,999999999999986";"369,01200000000006";"306,1";"0,10276380267886316";"0,3215452466514211";"0,5624371120548841";"False";"BATANG TUBUH";"PASAL 67"
"29";"Penetapan Pengadilan.";"196,85";"321,43600000000004";"809,454";"821,454";"612,2";"Helvetica";"12,0";"259,14300000000003";"306,1";"0,07670205815093105";"0,3215452466514211";"0,2035053903952957";"False";"BATANG TUBUH";"PASAL 67"
"30";"30";"300,1";"312,1";"44,19200000000001";"56,19200000000001";"612,2";"Times New Roman,Bold";"12,0";"306,1";"306,1";"0,0";"0,49019928128062723";"0,019601437438745508";"False";"HALAMAN";""
"30";"(5) Dalam hal terjadi kematian seseorang yang tidak jelas";"169,85";"540,8180000000002";"81,10400000000004";"93,10400000000004";"612,2";"Helvetica";"12,0";"355,3340000000001";"306,1";"0,08042143090493317";"0,27744201241424366";"0,6059588369813789";"False";"BATANG TUBUH";"PASAL 67"
"30";"identitasnya, Dinas melakukan pencatatan kematian";"196,85";"541,056";"98,30399999999997";"110,30399999999997";"612,2";"Helvetica";"12,0";"368,95300000000003";"306,1";"0,1026674289447893";"0,3215452466514211";"0,5622443645867363";"False";"BATANG TUBUH";"PASAL 67"
"30";"berdasarkan keterangan dari Kepolisian.";"196,85";"412,22";"115,50400000000002";"127,50400000000002";"612,2";"Helvetica";"12,0";"304,535";"306,1";"0,0025563541326363895";"0,3215452466514211";"0,35179679843188505";"False";"BATANG TUBUH";"PASAL 67"
"30";"Paragraf 2";"276,67";"335,12200000000007";"151,904";"163,904";"612,2";"Helvetica-Bold";"12,0";"305,8960000000001";"306,1";"0,0003332244364585934";"0,45192747468147665";"0,09547860176412945";"False";"BATANG TUBUH";"PARAGRAF 2"
"30";"Pencatatan Kematian di luar Wilayah Daerah";"179,25";"432,49";"170,10400000000004";"182,10400000000004";"612,2";"Helvetica-Bold";"12,0";"305,87";"306,1";"0,00037569421757598526";"0,292796471741261";"0,413655668082326";"False";"BATANG TUBUH";"PARAGRAF 2"
"30";"Pasal 68";"282,1";"329,97200000000004";"206,73400000000004";"218,73400000000004";"612,2";"Helvetica-Bold";"12,0";"306,03600000000006";"306,1";"0,00010454099967325143";"0,460797125122509";"0,07819666775563543";"False";"BATANG TUBUH";"PASAL 68"
"30";"(1) Kematian penduduk Daerah di luar wilayah Negara Kesatuan";"169,85";"541,072";"243,33400000000006";"255,33400000000006";"612,2";"Helvetica";"12,0";"355,461";"306,1";"0,08062887945115974";"0,27744201241424366";"0,606373734073832";"False";"BATANG TUBUH";"PASAL 68"
"30";"Republik Indonesia wajib dilaporkan oleh keluarganya atau yang";"196,85";"540,8900000000003";"260,534";"272,534";"612,2";"Helvetica";"12,0";"368,8700000000002";"306,1";"0,1025318523358382";"0,3215452466514211";"0,5619732113688342";"False";"BATANG TUBUH";"PASAL 68"
"30";"mewakili keluarganya kepada Perwakilan Republik Indonesia";"196,85";"540,9260000000002";"277,93399999999997";"289,93399999999997";"612,2";"Helvetica";"12,0";"368,8880000000001";"306,1";"0,10256125449199618";"0,3215452466514211";"0,5620320156811501";"False";"BATANG TUBUH";"PASAL 68"
"30";"dan wajib dicatatkan kepada instansi yang berwenang di negara";"196,85";"540,9140000000002";"295,134";"307,134";"612,2";"Helvetica";"12,0";"368,8820000000001";"306,1";"0,10255145377327686";"0,3215452466514211";"0,5620124142437115";"False";"BATANG TUBUH";"PASAL 68"
"30";"setempat, paling lambat 7 (tujuh) hari setelah kematian.";"196,85";"492,286";"312,35400000000004";"324,35400000000004";"612,2";"Helvetica";"12,0";"344,568";"306,1";"0,06283567461613845";"0,3215452466514211";"0,48258085592943484";"False";"BATANG TUBUH";"PASAL 68"
"30";"(2) Apabila Perwakilan Republik Indonesia mengetahui peristiwa";"169,85";"540,9620000000001";"330,554";"342,554";"612,2";"Helvetica";"12,0";"355,40600000000006";"306,1";"0,08053903952956556";"0,27744201241424366";"0,6061940542306437";"False";"BATANG TUBUH";"PASAL 68"
"30";"kematian seseorang penduduk Daerah di negara setempat yang";"196,85";"541,114";"347,95400000000006";"359,95400000000006";"612,2";"Helvetica";"12,0";"368,982";"306,1";"0,10271479908526625";"0,3215452466514211";"0,5623391048676902";"False";"BATANG TUBUH";"PASAL 68"
"30";"tidak dilaporkan dan dicatatkan paling lambat 7 (tujuh) hari sejak";"196,85";"540,7940000000001";"365,154";"377,154";"612,2";"Helvetica";"12,0";"368,82200000000006";"306,1";"0,10245344658608303";"0,3215452466514211";"0,5618163998693239";"False";"BATANG TUBUH";"PASAL 68"
"30";"diterimanya informasi tersebut, pencatatan kematiannya";"196,85";"541,118";"382,35400000000004";"394,35400000000004";"612,2";"Helvetica";"12,0";"368,98400000000004";"306,1";"0,10271806599150606";"0,3215452466514211";"0,5623456386801698";"False";"BATANG TUBUH";"PASAL 68"
"30";"dilakukan oleh Perwakilan Republik Indonesia.";"196,85";"444,266";"399,554";"411,5539999999999";"612,2";"Helvetica";"11,999999999999943";"320,558";"306,1";"0,023616465207448496";"0,3215452466514211";"0,4041424371120549";"False";"BATANG TUBUH";"PASAL 68"
"30";"(3) Dalam hal seseorang penduduk Daerah dinyatakan hilang,";"169,85";"541,01";"417,95399999999995";"429,95399999999995";"612,2";"Helvetica";"12,0";"355,43";"306,1";"0,08057824240444296";"0,27744201241424366";"0,6062724599803985";"False";"BATANG TUBUH";"PASAL 68"
"30";"pernyataan kematian karena hilang dan pencatatannya";"196,85";"540,9020000000002";"435,18399999999997";"447,18399999999997";"612,2";"Helvetica";"12,0";"368,8760000000001";"306,1";"0,10254165305455744";"0,3215452466514211";"0,5619928128062727";"False";"BATANG TUBUH";"PASAL 68"
"30";"dilakukan oleh instansi yang berwenang di negara setempat.";"196,85";"518,886";"452,38399999999996";"464,38399999999996";"612,2";"Helvetica";"12,0";"357,868";"306,1";"0,08456060111074808";"0,3215452466514211";"0,5260307089186539";"False";"BATANG TUBUH";"PASAL 68"
"30";"(4) Dalam hal terjadi kematian seseorang penduduk Daerah yang";"169,85";"541,214";"470,58399999999995";"482,58399999999995";"612,2";"Helvetica";"12,0";"355,53200000000004";"306,1";"0,08074485462267235";"0,27744201241424366";"0,6066056844168572";"False";"BATANG TUBUH";"PASAL 68"
"30";"tidak jelas identitasnya, pernyataan dan pencatatan dilakukan";"196,85";"541,0820000000002";"487,984";"499,984";"612,2";"Helvetica";"12,0";"368,9660000000001";"306,1";"0,10268866383534808";"0,3215452466514211";"0,5622868343678539";"False";"BATANG TUBUH";"PASAL 68"
"30";"oleh instansi yang berwenang di negara setempat.";"196,85";"464,886";"505,18399999999997";"517,184";"612,2";"Helvetica";"12,0";"330,868";"306,1";"0,04045736687357068";"0,3215452466514211";"0,4378242404442993";"False";"BATANG TUBUH";"PASAL 68"
"30";"(5) Keterangan pernyataan kematian sebagaimana dimaksud pada";"169,85";"540,8420000000001";"523,384";"535,384";"612,2";"Helvetica";"12,0";"355,34600000000006";"306,1";"0,08044103234237183";"0,27744201241424366";"0,6059980398562562";"False";"BATANG TUBUH";"PASAL 68"
"30";"ayat (3) dan ayat (4) dicatatkan pada Perwakilan Republik";"196,85";"541,1579999999999";"540,584";"552,584";"612,2";"Helvetica";"12,0";"369,00399999999996";"306,1";"0,10275073505390385";"0,3215452466514211";"0,5624109768049654";"False";"BATANG TUBUH";"PASAL 68"
"30";"Indonesia setempat.";"196,85";"304,836";"558,0039999999999";"570,0039999999999";"612,2";"Helvetica";"12,0";"250,84300000000002";"306,1";"0,09025971904606338";"0,3215452466514211";"0,17639006860503106";"False";"BATANG TUBUH";"PASAL 68"
"30";"(6) Keterangan sebagaimana dimaksud pada ayat (5) menjadi";"169,85";"540,878";"576,204";"588,204";"612,2";"Helvetica";"12,0";"355,36400000000003";"306,1";"0,0804704344985299";"0,27744201241424366";"0,6060568441685723";"False";"BATANG TUBUH";"PASAL 68"
"30";"dasar Dinas untuk mencatat peristiwa tersebut dan menjadi bukti";"196,85";"541,1320000000001";"593,404";"605,404";"612,2";"Helvetica";"12,0";"368,99100000000004";"306,1";"0,10272950016334534";"0,3215452466514211";"0,5623685070238484";"False";"BATANG TUBUH";"PASAL 68"
"30";"di Pengadilan sebagai dasar Penetapan Pengadilan mengenai";"196,85";"541,1279999999999";"610,604";"622,604";"612,2";"Helvetica";"12,0";"368,989";"306,1";"0,10272623325710543";"0,3215452466514211";"0,5623619732113686";"False";"BATANG TUBUH";"PASAL 68"
"30";"kematian seseorang.";"196,85";"307,93399999999997";"628,0039999999999";"640,0039999999999";"612,2";"Helvetica";"12,0";"252,392";"306,1";"0,08772950016334535";"0,3215452466514211";"0,1814505063704671";"False";"BATANG TUBUH";"PASAL 68"
"30";"Bagian Kedelapan";"254,08";"357,94";"664,204";"676,204";"612,2";"Helvetica-Bold";"12,000000000000028";"306,01";"306,1";"0,00014701078079064328";"0,4150277687030382";"0,16965044103234234";"False";"BATANG TUBUH";"BAGIAN KEDELAPAN"
"30";"Pencatatan Pengangkatan Anak, Pengakuan Anak dan";"151,05";"461,074";"682,434";"694,434";"612,2";"Helvetica-Bold";"12,0";"306,062";"306,1";"6,207121855604526e-05";"0,24673309376020908";"0,5064096700424697";"False";"BATANG TUBUH";"BAGIAN KEDELAPAN"
"30";"Pengesahan Anak";"254,27";"357,482";"700,634";"712,634";"612,2";"Helvetica-Bold";"12,0";"305,87600000000003";"306,1";"0,0003658934988565657";"0,41533812479581833";"0,16859196341065014";"False";"BATANG TUBUH";"BAGIAN KEDELAPAN"
"30";"Paragraf 1";"276,67";"335,12200000000007";"719,034";"731,034";"612,2";"Helvetica-Bold";"12,0";"305,8960000000001";"306,1";"0,0003332244364585934";"0,45192747468147665";"0,09547860176412945";"False";"BATANG TUBUH";"PARAGRAF 1"
"30";"Pencatatan Pengangkatan Anak di Wilayah Daerah";"161,65";"450,254";"737,2339999999999";"749,2339999999999";"612,2";"Helvetica-Bold";"12,0";"305,952";"306,1";"0,00024175106174456802";"0,26404769683110096";"0,4714211042143091";"False";"BATANG TUBUH";"PARAGRAF 1"
"30";"Pasal 69";"282,1";"329,97200000000004";"773,634";"785,634";"612,2";"Helvetica-Bold";"12,0";"306,03600000000006";"306,1";"0,00010454099967325143";"0,460797125122509";"0,07819666775563543";"False";"BATANG TUBUH";"PASAL 69"
"30";"(1) Pencatatan pengangkatan anak dilaksanakan berdasarkan";"169,85";"541,084";"810,454";"822,454";"612,2";"Helvetica";"12,0";"355,467";"306,1";"0,08063868016987906";"0,27744201241424366";"0,6063933355112706";"False";"BATANG TUBUH";"PASAL 69"
"30";"Penetapan Pengadilan di tempat tinggal pemohon.";"196,85";"466,286";"827,659";"839,659";"612,2";"Helvetica";"12,0";"331,568";"306,1";"0,04160078405749748";"0,3215452466514211";"0,4401110748121529";"False";"BATANG TUBUH";"PASAL 69"
"31";"31";"300,1";"312,1";"44,19200000000001";"56,19200000000001";"612,2";"Times New Roman,Bold";"12,0";"306,1";"306,1";"0,0";"0,49019928128062723";"0,019601437438745508";"False";"HALAMAN";""
"31";"(2) Pencatatan pengangkatan anak sebagaimana dimaksud pada";"169,85";"541,12";"81,10400000000004";"93,10400000000004";"612,2";"Helvetica";"12,0";"355,485";"306,1";"0,08066808232603723";"0,27744201241424366";"0,606452139823587";"False";"BATANG TUBUH";"PASAL 69"
"31";"ayat (1) wajib dilaporkan oleh Penduduk kepada Dinas yang";"196,85";"541,21";"98,30399999999997";"110,30399999999997";"612,2";"Helvetica";"12,0";"369,03000000000003";"306,1";"0,10279320483502123";"0,3215452466514211";"0,5624959163672002";"False";"BATANG TUBUH";"PASAL 69"
"31";"menerbitkan Kutipan Akta Kelahiran paling lambat 30 (tiga";"196,85";"540,9140000000001";"115,50400000000002";"127,50400000000002";"612,2";"Helvetica";"12,0";"368,88200000000006";"306,1";"0,10255145377327676";"0,3215452466514211";"0,5620124142437113";"False";"BATANG TUBUH";"PASAL 69"
"31";"puluh) hari setelah diterimanya salinan Penetapan Pengadilan";"196,85";"541,178";"132,904";"144,904";"612,2";"Helvetica";"12,0";"369,014";"306,1";"0,10276706958510289";"0,3215452466514211";"0,5624436458673635";"False";"BATANG TUBUH";"PASAL 69"
"31";"oleh Penduduk.";"196,85";"280,216";"150,10400000000004";"162,10400000000004";"612,2";"Helvetica";"12,0";"238,53300000000002";"306,1";"0,11036752695197648";"0,3215452466514211";"0,13617445279320484";"False";"BATANG TUBUH";"PASAL 69"
"31";"(3) Berdasarkan laporan sebagaimana dimaksud pada ayat (2),";"169,85";"541,0219999999999";"168,30399999999997";"180,30399999999997";"612,2";"Helvetica";"12,0";"355,436";"306,1";"0,08058804312316228";"0,27744201241424366";"0,6062920614178371";"False";"BATANG TUBUH";"PASAL 69"
"31";"Pejabat Pencatatan Sipil membuat catatan pinggir pada Register";"196,85";"540,7940000000002";"185,534";"197,534";"612,2";"Helvetica";"12,0";"368,8220000000001";"306,1";"0,10245344658608313";"0,3215452466514211";"0,561816399869324";"False";"BATANG TUBUH";"PASAL 69"
"31";"Akta Kelahiran dan Kutipan Akta Kelahiran.";"196,85";"426,626";"202,93399999999997";"214,93399999999997";"612,2";"Helvetica";"12,0";"311,738";"306,1";"0,009209408689970559";"0,3215452466514211";"0,37532832407709893";"False";"BATANG TUBUH";"PASAL 69"
"31";"Paragraf 2";"276,67";"335,12200000000007";"239,13400000000001";"251,13400000000001";"612,2";"Helvetica-Bold";"12,0";"305,8960000000001";"306,1";"0,0003332244364585934";"0,45192747468147665";"0,09547860176412945";"False";"BATANG TUBUH";"PARAGRAF 2"
"31";"Pencatatan Pengangkatan Anak Warga Negara Asing";"154,65";"457,1700000000001";"257,33400000000006";"269,33400000000006";"612,2";"Helvetica-Bold";"12,0";"305,91";"306,1";"0,0003103560927801335";"0,2526135249918327";"0,4941522378307744";"False";"BATANG TUBUH";"PARAGRAF 2"
"31";"di luar Wilayah Negara Kesatuan Republik Indonesia";"156,25";"455,4100000000001";"275,73400000000004";"287,73400000000004";"612,2";"Helvetica-Bold";"12,0";"305,83000000000004";"306,1";"0,0004410323423717442";"0,25522704998366547";"0,4886638353479256";"False";"BATANG TUBUH";"PARAGRAF 2"
"31";"Pasal 70";"282,1";"329,97200000000004";"312,154";"324,154";"612,2";"Helvetica-Bold";"12,0";"306,03600000000006";"306,1";"0,00010454099967325143";"0,460797125122509";"0,07819666775563543";"False";"BATANG TUBUH";"PASAL 70"
"31";"(1) Pengangkatan anak warga negara asing yang dilakukan oleh";"169,85";"541,002";"348,95400000000006";"360,95400000000006";"612,2";"Helvetica";"12,0";"355,426";"306,1";"0,08057170859196335";"0,27744201241424366";"0,6062593923554392";"False";"BATANG TUBUH";"PASAL 70"
"31";"Warga Negara Indonesia di luar wilayah Negara Kesatuan";"196,65";"541,08";"366,154";"378,154";"612,2";"Helvetica";"12,0";"368,865";"306,1";"0,10252368507023846";"0,321218556027442";"0,562610258085593";"False";"BATANG TUBUH";"PASAL 70"
"31";"Republik Indonesia wajib dicatatkan pada instansi yang";"196,65";"541,214";"383,35400000000004";"395,35400000000004";"612,2";"Helvetica";"12,0";"368,932";"306,1";"0,10263312642927146";"0,321218556027442";"0,562829140803659";"False";"BATANG TUBUH";"PASAL 70"
"31";"berwenang di negara setempat.";"196,65";"365,262";"400,554";"412,554";"612,2";"Helvetica";"12,0";"280,956";"306,1";"0,04107154524665143";"0,321218556027442";"0,2754197974518131";"False";"BATANG TUBUH";"PASAL 70"
"31";"(2) Hasil pencatatan pengangkatan anak sebagaimana dimaksud";"169,85";"540,9180000000001";"418,95399999999995";"430,95399999999995";"612,2";"Helvetica";"12,0";"355,38400000000007";"306,1";"0,08050310356092788";"0,27744201241424366";"0,6061221822933683";"False";"BATANG TUBUH";"PASAL 70"
"31";"pada ayat (1) dilaporkan kepada Perwakilan Republik Indonesia.";"196,65";"539,336";"436,18399999999997";"448,18399999999997";"612,2";"Helvetica";"12,0";"367,993";"306,1";"0,10109931394968959";"0,321218556027442";"0,5597615158444953";"False";"BATANG TUBUH";"PASAL 70"
"31";"(3) Apabila negara setempat sebagaimana dimaksud pada ayat (1)";"169,85";"540,8220000000001";"454,38399999999996";"466,38399999999996";"612,2";"Helvetica";"12,0";"355,33600000000007";"306,1";"0,0804246978111729";"0,27744201241424366";"0,6059653707938584";"False";"BATANG TUBUH";"PASAL 70"
"31";"tidak menyelenggarakan pencatatan Pengangkatan Anak bagi";"196,65";"540,9200000000001";"471,58399999999995";"483,58399999999995";"612,2";"Helvetica";"12,0";"368,785";"306,1";"0,10239300882064685";"0,321218556027442";"0,5623489055864098";"False";"BATANG TUBUH";"PASAL 70"
"31";"warga negara asing, warga negara yang bersangkutan";"196,65";"541,094";"488,984";"500,984";"612,2";"Helvetica";"12,0";"368,872";"306,1";"0,10253511924207773";"0,321218556027442";"0,5626331264292715";"False";"BATANG TUBUH";"PASAL 70"
"31";"melaporkan kepada Perwakilan Republik Indonesia setempat";"196,65";"541,058";"506,18399999999997";"518,184";"612,2";"Helvetica";"12,0";"368,854";"306,1";"0,10250571708591956";"0,321218556027442";"0,5625743221169552";"False";"BATANG TUBUH";"PASAL 70"
"31";"untuk mendapatkan surat keterangan pengangkatan anak.";"196,65";"507,35400000000016";"523,384";"535,384";"612,2";"Helvetica";"12,0";"352,00200000000007";"306,1";"0,07497876510944143";"0,321218556027442";"0,507520418163999";"False";"BATANG TUBUH";"PASAL 70"
"31";"(4) Pengangkatan anak warga negara asing sebagaimana";"169,85";"540,9540000000002";"541,584";"553,584";"612,2";"Helvetica";"12,0";"355,4020000000001";"306,1";"0,08053250571708605";"0,27744201241424366";"0,6061809866056846";"False";"BATANG TUBUH";"PASAL 70"
"31";"dimaksud pada ayat (1) dan ayat (3) dilaporkan oleh Penduduk";"196,65";"540,862";"559,0039999999999";"571,0039999999999";"612,2";"Helvetica";"12,0";"368,756";"306,1";"0,10234563868016978";"0,321218556027442";"0,5622541653054557";"False";"BATANG TUBUH";"PASAL 70"
"31";"kepada Instansi Pelaksana di tempat tinggalnya paling lambat";"196,65";"541,116";"576,204";"588,204";"612,2";"Helvetica";"12,0";"368,883";"306,1";"0,10255308722639653";"0,321218556027442";"0,5626690623979091";"False";"BATANG TUBUH";"PASAL 70"
"31";"30 (tiga puluh) hari sejak yang bersangkutan kembali ke";"196,65";"540,9540000000001";"593,404";"605,404";"612,2";"Helvetica";"12,0";"368,802";"306,1";"0,10242077752368506";"0,321218556027442";"0,5624044429924863";"False";"BATANG TUBUH";"PASAL 70"
"31";"Republik Indonesia.";"196,65";"301,758";"610,604";"622,604";"612,2";"Helvetica";"12,0";"249,204";"306,1";"0,09293694870957206";"0,321218556027442";"0,17168899052597186";"False";"BATANG TUBUH";"PASAL 70"
"31";"(5) Berdasarkan laporan sebagaimana dimaksud pada ayat (4),";"169,85";"540,7380000000002";"629,0039999999999";"641,0039999999999";"612,2";"Helvetica";"12,0";"355,2940000000001";"306,1";"0,08035609278013732";"0,27744201241424366";"0,6058281607317872";"False";"BATANG TUBUH";"PASAL 70"
"31";"Instansi Pelaksana mengukuhkan Surat Keterangan";"196,65";"541,056";"646,204";"658,204";"612,2";"Helvetica";"12,0";"368,853";"306,1";"0,10250408363279971";"0,321218556027442";"0,5625710552107155";"False";"BATANG TUBUH";"PASAL 70"
"31";"Pengangkatan Anak.";"196,65";"307,938";"663,404";"675,404";"612,2";"Helvetica";"12,0";"252,29399999999998";"306,1";"0,08788957856909513";"0,321218556027442";"0,1817837308069258";"False";"BATANG TUBUH";"PASAL 70"
"31";"Paragraf 3";"276,67";"335,12200000000007";"699,634";"711,634";"612,2";"Helvetica-Bold";"12,0";"305,8960000000001";"306,1";"0,0003332244364585934";"0,45192747468147665";"0,09547860176412945";"False";"BATANG TUBUH";"PARAGRAF 3"
"31";"Pencatatan Pengakuan Anak";"224,08";"387,86800000000005";"718,034";"730,034";"612,2";"Helvetica-Bold";"12,0";"305,97400000000005";"306,1";"0,00020581509310678919";"0,36602417510617447";"0,2675400196014375";"False";"BATANG TUBUH";"PARAGRAF 3"
"31";"Pasal 71";"282,1";"329,97200000000004";"754,434";"766,434";"612,2";"Helvetica-Bold";"12,0";"306,03600000000006";"306,1";"0,00010454099967325143";"0,460797125122509";"0,07819666775563543";"False";"BATANG TUBUH";"PASAL 71"
"31";"(1) Pengakuan anak wajib dilaporkan oleh orang tua pada Dinas";"169,85";"541,138";"791,264";"803,264";"612,2";"Helvetica";"11,999999999999986";"355,494";"306,1";"0,0806827834041163";"0,27744201241424366";"0,6064815419797451";"False";"BATANG TUBUH";"PASAL 71"
"31";"paling lambat 30 (tiga puluh) hari sejak tanggal Surat";"196,85";"540,7340000000003";"808,454";"820,454";"612,2";"Helvetica";"12,0";"368,79200000000014";"306,1";"0,1024044429924863";"0,3215452466514211";"0,5617183926821304";"False";"BATANG TUBUH";"PASAL 71"
"31";"Pengakuan Anak oleh ayah dan disetujui oleh ibu dari anak";"196,85";"541,114";"825,659";"837,659";"612,2";"Helvetica";"12,0";"368,982";"306,1";"0,10271479908526625";"0,3215452466514211";"0,5623391048676902";"False";"BATANG TUBUH";"PASAL 71"
"31";"yang bersangkutan.";"196,85";"302,236";"842,8589999999999";"854,8589999999999";"612,2";"Helvetica";"12,0";"249,543";"306,1";"0,09238320810192749";"0,3215452466514211";"0,1721430904933028";"False";"BATANG TUBUH";"PASAL 71"
"32";"32";"300,1";"312,1";"44,19200000000001";"56,19200000000001";"612,2";"Times New Roman,Bold";"12,0";"306,1";"306,1";"0,0";"0,49019928128062723";"0,019601437438745508";"False";"HALAMAN";""
"32";"(2) Kewajiban melaporkan sebagaimana dimaksud pada ayat (1)";"169,85";"540,8180000000001";"81,10400000000004";"93,10400000000004";"612,2";"Helvetica";"12,0";"355,33400000000006";"306,1";"0,08042143090493309";"0,27744201241424366";"0,6059588369813788";"False";"BATANG TUBUH";"PASAL 71"
"32";"dikecualikan bagi orang tua yang agamanya tidak membenarkan";"196,85";"540,9000000000001";"98,904";"110,904";"612,2";"Helvetica";"12,0";"368,87500000000006";"306,1";"0,1025400196014375";"0,3215452466514211";"0,5619895459000327";"False";"BATANG TUBUH";"PASAL 71"
"32";"pengakuan anak yang lahir diluar hubungan perkawinan yang";"196,85";"541,108";"116,70400000000006";"128,70400000000006";"612,2";"Helvetica";"12,0";"368,979";"306,1";"0,1027098987259065";"0,3215452466514211";"0,5623293041489708";"False";"BATANG TUBUH";"PASAL 71"
"32";"sah.";"196,85";"219,41600000000003";"134,50400000000002";"146,50400000000002";"612,2";"Helvetica";"12,0";"208,133";"306,1";"0,16002450179679845";"0,3215452466514211";"0,036860503103560975";"False";"BATANG TUBUH";"PASAL 71"
"32";"(3) Berdasarkan laporan sebagaimana dimaksud pada ayat (1),";"169,85";"540,7580000000002";"153,30399999999997";"165,30399999999997";"612,2";"Helvetica";"12,0";"355,3040000000001";"306,1";"0,08037242731133626";"0,27744201241424366";"0,6058608297941851";"False";"BATANG TUBUH";"PASAL 71"
"32";"Pejabat Pencatatan Sipil mencatat pada Register Akta";"196,85";"541,118";"171,30399999999997";"183,30399999999997";"612,2";"Helvetica";"12,0";"368,98400000000004";"306,1";"0,10271806599150606";"0,3215452466514211";"0,5623456386801698";"False";"BATANG TUBUH";"PASAL 71"
"32";"Pengakuan Anak dan menerbitkan Kutipan Akta Pengakuan";"196,85";"541,124";"189,13400000000001";"201,13400000000001";"612,2";"Helvetica";"12,0";"368,987";"306,1";"0,10272296635086572";"0,3215452466514211";"0,5623554393988892";"False";"BATANG TUBUH";"PASAL 71"
"32";"Anak.";"196,85";"227,58200000000002";"206,93399999999997";"218,93399999999997";"612,2";"Helvetica";"12,0";"212,216";"306,1";"0,1533551127082653";"0,3215452466514211";"0,05019928128062729";"False";"BATANG TUBUH";"PASAL 71"
"32";"Paragraf 4";"276,67";"335,172";"244,33400000000006";"256,33400000000006";"612,2";"Helvetica-Bold";"12,0";"305,92100000000005";"306,1";"0,00029238810846124403";"0,45192747468147665";"0,09556027442012414";"False";"BATANG TUBUH";"PARAGRAF 4"
"32";"Pencatatan Pengesahan Anak";"220,68";"391,24800000000005";"263,134";"275,134";"612,2";"Helvetica-Bold";"12,0";"305,96400000000006";"306,1";"0,00022214962430572893";"0,3604704344985299";"0,2786148317543287";"False";"BATANG TUBUH";"PARAGRAF 4"
"32";"Pasal 72";"282,1";"329,97200000000004";"300,754";"312,754";"612,2";"Helvetica-Bold";"12,0";"306,03600000000006";"306,1";"0,00010454099967325143";"0,460797125122509";"0,07819666775563543";"False";"BATANG TUBUH";"PASAL 72"
"32";"(1) Setiap pengesahan anak wajib dilaporkan oleh orang tua";"169,85";"540,9020000000002";"338,754";"350,754";"612,2";"Helvetica";"12,0";"355,3760000000001";"306,1";"0,08049003593596875";"0,27744201241424366";"0,60609604704345";"False";"BATANG TUBUH";"PASAL 72"
"32";"kepada Dinas paling lambat 30 (tiga puluh) hari sejak ayah dan";"196,85";"540,95";"356,554";"368,554";"612,2";"Helvetica";"12,0";"368,90000000000003";"306,1";"0,10258085592943483";"0,3215452466514211";"0,5620712185560275";"False";"BATANG TUBUH";"PASAL 72"
"32";"ibu dari anak yang bersangkutan melakukan perkawinan dan";"196,85";"541,2420000000001";"374,35400000000004";"386,35400000000004";"612,2";"Helvetica";"12,0";"369,04600000000005";"306,1";"0,10281934008493959";"0,3215452466514211";"0,562548186867037";"False";"BATANG TUBUH";"PASAL 72"
"32";"mendapatkan akta perkawinan.";"196,85";"363,466";"392,154";"404,154";"612,2";"Helvetica";"12,0";"280,158";"306,1";"0,04237504083632801";"0,3215452466514211";"0,2721594250245018";"False";"BATANG TUBUH";"PASAL 72"
"32";"(2) Kewajiban melaporkan sebagaimana dimaksud pada ayat (1)";"169,85";"540,8180000000001";"410,95399999999995";"422,95399999999995";"612,2";"Helvetica";"12,0";"355,33400000000006";"306,1";"0,08042143090493309";"0,27744201241424366";"0,6059588369813788";"False";"BATANG TUBUH";"PASAL 72"
"32";"dikecualikan bagi orang tua yang agamanya tidak membenarkan";"196,85";"540,8660000000001";"428,78399999999993";"440,78399999999993";"612,2";"Helvetica";"12,0";"368,85800000000006";"306,1";"0,10251225089839927";"0,3215452466514211";"0,5619340084939564";"False";"BATANG TUBUH";"PASAL 72"
"32";"pengesahan anak yang lahir diluar hubungan perkawinan yang";"196,85";"540,9140000000001";"446,58399999999995";"458,58399999999995";"612,2";"Helvetica";"12,0";"368,88200000000006";"306,1";"0,10255145377327676";"0,3215452466514211";"0,5620124142437113";"False";"BATANG TUBUH";"PASAL 72"
"32";"sah.";"196,85";"219,38600000000002";"464,38399999999996";"476,38399999999996";"612,2";"Helvetica";"12,0";"208,118";"306,1";"0,1600490035935969";"0,3215452466514211";"0,03681149950996411";"False";"BATANG TUBUH";"PASAL 72"
"32";"(3) Berdasarkan laporan pengesahan anak sebagaimana dimaksud";"169,85";"541,2420000000001";"483,38399999999996";"495,38399999999996";"612,2";"Helvetica";"12,0";"355,54600000000005";"306,1";"0,0807677229663509";"0,27744201241424366";"0,6066514211042143";"False";"BATANG TUBUH";"PASAL 72"
"32";"pada ayat (1), Pejabat Pencatatan Sipil membuat catatan pinggir";"196,85";"540,6980000000002";"501,18399999999997";"513,184";"612,2";"Helvetica";"12,0";"368,7740000000001";"306,1";"0,10237504083632815";"0,3215452466514211";"0,561659588369814";"False";"BATANG TUBUH";"PASAL 72"
"32";"pada Akta Kelahiran.";"196,85";"307,92199999999997";"518,9839999999999";"530,9839999999999";"612,2";"Helvetica";"12,0";"252,38599999999997";"306,1";"0,08773930088206477";"0,3215452466514211";"0,18143090493302835";"False";"BATANG TUBUH";"PASAL 72"
"32";"Bagian Kesembilan";"250,68";"361,128";"556,404";"568,404";"612,2";"Helvetica-Bold";"12,0";"305,904";"306,1";"0,00032015681149955304";"0,4094740280953936";"0,18041163018621362";"False";"BATANG TUBUH";"BAGIAN KESEMBILAN"
"32";"Pencatatan Perubahan Nama";"223,48";"388,648";"575,204";"587,204";"612,2";"Helvetica-Bold";"12,0";"306,064";"306,1";"5,880431231623875e-05";"0,36504410323423714";"0,2697941849068932";"False";"BATANG TUBUH";"BAGIAN KESEMBILAN"
"32";"dan Perubahan Status Kewarganegaraan";"189,25";"422,4";"594,0039999999999";"606,0039999999999";"612,2";"Helvetica-Bold";"12,0";"305,825";"306,1";"0,0004491996079713069";"0,3091310029402156";"0,3808395949036262";"False";"BATANG TUBUH";"BAGIAN KESEMBILAN"
"32";"Paragraf 1";"276,67";"335,12200000000007";"612,804";"624,804";"612,2";"Helvetica-Bold";"12,0";"305,8960000000001";"306,1";"0,0003332244364585934";"0,45192747468147665";"0,09547860176412945";"False";"BATANG TUBUH";"PARAGRAF 1"
"32";"Pencatatan Perubahan Nama";"223,27";"388,43800000000005";"631,804";"643,804";"612,2";"Helvetica-Bold";"12,0";"305,85400000000004";"306,1";"0,0004018294674942517";"0,3647010780790591";"0,2697941849068932";"False";"BATANG TUBUH";"PARAGRAF 1"
"32";"Pasal 73";"280,3";"331,572";"669,434";"681,434";"612,2";"Helvetica-Bold";"12,0";"305,93600000000004";"306,1";"0,00026788631166283443";"0,45785690950669716";"0,08375040836327996";"False";"BATANG TUBUH";"PASAL 73"
"32";"(1) Pencatatan perubahan nama dilaksanakan berdasarkan";"169,85";"541,1659999999999";"707,2339999999999";"719,2339999999999";"612,2";"Helvetica";"12,0";"355,508";"306,1";"0,08070565174779476";"0,27744201241424366";"0,6065272786671021";"False";"BATANG TUBUH";"PASAL 73"
"32";"Penetapan Pengadilan Negeri tempat pemohon.";"196,85";"453,486";"725,034";"737,034";"612,2";"Helvetica";"12,0";"325,168";"306,1";"0,031146684090166583";"0,3215452466514211";"0,4192028748774909";"False";"BATANG TUBUH";"PASAL 73"
"32";"(2) Pencatatan perubahan nama sebagaimana dimaksud pada ayat";"169,85";"540,7580000000003";"743,834";"755,834";"612,2";"Helvetica";"12,0";"355,30400000000014";"306,1";"0,08037242731133636";"0,27744201241424366";"0,6058608297941852";"False";"BATANG TUBUH";"PASAL 73"
"32";"(1) wajib dilaporkan oleh Penduduk kepada Dinas yang";"196,85";"541,214";"761,634";"773,634";"612,2";"Helvetica";"12,0";"369,03200000000004";"306,1";"0,10279647174126104";"0,3215452466514211";"0,5625024501796798";"False";"BATANG TUBUH";"PASAL 73"
"32";"menerbitkan akta Pencatatan Sipil paling lambat 30 (tiga puluh)";"196,85";"540,7460000000001";"779,434";"791,434";"612,2";"Helvetica";"12,0";"368,79800000000006";"306,1";"0,10241424371120554";"0,3215452466514211";"0,5617379941195688";"False";"BATANG TUBUH";"PASAL 73"
"32";"hari sejak diterimanya salinan Penetapan Pengadilan Negeri";"196,85";"541,198";"797,454";"809,454";"612,2";"Helvetica";"12,0";"369,024";"306,1";"0,10278340411630182";"0,3215452466514211";"0,5624763149297614";"False";"BATANG TUBUH";"PASAL 73"
"32";"oleh Penduduk.";"196,85";"280,216";"815,259";"827,259";"612,2";"Helvetica";"12,0";"238,53300000000002";"306,1";"0,11036752695197648";"0,3215452466514211";"0,13617445279320484";"False";"BATANG TUBUH";"PASAL 73"
"33";"33";"300,1";"312,1";"44,19200000000001";"56,19200000000001";"612,2";"Times New Roman,Bold";"12,0";"306,1";"306,1";"0,0";"0,49019928128062723";"0,019601437438745508";"False";"HALAMAN";""
"33";"(3) Berdasarkan laporan sebagaimana dimaksud pada ayat (2),";"169,85";"540,7840000000001";"81,10400000000004";"93,10400000000004";"612,2";"Helvetica";"12,0";"355,31700000000006";"306,1";"0,08039366220189487";"0,27744201241424366";"0,6059032995753023";"False";"BATANG TUBUH";"PASAL 73"
"33";"Pejabat Pencatatan Sipil membuat catatan pinggir pada register";"196,85";"540,7460000000002";"98,30399999999997";"110,30399999999997";"612,2";"Helvetica";"12,0";"368,7980000000001";"306,1";"0,10241424371120564";"0,3215452466514211";"0,561737994119569";"False";"BATANG TUBUH";"PASAL 73"
"33";"Akta Pencatatan Sipil dan Kutipan Akta Pencatatan Sipil.";"196,85";"498,948";"115,50400000000002";"127,50400000000002";"612,2";"Helvetica";"12,0";"347,899";"306,1";"0,06827670695851025";"0,3215452466514211";"0,4934629206141783";"False";"BATANG TUBUH";"PASAL 73"
"33";"Paragraf 2";"276,67";"335,12200000000007";"151,904";"163,904";"612,2";"Helvetica-Bold";"12,0";"305,8960000000001";"306,1";"0,0003332244364585934";"0,45192747468147665";"0,09547860176412945";"False";"BATANG TUBUH";"PARAGRAF 2"
"33";"Pencatatan Perubahan Status Kewarganegaraan";"168,05";"443,69999999999993";"170,10400000000004";"182,10400000000004";"612,2";"Helvetica-Bold";"12,0";"305,875";"306,1";"0,0003675269519765154";"0,2745017967984319";"0,4502613524991831";"False";"BATANG TUBUH";"PARAGRAF 2"
"33";"Di Wilayah Daerah";"253,68";"358,224";"188,33400000000006";"200,33400000000006";"612,2";"Helvetica-Bold";"12,0";"305,952";"306,1";"0,00024175106174456802";"0,41437438745508004";"0,17076772296635082";"False";"BATANG TUBUH";"PARAGRAF 2"
"33";"Pasal 74";"282,1";"329,97200000000004";"224,93399999999997";"236,93399999999997";"612,2";"Helvetica-Bold";"12,0";"306,03600000000006";"306,1";"0,00010454099967325143";"0,460797125122509";"0,07819666775563543";"False";"BATANG TUBUH";"PASAL 74"
"33";"(1) Perubahan status kewarganegaraan dari warga negara asing di";"169,85";"541,2439999999999";"261,534";"273,534";"612,2";"Helvetica";"12,0";"355,54699999999997";"306,1";"0,08076935641947067";"0,27744201241424366";"0,6066546880104539";"False";"BATANG TUBUH";"PASAL 74"
"33";"wilayah Daerah menjadi Warga Negara Indonesia wajib";"196,85";"541,064";"278,93399999999997";"290,93399999999997";"612,2";"Helvetica";"12,0";"368,957";"306,1";"0,10267396275726881";"0,3215452466514211";"0,5622574322116954";"False";"BATANG TUBUH";"PASAL 74"
"33";"dilaporkan oleh Penduduk yang bersangkutan kepada Dinas";"196,85";"541,13";"296,134";"308,134";"612,2";"Helvetica";"12,0";"368,99";"306,1";"0,1027278667102254";"0,3215452466514211";"0,5623652401176086";"False";"BATANG TUBUH";"PASAL 74"
"33";"paling lambat 60 (enam puluh) hari sejak berita acara";"196,85";"541,126";"313,35400000000004";"325,35400000000004";"612,2";"Helvetica";"12,0";"368,988";"306,1";"0,10272459980398559";"0,3215452466514211";"0,562358706305129";"False";"BATANG TUBUH";"PASAL 74"
"33";"pengucapan sumpah atau pernyataan janji setia oleh Pejabat.";"196,85";"525,716";"330,554";"342,554";"612,2";"Helvetica";"12,0";"361,283";"306,1";"0,0901388435151911";"0,3215452466514211";"0,53718719372754";"False";"BATANG TUBUH";"PASAL 74"
"33";"(2) Berdasarkan laporan sebagaimana dimaksud pada ayat (1),";"169,85";"540,7580000000002";"348,95400000000006";"360,95400000000006";"612,2";"Helvetica";"12,0";"355,3040000000001";"306,1";"0,08037242731133626";"0,27744201241424366";"0,6058608297941851";"False";"BATANG TUBUH";"PASAL 74"
"33";"Pejabat Pencatatan Sipil membuat catatan pinggir pada register";"196,85";"540,7460000000002";"366,154";"378,154";"612,2";"Helvetica";"12,0";"368,7980000000001";"306,1";"0,10241424371120564";"0,3215452466514211";"0,561737994119569";"False";"BATANG TUBUH";"PASAL 74"
"33";"akta Pencatatan Sipil dan kutipan akta Pencatatan Sipil.";"196,85";"494,27";"383,35400000000004";"395,35400000000004";"612,2";"Helvetica";"12,0";"345,56";"306,1";"0,06445606011107477";"0,3215452466514211";"0,4858216269193073";"False";"BATANG TUBUH";"PASAL 74"
"33";"Paragraf 3";"276,67";"335,12200000000007";"419,75399999999996";"431,75399999999996";"612,2";"Helvetica-Bold";"12,0";"305,8960000000001";"306,1";"0,0003332244364585934";"0,45192747468147665";"0,09547860176412945";"False";"BATANG TUBUH";"PARAGRAF 3"
"33";"Pencatatan Perubahan Status Kewarganegaraan dari";"155,25";"456,17400000000004";"437,984";"449,984";"612,2";"Helvetica-Bold";"12,0";"305,712";"306,1";"0,000633779810519493";"0,25359359686377";"0,49154524665142113";"False";"BATANG TUBUH";"PARAGRAF 3"
"33";"Warga Negara Indonesia Menjadi Warga Negara Asing";"151,65";"460,09800000000007";"456,18399999999997";"468,18399999999997";"612,2";"Helvetica-Bold";"12,0";"305,874";"306,1";"0,00036916040509637224";"0,24771316563214635";"0,5038353479255147";"False";"BATANG TUBUH";"PARAGRAF 3"
"33";"di luar Wilayah Negara Kesatuan Republik Indonesia";"156,25";"455,4100000000001";"474,38399999999996";"486,38399999999996";"612,2";"Helvetica-Bold";"12,0";"305,83000000000004";"306,1";"0,0004410323423717442";"0,25522704998366547";"0,4886638353479256";"False";"BATANG TUBUH";"PARAGRAF 3"
"33";"Pasal 75";"280,3";"331,572";"510,984";"522,9839999999999";"612,2";"Helvetica-Bold";"12,0";"305,93600000000004";"306,1";"0,00026788631166283443";"0,45785690950669716";"0,08375040836327996";"False";"BATANG TUBUH";"PASAL 75"
"33";"(1) Perubahan status kewarganegaraan dari Warga Negara";"169,85";"540,9380000000001";"547,604";"559,604";"612,2";"Helvetica";"12,0";"355,39400000000006";"306,1";"0,08051943809212682";"0,27744201241424366";"0,6061548513557662";"False";"BATANG TUBUH";"PASAL 75"
"33";"Indonesia menjadi warga negara asing di luar wilayah Negara";"196,85";"541,024";"565,0039999999999";"577,0039999999999";"612,2";"Helvetica";"12,0";"368,937";"306,1";"0,10264129369487093";"0,3215452466514211";"0,5621920940868996";"False";"BATANG TUBUH";"PASAL 75"
"33";"Kesatuan Republik Indonesia yang telah mendapatkan";"196,85";"540,9500000000002";"582,204";"594,204";"612,2";"Helvetica";"12,0";"368,9000000000001";"306,1";"0,10258085592943493";"0,3215452466514211";"0,5620712185560276";"False";"BATANG TUBUH";"PASAL 75"
"33";"persetujuan dari negara setempat wajib dilaporkan oleh";"196,85";"540,9260000000002";"599,404";"611,404";"612,2";"Helvetica";"12,0";"368,8880000000001";"306,1";"0,10256125449199618";"0,3215452466514211";"0,5620320156811501";"False";"BATANG TUBUH";"PASAL 75"
"33";"Penduduk yang bersangkutan kepada Perwakilan Republik";"196,85";"540,8540000000002";"616,604";"628,604";"612,2";"Helvetica";"12,0";"368,8520000000001";"306,1";"0,10250245017967995";"0,3215452466514211";"0,5619144070565176";"False";"BATANG TUBUH";"PASAL 75"
"33";"Indonesia.";"196,85";"252,01600000000002";"634,0039999999999";"646,0039999999999";"612,2";"Helvetica";"12,0";"224,433";"306,1";"0,13339921594250248";"0,3215452466514211";"0,09011107481215293";"False";"BATANG TUBUH";"PASAL 75"
"33";"(2) Perwakilan Republik Indonesia setempat sebagaimana";"169,85";"540,9260000000002";"652,204";"664,204";"612,2";"Helvetica";"12,0";"355,3880000000001";"306,1";"0,0805096373734075";"0,27744201241424366";"0,6061352499183276";"False";"BATANG TUBUH";"PASAL 75"
"33";"dimaksud pada ayat (1) menerbitkan Surat Keterangan";"196,85";"540,9020000000002";"669,434";"681,434";"612,2";"Helvetica";"12,0";"368,8760000000001";"306,1";"0,10254165305455744";"0,3215452466514211";"0,5619928128062727";"False";"BATANG TUBUH";"PASAL 75"
"33";"Pelepasan Kewarganegaraan Indonesia.";"196,85";"413,666";"686,634";"698,634";"612,2";"Helvetica";"12,0";"305,258";"306,1";"0,001375367526952044";"0,3215452466514211";"0,3541587716432538";"False";"BATANG TUBUH";"PASAL 75"
"33";"(3) Pelepasan kewarganegaraan Indonesia sebagaimana dimaksud";"169,85";"540,9380000000001";"704,834";"716,834";"612,2";"Helvetica";"12,0";"355,39400000000006";"306,1";"0,08051943809212682";"0,27744201241424366";"0,6061548513557662";"False";"BATANG TUBUH";"PASAL 75"
"33";"pada ayat (2) diberitahukan oleh Perwakilan Republik Indonesia";"196,85";"540,8420000000002";"722,2339999999999";"734,2339999999999";"612,2";"Helvetica";"12,0";"368,8460000000001";"306,1";"0,10249264946096062";"0,3215452466514211";"0,561894805619079";"False";"BATANG TUBUH";"PASAL 75"
"33";"berdasarkan ketentuan Peraturan Perundang-undangan yang";"196,85";"541,202";"739,434";"751,434";"612,2";"Helvetica";"12,0";"369,026";"306,1";"0,10278667102254163";"0,3215452466514211";"0,562482848742241";"False";"BATANG TUBUH";"PASAL 75"
"33";"berlaku, untuk diteruskan kepada Dinas yang menerbitkan akta";"196,85";"541,314";"756,634";"768,634";"612,2";"Helvetica";"12,0";"369,082";"306,1";"0,10287814439725575";"0,3215452466514211";"0,5626657954916693";"False";"BATANG TUBUH";"PASAL 75"
"33";"Pencatatan Sipil yang bersangkutan.";"196,85";"392,04200000000003";"773,834";"785,834";"612,2";"Helvetica";"12,0";"294,446";"306,1";"0,01903626265926167";"0,3215452466514211";"0,3188369813786345";"False";"BATANG TUBUH";"PASAL 75"
"33";"(4) Berdasarkan pemberitahuan sebagaimana dimaksud pada ayat";"169,85";"540,7340000000002";"792,264";"804,264";"612,2";"Helvetica";"11,999999999999986";"355,2920000000001";"306,1";"0,08035282587389751";"0,27744201241424366";"0,6058216269193076";"False";"BATANG TUBUH";"PASAL 75"
"33";"(3), Pejabat Pencatatan Sipil membuat catatan pinggir pada";"196,85";"540,8780000000002";"809,454";"821,454";"612,2";"Helvetica";"12,0";"368,8640000000001";"306,1";"0,10252205161711869";"0,3215452466514211";"0,5619536099313951";"False";"BATANG TUBUH";"PASAL 75"
"33";"register akta Pencatatan Sipil dan kutipan akta Pencatatan Sipil.";"196,85";"537,3159999999999";"826,659";"838,659";"612,2";"Helvetica";"12,0";"367,08299999999997";"306,1";"0,09961287161058469";"0,3215452466514211";"0,5561352499183271";"False";"BATANG TUBUH";"PASAL 75"
"34";"34";"300,1";"312,1";"44,19200000000001";"56,19200000000001";"612,2";"Times New Roman,Bold";"12,0";"306,1";"306,1";"0,0";"0,49019928128062723";"0,019601437438745508";"False";"HALAMAN";""
"34";"Bagian Kesepuluh";"253,68";"358,332";"80,904";"92,904";"612,2";"Helvetica-Bold";"12,0";"306,006";"306,1";"0,00015354459327025633";"0,41437438745508004";"0,17094413590329954";"False";"BATANG TUBUH";"BAGIAN KESEPULUH"
"34";"Pencatatan Peristiwa Penting Lainnya";"197,85";"413,778";"99,10400000000004";"111,10400000000004";"612,2";"Helvetica-Bold";"12,0";"305,814";"306,1";"0,00046716759229010346";"0,3231786997713165";"0,3527082652727867";"False";"BATANG TUBUH";"BAGIAN KESEPULUH"
"34";"Pasal 76";"282,1";"329,97200000000004";"135,70400000000006";"147,70400000000006";"612,2";"Helvetica-Bold";"12,0";"306,03600000000006";"306,1";"0,00010454099967325143";"0,460797125122509";"0,07819666775563543";"False";"BATANG TUBUH";"PASAL 76"
"34";"(1) Pencatatan Peristiwa Penting lainnya dilakukan oleh Pejabat";"169,85";"540,7340000000002";"172,30399999999997";"184,30399999999997";"612,2";"Helvetica";"12,0";"355,2920000000001";"306,1";"0,08035282587389751";"0,27744201241424366";"0,6058216269193076";"False";"BATANG TUBUH";"PASAL 76"
"34";"Pencatatan Sipil atas permintaan Penduduk yang bersangkutan";"196,85";"540,8780000000003";"189,534";"201,534";"612,2";"Helvetica";"12,0";"368,86400000000015";"306,1";"0,10252205161711879";"0,3215452466514211";"0,5619536099313953";"False";"BATANG TUBUH";"PASAL 76"
"34";"setelah adanya Penetapan Pengadilan Negeri yang telah";"196,85";"541,114";"206,93399999999997";"218,93399999999997";"612,2";"Helvetica";"12,0";"368,982";"306,1";"0,10271479908526625";"0,3215452466514211";"0,5623391048676902";"False";"BATANG TUBUH";"PASAL 76"
"34";"memperoleh kekuatan hukum tetap.";"196,85";"388,25600000000003";"224,13400000000001";"236,13400000000001";"612,2";"Helvetica";"12,0";"292,553";"306,1";"0,022128389415223822";"0,3215452466514211";"0,3126527278667103";"False";"BATANG TUBUH";"PASAL 76"
"34";"(2) Pencatatan Peristiwa Penting lainnya sebagaimana dimaksud";"169,85";"540,9140000000001";"242,33400000000006";"254,33400000000006";"612,2";"Helvetica";"12,0";"355,38200000000006";"306,1";"0,08049983665468807";"0,27744201241424366";"0,6061156484808887";"False";"BATANG TUBUH";"PASAL 76"
"34";"pada ayat (1) paling lambat 30 (tiga puluh) hari sejak";"196,85";"540,8180000000001";"259,534";"271,534";"612,2";"Helvetica";"12,0";"368,83400000000006";"306,1";"0,10247304802352178";"0,3215452466514211";"0,5618556027442013";"False";"BATANG TUBUH";"PASAL 76"
"34";"diterimanya salinan Penetapan Pengadilan.";"196,85";"428,24";"276,93399999999997";"288,93399999999997";"612,2";"Helvetica";"12,0";"312,545";"306,1";"0,01052760535772622";"0,3215452466514211";"0,37796471741261023";"False";"BATANG TUBUH";"PASAL 76"
"34";"Pasal 77";"282,1";"329,97200000000004";"313,154";"325,154";"612,2";"Helvetica-Bold";"12,0";"306,03600000000006";"306,1";"0,00010454099967325143";"0,460797125122509";"0,07819666775563543";"False";"BATANG TUBUH";"PASAL 77"
"34";"(1) Catatan peristiwa yang penting merupakan data pribadi";"169,85";"541,096";"349,95400000000006";"361,95400000000006";"612,2";"Helvetica";"12,0";"355,473";"306,1";"0,08064848088859848";"0,27744201241424366";"0,6064129369487095";"False";"BATANG TUBUH";"PASAL 77"
"34";"penduduk.";"196,85";"253,01600000000002";"367,154";"379,154";"612,2";"Helvetica";"12,0";"224,933";"306,1";"0,13258248938255476";"0,3215452466514211";"0,09174452793204839";"False";"BATANG TUBUH";"PASAL 77"
"34";"(2) Catatan peristiwa yang penting sebagaimana dimaksud pada";"169,85";"541,194";"385,35400000000004";"397,35400000000004";"612,2";"Helvetica";"12,0";"355,522";"306,1";"0,08072852009147331";"0,27744201241424366";"0,6065730153544592";"False";"BATANG TUBUH";"PASAL 77"
"34";"ayat (1) meliputi:";"196,85";"285,43600000000004";"402,554";"414,554";"612,2";"Helvetica";"12,0";"241,14300000000003";"306,1";"0,10610421430904932";"0,3215452466514211";"0,1447010780790592";"False";"BATANG TUBUH";"PASAL 77"
"34";"a. anak lahir diluar kawin, yang dicatat adalah mengenai nama";"196,85";"533,73";"420,984";"432,984";"612,2";"Helvetica";"12,0";"365,29";"306,1";"0,09668409016661221";"0,3215452466514211";"0,5502776870303822";"False";"BATANG TUBUH";"PASAL 77"
"34";"anak, hari dan tanggal kelahiran, urutan kelahiran, nama ibu";"214,88";"534,0800000000002";"438,18399999999997";"450,18399999999997";"612,2";"Helvetica";"12,0";"374,4800000000001";"306,1";"0,11169552433845156";"0,3509964064031362";"0,5213982358706307";"False";"BATANG TUBUH";"PASAL 77"
"34";"dan tanggal kelahiran ibu; dan";"214,88";"375,60200000000003";"455,38399999999996";"467,38399999999996";"612,2";"Helvetica";"12,0";"295,241";"306,1";"0,01773766742894485";"0,3509964064031362";"0,262531852335838";"False";"BATANG TUBUH";"PASAL 77"
"34";"b. pengangkatan anak, yang dicatat adalah mengenai nama ibu";"196,85";"539,496";"473,58399999999995";"485,58399999999995";"612,2";"Helvetica";"12,0";"368,173";"306,1";"0,10139333551127079";"0,3215452466514211";"0,5596961777196994";"False";"BATANG TUBUH";"PASAL 77"
"34";"dan bapak kandung.";"214,88";"323,43600000000004";"490,984";"502,984";"612,2";"Helvetica";"12,0";"269,158";"306,1";"0,06034302515517805";"0,3509964064031362";"0,1773211368833715";"False";"BATANG TUBUH";"PASAL 77"
"34";"Bagian Kesebelas";"254,68";"357,28000000000003";"527,184";"539,184";"612,2";"Helvetica-Bold";"12,0";"305,98";"306,1";"0,0001960143743874625";"0,4160078405749755";"0,1675922901012741";"False";"BATANG TUBUH";"BAGIAN KESEBELAS"
"34";"Pelaporan Penduduk yang Tidak Mampu Melaporkan Sendiri";"133,65";"478,2660000000001";"545,404";"557,404";"612,2";"Helvetica-Bold";"12,0";"305,958";"306,1";"0,0002319503430251485";"0,2183110094740281";"0,5629140803658936";"False";"BATANG TUBUH";"BAGIAN KESEBELAS"
"34";"Pasal 78";"282,1";"329,97200000000004";"582,0039999999999";"594,0039999999999";"612,2";"Helvetica-Bold";"12,0";"306,03600000000006";"306,1";"0,00010454099967325143";"0,460797125122509";"0,07819666775563543";"False";"BATANG TUBUH";"PASAL 78"
"34";"Penduduk yang tidak mampu melaksanakan sendiri pelaporan";"169,85";"540,9020000000003";"618,604";"630,604";"612,2";"Helvetica";"12,0";"355,37600000000015";"306,1";"0,08049003593596883";"0,27744201241424366";"0,6060960470434502";"False";"BATANG TUBUH";"PASAL 78"
"34";"terhadap Peristiwa Penting yang menyangkut dirinya sendiri dapat";"169,85";"540,966";"636,0039999999999";"648,0039999999999";"612,2";"Helvetica";"12,0";"355,408";"306,1";"0,08054230643580527";"0,27744201241424366";"0,606200588043123";"False";"BATANG TUBUH";"PASAL 78"
"34";"dibantu oleh Dinas atau meminta bantuan kepada orang lain.";"169,85";"493,84399999999994";"653,204";"665,204";"612,2";"Helvetica";"12,0";"331,847";"306,1";"0,04205651747794831";"0,27744201241424366";"0,5292290101274092";"False";"BATANG TUBUH";"PASAL 78"
"34";"BAB VIII";"282,3";"329,63599999999997";"689,434";"701,434";"612,2";"Helvetica-Bold";"12,0";"305,96799999999996";"306,1";"0,0002156158118263016";"0,4611238157464881";"0,07732113688337137";"True";"BATANG TUBUH";"BAB VIII"
"34";"DATA DAN DOKUMEN KEPENDUDUKAN";"189,45";"422,36999999999983";"707,634";"719,634";"612,2";"Helvetica-Bold";"12,0";"305,9099999999999";"306,1";"0,0003103560927803192";"0,30945769356419467";"0,38046390068605";"True";"BATANG TUBUH";"BAB VIII"
"34";"Bagian Pertama";"260,67";"351,35600000000005";"726,034";"738,034";"612,2";"Helvetica-Bold";"12,0";"306,01300000000003";"306,1";"0,0001421104214308871";"0,4257922247631493";"0,14813132963083964";"False";"BATANG TUBUH";"BAB VIII"
"34";"Data Kependudukan";"248,08";"363,952";"744,2339999999999";"756,2339999999999";"612,2";"Helvetica-Bold";"12,0";"306,016";"306,1";"0,00013721006207122375";"0,40522704998366543";"0,18927147990852658";"False";"BATANG TUBUH";"BAB VIII"
"34";"Pasal 79";"282,1";"329,97200000000004";"780,634";"792,634";"612,2";"Helvetica-Bold";"12,0";"306,03600000000006";"306,1";"0,00010454099967325143";"0,460797125122509";"0,07819666775563543";"False";"BATANG TUBUH";"PASAL 79"
"34";"(1) Data Kependudukan terdiri atas data perseorangan dan/atau";"169,85";"540,8660000000003";"817,459";"829,459";"612,2";"Helvetica";"12,0";"355,3580000000002";"306,1";"0,08046063377981076";"0,27744201241424366";"0,606037242731134";"False";"BATANG TUBUH";"PASAL 79"
"34";"data agregat Penduduk.";"196,85";"325,036";"834,459";"846,459";"612,2";"Helvetica-Oblique";"12,0";"260,943";"306,1";"0,0737618425351193";"0,3215452466514211";"0,2093858216269193";"False";"BATANG TUBUH";"PASAL 79"
"35";"35";"300,1";"312,1";"44,19200000000001";"56,19200000000001";"612,2";"Times New Roman,Bold";"12,0";"306,1";"306,1";"0,0";"0,49019928128062723";"0,019601437438745508";"False";"HALAMAN";""
"35";"(2) Data perseorangan meliputi:";"169,85";"347,43600000000004";"81,10400000000004";"93,10400000000004";"612,2";"Helvetica";"12,0";"258,64300000000003";"306,1";"0,07751878471087878";"0,27744201241424366";"0,290078405749755";"False";"BATANG TUBUH";"PASAL 79"
"35";"a. nomor KK;";"196,85";"271,41200000000003";"98,904";"110,904";"612,2";"Helvetica";"12,0";"234,13100000000003";"306,1";"0,11755798758575627";"0,3215452466514211";"0,12179353152564527";"False";"BATANG TUBUH";"PASAL 79"
"35";"b. NIK;";"196,85";"238,02800000000002";"116,70400000000006";"128,70400000000006";"612,2";"Helvetica";"12,0";"217,43900000000002";"306,1";"0,1448235870630513";"0,3215452466514211";"0,06726233257105525";"False";"BATANG TUBUH";"PASAL 79"
"35";"c. nama lengkap;";"196,85";"293,384";"134,70400000000006";"146,70400000000006";"612,2";"Helvetica";"12,0";"245,11700000000002";"306,1";"0,09961287161058477";"0,3215452466514211";"0,15768376347598825";"False";"BATANG TUBUH";"PASAL 79"
"35";"d. jenis kelamin;";"196,85";"287,384";"152,50400000000002";"164,50400000000002";"612,2";"Helvetica";"12,0";"242,11700000000002";"306,1";"0,10451323097027115";"0,3215452466514211";"0,1478830447566155";"False";"BATANG TUBUH";"PASAL 79"
"35";"e. tempat lahir;";"196,85";"280,568";"170,30399999999997";"182,30399999999997";"612,2";"Helvetica";"12,0";"238,709";"306,1";"0,1100800392028749";"0,3215452466514211";"0,13674942829140802";"False";"BATANG TUBUH";"PASAL 79"
"35";"f. tanggal/bulan/tahun lahir;";"196,85";"349,304";"188,13400000000001";"200,13400000000001";"612,2";"Helvetica";"12,0";"273,077";"306,1";"0,05394152237830778";"0,3215452466514211";"0,24902646194054226";"False";"BATANG TUBUH";"PASAL 79"
"35";"g. golongan darah;";"196,85";"301,376";"206,13400000000001";"218,13400000000001";"612,2";"Helvetica";"12,0";"249,113";"306,1";"0,09308559294348255";"0,3215452466514211";"0,17073832081019272";"False";"BATANG TUBUH";"PASAL 79"
"35";"h. agama/kepercayaan;";"196,85";"326,756";"223,93399999999997";"235,93399999999997";"612,2";"Helvetica";"12,0";"261,803";"306,1";"0,07235707285200918";"0,3215452466514211";"0,21219536099313943";"False";"BATANG TUBUH";"PASAL 79"
"35";"i. status perkawinan;";"196,85";"314,756";"241,73400000000004";"253,73400000000004";"612,2";"Helvetica";"12,0";"255,803";"306,1";"0,08215779157138194";"0,3215452466514211";"0,19259392355439395";"False";"BATANG TUBUH";"PASAL 79"
"35";"j. status hubungan dalam keluarga;";"196,85";"392,08399999999995";"259,534";"271,534";"612,2";"Helvetica";"12,0";"294,467";"306,1";"0,019001960143743935";"0,3215452466514211";"0,31890558640966993";"False";"BATANG TUBUH";"PASAL 79"
"35";"k. cacat fisik dan/atau mental;";"196,85";"359,888";"277,534";"289,534";"612,2";"Helvetica";"12,0";"278,36899999999997";"306,1";"0,04529728846782105";"0,3215452466514211";"0,2663149297615158";"False";"BATANG TUBUH";"PASAL 79"
"35";"l. pendidikan terakhir;";"196,85";"319,556";"295,33400000000006";"307,33400000000006";"612,2";"Helvetica";"12,0";"258,203";"306,1";"0,07823750408363288";"0,3215452466514211";"0,20043449852989215";"False";"BATANG TUBUH";"PASAL 79"
"35";"m. jenis pekerjaan;";"196,85";"298,8";"313,154";"325,154";"612,2";"Helvetica";"12,0";"247,825";"306,1";"0,09518948056190792";"0,3215452466514211";"0,16653054557334207";"False";"BATANG TUBUH";"PASAL 79"
"35";"n. NIK ibu kandung;";"196,85";"306,776";"330,95400000000006";"342,95400000000006";"612,2";"Helvetica";"12,0";"251,813";"306,1";"0,08867526951976483";"0,3215452466514211";"0,17955896765762824";"False";"BATANG TUBUH";"PASAL 79"
"35";"o. nama ibu kandung;";"196,85";"316,76";"348,754";"360,754";"612,2";"Helvetica";"12,0";"256,805";"306,1";"0,08052107154524667";"0,3215452466514211";"0,19586736360666446";"False";"BATANG TUBUH";"PASAL 79"
"35";"p. NIK ayah;";"196,85";"267,392";"366,754";"378,754";"612,2";"Helvetica";"12,0";"232,12099999999998";"306,1";"0,12084122835674622";"0,3215452466514211";"0,11522704998366547";"False";"BATANG TUBUH";"PASAL 79"
"35";"q. nama ayah;";"196,85";"277,376";"384,554";"396,554";"612,2";"Helvetica";"12,0";"237,113";"306,1";"0,11268703038222806";"0,3215452466514211";"0,1315354459327017";"False";"BATANG TUBUH";"PASAL 79"
"35";"r. alamat sebelumnya;";"196,85";"321,944";"402,35400000000004";"414,354";"612,2";"Helvetica";"11,999999999999943";"259,397";"306,1";"0,07628716105847767";"0,3215452466514211";"0,20433518458020258";"False";"BATANG TUBUH";"PASAL 79"
"35";"s. alamat sekarang;";"196,85";"306,764";"420,18399999999997";"432,18399999999997";"612,2";"Helvetica";"12,0";"251,80700000000002";"306,1";"0,08868507023848415";"0,3215452466514211";"0,17953936622018948";"False";"BATANG TUBUH";"PASAL 79"
"35";"t. kepemilikan akta kelahiran/surat kenal lahir;";"196,85";"447,24799999999993";"438,18399999999997";"450,18399999999997";"612,2";"Helvetica";"12,0";"322,049";"306,1";"0,0260519438092126";"0,3215452466514211";"0,40901339431558303";"False";"BATANG TUBUH";"PASAL 79"
"35";"u. nomor akta kelahiran/nomor surat kenal lahir;";"196,85";"455,456";"455,984";"467,984";"612,2";"Helvetica";"12,0";"326,153";"306,1";"0,03275563541326363";"0,3215452466514211";"0,422420777523685";"False";"BATANG TUBUH";"PASAL 79"
"35";"v. kepemilikan akta perkawinan/buku nikah;";"196,85";"433,4839999999999";"473,78399999999993";"485,78399999999993";"612,2";"Helvetica";"12,0";"315,167";"306,1";"0,014810519438092045";"0,3215452466514211";"0,3865305455733419";"False";"BATANG TUBUH";"PASAL 79"
"35";"w. nomor akta perkawinan/buku nikah;";"196,85";"404,208";"491,58399999999995";"503,58399999999995";"612,2";"Helvetica";"12,0";"300,529";"306,1";"0,009099967330937644";"0,3215452466514211";"0,3387095720352826";"False";"BATANG TUBUH";"PASAL 79"
"35";"x. tanggal perkawinan;";"196,85";"321,95599999999996";"509,58399999999995";"521,584";"612,2";"Helvetica";"12,0";"259,40299999999996";"306,1";"0,07627736033975833";"0,3215452466514211";"0,20435478601764123";"False";"BATANG TUBUH";"PASAL 79"
"35";"y. kepemilikan akta perceraian;";"196,85";"367,3159999999999";"527,384";"539,384";"612,2";"Helvetica";"12,0";"282,08299999999997";"306,1";"0,03923064358052932";"0,3215452466514211";"0,27844821953609916";"False";"BATANG TUBUH";"PASAL 79"
"35";"z. nomor akta perceraian/surat cerai;";"196,85";"397,292";"545,204";"557,204";"612,2";"Helvetica";"12,0";"297,07099999999997";"306,1";"0,014748448219536185";"0,3215452466514211";"0,32741261025808555";"False";"BATANG TUBUH";"PASAL 79"
"35";"aa. tanggal perceraian.";"196,85";"317,34799999999996";"563,0039999999999";"575,0039999999999";"612,2";"Helvetica";"12,0";"257,099";"306,1";"0,08004083632799744";"0,3215452466514211";"0,19682783404116294";"False";"BATANG TUBUH";"PASAL 79"
"35";"(3) Data agregat sebagaimana dimaksud pada ayat (1) meliputi";"169,85";"541,194";"580,604";"592,604";"612,2";"Helvetica";"12,0";"355,522";"306,1";"0,08072852009147331";"0,27744201241424366";"0,6065730153544592";"False";"BATANG TUBUH";"PASAL 79"
"35";"himpunan data perseorangan yang berupa data kuantitatif dan";"196,85";"540,8300000000002";"597,804";"609,804";"612,2";"Helvetica";"12,0";"368,8400000000001";"306,1";"0,1024828487422412";"0,3215452466514211";"0,5618752041816402";"False";"BATANG TUBUH";"PASAL 79"
"35";"data kualitatif.";"196,85";"270,71";"614,604";"626,604";"612,2";"Helvetica";"12,0";"233,77999999999997";"306,1";"0,11813132963083967";"0,3215452466514211";"0,12064684743547857";"False";"BATANG TUBUH";"PASAL 79"
"35";"Bagian Kedua";"266,08";"346,1360000000001";"650,0039999999999";"662,0039999999999";"612,2";"Helvetica-Bold";"12,0";"306,10800000000006";"306,1";"1,3067624959226067e-05";"0,4346292061417837";"0,130767722966351";"False";"BATANG TUBUH";"BAGIAN KEDUA"
"35";"Dokumen Kependudukan";"233,68";"378,328";"668,034";"680,034";"612,2";"Helvetica-Bold";"12,0";"306,004";"306,1";"0,00015681149950997";"0,38170532505717086";"0,23627572688663828";"False";"BATANG TUBUH";"BAGIAN KEDUA"
"35";"Pasal 80";"282,1";"329,97200000000004";"703,634";"715,634";"612,2";"Helvetica-Bold";"12,0";"306,03600000000006";"306,1";"0,00010454099967325143";"0,460797125122509";"0,07819666775563543";"False";"BATANG TUBUH";"PASAL 80"
"35";"(1) Dokumen Kependudukan meliputi:";"169,85";"380,114";"739,634";"751,634";"612,2";"Helvetica";"12,0";"274,98199999999997";"306,1";"0,050829794184906976";"0,27744201241424366";"0,3434563868016987";"False";"BATANG TUBUH";"PASAL 80"
"35";"a. Biodata Penduduk;";"196,85";"316,148";"757,434";"769,434";"612,2";"Helvetica";"12,0";"256,499";"306,1";"0,08102090819993465";"0,3215452466514211";"0,1948676902972885";"False";"BATANG TUBUH";"PASAL 80"
"35";"b. KK;";"196,85";"234,216";"775,2339999999999";"787,2339999999999";"612,2";"Helvetica";"12,0";"215,53300000000002";"306,1";"0,14793694870957202";"0,3215452466514211";"0,06103560927801374";"False";"BATANG TUBUH";"PASAL 80"
"35";"c. KTP;";"196,85";"241,604";"793,054";"805,054";"612,2";"Helvetica";"12,0";"219,227";"306,1";"0,14190297288467824";"0,3215452466514211";"0,0731035609278014";"False";"BATANG TUBUH";"PASAL 80"
"35";"d. surat keterangan kependudukan; dan";"196,85";"413,408";"810,8539999999999";"822,8539999999999";"612,2";"Helvetica";"12,0";"305,129";"306,1";"0,0015860829794184966";"0,3215452466514211";"0,3537373407383208";"False";"BATANG TUBUH";"PASAL 80"
"35";"e. Akta Pencatatan Sipil.";"196,85";"331,928";"828,8589999999999";"840,8589999999999";"612,2";"Helvetica";"12,0";"264,389";"306,1";"0,06813296308395951";"0,3215452466514211";"0,2206435805292388";"False";"BATANG TUBUH";"PASAL 80"
"36";"36";"300,1";"312,1";"44,19200000000001";"56,19200000000001";"612,2";"Times New Roman,Bold";"12,0";"306,1";"306,1";"0,0";"0,49019928128062723";"0,019601437438745508";"False";"HALAMAN";""
"36";"(2) Surat keterangan kependudukan sebagaimana dimaksud pada";"169,85";"540,9140000000001";"81,10400000000004";"93,10400000000004";"612,2";"Helvetica";"12,0";"355,38200000000006";"306,1";"0,08049983665468807";"0,27744201241424366";"0,6061156484808887";"False";"BATANG TUBUH";"PASAL 80"
"36";"ayat (1) huruf d meliputi:";"196,85";"325,87399999999997";"100,70400000000006";"112,70400000000006";"612,2";"Helvetica";"12,0";"261,36199999999997";"306,1";"0,07307742567788313";"0,3215452466514211";"0,21075465534139165";"False";"BATANG TUBUH";"PASAL 80"
"36";"a. surat Keterangan Pindah;";"196,85";"350,80000000000007";"121,30399999999997";"133,30399999999997";"612,2";"Helvetica";"12,0";"273,82500000000005";"306,1";"0,0527196994446259";"0,3215452466514211";"0,251470107807906";"False";"BATANG TUBUH";"PASAL 80"
"36";"b. surat Keterangan Pindah Datang;";"196,85";"392,68399999999997";"141,904";"153,904";"612,2";"Helvetica";"12,0";"294,767";"306,1";"0,01851192420777528";"0,3215452466514211";"0,31988565828160725";"False";"BATANG TUBUH";"PASAL 80"
"36";"c. surat Keterangan Pindah ke Luar Negeri;";"196,85";"432,668";"162,50400000000002";"174,50400000000002";"612,2";"Helvetica";"12,0";"314,759";"306,1";"0,014144070565174765";"0,3215452466514211";"0,3851976478275073";"False";"BATANG TUBUH";"PASAL 80"
"36";"d. surat Keterangan Datang dari Luar Negeri;";"196,85";"441,24799999999993";"183,13400000000001";"195,13400000000001";"612,2";"Helvetica";"12,0";"319,049";"306,1";"0,021151584449526223";"0,3215452466514211";"0,39921267559621026";"False";"BATANG TUBUH";"PASAL 80"
"36";"e. surat Keterangan Tempat Tinggal;";"196,85";"396,67999999999995";"203,73400000000004";"215,73400000000004";"612,2";"Helvetica";"12,0";"296,765";"306,1";"0,015248284874224168";"0,3215452466514211";"0,3264129369487095";"False";"BATANG TUBUH";"PASAL 80"
"36";"f. surat Keterangan Kelahiran;";"196,85";"363,91999999999996";"224,33400000000006";"236,33400000000006";"612,2";"Helvetica";"12,0";"280,385";"306,1";"0,042004246978111774";"0,3215452466514211";"0,27290101274093426";"False";"BATANG TUBUH";"PASAL 80"
"36";"g. surat Keterangan Lahir Mati.";"196,85";"365,9119999999999";"244,93399999999997";"256,93399999999997";"612,2";"Helvetica";"12,0";"281,381";"306,1";"0,040377327670695934";"0,3215452466514211";"0,27615485135576595";"False";"BATANG TUBUH";"PASAL 80"
"36";"h. surat Keterangan Pembatalan Perkawinan;";"196,85";"443,25199999999995";"265,534";"277,534";"612,2";"Helvetica";"12,0";"320,051";"306,1";"0,022788304475661488";"0,3215452466514211";"0,4024861156484808";"False";"BATANG TUBUH";"PASAL 80"
"36";"i. surat Keterangan Pembatalan Perceraian;";"196,85";"438,65599999999995";"286,134";"298,134";"612,2";"Helvetica";"12,0";"317,753";"306,1";"0,019034629206141723";"0,3215452466514211";"0,39497876510944124";"False";"BATANG TUBUH";"PASAL 80"
"36";"j. surat Keterangan Kematian;";"196,85";"363,908";"306,754";"318,754";"612,2";"Helvetica";"12,0";"280,379";"306,1";"0,042014047696831106";"0,3215452466514211";"0,2728814113034956";"False";"BATANG TUBUH";"PASAL 80"
"36";"k. surat Keterangan Pengangkatan Anak;";"196,85";"421,472";"327,35400000000004";"339,35400000000004";"612,2";"Helvetica";"12,0";"309,161";"306,1";"0,0049999999999999645";"0,3215452466514211";"0,3669095066971577";"False";"BATANG TUBUH";"PASAL 80"
"36";"l. surat Keterangan Pelepasan Kewarganegaraan Indonesia;";"196,85";"526,6400000000001";"347,95400000000006";"359,95400000000006";"612,2";"Helvetica";"12,0";"361,74500000000006";"306,1";"0,09089349885658288";"0,3215452466514211";"0,5386965044103235";"False";"BATANG TUBUH";"PASAL 80"
"36";"m. surat Keterangan Pengganti Tanda Identitas; dan";"196,85";"476,708";"368,554";"380,554";"612,2";"Helvetica";"12,0";"336,779";"306,1";"0,05011270826527274";"0,3215452466514211";"0,45713492322770344";"False";"BATANG TUBUH";"PASAL 80"
"36";"n. surat Keterangan Pencatatan Sipil.";"196,85";"400,05199999999996";"389,154";"401,154";"612,2";"Helvetica";"12,0";"298,45099999999996";"306,1";"0,01249428291408046";"0,3215452466514211";"0,331920940868997";"False";"BATANG TUBUH";"PASAL 80"
"36";"(3) Biodata Penduduk, KK, KTP, Surat Keterangan Pindah";"169,85";"540,9720000000001";"409,75399999999996";"421,75399999999996";"612,2";"Helvetica";"12,0";"355,41100000000006";"306,1";"0,08054720679516503";"0,27744201241424366";"0,6062103887618426";"False";"BATANG TUBUH";"PASAL 80"
"36";"Penduduk Warga Negara Indonesia antar Kabupaten/Kota";"196,85";"541,2360000000001";"429,58399999999995";"441,58399999999995";"612,2";"Helvetica";"12,0";"369,04300000000006";"306,1";"0,10281443972557994";"0,3215452466514211";"0,5625383861483176";"False";"BATANG TUBUH";"PASAL 80"
"36";"dalam satu Provinsi dan antar Provinsi dalam wilayah Negara";"196,85";"541,086";"449,18399999999997";"461,18399999999997";"612,2";"Helvetica";"12,0";"368,968";"306,1";"0,1026919307415877";"0,3215452466514211";"0,5622933681803332";"False";"BATANG TUBUH";"PASAL 80"
"36";"Kesatuan Republik Indonesia, Surat Keterangan Pindah Datang";"196,85";"540,9140000000002";"468,78399999999993";"480,78399999999993";"612,2";"Helvetica";"12,0";"368,8820000000001";"306,1";"0,10255145377327686";"0,3215452466514211";"0,5620124142437115";"False";"BATANG TUBUH";"PASAL 80"
"36";"Penduduk Warga Negara Indonesia antar Kabupaten/Kota";"196,85";"541,2360000000001";"488,38399999999996";"500,38399999999996";"612,2";"Helvetica";"12,0";"369,04300000000006";"306,1";"0,10281443972557994";"0,3215452466514211";"0,5625383861483176";"False";"BATANG TUBUH";"PASAL 80"
"36";"dalam satu Provinsi dan antar Provinsi dalam wilayah Negara";"196,85";"541,086";"507,984";"519,9839999999999";"612,2";"Helvetica";"12,0";"368,968";"306,1";"0,1026919307415877";"0,3215452466514211";"0,5622933681803332";"False";"BATANG TUBUH";"PASAL 80"
"36";"Kesatuan Republik Indonesia, Surat Keterangan Pindah Datang";"196,85";"540,9140000000002";"527,584";"539,584";"612,2";"Helvetica";"12,0";"368,8820000000001";"306,1";"0,10255145377327686";"0,3215452466514211";"0,5620124142437115";"False";"BATANG TUBUH";"PASAL 80"
"36";"Penduduk Orang Asing dalam wilayah Negara Kesatuan";"196,85";"540,8780000000002";"547,204";"559,204";"612,2";"Helvetica";"12,0";"368,8640000000001";"306,1";"0,10252205161711869";"0,3215452466514211";"0,5619536099313951";"False";"BATANG TUBUH";"PASAL 80"
"36";"Republik Indonesia, Surat Keterangan Pindah ke Luar Negeri,";"196,85";"540,8180000000001";"566,804";"578,804";"612,2";"Helvetica";"12,0";"368,83400000000006";"306,1";"0,10247304802352178";"0,3215452466514211";"0,5618556027442013";"False";"BATANG TUBUH";"PASAL 80"
"36";"Surat Keterangan Datang dari Luar Negeri, Surat Keterangan";"196,85";"540,992";"586,404";"598,404";"612,2";"Helvetica";"12,0";"368,921";"306,1";"0,10261515844495257";"0,3215452466514211";"0,5621398235870629";"False";"BATANG TUBUH";"PASAL 80"
"36";"Tempat Tinggal untuk Orang Asing Tinggal Terbatas, Surat";"196,85";"540,9140000000001";"606,0039999999999";"618,0039999999999";"612,2";"Helvetica";"12,0";"368,88200000000006";"306,1";"0,10255145377327676";"0,3215452466514211";"0,5620124142437113";"False";"BATANG TUBUH";"PASAL 80"
"36";"Keterangan Kelahiran untuk Orang Asing, Surat Keterangan";"196,85";"540,8660000000002";"625,604";"637,604";"612,2";"Helvetica";"12,0";"368,8580000000001";"306,1";"0,10251225089839937";"0,3215452466514211";"0,5619340084939565";"False";"BATANG TUBUH";"PASAL 80"
"36";"Lahir Mati untuk Orang Asing, Surat Keterangan Kematian untuk";"196,85";"540,7820000000003";"645,204";"657,204";"612,2";"Helvetica";"12,0";"368,81600000000014";"306,1";"0,10244364586736379";"0,3215452466514211";"0,5617967984318853";"False";"BATANG TUBUH";"PASAL 80"
"36";"Orang Asing, Surat Keterangan Pembatalan Perkawinan, Surat";"196,85";"540,9639999999999";"664,804";"676,804";"612,2";"Helvetica";"12,0";"368,907";"306,1";"0,10259229010127402";"0,3215452466514211";"0,5620940868997059";"False";"BATANG TUBUH";"PASAL 80"
"36";"Keterangan Pembatalan Perceraian, Surat Keterangan";"196,85";"540,8900000000002";"684,434";"696,434";"612,2";"Helvetica";"12,0";"368,8700000000001";"306,1";"0,10253185233583811";"0,3215452466514211";"0,5619732113688339";"False";"BATANG TUBUH";"PASAL 80"
"36";"Pengganti Tanda Identitas, diterbitkan dan ditandatangani oleh";"196,85";"540,8300000000003";"704,034";"716,034";"612,2";"Helvetica";"12,0";"368,84000000000015";"306,1";"0,10248284874224128";"0,3215452466514211";"0,5618752041816404";"False";"BATANG TUBUH";"PASAL 80"
"36";"Kepala Dinas.";"196,85";"271,416";"723,634";"735,634";"612,2";"Helvetica";"12,0";"234,13299999999998";"306,1";"0,11755472067951656";"0,3215452466514211";"0,12180006533812479";"False";"BATANG TUBUH";"PASAL 80"
"36";"(4) Surat Keterangan Pindah Penduduk Warga Negara Indonesia";"169,85";"540,9260000000002";"744,2339999999999";"756,2339999999999";"612,2";"Helvetica";"12,0";"355,3880000000001";"306,1";"0,0805096373734075";"0,27744201241424366";"0,6061352499183276";"False";"BATANG TUBUH";"PASAL 80"
"36";"antar kecamatan dalam Daerah, Surat Keterangan Pindah";"196,85";"541,252";"763,834";"775,834";"612,2";"Helvetica";"12,0";"369,051";"306,1";"0,10282750735053897";"0,3215452466514211";"0,5625645213982358";"False";"BATANG TUBUH";"PASAL 80"
"36";"Datang Penduduk Warga Negara Indonesia antar Kecamatan";"196,85";"541,1940000000001";"783,434";"795,434";"612,2";"Helvetica";"11,999999999999986";"369,02200000000005";"306,1";"0,1027801372100621";"0,3215452466514211";"0,562469781117282";"False";"BATANG TUBUH";"PASAL 80"
"36";"dalam Daerah, diterbitkan dan ditandatangani oleh Camat atas";"196,85";"541,106";"803,054";"815,054";"612,2";"Helvetica";"12,0";"368,978";"306,1";"0,10270826527278663";"0,3215452466514211";"0,562326037242731";"False";"BATANG TUBUH";"PASAL 80"
"36";"nama Kepala Dinas.";"196,85";"304,836";"822,659";"834,659";"612,2";"Helvetica";"12,0";"250,84300000000002";"306,1";"0,09025971904606338";"0,3215452466514211";"0,17639006860503106";"False";"BATANG TUBUH";"PASAL 80"
"37";"37";"300,1";"312,1";"44,19200000000001";"56,19200000000001";"612,2";"Times New Roman,Bold";"12,0";"306,1";"306,1";"0,0";"0,49019928128062723";"0,019601437438745508";"False";"HALAMAN";""
"37";"(5) Surat Keterangan Pindah Datang Penduduk Warga Negara";"169,85";"540,9140000000001";"81,10400000000004";"93,10400000000004";"612,2";"Helvetica";"12,0";"355,38200000000006";"306,1";"0,08049983665468807";"0,27744201241424366";"0,6061156484808887";"False";"BATANG TUBUH";"PASAL 80"
"37";"Indonesia dalam satu Desa/Kelurahan, Surat Keterangan";"196,85";"541,0799999999999";"98,70400000000006";"110,70400000000006";"612,2";"Helvetica";"12,0";"368,965";"306,1";"0,10268703038222794";"0,3215452466514211";"0,5622835674616137";"False";"BATANG TUBUH";"PASAL 80"
"37";"Pindah Datang Penduduk Warga Negara Indonesia antar";"196,85";"540,908";"116,50400000000002";"128,50400000000002";"612,2";"Helvetica";"12,0";"368,879";"306,1";"0,10254655341391701";"0,3215452466514211";"0,5620026135249918";"False";"BATANG TUBUH";"PASAL 80"
"37";"Desa/Kelurahan dalam satu Kecamatan, Surat Keterangan";"196,85";"541,078";"134,10400000000004";"146,10400000000004";"612,2";"Helvetica";"12,0";"368,964";"306,1";"0,1026853969291081";"0,3215452466514211";"0,5622803005553739";"False";"BATANG TUBUH";"PASAL 80"
"37";"Kelahiran untuk Warga Negara Indonesia, Surat Keterangan";"196,85";"540,8660000000002";"151,70400000000006";"163,70400000000006";"612,2";"Helvetica";"12,0";"368,8580000000001";"306,1";"0,10251225089839937";"0,3215452466514211";"0,5619340084939565";"False";"BATANG TUBUH";"PASAL 80"
"37";"Lahir Mati untuk Warga Negara Indonesia dan Surat Keterangan";"196,85";"540,9260000000002";"169,30399999999997";"181,30399999999997";"612,2";"Helvetica";"12,0";"368,8880000000001";"306,1";"0,10256125449199618";"0,3215452466514211";"0,5620320156811501";"False";"BATANG TUBUH";"PASAL 80"
"37";"Kematian untuk Warga Negara Indonesia, diterbitkan dan";"196,85";"541,182";"187,13400000000001";"199,13400000000001";"612,2";"Helvetica";"12,0";"369,016";"306,1";"0,10277033649134269";"0,3215452466514211";"0,5624501796798431";"False";"BATANG TUBUH";"PASAL 80"
"37";"ditandatangani oleh Kepala Desa/Lurah atas nama Kepala";"196,85";"541,124";"204,73400000000004";"216,73400000000004";"612,2";"Helvetica";"12,0";"368,987";"306,1";"0,10272296635086572";"0,3215452466514211";"0,5623554393988892";"False";"BATANG TUBUH";"PASAL 80"
"37";"Dinas.";"196,85";"230,60600000000002";"222,33400000000006";"234,33400000000006";"612,2";"Helvetica";"12,0";"213,728";"306,1";"0,15088533159098336";"0,3215452466514211";"0,055138843515191154";"False";"BATANG TUBUH";"PASAL 80"
"37";"Pasal 81";"282,1";"329,97200000000004";"259,534";"271,534";"612,2";"Helvetica-Bold";"12,0";"306,03600000000006";"306,1";"0,00010454099967325143";"0,460797125122509";"0,07819666775563543";"False";"BATANG TUBUH";"PASAL 81"
"37";"Biodata Penduduk paling sedikit memuat keterangan tentang nama,";"169,85";"540,6980000000003";"296,93399999999997";"308,93399999999997";"612,2";"Helvetica";"12,0";"355,27400000000017";"306,1";"0,08032342371773954";"0,27744201241424366";"0,6057628226069917";"False";"BATANG TUBUH";"PASAL 81"
"37";"tempat dan tanggal lahir, alamat dan jati diri lainnya secara lengkap,";"169,85";"540,9399999999999";"314,554";"326,554";"612,2";"Helvetica";"12,0";"355,395";"306,1";"0,08052107154524658";"0,27744201241424366";"0,6061581182620057";"False";"BATANG TUBUH";"PASAL 81"
"37";"serta perubahan data sehubungan dengan Peristiwa Kependudukan";"169,85";"541,118";"332,35400000000004";"344,35400000000004";"612,2";"Helvetica";"12,0";"355,48400000000004";"306,1";"0,08066644887291737";"0,27744201241424366";"0,6064488729173473";"False";"BATANG TUBUH";"PASAL 81"
"37";"dan Peristiwa Penting yang dialami.";"169,85";"363,02599999999995";"349,95400000000006";"361,95400000000006";"612,2";"Helvetica";"12,0";"266,438";"306,1";"0,06478601764129374";"0,27744201241424366";"0,3155439398889251";"False";"BATANG TUBUH";"PASAL 81"
"37";"Pasal 82";"282,1";"329,97200000000004";"386,95400000000006";"398,95400000000006";"612,2";"Helvetica-Bold";"12,0";"306,03600000000006";"306,1";"0,00010454099967325143";"0,460797125122509";"0,07819666775563543";"False";"BATANG TUBUH";"PASAL 82"
"37";"(1) KK memuat keterangan mengenai kolom nomor KK, nama";"169,85";"540,95";"424,58399999999995";"436,58399999999995";"612,2";"Helvetica";"12,0";"355,40000000000003";"306,1";"0,08052923881084614";"0,27744201241424366";"0,6061744527932048";"False";"BATANG TUBUH";"PASAL 82"
"37";"lengkap kepala keluarga dan anggota keluarga, NIK, jenis";"196,85";"540,854";"442,18399999999997";"454,18399999999997";"612,2";"Helvetica";"12,0";"368,85200000000003";"306,1";"0,10250245017967985";"0,3215452466514211";"0,5619144070565175";"False";"BATANG TUBUH";"PASAL 82"
"37";"kelamin, alamat, tempat lahir, tanggal lahir, agama, pendidikan,";"196,85";"540,7220000000002";"459,78399999999993";"471,78399999999993";"612,2";"Helvetica";"12,0";"368,7860000000001";"306,1";"0,10239464227376689";"0,3215452466514211";"0,5616987912446916";"False";"BATANG TUBUH";"PASAL 82"
"37";"pekerjaan, status perkawinan, status hubungan dalam keluarga,";"196,85";"540,768";"477,58399999999995";"489,58399999999995";"612,2";"Helvetica";"12,0";"368,809";"306,1";"0,10243221169552434";"0,3215452466514211";"0,5617739300882064";"False";"BATANG TUBUH";"PASAL 82"
"37";"kewarganegaraan, dokumen imigrasi dan nama orang tua.";"196,85";"507,68600000000004";"495,18399999999997";"507,18399999999997";"612,2";"Helvetica";"12,0";"352,26800000000003";"306,1";"0,07541326363933355";"0,3215452466514211";"0,5077360339758249";"False";"BATANG TUBUH";"PASAL 82"
"37";"(2) Keterangan mengenai kolom agama sebagaimana dimaksud";"169,85";"540,9140000000001";"513,7839999999999";"525,7839999999999";"612,2";"Helvetica";"12,0";"355,38200000000006";"306,1";"0,08049983665468807";"0,27744201241424366";"0,6061156484808887";"False";"BATANG TUBUH";"PASAL 82"
"37";"pada ayat (1) bagi Penduduk yang agamanya belum diakui";"196,85";"540,902";"531,384";"543,384";"612,2";"Helvetica";"12,0";"368,87600000000003";"306,1";"0,10254165305455734";"0,3215452466514211";"0,5619928128062724";"False";"BATANG TUBUH";"PASAL 82"
"37";"sebagai agama berdasarkan ketentuan Peraturan Perundang-";"196,85";"540,966";"549,204";"561,204";"612,2";"Helvetica";"12,0";"368,908";"306,1";"0,10259392355439396";"0,3215452466514211";"0,5620973538059457";"False";"BATANG TUBUH";"PASAL 82"
"37";"undangan atau bagi penghayat kepercayaan tidak diisi, tetapi";"196,85";"540,854";"566,804";"578,804";"612,2";"Helvetica";"12,0";"368,85200000000003";"306,1";"0,10250245017967985";"0,3215452466514211";"0,5619144070565175";"False";"BATANG TUBUH";"PASAL 82"
"37";"tetap dilayani dan dicatat dalam database Kependudukan.";"196,85";"505,68600000000004";"584,204";"596,204";"612,2";"Helvetica";"12,0";"351,26800000000003";"306,1";"0,07377981051943809";"0,3215452466514211";"0,5044691277360339";"False";"BATANG TUBUH";"PASAL 82"
"37";"(3) Nomor KK sebagaimana dimaksud pada ayat (1) berlaku untuk";"169,85";"540,8180000000001";"603,0039999999999";"615,0039999999999";"612,2";"Helvetica";"12,0";"355,33400000000006";"306,1";"0,08042143090493309";"0,27744201241424366";"0,6059588369813788";"False";"BATANG TUBUH";"PASAL 82"
"37";"selamanya, kecuali terjadi perubahan Kepala Keluarga.";"196,85";"491,086";"620,804";"632,804";"612,2";"Helvetica";"12,0";"343,968";"306,1";"0,06185560274420123";"0,3215452466514211";"0,48062071218556024";"False";"BATANG TUBUH";"PASAL 82"
"37";"(4) KK diterbitkan dan diberikan oleh Dinas kepada Penduduk";"169,85";"541,086";"639,404";"651,404";"612,2";"Helvetica";"12,0";"355,468";"306,1";"0,080640313622999";"0,27744201241424366";"0,6063966024175106";"False";"BATANG TUBUH";"PASAL 82"
"37";"Warga Negara Indonesia dan Orang Asing di wilayah Daerah";"196,85";"541,162";"657,0039999999999";"669,004";"612,2";"Helvetica";"12,000000000000028";"369,00600000000003";"306,1";"0,10275400196014374";"0,3215452466514211";"0,5624175106174453";"False";"BATANG TUBUH";"PASAL 82"
"37";"yang memiliki Izin Tinggal Tetap.";"196,85";"371,438";"674,634";"686,634";"612,2";"Helvetica";"12,0";"284,144";"306,1";"0,03586409670042472";"0,3215452466514211";"0,28518131329630836";"False";"BATANG TUBUH";"PASAL 82"
"37";"(5) KK sebagaimana dimaksud pada ayat (1) dijadikan salah satu";"169,85";"540,8660000000003";"693,434";"705,434";"612,2";"Helvetica";"12,0";"355,3580000000002";"306,1";"0,08046063377981076";"0,27744201241424366";"0,606037242731134";"False";"BATANG TUBUH";"PASAL 82"
"37";"dasar penerbitan KTP.";"196,85";"316,92199999999997";"711,034";"723,034";"612,2";"Helvetica";"12,0";"256,88599999999997";"306,1";"0,0803887618425352";"0,3215452466514211";"0,1961319830120875";"False";"BATANG TUBUH";"PASAL 82"
"37";"Pasal 83";"280,3";"331,572";"748,034";"760,034";"612,2";"Helvetica-Bold";"12,0";"305,93600000000004";"306,1";"0,00026788631166283443";"0,45785690950669716";"0,08375040836327996";"False";"BATANG TUBUH";"PASAL 83"
"37";"(1) Penduduk Warga Negara Indonesia dan Orang Asing di wilayah";"169,85";"541,182";"785,634";"797,634";"612,2";"Helvetica";"11,999999999999986";"355,516";"306,1";"0,08071871937275399";"0,27744201241424366";"0,6065534139170206";"False";"BATANG TUBUH";"PASAL 83"
"37";"Daerah yang memiliki Izin Tinggal Tetap hanya diperbolehkan";"196,85";"541,244";"803,264";"815,264";"612,2";"Helvetica";"12,0";"369,047";"306,1";"0,10282097353805945";"0,3215452466514211";"0,5625514537732766";"False";"BATANG TUBUH";"PASAL 83"
"37";"terdaftar dalam 1 (satu) KK.";"196,85";"344,236";"820,8589999999999";"832,8589999999999";"612,2";"Helvetica";"12,0";"270,543";"306,1";"0,05808069258412286";"0,3215452466514211";"0,2407481215289121";"False";"BATANG TUBUH";"PASAL 83"
"38";"38";"300,1";"312,1";"44,19200000000001";"56,19200000000001";"612,2";"Times New Roman,Bold";"12,0";"306,1";"306,1";"0,0";"0,49019928128062723";"0,019601437438745508";"False";"HALAMAN";""
"38";"(2) Perubahan susunan keluarga dalam KK wajib dilaporkan kepada";"169,85";"540,9260000000002";"81,10400000000004";"93,10400000000004";"612,2";"Helvetica";"12,0";"355,3880000000001";"306,1";"0,0805096373734075";"0,27744201241424366";"0,6061352499183276";"False";"BATANG TUBUH";"PASAL 83"
"38";"Dinas selambat-lambatnya 30 (tiga puluh) hari sejak terjadinya";"196,85";"541,128";"98,30399999999997";"110,30399999999997";"612,2";"Helvetica";"12,0";"368,98900000000003";"306,1";"0,10272623325710553";"0,3215452466514211";"0,5623619732113688";"False";"BATANG TUBUH";"PASAL 83"
"38";"perubahan.";"196,85";"257,416";"115,50400000000002";"127,50400000000002";"612,2";"Helvetica";"12,0";"227,13299999999998";"306,1";"0,12898889251878476";"0,3215452466514211";"0,09893172165958837";"False";"BATANG TUBUH";"PASAL 83"
"38";"(3) Berdasarkan laporan sebagaimana dimaksud pada ayat (2),";"169,85";"540,7840000000001";"133,904";"145,904";"612,2";"Helvetica";"12,0";"355,31700000000006";"306,1";"0,08039366220189487";"0,27744201241424366";"0,6059032995753023";"False";"BATANG TUBUH";"PASAL 83"
"38";"Dinas mendaftar dan menerbitkan KK.";"196,85";"400,116";"151,10400000000004";"163,10400000000004";"612,2";"Helvetica";"12,0";"298,483";"306,1";"0,01244201241424374";"0,3215452466514211";"0,3320254818686703";"False";"BATANG TUBUH";"PASAL 83"
"38";"Pasal 84";"282,1";"329,97200000000004";"187,33400000000006";"199,33400000000006";"612,2";"Helvetica-Bold";"12,0";"306,03600000000006";"306,1";"0,00010454099967325143";"0,460797125122509";"0,07819666775563543";"False";"BATANG TUBUH";"PASAL 84"
"38";"(1) Penduduk Warga Negara Indonesia dan Orang Asing di wilayah";"169,85";"541,182";"224,13400000000001";"236,13400000000001";"612,2";"Helvetica";"12,0";"355,516";"306,1";"0,08071871937275399";"0,27744201241424366";"0,6065534139170206";"False";"BATANG TUBUH";"PASAL 84"
"38";"Daerah yang memiliki Izin Tinggal Tetap dan telah berumur 17";"196,85";"541,154";"241,33400000000006";"253,33400000000006";"612,2";"Helvetica";"12,0";"369,002";"306,1";"0,10274746814766414";"0,3215452466514211";"0,562404442992486";"False";"BATANG TUBUH";"PASAL 84"
"38";"(tujuh belas) tahun atau telah kawin atau pernah kawin wajib";"196,85";"541,0719999999999";"258,534";"270,534";"612,2";"Helvetica";"12,0";"368,96099999999996";"306,1";"0,10268049656974833";"0,3215452466514211";"0,5622704998366544";"False";"BATANG TUBUH";"PASAL 84"
"38";"memiliki KTP.";"196,85";"270,362";"275,93399999999997";"287,93399999999997";"612,2";"Helvetica";"12,0";"233,606";"306,1";"0,11841555047370145";"0,3215452466514211";"0,12007840574975502";"False";"BATANG TUBUH";"PASAL 84"
"38";"(2) Orang Asing yang mengikuti status orang tuanya yang memiliki";"169,85";"540,8420000000001";"294,134";"306,134";"612,2";"Helvetica";"12,0";"355,34600000000006";"306,1";"0,08044103234237183";"0,27744201241424366";"0,6059980398562562";"False";"BATANG TUBUH";"PASAL 84"
"38";"Izin Tinggal Tetap dan sudah berumur 17 (tujuh belas) tahun";"196,85";"540,8300000000002";"311,35400000000004";"323,35400000000004";"612,2";"Helvetica";"12,0";"368,8400000000001";"306,1";"0,1024828487422412";"0,3215452466514211";"0,5618752041816402";"False";"BATANG TUBUH";"PASAL 84"
"38";"wajib memiliki KTP.";"196,85";"301,036";"328,554";"340,554";"612,2";"Helvetica";"12,0";"248,94299999999998";"306,1";"0,0933632799738648";"0,3215452466514211";"0,1701829467494283";"False";"BATANG TUBUH";"PASAL 84"
"38";"(3) KTP sebagaimana dimaksud pada ayat (1) dan ayat (2) berlaku";"169,85";"541,142";"346,95400000000006";"358,95400000000006";"612,2";"Helvetica";"12,0";"355,49600000000004";"306,1";"0,08068605031035611";"0,27744201241424366";"0,6064880757922247";"False";"BATANG TUBUH";"PASAL 84"
"38";"secara nasional.";"196,85";"284,036";"364,154";"376,154";"612,2";"Helvetica";"12,0";"240,44299999999998";"306,1";"0,10724763149297621";"0,3215452466514211";"0,14241424371120548";"False";"BATANG TUBUH";"PASAL 84"
"38";"(4) Penduduk wajib melaporkan perpanjangan masa berlaku KTP";"169,85";"541,2500000000001";"382,35400000000004";"394,35400000000004";"612,2";"Helvetica";"12,0";"355,55000000000007";"306,1";"0,08077425677883052";"0,27744201241424366";"0,6066644887291736";"False";"BATANG TUBUH";"PASAL 84"
"38";"kepada Dinas apabila masa berlakunya telah berakhir.";"196,85";"486,096";"399,554";"411,5539999999999";"612,2";"Helvetica";"11,999999999999943";"341,473";"306,1";"0,05778013721006205";"0,3215452466514211";"0,4724697811172819";"False";"BATANG TUBUH";"PASAL 84"
"38";"(5) Penduduk yang telah memiliki KTP wajib membawa pada saat";"169,85";"540,8060000000002";"417,95399999999995";"429,95399999999995";"612,2";"Helvetica";"12,0";"355,3280000000001";"306,1";"0,08041163018621375";"0,27744201241424366";"0,60593923554394";"False";"BATANG TUBUH";"PASAL 84"
"38";"bepergian.";"196,85";"253,41600000000003";"435,18399999999997";"447,18399999999997";"612,2";"Helvetica";"12,0";"225,133";"306,1";"0,13225579875857563";"0,3215452466514211";"0,09239790918000658";"False";"BATANG TUBUH";"PASAL 84"
"38";"(6) Penduduk sebagaimana dimaksud pada ayat (1) dan ayat (2)";"169,85";"540,7820000000003";"453,38399999999996";"465,38399999999996";"612,2";"Helvetica";"12,0";"355,31600000000014";"306,1";"0,0803920287487751";"0,27744201241424366";"0,6059000326690628";"False";"BATANG TUBUH";"PASAL 84"
"38";"hanya diperbolehkan memiliki 1 (satu) KTP.";"196,85";"429,11199999999997";"470,58399999999995";"482,58399999999995";"612,2";"Helvetica";"12,0";"312,981";"306,1";"0,011239790918000607";"0,3215452466514211";"0,379389088533159";"False";"BATANG TUBUH";"PASAL 84"
"38";"Pasal 85";"282,1";"329,97200000000004";"506,984";"518,9839999999999";"612,2";"Helvetica-Bold";"12,0";"306,03600000000006";"306,1";"0,00010454099967325143";"0,460797125122509";"0,07819666775563543";"False";"BATANG TUBUH";"PASAL 85"
"38";"(1) KTP mencantumkan gambar lambang Garuda Pancasila dan";"169,85";"540,9140000000002";"543,604";"555,604";"612,2";"Helvetica";"12,0";"355,3820000000001";"306,1";"0,08049983665468816";"0,27744201241424366";"0,6061156484808888";"False";"BATANG TUBUH";"PASAL 85"
"38";"peta wilayah Negara Kesatuan Republik Indonesia, memuat";"196,85";"540,7220000000001";"561,0039999999999";"573,0039999999999";"612,2";"Helvetica";"12,0";"368,78600000000006";"306,1";"0,1023946422737668";"0,3215452466514211";"0,5616987912446914";"False";"BATANG TUBUH";"PASAL 85"
"38";"keterangan tentang NIK, nama, tempat tanggal lahir, laki-laki";"196,85";"541,2299999999999";"578,204";"590,204";"612,2";"Helvetica";"12,0";"369,03999999999996";"306,1";"0,10280953936622009";"0,3215452466514211";"0,5625285854295979";"False";"BATANG TUBUH";"PASAL 85"
"38";"atau perempuan, agama, status perkawinan, golongan darah,";"196,85";"541,058";"595,404";"607,404";"612,2";"Helvetica";"12,0";"368,954";"306,1";"0,10266906239790914";"0,3215452466514211";"0,5622476314929761";"False";"BATANG TUBUH";"PASAL 85"
"38";"alamat, pekerjaan, kewarganegaraan, pas foto, masa berlaku,";"196,85";"540,6980000000001";"612,604";"624,604";"612,2";"Helvetica";"12,0";"368,77400000000006";"306,1";"0,10237504083632805";"0,3215452466514211";"0,5616595883698139";"False";"BATANG TUBUH";"PASAL 85"
"38";"tempat dan tanggal dikeluarkan KTP, tandatangan pemegang";"196,85";"540,9020000000002";"630,0039999999999";"642,0039999999999";"612,2";"Helvetica";"12,0";"368,8760000000001";"306,1";"0,10254165305455744";"0,3215452466514211";"0,5619928128062727";"False";"BATANG TUBUH";"PASAL 85"
"38";"KTP, serta memuat nama dan Nomor Induk Pegawai (NIP)";"196,85";"541,126";"647,204";"659,204";"612,2";"Helvetica";"12,0";"368,988";"306,1";"0,10272459980398559";"0,3215452466514211";"0,562358706305129";"False";"BATANG TUBUH";"PASAL 85"
"38";"Kepala Dinas.";"196,85";"271,416";"664,404";"676,404";"612,2";"Helvetica";"12,0";"234,13299999999998";"306,1";"0,11755472067951656";"0,3215452466514211";"0,12180006533812479";"False";"BATANG TUBUH";"PASAL 85"
"38";"(2) Keterangan tentang agama sebagaimana dimaksud pada ayat";"169,85";"540,904";"682,634";"694,634";"612,2";"Helvetica";"12,0";"355,377";"306,1";"0,0804916693890885";"0,27744201241424366";"0,6060993139496895";"False";"BATANG TUBUH";"PASAL 85"
"38";"(1) bagi Penduduk yang agamanya belum diakui sebagai agama";"196,85";"540,9640000000002";"699,834";"711,834";"612,2";"Helvetica";"12,0";"368,9070000000001";"306,1";"0,1025922901012742";"0,3215452466514211";"0,5620940868997062";"False";"BATANG TUBUH";"PASAL 85"
"38";"berdasarkan ketentuan Peraturan Perundang-undangan atau";"196,85";"541,17";"717,2339999999999";"729,2339999999999";"612,2";"Helvetica";"12,0";"369,01";"306,1";"0,10276053577262327";"0,3215452466514211";"0,5624305782424043";"False";"BATANG TUBUH";"PASAL 85"
"38";"bagi penghayat kepercayaan tidak diisi, tetapi tetap dilayani dan";"196,85";"540,8060000000003";"734,434";"746,434";"612,2";"Helvetica";"12,0";"368,82800000000015";"306,1";"0,10246324730480254";"0,3215452466514211";"0,5618360013067628";"False";"BATANG TUBUH";"PASAL 85"
"38";"dicatat dalam database kependudukan.";"196,85";"406,25600000000003";"751,634";"763,634";"612,2";"Helvetica";"12,0";"301,553";"306,1";"0,007427311336164693";"0,3215452466514211";"0,34205488402482853";"False";"BATANG TUBUH";"PASAL 85"
"38";"(3) Dalam KTP sebagaimana dimaksud pada ayat (1) disediakan";"169,85";"541,178";"769,834";"781,834";"612,2";"Helvetica";"12,0";"355,514";"306,1";"0,08071545246651418";"0,27744201241424366";"0,6065468801045409";"False";"BATANG TUBUH";"PASAL 85"
"38";"ruang untuk memuat kode keamanan dan rekaman elektronik";"196,85";"540,984";"787,2339999999999";"799,2339999999999";"612,2";"Helvetica";"11,999999999999986";"368,91700000000003";"306,1";"0,10260862463247306";"0,3215452466514211";"0,5621267559621038";"False";"BATANG TUBUH";"PASAL 85"
"38";"pencatatan Peristiwa Penting.";"196,85";"355,43600000000004";"804,454";"816,454";"612,2";"Helvetica";"12,0";"276,14300000000003";"306,1";"0,04893335511270825";"0,3215452466514211";"0,25904279647174133";"False";"BATANG TUBUH";"PASAL 85"
"38";"(4) Masa berlaku KTP sebagaimana dimaksud pada ayat (1):";"169,85";"502,886";"822,659";"834,659";"612,2";"Helvetica";"12,0";"336,368";"306,1";"0,0494413590329957";"0,27744201241424366";"0,5439986932375042";"False";"BATANG TUBUH";"PASAL 85"
"39";"39";"300,1";"312,1";"44,19200000000001";"56,19200000000001";"612,2";"Times New Roman,Bold";"12,0";"306,1";"306,1";"0,0";"0,49019928128062723";"0,019601437438745508";"False";"HALAMAN";""
"39";"a. untuk Warga Negara Indonesia berlaku selama 5 (lima)";"196,85";"540,908";"81,10400000000004";"93,10400000000004";"612,2";"Helvetica";"12,0";"368,879";"306,1";"0,10254655341391701";"0,3215452466514211";"0,5620026135249918";"False";"BATANG TUBUH";"PASAL 85"
"39";"tahun;";"214,88";"248,0";"98,30399999999997";"110,30399999999997";"612,2";"Helvetica";"12,0";"231,44";"306,1";"0,12195360993139501";"0,3509964064031362";"0,0540999673309376";"False";"BATANG TUBUH";"PASAL 85"
"39";"b. untuk Orang Asing Tinggal Tetap disesuaikan dengan masa";"196,85";"541,186";"116,50400000000002";"128,50400000000002";"612,2";"Helvetica";"12,0";"369,01800000000003";"306,1";"0,10277360339758249";"0,3215452466514211";"0,5624567134923227";"False";"BATANG TUBUH";"PASAL 85"
"39";"berlaku Izin Tinggal Tetap.";"214,88";"356,08399999999995";"133,904";"145,904";"612,2";"Helvetica";"12,0";"285,48199999999997";"306,1";"0,03367853642600466";"0,3509964064031362";"0,23065011434171828";"False";"BATANG TUBUH";"PASAL 85"
"39";"(5) Penduduk yang telah berusia 60 (enam puluh) tahun diberi KTP";"169,85";"540,9980000000002";"152,10400000000004";"164,10400000000004";"612,2";"Helvetica";"12,0";"355,4240000000001";"306,1";"0,08056844168572373";"0,27744201241424366";"0,60625285854296";"False";"BATANG TUBUH";"PASAL 85"
"39";"yang berlaku seumur hidup.";"196,85";"344,702";"169,30399999999997";"181,30399999999997";"612,2";"Helvetica";"12,0";"270,776";"306,1";"0,05770009800718721";"0,3215452466514211";"0,2415093106827834";"False";"BATANG TUBUH";"PASAL 85"
"39";"Pasal 86";"282,1";"329,97200000000004";"205,73400000000004";"217,73400000000004";"612,2";"Helvetica-Bold";"12,0";"306,03600000000006";"306,1";"0,00010454099967325143";"0,460797125122509";"0,07819666775563543";"False";"BATANG TUBUH";"PASAL 86"
"39";"Surat Keterangan Kependudukan paling sedikit memuat keterangan";"169,85";"540,8660000000002";"242,33400000000006";"254,33400000000006";"612,2";"Helvetica";"12,0";"355,3580000000001";"306,1";"0,08046063377981066";"0,27744201241424366";"0,6060372427311339";"False";"BATANG TUBUH";"PASAL 86"
"39";"tentang nama lengkap, NIK, jenis kelamin, tempat tanggal lahir,";"169,85";"541,066";"259,534";"271,534";"612,2";"Helvetica";"12,0";"355,458";"306,1";"0,08062397909180007";"0,27744201241424366";"0,6063639333551126";"False";"BATANG TUBUH";"PASAL 86"
"39";"agama, alamat, Peristiwa Kependudukan dan Peristiwa Penting yang";"169,85";"540,8180000000002";"276,93399999999997";"288,93399999999997";"612,2";"Helvetica";"12,0";"355,3340000000001";"306,1";"0,08042143090493317";"0,27744201241424366";"0,6059588369813789";"False";"BATANG TUBUH";"PASAL 86"
"39";"dialami oleh seseorang.";"169,85";"296,306";"294,134";"306,134";"612,2";"Helvetica";"12,0";"233,07799999999997";"306,1";"0,11927801372100627";"0,27744201241424366";"0,20655994772950012";"False";"BATANG TUBUH";"PASAL 86"
"39";"Pasal 87";"282,1";"329,97200000000004";"330,35400000000004";"342,35400000000004";"612,2";"Helvetica-Bold";"12,0";"306,03600000000006";"306,1";"0,00010454099967325143";"0,460797125122509";"0,07819666775563543";"False";"BATANG TUBUH";"PASAL 87"
"39";"(1) Akta Pencatatan Sipil terdiri atas:";"169,85";"373,226";"367,154";"379,154";"612,2";"Helvetica";"12,0";"271,538";"306,1";"0,05645540672982687";"0,27744201241424366";"0,3322051617118589";"False";"BATANG TUBUH";"PASAL 87"
"39";"a. register Akta Pencatatan Sipil; dan";"196,85";"398,79599999999994";"385,35400000000004";"397,35400000000004";"612,2";"Helvetica";"12,0";"297,823";"306,1";"0,013520091473374785";"0,3215452466514211";"0,3298693237504082";"False";"BATANG TUBUH";"PASAL 87"
"39";"b. kutipan Akta Pencatatan Sipil.";"196,85";"373,9";"403,554";"415,554";"612,2";"Helvetica";"12,0";"285,375";"306,1";"0,033853315909833426";"0,3215452466514211";"0,28920287487749097";"False";"BATANG TUBUH";"PASAL 87"
"39";"(2) Akta Pencatatan Sipil sebagaimana dimaksud pada ayat (1)";"169,85";"541,0579999999999";"421,984";"433,984";"612,2";"Helvetica";"12,0";"355,45399999999995";"306,1";"0,08061744527932035";"0,27744201241424366";"0,6063508657301533";"False";"BATANG TUBUH";"PASAL 87"
"39";"berlaku selamanya.";"196,85";"300,73400000000004";"439,18399999999997";"451,18399999999997";"612,2";"Helvetica";"12,0";"248,79200000000003";"306,1";"0,09360993139496894";"0,3215452466514211";"0,1696896439072199";"False";"BATANG TUBUH";"PASAL 87"
"39";"Pasal 88";"282,1";"329,97200000000004";"475,38399999999996";"487,38399999999996";"612,2";"Helvetica-Bold";"12,0";"306,03600000000006";"306,1";"0,00010454099967325143";"0,460797125122509";"0,07819666775563543";"False";"BATANG TUBUH";"PASAL 88"
"39";"(1) Register Akta Pencatatan Sipil memuat seluruh data Peristiwa";"169,85";"541,134";"512,184";"524,184";"612,2";"Helvetica";"12,0";"355,492";"306,1";"0,0806795164978765";"0,27744201241424366";"0,6064750081672655";"False";"BATANG TUBUH";"PASAL 88"
"39";"Penting.";"196,85";"240,60600000000002";"529,384";"541,384";"612,2";"Helvetica";"12,0";"218,728";"306,1";"0,14271806599150605";"0,3215452466514211";"0,07147337471414575";"False";"BATANG TUBUH";"PASAL 88"
"39";"(2) Data Peristiwa Penting yang berasal dari KUA Kecamatan";"169,85";"541,194";"547,604";"559,604";"612,2";"Helvetica";"12,0";"355,522";"306,1";"0,08072852009147331";"0,27744201241424366";"0,6065730153544592";"False";"BATANG TUBUH";"PASAL 88"
"39";"diintegrasikan ke dalam database kependudukan dan tidak";"196,85";"540,8599999999999";"564,804";"576,804";"612,2";"Helvetica";"12,0";"368,85499999999996";"306,1";"0,10250735053903942";"0,3215452466514211";"0,5619242077752367";"False";"BATANG TUBUH";"PASAL 88"
"39";"diterbitkan Kutipan Akta Pencatatan Sipil.";"196,85";"416,856";"582,204";"594,204";"612,2";"Helvetica";"12,0";"306,853";"306,1";"0,0012299901992812575";"0,3215452466514211";"0,3593694870957203";"False";"BATANG TUBUH";"PASAL 88"
"39";"(3) Register Akta Pencatatan Sipil disimpan dan dirawat oleh Dinas.";"169,85";"538,916";"600,404";"612,404";"612,2";"Helvetica";"12,0";"354,38300000000004";"306,1";"0,07886801698791247";"0,27744201241424366";"0,6028520091473375";"False";"BATANG TUBUH";"PASAL 88"
"39";"(4) Register Akta Pencatatan Sipil memuat:";"169,85";"408,83000000000004";"618,604";"630,604";"612,2";"Helvetica";"12,0";"289,34000000000003";"306,1";"0,027376674289447876";"0,27744201241424366";"0,39036262659261683";"False";"BATANG TUBUH";"PASAL 88"
"39";"a. jenis Peristiwa Penting;";"196,85";"338,744";"637,0039999999999";"649,0039999999999";"612,2";"Helvetica";"12,0";"267,797";"306,1";"0,06256615485135576";"0,3215452466514211";"0,2317771969944463";"False";"BATANG TUBUH";"PASAL 88"
"39";"b. NIK dan status kewarganegaraan;";"196,85";"396,1039999999999";"655,204";"667,204";"612,2";"Helvetica";"12,000000000000028";"296,477";"306,1";"0,015718719372754077";"0,3215452466514211";"0,3254720679516497";"False";"BATANG TUBUH";"PASAL 88"
"39";"c. nama orang yang mengalami Peristiwa Penting;";"196,85";"469,4359999999999";"673,434";"685,434";"612,2";"Helvetica";"12,0";"333,143";"306,1";"0,04417347272133281";"0,3215452466514211";"0,4452564521398234";"False";"BATANG TUBUH";"PASAL 88"
"39";"d. nama dan identitas pelapor;";"196,85";"362,70799999999997";"691,634";"703,634";"612,2";"Helvetica";"12,0";"279,779";"306,1";"0,04299411956876842";"0,3215452466514211";"0,270921267559621";"False";"BATANG TUBUH";"PASAL 88"
"39";"e. tempat dan tanggal peristiwa;";"196,85";"371,328";"709,834";"721,834";"612,2";"Helvetica";"12,0";"284,089";"306,1";"0,035953936622018984";"0,3215452466514211";"0,28500163345311985";"False";"BATANG TUBUH";"PASAL 88"
"39";"f. nama dan identitas saksi;";"196,85";"350,11999999999995";"728,2339999999999";"740,2339999999999";"612,2";"Helvetica";"12,0";"273,48499999999996";"306,1";"0,0532750735053905";"0,3215452466514211";"0,2503593596863769";"False";"BATANG TUBUH";"PASAL 88"
"39";"g. tempat dan tanggal dikeluarkannya akta; dan";"196,85";"454,13599999999997";"746,434";"758,434";"612,2";"Helvetica";"12,0";"325,493";"306,1";"0,03167755635413259";"0,3215452466514211";"0,4202646194054229";"False";"BATANG TUBUH";"PASAL 88"
"39";"h. nama dan tanda tangan Pejabat yang berwenang.";"196,85";"480,60799999999995";"764,634";"776,634";"612,2";"Helvetica";"12,0";"338,729";"306,1";"0,053297941849068865";"0,3215452466514211";"0,4635053903952955";"False";"BATANG TUBUH";"PASAL 88"
"39";"Pasal 89";"282,1";"329,97200000000004";"801,054";"813,054";"612,2";"Helvetica-Bold";"12,0";"306,03600000000006";"306,1";"0,00010454099967325143";"0,460797125122509";"0,07819666775563543";"False";"BATANG TUBUH";"PASAL 89"
"39";"(1) Kutipan Akta Pencatatan Sipil terdiri atas kutipan akta:";"169,85";"485,49800000000005";"831,8589999999999";"843,8589999999999";"612,2";"Helvetica";"12,0";"327,67400000000004";"306,1";"0,03524011760862465";"0,27744201241424366";"0,5155962103887618";"False";"BATANG TUBUH";"PASAL 89"
"40";"40";"300,1";"312,1";"44,19200000000001";"56,19200000000001";"612,2";"Times New Roman,Bold";"12,0";"306,1";"306,1";"0,0";"0,49019928128062723";"0,019601437438745508";"False";"HALAMAN";""
"40";"a. kelahiran;";"196,85";"266,612";"80,904";"92,904";"612,2";"Helvetica";"12,0";"231,731";"306,1";"0,12147827507350542";"0,3215452466514211";"0,11395295655014705";"False";"BATANG TUBUH";"PASAL 89"
"40";"b. kematian;";"196,85";"266,6";"100,904";"112,904";"612,2";"Helvetica";"12,0";"231,72500000000002";"306,1";"0,12148807579222476";"0,3215452466514211";"0,1139333551127083";"False";"BATANG TUBUH";"PASAL 89"
"40";"c. perkawinan;";"196,85";"279,404";"120,70400000000006";"132,70400000000006";"612,2";"Helvetica";"12,0";"238,127";"306,1";"0,11103070891865405";"0,3215452466514211";"0,13484808885984972";"False";"BATANG TUBUH";"PASAL 89"
"40";"d. perceraian; dan";"196,85";"298,1";"140,70400000000006";"152,70400000000006";"612,2";"Helvetica";"12,0";"247,47500000000002";"306,1";"0,09576118915387127";"0,3215452466514211";"0,16538712838941524";"False";"BATANG TUBUH";"PASAL 89"
"40";"e. pengakuan anak.";"196,85";"306,96799999999996";"160,50400000000002";"172,50400000000002";"612,2";"Helvetica";"12,0";"251,909";"306,1";"0,08851845802025486";"0,3215452466514211";"0,1798725906566481";"False";"BATANG TUBUH";"PASAL 89"
"40";"(2) Kutipan Akta Pencatatan Sipil memuat:";"169,85";"404,798";"180,534";"192,534";"612,2";"Helvetica";"12,0";"287,324";"306,1";"0,030669715779157152";"0,27744201241424366";"0,3837765436131983";"False";"BATANG TUBUH";"PASAL 89"
"40";"a. jenis Peristiwa Penting;";"196,85";"338,744";"200,33400000000006";"212,33400000000006";"612,2";"Helvetica";"12,0";"267,797";"306,1";"0,06256615485135576";"0,3215452466514211";"0,2317771969944463";"False";"BATANG TUBUH";"PASAL 89"
"40";"b. NIK dan status kewarganegaraan;";"196,85";"396,1039999999999";"220,33400000000006";"232,33400000000006";"612,2";"Helvetica";"12,0";"296,477";"306,1";"0,015718719372754077";"0,3215452466514211";"0,3254720679516497";"False";"BATANG TUBUH";"PASAL 89"
"40";"c. nama orang yang mengalami Peristiwa Penting;";"196,85";"469,4359999999999";"240,33400000000006";"252,33400000000006";"612,2";"Helvetica";"12,0";"333,143";"306,1";"0,04417347272133281";"0,3215452466514211";"0,4452564521398234";"False";"BATANG TUBUH";"PASAL 89"
"40";"d. tempat dan tanggal peristiwa;";"196,85";"371,27599999999995";"260,134";"272,134";"612,2";"Helvetica";"12,0";"284,063";"306,1";"0,03599640640313628";"0,3215452466514211";"0,28491669389088525";"False";"BATANG TUBUH";"PASAL 89"
"40";"e. tempat dan tanggal dikeluarkannya akta;";"196,85";"430,832";"280,134";"292,134";"612,2";"Helvetica";"12,0";"313,841";"306,1";"0,012644560601110723";"0,3215452466514211";"0,38219862789937925";"False";"BATANG TUBUH";"PASAL 89"
"40";"f. nama dan tanda tangan Pejabat yang berwenang; dan";"196,85";"504,126";"299,95400000000006";"311,95400000000006";"612,2";"Helvetica";"12,0";"350,488";"306,1";"0,07250571708591959";"0,3215452466514211";"0,501920940868997";"False";"BATANG TUBUH";"PASAL 89"
"40";"g. pernyataan kesesuaian kutipan tersebut dengan data yang";"196,85";"540,8840000000002";"319,95400000000006";"331,95400000000006";"612,2";"Helvetica";"12,0";"368,86700000000013";"306,1";"0,10252695197647844";"0,3215452466514211";"0,5619634106501147";"False";"BATANG TUBUH";"PASAL 89"
"40";"terdapat dalam Register Akta Pencatatan Sipil.";"214,88";"463,20799999999997";"338,95400000000006";"350,95400000000006";"612,2";"Helvetica";"12,0";"339,044";"306,1";"0,05381247958183593";"0,3509964064031362";"0,40563214635739947";"False";"BATANG TUBUH";"PASAL 89"
"40";"Pasal 90";"282,1";"329,97200000000004";"378,554";"390,554";"612,2";"Helvetica-Bold";"12,0";"306,03600000000006";"306,1";"0,00010454099967325143";"0,460797125122509";"0,07819666775563543";"False";"BATANG TUBUH";"PASAL 90"
"40";"Dinas atau Pejabat yang ditunjuk diberi kewenangan sesuai tanggung";"169,85";"541,0160000000001";"418,554";"430,554";"612,2";"Helvetica";"12,0";"355,43300000000005";"306,1";"0,08058314276380271";"0,27744201241424366";"0,606282260699118";"False";"BATANG TUBUH";"PASAL 90"
"40";"jawabnya dan wajib menerbitkan dokumen Pendaftaran Penduduk,";"169,85";"541,306";"437,38399999999996";"449,38399999999996";"612,2";"Helvetica";"12,0";"355,57800000000003";"306,1";"0,08081999346618753";"0,27744201241424366";"0,6067559621038876";"False";"BATANG TUBUH";"PASAL 90"
"40";"sebagai berikut:";"169,85";"254,534";"456,38399999999996";"468,38399999999996";"612,2";"Helvetica";"12,0";"212,192";"306,1";"0,1533943155831428";"0,27744201241424366";"0,13832734400522703";"False";"BATANG TUBUH";"PASAL 90"
"40";"a. KK atau KTP paling lambat 14 (empat belas) hari;";"169,85";"451,59800000000007";"476,38399999999996";"488,38399999999996";"612,2";"Helvetica";"12,0";"310,72400000000005";"306,1";"0,00755308722639664";"0,27744201241424366";"0,4602221496243058";"False";"BATANG TUBUH";"PASAL 90"
"40";"b. Surat Keterangan Pindah paling lambat 14 (empat belas) hari;";"169,85";"516,9380000000001";"496,18399999999997";"508,18399999999997";"612,2";"Helvetica";"12,0";"343,39400000000006";"306,1";"0,06091800065338131";"0,27744201241424366";"0,5669519764782751";"False";"BATANG TUBUH";"PASAL 90"
"40";"c. Surat Keterangan Pindah Datang paling lambat 14 (empat belas)";"169,85";"540,806";"516,184";"528,184";"612,2";"Helvetica";"12,0";"355,32800000000003";"306,1";"0,08041163018621367";"0,27744201241424366";"0,6059392355439399";"False";"BATANG TUBUH";"PASAL 90"
"40";"hari;";"187,85";"210,98600000000002";"534,9839999999999";"546,9839999999999";"612,2";"Helvetica";"12,0";"199,418";"306,1";"0,17426004573668738";"0,30684416857236196";"0,037791571381901375";"False";"BATANG TUBUH";"PASAL 90"
"40";"d. Surat Kerangan Pindah ke Luar Negeri paling lambat 14 (empat";"169,85";"541,07";"555,0039999999999";"567,0039999999999";"612,2";"Helvetica";"12,0";"355,46000000000004";"306,1";"0,08062724599803987";"0,27744201241424366";"0,6063704671675922";"False";"BATANG TUBUH";"PASAL 90"
"40";"belas) hari;";"187,85";"246,97400000000002";"574,0039999999999";"586,0039999999999";"612,2";"Helvetica";"12,0";"217,412";"306,1";"0,1448676902972885";"0,30684416857236196";"0,09657628226069916";"False";"BATANG TUBUH";"PASAL 90"
"40";"e. Surat Keterangan Datang dari Luar Negeri paling lambat 14";"169,85";"540,8780000000002";"593,804";"605,804";"612,2";"Helvetica";"12,0";"355,3640000000001";"306,1";"0,08047043449852999";"0,27744201241424366";"0,6060568441685725";"False";"BATANG TUBUH";"PASAL 90"
"40";"(empat belas) hari;";"187,85";"287,71399999999994";"612,804";"624,804";"612,2";"Helvetica";"12,0";"237,78199999999998";"306,1";"0,11159425024501803";"0,30684416857236196";"0,16312316236524002";"False";"BATANG TUBUH";"PASAL 90"
"40";"f. Surat Keterangan Tempat Tinggal untuk Orang Asing yang";"169,85";"540,8900000000001";"632,604";"644,604";"612,2";"Helvetica";"12,0";"355,37000000000006";"306,1";"0,08048023521724933";"0,27744201241424366";"0,6060764456060111";"False";"BATANG TUBUH";"PASAL 90"
"40";"memiliki Izin Tinggal Terbatas paling lambat 14 (empat belas)";"187,85";"540,8060000000002";"651,604";"663,604";"612,2";"Helvetica";"12,0";"364,3280000000001";"306,1";"0,09511270826527289";"0,30684416857236196";"0,5765370793858218";"False";"BATANG TUBUH";"PASAL 90"
"40";"hari;";"187,85";"210,98600000000002";"670,434";"682,434";"612,2";"Helvetica";"12,0";"199,418";"306,1";"0,17426004573668738";"0,30684416857236196";"0,037791571381901375";"False";"BATANG TUBUH";"PASAL 90"
"40";"g. Surat Keterangan Kelahiran paling lambat 14 (empat belas) hari;";"169,85";"530,52";"690,434";"702,434";"612,2";"Helvetica";"12,0";"350,185";"306,1";"0,07201078079059127";"0,27744201241424366";"0,5891375367526951";"False";"BATANG TUBUH";"PASAL 90"
"40";"h. Surat Keterangan Lahir Mati paling lambat 14 (empat belas) hari;";"169,85";"532,2980000000001";"710,434";"722,434";"612,2";"Helvetica";"12,0";"351,07400000000007";"306,1";"0,07346292061417845";"0,27744201241424366";"0,5920418163998694";"False";"BATANG TUBUH";"PASAL 90"
"40";"i. Surat Keterangan Kematian paling lambat 3 (tiga) hari;";"169,85";"477,746";"730,2339999999999";"742,2339999999999";"612,2";"Helvetica";"12,0";"323,798";"306,1";"0,028908853315909797";"0,27744201241424366";"0,5029336818033321";"False";"BATANG TUBUH";"PASAL 90"
"40";"j. Surat Keterangan Pembatalan Perkawinan paling lambat 7 (tujuh)";"169,85";"540,8180000000002";"750,2339999999999";"762,2339999999999";"612,2";"Helvetica";"12,0";"355,3340000000001";"306,1";"0,08042143090493317";"0,27744201241424366";"0,6059588369813789";"False";"BATANG TUBUH";"PASAL 90"
"40";"hari; atau";"187,85";"237,674";"769,034";"781,034";"612,2";"Helvetica";"12,0";"212,762";"306,1";"0,15246324730480237";"0,30684416857236196";"0,08138516824567137";"False";"BATANG TUBUH";"PASAL 90"
"40";"k. Surat Keterangan Pembatalan Perceraian paling lambat 7 (tujuh)";"169,85";"540,976";"789,054";"801,054";"612,2";"Helvetica";"12,0";"355,413";"306,1";"0,08055047370140475";"0,27744201241424366";"0,606216922574322";"False";"BATANG TUBUH";"PASAL 90"
"40";"hari;";"187,85";"210,98600000000002";"807,8539999999999";"819,8539999999999";"612,2";"Helvetica";"12,0";"199,418";"306,1";"0,17426004573668738";"0,30684416857236196";"0,037791571381901375";"False";"BATANG TUBUH";"PASAL 90"
"40";"terhitung sejak tanggal dipenuhinya semua persyaratan.";"169,85";"467,828";"827,8589999999999";"839,8589999999999";"612,2";"Helvetica";"12,0";"318,839";"306,1";"0,02080855929434821";"0,27744201241424366";"0,48673309376020896";"False";"BATANG TUBUH";"PASAL 90"
"41";"41";"300,1";"312,1";"44,19200000000001";"56,19200000000001";"612,2";"Times New Roman,Bold";"12,0";"306,1";"306,1";"0,0";"0,49019928128062723";"0,019601437438745508";"False";"HALAMAN";""
"41";"Pasal 91";"282,1";"329,97200000000004";"80,904";"92,904";"612,2";"Helvetica-Bold";"12,0";"306,03600000000006";"306,1";"0,00010454099967325143";"0,460797125122509";"0,07819666775563543";"False";"BATANG TUBUH";"PASAL 91"
"41";"(1) Pembetulan KTP hanya dilakukan untuk KTP yang mengalami";"169,85";"541,232";"117,50400000000002";"129,50400000000002";"612,2";"Helvetica";"12,0";"355,541";"306,1";"0,08075955570075134";"0,27744201241424366";"0,6066350865730152";"False";"BATANG TUBUH";"PASAL 91"
"41";"kesalahan tulis redaksional.";"196,85";"344,036";"134,904";"146,904";"612,2";"Helvetica";"12,0";"270,443";"306,1";"0,05824403789611244";"0,3215452466514211";"0,240421430904933";"False";"BATANG TUBUH";"PASAL 91"
"41";"(2) Pembetulan KTP sebagaimana dimaksud pada ayat (1)";"169,85";"540,8420000000001";"153,10400000000004";"165,10400000000004";"612,2";"Helvetica";"12,0";"355,34600000000006";"306,1";"0,08044103234237183";"0,27744201241424366";"0,6059980398562562";"False";"BATANG TUBUH";"PASAL 91"
"41";"dilaksanakan dengan atau tanpa permohonan dari orang yang";"196,85";"541,158";"170,30399999999997";"182,30399999999997";"612,2";"Helvetica";"12,0";"369,004";"306,1";"0,10275073505390393";"0,3215452466514211";"0,5624109768049657";"False";"BATANG TUBUH";"PASAL 91"
"41";"menjadi subjek KTP.";"196,85";"307,036";"187,534";"199,534";"612,2";"Helvetica";"12,0";"251,94299999999998";"306,1";"0,08846292061417843";"0,3215452466514211";"0,17998366546880104";"False";"BATANG TUBUH";"PASAL 91"
"41";"(3) Pembetulan KTP sebagaimana dimaksud pada ayat (1)";"169,85";"540,8420000000001";"205,93399999999997";"217,93399999999997";"612,2";"Helvetica";"12,0";"355,34600000000006";"306,1";"0,08044103234237183";"0,27744201241424366";"0,6059980398562562";"False";"BATANG TUBUH";"PASAL 91"
"41";"dilakukan oleh Dinas.";"196,85";"310,836";"223,13400000000001";"235,13400000000001";"612,2";"Helvetica";"12,0";"253,84300000000002";"306,1";"0,085359359686377";"0,3215452466514211";"0,1861907873244038";"False";"BATANG TUBUH";"PASAL 91"
"41";"Pasal 92";"282,1";"329,97200000000004";"259,33400000000006";"271,33400000000006";"612,2";"Helvetica-Bold";"12,0";"306,03600000000006";"306,1";"0,00010454099967325143";"0,460797125122509";"0,07819666775563543";"False";"BATANG TUBUH";"PASAL 92"
"41";"(1) Pembetulan akta Pencatatan Sipil hanya dilakukan untuk akta";"169,85";"541,13";"296,134";"308,134";"612,2";"Helvetica";"12,0";"355,49";"306,1";"0,08067624959163669";"0,27744201241424366";"0,6064684743547859";"False";"BATANG TUBUH";"PASAL 92"
"41";"yang mengalami kesalahan tulis redaksional.";"196,85";"435,666";"313,35400000000004";"325,35400000000004";"612,2";"Helvetica";"12,0";"316,258";"306,1";"0,016592616791898003";"0,3215452466514211";"0,3900947402809539";"False";"BATANG TUBUH";"PASAL 92"
"41";"(2) Pembetulan akta Pencatatan Sipil sebagaimana dimaksud pada";"169,85";"540,9159999999999";"331,554";"343,554";"612,2";"Helvetica";"12,0";"355,383";"306,1";"0,08050147010780784";"0,27744201241424366";"0,6061189153871283";"False";"BATANG TUBUH";"PASAL 92"
"41";"ayat (1) dilaksanakan dengan atau tanpa permohonan dari";"196,85";"540,9020000000002";"348,95400000000006";"360,95400000000006";"612,2";"Helvetica";"12,0";"368,8760000000001";"306,1";"0,10254165305455744";"0,3215452466514211";"0,5619928128062727";"False";"BATANG TUBUH";"PASAL 92"
"41";"orang yang menjadi subjek akta.";"196,85";"369,856";"366,154";"378,154";"612,2";"Helvetica";"12,0";"283,353";"306,1";"0,03715615811826203";"0,3215452466514211";"0,28259719046063375";"False";"BATANG TUBUH";"PASAL 92"
"41";"(3) Pembetulan akta Pencatatan Sipil sebagaimana dimaksud pada";"169,85";"540,8420000000002";"384,35400000000004";"396,35400000000004";"612,2";"Helvetica";"12,0";"355,3460000000001";"306,1";"0,08044103234237192";"0,27744201241424366";"0,6059980398562564";"False";"BATANG TUBUH";"PASAL 92"
"41";"ayat (1) dilakukan oleh Pejabat Pencatatan Sipil sesuai dengan";"196,85";"541,2420000000001";"401,554";"413,554";"612,2";"Helvetica";"12,0";"369,04600000000005";"306,1";"0,10281934008493959";"0,3215452466514211";"0,562548186867037";"False";"BATANG TUBUH";"PASAL 92"
"41";"kewenangannya.";"196,85";"287,354";"418,95399999999995";"430,95399999999995";"612,2";"Helvetica";"12,0";"242,10199999999998";"306,1";"0,10453773276706965";"0,3215452466514211";"0,1478340411630186";"False";"BATANG TUBUH";"PASAL 92"
"41";"Pasal 93";"280,3";"331,572";"455,18399999999997";"467,18399999999997";"612,2";"Helvetica-Bold";"12,0";"305,93600000000004";"306,1";"0,00026788631166283443";"0,45785690950669716";"0,08375040836327996";"False";"BATANG TUBUH";"PASAL 93"
"41";"(1) Pembatalan akta Pencatatan Sipil dilakukan berdasarkan";"169,85";"540,9140000000001";"491,984";"503,984";"612,2";"Helvetica";"12,0";"355,38200000000006";"306,1";"0,08049983665468807";"0,27744201241424366";"0,6061156484808887";"False";"BATANG TUBUH";"PASAL 93"
"41";"Putusan Pengadilan yang telah mempunyai kekuatan hukum";"196,85";"541,0880000000001";"509,18399999999997";"521,184";"612,2";"Helvetica";"12,0";"368,96900000000005";"306,1";"0,10269356419470765";"0,3215452466514211";"0,562296635086573";"False";"BATANG TUBUH";"PASAL 93"
"41";"tetap.";"196,85";"226,816";"526,384";"538,384";"612,2";"Helvetica";"12,0";"211,833";"306,1";"0,15398072525318526";"0,3215452466514211";"0,048948056190787334";"False";"BATANG TUBUH";"PASAL 93"
"41";"(2) Berdasarkan Putusan Pengadilan mengenai pembatalan akta";"169,85";"541,232";"544,604";"556,604";"612,2";"Helvetica";"12,0";"355,541";"306,1";"0,08075955570075134";"0,27744201241424366";"0,6066350865730152";"False";"BATANG TUBUH";"PASAL 93"
"41";"sebagaimana dimaksud pada ayat (1), Pejabat Pencatatan Sipil";"196,85";"541,174";"562,0039999999999";"574,0039999999999";"612,2";"Helvetica";"12,0";"369,012";"306,1";"0,10276380267886308";"0,3215452466514211";"0,5624371120548839";"False";"BATANG TUBUH";"PASAL 93"
"41";"membuat catatan pinggir pada Register Akta dan mencabut";"196,85";"540,7340000000002";"579,204";"591,204";"612,2";"Helvetica";"12,0";"368,7920000000001";"306,1";"0,10240444299248622";"0,3215452466514211";"0,5617183926821302";"False";"BATANG TUBUH";"PASAL 93"
"41";"kutipan akta-akta Pencatatan Sipil yang dibatalkan dari";"196,85";"540,9579999999999";"596,404";"608,404";"612,2";"Helvetica";"12,0";"368,90399999999994";"306,1";"0,10258738974191427";"0,3215452466514211";"0,5620842861809863";"False";"BATANG TUBUH";"PASAL 93"
"41";"kepemilikan subjek akta.";"196,85";"327,698";"613,604";"625,604";"612,2";"Helvetica";"12,0";"262,274";"306,1";"0,07158771643253842";"0,3215452466514211";"0,21373407383208098";"False";"BATANG TUBUH";"PASAL 93"
"41";"Pasal 94";"280,3";"331,572";"650,0039999999999";"662,0039999999999";"612,2";"Helvetica-Bold";"12,0";"305,93600000000004";"306,1";"0,00026788631166283443";"0,45785690950669716";"0,08375040836327996";"False";"BATANG TUBUH";"PASAL 94"
"41";"Dalam hal wilayah hukum Dinas yang menerbitkan akta berbeda";"169,85";"541,11";"686,634";"698,634";"612,2";"Helvetica";"12,0";"355,48";"306,1";"0,08065991506043775";"0,27744201241424366";"0,606435805292388";"False";"BATANG TUBUH";"PASAL 94"
"41";"dengan Pengadilan yang memutus pembatalan akta, salinan Putusan";"169,85";"541,198";"703,834";"715,834";"612,2";"Helvetica";"12,0";"355,524";"306,1";"0,08073178699771312";"0,27744201241424366";"0,6065795491669388";"False";"BATANG TUBUH";"PASAL 94"
"41";"Pengadilan disampaikan kepada Dinas yang menerbitkan akta";"169,85";"541,296";"721,2339999999999";"733,2339999999999";"612,2";"Helvetica";"12,0";"355,57300000000004";"306,1";"0,08081182620058806";"0,27744201241424366";"0,6067396275726886";"False";"BATANG TUBUH";"PASAL 94"
"41";"Pencatatan Sipil oleh pemohon atau Pengadilan.";"169,85";"429,246";"738,434";"750,434";"612,2";"Helvetica";"12,0";"299,548";"306,1";"0,010702384841555081";"0,27744201241424366";"0,4237112054884024";"False";"BATANG TUBUH";"PASAL 94"
"41";"Pasal 95";"282,1";"329,97200000000004";"774,634";"786,634";"612,2";"Helvetica-Bold";"12,0";"306,03600000000006";"306,1";"0,00010454099967325143";"0,460797125122509";"0,07819666775563543";"False";"BATANG TUBUH";"PASAL 95"
"41";"Setiap orang dilarang mengubah, menambah atau mengurangi tanpa";"169,85";"540,8540000000003";"811,454";"823,454";"612,2";"Helvetica";"12,0";"355,35200000000015";"306,1";"0,08045083306109134";"0,27744201241424366";"0,6060176412936952";"False";"BATANG TUBUH";"PASAL 95"
"41";"hak, isi elemen data pada Dokumen Kependudukan.";"169,85";"448,394";"828,659";"840,659";"612,2";"Helvetica";"12,0";"309,122";"306,1";"0,004936295328324063";"0,27744201241424366";"0,45498856582816066";"False";"BATANG TUBUH";"PASAL 95"
"42";"42";"300,1";"312,1";"44,19200000000001";"56,19200000000001";"612,2";"Times New Roman,Bold";"12,0";"306,1";"306,1";"0,0";"0,49019928128062723";"0,019601437438745508";"False";"HALAMAN";""
"42";"Bagian Ketiga";"266,08";"346,12";"80,70400000000006";"92,70400000000006";"612,2";"Helvetica-Bold";"12,0";"306,1";"306,1";"0,0";"0,4346292061417837";"0,13074158771643257";"False";"BATANG TUBUH";"BAGIAN KETIGA"
"42";"Perlindungan Data dan Dokumen Kependudukan";"173,65";"452,158";"98,30399999999997";"110,30399999999997";"612,2";"Helvetica-Bold";"12,0";"312,904";"306,1";"0,011114015027768659";"0,28364913426984645";"0,4549297615158445";"False";"BATANG TUBUH";"BAGIAN KETIGA"
"42";"Pasal 96";"282,1";"329,97200000000004";"133,30399999999997";"145,30399999999997";"612,2";"Helvetica-Bold";"12,0";"306,03600000000006";"306,1";"0,00010454099967325143";"0,460797125122509";"0,07819666775563543";"False";"BATANG TUBUH";"PASAL 96"
"42";"(1) Data dan dokumen kependudukan wajib disimpan dan dilindungi";"169,85";"540,9140000000001";"168,70400000000006";"180,70400000000006";"612,2";"Helvetica";"12,0";"355,38200000000006";"306,1";"0,08049983665468807";"0,27744201241424366";"0,6061156484808887";"False";"BATANG TUBUH";"PASAL 96"
"42";"oleh Daerah.";"196,85";"265,416";"185,33400000000006";"197,33400000000006";"612,2";"Helvetica";"12,0";"231,13299999999998";"306,1";"0,12245508003920293";"0,3215452466514211";"0,11199934661875204";"False";"BATANG TUBUH";"PASAL 96"
"42";"(2) Petugas pada Penyelenggara dan Dinas diberi Hak Akses untuk";"169,85";"541,134";"202,93399999999997";"214,93399999999997";"612,2";"Helvetica";"12,0";"355,492";"306,1";"0,0806795164978765";"0,27744201241424366";"0,6064750081672655";"False";"BATANG TUBUH";"PASAL 96"
"42";"memasukkan, menyimpan, membaca, mengubah, meralat dan";"196,85";"540,8780000000003";"219,33400000000006";"231,33400000000006";"612,2";"Helvetica";"12,0";"368,86400000000015";"306,1";"0,10252205161711879";"0,3215452466514211";"0,5619536099313953";"False";"BATANG TUBUH";"PASAL 96"
"42";"menghapus, serta mencetak Data, mengkopi Data dan";"196,85";"540,9480000000001";"235,93399999999997";"247,93399999999997";"612,2";"Helvetica";"12,0";"368,89900000000006";"306,1";"0,10257922247631499";"0,3215452466514211";"0,5620679516497877";"False";"BATANG TUBUH";"PASAL 96"
"42";"Dokumen Kependudukan.";"196,85";"335,342";"252,534";"264,534";"612,2";"Helvetica";"12,0";"266,096";"306,1";"0,06534465860829797";"0,3215452466514211";"0,22622018948056188";"False";"BATANG TUBUH";"PASAL 96"
"42";"BAB IX";"285,7";"326,304";"287,534";"299,534";"612,2";"Helvetica-Bold";"12,0";"306,00199999999995";"306,1";"0,00016007840574986935";"0,4666775563541326";"0,06632473048023518";"True";"BATANG TUBUH";"BAB IX"
"42";"PENDAFTARAN PENDUDUK DAN PENCATATAN SIPIL";"150,25";"461,36199999999997";"304,95400000000006";"316,95400000000006";"612,2";"Helvetica-Bold";"12,0";"305,806";"306,1";"0,00048023521724932955";"0,2454263312642927";"0,508186867036916";"True";"BATANG TUBUH";"BAB IX"
"42";"SAAT DAERAH ATAU SEBAGIAN DAERAH DALAM KEADAAN";"128,45";"483,504";"322,554";"334,554";"612,2";"Helvetica-Bold";"12,0";"305,977";"306,1";"0,0002009147337472187";"0,20981705325057168";"0,5799640640313624";"True";"BATANG TUBUH";"BAB IX"
"42";"DARURAT DAN LUAR BIASA";"223,08";"388,992";"340,154";"352,154";"612,2";"Helvetica-Bold";"12,0";"306,036";"306,1";"0,00010454099967334428";"0,364390721986279";"0,2710094740280954";"True";"BATANG TUBUH";"BAB IX"
"42";"Pasal 97";"282,1";"329,97200000000004";"375,154";"387,154";"612,2";"Helvetica-Bold";"12,0";"306,03600000000006";"306,1";"0,00010454099967325143";"0,460797125122509";"0,07819666775563543";"False";"BATANG TUBUH";"PASAL 97"
"42";"(1) Apabila Daerah atau sebagian Daerah dinyatakan dalam";"169,85";"541,262";"410,554";"422,554";"612,2";"Helvetica";"12,0";"355,556";"306,1";"0,08078405749754974";"0,27744201241424366";"0,6066840901666121";"False";"BATANG TUBUH";"PASAL 97"
"42";"keadaan darurat dengan segala tingkatannya berdasarkan";"196,85";"540,9180000000001";"427,18399999999997";"439,18399999999997";"612,2";"Helvetica";"12,0";"368,88400000000007";"306,1";"0,10255472067951657";"0,3215452466514211";"0,5620189480561909";"False";"BATANG TUBUH";"PASAL 97"
"42";"ketentuan peraturan perundang-undangan, otoritas";"196,85";"541,038";"443,78399999999993";"455,78399999999993";"612,2";"Helvetica";"12,0";"368,944";"306,1";"0,1026527278667102";"0,3215452466514211";"0,5622149624305782";"False";"BATANG TUBUH";"PASAL 97"
"42";"Pemerintahan yang menjabat pada saat itu diberi kewenangan";"196,85";"540,9400000000002";"460,18399999999997";"472,18399999999997";"612,2";"Helvetica";"12,0";"368,8950000000001";"306,1";"0,10257268866383545";"0,3215452466514211";"0,5620548840248287";"False";"BATANG TUBUH";"PASAL 97"
"42";"membuat surat keterangan mengenai Peristiwa Kependudukan";"196,85";"541,1980000000001";"476,78399999999993";"488,78399999999993";"612,2";"Helvetica";"12,0";"369,02400000000006";"306,1";"0,10278340411630191";"0,3215452466514211";"0,5624763149297616";"False";"BATANG TUBUH";"PASAL 97"
"42";"dan Peristiwa Penting.";"196,85";"316,036";"493,38399999999996";"505,38399999999996";"612,2";"Helvetica";"12,0";"256,443";"306,1";"0,08111238157464887";"0,3215452466514211";"0,19468474354786017";"False";"BATANG TUBUH";"PASAL 97"
"42";"(2) Surat keterangan sebagaimana dimaksud pada ayat (1) sebagai";"169,85";"541,012";"510,984";"522,9839999999999";"612,2";"Helvetica";"12,0";"355,431";"306,1";"0,08057987585756282";"0,27744201241424366";"0,6062757268866382";"False";"BATANG TUBUH";"PASAL 97"
"42";"dasar penerbitan Dokumen Kependudukan.";"196,85";"429,06600000000003";"527,584";"539,584";"612,2";"Helvetica";"12,0";"312,958";"306,1";"0,011202221496243064";"0,3215452466514211";"0,37931394968964394";"False";"BATANG TUBUH";"PASAL 97"
"42";"(3) Apabila keadaan sudah dinyatakan pulih, Dinas aktif mendata";"169,85";"541,158";"545,0039999999999";"557,0039999999999";"612,2";"Helvetica";"12,0";"355,504";"306,1";"0,08069911793531524";"0,27744201241424366";"0,606514211042143";"False";"BATANG TUBUH";"PASAL 97"
"42";"ulang dengan melakukan Pendaftaran Penduduk dan";"196,85";"540,9260000000003";"561,604";"573,604";"612,2";"Helvetica";"12,0";"368,88800000000015";"306,1";"0,10256125449199628";"0,3215452466514211";"0,5620320156811504";"False";"BATANG TUBUH";"PASAL 97"
"42";"Pencatatan Sipil di tempat sebagaimana dimaksud pada";"196,85";"540,9020000000002";"578,204";"590,204";"612,2";"Helvetica";"12,0";"368,8760000000001";"306,1";"0,10254165305455744";"0,3215452466514211";"0,5619928128062727";"False";"BATANG TUBUH";"PASAL 97"
"42";"ayat (1).";"196,85";"240,812";"594,804";"606,804";"612,2";"Helvetica";"12,0";"218,83100000000002";"306,1";"0,1425498203201568";"0,3215452466514211";"0,0718098660568442";"False";"BATANG TUBUH";"PASAL 97"
"42";"Pasal 98";"282,1";"329,97200000000004";"629,604";"641,604";"612,2";"Helvetica-Bold";"12,0";"306,03600000000006";"306,1";"0,00010454099967325143";"0,460797125122509";"0,07819666775563543";"False";"BATANG TUBUH";"PASAL 98"
"42";"(1) Dalam hal terjadi keadaan luar biasa sebagai akibat bencana";"169,85";"540,9380000000001";"665,0039999999999";"677,004";"612,2";"Helvetica";"12,000000000000028";"355,39400000000006";"306,1";"0,08051943809212682";"0,27744201241424366";"0,6061548513557662";"False";"BATANG TUBUH";"PASAL 98"
"42";"alam, Dinas wajib melakukan pendataan Penduduk bagi";"196,85";"541,0559999999999";"681,634";"693,634";"612,2";"Helvetica";"12,0";"368,953";"306,1";"0,1026674289447892";"0,3215452466514211";"0,5622443645867362";"False";"BATANG TUBUH";"PASAL 98"
"42";"pengungsi dan korban bencana alam.";"196,85";"397,466";"698,2339999999999";"710,2339999999999";"612,2";"Helvetica";"12,0";"297,158";"306,1";"0,014606337798105206";"0,3215452466514211";"0,3276968311009474";"False";"BATANG TUBUH";"PASAL 98"
"42";"(2) Dinas menerbitkan Surat Keterangan Pengganti Tanda Identitas";"169,85";"540,8520000000001";"715,634";"727,634";"612,2";"Helvetica";"12,0";"355,35100000000006";"306,1";"0,0804491996079713";"0,27744201241424366";"0,6060143743874551";"False";"BATANG TUBUH";"PASAL 98"
"42";"dan Surat Keterangan Pencatatan Sipil berdasarkan hasil";"196,85";"541,1239999999999";"732,2339999999999";"744,2339999999999";"612,2";"Helvetica";"12,0";"368,98699999999997";"306,1";"0,10272296635086563";"0,3215452466514211";"0,562355439398889";"False";"BATANG TUBUH";"PASAL 98"
"42";"pendaftaran sebagaimana dimaksud pada ayat (1).";"196,85";"468,486";"748,834";"760,834";"612,2";"Helvetica";"12,0";"332,668";"306,1";"0,043397582489382525";"0,3215452466514211";"0,4437046716759228";"False";"BATANG TUBUH";"PASAL 98"
"42";"(3) Surat Keterangan Pengganti Tanda Identitas atau Surat";"169,85";"540,7460000000002";"766,434";"778,434";"612,2";"Helvetica";"12,0";"355,2980000000001";"306,1";"0,08036262659261693";"0,27744201241424366";"0,6058412283567464";"False";"BATANG TUBUH";"PASAL 98"
"42";"Keterangan Pencatatan Sipil digunakan sebagai tanda bukti diri";"196,85";"540,818";"783,034";"795,034";"612,2";"Helvetica";"11,999999999999986";"368,834";"306,1";"0,10247304802352168";"0,3215452466514211";"0,5618556027442011";"False";"BATANG TUBUH";"PASAL 98"
"42";"dan bahan pertimbangan untuk penerbitan Dokumen";"196,85";"540,9380000000001";"799,454";"811,454";"612,2";"Helvetica";"12,0";"368,89400000000006";"306,1";"0,10257105521071551";"0,3215452466514211";"0,5620516171185888";"False";"BATANG TUBUH";"PASAL 98"
"42";"Kependudukan.";"196,85";"280,76599999999996";"816,059";"828,059";"612,2";"Helvetica";"12,0";"238,808";"306,1";"0,10991832734400526";"0,3215452466514211";"0,1370728520091473";"False";"BATANG TUBUH";"PASAL 98"
"43";"43";"300,1";"312,1";"44,19200000000001";"56,19200000000001";"612,2";"Times New Roman,Bold";"12,0";"306,1";"306,1";"0,0";"0,49019928128062723";"0,019601437438745508";"False";"HALAMAN";""
"43";"BAB X";"287,3";"324,504";"80,70400000000006";"92,70400000000006";"612,2";"Helvetica-Bold";"12,0";"305,90200000000004";"306,1";"0,0003234237177392667";"0,46929108134596537";"0,060770989872590664";"True";"BATANG TUBUH";"BAB X"
"43";"SISTEM INFORMASI ADMINISTRASI KEPENDUDUKAN";"145,65";"465,8699999999999";"101,10400000000004";"113,10400000000004";"612,2";"Helvetica-Bold";"12,0";"305,75999999999993";"306,1";"0,0005553740607646009";"0,2379124469127736";"0,5230643580529237";"True";"BATANG TUBUH";"BAB X"
"43";"Pasal 99";"282,1";"329,97200000000004";"141,70400000000006";"153,70400000000006";"612,2";"Helvetica-Bold";"12,0";"306,03600000000006";"306,1";"0,00010454099967325143";"0,460797125122509";"0,07819666775563543";"False";"BATANG TUBUH";"PASAL 99"
"43";"(1) Pengelolaan informasi Administrasi Kependudukan";"169,85";"541,068";"182,534";"194,534";"612,2";"Helvetica";"12,0";"355,459";"306,1";"0,08062561254491993";"0,27744201241424366";"0,6063672002613524";"False";"BATANG TUBUH";"PASAL 99"
"43";"dilaksanakan sesuai dengan ketentuan peraturan perundang-";"196,85";"541,1659999999999";"201,93399999999997";"213,93399999999997";"612,2";"Helvetica";"12,0";"369,008";"306,1";"0,10275726886638346";"0,3215452466514211";"0,5624240444299247";"False";"BATANG TUBUH";"PASAL 99"
"43";"undangan yang berlaku.";"196,85";"325,636";"221,13400000000001";"233,13400000000001";"612,2";"Helvetica";"12,0";"261,243";"306,1";"0,07327180659915064";"0,3215452466514211";"0,21036589349885662";"False";"BATANG TUBUH";"PASAL 99"
"43";"(2) Pengelolaan informasi Administrasi Kependudukan";"169,85";"540,9860000000002";"241,534";"253,534";"612,2";"Helvetica";"12,0";"355,4180000000001";"306,1";"0,0805586409670044";"0,27744201241424366";"0,6062332571055213";"False";"BATANG TUBUH";"PASAL 99"
"43";"sebagaimana dimaksud pada ayat (1) dilakukan melalui";"196,85";"541,0439999999999";"260,73400000000004";"272,73400000000004";"612,2";"Helvetica";"12,0";"368,94699999999995";"306,1";"0,10265762822606977";"0,3215452466514211";"0,5622247631492974";"False";"BATANG TUBUH";"PASAL 99"
"43";"pembangunan SIAK.";"196,85";"307,43600000000004";"280,134";"292,134";"612,2";"Helvetica";"12,0";"252,14300000000003";"306,1";"0,08813622999019927";"0,3215452466514211";"0,1806370467167593";"False";"BATANG TUBUH";"PASAL 99"
"43";"(3) Pengkajian dan pengembangan Sistem Informasi Administrasi";"169,85";"540,902";"300,554";"312,554";"612,2";"Helvetica";"12,0";"355,37600000000003";"306,1";"0,08049003593596865";"0,27744201241424366";"0,6060960470434499";"False";"BATANG TUBUH";"PASAL 99"
"43";"Kependudukan dilakukan oleh Pemerintah Daerah.";"196,85";"468,056";"319,754";"331,754";"612,2";"Helvetica";"12,0";"332,453";"306,1";"0,04304639006860495";"0,3215452466514211";"0,4430022868343679";"False";"BATANG TUBUH";"PASAL 99"
"43";"Pasal 100";"278,7";"333,36400000000003";"360,154";"372,154";"612,2";"Helvetica-Bold";"12,0";"306,03200000000004";"306,1";"0,00011107481215286446";"0,45524338451486435";"0,08929108134596543";"False";"BATANG TUBUH";"PASAL 100"
"43";"Pengelolaan SIAK bertujuan:";"169,85";"323,836";"400,95399999999995";"412,95399999999995";"612,2";"Helvetica";"12,0";"246,84300000000002";"306,1";"0,09679353152564521";"0,27744201241424366";"0,25152891212022216";"False";"BATANG TUBUH";"PASAL 100"
"43";"a. meningkatkan kualitas pelayanan Pendaftaran Penduduk dan";"169,85";"540,9960000000001";"421,38399999999996";"433,38399999999996";"612,2";"Helvetica";"12,0";"355,42300000000006";"306,1";"0,08056680823260377";"0,27744201241424366";"0,6062495916367201";"False";"BATANG TUBUH";"PASAL 100"
"43";"Pencatatan Sipil;";"187,85";"277,744";"440,78399999999993";"452,78399999999993";"612,2";"Helvetica";"12,0";"232,79700000000003";"306,1";"0,11973701404769682";"0,30684416857236196";"0,14683763475988243";"False";"BATANG TUBUH";"PASAL 100"
"43";"b. menyediakan data dan informasi skala daerah mengenai";"169,85";"540,9260000000002";"460,984";"472,984";"612,2";"Helvetica";"12,0";"355,3880000000001";"306,1";"0,0805096373734075";"0,27744201241424366";"0,6061352499183276";"False";"BATANG TUBUH";"PASAL 100"
"43";"Pendaftaran Penduduk dan Pencatatan Sipil yang akurat,";"187,85";"540,6980000000002";"480,38399999999996";"492,38399999999996";"612,2";"Helvetica";"12,0";"364,2740000000001";"306,1";"0,09502450179679857";"0,30684416857236196";"0,5763606664488732";"False";"BATANG TUBUH";"PASAL 100"
"43";"lengkap, mutakhir dan mudah diakses;";"187,85";"393,36199999999997";"499,58399999999995";"511,58399999999995";"612,2";"Helvetica";"12,0";"290,606";"306,1";"0,025308722639660285";"0,30684416857236196";"0,3356942175759555";"False";"BATANG TUBUH";"PASAL 100"
"43";"c. mewujudkan pertukaran data secara sistematik melalui sistem";"169,85";"541,046";"519,9839999999999";"531,9839999999999";"612,2";"Helvetica";"12,0";"355,44800000000004";"306,1";"0,08060764456060113";"0,27744201241424366";"0,6063312642927148";"False";"BATANG TUBUH";"PASAL 100"
"43";"pengenal tunggal, dengan tetap menjamin kerahasiaan.";"187,85";"484,026";"539,384";"551,384";"612,2";"Helvetica";"12,0";"335,938";"306,1";"0,048738974191440645";"0,30684416857236196";"0,4837896112381575";"False";"BATANG TUBUH";"PASAL 100"
"43";"Pasal 101";"278,7";"333,36400000000003";"579,804";"591,804";"612,2";"Helvetica-Bold";"12,0";"306,03200000000004";"306,1";"0,00011107481215286446";"0,45524338451486435";"0,08929108134596543";"False";"BATANG TUBUH";"PASAL 101"
"43";"SIAK merupakan satu kesatuan kegiatan terdiri dari unsur:";"169,85";"480,68600000000004";"620,604";"632,604";"612,2";"Helvetica";"12,0";"325,26800000000003";"306,1";"0,031310029402156166";"0,27744201241424366";"0,5077360339758249";"False";"BATANG TUBUH";"PASAL 101"
"43";"a. data base;";"169,85";"243,816";"640,804";"652,804";"612,2";"Helvetica";"12,0";"206,833";"306,1";"0,16214799085266254";"0,27744201241424366";"0,12081999346618752";"False";"BATANG TUBUH";"PASAL 101"
"43";"b. perangkat teknologi informasi dan komunikasi;";"169,85";"434,66600000000005";"661,204";"673,204";"612,2";"Helvetica";"12,000000000000028";"302,25800000000004";"306,1";"0,0062757268866383276";"0,27744201241424366";"0,43256452139823587";"False";"BATANG TUBUH";"PASAL 101"
"43";"c. sumber daya manusia;";"169,85";"308,942";"681,634";"693,634";"612,2";"Helvetica";"12,0";"239,39600000000002";"306,1";"0,1089578569095067";"0,27744201241424366";"0,22720026135249918";"False";"BATANG TUBUH";"PASAL 101"
"43";"d. pemegang Hak Akses;";"169,85";"308,828";"701,834";"713,834";"612,2";"Helvetica";"12,0";"239,339";"306,1";"0,10905096373734077";"0,27744201241424366";"0,22701404769683106";"False";"BATANG TUBUH";"PASAL 101"
"43";"e. lokasi data base;";"169,85";"277,81600000000003";"722,034";"734,034";"612,2";"Helvetica";"12,0";"223,83300000000003";"306,1";"0,1343792878144397";"0,27744201241424366";"0,1763573995426332";"False";"BATANG TUBUH";"PASAL 101"
"43";"f. pengelolaan data base;";"169,85";"312,43600000000004";"742,434";"754,434";"612,2";"Helvetica";"12,0";"241,14300000000003";"306,1";"0,10610421430904932";"0,27744201241424366";"0,23290754655341397";"False";"BATANG TUBUH";"PASAL 101"
"43";"g. pemeliharaan data base;";"169,85";"319,836";"762,634";"774,634";"612,2";"Helvetica";"12,0";"244,84300000000002";"306,1";"0,10006043776543613";"0,27744201241424366";"0,2449950996406403";"False";"BATANG TUBUH";"PASAL 101"
"43";"h. pengamanan data base;";"169,85";"317,236";"783,034";"795,034";"612,2";"Helvetica";"11,999999999999986";"243,543";"306,1";"0,10218392682130024";"0,27744201241424366";"0,2407481215289121";"False";"BATANG TUBUH";"PASAL 101"
"43";"i. pengawasan data base; dan";"169,85";"338,54";"803,264";"815,264";"612,2";"Helvetica";"12,0";"254,195";"306,1";"0,08478438418817384";"0,27744201241424366";"0,275547206795165";"False";"BATANG TUBUH";"PASAL 101"
"43";"j. data cadangan (back-up data/disaster recovery center).";"169,85";"482,34400000000005";"823,659";"835,659";"612,2";"Helvetica-Oblique";"12,0";"326,09700000000004";"306,1";"0,032664162038549514";"0,27744201241424366";"0,5104442992486116";"False";"BATANG TUBUH";"PASAL 101"
"44";"44";"300,1";"312,1";"44,19200000000001";"56,19200000000001";"612,2";"Times New Roman,Bold";"12,0";"306,1";"306,1";"0,0";"0,49019928128062723";"0,019601437438745508";"False";"HALAMAN";""
"44";"Pasal 102";"278,7";"333,372";"80,70400000000006";"92,70400000000006";"612,2";"Helvetica-Bold";"12,0";"306,036";"306,1";"0,00010454099967334428";"0,45524338451486435";"0,08930414897092456";"False";"BATANG TUBUH";"PASAL 102"
"44";"(1) Data Base Kependudukan sebagaimana dimaksud dalam Pasal";"169,85";"541,2099999999999";"120,50400000000002";"132,50400000000002";"612,2";"Helvetica";"12,0";"355,53";"306,1";"0,08074158771643244";"0,27744201241424366";"0,6065991506043774";"False";"BATANG TUBUH";"PASAL 102"
"44";"101 huruf a merupakan kumpulan berbagai jenis data";"196,85";"540,98";"139,70400000000006";"151,70400000000006";"612,2";"Helvetica";"12,0";"368,915";"306,1";"0,10260535772623325";"0,3215452466514211";"0,5621202221496242";"False";"BATANG TUBUH";"PASAL 102"
"44";"kependudukan yang sistematis, terstruktur dan tersimpan yang";"196,85";"541,078";"158,50400000000002";"170,50400000000002";"612,2";"Helvetica";"12,0";"368,964";"306,1";"0,1026853969291081";"0,3215452466514211";"0,5622803005553739";"False";"BATANG TUBUH";"PASAL 102"
"44";"saling berhubungan satu sama lain dengan menggunakan";"196,85";"540,9380000000002";"177,534";"189,534";"612,2";"Helvetica";"12,0";"368,8940000000001";"306,1";"0,1025710552107156";"0,3215452466514211";"0,562051617118589";"False";"BATANG TUBUH";"PASAL 102"
"44";"perangkat lunak, perangkat keras dan jaringan komunikasi data.";"196,85";"537,506";"196,33400000000006";"208,33400000000006";"612,2";"Helvetica";"12,0";"367,178";"306,1";"0,09976804965697479";"0,3215452466514211";"0,5564456060111074";"False";"BATANG TUBUH";"PASAL 102"
"44";"(2) Data Base penyelenggara Daerah berada pada Dinas.";"169,85";"486,18399999999997";"216,33400000000006";"228,33400000000006";"612,2";"Helvetica";"12,0";"328,017";"306,1";"0,035800392028748726";"0,27744201241424366";"0,51671675922901";"False";"BATANG TUBUH";"PASAL 102"
"44";"Pasal 103";"278,7";"333,372";"255,93399999999997";"267,93399999999997";"612,2";"Helvetica-Bold";"12,0";"306,036";"306,1";"0,00010454099967334428";"0,45524338451486435";"0,08930414897092456";"False";"BATANG TUBUH";"PASAL 103"
"44";"(1) Perangkat teknologi Informasi dan komunikasi sebagaimana";"169,85";"541,186";"295,93399999999997";"307,93399999999997";"612,2";"Helvetica";"12,0";"355,51800000000003";"306,1";"0,0807219862789938";"0,27744201241424366";"0,6065599477295002";"False";"BATANG TUBUH";"PASAL 103"
"44";"dimaksud dalam Pasal 101 huruf b diperlukan untuk";"196,85";"540,8219999999999";"314,95400000000006";"326,95400000000006";"612,2";"Helvetica";"12,0";"368,83599999999996";"306,1";"0,1024763149297614";"0,3215452466514211";"0,5618621365566806";"False";"BATANG TUBUH";"PASAL 103"
"44";"mengakomodasi penyelenggara Administrasi Kependudukan,";"196,85";"541,116";"333,95400000000006";"345,95400000000006";"612,2";"Helvetica";"12,0";"368,983";"306,1";"0,10271643253838611";"0,3215452466514211";"0,56234237177393";"False";"BATANG TUBUH";"PASAL 103"
"44";"dilakukan secara tersambung (online) dan semi elektronik";"196,85";"541,122";"352,554";"364,554";"612,2";"Helvetica";"12,0";"368,986";"306,1";"0,10272133289774578";"0,3215452466514211";"0,5623521724926493";"False";"BATANG TUBUH";"PASAL 103"
"44";"(offline).";"196,85";"240,01600000000002";"371,554";"383,554";"612,2";"Helvetica-Oblique";"12,0";"218,433";"306,1";"0,14319993466187525";"0,3215452466514211";"0,07050963737340742";"False";"BATANG TUBUH";"PASAL 103"
"44";"(2) Penyelenggara Administrasi kependudukan secara semi";"169,85";"540,962";"391,554";"403,554";"612,2";"Helvetica";"12,0";"355,406";"306,1";"0,08053903952956547";"0,27744201241424366";"0,6061940542306434";"False";"BATANG TUBUH";"PASAL 103"
"44";"elektronik (offline) atau manual hanya dapat dilakukan oleh";"196,85";"541,036";"410,354";"422,354";"612,2";"Helvetica";"12,0";"368,943";"306,1";"0,10265109441359026";"0,3215452466514211";"0,5622116955243383";"False";"BATANG TUBUH";"PASAL 103"
"44";"Dinas bagi wilayah yang belum memiliki fasilitas komunikasi";"196,85";"541,202";"429,38399999999996";"441,38399999999996";"612,2";"Helvetica";"12,0";"369,026";"306,1";"0,10278667102254163";"0,3215452466514211";"0,562482848742241";"False";"BATANG TUBUH";"PASAL 103"
"44";"data.";"196,85";"223,37";"448,38399999999996";"460,38399999999996";"612,2";"Helvetica";"12,0";"210,11";"306,1";"0,1567951649787651";"0,3215452466514211";"0,04331917673962759";"False";"BATANG TUBUH";"PASAL 103"
"44";"Pasal 104";"278,7";"333,372";"487,984";"499,984";"612,2";"Helvetica-Bold";"12,0";"306,036";"306,1";"0,00010454099967334428";"0,45524338451486435";"0,08930414897092456";"False";"BATANG TUBUH";"PASAL 104"
"44";"(1) Sumber Daya Manusia sebagaimana dimaksud dalam Pasal";"169,85";"541,2099999999999";"527,9839999999999";"539,9839999999999";"612,2";"Helvetica";"12,0";"355,53";"306,1";"0,08074158771643244";"0,27744201241424366";"0,6065991506043774";"False";"BATANG TUBUH";"PASAL 104"
"44";"101 huruf c adalah pranata komputer.";"196,85";"400,25600000000003";"547,0039999999999";"559,0039999999999";"612,2";"Helvetica";"12,0";"298,553";"306,1";"0,01232767069585107";"0,3215452466514211";"0,33225416530545576";"False";"BATANG TUBUH";"PASAL 104"
"44";"(2) Dalam hal pranata komputer sebagaimana dimaksud pada ayat";"169,85";"541,07";"567,0039999999999";"579,0039999999999";"612,2";"Helvetica";"12,0";"355,46000000000004";"306,1";"0,08062724599803987";"0,27744201241424366";"0,6063704671675922";"False";"BATANG TUBUH";"PASAL 104"
"44";"(1) belum tersedia, dapat menggunakan sumber daya manusia";"196,85";"540,8900000000001";"585,804";"597,804";"612,2";"Helvetica";"12,0";"368,87000000000006";"306,1";"0,10253185233583802";"0,3215452466514211";"0,5619732113688338";"False";"BATANG TUBUH";"PASAL 104"
"44";"yang mempunyai kemampuan di bidang komputer.";"196,85";"466,02199999999993";"604,804";"616,804";"612,2";"Helvetica";"12,0";"331,436";"306,1";"0,041385168245671275";"0,3215452466514211";"0,4396798431885003";"False";"BATANG TUBUH";"PASAL 104"
"44";"Pasal 105";"278,7";"333,372";"644,404";"656,404";"612,2";"Helvetica-Bold";"12,0";"306,036";"306,1";"0,00010454099967334428";"0,45524338451486435";"0,08930414897092456";"False";"BATANG TUBUH";"PASAL 105"
"44";"Pemegang Hak Akses sebagaimana dimaksud dalam Pasal 101";"169,85";"541,234";"684,434";"696,434";"612,2";"Helvetica";"12,0";"355,54200000000003";"306,1";"0,08076118915387129";"0,27744201241424366";"0,6066383534792551";"False";"BATANG TUBUH";"PASAL 105"
"44";"huruf d adalah petugas yang diberi Hak Akses sebagaimana";"169,85";"541,144";"703,434";"715,434";"612,2";"Helvetica";"12,0";"355,497";"306,1";"0,08068768376347597";"0,27744201241424366";"0,6064913426984645";"False";"BATANG TUBUH";"PASAL 105"
"44";"dimaksud dalam Pasal 47.";"169,85";"310,43600000000004";"722,2339999999999";"734,2339999999999";"612,2";"Helvetica";"12,0";"240,14300000000003";"306,1";"0,10773766742894478";"0,27744201241424366";"0,22964064031362305";"False";"BATANG TUBUH";"PASAL 105"
"44";"Pasal 106";"278,7";"333,372";"761,834";"773,834";"612,2";"Helvetica-Bold";"12,0";"306,036";"306,1";"0,00010454099967334428";"0,45524338451486435";"0,08930414897092456";"False";"BATANG TUBUH";"PASAL 106"
"44";"Lokasi data base sebagaimana dimaksud dalam Pasal 101 huruf e";"169,85";"541,182";"801,654";"813,654";"612,2";"Helvetica";"12,0";"355,516";"306,1";"0,08071871937275399";"0,27744201241424366";"0,6065534139170206";"False";"BATANG TUBUH";"PASAL 106"
"44";"barada di Dinas.";"169,85";"257,004";"820,8589999999999";"832,8589999999999";"612,2";"Helvetica";"12,0";"213,42700000000002";"306,1";"0,15137700098007187";"0,27744201241424366";"0,14236197321136887";"False";"BATANG TUBUH";"PASAL 106"
"45";"45";"300,1";"312,1";"44,19200000000001";"56,19200000000001";"612,2";"Times New Roman,Bold";"12,0";"306,1";"306,1";"0,0";"0,49019928128062723";"0,019601437438745508";"False";"HALAMAN";""
"45";"Pasal 107";"278,7";"333,372";"80,904";"92,904";"612,2";"Helvetica-Bold";"12,0";"306,036";"306,1";"0,00010454099967334428";"0,45524338451486435";"0,08930414897092456";"False";"BATANG TUBUH";"PASAL 107"
"45";"Pengelolaan data base sebagaimana dimaksud dalam Pasal 101";"169,85";"541,234";"118,50400000000002";"130,50400000000002";"612,2";"Helvetica";"12,0";"355,54200000000003";"306,1";"0,08076118915387129";"0,27744201241424366";"0,6066383534792551";"False";"BATANG TUBUH";"PASAL 107"
"45";"huruf f meliputi kegiatan:";"169,85";"300,43600000000004";"136,50400000000002";"148,50400000000002";"612,2";"Helvetica";"12,0";"235,14300000000003";"306,1";"0,11590493302842207";"0,27744201241424366";"0,21330610911466846";"False";"BATANG TUBUH";"PASAL 107"
"45";"a. perekaman data pendaftaran penduduk dan pencatatan sipil";"169,85";"541,154";"155,30399999999997";"167,30399999999997";"612,2";"Helvetica";"12,0";"355,502";"306,1";"0,08069585102907544";"0,27744201241424366";"0,6065076772296634";"False";"BATANG TUBUH";"PASAL 107"
"45";"kedalam data base kependudukan;";"187,85";"374,47399999999993";"173,30399999999997";"185,30399999999997";"612,2";"Helvetica";"12,0";"281,162";"306,1";"0,040735053903953024";"0,30684416857236196";"0,30484155504737004";"False";"BATANG TUBUH";"PASAL 107"
"45";"b. pengelolaan data pendaftaran penduduk dan pencatatan sipil";"169,85";"540,8900000000002";"192,13400000000001";"204,13400000000001";"612,2";"Helvetica";"12,0";"355,3700000000001";"306,1";"0,08048023521724941";"0,27744201241424366";"0,6060764456060114";"False";"BATANG TUBUH";"PASAL 107"
"45";"sebagaimana dimaksud pada huruf a;";"187,85";"388,43";"209,93399999999997";"221,93399999999997";"612,2";"Helvetica";"12,0";"288,14";"306,1";"0,0293368180333225";"0,30684416857236196";"0,3276380267886312";"False";"BATANG TUBUH";"PASAL 107"
"45";"c. penyajian data sebagaimana dimaksud pada huruf b sebagai";"169,85";"541,15";"228,73400000000004";"240,73400000000004";"612,2";"Helvetica";"12,0";"355,5";"306,1";"0,08069258412283563";"0,27744201241424366";"0,6065011434171838";"False";"BATANG TUBUH";"PASAL 107"
"45";"informasi data kependudukan; dan";"187,85";"371,964";"246,534";"258,534";"612,2";"Helvetica";"12,0";"279,907";"306,1";"0,04278503756942182";"0,30684416857236196";"0,3007415877164325";"False";"BATANG TUBUH";"PASAL 107"
"45";"d. pendistribusian data sebagaimana dimaksud pada huruf c untuk";"169,85";"540,7320000000001";"265,33400000000006";"277,33400000000006";"612,2";"Helvetica";"12,0";"355,29100000000005";"306,1";"0,08035119242077757";"0,27744201241424366";"0,6058183600130677";"False";"BATANG TUBUH";"PASAL 107"
"45";"kepentingan perumusan kebijakan dibidang pemerintahan dan";"187,85";"541,04";"283,134";"295,134";"612,2";"Helvetica";"12,0";"364,445";"306,1";"0,0953038222803005";"0,30684416857236196";"0,576919307415877";"False";"BATANG TUBUH";"PASAL 107"
"45";"pembangunan.";"187,85";"267,758";"300,95400000000006";"312,95400000000006";"612,2";"Helvetica";"12,0";"227,80399999999997";"306,1";"0,12789284547533492";"0,30684416857236196";"0,1305259719046063";"False";"BATANG TUBUH";"PASAL 107"
"45";"Pasal 108";"278,7";"333,372";"338,554";"350,554";"612,2";"Helvetica-Bold";"12,0";"306,036";"306,1";"0,00010454099967334428";"0,45524338451486435";"0,08930414897092456";"False";"BATANG TUBUH";"PASAL 108"
"45";"(1) Pemeliharaan, pegamanan dan pengawasan data base";"169,85";"541,206";"376,154";"388,154";"612,2";"Helvetica";"12,0";"355,528";"306,1";"0,08073832081019273";"0,27744201241424366";"0,606592616791898";"False";"BATANG TUBUH";"PASAL 108"
"45";"kependudukan sebagaimana dimaksud dalam Pasal 101";"196,85";"541,234";"394,154";"406,154";"612,2";"Helvetica";"12,0";"369,04200000000003";"306,1";"0,10281280627245998";"0,3215452466514211";"0,5625351192420778";"False";"BATANG TUBUH";"PASAL 108"
"45";"huruf g, huruf h, dan huruf i, dilakukan oleh Pemerintah Daerah.";"196,85";"535,716";"411,95399999999995";"423,95399999999995";"612,2";"Helvetica";"12,0";"366,283";"306,1";"0,09830610911466839";"0,3215452466514211";"0,5535217249264945";"False";"BATANG TUBUH";"PASAL 108"
"45";"(2) Pemeliharaan, pengamanan dan pengawasan sebagaimana";"169,85";"540,9500000000002";"430,78399999999993";"442,78399999999993";"612,2";"Helvetica";"12,0";"355,4000000000001";"306,1";"0,08052923881084624";"0,27744201241424366";"0,606174452793205";"False";"BATANG TUBUH";"PASAL 108"
"45";"dimaksud pada ayat (1) meliputi data dalam data base,";"196,85";"541,116";"448,38399999999996";"460,38399999999996";"612,2";"Helvetica";"12,0";"368,983";"306,1";"0,10271643253838611";"0,3215452466514211";"0,56234237177393";"False";"BATANG TUBUH";"PASAL 108"
"45";"perangkat keras, perangkat lunak, jaringan komunikasi, data";"196,85";"540,8780000000002";"466,38399999999996";"478,38399999999996";"612,2";"Helvetica";"12,0";"368,8640000000001";"306,1";"0,10252205161711869";"0,3215452466514211";"0,5619536099313951";"False";"BATANG TUBUH";"PASAL 108"
"45";"center dan data cadangan (back up data/disaster recovery";"196,85";"540,996";"484,18399999999997";"496,18399999999997";"612,2";"Helvetica";"12,0";"368,923";"306,1";"0,10261842535119238";"0,3215452466514211";"0,5621463573995426";"False";"BATANG TUBUH";"PASAL 108"
"45";"centre).";"196,85";"237,41600000000003";"501,984";"513,9839999999999";"612,2";"Helvetica-Oblique";"12,0";"217,133";"306,1";"0,14532342371773932";"0,3215452466514211";"0,06626265926167924";"False";"BATANG TUBUH";"PASAL 108"
"45";"(3) Tata cara dan prosedur pemeliharaan, pengamanan dan";"169,85";"540,9600000000002";"520,9839999999999";"532,9839999999999";"612,2";"Helvetica";"12,0";"355,4050000000001";"306,1";"0,0805374060764457";"0,27744201241424366";"0,6061907873244039";"False";"BATANG TUBUH";"PASAL 108"
"45";"pengawasan data base kependudukan diatur sesuai ketentuan";"196,85";"541,0360000000001";"538,584";"550,584";"612,2";"Helvetica";"12,0";"368,94300000000004";"306,1";"0,10265109441359035";"0,3215452466514211";"0,5622116955243385";"False";"BATANG TUBUH";"PASAL 108"
"45";"peraturan perundang-undangan yang berlaku.";"196,85";"441,5759999999999";"556,604";"568,604";"612,2";"Helvetica";"12,0";"319,21299999999997";"306,1";"0,02141947076118906";"0,3215452466514211";"0,3997484482195359";"False";"BATANG TUBUH";"PASAL 108"
"45";"Pasal 109";"278,7";"333,372";"594,0039999999999";"606,0039999999999";"612,2";"Helvetica-Bold";"12,0";"306,036";"306,1";"0,00010454099967334428";"0,45524338451486435";"0,08930414897092456";"False";"BATANG TUBUH";"PASAL 109"
"45";"Segala biaya yang diperlukan bagi pelaksanaan penyelenggaraan";"169,85";"540,9260000000003";"632,0039999999999";"644,0039999999999";"612,2";"Helvetica";"12,0";"355,38800000000015";"306,1";"0,08050963737340758";"0,27744201241424366";"0,6061352499183277";"False";"BATANG TUBUH";"PASAL 109"
"45";"SIAK dibebankan pada Anggaran Pendapatan dan Belanja Daerah.";"169,85";"528,674";"649,804";"661,804";"612,2";"Helvetica";"12,0";"349,262";"306,1";"0,07050310356092776";"0,27744201241424366";"0,5861221822933681";"False";"BATANG TUBUH";"PASAL 109"
"45";"Pasal 110";"278,7";"333,372";"687,2339999999999";"699,2339999999999";"612,2";"Helvetica-Bold";"12,0";"306,036";"306,1";"0,00010454099967334428";"0,45524338451486435";"0,08930414897092456";"False";"BATANG TUBUH";"PASAL 110"
"45";"(1) Biaya sebagaimana dimaksud dalam Pasal 109 digunakan untuk";"169,85";"540,934";"725,034";"737,034";"612,2";"Helvetica";"12,0";"355,392";"306,1";"0,08051617118588691";"0,27744201241424366";"0,6061483175432864";"False";"BATANG TUBUH";"PASAL 110"
"45";"penyelenggaraan SIAK sesuai dengan wewenang dan tanggung";"196,85";"541,114";"742,834";"754,834";"612,2";"Helvetica";"12,0";"368,982";"306,1";"0,10271479908526625";"0,3215452466514211";"0,5623391048676902";"False";"BATANG TUBUH";"PASAL 110"
"45";"jawabnya.";"196,85";"250,816";"760,634";"772,634";"612,2";"Helvetica";"12,0";"223,833";"306,1";"0,13437928781443975";"0,3215452466514211";"0,08815093106827834";"False";"BATANG TUBUH";"PASAL 110"
"45";"(2) Biaya jaringan komunikasi data dalam pelaksanaan SIAK, dari";"169,85";"541,028";"779,434";"791,434";"612,2";"Helvetica";"12,0";"355,439";"306,1";"0,08059294348252205";"0,27744201241424366";"0,6063018621365567";"False";"BATANG TUBUH";"PASAL 110"
"45";"Kecamatan ke Kabupaten dan Kabupaten ke Provinsi menjadi";"196,85";"541,182";"797,454";"809,454";"612,2";"Helvetica";"12,0";"369,016";"306,1";"0,10277033649134269";"0,3215452466514211";"0,5624501796798431";"False";"BATANG TUBUH";"PASAL 110"
"45";"beban Pemerintah Daerah.";"196,85";"340,80800000000005";"815,259";"827,259";"612,2";"Helvetica";"12,0";"268,829";"306,1";"0,06088043123162367";"0,3215452466514211";"0,23514864423391055";"False";"BATANG TUBUH";"PASAL 110"
"46";"46";"300,1";"312,1";"44,19200000000001";"56,19200000000001";"612,2";"Times New Roman,Bold";"12,0";"306,1";"306,1";"0,0";"0,49019928128062723";"0,019601437438745508";"False";"HALAMAN";""
"46";"Pasal 111";"278,7";"333,372";"80,904";"92,904";"612,2";"Helvetica-Bold";"12,0";"306,036";"306,1";"0,00010454099967334428";"0,45524338451486435";"0,08930414897092456";"False";"BATANG TUBUH";"PASAL 111"
"46";"(1) Data Penduduk yang dihasilkan oleh SIAK dan tersimpan di";"169,85";"541,1379999999999";"119,50400000000002";"131,50400000000002";"612,2";"Helvetica";"12,0";"355,49399999999997";"306,1";"0,0806827834041162";"0,27744201241424366";"0,606481541979745";"False";"BATANG TUBUH";"PASAL 111"
"46";"dalam database kependudukan dimanfaatkan untuk kepentingan";"196,85";"540,992";"137,50400000000002";"149,50400000000002";"612,2";"Helvetica";"12,0";"368,921";"306,1";"0,10261515844495257";"0,3215452466514211";"0,5621398235870629";"False";"BATANG TUBUH";"PASAL 111"
"46";"perumusan kebijakan bidang pemerintahan dan pembangunan.";"196,85";"533,716";"156,10400000000004";"168,10400000000004";"612,2";"Helvetica";"12,0";"365,283";"306,1";"0,09667265599477293";"0,3215452466514211";"0,5502548186867037";"False";"BATANG TUBUH";"PASAL 111"
"46";"(2) Pemanfaatan data Penduduk sebagaimana dimaksud pada ayat";"169,85";"540,8000000000002";"175,33400000000006";"187,33400000000006";"612,2";"Helvetica";"12,0";"355,3250000000001";"306,1";"0,0804067298268541";"0,27744201241424366";"0,6059294348252208";"False";"BATANG TUBUH";"PASAL 111"
"46";"(1) harus mendapatkan izin Penyelenggara.";"196,85";"429,26599999999996";"193,534";"205,534";"612,2";"Helvetica";"12,0";"313,058";"306,1";"0,011365566808232554";"0,3215452466514211";"0,37964064031362293";"False";"BATANG TUBUH";"PASAL 111"
"46";"BAB XI";"285,7";"326,236";"231,73400000000004";"243,73400000000004";"612,2";"Helvetica-Bold";"12,0";"305,96799999999996";"306,1";"0,0002156158118263016";"0,4666775563541326";"0,06621365566808232";"True";"BATANG TUBUH";"BAB XI"
"46";"PENYIMPANAN DAN PERLINDUNGAN DATA PRIBADI PENDUDUK";"136,85";"514,9919999999998";"250,93399999999997";"262,93399999999997";"612,2";"Helvetica-Bold";"12,0";"325,92099999999994";"306,1";"0,032376674289447745";"0,22353805945769353";"0,6176772296635084";"True";"BATANG TUBUH";"BAB XI"
"46";"Pasal 112";"278,7";"333,372";"289,33400000000006";"301,33400000000006";"612,2";"Helvetica-Bold";"12,0";"306,036";"306,1";"0,00010454099967334428";"0,45524338451486435";"0,08930414897092456";"False";"BATANG TUBUH";"PASAL 112"
"46";"(1) Data Pribadi Penduduk yang harus dilindungi memuat:";"169,85";"486,77";"328,154";"340,154";"612,2";"Helvetica";"12,0";"328,31";"306,1";"0,036278993792878106";"0,27744201241424366";"0,5176739627572687";"False";"BATANG TUBUH";"PASAL 112"
"46";"a. nomor KK;";"196,85";"271,41200000000003";"347,35400000000004";"359,35400000000004";"612,2";"Helvetica";"12,0";"234,13100000000003";"306,1";"0,11755798758575627";"0,3215452466514211";"0,12179353152564527";"False";"BATANG TUBUH";"PASAL 112"
"46";"b. NIK;";"196,85";"238,02800000000002";"366,554";"378,554";"612,2";"Helvetica";"12,0";"217,43900000000002";"306,1";"0,1448235870630513";"0,3215452466514211";"0,06726233257105525";"False";"BATANG TUBUH";"PASAL 112"
"46";"c. tanggal/bulan/tahun lahir;";"196,85";"349,344";"385,754";"397,754";"612,2";"Helvetica";"12,0";"273,097";"306,1";"0,0539088533159099";"0,3215452466514211";"0,2490918000653381";"False";"BATANG TUBUH";"PASAL 112"
"46";"d. keterangan tentang kecacatan fisik dan/atau mental;";"196,85";"492,764";"404,95399999999995";"416,95399999999995";"612,2";"Helvetica";"12,0";"344,807";"306,1";"0,06322606991179351";"0,3215452466514211";"0,4833616465207448";"False";"BATANG TUBUH";"PASAL 112"
"46";"e. NIK ibu kandung;";"196,85";"306,776";"424,18399999999997";"436,18399999999997";"612,2";"Helvetica";"12,0";"251,813";"306,1";"0,08867526951976483";"0,3215452466514211";"0,17955896765762824";"False";"BATANG TUBUH";"PASAL 112"
"46";"f. NIK ayah;dan";"196,85";"287,504";"443,38399999999996";"455,38399999999996";"612,2";"Helvetica";"12,0";"242,17700000000002";"306,1";"0,10441522378307742";"0,3215452466514211";"0,14807905913100297";"False";"BATANG TUBUH";"PASAL 112"
"46";"g. beberapa isi catatan Peristiwa Penting.";"196,85";"422,25199999999995";"462,78399999999993";"474,78399999999993";"612,2";"Helvetica";"12,0";"309,551";"306,1";"0,005637046716759172";"0,3215452466514211";"0,36818360013067614";"False";"BATANG TUBUH";"PASAL 112"
"46";"(2) Data pribadi yang ada pada database penyelenggara dan Dinas";"169,85";"541,13";"481,984";"493,984";"612,2";"Helvetica";"12,0";"355,49";"306,1";"0,08067624959163669";"0,27744201241424366";"0,6064684743547859";"False";"BATANG TUBUH";"PASAL 112"
"46";"disimpan dalam database pada data center.";"196,85";"430,25600000000003";"500,18399999999997";"512,184";"612,2";"Helvetica";"12,0";"313,553";"306,1";"0,012174126102580814";"0,3215452466514211";"0,38125775890231955";"False";"BATANG TUBUH";"PASAL 112"
"46";"(3) Data pribadi penduduk pada database sebagaimana dimaksud";"169,85";"541,13";"519,184";"531,184";"612,2";"Helvetica";"12,0";"355,49";"306,1";"0,08067624959163669";"0,27744201241424366";"0,6064684743547859";"False";"BATANG TUBUH";"PASAL 112"
"46";"pada ayat (2) dikelola sebagai bahan informasi kependudukan.";"196,85";"531,116";"537,584";"549,584";"612,2";"Helvetica";"12,0";"363,983";"306,1";"0,09454916693890882";"0,3215452466514211";"0,5460078405749754";"False";"BATANG TUBUH";"PASAL 112"
"46";"(4) Data pribadi penduduk sebagaimana dimaksud pada ayat (3)";"169,85";"540,878";"556,804";"568,804";"612,2";"Helvetica";"12,0";"355,36400000000003";"306,1";"0,0804704344985299";"0,27744201241424366";"0,6060568441685723";"False";"BATANG TUBUH";"PASAL 112"
"46";"hanya dapat diakses setelah mendapat izin sesuai ketentuan";"196,85";"541,146";"575,0039999999999";"587,0039999999999";"612,2";"Helvetica";"12,0";"368,998";"306,1";"0,10274093433518453";"0,3215452466514211";"0,5623913753675268";"False";"BATANG TUBUH";"PASAL 112"
"46";"peraturan perundang-undangan yang berlaku.";"196,85";"441,68600000000004";"593,404";"605,404";"612,2";"Helvetica";"12,0";"319,26800000000003";"306,1";"0,021509310682783413";"0,3215452466514211";"0,39992812806272465";"False";"BATANG TUBUH";"PASAL 112"
"46";"Pasal 113";"278,7";"333,372";"631,604";"643,604";"612,2";"Helvetica-Bold";"12,0";"306,036";"306,1";"0,00010454099967334428";"0,45524338451486435";"0,08930414897092456";"False";"BATANG TUBUH";"PASAL 113"
"46";"Instansi pemerintah dan swasta sebagai pengguna data pribadi";"169,85";"540,8780000000004";"670,2339999999999";"682,2339999999999";"612,2";"Helvetica";"12,0";"355,3640000000002";"306,1";"0,08047043449853018";"0,27744201241424366";"0,6060568441685729";"False";"BATANG TUBUH";"PASAL 113"
"46";"penduduk, dilarang menjadikan data pribadi, penduduk sebagai";"169,85";"540,8900000000002";"688,434";"700,434";"612,2";"Helvetica";"12,0";"355,3700000000001";"306,1";"0,08048023521724941";"0,27744201241424366";"0,6060764456060114";"False";"BATANG TUBUH";"PASAL 113"
"46";"bahan informasi publik.";"169,85";"293,114";"706,634";"718,634";"612,2";"Helvetica";"12,0";"231,48199999999997";"306,1";"0,12188500490035943";"0,27744201241424366";"0,2013459653707938";"False";"BATANG TUBUH";"PASAL 113"
"46";"Pasal 114";"268,88";"323,572";"745,034";"757,034";"612,2";"Helvetica-Bold";"12,0";"296,226";"306,1";"0,0161287161058478";"0,439202874877491";"0,08933681803332245";"False";"BATANG TUBUH";"PASAL 114"
"46";"Pemegang Hak Akses data pribadi penduduk dilarang menjadikan";"169,85";"541,028";"783,634";"795,634";"612,2";"Helvetica";"11,999999999999986";"355,439";"306,1";"0,08059294348252205";"0,27744201241424366";"0,6063018621365567";"False";"BATANG TUBUH";"PASAL 114"
"46";"data pribadi penduduk sebagai bahan informasi publik, sebelum";"169,85";"541,376";"801,8539999999999";"813,8539999999999";"612,2";"Helvetica";"12,0";"355,613";"306,1";"0,08087716432538382";"0,27744201241424366";"0,6068703038222801";"False";"BATANG TUBUH";"PASAL 114"
"46";"mendapat persetujuan dari pemberi Hak Akses.";"169,85";"423,45799999999997";"820,059";"832,059";"612,2";"Helvetica";"12,0";"296,654";"306,1";"0,015429598170532547";"0,27744201241424366";"0,4142567788304475";"False";"BATANG TUBUH";"PASAL 114"
"47";"47";"300,1";"312,1";"44,19200000000001";"56,19200000000001";"612,2";"Times New Roman,Bold";"12,0";"306,1";"306,1";"0,0";"0,49019928128062723";"0,019601437438745508";"False";"HALAMAN";""
"47";"Pasal 115";"267,67";"322,172";"80,70400000000006";"92,70400000000006";"612,2";"Helvetica-Bold";"12,0";"294,92100000000005";"306,1";"0,01826037242731129";"0,4372263966024175";"0,08902646194054231";"False";"BATANG TUBUH";"PASAL 115"
"47";"Dalam hal kepentingan keamanan negara, tindakan Kepolisian dan";"169,85";"541,1780000000001";"121,50400000000002";"133,50400000000002";"612,2";"Helvetica";"12,0";"355,51400000000007";"306,1";"0,08071545246651428";"0,27744201241424366";"0,606546880104541";"False";"BATANG TUBUH";"PASAL 115"
"47";"Peradilan, data pribadi penduduk sebagaimana dimaksud dalam";"169,85";"540,9940000000001";"140,904";"152,904";"612,2";"Helvetica";"12,0";"355,4220000000001";"306,1";"0,08056517477948393";"0,27744201241424366";"0,6062463247304803";"False";"BATANG TUBUH";"PASAL 115"
"47";"Pasal 112 dapat diakses setelah mendapat persetujuan sesuai";"169,85";"541,198";"160,10400000000004";"172,10400000000004";"612,2";"Helvetica";"12,0";"355,524";"306,1";"0,08073178699771312";"0,27744201241424366";"0,6065795491669388";"False";"BATANG TUBUH";"PASAL 115"
"47";"ketentuan peraturan perundang-undangan yang berlaku.";"169,85";"470,68600000000004";"179,534";"191,534";"612,2";"Helvetica";"12,0";"320,26800000000003";"306,1";"0,02314276380267887";"0,27744201241424366";"0,4914015027768703";"False";"BATANG TUBUH";"PASAL 115"
"47";"Pasal 116";"268,88";"323,572";"219,93399999999997";"231,93399999999997";"612,2";"Helvetica-Bold";"12,0";"296,226";"306,1";"0,0161287161058478";"0,439202874877491";"0,08933681803332245";"False";"BATANG TUBUH";"PASAL 116"
"47";"(1) Untuk memperoleh data pribadi penduduk, pengguna harus";"169,85";"540,8780000000003";"260,73400000000004";"272,73400000000004";"612,2";"Helvetica";"12,0";"355,36400000000015";"306,1";"0,08047043449853009";"0,27744201241424366";"0,6060568441685728";"False";"BATANG TUBUH";"PASAL 116"
"47";"memiliki izin dari Bupati sesuai dengan lingkup data yang";"196,85";"541,106";"280,134";"292,134";"612,2";"Helvetica";"12,0";"368,978";"306,1";"0,10270826527278663";"0,3215452466514211";"0,562326037242731";"False";"BATANG TUBUH";"PASAL 116"
"47";"diperlukan.";"196,85";"255,41600000000003";"299,554";"311,554";"612,2";"Helvetica";"12,0";"226,133";"306,1";"0,1306223456386802";"0,3215452466514211";"0,09566481541979749";"False";"BATANG TUBUH";"PASAL 116"
"47";"(2) Data pribadi penduduk yang diperoleh sebagaimana dimaksud";"169,85";"541,0640000000001";"319,754";"331,754";"612,2";"Helvetica";"12,0";"355,45700000000005";"306,1";"0,0806223456386802";"0,27744201241424366";"0,606360666448873";"False";"BATANG TUBUH";"PASAL 116"
"47";"pada ayat (1), hanya dapat digunakan sesuai dengan keperluan";"196,85";"541,102";"339,154";"351,154";"612,2";"Helvetica";"12,0";"368,976";"306,1";"0,10270499836654684";"0,3215452466514211";"0,5623195034302514";"False";"BATANG TUBUH";"PASAL 116"
"47";"yang terdapat dalam surat izin.";"196,85";"360,82000000000005";"358,35400000000004";"370,35400000000004";"612,2";"Helvetica";"12,0";"278,83500000000004";"306,1";"0,04453609931394967";"0,3215452466514211";"0,2678373080692585";"False";"BATANG TUBUH";"PASAL 116"
"47";"Pasal 117";"271,08";"325,572";"398,754";"410,75399999999996";"612,2";"Helvetica-Bold";"11,999999999999943";"298,326";"306,1";"0,012698464554067299";"0,44279647174126097";"0,08901012740934337";"False";"BATANG TUBUH";"PASAL 117"
"47";"(1) Data pribadi penduduk dapat diperoleh dengan cara:";"169,85";"477,086";"439,78399999999993";"451,78399999999993";"612,2";"Helvetica";"12,0";"323,468";"306,1";"0,02836981378634432";"0,27744201241424366";"0,5018556027442012";"False";"BATANG TUBUH";"PASAL 117"
"47";"a. Pengguna mengajukan permohonan izin kepada Bupati,";"196,85";"541,116";"459,984";"471,984";"612,2";"Helvetica";"12,0";"368,983";"306,1";"0,10271643253838611";"0,3215452466514211";"0,56234237177393";"False";"BATANG TUBUH";"PASAL 117"
"47";"dengan menyertakan maksud dan tujuan penggunaan data";"214,88";"541,0";"479,38399999999996";"491,38399999999996";"612,2";"Helvetica";"12,0";"377,94";"306,1";"0,11734727213328973";"0,3509964064031362";"0,5327017314603071";"False";"BATANG TUBUH";"PASAL 117"
"47";"pribadi penduduk;";"214,88";"310,17199999999997";"498,58399999999995";"510,58399999999995";"612,2";"Helvetica";"12,0";"262,52599999999995";"306,1";"0,07117608624632484";"0,3509964064031362";"0,15565501470107804";"False";"BATANG TUBUH";"PASAL 117"
"47";"b. Bupati melakukan seleksi untuk menentukan pemberian izin .";"196,85";"540,304";"518,9839999999999";"530,9839999999999";"612,2";"Helvetica";"12,0";"368,577";"306,1";"0,10205325057170854";"0,3215452466514211";"0,5610160078405748";"False";"BATANG TUBUH";"PASAL 117"
"47";"(2) Jawaban atas permohonan izin sebagaimana dimaksud pada";"169,85";"541,2420000000001";"539,384";"551,384";"612,2";"Helvetica";"12,0";"355,54600000000005";"306,1";"0,0807677229663509";"0,27744201241424366";"0,6066514211042143";"False";"BATANG TUBUH";"PASAL 117"
"47";"ayat (1) huruf a dan huruf b diberikan paling lambat 14 (empat";"196,85";"540,614";"558,604";"570,604";"612,2";"Helvetica";"12,0";"368,732";"306,1";"0,10230643580529239";"0,3215452466514211";"0,5615223783077425";"False";"BATANG TUBUH";"PASAL 117"
"47";"belas) hari kerja sejak permohonan diterima.";"196,85";"436,856";"578,0039999999999";"590,0039999999999";"612,2";"Helvetica";"12,0";"316,853";"306,1";"0,017564521398235847";"0,3215452466514211";"0,3920385494936295";"False";"BATANG TUBUH";"PASAL 117"
"47";"(3) Petugas penerima Hak Akses berdasarkan izin sebagaimana";"169,85";"541,17";"598,204";"610,204";"612,2";"Helvetica";"12,0";"355,51";"306,1";"0,08070891865403457";"0,27744201241424366";"0,6065338124795817";"False";"BATANG TUBUH";"PASAL 117"
"47";"dimaksud pada ayat (1) huruf b, memberikan data pribadi";"196,85";"541,198";"617,604";"629,604";"612,2";"Helvetica";"12,0";"369,024";"306,1";"0,10278340411630182";"0,3215452466514211";"0,5624763149297614";"False";"BATANG TUBUH";"PASAL 117"
"47";"penduduk sesuai dengan izin yang diperoleh.";"196,85";"437,568";"637,0039999999999";"649,0039999999999";"612,2";"Helvetica";"12,0";"317,209";"306,1";"0,018146030708918622";"0,3215452466514211";"0,39320156811499507";"False";"BATANG TUBUH";"PASAL 117"
"47";"Pasal 118";"278,7";"333,372";"677,434";"689,434";"612,2";"Helvetica-Bold";"12,0";"306,036";"306,1";"0,00010454099967334428";"0,45524338451486435";"0,08930414897092456";"False";"BATANG TUBUH";"PASAL 118"
"47";"(1) Data Pribadi Penduduk sebagaimana dimaksud dalam";"169,85";"541,0220000000002";"718,2339999999999";"730,2339999999999";"612,2";"Helvetica";"12,0";"355,4360000000001";"306,1";"0,08058804312316248";"0,27744201241424366";"0,6062920614178375";"False";"BATANG TUBUH";"PASAL 118"
"47";"Pasal 117 wajib disimpan dan dilindungi oleh Daerah.";"196,85";"481,486";"737,634";"749,634";"612,2";"Helvetica";"12,0";"339,168";"306,1";"0,054015027768703004";"0,3215452466514211";"0,4649395622345638";"False";"BATANG TUBUH";"PASAL 118"
"47";"(2) Data Pribadi Penduduk sebagaimana dimaksud pada ayat (1)";"169,85";"540,7940000000001";"757,834";"769,834";"612,2";"Helvetica";"12,0";"355,32200000000006";"306,1";"0,08040182946749434";"0,27744201241424366";"0,6059196341065012";"False";"BATANG TUBUH";"PASAL 118"
"47";"harus dijaga kebenarannya dan dilindungi kerahasiaannya oleh";"196,85";"540,9020000000002";"777,2339999999999";"789,2339999999999";"612,2";"Helvetica";"12,0";"368,8760000000001";"306,1";"0,10254165305455744";"0,3215452466514211";"0,5619928128062727";"False";"BATANG TUBUH";"PASAL 118"
"47";"Penyelenggara dan Dinas sesuai dengan ketentuan peraturan";"196,85";"541,19";"796,454";"808,454";"612,2";"Helvetica";"12,0";"369,02000000000004";"306,1";"0,10277687030382229";"0,3215452466514211";"0,5624632473048023";"False";"BATANG TUBUH";"PASAL 118"
"47";"perundang-undangan yang berlaku.";"196,85";"387,06600000000003";"815,8589999999999";"827,8589999999999";"612,2";"Helvetica";"12,0";"291,958";"306,1";"0,023100294021561572";"0,3215452466514211";"0,31070891865403466";"False";"BATANG TUBUH";"PASAL 118"
"48";"48";"300,1";"312,1";"44,19200000000001";"56,19200000000001";"612,2";"Times New Roman,Bold";"12,0";"306,1";"306,1";"0,0";"0,49019928128062723";"0,019601437438745508";"False";"HALAMAN";""
"48";"Pasal 119";"278,7";"333,372";"80,904";"92,904";"612,2";"Helvetica-Bold";"12,0";"306,036";"306,1";"0,00010454099967334428";"0,45524338451486435";"0,08930414897092456";"False";"BATANG TUBUH";"PASAL 119"
"48";"Pengguna Data Pribadi Penduduk dapat memperoleh dan";"169,85";"540,9020000000002";"117,50400000000002";"129,50400000000002";"612,2";"Helvetica";"12,0";"355,3760000000001";"306,1";"0,08049003593596875";"0,27744201241424366";"0,60609604704345";"False";"BATANG TUBUH";"PASAL 119"
"48";"menggunakan Data Pribadi dari petugas pada Penyelenggara dan";"169,85";"540,8660000000002";"134,904";"146,904";"612,2";"Helvetica";"12,0";"355,3580000000001";"306,1";"0,08046063377981066";"0,27744201241424366";"0,6060372427311339";"False";"BATANG TUBUH";"PASAL 119"
"48";"Dinas yang memiliki Hak Akses.";"169,85";"340,828";"152,10400000000004";"164,10400000000004";"612,2";"Helvetica";"12,0";"255,339";"306,1";"0,08291571381901343";"0,27744201241424366";"0,27928454753348575";"False";"BATANG TUBUH";"PASAL 119"
"48";"BAB XII";"284,1";"327,99600000000004";"188,33400000000006";"200,33400000000006";"612,2";"Helvetica-Bold";"12,0";"306,048";"306,1";"8,493956223459802e-05";"0,4640640313622999";"0,07170205815093109";"True";"BATANG TUBUH";"BAB XII"
"48";"PERSYARATAN DAN TATA CARA";"209,08";"403,06";"206,73400000000004";"218,73400000000004";"612,2";"Helvetica-Bold";"12,0";"306,07";"306,1";"4,9003593596912047e-05";"0,34152237830774257";"0,3168572361973211";"True";"BATANG TUBUH";"BAB XII"
"48";"PENCATATAN PERKAWINAN BAGI";"205,08";"406,644";"224,93399999999997";"236,93399999999997";"612,2";"Helvetica-Bold";"12,0";"305,862";"306,1";"0,0003887618425351185";"0,3349885658281607";"0,3292453446586083";"True";"BATANG TUBUH";"BAB XII"
"48";"PENGHAYAT KEPERCAYAAN";"220,27";"391,246";"243,13400000000001";"255,13400000000001";"612,2";"Helvetica-Bold";"12,0";"305,758";"306,1";"0,0005586409670043145";"0,35980071871937275";"0,27928128062724594";"True";"BATANG TUBUH";"BAB XII"
"48";"Pasal 120";"278,7";"333,372";"279,73400000000004";"291,73400000000004";"612,2";"Helvetica-Bold";"12,0";"306,036";"306,1";"0,00010454099967334428";"0,45524338451486435";"0,08930414897092456";"False";"BATANG TUBUH";"PASAL 120"
"48";"(1) Perkawinan Penghayat Kepercayaan dilakukan dihadapan";"169,85";"541,146";"316,35400000000004";"328,35400000000004";"612,2";"Helvetica";"12,0";"355,498";"306,1";"0,08068931721659582";"0,27744201241424366";"0,6064946096047042";"False";"BATANG TUBUH";"PASAL 120"
"48";"Pemuka Penghayat Kepercayaan.";"196,85";"378,856";"333,554";"345,554";"612,2";"Helvetica";"12,0";"287,853";"306,1";"0,02980561907873246";"0,3215452466514211";"0,2972982685396929";"False";"BATANG TUBUH";"PASAL 120"
"48";"(2) Pemuka Penghayat Kepercayaan sebagaimana dimaksud pada";"169,85";"540,9140000000002";"351,95400000000006";"363,95400000000006";"612,2";"Helvetica";"12,0";"355,3820000000001";"306,1";"0,08049983665468816";"0,27744201241424366";"0,6061156484808888";"False";"BATANG TUBUH";"PASAL 120"
"48";"ayat (1) ditunjuk dan ditetapkan oleh organisasi Penghayat";"196,85";"541,07";"369,154";"381,154";"612,2";"Helvetica";"12,0";"368,96000000000004";"306,1";"0,10267886311662856";"0,3215452466514211";"0,5622672329304149";"False";"BATANG TUBUH";"PASAL 120"
"48";"Kepercayaan, untuk mengisi dan menandatangani surat";"196,85";"540,986";"386,35400000000004";"398,35400000000004";"612,2";"Helvetica";"12,0";"368,918";"306,1";"0,1026102580855929";"0,3215452466514211";"0,5621300228683436";"False";"BATANG TUBUH";"PASAL 120"
"48";"perkawinan Penghayat Kepercayaan.";"196,85";"396,25600000000003";"403,554";"415,554";"612,2";"Helvetica";"12,0";"296,553";"306,1";"0,015594576935641988";"0,3215452466514211";"0,3257203528258739";"False";"BATANG TUBUH";"PASAL 120"
"48";"(3) Pemuka Penghayat Kepercayaan sebagaimana dimaksud pada";"169,85";"540,9140000000002";"421,984";"433,984";"612,2";"Helvetica";"12,0";"355,3820000000001";"306,1";"0,08049983665468816";"0,27744201241424366";"0,6061156484808888";"False";"BATANG TUBUH";"PASAL 120"
"48";"ayat (2) didaftar pada kementerian yang bidang tugasnya";"196,85";"541,098";"439,18399999999997";"451,18399999999997";"612,2";"Helvetica";"12,0";"368,974";"306,1";"0,10270173146030703";"0,3215452466514211";"0,5623129696177718";"False";"BATANG TUBUH";"PASAL 120"
"48";"secara tekhnis membina organisasi Penghayat Kepercayaan";"196,85";"540,8900000000001";"456,38399999999996";"468,38399999999996";"612,2";"Helvetica";"12,0";"368,87000000000006";"306,1";"0,10253185233583802";"0,3215452466514211";"0,5619732113688338";"False";"BATANG TUBUH";"PASAL 120"
"48";"Terhadap Tuhan Yang Maha Esa.";"196,85";"377,294";"473,58399999999995";"485,58399999999995";"612,2";"Helvetica";"12,0";"287,072";"306,1";"0,031081345965370825";"0,3215452466514211";"0,2947468147664162";"False";"BATANG TUBUH";"PASAL 120"
"48";"Pasal 121";"278,7";"333,372";"509,984";"521,9839999999999";"612,2";"Helvetica-Bold";"12,0";"306,036";"306,1";"0,00010454099967334428";"0,45524338451486435";"0,08930414897092456";"False";"BATANG TUBUH";"PASAL 121"
"48";"Peristiwa perkawinan sebagaimana dimaksud dalam Pasal 120";"169,85";"541,252";"546,604";"558,604";"612,2";"Helvetica";"12,0";"355,551";"306,1";"0,08077589023195028";"0,27744201241424366";"0,6066677556354131";"False";"BATANG TUBUH";"PASAL 121"
"48";"ayat (2) wajib dilaporkan kepada Dinas paling lambat 60 (enam";"169,85";"541,2199999999999";"564,0039999999999";"576,0039999999999";"612,2";"Helvetica";"12,0";"355,53499999999997";"306,1";"0,08074975498203192";"0,27744201241424366";"0,6066154851355764";"False";"BATANG TUBUH";"PASAL 121"
"48";"puluh) hari, dengan menyerahkan:";"169,85";"352,636";"581,204";"593,204";"612,2";"Helvetica";"12,0";"261,243";"306,1";"0,07327180659915064";"0,27744201241424366";"0,2985723619732114";"False";"BATANG TUBUH";"PASAL 121"
"48";"a. surat perkawinan Penghayat Kepercayaan;";"169,85";"417,25600000000003";"599,404";"611,404";"612,2";"Helvetica";"12,0";"293,553";"306,1";"0,020494936295328364";"0,27744201241424366";"0,40412610258085596";"False";"BATANG TUBUH";"PASAL 121"
"48";"b. foto kopi KTP;";"169,85";"263,416";"617,604";"629,604";"612,2";"Helvetica";"12,0";"216,63299999999998";"306,1";"0,1461401502776871";"0,27744201241424366";"0,1528356746161385";"False";"BATANG TUBUH";"PASAL 121"
"48";"c. pas foto suami dan istri;";"169,85";"314,43600000000004";"636,0039999999999";"648,0039999999999";"612,2";"Helvetica";"12,0";"242,14300000000003";"306,1";"0,10447076118915385";"0,27744201241424366";"0,2361744527932049";"False";"BATANG TUBUH";"PASAL 121"
"48";"d. akta kelahiran; dan";"169,85";"289,142";"654,204";"666,204";"612,2";"Helvetica";"12,000000000000028";"229,49599999999998";"306,1";"0,1251290427964718";"0,27744201241424366";"0,1948578895785691";"False";"BATANG TUBUH";"PASAL 121"
"48";"e. paspor suami dan/atau istri bagi orang asing.";"169,85";"427,02200000000005";"672,434";"684,434";"612,2";"Helvetica";"12,0";"298,43600000000004";"306,1";"0,012518784710878776";"0,27744201241424366";"0,42007840574975497";"False";"BATANG TUBUH";"PASAL 121"
"48";"Pasal 122";"278,7";"333,372";"708,634";"720,634";"612,2";"Helvetica-Bold";"12,0";"306,036";"306,1";"0,00010454099967334428";"0,45524338451486435";"0,08930414897092456";"False";"BATANG TUBUH";"PASAL 122"
"48";"(1) Pejabat Dinas mencatat perkawinan sebagaimana dimaksud";"169,85";"541,084";"745,434";"757,434";"612,2";"Helvetica";"12,0";"355,467";"306,1";"0,08063868016987906";"0,27744201241424366";"0,6063933355112706";"False";"BATANG TUBUH";"PASAL 122"
"48";"dalam Pasal 121 dengan tata cara:";"196,85";"382,856";"762,634";"774,634";"612,2";"Helvetica";"12,0";"289,853";"306,1";"0,026538712838941544";"0,3215452466514211";"0,3038320810192747";"False";"BATANG TUBUH";"PASAL 122"
"48";"a. menyerahkan formulir pencatatan perkawinan kepada";"196,85";"541,0040000000001";"780,834";"792,834";"612,2";"Helvetica";"12,0";"368,9270000000001";"306,1";"0,10262495916367209";"0,3215452466514211";"0,5621594250245019";"False";"BATANG TUBUH";"PASAL 122"
"48";"pasangan suami istri;";"214,88";"328,036";"798,264";"810,264";"612,2";"Helvetica";"12,0";"271,45799999999997";"306,1";"0,05658608297941857";"0,3509964064031362";"0,18483502123489057";"False";"BATANG TUBUH";"PASAL 122"
"48";"b. melakukan verifikasi dan validasi terhadap data yang";"196,85";"540,9560000000001";"816,459";"828,459";"612,2";"Helvetica";"12,0";"368,9030000000001";"306,1";"0,10258575628879459";"0,3215452466514211";"0,562081019274747";"False";"BATANG TUBUH";"PASAL 122"
"48";"tercantum dalam formulir pencatatan perkawinan; dan";"214,88";"501,622";"833,659";"845,659";"612,2";"Helvetica";"12,0";"358,251";"306,1";"0,085186213655668";"0,3509964064031362";"0,4683796145050637";"False";"BATANG TUBUH";"PASAL 122"
"49";"49";"300,1";"312,1";"44,19200000000001";"56,19200000000001";"612,2";"Times New Roman,Bold";"12,0";"306,1";"306,1";"0,0";"0,49019928128062723";"0,019601437438745508";"False";"HALAMAN";""
"49";"c. mencatat pada register akta perkawinan dan menerbitkan";"196,85";"540,9080000000001";"81,10400000000004";"93,10400000000004";"612,2";"Helvetica";"12,0";"368,8790000000001";"306,1";"0,1025465534139171";"0,3215452466514211";"0,5620026135249919";"False";"BATANG TUBUH";"PASAL 122"
"49";"kutipan akta perkawinan Penghayat Kepercayaan.";"214,88";"482,036";"98,904";"110,904";"612,2";"Helvetica";"12,0";"348,45799999999997";"306,1";"0,06918980725253177";"0,3509964064031362";"0,43638680169879124";"False";"BATANG TUBUH";"PASAL 122"
"49";"(2) Kutipan Akta Perkawinan sebagaimana dimaksud dalam ayat (1)";"169,85";"540,968";"117,70400000000006";"129,70400000000006";"612,2";"Helvetica";"12,0";"355,409";"306,1";"0,08054393988892514";"0,27744201241424366";"0,6062038549493628";"False";"BATANG TUBUH";"PASAL 122"
"49";"huruf c diberikan kepada masing-masing suami dan istri.";"196,85";"496,778";"135,50400000000002";"147,50400000000002";"612,2";"Helvetica";"12,0";"346,814";"306,1";"0,0665044103234237";"0,3215452466514211";"0,4899183273440052";"False";"BATANG TUBUH";"PASAL 122"
"49";"BAB XIII";"282,3";"329,58000000000004";"173,10400000000004";"185,10400000000004";"612,2";"Helvetica-Bold";"12,0";"305,94000000000005";"306,1";"0,0002613524991832214";"0,4611238157464881";"0,07722966350865734";"True";"BATANG TUBUH";"BAB XIII"
"49";"NAMA, OBYEK DAN SUBYEK RETRIBUSI";"188,05";"424,034";"191,93399999999997";"203,93399999999997";"612,2";"Helvetica-Bold";"12,0";"306,04200000000003";"306,1";"9,474028095392473e-05";"0,3071708591963411";"0,3854688010454099";"True";"BATANG TUBUH";"BAB XIII"
"49";"Pasal 123";"278,7";"333,372";"229,534";"241,534";"612,2";"Helvetica-Bold";"12,0";"306,036";"306,1";"0,00010454099967334428";"0,45524338451486435";"0,08930414897092456";"False";"BATANG TUBUH";"PASAL 123"
"49";"Dengan nama Retribusi Administrasi Kependudukan dipungut";"169,85";"541,066";"267,33400000000006";"279,33400000000006";"612,2";"Helvetica";"12,0";"355,458";"306,1";"0,08062397909180007";"0,27744201241424366";"0,6063639333551126";"False";"BATANG TUBUH";"PASAL 123"
"49";"Retribusi atas pelayanan penyelenggaraan administrasi";"169,85";"541,162";"285,134";"297,134";"612,2";"Helvetica";"12,0";"355,50600000000003";"306,1";"0,08070238484155505";"0,27744201241424366";"0,6065207448546226";"False";"BATANG TUBUH";"PASAL 123"
"49";"kependudukan diwilayah Daerah.";"169,85";"347,236";"302,95400000000006";"314,95400000000006";"612,2";"Helvetica";"12,0";"258,543";"306,1";"0,07768213002286836";"0,27744201241424366";"0,28975171512577585";"False";"BATANG TUBUH";"PASAL 123"
"49";"Pasal 124";"278,7";"333,36400000000003";"340,554";"352,554";"612,2";"Helvetica-Bold";"12,0";"306,03200000000004";"306,1";"0,00011107481215286446";"0,45524338451486435";"0,08929108134596543";"False";"BATANG TUBUH";"PASAL 124"
"49";"Obyek Retribusi adalah pelayanan penyelenggaraan administrasi";"169,85";"541,028";"378,35400000000004";"390,35400000000004";"612,2";"Helvetica";"12,0";"355,439";"306,1";"0,08059294348252205";"0,27744201241424366";"0,6063018621365567";"False";"BATANG TUBUH";"PASAL 124"
"49";"kependudukan berupa penerbitan Dokumen dan Data Kependudukan";"169,85";"541,106";"396,154";"408,154";"612,2";"Helvetica";"12,0";"355,478";"306,1";"0,08065664815419794";"0,27744201241424366";"0,6064292714799084";"False";"BATANG TUBUH";"PASAL 124"
"49";"melalui Pendaftaran Penduduk, Pencatatan Sipil.";"169,85";"430,666";"413,95399999999995";"425,95399999999995";"612,2";"Helvetica";"12,0";"300,258";"306,1";"0,009542633126429338";"0,27744201241424366";"0,4260307089186541";"False";"BATANG TUBUH";"PASAL 124"
"49";"Pasal 125";"278,7";"333,372";"451,38399999999996";"463,38399999999996";"612,2";"Helvetica-Bold";"12,0";"306,036";"306,1";"0,00010454099967334428";"0,45524338451486435";"0,08930414897092456";"False";"BATANG TUBUH";"PASAL 125"
"49";"Subyek Retribusi adalah orang dan/atau badan yang mendapatkan";"169,85";"541,11";"489,38399999999996";"501,38399999999996";"612,2";"Helvetica";"12,0";"355,48";"306,1";"0,08065991506043775";"0,27744201241424366";"0,606435805292388";"False";"BATANG TUBUH";"PASAL 125"
"49";"pelayanan administrasi kependudukan berupa penerbitan Dokumen";"169,85";"541,124";"507,18399999999997";"519,184";"612,2";"Helvetica";"12,0";"355,487";"306,1";"0,08067134923227703";"0,27744201241424366";"0,6064586736360666";"False";"BATANG TUBUH";"PASAL 125"
"49";"dan Data Kependudukan melalui Pendaftaran Penduduk, Pencatatan";"169,85";"540,8300000000004";"524,9839999999999";"536,9839999999999";"612,2";"Helvetica";"12,0";"355,3400000000002";"306,1";"0,08043123162365269";"0,27744201241424366";"0,6059784384188179";"False";"BATANG TUBUH";"PASAL 125"
"49";"Sipil.";"169,85";"195,586";"542,804";"554,804";"612,2";"Helvetica";"12,0";"182,71800000000002";"306,1";"0,2015387128389415";"0,27744201241424366";"0,04203854949362956";"False";"BATANG TUBUH";"PASAL 125"
"49";"BAB XIV";"281,7";"330,304";"580,204";"592,204";"612,2";"Helvetica-Bold";"12,0";"306,00199999999995";"306,1";"0,00016007840574986935";"0,46014374387455076";"0,07939235543939886";"True";"BATANG TUBUH";"BAB XIV"
"49";"GOLONGAN RETRIBUSI";"236,68";"375,1";"599,0039999999999";"611,0039999999999";"612,2";"Helvetica-Bold";"12,0";"305,89";"306,1";"0,0003430251551781058";"0,3866056844168572";"0,22610258085592944";"True";"BATANG TUBUH";"BAB XIV"
"49";"Pasal 126";"278,7";"333,336";"636,804";"648,804";"612,2";"Helvetica-Bold";"12,0";"306,01800000000003";"306,1";"0,00013394315583141722";"0,45524338451486435";"0,08924534465860832";"False";"BATANG TUBUH";"PASAL 126"
"49";"Retribusi Administrasi Kependudukan termasuk golongan Retribusi";"169,85";"541,102";"674,634";"686,634";"612,2";"Helvetica";"12,0";"355,476";"306,1";"0,08065338124795814";"0,27744201241424366";"0,6064227376674288";"False";"BATANG TUBUH";"PASAL 126"
"49";"Jasa Umum.";"169,85";"236,954";"692,434";"704,434";"612,2";"Helvetica";"12,0";"203,402";"306,1";"0,1677523685070239";"0,27744201241424366";"0,10961123815746489";"False";"BATANG TUBUH";"PASAL 126"
"49";"BAB XV";"283,3";"328,504";"723,834";"735,834";"612,2";"Helvetica-Bold";"12,0";"305,90200000000004";"306,1";"0,0003234237177392667";"0,4627572688663835";"0,07383861483175433";"True";"BATANG TUBUH";"BAB XV"
"49";"CARA MENGUKUR TINGKAT PENGGUNAAN JASA";"160,65";"451,07399999999996";"742,834";"754,834";"612,2";"Helvetica-Bold";"12,0";"305,86199999999997";"306,1";"0,0003887618425352113";"0,2624142437112055";"0,4743939888925187";"True";"BATANG TUBUH";"BAB XV"
"49";"Pasal 127";"278,7";"333,336";"780,434";"792,434";"612,2";"Helvetica-Bold";"12,0";"306,01800000000003";"306,1";"0,00013394315583141722";"0,45524338451486435";"0,08924534465860832";"False";"BATANG TUBUH";"PASAL 127"
"49";"Tingkat penggunaan jasa diukur berdasarkan struktur/jenis pelayanan";"169,85";"541,166";"818,259";"830,259";"612,2";"Helvetica";"12,0";"355,50800000000004";"306,1";"0,08070565174779486";"0,27744201241424366";"0,6065272786671022";"False";"BATANG TUBUH";"PASAL 127"
"49";"sebagai berikut:";"169,85";"254,60600000000002";"836,059";"848,059";"612,2";"Helvetica";"12,0";"212,228";"306,1";"0,15333551127082654";"0,27744201241424366";"0,13844495262985956";"False";"BATANG TUBUH";"PASAL 127"
"50";"50";"300,1";"312,1";"44,19200000000001";"56,19200000000001";"612,2";"Times New Roman,Bold";"12,0";"306,1";"306,1";"0,0";"0,49019928128062723";"0,019601437438745508";"False";"HALAMAN";""
"50";"a. pelayanan administrasi kependudukan, meliputi:";"169,85";"443,6299999999999";"86,50400000000002";"98,50400000000002";"612,2";"Helvetica";"12,0";"306,73999999999995";"306,1";"0,0010454099967329785";"0,27744201241424366";"0,4472067951649785";"False";"BATANG TUBUH";"PASAL 127"
"50";"1. Kartu Tanda Penduduk (KTP);";"187,85";"367,466";"104,70400000000006";"116,70400000000006";"612,2";"Helvetica";"12,0";"277,658";"306,1";"0,04645867363606666";"0,30684416857236196";"0,2933943155831428";"False";"BATANG TUBUH";"PASAL 127"
"50";"2. Kartu Keluarga (KK);";"187,85";"316,376";"122,904";"134,904";"612,2";"Helvetica";"12,0";"252,113";"306,1";"0,08818523358379618";"0,30684416857236196";"0,2099411956876837";"False";"BATANG TUBUH";"PASAL 127"
"50";"3. Surat Keterangan Kependudukan.";"187,85";"387,13599999999997";"141,10400000000004";"153,10400000000004";"612,2";"Helvetica";"12,0";"287,493";"306,1";"0,03039366220189485";"0,30684416857236196";"0,3255243384514864";"False";"BATANG TUBUH";"PASAL 127"
"50";"b. pelayanan pencatatan sipil, meliputi:";"169,85";"381,0379999999999";"164,70400000000006";"176,70400000000006";"612,2";"Helvetica";"12,0";"275,44399999999996";"306,1";"0,05007513884351529";"0,27744201241424366";"0,344965697484482";"False";"BATANG TUBUH";"PASAL 127"
"50";"1. Kelahiran;";"187,85";"259,808";"182,93399999999997";"194,93399999999997";"612,2";"Helvetica";"12,0";"223,829";"306,1";"0,1343858216269193";"0,30684416857236196";"0,11754001960143742";"False";"BATANG TUBUH";"PASAL 127"
"50";"2. Perkawinan;";"187,85";"271,808";"201,33400000000006";"213,33400000000006";"612,2";"Helvetica";"12,0";"229,829";"306,1";"0,12458510290754657";"0,30684416857236196";"0,13714145704018293";"False";"BATANG TUBUH";"PASAL 127"
"50";"3. Perceraian;";"187,85";"266,996";"219,534";"231,534";"612,2";"Helvetica";"12,0";"227,423";"306,1";"0,12851519111401505";"0,30684416857236196";"0,12928128062724598";"False";"BATANG TUBUH";"PASAL 127"
"50";"4. Kematian;";"187,85";"259,604";"237,73400000000004";"249,73400000000004";"612,2";"Helvetica";"12,0";"223,72699999999998";"306,1";"0,1345524338451487";"0,30684416857236196";"0,11720679516497874";"False";"BATANG TUBUH";"PASAL 127"
"50";"5. Pengakuan anak;";"187,85";"299,176";"255,93399999999997";"267,93399999999997";"612,2";"Helvetica";"12,0";"243,51299999999998";"306,1";"0,10223293041489716";"0,30684416857236196";"0,18184580202548184";"False";"BATANG TUBUH";"PASAL 127"
"50";"6. Pengesahan anak;";"187,85";"305,972";"274,33400000000006";"286,33400000000006";"612,2";"Helvetica";"12,0";"246,911";"306,1";"0,09668245671349235";"0,30684416857236196";"0,19294674942829138";"False";"BATANG TUBUH";"PASAL 127"
"50";"7. Pengangkatan anak;";"187,85";"315,95599999999996";"292,534";"304,534";"612,2";"Helvetica";"12,0";"251,90299999999996";"306,1";"0,08852825873897428";"0,30684416857236196";"0,2092551453773276";"False";"BATANG TUBUH";"PASAL 127"
"50";"8. Pencatatan perubahan nama;";"187,85";"363,716";"310,754";"322,754";"612,2";"Helvetica";"12,0";"275,783";"306,1";"0,04952139823587064";"0,30684416857236196";"0,28726886638353477";"False";"BATANG TUBUH";"PASAL 127"
"50";"9. Pelaporan dan penerbitan tanda bukti mengenai kelahiran,";"187,85";"541,0419999999999";"328,95400000000006";"340,95400000000006";"612,2";"Helvetica";"12,0";"364,44599999999997";"306,1";"0,09530545573342036";"0,30684416857236196";"0,5769225743221167";"False";"BATANG TUBUH";"PASAL 127"
"50";"perceraian dan kematian yang terjadi di luar negeri;";"205,88";"479,036";"346,35400000000004";"358,35400000000004";"612,2";"Helvetica";"12,0";"342,45799999999997";"306,1";"0,05938908853315901";"0,33629532832407705";"0,44618752041816395";"False";"BATANG TUBUH";"PASAL 127"
"50";"10. Pelaporan sebagaimana dimaksud pada angka 9 yang";"187,85";"540,9800000000002";"364,554";"376,554";"612,2";"Helvetica";"12,0";"364,41500000000013";"306,1";"0,09525481868670387";"0,30684416857236196";"0,5768213002286837";"False";"BATANG TUBUH";"PASAL 127"
"50";"melebihi jangka waktu 1 (satu) tahun yang bersangkutan";"205,88";"540,8960000000002";"381,754";"393,754";"612,2";"Helvetica";"12,0";"373,3880000000001";"306,1";"0,10991179353152575";"0,33629532832407705";"0,5472329304148974";"False";"BATANG TUBUH";"PASAL 127"
"50";"kembali ke wilayah Daerah;";"205,88";"352,328";"398,95400000000006";"410,954";"612,2";"Helvetica";"11,999999999999943";"279,104";"306,1";"0,04409670042469787";"0,33629532832407705";"0,23921594250245012";"False";"BATANG TUBUH";"PASAL 127"
"50";"11. Penerbitan Surat Keterangan Catatan Sipil.";"187,85";"435,64399999999995";"417,15399999999994";"429,15399999999994";"612,2";"Helvetica";"12,0";"311,74699999999996";"306,1";"0,009224109768049549";"0,30684416857236196";"0,4047598823913753";"False";"BATANG TUBUH";"PASAL 127"
"50";"BAB XVI";"281,7";"330,236";"453,58399999999995";"465,58399999999995";"612,2";"Helvetica-Bold";"12,0";"305,96799999999996";"306,1";"0,0002156158118263016";"0,46014374387455076";"0,079281280627246";"True";"BATANG TUBUH";"BAB XVI"
"50";"PENETAPAN STRUKTUR DAN BESARNYA TARIF";"165,05";"446,58999999999986";"471,78399999999993";"483,78399999999993";"612,2";"Helvetica-Bold";"12,0";"305,81999999999994";"306,1";"0,0004573668735708696";"0,2696014374387455";"0,45988239137536724";"True";"BATANG TUBUH";"BAB XVI"
"50";"Pasal 128";"278,7";"333,36400000000003";"508,38399999999996";"520,384";"612,2";"Helvetica-Bold";"12,0";"306,03200000000004";"306,1";"0,00011107481215286446";"0,45524338451486435";"0,08929108134596543";"False";"BATANG TUBUH";"PASAL 128"
"50";"Prinsip dalam penetapan struktur dan besarnya tarif Retribusi";"169,85";"541,182";"545,0039999999999";"557,0039999999999";"612,2";"Helvetica";"12,0";"355,516";"306,1";"0,08071871937275399";"0,27744201241424366";"0,6065534139170206";"False";"BATANG TUBUH";"PASAL 128"
"50";"dimaksudkan untuk menutup biaya penyelenggaraan pelayanan";"169,85";"540,8900000000002";"562,204";"574,204";"612,2";"Helvetica";"12,0";"355,3700000000001";"306,1";"0,08048023521724941";"0,27744201241424366";"0,6060764456060114";"False";"BATANG TUBUH";"PASAL 128"
"50";"Administrasi Kependudukan.";"169,85";"322,43600000000004";"579,604";"591,604";"612,2";"Helvetica";"12,0";"246,14300000000003";"306,1";"0,09793694870957202";"0,27744201241424366";"0,24924207775236856";"False";"BATANG TUBUH";"PASAL 128"
"50";"BAB XVII";"280,1";"332,024";"615,804";"627,804";"612,2";"Helvetica-Bold";"12,0";"306,062";"306,1";"6,207121855604526e-05";"0,45753021888271805";"0,08481541979745177";"True";"BATANG TUBUH";"BAB XVII"
"50";"STRUKTUR DAN BESARNYA TARIF";"203,68";"408,08799999999997";"634,0039999999999";"646,0039999999999";"612,2";"Helvetica-Bold";"12,0";"305,884";"306,1";"0,00035282587389743247";"0,33270173146030707";"0,3338908853315909";"True";"BATANG TUBUH";"BAB XVII"
"50";"Pasal 129";"278,7";"333,372";"670,634";"682,634";"612,2";"Helvetica-Bold";"12,0";"306,036";"306,1";"0,00010454099967334428";"0,45524338451486435";"0,08930414897092456";"False";"BATANG TUBUH";"PASAL 129"
"50";"Struktur dan besarnya tarif Retribusi ditetapkan sebagaimana";"169,85";"541,178";"707,2339999999999";"719,2339999999999";"612,2";"Helvetica";"12,0";"355,514";"306,1";"0,08071545246651418";"0,27744201241424366";"0,6065468801045409";"False";"BATANG TUBUH";"PASAL 129"
"50";"tercantum dalam Lampiran.";"169,85";"315,796";"724,634";"736,634";"612,2";"Helvetica";"12,0";"242,82299999999998";"306,1";"0,10336001306762502";"0,27744201241424366";"0,23839594903626263";"False";"BATANG TUBUH";"PASAL 129"
"50";"Pasal 130";"278,7";"333,336";"760,834";"772,834";"612,2";"Helvetica-Bold";"12,0";"306,01800000000003";"306,1";"0,00013394315583141722";"0,45524338451486435";"0,08924534465860832";"False";"BATANG TUBUH";"PASAL 130"
"50";"(1) Setiap pembayaran Retribusi diberikan`tanda bukti atau";"169,85";"541,1";"797,654";"809,654";"612,2";"Helvetica";"12,0";"355,475";"306,1";"0,08065174779483829";"0,27744201241424366";"0,6064194707611891";"False";"BATANG TUBUH";"PASAL 130"
"50";"dokumen lain yang dipersamakan, yang telah diporporasi";"196,85";"541,082";"814,8589999999999";"826,8589999999999";"612,2";"Helvetica";"12,0";"368,966";"306,1";"0,10268866383534789";"0,3215452466514211";"0,5622868343678535";"False";"BATANG TUBUH";"PASAL 130"
"50";"sebagai bukti pembayaran.";"196,85";"340,69399999999996";"832,059";"844,059";"612,2";"Helvetica";"12,0";"268,772";"306,1";"0,06097353805945774";"0,3215452466514211";"0,23496243057824234";"False";"BATANG TUBUH";"PASAL 130"
"51";"51";"300,1";"312,1";"44,19200000000001";"56,19200000000001";"612,2";"Times New Roman,Bold";"12,0";"306,1";"306,1";"0,0";"0,49019928128062723";"0,019601437438745508";"False";"HALAMAN";""
"51";"(2) Bentuk, warna ukuran dan nilai nominal tanda bukti atau";"169,85";"541,13";"80,904";"92,904";"612,2";"Helvetica";"12,0";"355,49";"306,1";"0,08067624959163669";"0,27744201241424366";"0,6064684743547859";"False";"BATANG TUBUH";"PASAL 130"
"51";"dokumen lain yang dipersamakan sebagaimana dimaksud pada";"196,85";"541,106";"97,50400000000002";"109,50400000000002";"612,2";"Helvetica";"12,0";"368,978";"306,1";"0,10270826527278663";"0,3215452466514211";"0,562326037242731";"False";"BATANG TUBUH";"PASAL 130"
"51";"ayat (1) serta tata cara pengadaannya ditetapkan lebih lanjut";"196,85";"541,078";"114,10400000000004";"126,10400000000004";"612,2";"Helvetica";"12,0";"368,964";"306,1";"0,1026853969291081";"0,3215452466514211";"0,5622803005553739";"False";"BATANG TUBUH";"PASAL 130"
"51";"oleh Bupati.";"196,85";"259,988";"130,50400000000002";"142,50400000000002";"612,2";"Helvetica";"12,0";"228,41899999999998";"306,1";"0,1268882718065992";"0,3215452466514211";"0,10313296308395949";"False";"BATANG TUBUH";"PASAL 130"
"51";"BAB XVIII";"278,3";"333,612";"165,50400000000002";"177,50400000000002";"612,2";"Helvetica-Bold";"12,0";"305,956";"306,1";"0,000235217249264955";"0,45459000326690624";"0,09034955896765764";"True";"BATANG TUBUH";"BAB XVIII"
"51";"SAAT RETRIBUSI TERUTANG";"220,68";"391,092";"183,13400000000001";"195,13400000000001";"612,2";"Helvetica-Bold";"12,0";"305,88599999999997";"306,1";"0,00034955896765771885";"0,3604704344985299";"0,2783600130676249";"True";"BATANG TUBUH";"BAB XVIII"
"51";"Pasal 131";"278,7";"333,336";"218,13400000000001";"230,13400000000001";"612,2";"Helvetica-Bold";"12,0";"306,01800000000003";"306,1";"0,00013394315583141722";"0,45524338451486435";"0,08924534465860832";"False";"BATANG TUBUH";"PASAL 131"
"51";"Retribusi terutang dalam masa Retribusi terjadi pada saat terjadinya";"169,85";"541,138";"253,534";"265,534";"612,2";"Helvetica";"12,0";"355,494";"306,1";"0,0806827834041163";"0,27744201241424366";"0,6064815419797451";"False";"BATANG TUBUH";"PASAL 131"
"51";"pelayanan atau diterbitkan SKRD dan/atau dokumen lain yang";"169,85";"541,144";"270,134";"282,134";"612,2";"Helvetica";"12,0";"355,497";"306,1";"0,08068768376347597";"0,27744201241424366";"0,6064913426984645";"False";"BATANG TUBUH";"PASAL 131"
"51";"dipersamakan.";"169,85";"248,366";"286,73400000000004";"298,73400000000004";"612,2";"Helvetica";"12,0";"209,108";"306,1";"0,15843188500490038";"0,27744201241424366";"0,12825220516171187";"False";"BATANG TUBUH";"PASAL 131"
"51";"BAB XIX";"281,7";"330,304";"321,554";"333,554";"612,2";"Helvetica-Bold";"12,0";"306,00199999999995";"306,1";"0,00016007840574986935";"0,46014374387455076";"0,07939235543939886";"True";"BATANG TUBUH";"BAB XIX"
"51";"WILAYAH PEMUNGUTAN";"233,27";"378,43399999999997";"339,154";"351,154";"612,2";"Helvetica-Bold";"12,0";"305,852";"306,1";"0,0004050963737341511";"0,3810356092780137";"0,23711858869650432";"True";"BATANG TUBUH";"BAB XIX"
"51";"Pasal 132";"278,7";"333,336";"374,154";"386,154";"612,2";"Helvetica-Bold";"12,0";"306,01800000000003";"306,1";"0,00013394315583141722";"0,45524338451486435";"0,08924534465860832";"False";"BATANG TUBUH";"PASAL 132"
"51";"Retribusi yang terutang dipungut di wilayah Daerah.";"169,85";"445,286";"409,554";"421,554";"612,2";"Helvetica";"12,0";"307,568";"306,1";"0,00239790918000647";"0,27744201241424366";"0,44991179353152566";"False";"BATANG TUBUH";"PASAL 132"
"51";"BAB XX";"283,3";"328,504";"444,58399999999995";"456,58399999999995";"612,2";"Helvetica-Bold";"12,0";"305,90200000000004";"306,1";"0,0003234237177392667";"0,4627572688663835";"0,07383861483175433";"True";"BATANG TUBUH";"BAB XX"
"51";"TATA CARA PEMUNGUTAN";"226,27";"385,402";"461,984";"473,984";"612,2";"Helvetica-Bold";"12,0";"305,836";"306,1";"0,0004312316236524175";"0,3696014374387455";"0,25993466187520414";"True";"BATANG TUBUH";"BAB XX"
"51";"Pasal 133";"278,7";"333,372";"497,18399999999997";"509,18399999999997";"612,2";"Helvetica-Bold";"12,0";"306,036";"306,1";"0,00010454099967334428";"0,45524338451486435";"0,08930414897092456";"False";"BATANG TUBUH";"PASAL 133"
"51";"(1) Retribusi dipungut dengan menggunakan Surat Ketetapan";"169,85";"541,186";"532,584";"544,584";"612,2";"Helvetica";"12,0";"355,51800000000003";"306,1";"0,0807219862789938";"0,27744201241424366";"0,6065599477295002";"False";"BATANG TUBUH";"PASAL 133"
"51";"Retribusi Daerah (SKRD) atau Dokumen lain yang";"196,85";"541,126";"549,0039999999999";"561,0039999999999";"612,2";"Helvetica";"12,0";"368,988";"306,1";"0,10272459980398559";"0,3215452466514211";"0,562358706305129";"False";"BATANG TUBUH";"PASAL 133"
"51";"dipersamakan.";"196,85";"275,366";"565,604";"577,604";"612,2";"Helvetica";"12,0";"236,108";"306,1";"0,11432865076772299";"0,3215452466514211";"0,12825220516171185";"False";"BATANG TUBUH";"PASAL 133"
"51";"(2) Surat Ketetapan Retribusi Daerah (SKRD) atau Dokumen lain";"169,85";"541,102";"583,204";"595,204";"612,2";"Helvetica";"12,0";"355,476";"306,1";"0,08065338124795814";"0,27744201241424366";"0,6064227376674288";"False";"BATANG TUBUH";"PASAL 133"
"51";"yang dipersamakan sebagaimana dimaksud pada ayat (1)";"196,85";"541,1659999999999";"599,804";"611,804";"612,2";"Helvetica";"12,0";"369,008";"306,1";"0,10275726886638346";"0,3215452466514211";"0,5624240444299247";"False";"BATANG TUBUH";"PASAL 133"
"51";"sebagai media pemungutan Retribusi harus diporporasi/tanda";"196,85";"541,198";"616,404";"628,404";"612,2";"Helvetica";"12,0";"369,024";"306,1";"0,10278340411630182";"0,3215452466514211";"0,5624763149297614";"False";"BATANG TUBUH";"PASAL 133"
"51";"pengesahan.";"196,85";"266,0";"632,804";"644,804";"612,2";"Helvetica";"12,0";"231,425";"306,1";"0,12197811172819341";"0,3215452466514211";"0,11295328324077099";"False";"BATANG TUBUH";"PASAL 133"
"51";"BAB XXI";"281,7";"330,216";"667,834";"679,834";"612,2";"Helvetica-Bold";"12,0";"305,95799999999997";"306,1";"0,00023195034302524132";"0,46014374387455076";"0,07924861156484811";"True";"BATANG TUBUH";"BAB XXI"
"51";"SANKSI ADMINISTRASI RETRIBUSI";"204,27";"407,424";"685,434";"697,434";"612,2";"Helvetica-Bold";"12,0";"305,847";"306,1";"0,0004132636393336209";"0,3336654688010454";"0,331842535119242";"True";"BATANG TUBUH";"BAB XXI"
"51";"Pasal 134";"278,7";"333,336";"720,434";"732,434";"612,2";"Helvetica-Bold";"12,0";"306,01800000000003";"306,1";"0,00013394315583141722";"0,45524338451486435";"0,08924534465860832";"False";"BATANG TUBUH";"PASAL 134"
"51";"Dalam hal wajib Retribusi tidak membayar tepat waktunya atau";"169,85";"540,8960000000001";"755,834";"767,834";"612,2";"Helvetica";"12,0";"355,37300000000005";"306,1";"0,08048513557660898";"0,27744201241424366";"0,6060862463247305";"False";"BATANG TUBUH";"PASAL 134"
"51";"kurang bayar, dikenakan sanksi administrasi berupa bunga sebesar";"169,85";"540,8660000000003";"772,434";"784,434";"612,2";"Helvetica";"12,0";"355,3580000000002";"306,1";"0,08046063377981076";"0,27744201241424366";"0,606037242731134";"False";"BATANG TUBUH";"PASAL 134"
"51";"2 % (dua persen) setiap bulan dari besarnya Retribusi yang terutang";"169,85";"541,106";"789,054";"801,054";"612,2";"Helvetica";"12,0";"355,478";"306,1";"0,08065664815419794";"0,27744201241424366";"0,6064292714799084";"False";"BATANG TUBUH";"PASAL 134"
"51";"yang tidak atau kurang bayar dan ditagih dengan menggunakan";"169,85";"540,8300000000003";"805,454";"817,454";"612,2";"Helvetica";"12,0";"355,34000000000015";"306,1";"0,0804312316236526";"0,27744201241424366";"0,6059784384188177";"False";"BATANG TUBUH";"PASAL 134"
"51";"STRD atau SKRDKB.";"169,85";"285,146";"822,059";"834,059";"612,2";"Helvetica";"12,0";"227,498";"306,1";"0,12839268213002292";"0,27744201241424366";"0,18833061091146686";"False";"BATANG TUBUH";"PASAL 134"
"52";"52";"300,1";"312,1";"44,19200000000001";"56,19200000000001";"612,2";"Times New Roman,Bold";"12,0";"306,1";"306,1";"0,0";"0,49019928128062723";"0,019601437438745508";"False";"HALAMAN";""
"52";"BAB XXII";"280,1";"332,028";"80,904";"92,904";"612,2";"Helvetica-Bold";"12,0";"306,064";"306,1";"5,880431231623875e-05";"0,45753021888271805";"0,08482195360993139";"True";"BATANG TUBUH";"BAB XXII"
"52";"TATA CARA PEMBAYARAN DAN PENYETORAN";"168,25";"443,2539999999999";"102,10400000000004";"114,10400000000004";"612,2";"Helvetica-Bold";"12,0";"305,75199999999995";"306,1";"0,0005684416857237341";"0,27482848742241095";"0,44920614178373064";"True";"BATANG TUBUH";"BAB XXII"
"52";"Pasal 135";"278,7";"333,336";"144,70400000000006";"156,70400000000006";"612,2";"Helvetica-Bold";"12,0";"306,01800000000003";"306,1";"0,00013394315583141722";"0,45524338451486435";"0,08924534465860832";"False";"BATANG TUBUH";"PASAL 135"
"52";"(1) Pemungutan Retribusi tidak dapat diborongkan.";"169,85";"450,286";"187,534";"199,534";"612,2";"Helvetica";"12,0";"310,068";"306,1";"0,006481541979745117";"0,27744201241424366";"0,45807905913100294";"False";"BATANG TUBUH";"PASAL 135"
"52";"(2) Pembayaran Retribusi harus dibayar lunas sekaligus.";"169,85";"480,13199999999995";"208,93399999999997";"220,93399999999997";"612,2";"Helvetica";"12,0";"324,991";"306,1";"0,030857562887945052";"0,27744201241424366";"0,5068311009474027";"False";"BATANG TUBUH";"PASAL 135"
"52";"BAB XXIII";"278,3";"333,608";"251,33400000000006";"263,33400000000006";"612,2";"Helvetica-Bold";"12,0";"305,954";"306,1";"0,0002384841555047615";"0,45459000326690624";"0,09034302515517803";"True";"BATANG TUBUH";"BAB XXIII"
"52";"TATA CARA PENGURANGAN, KERINGANAN";"177,85";"434,2439999999999";"272,534";"284,534";"612,2";"Helvetica-Bold";"12,0";"306,04699999999997";"306,1";"8,657301535454771e-05";"0,29050963737340735";"0,41880757922247613";"True";"BATANG TUBUH";"BAB XXIII"
"52";"DAN PEMBEBASAN RETRIBUSI";"214,68";"397,10400000000004";"293,93399999999997";"305,93399999999997";"612,2";"Helvetica-Bold";"12,0";"305,89200000000005";"306,1";"0,00033975824893820643";"0,3506697157791571";"0,29798105194380925";"True";"BATANG TUBUH";"BAB XXIII"
"52";"Pasal 136";"278,7";"333,36400000000003";"336,554";"348,554";"612,2";"Helvetica-Bold";"12,0";"306,03200000000004";"306,1";"0,00011107481215286446";"0,45524338451486435";"0,08929108134596543";"False";"BATANG TUBUH";"PASAL 136"
"52";"(1) Bupati dapat memberikan pengurangan, keringanan dan";"169,85";"541,182";"379,35400000000004";"391,35400000000004";"612,2";"Helvetica";"12,0";"355,516";"306,1";"0,08071871937275399";"0,27744201241424366";"0,6065534139170206";"False";"BATANG TUBUH";"PASAL 136"
"52";"pembebasan Retribusi.";"196,85";"320,036";"399,554";"411,5539999999999";"612,2";"Helvetica";"11,999999999999943";"258,443";"306,1";"0,07784547533485794";"0,3215452466514211";"0,201218556027442";"False";"BATANG TUBUH";"PASAL 136"
"52";"(2) Pengurangan, keringanan dan pembebasan sebagaimana";"169,85";"540,9500000000002";"420,984";"432,984";"612,2";"Helvetica";"12,0";"355,4000000000001";"306,1";"0,08052923881084624";"0,27744201241424366";"0,606174452793205";"False";"BATANG TUBUH";"PASAL 136"
"52";"dimaksud pada ayat (1) diberikan dengan memperhatikan";"196,85";"541,202";"441,18399999999997";"453,18399999999997";"612,2";"Helvetica";"12,0";"369,026";"306,1";"0,10278667102254163";"0,3215452466514211";"0,562482848742241";"False";"BATANG TUBUH";"PASAL 136"
"52";"kemampuan Wajib Retribusi.";"196,85";"350,028";"461,58399999999995";"473,58399999999995";"612,2";"Helvetica";"12,0";"273,439";"306,1";"0,053350212348905586";"0,3215452466514211";"0,25020908199934666";"False";"BATANG TUBUH";"PASAL 136"
"52";"(3) Tata cara pengurangan, keringanan dan pembebasan Retribusi";"169,85";"541,182";"482,78399999999993";"494,78399999999993";"612,2";"Helvetica";"12,0";"355,516";"306,1";"0,08071871937275399";"0,27744201241424366";"0,6065534139170206";"False";"BATANG TUBUH";"PASAL 136"
"52";"ditetapkan oleh Bupati.";"196,85";"318,686";"503,18399999999997";"515,184";"612,2";"Helvetica";"12,0";"257,768";"306,1";"0,0789480561907874";"0,3215452466514211";"0,1990133943155831";"False";"BATANG TUBUH";"PASAL 136"
"52";"BAB XXIV";"277,67";"334,30400000000003";"545,604";"557,604";"612,2";"Helvetica-Bold";"12,0";"305,987";"306,1";"0,00018458020254818612";"0,4535609278013721";"0,09250898399215944";"True";"BATANG TUBUH";"BAB XXIV"
"52";"TATA CARA PENAGIHAN";"233,27";"378,182";"566,804";"578,804";"612,2";"Helvetica-Bold";"12,0";"305,726";"306,1";"0,0006109114668409403";"0,3810356092780137";"0,23670695851029075";"True";"BATANG TUBUH";"BAB XXIV"
"52";"Pasal 137";"278,7";"333,336";"609,404";"621,404";"612,2";"Helvetica-Bold";"12,0";"306,01800000000003";"306,1";"0,00013394315583141722";"0,45524338451486435";"0,08924534465860832";"False";"BATANG TUBUH";"PASAL 137"
"52";"(1) Pelaksanaan Penagihan Retribusi dikeluarkan setelah 7 (tujuh)";"169,85";"540,8780000000002";"652,204";"664,204";"612,2";"Helvetica";"12,0";"355,3640000000001";"306,1";"0,08047043449852999";"0,27744201241424366";"0,6060568441685725";"False";"BATANG TUBUH";"PASAL 137"
"52";"hari sejak jatuh tempo pembayaran dengan mengeluarkan surat";"196,85";"541,116";"672,434";"684,434";"612,2";"Helvetica";"12,0";"368,983";"306,1";"0,10271643253838611";"0,3215452466514211";"0,56234237177393";"False";"BATANG TUBUH";"PASAL 137"
"52";"bayar/penyetoran atau surat lainnya yang sejenis sebagai awal";"196,85";"540,8180000000001";"692,834";"704,834";"612,2";"Helvetica";"12,0";"368,83400000000006";"306,1";"0,10247304802352178";"0,3215452466514211";"0,5618556027442013";"False";"BATANG TUBUH";"PASAL 137"
"52";"tindakan pelaksanaan penagihan.";"196,85";"376,09399999999994";"713,034";"725,034";"612,2";"Helvetica";"12,0";"286,472";"306,1";"0,032061417837308134";"0,3215452466514211";"0,2927866710225415";"False";"BATANG TUBUH";"PASAL 137"
"52";"(2) Dalam jangka waktu 7 (tujuh) hari setelah tanggal surat";"169,85";"540,744";"734,434";"746,434";"612,2";"Helvetica";"12,0";"355,297";"306,1";"0,08036099313949689";"0,27744201241424366";"0,6058379614505063";"False";"BATANG TUBUH";"PASAL 137"
"52";"teguran/peringatan/surat lain yang sejenis, wajib Retribusi harus";"196,85";"541,102";"754,634";"766,634";"612,2";"Helvetica";"12,0";"368,976";"306,1";"0,10270499836654684";"0,3215452466514211";"0,5623195034302514";"False";"BATANG TUBUH";"PASAL 137"
"52";"melunasi retribusinya yang terutang.";"196,85";"390,25600000000003";"775,034";"787,034";"612,2";"Helvetica";"12,0";"293,553";"306,1";"0,020494936295328364";"0,3215452466514211";"0,3159196341065012";"False";"BATANG TUBUH";"PASAL 137"
"52";"(3) Surat teguran/penyetoran atau surat lainnya sebagaimana";"169,85";"540,8680000000002";"796,264";"808,264";"612,2";"Helvetica";"12,0";"355,3590000000001";"306,1";"0,08046226723293053";"0,27744201241424366";"0,6060405096373735";"False";"BATANG TUBUH";"PASAL 137"
"52";"dimaksud pada ayat (1) dikeluarkan oleh Pejabat yang ditunjuk.";"196,85";"534,382";"816,659";"828,659";"612,2";"Helvetica";"12,0";"365,616";"306,1";"0,09721659588369808";"0,3215452466514211";"0,5513426984645539";"False";"BATANG TUBUH";"PASAL 137"
"53";"53";"300,1";"312,1";"44,19200000000001";"56,19200000000001";"612,2";"Times New Roman,Bold";"12,0";"306,1";"306,1";"0,0";"0,49019928128062723";"0,019601437438745508";"False";"HALAMAN";""
"53";"BAB XXV";"279,3";"332,504";"80,70400000000006";"92,70400000000006";"612,2";"Helvetica-Bold";"12,0";"305,90200000000004";"306,1";"0,0003234237177392667";"0,4562234563868017";"0,08690623979091801";"True";"BATANG TUBUH";"BAB XXV"
"53";"TATA CARA PENGEMBALIAN KELEBIHAN PEMBAYARAN RETRIBUSI";"105,22";"506,04399999999987";"99,30399999999997";"111,30399999999997";"612,2";"Helvetica-Bold";"12,0";"305,63199999999995";"306,1";"0,0007644560601111966";"0,17187193727540018";"0,6547272133289771";"True";"BATANG TUBUH";"BAB XXV"
"53";"Pasal 138";"278,7";"333,372";"136,30399999999997";"148,30399999999997";"612,2";"Helvetica-Bold";"12,0";"306,036";"306,1";"0,00010454099967334428";"0,45524338451486435";"0,08930414897092456";"False";"BATANG TUBUH";"PASAL 138"
"53";"(1) Atas kelebihan pembayaran Retribusi Sewa, Wajib Retribusi";"169,85";"540,938";"173,50400000000002";"185,50400000000002";"612,2";"Helvetica";"12,0";"355,394";"306,1";"0,08051943809212672";"0,27744201241424366";"0,606154851355766";"False";"BATANG TUBUH";"PASAL 138"
"53";"dapat mengajukan permohonan pengembalian kepada Bupati";"196,85";"540,9920000000001";"191,13400000000001";"203,13400000000001";"612,2";"Helvetica";"12,0";"368,92100000000005";"306,1";"0,10261515844495267";"0,3215452466514211";"0,562139823587063";"False";"BATANG TUBUH";"PASAL 138"
"53";"melalui Dinas yang membidangi pemungutan Retribusi.";"196,85";"490,736";"208,73400000000004";"220,73400000000004";"612,2";"Helvetica";"12,0";"343,793";"306,1";"0,061569748448219504";"0,3215452466514211";"0,48004900359359676";"False";"BATANG TUBUH";"PASAL 138"
"53";"(2) Bupati melalui Dinas yang membidangi pemungutan Retribusi";"169,85";"540,9380000000001";"227,13400000000001";"239,13400000000001";"612,2";"Helvetica";"12,0";"355,39400000000006";"306,1";"0,08051943809212682";"0,27744201241424366";"0,6061548513557662";"False";"BATANG TUBUH";"PASAL 138"
"53";"dalam jangka waktu paling lama 3 (tiga) bulan sejak diterimanya";"196,85";"540,95";"244,73400000000004";"256,73400000000004";"612,2";"Helvetica";"12,0";"368,90000000000003";"306,1";"0,10258085592943483";"0,3215452466514211";"0,5620712185560275";"False";"BATANG TUBUH";"PASAL 138"
"53";"permohonan kelebihan pembayaran Retribusi sebagaimana";"196,85";"541,1120000000001";"262,33400000000006";"274,33400000000006";"612,2";"Helvetica";"12,0";"368,98100000000005";"306,1";"0,1027131656321464";"0,3215452466514211";"0,5623358379614506";"False";"BATANG TUBUH";"PASAL 138"
"53";"dimaksud pada ayat (1) sudah harus memberikan Keputusan.";"196,85";"525,116";"279,73400000000004";"291,73400000000004";"612,2";"Helvetica";"12,0";"360,983";"306,1";"0,08964880757922244";"0,3215452466514211";"0,5362071218556026";"False";"BATANG TUBUH";"PASAL 138"
"53";"(3) Apabila jangka waktu sebagaimana dimaksud pada ayat (2)";"169,85";"540,994";"298,35400000000004";"310,35400000000004";"612,2";"Helvetica";"12,0";"355,422";"306,1";"0,08056517477948383";"0,27744201241424366";"0,6062463247304802";"False";"BATANG TUBUH";"PASAL 138"
"53";"telah dilampaui dan Bupati melalui Dinas yang membidangi";"196,85";"540,902";"315,95400000000006";"327,95400000000006";"612,2";"Helvetica";"12,0";"368,87600000000003";"306,1";"0,10254165305455734";"0,3215452466514211";"0,5619928128062724";"False";"BATANG TUBUH";"PASAL 138"
"53";"Retribusi tidak/belum memberikan Keputusan, permohonan";"196,85";"540,9380000000002";"333,554";"345,554";"612,2";"Helvetica";"12,0";"368,8940000000001";"306,1";"0,1025710552107156";"0,3215452466514211";"0,562051617118589";"False";"BATANG TUBUH";"PASAL 138"
"53";"pengembalian pembayaran Retribusi dianggap dikabulkan dan";"196,85";"541,094";"350,95400000000006";"362,95400000000006";"612,2";"Helvetica";"12,0";"368,97200000000004";"306,1";"0,10269846455406731";"0,3215452466514211";"0,5623064358052924";"False";"BATANG TUBUH";"PASAL 138"
"53";"SKRDLB harus diterbitkan dalam jangka waktu paling lama 1";"196,85";"540,89";"368,554";"380,554";"612,2";"Helvetica";"12,0";"368,87";"306,1";"0,10253185233583792";"0,3215452466514211";"0,5619732113688336";"False";"BATANG TUBUH";"PASAL 138"
"53";"(satu) bulan.";"196,85";"263,416";"386,154";"398,154";"612,2";"Helvetica";"12,0";"230,13299999999998";"306,1";"0,12408853315909839";"0,3215452466514211";"0,10873244037896113";"False";"BATANG TUBUH";"PASAL 138"
"53";"(4) Apabila Wajib Retribusi mempunyai utang Retribusi lainnya,";"169,85";"541,022";"404,554";"416,554";"612,2";"Helvetica";"12,0";"355,43600000000004";"306,1";"0,08058804312316238";"0,27744201241424366";"0,6062920614178373";"False";"BATANG TUBUH";"PASAL 138"
"53";"kelebihan pembayaran Retribusi sebagaimana dimaksud pada";"196,85";"541,206";"422,18399999999997";"434,18399999999997";"612,2";"Helvetica";"12,0";"369,028";"306,1";"0,10278993792878144";"0,3215452466514211";"0,5624893825547206";"False";"BATANG TUBUH";"PASAL 138"
"53";"ayat (1) langsung diperhitungkan untuk melunasi terlebih dulu";"196,85";"541,0";"439,78399999999993";"451,78399999999993";"612,2";"Helvetica";"12,0";"368,925";"306,1";"0,10262169225743219";"0,3215452466514211";"0,5621528912120222";"False";"BATANG TUBUH";"PASAL 138"
"53";"utang-utang Retribusi tersebut.";"196,85";"361,466";"457,18399999999997";"469,18399999999997";"612,2";"Helvetica";"12,0";"279,158";"306,1";"0,044008493956223464";"0,3215452466514211";"0,2688925187847109";"False";"BATANG TUBUH";"PASAL 138"
"53";"(5) Pengembalian kelebihan pembayaran Retribusi sebagaimana";"169,85";"540,9500000000002";"475,78399999999993";"487,78399999999993";"612,2";"Helvetica";"12,0";"355,4000000000001";"306,1";"0,08052923881084624";"0,27744201241424366";"0,606174452793205";"False";"BATANG TUBUH";"PASAL 138"
"53";"dimaksud pada ayat (3) dilakukan dalam jangka waktu paling";"196,85";"540,972";"493,38399999999996";"505,38399999999996";"612,2";"Helvetica";"12,0";"368,911";"306,1";"0,10259882391375363";"0,3215452466514211";"0,562107154524665";"False";"BATANG TUBUH";"PASAL 138"
"53";"lama 2 (dua) bulan sejak diterbitkannya SKRDLB.";"196,85";"460,886";"510,78399999999993";"522,7839999999999";"612,2";"Helvetica";"12,0";"328,868";"306,1";"0,03719046063377976";"0,3215452466514211";"0,43129042796471745";"False";"BATANG TUBUH";"PASAL 138"
"53";"(6) Apabila pengembalian kelebihan pembayaran Retribusi";"169,85";"541,02";"529,384";"541,384";"612,2";"Helvetica";"12,0";"355,435";"306,1";"0,08058640967004244";"0,27744201241424366";"0,6062887945115975";"False";"BATANG TUBUH";"PASAL 138"
"53";"dilakukan setelah lewat jangka waktu 2 (dua) bulan, Bupati";"196,85";"540,9140000000002";"547,0039999999999";"559,0039999999999";"612,2";"Helvetica";"12,0";"368,8820000000001";"306,1";"0,10255145377327686";"0,3215452466514211";"0,5620124142437115";"False";"BATANG TUBUH";"PASAL 138"
"53";"melalui Dinas yang membidangi pemungutan Retribusi";"196,85";"540,9140000000001";"564,404";"576,404";"612,2";"Helvetica";"12,0";"368,88200000000006";"306,1";"0,10255145377327676";"0,3215452466514211";"0,5620124142437113";"False";"BATANG TUBUH";"PASAL 138"
"53";"memberikan imbalan bunga sebesar 2 % (dua persen) sebulan";"196,85";"540,9140000000002";"582,0039999999999";"594,0039999999999";"612,2";"Helvetica";"12,0";"368,8820000000001";"306,1";"0,10255145377327686";"0,3215452466514211";"0,5620124142437115";"False";"BATANG TUBUH";"PASAL 138"
"53";"atas keterlambatan pembayaran kelebihan pembayaran";"196,85";"540,9380000000001";"599,604";"611,604";"612,2";"Helvetica";"12,0";"368,89400000000006";"306,1";"0,10257105521071551";"0,3215452466514211";"0,5620516171185888";"False";"BATANG TUBUH";"PASAL 138"
"53";"Retribusi.";"196,85";"247,412";"617,0039999999999";"629,0039999999999";"612,2";"Helvetica";"12,0";"222,131";"306,1";"0,13715942502450182";"0,3215452466514211";"0,08259065664815421";"False";"BATANG TUBUH";"PASAL 138"
"53";"Pasal 139";"277,08";"334,97200000000004";"654,0039999999999";"666,004";"612,2";"Helvetica-Bold";"12,000000000000028";"306,026";"306,1";"0,00012087553087228401";"0,45259719046063374";"0,09456386801698799";"False";"BATANG TUBUH";"PASAL 139"
"53";"(1) Permohonan pengembalian kelebihan pembayaran Retribusi";"169,85";"540,926";"691,2339999999999";"703,2339999999999";"612,2";"Helvetica";"12,0";"355,38800000000003";"306,1";"0,0805096373734074";"0,27744201241424366";"0,6061352499183273";"False";"BATANG TUBUH";"PASAL 139"
"53";"diajukan secara tertulis kepada Bupati melalui Dinas yang";"196,85";"540,9140000000001";"708,834";"720,834";"612,2";"Helvetica";"12,0";"368,88200000000006";"306,1";"0,10255145377327676";"0,3215452466514211";"0,5620124142437113";"False";"BATANG TUBUH";"PASAL 139"
"53";"membidangi pemungutan Retribusi, dengan sekurang-";"196,85";"541,1659999999999";"726,434";"738,434";"612,2";"Helvetica";"12,0";"369,008";"306,1";"0,10275726886638346";"0,3215452466514211";"0,5624240444299247";"False";"BATANG TUBUH";"PASAL 139"
"53";"kurangnya menyebutkan:";"196,85";"331,636";"743,834";"755,834";"612,2";"Helvetica";"12,0";"264,243";"306,1";"0,06837144723946427";"0,3215452466514211";"0,22016661221822936";"False";"BATANG TUBUH";"PASAL 139"
"53";"a. nama dan alamat Wajib Retribusi;";"196,85";"394,69999999999993";"762,434";"774,434";"612,2";"Helvetica";"12,0";"295,775";"306,1";"0,01686540346292069";"0,3215452466514211";"0,3231786997713164";"False";"BATANG TUBUH";"PASAL 139"
"53";"b. masa Retribusi;";"196,85";"297,98";"781,034";"793,034";"612,2";"Helvetica";"12,0";"247,41500000000002";"306,1";"0,095859196341065";"0,3215452466514211";"0,16519111401502778";"False";"BATANG TUBUH";"PASAL 139"
"53";"c. besarnya kelebihan pembayaran;";"196,85";"392,12";"799,454";"811,454";"612,2";"Helvetica";"12,0";"294,485";"306,1";"0,01897255798758577";"0,3215452466514211";"0,3189643907219863";"False";"BATANG TUBUH";"PASAL 139"
"53";"d. alasan singkat dan jelas.";"196,85";"345,94399999999996";"818,059";"830,059";"612,2";"Helvetica";"12,0";"271,397";"306,1";"0,05668572361973216";"0,3215452466514211";"0,2435380594576935";"False";"BATANG TUBUH";"PASAL 139"
"54";"54";"300,1";"312,1";"44,19200000000001";"56,19200000000001";"612,2";"Times New Roman,Bold";"12,0";"306,1";"306,1";"0,0";"0,49019928128062723";"0,019601437438745508";"False";"HALAMAN";""
"54";"(2) Permohonan pengembalian kelebihan pembayaran Retribusi";"169,85";"540,926";"81,10400000000004";"93,10400000000004";"612,2";"Helvetica";"12,0";"355,38800000000003";"306,1";"0,0805096373734074";"0,27744201241424366";"0,6061352499183273";"False";"BATANG TUBUH";"PASAL 139"
"54";"sebagaimana dimaksud pada ayat (1) disampaikan secara";"196,85";"540,95";"98,30399999999997";"110,30399999999997";"612,2";"Helvetica";"12,0";"368,90000000000003";"306,1";"0,10258085592943483";"0,3215452466514211";"0,5620712185560275";"False";"BATANG TUBUH";"PASAL 139"
"54";"langsung atau melalui pos tercatat.";"196,85";"382,856";"115,50400000000002";"127,50400000000002";"612,2";"Helvetica";"12,0";"289,853";"306,1";"0,026538712838941544";"0,3215452466514211";"0,3038320810192747";"False";"BATANG TUBUH";"PASAL 139"
"54";"(3) Bukti penerimaan oleh Pejabat Daerah atau bukti pengiriman";"169,85";"541,202";"139,10400000000004";"151,10400000000004";"612,2";"Helvetica";"12,0";"355,526";"306,1";"0,08073505390395293";"0,27744201241424366";"0,6065860829794184";"False";"BATANG TUBUH";"PASAL 139"
"54";"pos tercatat merupakan bukti saat permohonan diterima oleh";"196,85";"540,8540000000002";"156,50400000000002";"168,50400000000002";"612,2";"Helvetica";"12,0";"368,8520000000001";"306,1";"0,10250245017967995";"0,3215452466514211";"0,5619144070565176";"False";"BATANG TUBUH";"PASAL 139"
"54";"Bupati.";"196,85";"233,978";"173,70400000000006";"185,70400000000006";"612,2";"Helvetica";"12,0";"215,414";"306,1";"0,14813132963083964";"0,3215452466514211";"0,06064684743547862";"False";"BATANG TUBUH";"PASAL 139"
"54";"Pasal 140";"278,7";"333,336";"209,93399999999997";"221,93399999999997";"612,2";"Helvetica-Bold";"12,0";"306,01800000000003";"306,1";"0,00013394315583141722";"0,45524338451486435";"0,08924534465860832";"False";"BATANG TUBUH";"PASAL 140"
"54";"(1) Dalam hal kelebihan pembayaran Retribusi yang masih tersisa";"169,85";"541,106";"246,73400000000004";"258,73400000000004";"612,2";"Helvetica";"12,0";"355,478";"306,1";"0,08065664815419794";"0,27744201241424366";"0,6064292714799084";"False";"BATANG TUBUH";"PASAL 140"
"54";"setelah dilakukan perhitungan sebagaimana dimaksud dalam";"196,85";"540,998";"263,93399999999997";"275,93399999999997";"612,2";"Helvetica";"12,0";"368,92400000000004";"306,1";"0,10262005880431233";"0,3215452466514211";"0,5621496243057824";"False";"BATANG TUBUH";"PASAL 140"
"54";"Pasal 139, diterbitkan SKRDLB paling lambat 2 (dua) bulan";"196,85";"541,2379999999999";"281,134";"293,134";"612,2";"Helvetica";"12,0";"369,044";"306,1";"0,1028160731786997";"0,3215452466514211";"0,5625416530545572";"False";"BATANG TUBUH";"PASAL 140"
"54";"sejak diterimanya permohonan pengembalian kelebihan";"196,85";"540,9620000000001";"298,35400000000004";"310,35400000000004";"612,2";"Helvetica";"12,0";"368,90600000000006";"306,1";"0,10259065664815425";"0,3215452466514211";"0,5620908199934663";"False";"BATANG TUBUH";"PASAL 140"
"54";"pembayaran Retribusi.";"196,85";"317,396";"315,754";"327,754";"612,2";"Helvetica";"12,0";"257,123";"306,1";"0,08000163345311995";"0,3215452466514211";"0,196906239790918";"False";"BATANG TUBUH";"PASAL 140"
"54";"(2) Kelebihan pembayaran retribusi sebagaimana dimaksud pada";"169,85";"540,9140000000001";"333,95400000000006";"345,95400000000006";"612,2";"Helvetica";"12,0";"355,38200000000006";"306,1";"0,08049983665468807";"0,27744201241424366";"0,6061156484808887";"False";"BATANG TUBUH";"PASAL 140"
"54";"ayat (1) dikembalikan kepada Wajib Retribusi paling lambat 2";"196,85";"540,8900000000001";"351,154";"363,154";"612,2";"Helvetica";"12,0";"368,87000000000006";"306,1";"0,10253185233583802";"0,3215452466514211";"0,5619732113688338";"False";"BATANG TUBUH";"PASAL 140"
"54";"(dua) bulan sejak diterbitkan SKRDLB.";"196,85";"402,28399999999993";"368,35400000000004";"380,35400000000004";"612,2";"Helvetica";"12,0";"299,56699999999995";"306,1";"0,01067134923227715";"0,3215452466514211";"0,3355668082326036";"False";"BATANG TUBUH";"PASAL 140"
"54";"(3) Terhadap pengembalian kelebihan pembayaran Retribusi";"169,85";"541,0319999999999";"386,754";"398,754";"612,2";"Helvetica";"12,0";"355,441";"306,1";"0,08059621038876176";"0,27744201241424366";"0,6063083959490361";"False";"BATANG TUBUH";"PASAL 140"
"54";"dilakukan setelah lewat waktu 2 (dua) bulan sejak diterbitkannya";"196,85";"541,102";"403,95399999999995";"415,95399999999995";"612,2";"Helvetica";"12,0";"368,976";"306,1";"0,10270499836654684";"0,3215452466514211";"0,5623195034302514";"False";"BATANG TUBUH";"PASAL 140"
"54";"SKRDLB, Bupati memberikan imbalan bunga 2% (dua persen)";"196,85";"540,8520000000001";"421,18399999999997";"433,18399999999997";"612,2";"Helvetica";"12,0";"368,85100000000006";"306,1";"0,10250081672656";"0,3215452466514211";"0,5619111401502778";"False";"BATANG TUBUH";"PASAL 140"
"54";"sebulan atas keterlambatan pembayaran kelebihan Retribusi.";"196,85";"523,116";"438,38399999999996";"450,38399999999996";"612,2";"Helvetica";"12,0";"359,983";"306,1";"0,08801535445932698";"0,3215452466514211";"0,5329402156158117";"False";"BATANG TUBUH";"PASAL 140"
"54";"Pasal 141";"278,7";"333,36400000000003";"474,78399999999993";"486,78399999999993";"612,2";"Helvetica-Bold";"12,0";"306,03200000000004";"306,1";"0,00011107481215286446";"0,45524338451486435";"0,08929108134596543";"False";"BATANG TUBUH";"PASAL 141"
"54";"(1) Pengembalian sebagaimana dimaksud dalam Pasal 140";"169,85";"541,252";"511,38399999999996";"523,384";"612,2";"Helvetica";"12,0";"355,551";"306,1";"0,08077589023195028";"0,27744201241424366";"0,6066677556354131";"False";"BATANG TUBUH";"PASAL 141"
"54";"dilakukan dengan menerbitkan surat perintah membayar";"196,85";"540,8660000000001";"528,7839999999999";"540,7839999999999";"612,2";"Helvetica";"12,0";"368,85800000000006";"306,1";"0,10251225089839927";"0,3215452466514211";"0,5619340084939564";"False";"BATANG TUBUH";"PASAL 141"
"54";"kelebihan Retribusi.";"196,85";"302,036";"546,0039999999999";"558,0039999999999";"612,2";"Helvetica";"12,0";"249,44299999999998";"306,1";"0,09254655341391707";"0,3215452466514211";"0,17181639986932376";"False";"BATANG TUBUH";"PASAL 141"
"54";"(2) Atas perhitungan sebagaimana dimaksud dalam Pasal 138";"169,85";"541,012";"564,204";"576,204";"612,2";"Helvetica";"12,0";"355,431";"306,1";"0,08057987585756282";"0,27744201241424366";"0,6062757268866382";"False";"BATANG TUBUH";"PASAL 141"
"54";"diterbitkan bukti pemindah bukuan yang berlaku juga sebagai";"196,85";"540,9140000000001";"581,404";"593,404";"612,2";"Helvetica";"12,0";"368,88200000000006";"306,1";"0,10255145377327676";"0,3215452466514211";"0,5620124142437113";"False";"BATANG TUBUH";"PASAL 141"
"54";"bukti pembayaran.";"196,85";"295,322";"598,804";"610,804";"612,2";"Helvetica";"12,0";"246,086";"306,1";"0,09803005553740608";"0,3215452466514211";"0,16084939562234565";"False";"BATANG TUBUH";"PASAL 141"
"54";"BAB XXVI";"277,67";"334,236";"635,0039999999999";"647,0039999999999";"612,2";"Helvetica-Bold";"12,0";"305,953";"306,1";"0,00024011760862471118";"0,4535609278013721";"0,09239790918000648";"True";"BATANG TUBUH";"BAB XXVI"
"54";"KADALUWARSA";"258,08";"354,068";"653,204";"665,204";"612,2";"Helvetica-Bold";"12,0";"306,07399999999996";"306,1";"4,246978111739187e-05";"0,42156158118262";"0,1567918980725253";"True";"BATANG TUBUH";"BAB XXVI"
"54";"Pasal 142";"278,7";"333,336";"689,834";"701,834";"612,2";"Helvetica-Bold";"12,0";"306,01800000000003";"306,1";"0,00013394315583141722";"0,45524338451486435";"0,08924534465860832";"False";"BATANG TUBUH";"PASAL 142"
"54";"(1) Penagihan Retribusi kadaluwarsa setelah melampaui jangka";"169,85";"541,092";"726,434";"738,434";"612,2";"Helvetica";"12,0";"355,471";"306,1";"0,08064521398235867";"0,27744201241424366";"0,6064064031362298";"False";"BATANG TUBUH";"PASAL 142"
"54";"waktu 3 (tiga) tahun sejak saat terutangnya Retribusi, kecuali";"196,85";"541,158";"743,834";"755,834";"612,2";"Helvetica";"12,0";"369,004";"306,1";"0,10275073505390393";"0,3215452466514211";"0,5624109768049657";"False";"BATANG TUBUH";"PASAL 142"
"54";"apabila wajib Retribusi melakukan tindak pidana dibidang";"196,85";"541,0519999999999";"761,034";"773,034";"612,2";"Helvetica";"12,0";"368,95099999999996";"306,1";"0,10266416203854939";"0,3215452466514211";"0,5622378307742566";"False";"BATANG TUBUH";"PASAL 142"
"54";"Retribusi.";"196,85";"247,41600000000003";"778,2339999999999";"790,2339999999999";"612,2";"Helvetica";"12,0";"222,133";"306,1";"0,137156158118262";"0,3215452466514211";"0,08259719046063382";"False";"BATANG TUBUH";"PASAL 142"
"54";"(2) Kadaluwarsa penagihan Retribusi sebagaimana dimaksud pada";"169,85";"541,04";"796,454";"808,454";"612,2";"Helvetica";"12,0";"355,445";"306,1";"0,08060274420124137";"0,27744201241424366";"0,6063214635739953";"False";"BATANG TUBUH";"PASAL 142"
"54";"ayat (1) tertangguh apabila:";"196,85";"343,34";"813,8589999999999";"825,8589999999999";"612,2";"Helvetica";"12,0";"270,09499999999997";"306,1";"0,05881247958183608";"0,3215452466514211";"0,23928454753348574";"False";"BATANG TUBUH";"PASAL 142"
"54";"a. diterbitkan Surat Teguran;";"196,85";"353,43600000000004";"832,059";"844,059";"612,2";"Helvetica";"12,0";"275,14300000000003";"306,1";"0,05056680823260371";"0,3215452466514211";"0,2557758902319504";"False";"BATANG TUBUH";"PASAL 142"
"55";"55";"300,1";"312,1";"44,19200000000001";"56,19200000000001";"612,2";"Times New Roman,Bold";"12,0";"306,1";"306,1";"0,0";"0,49019928128062723";"0,019601437438745508";"False";"HALAMAN";""
"55";"b. ada pengakuan utang Retribusi dari Wajib Retribusi, baik";"196,85";"541,1659999999999";"80,904";"92,904";"612,2";"Helvetica";"12,0";"369,008";"306,1";"0,10275726886638346";"0,3215452466514211";"0,5624240444299247";"False";"BATANG TUBUH";"PASAL 142"
"55";"langsung maupun tidak langsung.";"214,88";"394,11199999999997";"97,50400000000002";"109,50400000000002";"612,2";"Helvetica";"12,0";"304,496";"306,1";"0,0026200588043123843";"0,3509964064031362";"0,29276706958510285";"False";"BATANG TUBUH";"PASAL 142"
"55";"BAB XXVII";"285,1";"345,024";"132,30399999999997";"144,30399999999997";"612,2";"Helvetica-Bold";"12,0";"315,062";"306,1";"0,014639006860503085";"0,4656974844821954";"0,09788304475661544";"True";"BATANG TUBUH";"BAB XXVII"
"55";"TATA CARA PENGHAPUSAN PIUTANG RETRIBUSI";"169,05";"461,034";"149,904";"161,904";"612,2";"Helvetica-Bold";"12,0";"315,04200000000003";"306,1";"0,014606337798105206";"0,27613524991832733";"0,4769421757595556";"True";"BATANG TUBUH";"BAB XXVII"
"55";"YANG KADALUWARSA";"248,08";"382,088";"167,50400000000002";"179,50400000000002";"612,2";"Helvetica-Bold";"12,0";"315,084";"306,1";"0,01467494282914077";"0,40522704998366543";"0,21889578569095067";"True";"BATANG TUBUH";"BAB XXVII"
"55";"Pasal 143";"287,7";"342,36400000000003";"202,73400000000004";"214,73400000000004";"612,2";"Helvetica-Bold";"12,0";"315,03200000000004";"306,1";"0,014590003266906265";"0,4699444625939235";"0,08929108134596543";"False";"BATANG TUBUH";"PASAL 143"
"55";"(1) Piutang Retribusi yang tidak mungkin ditagih lagi karena hak";"169,85";"540,848";"237,93399999999997";"249,93399999999997";"612,2";"Helvetica";"12,0";"355,349";"306,1";"0,0804459327017314";"0,27744201241424366";"0,6060078405749754";"False";"BATANG TUBUH";"PASAL 143"
"55";"untuk melakukan penagihan sudah Kadaluwarsa dapat dihapus.";"196,85";"537,6419999999999";"254,534";"266,534";"612,2";"Helvetica";"12,0";"367,246";"306,1";"0,09987912446912767";"0,3215452466514211";"0,556667755635413";"False";"BATANG TUBUH";"PASAL 143"
"55";"(2) Bupati menetapkan Keputusan Penghapusan Piutang Retribusi";"169,85";"541,174";"272,134";"284,134";"612,2";"Helvetica";"12,0";"355,512";"306,1";"0,08071218556027437";"0,27744201241424366";"0,6065403462920613";"False";"BATANG TUBUH";"PASAL 143"
"55";"Daerah yang sudah kadaluwarsa sebagaimana dimaksud pada";"196,85";"541,098";"288,73400000000004";"300,73400000000004";"612,2";"Helvetica";"12,0";"368,974";"306,1";"0,10270173146030703";"0,3215452466514211";"0,5623129696177718";"False";"BATANG TUBUH";"PASAL 143"
"55";"ayat (1).";"196,85";"240,746";"305,154";"317,154";"612,2";"Helvetica";"12,0";"218,798";"306,1";"0,14260372427311338";"0,3215452466514211";"0,07170205815093109";"False";"BATANG TUBUH";"PASAL 143"
"55";"BAB XXVIII";"274,27";"337,546";"340,154";"352,154";"612,2";"Helvetica-Bold";"12,0";"305,908";"306,1";"0,00031362299901994";"0,44800718719372745";"0,10335837961450507";"True";"BATANG TUBUH";"BAB XXVIII"
"55";"PEMERIKSAAN";"261,67";"350,086";"357,754";"369,754";"612,2";"Helvetica-Bold";"12,0";"305,87800000000004";"306,1";"0,00036262659261675917";"0,42742567788304475";"0,14442339104867688";"True";"BATANG TUBUH";"BAB XXVIII"
"55";"Pasal 144";"277,08";"334,908";"392,754";"404,754";"612,2";"Helvetica-Bold";"12,0";"305,994";"306,1";"0,00017314603070890972";"0,45259719046063374";"0,09445932701731465";"False";"BATANG TUBUH";"PASAL 144"
"55";"(1) Bupati melalui Dinas yang membidangi pemungutan Retribusi";"160,85";"541,004";"428,18399999999997";"440,18399999999997";"612,2";"Helvetica";"12,0";"350,927";"306,1";"0,07322280300555373";"0,26274093433518453";"0,6209637373407383";"False";"BATANG TUBUH";"PASAL 144"
"55";"berwenang melakukan pemeriksaan untuk menguji kepatuhan";"187,85";"540,9500000000003";"444,78399999999993";"456,78399999999993";"612,2";"Helvetica";"12,0";"364,40000000000015";"306,1";"0,09523031688990545";"0,30684416857236196";"0,5767722966350869";"False";"BATANG TUBUH";"PASAL 144"
"55";"pemenuhan kewajiban Retribusi dalam rangka melaksanakan";"187,85";"540,9380000000001";"461,18399999999997";"473,18399999999997";"612,2";"Helvetica";"12,0";"364,39400000000006";"306,1";"0,09522051617118595";"0,30684416857236196";"0,5767526951976479";"False";"BATANG TUBUH";"PASAL 144"
"55";"Peraturan Perundang-undangan Retribusi Daerah.";"187,85";"456,548";"477,78399999999993";"489,78399999999993";"612,2";"Helvetica";"12,0";"322,199";"306,1";"0,026296961777196974";"0,30684416857236196";"0,43890558640967";"False";"BATANG TUBUH";"PASAL 144"
"55";"(2) Terhadap Wajib Retribusi yang diperiksa wajib:";"160,85";"436,2659999999999";"495,38399999999996";"507,38399999999996";"612,2";"Helvetica";"12,0";"298,55799999999994";"306,1";"0,012319503430251693";"0,26274093433518453";"0,4498791244691276";"False";"BATANG TUBUH";"PASAL 144"
"55";"a. memperlihatkan dan/atau meminjamkan buku atau catatan,";"187,85";"540,7960000000002";"512,9839999999999";"524,9839999999999";"612,2";"Helvetica";"12,0";"364,3230000000001";"306,1";"0,09510454099967341";"0,30684416857236196";"0,5765207448546229";"False";"BATANG TUBUH";"PASAL 144"
"55";"dokumen yang menjadi dasarnya dan dokumen lain yang";"205,88";"540,9920000000002";"529,584";"541,584";"612,2";"Helvetica";"12,0";"373,4360000000001";"306,1";"0,10999019928128073";"0,33629532832407705";"0,5473897419144074";"False";"BATANG TUBUH";"PASAL 144"
"55";"berhubungan dengan obyek Retribusi yang terutang;";"205,88";"485,6000000000001";"546,0039999999999";"558,0039999999999";"612,2";"Helvetica";"12,0";"345,74";"306,1";"0,06475008167265597";"0,33629532832407705";"0,4569095066971579";"False";"BATANG TUBUH";"PASAL 144"
"55";"b. memberikan kesempatan untuk memasuki tempat atau";"187,85";"540,9440000000002";"563,604";"575,604";"612,2";"Helvetica";"12,0";"364,3970000000001";"306,1";"0,0952254165305457";"0,30684416857236196";"0,5767624959163674";"False";"BATANG TUBUH";"PASAL 144"
"55";"ruangan yang dianggap perlu dan memberi bantuan guna";"205,88";"540,9320000000002";"580,204";"592,204";"612,2";"Helvetica";"12,0";"373,4060000000001";"306,1";"0,10994119568768392";"0,33629532832407705";"0,5472917347272137";"False";"BATANG TUBUH";"PASAL 144"
"55";"kelancaran pemeriksaan;";"205,88";"339,772";"596,804";"608,804";"612,2";"Helvetica";"12,0";"272,826";"306,1";"0,0543515191114015";"0,33629532832407705";"0,21870630512904277";"False";"BATANG TUBUH";"PASAL 144"
"55";"c. memberikan keterangan yang diperlukan.";"187,85";"426,47599999999994";"614,404";"626,404";"612,2";"Helvetica";"12,0";"307,16299999999995";"306,1";"0,0017363606664487607";"0,30684416857236196";"0,3897843841881737";"False";"BATANG TUBUH";"PASAL 144"
"55";"(3) Tata cara pemeriksaan Retribusi diatur lebih lanjut dengan";"160,85";"540,8540000000003";"631,804";"643,804";"612,2";"Helvetica";"12,0";"350,85200000000015";"306,1";"0,07310029402156178";"0,26274093433518453";"0,6207187193727544";"False";"BATANG TUBUH";"PASAL 144"
"55";"Keputusan Bupati.";"187,85";"285,734";"648,404";"660,404";"612,2";"Helvetica";"12,0";"236,79199999999997";"306,1";"0,11321136883371455";"0,30684416857236196";"0,1598889251878471";"False";"BATANG TUBUH";"PASAL 144"
"55";"BAB XXIX";"277,67";"334,23800000000006";"683,434";"695,434";"612,2";"Helvetica-Bold";"12,0";"305,95400000000006";"306,1";"0,00023848415550466865";"0,4535609278013721";"0,09240117608624639";"True";"BATANG TUBUH";"BAB XXIX"
"55";"KETENTUAN PIDANA";"244,27";"367,642";"701,034";"713,034";"612,2";"Helvetica-Bold";"12,0";"305,956";"306,1";"0,000235217249264955";"0,39900359359686377";"0,20152237830774253";"True";"BATANG TUBUH";"BAB XXIX"
"55";"Pasal 145";"278,7";"333,336";"736,034";"748,034";"612,2";"Helvetica-Bold";"12,0";"306,01800000000003";"306,1";"0,00013394315583141722";"0,45524338451486435";"0,08924534465860832";"False";"BATANG TUBUH";"PASAL 145"
"55";"(1) Pelanggaran terhadap ketentuan dalam Peraturan Daerah ini";"160,85";"541,086";"771,434";"783,434";"612,2";"Helvetica";"12,0";"350,968";"306,1";"0,07328977458346944";"0,26274093433518453";"0,6210976804965697";"False";"BATANG TUBUH";"PASAL 145"
"55";"dapat diancam dengan pidana kurungan selama-lamanya";"187,85";"541,206";"788,054";"800,054";"612,2";"Helvetica";"12,0";"364,528";"306,1";"0,09543939888925186";"0,30684416857236196";"0,5771904606337798";"False";"BATANG TUBUH";"PASAL 145"
"55";"6 (enam) bulan dan/atau denda setinggi-tingginya";"187,85";"541,178";"804,454";"816,454";"612,2";"Helvetica";"12,0";"364,514";"306,1";"0,09541653054557331";"0,30684416857236196";"0,5771447239464227";"False";"BATANG TUBUH";"PASAL 145"
"55";"Rp 50.000.000,- (lima puluh juta rupiah).";"187,85";"405,948";"821,059";"833,059";"612,2";"Helvetica";"12,0";"296,899";"306,1";"0,015029402156158153";"0,30684416857236196";"0,35625285854295974";"False";"BATANG TUBUH";"PASAL 145"
"56";"56";"300,1";"312,1";"44,19200000000001";"56,19200000000001";"612,2";"Times New Roman,Bold";"12,0";"306,1";"306,1";"0,0";"0,49019928128062723";"0,019601437438745508";"False";"HALAMAN";""
"56";"(2) Tindak pidana sebagaimana dimaksud pada ayat (1) adalah";"160,85";"541,058";"81,10400000000004";"93,10400000000004";"612,2";"Helvetica";"12,0";"350,954";"306,1";"0,07326690623979089";"0,26274093433518453";"0,6210519438092126";"False";"BATANG TUBUH";"PASAL 145"
"56";"pelanggaran.";"187,85";"257,762";"100,10400000000004";"112,10400000000004";"612,2";"Helvetica";"12,0";"222,80599999999998";"306,1";"0,13605684416857242";"0,30684416857236196";"0,11419797451813134";"False";"BATANG TUBUH";"PASAL 145"
"56";"Pasal 146";"278,7";"333,336";"139,904";"151,904";"612,2";"Helvetica-Bold";"12,0";"306,01800000000003";"306,1";"0,00013394315583141722";"0,45524338451486435";"0,08924534465860832";"False";"BATANG TUBUH";"PASAL 146"
"56";"Setiap Penduduk yang dengan sengaja memalsukan surat dan/atau";"160,85";"540,99";"180,33400000000006";"192,33400000000006";"612,2";"Helvetica";"12,0";"350,92";"306,1";"0,07321136883371446";"0,26274093433518453";"0,6209408689970597";"False";"BATANG TUBUH";"PASAL 146"
"56";"dokumen kepada Dinas dalam melaporkan Peristiwa Kependudukan";"160,85";"540,9020000000002";"199,33400000000006";"211,33400000000006";"612,2";"Helvetica";"12,0";"350,8760000000001";"306,1";"0,07313949689643917";"0,26274093433518453";"0,6207971251225092";"False";"BATANG TUBUH";"PASAL 146"
"56";"dan Peristiwa Penting dipidana sesuai ketentuan peraturan perundang-";"160,85";"541,1659999999999";"218,33400000000006";"230,33400000000006";"612,2";"Helvetica";"12,0";"351,008";"306,1";"0,0733551127082652";"0,26274093433518453";"0,6212283567461612";"False";"BATANG TUBUH";"PASAL 146"
"56";"undangan yang berlaku.";"160,85";"289,51399999999995";"237,33400000000006";"249,33400000000006";"612,2";"Helvetica";"12,0";"225,18199999999996";"306,1";"0,13217575955570085";"0,26274093433518453";"0,21016661221822924";"False";"BATANG TUBUH";"PASAL 146"
"56";"Pasal 147";"278,7";"333,336";"277,33400000000006";"289,33400000000006";"612,2";"Helvetica-Bold";"12,0";"306,01800000000003";"306,1";"0,00013394315583141722";"0,45524338451486435";"0,08924534465860832";"False";"BATANG TUBUH";"PASAL 147"
"56";"Dalam hal Pejabat pada Dinas melakukan tindakan atau sengaja";"169,85";"541,158";"317,554";"329,554";"612,2";"Helvetica";"12,0";"355,504";"306,1";"0,08069911793531524";"0,27744201241424366";"0,606514211042143";"False";"BATANG TUBUH";"PASAL 147"
"56";"melakukan tindakan yang memperlambat pengurusan Dokumen";"169,85";"540,9020000000003";"336,554";"348,554";"612,2";"Helvetica";"12,0";"355,37600000000015";"306,1";"0,08049003593596883";"0,27744201241424366";"0,6060960470434502";"False";"BATANG TUBUH";"PASAL 147"
"56";"Kependudukan dalam batas waktu yang ditentukan dalam Peraturan";"169,85";"540,8660000000002";"355,554";"367,554";"612,2";"Helvetica";"12,0";"355,3580000000001";"306,1";"0,08046063377981066";"0,27744201241424366";"0,6060372427311339";"False";"BATANG TUBUH";"PASAL 147"
"56";"Daerah ini dikenakan sanksi berupa denda setinggi-tingginya";"169,85";"541,198";"374,554";"386,554";"612,2";"Helvetica";"12,0";"355,524";"306,1";"0,08073178699771312";"0,27744201241424366";"0,6065795491669388";"False";"BATANG TUBUH";"PASAL 147"
"56";"Rp. 10.000.000,00 (sepuluh juta rupiah).";"169,85";"384,39799999999997";"393,554";"405,554";"612,2";"Helvetica";"12,0";"277,12399999999997";"306,1";"0,04733093760209091";"0,27744201241424366";"0,35045409996733085";"False";"BATANG TUBUH";"PASAL 147"
"56";"Pasal 148";"277,08";"334,97200000000004";"433,58399999999995";"445,58399999999995";"612,2";"Helvetica-Bold";"12,0";"306,026";"306,1";"0,00012087553087228401";"0,45259719046063374";"0,09456386801698799";"False";"BATANG TUBUH";"PASAL 148"
"56";"Petugas rahasia khusus yang melanggar ketentuan sebagaimana";"169,85";"540,8780000000003";"473,78399999999993";"485,78399999999993";"612,2";"Helvetica";"12,0";"355,36400000000015";"306,1";"0,08047043449853009";"0,27744201241424366";"0,6060568441685728";"False";"BATANG TUBUH";"PASAL 148"
"56";"dimaksud dalam Pasal 45 ayat (1) dikenai sanksi sesuai dengan";"169,85";"541,0559999999999";"492,78399999999993";"504,78399999999993";"612,2";"Helvetica";"12,0";"355,453";"306,1";"0,0806158118262005";"0,27744201241424366";"0,6063475988239135";"False";"BATANG TUBUH";"PASAL 148"
"56";"peraturan perundang undangan.";"169,85";"341,67799999999994";"511,78399999999993";"523,7839999999999";"612,2";"Helvetica";"12,0";"255,76399999999995";"306,1";"0,08222149624305793";"0,27744201241424366";"0,2806729826853968";"False";"BATANG TUBUH";"PASAL 148"
"56";"Pasal 149";"277,08";"334,97200000000004";"551,804";"563,804";"612,2";"Helvetica-Bold";"12,0";"306,026";"306,1";"0,00012087553087228401";"0,45259719046063374";"0,09456386801698799";"False";"BATANG TUBUH";"PASAL 149"
"56";"(1) Kepala Dinas yang melanggar ketentuan sebagaimana";"169,85";"541,252";"592,0039999999999";"604,0039999999999";"612,2";"Helvetica";"12,0";"355,551";"306,1";"0,08077589023195028";"0,27744201241424366";"0,6066677556354131";"False";"BATANG TUBUH";"PASAL 149"
"56";"dimaksud dalam Pasal 43 ayat (1), ayat (2) dan ayat (3) dikenai";"196,85";"540,9599999999999";"611,0039999999999";"623,0039999999999";"612,2";"Helvetica";"12,0";"368,905";"306,1";"0,10258902319503421";"0,3215452466514211";"0,5620875530872262";"False";"BATANG TUBUH";"PASAL 149"
"56";"sanksi sesuai dengan peraturan perundang-undangan.";"196,85";"488,25";"630,0039999999999";"642,0039999999999";"612,2";"Helvetica";"12,0";"342,55";"306,1";"0,05953936622018946";"0,3215452466514211";"0,4759882391375367";"False";"BATANG TUBUH";"PASAL 149"
"56";"(2) Kepala Dinas yag melanggar ketentuan sebagaimana dimaksud";"169,85";"541,162";"650,0039999999999";"662,0039999999999";"612,2";"Helvetica";"12,0";"355,50600000000003";"306,1";"0,08070238484155505";"0,27744201241424366";"0,6065207448546226";"False";"BATANG TUBUH";"PASAL 149"
"56";"dalam Pasal 44 ayat (2) dan Pasal 45 ayat (3) dikenai sanksi";"196,85";"541,068";"669,2339999999999";"681,2339999999999";"612,2";"Helvetica";"12,0";"368,959";"306,1";"0,10267722966350862";"0,3215452466514211";"0,562263966024175";"False";"BATANG TUBUH";"PASAL 149"
"56";"sesuai dengan peraturan perundang-undangan.";"196,85";"451,04200000000003";"688,2339999999999";"700,2339999999999";"612,2";"Helvetica";"12,0";"323,946";"306,1";"0,029150604377654366";"0,3215452466514211";"0,4152107154524665";"False";"BATANG TUBUH";"PASAL 149"
"56";"Pasal 150";"278,7";"333,372";"728,034";"740,034";"612,2";"Helvetica-Bold";"12,0";"306,036";"306,1";"0,00010454099967334428";"0,45524338451486435";"0,08930414897092456";"False";"BATANG TUBUH";"PASAL 150"
"56";"Setiap orang yang tanpa hak dengan sengaja mengubah,";"169,85";"540,8180000000003";"768,2339999999999";"780,2339999999999";"612,2";"Helvetica";"12,0";"355,3340000000002";"306,1";"0,08042143090493327";"0,27744201241424366";"0,6059588369813791";"False";"BATANG TUBUH";"PASAL 150"
"56";"menambah, atau mengurangi isi elemen data pada Dokumen";"169,85";"540,8660000000002";"787,434";"799,434";"612,2";"Helvetica";"12,0";"355,3580000000001";"306,1";"0,08046063377981066";"0,27744201241424366";"0,6060372427311339";"False";"BATANG TUBUH";"PASAL 150"
"56";"Kependudukan sebagaimana dimaksud dalam Pasal 79 dipidana";"169,85";"541,206";"806,454";"818,454";"612,2";"Helvetica";"12,0";"355,528";"306,1";"0,08073832081019273";"0,27744201241424366";"0,606592616791898";"False";"BATANG TUBUH";"PASAL 150"
"56";"sesuai ketentuan peraturan perundang-undangan yang berlaku.";"169,85";"508,67";"825,459";"837,459";"612,2";"Helvetica";"12,0";"339,26";"306,1";"0,054165305455733365";"0,27744201241424366";"0,5534465860829795";"False";"BATANG TUBUH";"PASAL 150"
"57";"57";"300,1";"312,1";"44,19200000000001";"56,19200000000001";"612,2";"Times New Roman,Bold";"12,0";"306,1";"306,1";"0,0";"0,49019928128062723";"0,019601437438745508";"False";"HALAMAN";""
"57";"Pasal 151";"278,7";"333,372";"80,904";"92,904";"612,2";"Helvetica-Bold";"12,0";"306,036";"306,1";"0,00010454099967334428";"0,45524338451486435";"0,08930414897092456";"False";"BATANG TUBUH";"PASAL 151"
"57";"Setiap orang yang tanpa hak mengakses database kependudukan";"169,85";"540,9140000000003";"117,50400000000002";"129,50400000000002";"612,2";"Helvetica";"12,0";"355,3820000000002";"306,1";"0,08049983665468825";"0,27744201241424366";"0,6061156484808891";"False";"BATANG TUBUH";"PASAL 151"
"57";"sebagaimana dimaksud dalam Pasal 96 ayat (1) dipidana sesuai";"169,85";"541,198";"134,904";"146,904";"612,2";"Helvetica";"12,0";"355,524";"306,1";"0,08073178699771312";"0,27744201241424366";"0,6065795491669388";"False";"BATANG TUBUH";"PASAL 151"
"57";"ketentuan peraturan perundang-undangan yang berlaku.";"169,85";"470,5759999999999";"152,10400000000004";"164,10400000000004";"612,2";"Helvetica";"12,0";"320,21299999999997";"306,1";"0,023052923881084517";"0,27744201241424366";"0,4912218229336816";"False";"BATANG TUBUH";"PASAL 151"
"57";"Pasal 152";"278,7";"333,372";"188,33400000000006";"200,33400000000006";"612,2";"Helvetica-Bold";"12,0";"306,036";"306,1";"0,00010454099967334428";"0,45524338451486435";"0,08930414897092456";"False";"BATANG TUBUH";"PASAL 152"
"57";"Setiap orang dan/atau badan hukum yang tanpa hak mencetak,";"169,85";"541,062";"225,13400000000001";"237,13400000000001";"612,2";"Helvetica";"12,0";"355,456";"306,1";"0,08062071218556026";"0,27744201241424366";"0,606357399542633";"False";"BATANG TUBUH";"PASAL 152"
"57";"menerbitkan dan/atau mendistribusikan blangko Dokumen";"169,85";"541,012";"242,33400000000006";"254,33400000000006";"612,2";"Helvetica";"12,0";"355,431";"306,1";"0,08057987585756282";"0,27744201241424366";"0,6062757268866382";"False";"BATANG TUBUH";"PASAL 152"
"57";"Kependudukan dipidana sesuai ketentuan peraturan perundang-";"169,85";"540,966";"259,534";"271,534";"612,2";"Helvetica";"12,0";"355,408";"306,1";"0,08054230643580527";"0,27744201241424366";"0,606200588043123";"False";"BATANG TUBUH";"PASAL 152"
"57";"undangan yang berlaku.";"169,85";"298,636";"276,93399999999997";"288,93399999999997";"612,2";"Helvetica";"12,0";"234,243";"306,1";"0,11737504083632803";"0,27744201241424366";"0,21036589349885662";"False";"BATANG TUBUH";"PASAL 152"
"57";"Pasal 153";"278,7";"333,36400000000003";"313,154";"325,154";"612,2";"Helvetica-Bold";"12,0";"306,03200000000004";"306,1";"0,00011107481215286446";"0,45524338451486435";"0,08929108134596543";"False";"BATANG TUBUH";"PASAL 153"
"57";"Setiap Penduduk yang dengan sengaja mendaftarkan diri sebagai";"169,85";"540,8780000000002";"349,95400000000006";"361,95400000000006";"612,2";"Helvetica";"12,0";"355,3640000000001";"306,1";"0,08047043449852999";"0,27744201241424366";"0,6060568441685725";"False";"BATANG TUBUH";"PASAL 153"
"57";"Kepala Keluarga atau anggota keluarga lebih dari satu KK";"169,85";"541,0120000000001";"367,154";"379,154";"612,2";"Helvetica";"12,0";"355,43100000000004";"306,1";"0,0805798758575629";"0,27744201241424366";"0,6062757268866383";"False";"BATANG TUBUH";"PASAL 153"
"57";"sebagaimana dimaksud dalam Pasal 83 ayat (1) atau untuk memiliki";"169,85";"541,0479999999999";"384,35400000000004";"396,35400000000004";"612,2";"Helvetica";"12,0";"355,44899999999996";"306,1";"0,08060927801372089";"0,27744201241424366";"0,6063345311989543";"False";"BATANG TUBUH";"PASAL 153"
"57";"KTP lebih dari satu sebagaimana dimaksud dalam Pasal 84 ayat (6)";"169,85";"541,106";"401,554";"413,554";"612,2";"Helvetica";"12,0";"355,478";"306,1";"0,08065664815419794";"0,27744201241424366";"0,6064292714799084";"False";"BATANG TUBUH";"PASAL 153"
"57";"dipidana sesuai ketentuan peraturan perundang-undangan yang";"169,85";"541,174";"418,95399999999995";"430,95399999999995";"612,2";"Helvetica";"12,0";"355,512";"306,1";"0,08071218556027437";"0,27744201241424366";"0,6065403462920613";"False";"BATANG TUBUH";"PASAL 153"
"57";"berlaku.";"169,85";"212,41600000000003";"436,18399999999997";"448,18399999999997";"612,2";"Helvetica";"12,0";"191,133";"306,1";"0,18779320483502124";"0,27744201241424366";"0,06952956550147016";"False";"BATANG TUBUH";"PASAL 153"
"57";"Pasal 154";"278,7";"333,36400000000003";"472,38399999999996";"484,38399999999996";"612,2";"Helvetica-Bold";"12,0";"306,03200000000004";"306,1";"0,00011107481215286446";"0,45524338451486435";"0,08929108134596543";"False";"BATANG TUBUH";"PASAL 154"
"57";"(1) Dalam hal Pejabat dan/atau Petugas pada Dinas melakukan";"169,85";"541,092";"509,18399999999997";"521,184";"612,2";"Helvetica";"12,0";"355,471";"306,1";"0,08064521398235867";"0,27744201241424366";"0,6064064031362298";"False";"BATANG TUBUH";"PASAL 154"
"57";"tindak pidana sebagaimana dimaksud dalam Pasal 132 atau";"196,85";"541,228";"526,384";"538,384";"612,2";"Helvetica";"12,0";"369,039";"306,1";"0,10280790591310023";"0,3215452466514211";"0,5625253185233582";"False";"BATANG TUBUH";"PASAL 154"
"57";"Pasal 133, Pejabat yang bersangkutan dipidana dengan pidana";"196,85";"540,9280000000001";"543,604";"555,604";"612,2";"Helvetica";"12,0";"368,88900000000007";"306,1";"0,10256288794511605";"0,3215452466514211";"0,5620352825873899";"False";"BATANG TUBUH";"PASAL 154"
"57";"yang sama ditambah 1/3 (satu pertiga).";"196,85";"405,666";"561,0039999999999";"573,0039999999999";"612,2";"Helvetica";"12,0";"301,258";"306,1";"0,00790918000653388";"0,3215452466514211";"0,34109114668409013";"False";"BATANG TUBUH";"PASAL 154"
"57";"(2) Dalam hal Pejabat dan/atau Petugas pada Dinas membantu";"169,85";"540,9020000000002";"579,204";"591,204";"612,2";"Helvetica";"12,0";"355,3760000000001";"306,1";"0,08049003593596875";"0,27744201241424366";"0,60609604704345";"False";"BATANG TUBUH";"PASAL 154"
"57";"melakukan tindak pidana sebagaimana dimaksud dalam Pasal";"196,85";"541,0039999999999";"596,404";"608,404";"612,2";"Helvetica";"12,0";"368,92699999999996";"306,1";"0,1026249591636719";"0,3215452466514211";"0,5621594250245016";"False";"BATANG TUBUH";"PASAL 154"
"57";"134, Pejabat yang bersangkutan dipidana sesuai dengan";"196,85";"540,9200000000001";"613,604";"625,604";"612,2";"Helvetica";"12,0";"368,88500000000005";"306,1";"0,10255635413263643";"0,3215452466514211";"0,5620222149624307";"False";"BATANG TUBUH";"PASAL 154"
"57";"ketentuan peraturan perundang-undangan yang berlaku.";"196,85";"497,596";"631,0039999999999";"643,0039999999999";"612,2";"Helvetica";"12,0";"347,223";"306,1";"0,06717249264946094";"0,3215452466514211";"0,4912544919960796";"False";"BATANG TUBUH";"PASAL 154"
"57";"BAB XXX";"279,3";"332,48400000000004";"667,2339999999999";"679,2339999999999";"612,2";"Helvetica-Bold";"12,0";"305,89200000000005";"306,1";"0,00033975824893820643";"0,4562234563868017";"0,08687357072852013";"True";"BATANG TUBUH";"BAB XXX"
"57";"PENYIDIKAN";"269,08";"342,904";"685,434";"697,434";"612,2";"Helvetica-Bold";"12,0";"305,99199999999996";"306,1";"0,0001764129369488091";"0,43952956550147004";"0,12058804312316238";"True";"BATANG TUBUH";"BAB XXX"
"57";"Pasal 155";"278,7";"333,36400000000003";"722,034";"734,034";"612,2";"Helvetica-Bold";"12,0";"306,03200000000004";"306,1";"0,00011107481215286446";"0,45524338451486435";"0,08929108134596543";"False";"BATANG TUBUH";"PASAL 155"
"57";"(1) Penyidik Pegawai Negei Sipil tertentu di lingkungan Pemerintah";"160,85";"541,178";"758,634";"770,634";"612,2";"Helvetica";"12,0";"351,014";"306,1";"0,07336491342698462";"0,26274093433518453";"0,6212479581836";"False";"BATANG TUBUH";"PASAL 155"
"57";"Daerah diberi wewenang khusus sebagai Penyidik untuk";"187,85";"540,92";"775,834";"787,834";"612,2";"Helvetica";"12,0";"364,385";"306,1";"0,09520581509310677";"0,30684416857236196";"0,5767232930414896";"False";"BATANG TUBUH";"PASAL 155"
"57";"melakukan tindak pidana di bidang Retribusi Daerah,";"187,85";"541,07";"793,264";"805,264";"612,2";"Helvetica";"11,999999999999986";"364,46000000000004";"306,1";"0,095328324077099";"0,30684416857236196";"0,576968311009474";"False";"BATANG TUBUH";"PASAL 155"
"57";"sebagaimana dimaksud dalam Undang-undang Hukum Acara";"187,85";"541,182";"810,454";"822,454";"612,2";"Helvetica";"12,0";"364,516";"306,1";"0,09541979745181312";"0,30684416857236196";"0,5771512577589023";"False";"BATANG TUBUH";"PASAL 155"
"57";"Pidana yang berlaku.";"187,85";"300,518";"827,659";"839,659";"612,2";"Helvetica";"12,0";"244,18399999999997";"306,1";"0,10113688337144731";"0,30684416857236196";"0,18403789611238153";"False";"BATANG TUBUH";"PASAL 155"
"58";"58";"300,1";"312,1";"44,19200000000001";"56,19200000000001";"612,2";"Times New Roman,Bold";"12,0";"306,1";"306,1";"0,0";"0,49019928128062723";"0,019601437438745508";"False";"HALAMAN";""
"58";"(2) Wewenang Penyidik sebagaimana dimaksud pada ayat (1)";"160,85";"540,8060000000002";"81,10400000000004";"93,10400000000004";"612,2";"Helvetica";"12,0";"350,8280000000001";"306,1";"0,07306109114668419";"0,26274093433518453";"0,6206403136229992";"False";"BATANG TUBUH";"PASAL 155"
"58";"adalah:";"187,85";"226,97000000000003";"101,10400000000004";"113,10400000000004";"612,2";"Helvetica";"12,0";"207,41000000000003";"306,1";"0,16120548840248283";"0,30684416857236196";"0,0639006860503104";"False";"BATANG TUBUH";"PASAL 155"
"58";"a. Menerima, mencari, mengumpulkan dan meneliti keterangan";"187,85";"541,094";"122,10400000000004";"134,10400000000004";"612,2";"Helvetica";"12,0";"364,47200000000004";"306,1";"0,09534792551453775";"0,30684416857236196";"0,5770075138843516";"False";"BATANG TUBUH";"PASAL 155"
"58";"atau laporan berkenaan dengan tindak pidana di bidang";"205,88";"540,9080000000001";"142,10400000000004";"154,10400000000004";"612,2";"Helvetica";"12,0";"373,39400000000006";"306,1";"0,10992159425024507";"0,33629532832407705";"0,547252531852336";"False";"BATANG TUBUH";"PASAL 155"
"58";"Retribusi Daerah;";"205,88";"299,00800000000004";"162,10400000000004";"174,10400000000004";"612,2";"Helvetica";"12,0";"252,44400000000002";"306,1";"0,08764456060111075";"0,33629532832407705";"0,15212022214962437";"False";"BATANG TUBUH";"PASAL 155"
"58";"b. Meneliti, mencari dan mengumpulkan keterangan mengenai";"187,85";"540,9560000000001";"183,13400000000001";"195,13400000000001";"612,2";"Helvetica";"12,0";"364,4030000000001";"306,1";"0,09523521724926502";"0,30684416857236196";"0,576782097353806";"False";"BATANG TUBUH";"PASAL 155"
"58";"orang pribadi atau badan tentang kebenaran perbuatan yang";"205,88";"540,9200000000003";"203,13400000000001";"215,13400000000001";"612,2";"Helvetica";"12,0";"373,40000000000015";"306,1";"0,10993139496896459";"0,33629532832407705";"0,5472721332897751";"False";"BATANG TUBUH";"PASAL 155"
"58";"dilakukan sehubungan dengan tindak pidana Retribusi Daerah;";"205,88";"540,678";"223,13400000000001";"235,13400000000001";"612,2";"Helvetica";"12,0";"373,279";"306,1";"0,10973374714145699";"0,33629532832407705";"0,5468768376347598";"False";"BATANG TUBUH";"PASAL 155"
"58";"c. Meminta keterangan dan bahan bukti dari orang pribadi atau";"187,85";"540,9080000000002";"244,13400000000001";"256,134";"612,2";"Helvetica";"12,0";"364,37900000000013";"306,1";"0,09519601437438763";"0,30684416857236196";"0,5767036916040513";"False";"BATANG TUBUH";"PASAL 155"
"58";"badan sehubungan dengan Tindak Pidana dibidang Retribusi";"205,88";"541,194";"264,134";"276,134";"612,2";"Helvetica";"12,0";"373,537";"306,1";"0,11015517804638998";"0,33629532832407705";"0,5477196994446258";"False";"BATANG TUBUH";"PASAL 155"
"58";"Daerah;";"205,88";"248,40800000000002";"284,134";"296,134";"612,2";"Helvetica";"12,0";"227,144";"306,1";"0,12897092453446588";"0,33629532832407705";"0,06946749428291411";"False";"BATANG TUBUH";"PASAL 155"
"58";"d. Memeriksa buku-buku, catatan-catatan, dan dokumen-";"187,85";"541,1659999999999";"305,154";"317,154";"612,2";"Helvetica";"12,0";"364,508";"306,1";"0,0954067298268539";"0,30684416857236196";"0,5771251225089838";"False";"BATANG TUBUH";"PASAL 155"
"58";"dokumen lain berkenaan dengan Tindak Pidana di bidang";"205,88";"540,9800000000001";"325,154";"337,154";"612,2";"Helvetica";"12,0";"373,43000000000006";"306,1";"0,10998039856256131";"0,33629532832407705";"0,5473701404769685";"False";"BATANG TUBUH";"PASAL 155"
"58";"Retribusi Daerah;";"205,88";"299,004";"345,35400000000004";"357,35400000000004";"612,2";"Helvetica";"12,0";"252,442";"306,1";"0,08764782750735056";"0,33629532832407705";"0,15211368833714475";"False";"BATANG TUBUH";"PASAL 155"
"58";"e. Melakukan penggeledahan untuk mendapatkan bahan bukti";"187,85";"541,1480000000003";"366,35400000000004";"378,35400000000004";"612,2";"Helvetica";"12,0";"364,49900000000014";"306,1";"0,09539202874877509";"0,30684416857236196";"0,5770957203528262";"False";"BATANG TUBUH";"PASAL 155"
"58";"pembukuan, pencatatan, dan dokumen-dokumen serta";"205,88";"541,17";"386,35400000000004";"398,35400000000004";"612,2";"Helvetica";"12,0";"373,525";"306,1";"0,11013557660895124";"0,33629532832407705";"0,5476804965697484";"False";"BATANG TUBUH";"PASAL 155"
"58";"melakukan penyitaan terhadap bahan bukti tersebut;";"205,88";"485,19200000000006";"406,35400000000004";"418,354";"612,2";"Helvetica";"11,999999999999943";"345,53600000000006";"306,1";"0,06441685723619738";"0,33629532832407705";"0,4562430578242405";"False";"BATANG TUBUH";"PASAL 155"
"58";"f. Meminta bantuan tenaga ahli dalam rangka pelaksanaan tugas";"187,85";"540,8120000000001";"427,38399999999996";"439,38399999999996";"612,2";"Helvetica";"12,0";"364,3310000000001";"306,1";"0,09511760862463255";"0,30684416857236196";"0,5765468801045411";"False";"BATANG TUBUH";"PASAL 155"
"58";"penyidikan tindak pidana dibidang Retribusi Daerah;";"205,88";"483,25800000000004";"447,38399999999996";"459,38399999999996";"612,2";"Helvetica";"12,0";"344,569";"306,1";"0,0628373080692584";"0,33629532832407705";"0,4530839594903627";"False";"BATANG TUBUH";"PASAL 155"
"58";"g. Menyuruh berhenti, melarang seseorang meninggalkan";"187,85";"540,9560000000001";"468,38399999999996";"480,38399999999996";"612,2";"Helvetica";"12,0";"364,4030000000001";"306,1";"0,09523521724926502";"0,30684416857236196";"0,576782097353806";"False";"BATANG TUBUH";"PASAL 155"
"58";"ruangan atau tempat pada saat pemeriksaan sedang";"205,88";"540,9320000000002";"488,38399999999996";"500,38399999999996";"612,2";"Helvetica";"12,0";"373,4060000000001";"306,1";"0,10994119568768392";"0,33629532832407705";"0,5472917347272137";"False";"BATANG TUBUH";"PASAL 155"
"58";"berlangsung dan memeriksa identitas orang dan/atau";"205,88";"540,9080000000002";"508,38399999999996";"520,384";"612,2";"Helvetica";"12,0";"373,3940000000001";"306,1";"0,10992159425024517";"0,33629532832407705";"0,5472525318523362";"False";"BATANG TUBUH";"PASAL 155"
"58";"dokumen yang dibawa sebagaimana yang dimaksud dalam";"205,88";"541,204";"528,384";"540,384";"612,2";"Helvetica";"12,0";"373,542";"306,1";"0,11016334531198946";"0,33629532832407705";"0,5477360339758248";"False";"BATANG TUBUH";"PASAL 155"
"58";"huruf e;";"205,88";"246,38";"548,404";"560,404";"612,2";"Helvetica";"12,0";"226,13";"306,1";"0,1306272459980399";"0,33629532832407705";"0,06615485135576608";"False";"BATANG TUBUH";"PASAL 155"
"58";"h. Memotret seseorang yang berkaitan dengan Tindak Pidana";"187,85";"541,088";"569,404";"581,404";"612,2";"Helvetica";"12,0";"364,469";"306,1";"0,095343025155178";"0,30684416857236196";"0,576997713165632";"False";"BATANG TUBUH";"PASAL 155"
"58";"Retribusi Daerah;";"205,88";"299,00800000000004";"589,404";"601,404";"612,2";"Helvetica";"12,0";"252,44400000000002";"306,1";"0,08764456060111075";"0,33629532832407705";"0,15212022214962437";"False";"BATANG TUBUH";"PASAL 155"
"58";"i. Memanggil orang untuk didengar keterangannya dan diperiksa";"187,85";"540,9800000000001";"610,404";"622,404";"612,2";"Helvetica";"12,0";"364,4150000000001";"306,1";"0,09525481868670377";"0,30684416857236196";"0,5768213002286836";"False";"BATANG TUBUH";"PASAL 155"
"58";"sebagai tersangka atau saksi;";"205,88";"364,5079999999999";"630,404";"642,404";"612,2";"Helvetica";"12,0";"285,19399999999996";"306,1";"0,03414897092453457";"0,33629532832407705";"0,25911140150277673";"False";"BATANG TUBUH";"PASAL 155"
"58";"j. Menghentikan Penyidikan;";"187,85";"346,364";"651,404";"663,404";"612,2";"Helvetica";"12,0";"267,10699999999997";"306,1";"0,06369323750408372";"0,30684416857236196";"0,2589251878471087";"False";"BATANG TUBUH";"PASAL 155"
"58";"k. Melakukan tindakan lain yang perlu untuk kelancaran";"187,85";"540,9680000000001";"672,434";"684,434";"612,2";"Helvetica";"12,0";"364,40900000000005";"306,1";"0,09524501796798436";"0,30684416857236196";"0,5768016987912448";"False";"BATANG TUBUH";"PASAL 155"
"58";"penyidikan tindak pidana dibidang Retribusi Daerah menurut";"205,88";"541,042";"692,434";"704,434";"612,2";"Helvetica";"12,0";"373,461";"306,1";"0,11003103560927799";"0,33629532832407705";"0,5474714145704018";"False";"BATANG TUBUH";"PASAL 155"
"58";"hukum yang dapat dipertanggungjawabkan.";"205,88";"438,47599999999994";"712,434";"724,434";"612,2";"Helvetica";"12,0";"322,178";"306,1";"0,026262659261679148";"0,33629532832407705";"0,3799346618752041";"False";"BATANG TUBUH";"PASAL 155"
"58";"(3) Penyidik Sebagaimana dimaksud pada ayat (1) memberitahukan";"160,85";"540,8900000000001";"733,434";"745,434";"612,2";"Helvetica";"12,0";"350,87000000000006";"306,1";"0,07312969617771976";"0,26274093433518453";"0,6207775236850703";"False";"BATANG TUBUH";"PASAL 155"
"58";"dimulainya penyidikan dan menyampaikan hasil penyidikannya";"187,85";"541,1120000000001";"753,434";"765,434";"612,2";"Helvetica";"12,0";"364,48100000000005";"306,1";"0,09536262659261684";"0,30684416857236196";"0,5770369160405097";"False";"BATANG TUBUH";"PASAL 155"
"58";"kepada Penuntut Umum, sesuai dengan ketentuan yang diatur";"187,85";"540,9159999999999";"773,434";"785,434";"612,2";"Helvetica";"12,0";"364,383";"306,1";"0,09520254818686696";"0,30684416857236196";"0,57671675922901";"False";"BATANG TUBUH";"PASAL 155"
"58";"dalam Undang-Undang Nomor 8 Tahun 1981 Tentang Hukum";"187,85";"541,2479999999999";"793,454";"805,454";"612,2";"Helvetica";"12,0";"364,549";"306,1";"0,0954737014047696";"0,30684416857236196";"0,5772590656648152";"False";"BATANG TUBUH";"PASAL 155"
"58";"Acara Pidana.";"187,85";"262,95799999999997";"813,459";"825,459";"612,2";"Helvetica";"12,0";"225,404";"306,1";"0,131813132963084";"0,30684416857236196";"0,12268539692910808";"False";"BATANG TUBUH";"PASAL 155"
"59";"59";"300,1";"312,1";"44,19200000000001";"56,19200000000001";"612,2";"Times New Roman,Bold";"12,0";"306,1";"306,1";"0,0";"0,49019928128062723";"0,019601437438745508";"False";"HALAMAN";""
"59";"BAB XXXI";"277,67";"334,236";"80,904";"92,904";"612,2";"Helvetica-Bold";"12,0";"305,953";"306,1";"0,00024011760862471118";"0,4535609278013721";"0,09239790918000648";"True";"BATANG TUBUH";"BAB XXXI"
"59";"PELAPORAN";"268,27";"343,294";"100,50400000000002";"112,50400000000002";"612,2";"Helvetica-Bold";"12,0";"305,782";"306,1";"0,000519438092126822";"0,43820646847435474";"0,1225481868670369";"True";"BATANG TUBUH";"BAB XXXI"
"59";"Pasal 156";"278,7";"333,36400000000003";"139,70400000000006";"151,70400000000006";"612,2";"Helvetica-Bold";"12,0";"306,03200000000004";"306,1";"0,00011107481215286446";"0,45524338451486435";"0,08929108134596543";"False";"BATANG TUBUH";"PASAL 156"
"59";"(1) Penyelenggaraan Administrasi Kependudukan dilaporkan";"169,85";"541,202";"179,33400000000006";"191,33400000000006";"612,2";"Helvetica";"12,0";"355,526";"306,1";"0,08073505390395293";"0,27744201241424366";"0,6065860829794184";"False";"BATANG TUBUH";"PASAL 156"
"59";"secara berjenjang berdasarkan susunan Pemerintahan sesuai";"196,85";"541,198";"197,93399999999997";"209,93399999999997";"612,2";"Helvetica";"12,0";"369,024";"306,1";"0,10278340411630182";"0,3215452466514211";"0,5624763149297614";"False";"BATANG TUBUH";"PASAL 156"
"59";"ketentuan peraturan perundang-undangan yang berlaku.";"196,85";"497,596";"216,534";"228,534";"612,2";"Helvetica";"12,0";"347,223";"306,1";"0,06717249264946094";"0,3215452466514211";"0,4912544919960796";"False";"BATANG TUBUH";"PASAL 156"
"59";"(2) Laporan sebagaimana dimaksud pada ayat (1) disampaikan";"169,85";"540,996";"236,13400000000001";"248,13400000000001";"612,2";"Helvetica";"12,0";"355,423";"306,1";"0,08056680823260369";"0,27744201241424366";"0,6062495916367199";"False";"BATANG TUBUH";"PASAL 156"
"59";"secara berkala setiap 1 (satu) bulan sekali.";"196,85";"425,06600000000003";"254,73400000000004";"266,73400000000004";"612,2";"Helvetica";"12,0";"310,958";"306,1";"0,007935315256452146";"0,3215452466514211";"0,3727801372100621";"False";"BATANG TUBUH";"PASAL 156"
"59";"Pasal 157";"278,7";"333,372";"293,93399999999997";"305,93399999999997";"612,2";"Helvetica-Bold";"12,0";"306,036";"306,1";"0,00010454099967334428";"0,45524338451486435";"0,08930414897092456";"False";"BATANG TUBUH";"PASAL 157"
"59";"(1) Bupati mengkoordinasikan pelaporan mengenai Penyelenggaraan";"169,85";"541,61";"333,35400000000004";"345,35400000000004";"612,2";"Helvetica";"12,0";"355,73";"306,1";"0,08106827834041162";"0,27744201241424366";"0,6072525318523357";"False";"BATANG TUBUH";"PASAL 157"
"59";"Administrasi Kependudukan.";"196,85";"349,43600000000004";"351,95400000000006";"363,95400000000006";"612,2";"Helvetica";"12,0";"273,14300000000003";"306,1";"0,05383371447239463";"0,3215452466514211";"0,24924207775236856";"False";"BATANG TUBUH";"PASAL 157"
"59";"(2) Bupati melaporkan hasil koordinasi sebagaimana dimaksud";"169,85";"540,988";"371,554";"383,554";"612,2";"Helvetica";"12,0";"355,41900000000004";"306,1";"0,08056027442012416";"0,27744201241424366";"0,6062365240117609";"False";"BATANG TUBUH";"PASAL 157"
"59";"pada ayat (1) kepada Gubernur.";"196,85";"367,466";"390,154";"402,154";"612,2";"Helvetica";"12,0";"282,158";"306,1";"0,039108134596537086";"0,3215452466514211";"0,27869323750408365";"False";"BATANG TUBUH";"PASAL 157"
"59";"BAB XXXII";"276,08";"336,028";"429,38399999999996";"441,38399999999996";"612,2";"Helvetica-Bold";"12,0";"306,054";"306,1";"7,513884351527133e-05";"0,45096373734073825";"0,09792224763149303";"True";"BATANG TUBUH";"BAB XXXII"
"59";"SANKSI ADMINISTRATIF";"235,08";"376,884";"448,984";"460,984";"612,2";"Helvetica-Bold";"12,0";"305,982";"306,1";"0,00019274746814765598";"0,3839921594250245";"0,23163018621365566";"True";"BATANG TUBUH";"BAB XXXII"
"59";"Pasal 158";"278,7";"333,372";"488,18399999999997";"500,18399999999997";"612,2";"Helvetica-Bold";"12,0";"306,036";"306,1";"0,00010454099967334428";"0,45524338451486435";"0,08930414897092456";"False";"BATANG TUBUH";"PASAL 158"
"59";"(1) Setiap penduduk dikenai sanksi administratif berupa denda";"169,85";"541,032";"527,584";"539,584";"612,2";"Helvetica";"12,0";"355,44100000000003";"306,1";"0,08059621038876184";"0,27744201241424366";"0,6063083959490363";"False";"BATANG TUBUH";"PASAL 158"
"59";"apabila melampaui batas waktu pelaporan peristiwa";"196,85";"541,1940000000001";"546,204";"558,204";"612,2";"Helvetica";"12,0";"369,02200000000005";"306,1";"0,1027801372100621";"0,3215452466514211";"0,562469781117282";"False";"BATANG TUBUH";"PASAL 158"
"59";"kependudukan, dalam hal:";"196,85";"337,43600000000004";"565,0039999999999";"577,0039999999999";"612,2";"Helvetica";"12,0";"267,14300000000003";"306,1";"0,06363443319176738";"0,3215452466514211";"0,22964064031362305";"False";"BATANG TUBUH";"PASAL 158"
"59";"a. pindah datang bagi Orang Asing yang memiliki Izin Tinggal";"196,85";"540,9080000000001";"584,604";"596,604";"612,2";"Helvetica";"12,0";"368,8790000000001";"306,1";"0,1025465534139171";"0,3215452466514211";"0,5620026135249919";"False";"BATANG TUBUH";"PASAL 158"
"59";"Terbatas atau Orang Asing yang memiliki Izin Tinggal Tetap";"214,88";"540,8720000000002";"603,204";"615,204";"612,2";"Helvetica";"12,0";"377,8760000000001";"306,1";"0,11724273113361657";"0,3509964064031362";"0,5324926494609608";"False";"BATANG TUBUH";"PASAL 158"
"59";"sebagaimana dimaksud dalam Pasal 33 ayat (3);";"214,88";"474,80400000000003";"621,804";"633,804";"612,2";"Helvetica";"12,0";"344,842";"306,1";"0,0632832407709898";"0,3509964064031362";"0,4245736687357073";"False";"BATANG TUBUH";"PASAL 158"
"59";"b. pindah datang ke luar negeri bagi Penduduk Warga Negara";"196,85";"540,9440000000001";"641,404";"653,404";"612,2";"Helvetica";"12,0";"368,89700000000005";"306,1";"0,10257595557007518";"0,3215452466514211";"0,5620614178373081";"False";"BATANG TUBUH";"PASAL 158"
"59";"Indonesia sebagaimana dimaksud dalam Pasal 34 ayat (3);";"214,88";"530,234";"660,0039999999999";"672,004";"612,2";"Helvetica";"12,000000000000028";"372,557";"306,1";"0,1085543939888925";"0,3509964064031362";"0,5151159751715126";"False";"BATANG TUBUH";"PASAL 158"
"59";"c. pindah datang dari luar negeri bagi Penduduk Warga Negara";"196,85";"540,9440000000001";"679,634";"691,634";"612,2";"Helvetica";"12,0";"368,89700000000005";"306,1";"0,10257595557007518";"0,3215452466514211";"0,5620614178373081";"False";"BATANG TUBUH";"PASAL 158"
"59";"Indonesia sebagaimana dimaksud dalam Pasal 35 ayat (1);";"214,88";"530,234";"698,434";"710,434";"612,2";"Helvetica";"12,0";"372,557";"306,1";"0,1085543939888925";"0,3509964064031362";"0,5151159751715126";"False";"BATANG TUBUH";"PASAL 158"
"59";"d. pindah datang dari luar negeri bagi Orang Asing yang";"196,85";"541,0040000000001";"718,034";"730,034";"612,2";"Helvetica";"12,0";"368,9270000000001";"306,1";"0,10262495916367209";"0,3215452466514211";"0,5621594250245019";"False";"BATANG TUBUH";"PASAL 158"
"59";"memiliki Izin Tinggal Terbatas sebagaimana dimaksud dalam";"214,88";"541,0880000000001";"736,634";"748,634";"612,2";"Helvetica";"12,0";"377,98400000000004";"306,1";"0,1174191440705652";"0,3509964064031362";"0,5328454753348579";"False";"BATANG TUBUH";"PASAL 158"
"59";"Pasal 36 ayat (1);";"214,88";"308,764";"755,2339999999999";"767,2339999999999";"612,2";"Helvetica";"12,0";"261,822";"306,1";"0,07232603724273116";"0,3509964064031362";"0,1533551127082653";"False";"BATANG TUBUH";"PASAL 158"
"59";"e. perubahan status Orang Asing yang memiliki Izin Tinggal";"196,85";"540,8960000000001";"774,834";"786,834";"612,2";"Helvetica";"12,0";"368,87300000000005";"306,1";"0,10253675269519769";"0,3215452466514211";"0,5619830120875531";"False";"BATANG TUBUH";"PASAL 158"
"59";"Terbatas menjadi Orang Asing yang memiliki Izin Tinggal";"214,88";"540,9080000000001";"793,454";"805,454";"612,2";"Helvetica";"12,0";"377,89400000000006";"306,1";"0,11727213328977464";"0,3509964064031362";"0,5325514537732768";"False";"BATANG TUBUH";"PASAL 158"
"59";"Tetap sebagaimana dimaksud dalam Pasal 37 ayat (1);";"214,88";"509,034";"812,059";"824,059";"612,2";"Helvetica";"12,0";"361,957";"306,1";"0,0912397909180006";"0,3509964064031362";"0,4804867690297288";"False";"BATANG TUBUH";"PASAL 158"
"60";"60";"300,1";"312,1";"44,19200000000001";"56,19200000000001";"612,2";"Times New Roman,Bold";"12,0";"306,1";"306,1";"0,0";"0,49019928128062723";"0,019601437438745508";"False";"HALAMAN";""
"60";"f. pindah ke luar negeri bagi Orang Asing yang memiliki Izin";"196,85";"540,9559999999999";"80,904";"92,904";"612,2";"Helvetica";"12,0";"368,90299999999996";"306,1";"0,1025857562887944";"0,3215452466514211";"0,5620810192747466";"False";"BATANG TUBUH";"PASAL 158"
"60";"Tinggal Terbatas atau Orang Asing yang memiliki Izin";"214,88";"541,012";"99,50400000000002";"111,50400000000002";"612,2";"Helvetica";"12,0";"377,94599999999997";"306,1";"0,11735707285200905";"0,3509964064031362";"0,5327213328977457";"False";"BATANG TUBUH";"PASAL 158"
"60";"Tinggal Tetap sebagaimana dimaksud dalam Pasal 38 ayat";"214,88";"541,1080000000001";"117,904";"129,904";"612,2";"Helvetica";"12,0";"377,994";"306,1";"0,11743547860176413";"0,3509964064031362";"0,5328781443972559";"False";"BATANG TUBUH";"PASAL 158"
"60";"(1);";"214,88";"232,80800000000002";"136,50400000000002";"148,50400000000002";"612,2";"Helvetica";"12,0";"223,844";"306,1";"0,13436131983012092";"0,3509964064031362";"0,02928454753348583";"False";"BATANG TUBUH";"PASAL 158"
"60";"g. perubahan KK sebagaimana dimaksud dalam Pasal 83 ayat";"196,85";"541,104";"155,904";"167,904";"612,2";"Helvetica";"12,0";"368,97700000000003";"306,1";"0,10270663181966679";"0,3215452466514211";"0,5623227703364914";"False";"BATANG TUBUH";"PASAL 158"
"60";"(2); atau";"214,88";"259,50800000000004";"174,534";"186,534";"612,2";"Helvetica";"12,0";"237,19400000000002";"306,1";"0,1125547206795165";"0,3509964064031362";"0,0728977458346946";"False";"BATANG TUBUH";"PASAL 158"
"60";"h. perpanjangan KTP sebagaimana dimaksud dalam Pasal 84";"196,85";"541,2520000000001";"193,93399999999997";"205,93399999999997";"612,2";"Helvetica";"12,0";"369,05100000000004";"306,1";"0,10282750735053907";"0,3215452466514211";"0,5625645213982359";"False";"BATANG TUBUH";"PASAL 158"
"60";"ayat (4).";"214,88";"258,776";"212,534";"224,534";"612,2";"Helvetica";"12,0";"236,828";"306,1";"0,11315256452139826";"0,3509964064031362";"0,07170205815093109";"False";"BATANG TUBUH";"PASAL 158"
"60";"(2) Denda administratif sebagaimana dimaksud pada ayat (1)";"169,85";"541,026";"232,13400000000001";"244,13400000000001";"612,2";"Helvetica";"12,0";"355,438";"306,1";"0,08059131002940209";"0,27744201241424366";"0,6062985952303167";"False";"BATANG TUBUH";"PASAL 158"
"60";"terhadap Penduduk Warga Negara Indonesia setinggi-tingginya";"196,85";"541,174";"250,534";"262,534";"612,2";"Helvetica";"12,0";"369,012";"306,1";"0,10276380267886308";"0,3215452466514211";"0,5624371120548839";"False";"BATANG TUBUH";"PASAL 158"
"60";"Rp. 100.000,00 (seratus ribu rupiah) dan Penduduk Orang Asing";"196,85";"541,074";"269,134";"281,134";"612,2";"Helvetica";"12,0";"368,962";"306,1";"0,10268213002286829";"0,3215452466514211";"0,5622737667428943";"False";"BATANG TUBUH";"PASAL 158"
"60";"paling banyak Rp. 2.000.000,00 (dua juta rupiah).";"196,85";"460,07599999999996";"287,534";"299,534";"612,2";"Helvetica";"12,0";"328,46299999999997";"306,1";"0,03652891212022205";"0,3215452466514211";"0,42996733093760203";"False";"BATANG TUBUH";"PASAL 158"
"60";"Pasal 159";"278,7";"333,372";"326,35400000000004";"338,35400000000004";"612,2";"Helvetica-Bold";"12,0";"306,036";"306,1";"0,00010454099967334428";"0,45524338451486435";"0,08930414897092456";"False";"BATANG TUBUH";"PASAL 159"
"60";"(1) Setiap Penduduk dikenai sanksi administratif berupa denda";"169,85";"541,206";"365,754";"377,754";"612,2";"Helvetica";"12,0";"355,528";"306,1";"0,08073832081019273";"0,27744201241424366";"0,606592616791898";"False";"BATANG TUBUH";"PASAL 159"
"60";"apabila melampaui batas waktu pelaporan Peristiwa Penting";"196,85";"540,96";"384,154";"396,154";"612,2";"Helvetica";"12,0";"368,90500000000003";"306,1";"0,10258902319503431";"0,3215452466514211";"0,5620875530872264";"False";"BATANG TUBUH";"PASAL 159"
"60";"dalam hal:";"196,85";"251,966";"402,754";"414,75399999999996";"612,2";"Helvetica";"11,999999999999943";"224,40800000000002";"306,1";"0,13344005227049985";"0,3215452466514211";"0,09002940215615814";"False";"BATANG TUBUH";"PASAL 159"
"60";"a. kelahiran sebagaimana dimaksud dalam Pasal 53 ayat (1)";"196,85";"541,102";"422,18399999999997";"434,18399999999997";"612,2";"Helvetica";"12,0";"368,976";"306,1";"0,10270499836654684";"0,3215452466514211";"0,5623195034302514";"False";"BATANG TUBUH";"PASAL 159"
"60";"atau Pasal 56 ayat (4) atau Pasal 57 ayat (1) atau Pasal 58";"214,88";"541,2520000000001";"440,78399999999993";"452,78399999999993";"612,2";"Helvetica";"12,0";"378,06600000000003";"306,1";"0,11755308722639661";"0,3509964064031362";"0,5331133616465208";"False";"BATANG TUBUH";"PASAL 159"
"60";"ayat (1);";"214,88";"258,776";"459,18399999999997";"471,18399999999997";"612,2";"Helvetica";"12,0";"236,828";"306,1";"0,11315256452139826";"0,3509964064031362";"0,07170205815093109";"False";"BATANG TUBUH";"PASAL 159"
"60";"b. perkawinan sebagaimana dimaksud dalam Pasal 62 ayat (4);";"196,85";"539,638";"478,78399999999993";"490,78399999999993";"612,2";"Helvetica";"12,0";"368,244";"306,1";"0,1015093106827834";"0,3215452466514211";"0,5599281280627246";"False";"BATANG TUBUH";"PASAL 159"
"60";"c. pembatalan perkawinan sebagaimana dimaksud dalam";"196,85";"541,1120000000001";"498,18399999999997";"510,18399999999997";"612,2";"Helvetica";"12,0";"368,98100000000005";"306,1";"0,1027131656321464";"0,3215452466514211";"0,5623358379614506";"False";"BATANG TUBUH";"PASAL 159"
"60";"Pasal 63 ayat (1);";"214,88";"308,764";"516,7839999999999";"528,7839999999999";"612,2";"Helvetica";"12,0";"261,822";"306,1";"0,07232603724273116";"0,3509964064031362";"0,1533551127082653";"False";"BATANG TUBUH";"PASAL 159"
"60";"d. perceraian sebagaimana dimaksud dalam Pasal 64 ayat (1)";"196,85";"541,0899999999999";"536,384";"548,384";"612,2";"Helvetica";"12,0";"368,96999999999997";"306,1";"0,10269519764782742";"0,3215452466514211";"0,5622999019928125";"False";"BATANG TUBUH";"PASAL 159"
"60";"atau Pasal 65 ayat (4);";"214,88";"335,384";"554,804";"566,804";"612,2";"Helvetica";"12,0";"275,132";"306,1";"0,0505847762169226";"0,3509964064031362";"0,19683763475988242";"False";"BATANG TUBUH";"PASAL 159"
"60";"e. pembatalan perceraian sebagaimana dimaksud dalam Pasal";"196,85";"541,2099999999999";"574,404";"586,404";"612,2";"Helvetica";"12,0";"369,03";"306,1";"0,10279320483502115";"0,3215452466514211";"0,5624959163672001";"False";"BATANG TUBUH";"PASAL 159"
"60";"66 ayat (1);";"214,88";"275,364";"592,804";"604,804";"612,2";"Helvetica";"12,0";"245,12199999999999";"306,1";"0,09960470434498535";"0,3509964064031362";"0,0987977785037569";"False";"BATANG TUBUH";"PASAL 159"
"60";"f. kematian sebagaimana dimaksud dalam Pasal 68 ayat (1);";"196,85";"527,034";"612,404";"624,404";"612,2";"Helvetica";"12,0";"361,942";"306,1";"0,09121528912120219";"0,3215452466514211";"0,5393400849395621";"False";"BATANG TUBUH";"PASAL 159"
"60";"g. pengakuan anak sebagaimana dimaksud dalam Pasal 71";"196,85";"541,252";"631,804";"643,804";"612,2";"Helvetica";"12,0";"369,051";"306,1";"0,10282750735053897";"0,3215452466514211";"0,5625645213982358";"False";"BATANG TUBUH";"PASAL 159"
"60";"ayat (1);";"214,88";"258,776";"650,404";"662,404";"612,2";"Helvetica";"12,0";"236,828";"306,1";"0,11315256452139826";"0,3509964064031362";"0,07170205815093109";"False";"BATANG TUBUH";"PASAL 159"
"60";"h. pengesahan anak sebagaimana dimaksud dalam Pasal 72";"196,85";"541,2520000000001";"670,034";"682,034";"612,2";"Helvetica";"12,0";"369,05100000000004";"306,1";"0,10282750735053907";"0,3215452466514211";"0,5625645213982359";"False";"BATANG TUBUH";"PASAL 159"
"60";"ayat (1);";"214,88";"258,776";"688,434";"700,434";"612,2";"Helvetica";"12,0";"236,828";"306,1";"0,11315256452139826";"0,3509964064031362";"0,07170205815093109";"False";"BATANG TUBUH";"PASAL 159"
"60";"i. perubahan nama sebagaimana dimaksud dalam Pasal 73";"196,85";"541,2520000000001";"708,034";"720,034";"612,2";"Helvetica";"12,0";"369,05100000000004";"306,1";"0,10282750735053907";"0,3215452466514211";"0,5625645213982359";"False";"BATANG TUBUH";"PASAL 159"
"60";"ayat (2);";"214,88";"258,776";"726,434";"738,434";"612,2";"Helvetica";"12,0";"236,828";"306,1";"0,11315256452139826";"0,3509964064031362";"0,07170205815093109";"False";"BATANG TUBUH";"PASAL 159"
"60";"j. perubahan status kewarganegaraan; atau";"196,85";"436,784";"746,034";"758,034";"612,2";"Helvetica";"12,0";"316,817";"306,1";"0,01750571708591961";"0,3215452466514211";"0,39192094086899704";"False";"BATANG TUBUH";"PASAL 159"
"60";"k. Peristiwa Penting lainnya sebagaimana dimaksud dalam";"196,85";"541,188";"765,434";"777,434";"612,2";"Helvetica";"12,0";"369,019";"306,1";"0,10277523685070235";"0,3215452466514211";"0,5624599803985625";"False";"BATANG TUBUH";"PASAL 159"
"60";"Pasal 76 ayat (2).";"214,88";"308,764";"784,034";"796,034";"612,2";"Helvetica";"11,999999999999986";"261,822";"306,1";"0,07232603724273116";"0,3509964064031362";"0,1533551127082653";"False";"BATANG TUBUH";"PASAL 159"
"60";"(2) Denda administratif sebagaimana dimaksud pada ayat (1)";"169,85";"540,8080000000001";"803,654";"815,654";"612,2";"Helvetica";"12,0";"355,32900000000006";"306,1";"0,08041326363933361";"0,27744201241424366";"0,6059425024501798";"False";"BATANG TUBUH";"PASAL 159"
"60";"setinggi-tingginya Rp. 100.000,00 (seratus ribu rupiah).";"196,85";"489,666";"822,059";"834,059";"612,2";"Helvetica";"12,0";"343,258";"306,1";"0,06069585102907539";"0,3215452466514211";"0,47830120875530874";"False";"BATANG TUBUH";"PASAL 159"
"61";"61";"300,1";"312,1";"44,19200000000001";"56,19200000000001";"612,2";"Times New Roman,Bold";"12,0";"306,1";"306,1";"0,0";"0,49019928128062723";"0,019601437438745508";"False";"HALAMAN";""
"61";"Pasal 160";"278,7";"333,372";"80,904";"92,904";"612,2";"Helvetica-Bold";"12,0";"306,036";"306,1";"0,00010454099967334428";"0,45524338451486435";"0,08930414897092456";"False";"BATANG TUBUH";"PASAL 160"
"61";"(1) Setiap Penduduk sebagaimana dimaksud dalam Pasal 84 ayat";"169,85";"541,104";"121,50400000000002";"133,50400000000002";"612,2";"Helvetica";"12,0";"355,47700000000003";"306,1";"0,0806550147010781";"0,27744201241424366";"0,6064260045736687";"False";"BATANG TUBUH";"PASAL 160"
"61";"(5) yang berpergian tidak membawa KTP dikenakan denda";"196,85";"541,048";"140,70400000000006";"152,70400000000006";"612,2";"Helvetica";"12,0";"368,949";"306,1";"0,10266089513230968";"0,3215452466514211";"0,5622312969617771";"False";"BATANG TUBUH";"PASAL 160"
"61";"administratif paling banyak Rp. 50.000,00 (lima puluh ribu";"196,85";"541,15";"159,904";"171,904";"612,2";"Helvetica";"12,0";"369,0";"306,1";"0,10274420124142433";"0,3215452466514211";"0,5623979091800064";"False";"BATANG TUBUH";"PASAL 160"
"61";"rupiah).";"196,85";"237,37400000000002";"179,13400000000001";"191,13400000000001";"612,2";"Helvetica";"12,0";"217,11200000000002";"306,1";"0,1453577262332571";"0,3215452466514211";"0,06619405423064362";"False";"BATANG TUBUH";"PASAL 160"
"61";"(2) Setiap Orang Asing yang memiliki Izin Tinggal Terbatas";"169,85";"541,0460000000002";"199,33400000000006";"211,33400000000006";"612,2";"Helvetica";"12,0";"355,4480000000001";"306,1";"0,08060764456060122";"0,27744201241424366";"0,606331264292715";"False";"BATANG TUBUH";"PASAL 160"
"61";"sebagaimana dimaksud dalam Pasal 36 ayat (4) yang";"196,85";"541,166";"218,534";"230,534";"612,2";"Helvetica";"12,0";"369,00800000000004";"306,1";"0,10275726886638355";"0,3215452466514211";"0,5624240444299249";"False";"BATANG TUBUH";"PASAL 160"
"61";"berpergian tidak membawa Surat Keterangan Tempat Tinggal";"196,85";"541,194";"237,73400000000004";"249,73400000000004";"612,2";"Helvetica";"12,0";"369,022";"306,1";"0,10278013721006202";"0,3215452466514211";"0,5624697811172817";"False";"BATANG TUBUH";"PASAL 160"
"61";"dikenai denda administratif setinggi-tingginya Rp. 100.000,00";"196,85";"541,2280000000001";"256,93399999999997";"268,93399999999997";"612,2";"Helvetica";"12,0";"369,03900000000004";"306,1";"0,10280790591310032";"0,3215452466514211";"0,5625253185233584";"False";"BATANG TUBUH";"PASAL 160"
"61";"(seratus ribu rupiah).";"196,85";"307,298";"276,134";"288,134";"612,2";"Helvetica";"12,0";"252,074";"306,1";"0,08824893825547207";"0,3215452466514211";"0,18041163018621365";"False";"BATANG TUBUH";"PASAL 160"
"61";"BAB XXXIII";"274,27";"337,612";"316,35400000000004";"328,35400000000004";"612,2";"Helvetica-Bold";"12,0";"305,94100000000003";"306,1";"0,0002597190460633646";"0,44800718719372745";"0,10346618752041822";"True";"BATANG TUBUH";"BAB XXXIII"
"61";"KETENTUAN PERALIHAN";"232,27";"379,234";"336,554";"348,554";"612,2";"Helvetica-Bold";"12,0";"305,752";"306,1";"0,0005684416857236412";"0,37940215615811823";"0,24005880431231616";"True";"BATANG TUBUH";"BAB XXXIII"
"61";"Pasal 161";"278,7";"333,372";"376,95400000000006";"388,95400000000006";"612,2";"Helvetica-Bold";"12,0";"306,036";"306,1";"0,00010454099967334428";"0,45524338451486435";"0,08930414897092456";"False";"BATANG TUBUH";"PASAL 161"
"61";"(1) Semua Dokumen Kependudukan yang telah diterbitkan atau";"169,85";"540,9140000000001";"417,554";"429,554";"612,2";"Helvetica";"12,0";"355,38200000000006";"306,1";"0,08049983665468807";"0,27744201241424366";"0,6061156484808887";"False";"BATANG TUBUH";"PASAL 161"
"61";"yang telah ada pada saat Peraturan Daerah ini diundangkan";"196,85";"541,1859999999999";"436,78399999999993";"448,78399999999993";"612,2";"Helvetica";"12,0";"369,018";"306,1";"0,1027736033975824";"0,3215452466514211";"0,5624567134923225";"False";"BATANG TUBUH";"PASAL 161"
"61";"dinyatakan tetap berlaku menurut Peraturan Daerah ini.";"196,85";"492,286";"455,984";"467,984";"612,2";"Helvetica";"12,0";"344,568";"306,1";"0,06283567461613845";"0,3215452466514211";"0,48258085592943484";"False";"BATANG TUBUH";"PASAL 161"
"61";"(2) Ketentuan sebagaimana dimaksud pada ayat (1) dikecualikan";"169,85";"540,878";"476,18399999999997";"488,18399999999997";"612,2";"Helvetica";"12,0";"355,36400000000003";"306,1";"0,0804704344985299";"0,27744201241424366";"0,6060568441685723";"False";"BATANG TUBUH";"PASAL 161"
"61";"untuk KK dan KTP sampai dengan batas waktu berlakunya atau";"196,85";"540,9020000000003";"495,38399999999996";"507,38399999999996";"612,2";"Helvetica";"12,0";"368,87600000000015";"306,1";"0,10254165305455754";"0,3215452466514211";"0,5619928128062728";"False";"BATANG TUBUH";"PASAL 161"
"61";"diterbitkannya KK dan KTP yang sesuai dengan ketentuan";"196,85";"540,9020000000003";"514,584";"526,584";"612,2";"Helvetica";"12,0";"368,87600000000015";"306,1";"0,10254165305455754";"0,3215452466514211";"0,5619928128062728";"False";"BATANG TUBUH";"PASAL 161"
"61";"dalam Peraturan Daerah ini.";"196,85";"346,836";"533,7839999999999";"545,7839999999999";"612,2";"Helvetica";"12,0";"271,843";"306,1";"0,055957203528258746";"0,3215452466514211";"0,2449950996406403";"False";"BATANG TUBUH";"PASAL 161"
"61";"(3) Pelayanan administrasi yang berkaitan dengan Pencatatan Sipil";"169,85";"541,142";"554,0039999999999";"566,0039999999999";"612,2";"Helvetica";"12,0";"355,49600000000004";"306,1";"0,08068605031035611";"0,27744201241424366";"0,6064880757922247";"False";"BATANG TUBUH";"PASAL 161"
"61";"di Kecamatan masih tetap dilaksanakan oleh Dinas sampai";"196,85";"541,194";"573,204";"585,204";"612,2";"Helvetica";"12,0";"369,022";"306,1";"0,10278013721006202";"0,3215452466514211";"0,5624697811172817";"False";"BATANG TUBUH";"PASAL 161"
"61";"dengan dibentuknya UPTD.";"196,85";"344,236";"592,404";"604,404";"612,2";"Helvetica";"12,0";"270,543";"306,1";"0,05808069258412286";"0,3215452466514211";"0,2407481215289121";"False";"BATANG TUBUH";"PASAL 161"
"61";"(4) Perkawinan penghayat kepercayaan yang dilakukan sebelum";"169,85";"541,0220000000002";"612,604";"624,604";"612,2";"Helvetica";"12,0";"355,4360000000001";"306,1";"0,08058804312316248";"0,27744201241424366";"0,6062920614178375";"False";"BATANG TUBUH";"PASAL 161"
"61";"Peraturan Daerah ini berlaku wajib dicatatkan paling lama 1";"196,85";"541,2520000000001";"631,804";"643,804";"612,2";"Helvetica";"12,0";"369,05100000000004";"306,1";"0,10282750735053907";"0,3215452466514211";"0,5625645213982359";"False";"BATANG TUBUH";"PASAL 161"
"61";"(satu) tahun setelah memenuhi persyaratan sebagaimana";"196,85";"540,9040000000001";"651,0039999999999";"663,0039999999999";"612,2";"Helvetica";"12,0";"368,87700000000007";"306,1";"0,10254328650767729";"0,3215452466514211";"0,5619960797125123";"False";"BATANG TUBUH";"PASAL 161"
"61";"dimaksud dalam Pasal 121 huruf a, huruf b, huruf c, dan/atau";"196,85";"540,916";"670,434";"682,434";"612,2";"Helvetica";"12,0";"368,88300000000004";"306,1";"0,10255308722639662";"0,3215452466514211";"0,562015681149951";"False";"BATANG TUBUH";"PASAL 161"
"61";"huruf e.";"196,85";"237,35000000000002";"689,634";"701,634";"612,2";"Helvetica";"12,0";"217,10000000000002";"306,1";"0,14537732767069583";"0,3215452466514211";"0,06615485135576613";"False";"BATANG TUBUH";"PASAL 161"
"61";"(5) Bagi penduduk Warga Negara Indonesia di Daerah yang";"169,85";"540,9740000000002";"709,834";"721,834";"612,2";"Helvetica";"12,0";"355,4120000000001";"306,1";"0,08054884024828499";"0,27744201241424366";"0,6062136556680825";"False";"BATANG TUBUH";"PASAL 161"
"61";"dilahirkan sebelum berlakunya Peraturan Daerah ini dan";"196,85";"540,8900000000002";"729,034";"741,034";"612,2";"Helvetica";"12,0";"368,8700000000001";"306,1";"0,10253185233583811";"0,3215452466514211";"0,5619732113688339";"False";"BATANG TUBUH";"PASAL 161"
"61";"pelaporan kelahirannya melampaui batas waktu 1 (satu) tahun";"196,85";"541,038";"748,2339999999999";"760,2339999999999";"612,2";"Helvetica";"12,0";"368,944";"306,1";"0,1026527278667102";"0,3215452466514211";"0,5622149624305782";"False";"BATANG TUBUH";"PASAL 161"
"61";"sejak kelahirannya, tidak diwajibkan melaksanakan pencatatan";"196,85";"541,174";"767,434";"779,434";"612,2";"Helvetica";"12,0";"369,012";"306,1";"0,10276380267886308";"0,3215452466514211";"0,5624371120548839";"False";"BATANG TUBUH";"PASAL 161"
"61";"kelahirannya berdasarkan Penetapan Pengadilan Negeri";"196,85";"540,9260000000002";"786,634";"798,634";"612,2";"Helvetica";"11,999999999999986";"368,8880000000001";"306,1";"0,10256125449199618";"0,3215452466514211";"0,5620320156811501";"False";"BATANG TUBUH";"PASAL 161"
"61";"sebagaimana dimaksud pada Pasal 57 ayat (2).";"196,85";"451,026";"805,8539999999999";"817,8539999999999";"612,2";"Helvetica";"12,0";"323,938";"306,1";"0,029137536752695137";"0,3215452466514211";"0,41518458020254817";"False";"BATANG TUBUH";"PASAL 161"
"62";"62";"300,1";"312,1";"44,19200000000001";"56,19200000000001";"612,2";"Times New Roman,Bold";"12,0";"306,1";"306,1";"0,0";"0,49019928128062723";"0,019601437438745508";"False";"HALAMAN";""
"62";"Pasal 162";"278,7";"333,372";"80,904";"92,904";"612,2";"Helvetica-Bold";"12,0";"306,036";"306,1";"0,00010454099967334428";"0,45524338451486435";"0,08930414897092456";"False";"BATANG TUBUH";"PASAL 162"
"62";"Pada saat Peraturan Daerah ini berlaku:";"169,85";"384,004";"120,30399999999997";"132,30399999999997";"612,2";"Helvetica";"12,0";"276,927";"306,1";"0,04765272786671022";"0,27744201241424366";"0,34981051943809216";"False";"BATANG TUBUH";"PASAL 162"
"62";"a. Pemerintah Daerah memberikan NIK kepada setiap Penduduk";"169,85";"540,944";"139,904";"151,904";"612,2";"Helvetica";"12,0";"355,397";"306,1";"0,08052433845148639";"0,27744201241424366";"0,6061646520744853";"False";"BATANG TUBUH";"PASAL 162"
"62";"paling lambat 5 (lima) tahun;";"187,85";"338,992";"158,70400000000006";"170,70400000000006";"612,2";"Helvetica";"12,0";"263,421";"306,1";"0,06971414570401833";"0,30684416857236196";"0,24688337144723949";"False";"BATANG TUBUH";"PASAL 162"
"62";"b. Dinas wajib menjadikan NIK sebagai dasar dalam menerbitkan";"169,85";"540,9820000000001";"178,33400000000006";"190,33400000000006";"612,2";"Helvetica";"12,0";"355,41600000000005";"306,1";"0,0805553740607645";"0,27744201241424366";"0,6062267232930415";"False";"BATANG TUBUH";"PASAL 162"
"62";"dokumen sebagaimana dimaksud dalam Pasal 25 ayat (3) paling";"187,85";"541,1659999999999";"196,93399999999997";"208,93399999999997";"612,2";"Helvetica";"12,0";"364,508";"306,1";"0,0954067298268539";"0,30684416857236196";"0,5771251225089838";"False";"BATANG TUBUH";"PASAL 162"
"62";"lambat 5 (lima) tahun;";"187,85";"303,686";"215,534";"227,534";"612,2";"Helvetica";"12,0";"245,76799999999997";"306,1";"0,09854949362953291";"0,30684416857236196";"0,18921267559621036";"False";"BATANG TUBUH";"PASAL 162"
"62";"c. KTP seumur hidup yang sudah mempunyai NIK tetap berlaku dan";"169,85";"541,108";"235,13400000000001";"247,13400000000001";"612,2";"Helvetica";"12,0";"355,479";"306,1";"0,0806582816073178";"0,27744201241424366";"0,6064325383861482";"False";"BATANG TUBUH";"PASAL 162"
"62";"yang belum mempunyai NIK harus disesuaikan dengan Peraturan";"187,85";"541,1740000000001";"253,73400000000004";"265,73400000000004";"612,2";"Helvetica";"12,0";"364,51200000000006";"306,1";"0,0954132636393336";"0,30684416857236196";"0,5771381901339432";"False";"BATANG TUBUH";"PASAL 162"
"62";"Daerah ini;";"187,85";"245,624";"272,33400000000006";"284,33400000000006";"612,2";"Helvetica";"12,0";"216,737";"306,1";"0,14597027115321795";"0,30684416857236196";"0,09437112054884024";"False";"BATANG TUBUH";"PASAL 162"
"62";"d. KTP yang diterbitkan belum mengacu pada ketentuan Pasal 85";"169,85";"541,2520000000001";"292,134";"304,134";"612,2";"Helvetica";"12,0";"355,55100000000004";"306,1";"0,08077589023195038";"0,27744201241424366";"0,6066677556354133";"False";"BATANG TUBUH";"PASAL 162"
"62";"ayat (3) tetap berlaku sampai dengan batas waktu berakhirnya";"187,85";"540,8780000000002";"310,754";"322,754";"612,2";"Helvetica";"12,0";"364,3640000000001";"306,1";"0,09517151257758913";"0,30684416857236196";"0,5766546880104543";"False";"BATANG TUBUH";"PASAL 162"
"62";"masa berlaku KTP;";"187,85";"289,922";"329,35400000000004";"341,35400000000004";"612,2";"Helvetica";"12,0";"238,88600000000002";"306,1";"0,10979091800065337";"0,30684416857236196";"0,16672982685396934";"False";"BATANG TUBUH";"PASAL 162"
"62";"e. Keterangan mengenai alamat, nama dan nomor induk pegawai";"169,85";"541,02";"348,95400000000006";"360,95400000000006";"612,2";"Helvetica";"12,0";"355,435";"306,1";"0,08058640967004244";"0,27744201241424366";"0,6062887945115975";"False";"BATANG TUBUH";"PASAL 162"
"62";"pejabat dan penandatanganan oleh pejabat pada KTP";"187,85";"541,0220000000002";"367,554";"379,554";"612,2";"Helvetica";"12,0";"364,4360000000001";"306,1";"0,0952891212022216";"0,30684416857236196";"0,5768899052597193";"False";"BATANG TUBUH";"PASAL 162"
"62";"sebagaimana dimaksud dalam Pasal 85 ayat (1) dihapus setelah";"187,85";"541,076";"386,154";"398,154";"612,2";"Helvetica";"12,0";"364,463";"306,1";"0,09533322443645867";"0,30684416857236196";"0,5769781117281934";"False";"BATANG TUBUH";"PASAL 162"
"62";"database kependudukan nasional terwujud.";"187,85";"419,1239999999999";"404,554";"416,554";"612,2";"Helvetica-Oblique";"12,0";"303,48699999999997";"306,1";"0,004268213002286927";"0,30684416857236196";"0,37777523685070225";"False";"BATANG TUBUH";"PASAL 162"
"62";"BAB XXXIV";"273,67";"338,296";"443,984";"455,984";"612,2";"Helvetica-Bold";"12,0";"305,983";"306,1";"0,00019111401502779914";"0,44702711532179024";"0,10556354132636389";"True";"BATANG TUBUH";"BAB XXXIV"
"62";"KETENTUAN PENUTUP";"238,68";"373,03200000000004";"463,58399999999995";"475,58399999999995";"612,2";"Helvetica-Bold";"12,0";"305,856";"306,1";"0,000398562561254538";"0,38987259065664814";"0,21945769356419476";"True";"BATANG TUBUH";"BAB XXXIV"
"62";"Pasal 163";"278,7";"333,372";"502,78399999999993";"514,7839999999999";"612,2";"Helvetica-Bold";"12,0";"306,036";"306,1";"0,00010454099967334428";"0,45524338451486435";"0,08930414897092456";"False";"BATANG TUBUH";"PASAL 163"
"62";"(1) Pada saat mulai berlakunya Peraturan Daerah ini, semua";"169,85";"541,182";"542,184";"554,184";"612,2";"Helvetica";"12,0";"355,516";"306,1";"0,08071871937275399";"0,27744201241424366";"0,6065534139170206";"False";"BATANG TUBUH";"PASAL 163"
"62";"Peraturan Pelaksanaan yang berkaitan dengan Administrasi";"196,85";"540,8900000000001";"561,0039999999999";"573,0039999999999";"612,2";"Helvetica";"12,0";"368,87000000000006";"306,1";"0,10253185233583802";"0,3215452466514211";"0,5619732113688338";"False";"BATANG TUBUH";"PASAL 163"
"62";"Kependudukan dinyatakan tetap berlaku sepanjang tidak";"196,85";"540,8060000000003";"579,604";"591,604";"612,2";"Helvetica";"12,0";"368,82800000000015";"306,1";"0,10246324730480254";"0,3215452466514211";"0,5618360013067628";"False";"BATANG TUBUH";"PASAL 163"
"62";"bertentangan dan belum diganti sesuai dengan ketentuan";"196,85";"540,8660000000002";"598,204";"610,204";"612,2";"Helvetica";"12,0";"368,8580000000001";"306,1";"0,10251225089839937";"0,3215452466514211";"0,5619340084939565";"False";"BATANG TUBUH";"PASAL 163"
"62";"Peraturan Daerah ini.";"196,85";"310,836";"616,804";"628,804";"612,2";"Helvetica";"12,0";"253,84300000000002";"306,1";"0,085359359686377";"0,3215452466514211";"0,1861907873244038";"False";"BATANG TUBUH";"PASAL 163"
"62";"(2) Hal-hal yang belum dan/atau belum cukup jelas diatur dalam";"169,85";"541,334";"636,404";"648,404";"612,2";"Helvetica";"12,0";"355,592";"306,1";"0,08084286180986598";"0,27744201241424366";"0,6068016987912446";"False";"BATANG TUBUH";"PASAL 163"
"62";"Peraturan Daerah ini sepanjang mengenai pelaksanaannya";"196,85";"541,244";"655,0039999999999";"667,004";"612,2";"Helvetica";"12,000000000000028";"369,047";"306,1";"0,10282097353805945";"0,3215452466514211";"0,5625514537732766";"False";"BATANG TUBUH";"PASAL 163"
"62";"ditetapkan oleh Bupati, selambat-lambatnya 1 (satu) tahun sejak";"196,85";"540,958";"673,634";"685,634";"612,2";"Helvetica";"12,0";"368,904";"306,1";"0,10258738974191435";"0,3215452466514211";"0,5620842861809865";"False";"BATANG TUBUH";"PASAL 163"
"62";"diundangkannya Peraturan Daerah ini.";"196,85";"402,466";"692,434";"704,434";"612,2";"Helvetica";"12,0";"299,658";"306,1";"0,010522704998366559";"0,3215452466514211";"0,3358640967004247";"False";"BATANG TUBUH";"PASAL 163"
"62";"Pasal 164";"278,7";"333,36400000000003";"731,434";"743,434";"612,2";"Helvetica-Bold";"12,0";"306,03200000000004";"306,1";"0,00011107481215286446";"0,45524338451486435";"0,08929108134596543";"False";"BATANG TUBUH";"PASAL 164"
"62";"Dengan berlakunya Peraturan Daerah ini, maka Peraturan Daerah";"169,85";"540,9140000000001";"770,834";"782,834";"612,2";"Helvetica";"12,0";"355,38200000000006";"306,1";"0,08049983665468807";"0,27744201241424366";"0,6061156484808887";"False";"BATANG TUBUH";"PASAL 164"
"62";"Kabupaten Malang Nomor 9 Tahun 2003 tentang Penyelenggaraan";"169,85";"541,252";"789,454";"801,454";"612,2";"Helvetica";"11,999999999999986";"355,551";"306,1";"0,08077589023195028";"0,27744201241424366";"0,6066677556354131";"False";"BATANG TUBUH";"PASAL 164"
"62";"Pendaftaran Penduduk dinyatakan dicabut dan tidak berlaku lagi.";"169,85";"515,886";"808,054";"820,054";"612,2";"Helvetica";"12,0";"342,868";"306,1";"0,06005880431231619";"0,27744201241424366";"0,565233583796145";"False";"BATANG TUBUH";"PASAL 164"
"63";"63";"300,1";"312,1";"44,19200000000001";"56,19200000000001";"612,2";"Times New Roman,Bold";"12,0";"306,1";"306,1";"0,0";"0,49019928128062723";"0,019601437438745508";"False";"HALAMAN";""
"63";"Pasal 165";"278,7";"333,36400000000003";"80,904";"92,904";"612,2";"Helvetica-Bold";"12,0";"306,03200000000004";"306,1";"0,00011107481215286446";"0,45524338451486435";"0,08929108134596543";"False";"BATANG TUBUH";"PASAL 165"
"63";"Peraturan Daerah ini mulai berlaku sejak tanggal diundangkan.";"170,05";"504,5380000000002";"117,50400000000002";"129,50400000000002";"612,2";"Helvetica";"12,0";"337,2940000000001";"306,1";"0,050953936622019066";"0,2777687030382228";"0,5463704671675925";"False";"BATANG TUBUH";"PASAL 165"
"63";"Agar setiap orang dapat mengetahuinya, memerintahkan";"170,05";"540,8980000000001";"141,10400000000004";"153,10400000000004";"612,2";"Helvetica";"12,0";"355,47400000000005";"306,1";"0,08065011434171843";"0,2777687030382228";"0,6057628226069913";"False";"BATANG TUBUH";"PASAL 165"
"63";"pengundangan Peraturan Daerah ini dengan penempatannya dalam";"170,05";"541,022";"158,50400000000002";"170,50400000000002";"612,2";"Helvetica";"12,0";"355,53600000000006";"306,1";"0,08075138843515196";"0,2777687030382228";"0,6059653707938583";"False";"BATANG TUBUH";"PASAL 165"
"63";"Lembaran Daerah Kabupaten Malang.";"170,05";"373,858";"175,73400000000004";"187,73400000000004";"612,2";"Helvetica";"12,0";"271,954";"306,1";"0,05577589023195036";"0,2777687030382228";"0,3329108134596537";"False";"BATANG TUBUH";"PASAL 165"
"63";"Ditetapkan di Malang";"331,9";"444,594";"248,73400000000004";"260,73400000000004";"612,2";"Helvetica";"12,0";"388,24699999999996";"306,1";"0,13418327344005215";"0,5421430904933028";"0,18408036589349888";"False";"BATANG TUBUH";"PASAL 165"
"63";"pada tanggal 27 Februari 2009";"331,9";"499,22200000000004";"266,93399999999997";"278,93399999999997";"612,2";"Helvetica";"12,0";"415,56100000000004";"306,1";"0,17879941195687685";"0,5421430904933028";"0,2733126429271481";"False";"BATANG TUBUH";"PASAL 165"
"63";"BUPATI MALANG,";"384,52";"488,286";"303,154";"315,154";"612,2";"Helvetica-Bold";"12,0";"436,403";"306,1";"0,21284384188173797";"0,6280953936622018";"0,16949689643907223";"True";"BATANG TUBUH";"PASAL 165"
"63";"ttd.";"427,33";"446,05";"339,754";"351,754";"612,2";"Helvetica-Bold";"12,0";"436,69";"306,1";"0,21331264292714794";"0,6980235217249264";"0,030578242404443033";"False";"BATANG TUBUH";"PASAL 165"
"63";"SUJUD PRIBADI";"389,92";"483,016";"376,154";"388,154";"612,2";"Helvetica-Bold";"12,0";"436,468";"306,1";"0,21295001633453117";"0,6369160405096373";"0,15206795164978765";"True";"BATANG TUBUH";"PASAL 165"
"63";"Diundangkan di Malang";"70,825";"196,70199999999997";"431,18399999999997";"443,18399999999997";"612,2";"Helvetica";"12,0";"133,7635";"306,1";"0,2815035935968638";"0,11568931721659588";"0,20561417837308063";"False";"BATANG TUBUH";"PASAL 165"
"63";"pada tanggal 27 Februari 2009";"70,825";"234,89";"448,38399999999996";"460,38399999999996";"612,2";"Helvetica";"12,0";"152,8575";"306,1";"0,25031443972557993";"0,11568931721659588";"0,26799248611564847";"False";"BATANG TUBUH";"PASAL 165"
"63";"Plt. SEKRETARIS DAERAH";"70,825";"220,669";"484,984";"496,984";"612,2";"Helvetica";"12,0";"145,747";"306,1";"0,2619291081345965";"0,11568931721659588";"0,24476314929761514";"False";"BATANG TUBUH";"PASAL 165"
"63";"Ttd.";"142,05";"162,786";"521,384";"533,384";"612,2";"Helvetica";"12,0";"152,418";"306,1";"0,25103234237177396";"0,23203201568114995";"0,03387128389415222";"False";"BATANG TUBUH";"PASAL 165"
"63";"ABDUL MALIK";"70,825";"150,013";"557,804";"569,804";"612,2";"Helvetica";"12,0";"110,41900000000001";"306,1";"0,3196357399542633";"0,11568931721659588";"0,1293498856582816";"True";"BATANG TUBUH";"PASAL 165"
"63";"NIP. 510 081 899";"70,825";"164,04099999999997";"571,604";"583,604";"612,2";"Helvetica";"12,0";"117,43299999999999";"306,1";"0,30817869977131657";"0,11568931721659588";"0,15226396602417505";"True";"BATANG TUBUH";"PASAL 165"
"63";"Lembaran Daerah Kabupaten Malang";"70,825";"271,369";"586,604";"598,604";"612,2";"Helvetica";"12,0";"171,097";"306,1";"0,22052107154524667";"0,11568931721659588";"0,327579222476315";"False";"BATANG TUBUH";"PASAL 165"
"63";"Tahun 2009 Nomor 2/C";"70,825";"195,99699999999996";"604,804";"616,804";"612,2";"Helvetica";"12,0";"133,41099999999997";"306,1";"0,282079385821627";"0,11568931721659588";"0,20446259392355431";"False";"BATANG TUBUH";"PASAL 165"