"page";"text";"x0";"x1";"top";"bottom";"page_width";"font_name";"font_size";"line_center";"page_center";"center_score";"left_ratio";"width_ratio";"is_all_caps";"sistematika";"unsur"
"1";"7";"305,71";"306,24375999999995";"65,36159999999995";"66,32159999999999";"612,0";"Arial-BoldMT";"0,9600000000000364";"305,97687999999994";"306,0";"3,777777777788014e-05";"0,49952614379084964";"0,000872156862745053";"False";"BODY_TEXT";""
"1";"BUPATI MALANG";"253,13";"358,849988552";"128,93600000000004";"140,93600000000004";"612,0";"BCDFEE+BookmanOldStyle-Bold";"12,0";"305,989994276";"306,0";"1,6349222222214956e-05";"0,4136111111111111";"0,17274507933333336";"True";"JUDUL";""
"1";"PROVINSI JAWA TIMUR";"231,53";"380,438";"154,976";"166,976";"612,0";"BCDFEE+BookmanOldStyle-Bold";"12,0";"305,984";"306,0";"2,6143790849705155e-05";"0,3783169934640523";"0,24331372549019606";"True";"JUDUL";""
"1";"PERATURAN DAERAH KABUPATEN MALANG";"166,94";"445,15000000000003";"181,01600000000008";"193,01600000000008";"612,0";"BCDFEE+BookmanOldStyle-Bold";"12,0";"306,045";"306,0";"7,352941176473188e-05";"0,2727777777777778";"0,45459150326797393";"True";"JUDUL";""
"1";"NOMOR 1 TAHUN 2025";"233,45";"378,67";"207,05600000000004";"219,05600000000004";"612,0";"BCDFEE+BookmanOldStyle-Bold";"12,0";"306,06";"306,0";"9,803921568627822e-05";"0,38145424836601305";"0,23728758169934644";"True";"JUDUL";""
"1";"TENTANG";"275,45";"336,65";"233,216";"245,216";"612,0";"BCDFEE+BookmanOldStyle-Bold";"12,0";"306,04999999999995";"306,0";"8,169934640515446e-05";"0,4500816993464052";"0,09999999999999998";"True";"JUDUL";""
"1";"PERUSAHAAN PERSEROAN DAERAH BANK PEREKONOMIAN RAKYAT";"88,104";"523,8240000000001";"259,3760000000001";"271,3760000000001";"612,0";"BCDFEE+BookmanOldStyle-Bold";"12,0";"305,96400000000006";"306,0";"5,8823529411674055e-05";"0,1439607843137255";"0,7119607843137257";"True";"JUDUL";""
"1";"ARTHA KANJURUHAN PEMERINTAH KABUPATEN MALANG";"121,22";"490,846";"284,336";"296,336";"612,0";"BCDFEE+BookmanOldStyle-Bold";"12,0";"306,033";"306,0";"5,392156862747624e-05";"0,1980718954248366";"0,6039640522875817";"True";"JUDUL";""
"1";"BUPATI MALANG,";"251,09";"360,889987598";"336,446";"348,446";"612,0";"BCDFEE+BookmanOldStyle-Bold";"12,0";"305,989993799";"306,0";"1,6350001634003514e-05";"0,4102777777777778";"0,17941174444117647";"True";"JUDUL";""
"1";"Menimbang : a. bahwa dalam rangka meningkatkan pertumbuhan ekonomi,";"70,944";"541,138";"386,63";"398,63";"612,0";"BCDGEE+BookmanOldStyle";"12,0";"306,041";"306,0";"6,699346405228239e-05";"0,11592156862745098";"0,7682908496732026";"False";"JUDUL";""
"1";"pelayanan kepada masyarakat khususnya penyediaan";"184,37";"541,07";"411,71000000000004";"423,71000000000004";"612,0";"BCDGEE+BookmanOldStyle";"12,0";"362,72";"306,0";"0,09267973856209155";"0,30125816993464055";"0,582843137254902";"False";"JUDUL";""
"1";"modal usaha bagi usaha mikro, kecil, dan menengah,";"184,37";"541,1560000000001";"436,78999999999996";"448,78999999999996";"612,0";"BCDGEE+BookmanOldStyle";"12,0";"362,76300000000003";"306,0";"0,09275000000000005";"0,30125816993464055";"0,582983660130719";"False";"JUDUL";""
"1";"dan pengembangan bisnis pada Perseroan Terbatas";"184,37";"541,0699999999999";"461,75";"473,75";"612,0";"BCDGEE+BookmanOldStyle";"12,0";"362,71999999999997";"306,0";"0,09267973856209145";"0,30125816993464055";"0,5828431372549019";"False";"JUDUL";""
"1";"Bank Perkreditan Rakyat Artha Kanjuruhan Pemerintah";"184,37";"541,1899999999999";"486,83";"498,83";"612,0";"BCDGEE+BookmanOldStyle";"12,0";"362,78";"306,0";"0,09277777777777774";"0,30125816993464055";"0,5830392156862744";"False";"JUDUL";""
"1";"Kabupaten Malang;";"184,37";"299,33";"511,78999999999996";"523,79";"612,0";"BCDGEE+BookmanOldStyle";"12,0";"241,85";"306,0";"0,10482026143790851";"0,30125816993464055";"0,18784313725490193";"False";"JUDUL";""
"1";"b. bahwa berdasarkan ketentuan dalam Pasal 314 huruf c";"170,18";"541,168";"537,97";"549,97";"612,0";"BCDGEE+BookmanOldStyle";"12,0";"355,674";"306,0";"0,08116666666666664";"0,2780718954248366";"0,6061895424836601";"False";"JUDUL";""
"1";"Undang-Undang Nomor 4 Tahun 2023 tentang";"184,37";"541,178";"563,05";"575,05";"612,0";"BCDGEE+BookmanOldStyle";"12,0";"362,774";"306,0";"0,09276797385620915";"0,30125816993464055";"0,5830196078431372";"False";"JUDUL";""
"1";"Pengembangan dan Penguatan Sektor Keuangan, maka";"184,37";"541,126";"588,13";"600,13";"612,0";"BCDGEE+BookmanOldStyle";"12,0";"362,748";"306,0";"0,09272549019607841";"0,30125816993464055";"0,5829346405228758";"False";"JUDUL";""
"1";"nomenklatur Bank Perkreditan Rakyat Artha Kanjuruhan";"184,37";"541,0699999999999";"613,21";"625,21";"612,0";"BCDGEE+BookmanOldStyle";"12,0";"362,71999999999997";"306,0";"0,09267973856209145";"0,30125816993464055";"0,5828431372549019";"False";"JUDUL";""
"1";"Pemerintah Kabupaten Malang perlu disesuaikan;";"184,37";"479,83";"638,1700000000001";"650,1700000000001";"612,0";"BCDGEE+BookmanOldStyle";"12,0";"332,1";"306,0";"0,04264705882352945";"0,30125816993464055";"0,48277777777777775";"False";"JUDUL";""
"1";"c. bahwa berdasarkan pertimbangan sebagaimana dimaksud";"170,18";"541,3000000000001";"664,3299999999999";"676,3299999999999";"612,0";"BCDGEE+BookmanOldStyle";"12,0";"355,74";"306,0";"0,08127450980392158";"0,2780718954248366";"0,60640522875817";"False";"JUDUL";""
"1";"dalam huruf a dan huruf b, perlu menetapkan Peraturan";"184,37";"541,234";"689,41";"701,41";"612,0";"BCDGEE+BookmanOldStyle";"12,0";"362,802";"306,0";"0,09281372549019612";"0,30125816993464055";"0,5831111111111111";"False";"JUDUL";""
"1";"Daerah tentang Perusahaan Perseroan Daerah Bank";"184,37";"541,168";"714,49";"726,49";"612,0";"BCDGEE+BookmanOldStyle";"12,0";"362,769";"306,0";"0,09275980392156864";"0,30125816993464055";"0,5830032679738563";"False";"JUDUL";""
"1";"Perekonomian Rakyat Artha Kanjuruhan Pemerintah";"184,37";"541,082";"739,48";"751,48";"612,0";"BCDGEE+BookmanOldStyle";"12,0";"362,726";"306,0";"0,09268954248366013";"0,30125816993464055";"0,5828627450980391";"False";"JUDUL";""
"1";"Kabupaten Malang;";"184,37";"299,329984736";"764,44";"776,44";"612,0";"BCDGEE+BookmanOldStyle";"12,0";"241,849992368";"306,0";"0,10482027390849676";"0,30125816993464055";"0,18784311231372544";"False";"JUDUL";""
"1";"Mengingat : 1. Pasal 18 ayat (6) Undang-Undang Dasar Negara";"70,944";"541,1680000000001";"816,76";"828,76";"612,0";"BCDGEE+BookmanOldStyle";"12,0";"306,05600000000004";"306,0";"9,15032679739216e-05";"0,11592156862745098";"0,7683398692810459";"False";"JUDUL";""
"1";"Republik Indonesia Tahun 1945;";"190,97";"384,07";"841,596";"853,596";"612,0";"BCDGEE+BookmanOldStyle";"12,0";"287,52";"306,0";"0,030196078431372578";"0,3120424836601307";"0,31552287581699345";"False";"JUDUL";""
"2";"2";"302,35";"309,79";"37,379999999999995";"49,379999999999995";"612,0";"BCDGEE+BookmanOldStyle";"12,0";"306,07000000000005";"306,0";"0,000114379084967402";"0,4940359477124183";"0,012156862745098036";"False";"JUDUL";""
"2";"2. Undang-Undang Nomor 12 Tahun 1950 tentang";"170,18";"541,19";"67,1400000000001";"79,1400000000001";"612,0";"BCDGEE+BookmanOldStyle";"12,0";"355,68500000000006";"306,0";"0,08118464052287591";"0,2780718954248366";"0,6062254901960785";"False";"JUDUL";""
"2";"Pembentukan Daerah-daerah Kabupaten di Lingkungan";"191,45";"541,1139999999999";"91,40000000000009";"103,40000000000009";"612,0";"BCDGEE+BookmanOldStyle";"12,0";"366,2819999999999";"306,0";"0,09849999999999988";"0,3128267973856209";"0,571346405228758";"False";"JUDUL";""
"2";"Propinsi Jawa Timur (Berita Negara Republik Indonesia";"191,45";"541,1540000000002";"115,6400000000001";"127,6400000000001";"612,0";"BCDGEE+BookmanOldStyle";"12,0";"366,30200000000013";"306,0";"0,0985326797385623";"0,3128267973856209";"0,5714117647058827";"False";"JUDUL";""
"2";"Tahun 1950 Nomor 41), sebagaimana telah diubah";"191,45";"541,166";"139,88";"151,88";"612,0";"BCDGEE+BookmanOldStyle";"12,0";"366,308";"306,0";"0,0985424836601307";"0,3128267973856209";"0,5714313725490198";"False";"JUDUL";""
"2";"dengan Undang-Undang Nomor 2 Tahun 1965 tentang";"191,45";"541,0600000000001";"164,12";"176,12";"612,0";"BCDGEE+BookmanOldStyle";"12,0";"366,255";"306,0";"0,09845588235294117";"0,3128267973856209";"0,5712581699346406";"False";"JUDUL";""
"2";"Perubahan Batas Wilayah Kotapraja Surabaya dan";"191,45";"541,0579999999999";"188,36";"200,36";"612,0";"BCDGEE+BookmanOldStyle";"12,0";"366,2539999999999";"306,0";"0,09845424836601292";"0,3128267973856209";"0,5712549019607841";"False";"JUDUL";""
"2";"Daerah Tingkat II Surabaya dengan mengubah";"191,45";"541,034";"212,60000000000002";"224,60000000000002";"612,0";"BCDGEE+BookmanOldStyle";"12,0";"366,24199999999996";"306,0";"0,09843464052287576";"0,3128267973856209";"0,5712156862745098";"False";"JUDUL";""
"2";"Undang-Undang Nomor 12 Tahun 1950 tentang";"191,45";"541,19";"236,84000000000003";"248,84000000000003";"612,0";"BCDGEE+BookmanOldStyle";"12,0";"366,32000000000005";"306,0";"0,09856209150326806";"0,3128267973856209";"0,5714705882352942";"False";"JUDUL";""
"2";"Pembentukan Daerah-daerah Kota Besar dalam";"191,45";"541,2339999999999";"261,08000000000004";"273,08000000000004";"612,0";"BCDGEE+BookmanOldStyle";"12,0";"366,342";"306,0";"0,09859803921568625";"0,3128267973856209";"0,5715424836601306";"False";"JUDUL";""
"2";"Lingkungan Propinsi Jawa Timur, Jawa Tengah,";"191,45";"540,938020511";"285,32000000000005";"297,32000000000005";"612,0";"BCDGEE+BookmanOldStyle";"12,0";"366,19401025549996";"306,0";"0,09835622590767967";"0,3128267973856209";"0,5710588570441176";"False";"JUDUL";""
"2";"Jawa Barat dan Daerah Istimewa Yogyakarta (Lembaran";"191,45";"541,0579999999999";"309,59000000000003";"321,59000000000003";"612,0";"BCDGEE+BookmanOldStyle";"12,0";"366,2539999999999";"306,0";"0,09845424836601292";"0,3128267973856209";"0,5712549019607841";"False";"JUDUL";""
"2";"Negara Republik Indonesia Tahun 1965 Nomor 19,";"191,45";"541,168";"333,83000000000004";"345,83000000000004";"612,0";"BCDGEE+BookmanOldStyle";"12,0";"366,30899999999997";"306,0";"0,09854411764705877";"0,3128267973856209";"0,5714346405228758";"False";"JUDUL";""
"2";"Tambahan Lembaran Negara Republik Indonesia";"191,45";"541,1780000000001";"358,07000000000005";"370,07000000000005";"612,0";"BCDGEE+BookmanOldStyle";"12,0";"366,3140000000001";"306,0";"0,09855228758169947";"0,3128267973856209";"0,571450980392157";"False";"JUDUL";""
"2";"Nomor 2730);";"191,45";"271,36999999999995";"382,31000000000006";"394,31000000000006";"612,0";"BCDGEE+BookmanOldStyle";"12,0";"231,40999999999997";"306,0";"0,12187908496732032";"0,3128267973856209";"0,1305882352941176";"False";"JUDUL";""
"2";"3. Undang-Undang Nomor 40 Tahun 2007 tentang";"170,18";"541,19";"406,55000000000007";"418,55000000000007";"612,0";"BCDGEE+BookmanOldStyle";"12,0";"355,68500000000006";"306,0";"0,08118464052287591";"0,2780718954248366";"0,6062254901960785";"False";"JUDUL";""
"2";"Perseroan Terbatas (Lembaran Negara Repulik Indonesia";"191,45";"541,1540000000002";"430,78999999999996";"442,78999999999996";"612,0";"BCDGEE+BookmanOldStyle";"12,0";"366,30200000000013";"306,0";"0,0985326797385623";"0,3128267973856209";"0,5714117647058827";"False";"JUDUL";""
"2";"Tahun 2007 Nomor 106, Tambahan Lembaran";"191,45";"541,0339999999999";"455,03";"467,03";"612,0";"BCDGEE+BookmanOldStyle";"12,0";"366,24199999999996";"306,0";"0,09843464052287576";"0,3128267973856209";"0,5712156862745096";"False";"JUDUL";""
"2";"Negara Republik Indonesia Nomor 4756);";"191,45";"433,35799999999995";"479,27";"491,27";"612,0";"BCDGEE+BookmanOldStyle";"12,0";"312,404";"306,0";"0,010464052287581693";"0,3128267973856209";"0,3952745098039215";"False";"JUDUL";""
"2";"4. Undang-Undang Nomor 12 Tahun 2011 tentang";"170,18";"541,19";"503,51";"515,51";"612,0";"BCDGEE+BookmanOldStyle";"12,0";"355,68500000000006";"306,0";"0,08118464052287591";"0,2780718954248366";"0,6062254901960785";"False";"JUDUL";""
"2";"Pembentukan Peraturan Perundang-undangan (Lembaran";"191,45";"541,1379999999999";"527,77";"539,77";"612,0";"BCDGEE+BookmanOldStyle";"12,0";"366,294";"306,0";"0,09851960784313722";"0,3128267973856209";"0,5713856209150325";"False";"JUDUL";""
"2";"Negara Republik Indonesia Tahun 2011 Nomor 82,";"191,45";"541,07";"552,01";"564,01";"612,0";"BCDGEE+BookmanOldStyle";"12,0";"366,26";"306,0";"0,09846405228758169";"0,3128267973856209";"0,5712745098039217";"False";"JUDUL";""
"2";"Tambahan Lembaran Negara Republik Indonesia";"191,45";"541,1780000000001";"576,25";"588,25";"612,0";"BCDGEE+BookmanOldStyle";"12,0";"366,3140000000001";"306,0";"0,09855228758169947";"0,3128267973856209";"0,571450980392157";"False";"JUDUL";""
"2";"Nomor 5234), sebagaimana telah diubah beberapa kali,";"191,45";"541,168";"600,49";"612,49";"612,0";"BCDGEE+BookmanOldStyle";"12,0";"366,30899999999997";"306,0";"0,09854411764705877";"0,3128267973856209";"0,5714346405228758";"False";"JUDUL";""
"2";"terakhir dengan Undang-Undang Nomor 13 Tahun 2022";"191,45";"541,0600000000001";"624,73";"636,73";"612,0";"BCDGEE+BookmanOldStyle";"12,0";"366,255";"306,0";"0,09845588235294117";"0,3128267973856209";"0,5712581699346406";"False";"JUDUL";""
"2";"tentang Perubahan Kedua atas Undang-Undang";"191,45";"541,1800000000001";"648,97";"660,97";"612,0";"BCDGEE+BookmanOldStyle";"12,0";"366,31500000000005";"306,0";"0,09855392156862754";"0,3128267973856209";"0,5714542483660132";"False";"JUDUL";""
"2";"Nomor 12 Tahun 2011 tentang Pembentukan Peraturan";"191,45";"541,0339999999999";"673,21";"685,21";"612,0";"BCDGEE+BookmanOldStyle";"12,0";"366,24199999999996";"306,0";"0,09843464052287576";"0,3128267973856209";"0,5712156862745096";"False";"JUDUL";""
"2";"Perundang-undangan (Lembaran Negara Republik";"191,45";"541,094";"697,45";"709,45";"612,0";"BCDGEE+BookmanOldStyle";"12,0";"366,27200000000005";"306,0";"0,09848366013071903";"0,3128267973856209";"0,5713137254901962";"False";"JUDUL";""
"2";"Indonesia Tahun 2022 Nomor 143, Tambahan Lembaran";"191,45";"541,126";"721,69";"733,69";"612,0";"BCDGEE+BookmanOldStyle";"12,0";"366,288";"306,0";"0,09850980392156865";"0,3128267973856209";"0,5713660130718954";"False";"JUDUL";""
"2";"Negara Republik Indonesia Nomor 6801);";"191,45";"433,39";"745,96";"757,96";"612,0";"BCDGEE+BookmanOldStyle";"12,0";"312,41999999999996";"306,0";"0,010490196078431305";"0,3128267973856209";"0,39532679738562093";"False";"JUDUL";""
"2";"5. Undang-Undang Nomor 21 Tahun 2011 tentang";"170,18";"541,19";"770,2";"782,2";"612,0";"BCDGEE+BookmanOldStyle";"12,0";"355,68500000000006";"306,0";"0,08118464052287591";"0,2780718954248366";"0,6062254901960785";"False";"JUDUL";""
"2";"Otoritas Jasa Keuangan (Lembaran Negara";"191,45";"541,126";"794,44";"806,44";"612,0";"BCDGEE+BookmanOldStyle";"12,0";"366,288";"306,0";"0,09850980392156865";"0,3128267973856209";"0,5713660130718954";"False";"JUDUL";""
"2";"Republik Indonesia Tahun 2011 Nomor 111,";"191,45";"541,0459627940003";"818,6800000000001";"830,6800000000001";"612,0";"BCDGEE+BookmanOldStyle";"12,0";"366,2479813970001";"306,0";"0,09844441404738578";"0,3128267973856209";"0,5712352333235299";"False";"JUDUL";""
"2";"Tambahan Lembaran Negara Republik Indonesia";"191,45";"541,1780000000001";"842,9159999999999";"854,9159999999999";"612,0";"BCDGEE+BookmanOldStyle";"12,0";"366,3140000000001";"306,0";"0,09855228758169947";"0,3128267973856209";"0,571450980392157";"False";"JUDUL";""
"2";"Nomor 5253);";"191,45";"271,36999999999995";"867,156";"879,156";"612,0";"BCDGEE+BookmanOldStyle";"12,0";"231,40999999999997";"306,0";"0,12187908496732032";"0,3128267973856209";"0,1305882352941176";"False";"JUDUL";""
"3";"3";"302,35";"309,79";"37,379999999999995";"49,379999999999995";"612,0";"BCDGEE+BookmanOldStyle";"12,0";"306,07000000000005";"306,0";"0,000114379084967402";"0,4940359477124183";"0,012156862745098036";"False";"JUDUL";""
"3";"6. Undang-Undang Nomor 23 Tahun 2014 tentang";"170,18";"541,19";"67,1400000000001";"79,1400000000001";"612,0";"BCDGEE+BookmanOldStyle";"12,0";"355,68500000000006";"306,0";"0,08118464052287591";"0,2780718954248366";"0,6062254901960785";"False";"JUDUL";""
"3";"Pemerintahan Daerah (Lembaran Negara Republik";"191,45";"541,1800000000001";"94,28000000000009";"106,28000000000009";"612,0";"BCDGEE+BookmanOldStyle";"12,0";"366,31500000000005";"306,0";"0,09855392156862754";"0,3128267973856209";"0,5714542483660132";"False";"JUDUL";""
"3";"Indonesia Tahun 2014 Nomor 244, Tambahan Lembaran";"191,45";"541,0459999999998";"121,28000000000009";"133,2800000000001";"612,0";"BCDGEE+BookmanOldStyle";"12,0";"366,24799999999993";"306,0";"0,09844444444444433";"0,3128267973856209";"0,5712352941176468";"False";"JUDUL";""
"3";"Negara Republik Indonesia Nomor 5587), sebagaimana";"191,45";"541,19";"148,4000000000001";"160,4000000000001";"612,0";"BCDGEE+BookmanOldStyle";"12,0";"366,32000000000005";"306,0";"0,09856209150326806";"0,3128267973856209";"0,5714705882352942";"False";"JUDUL";""
"3";"telah diubah beberapa kali, terakhir dengan";"191,45";"541,07";"175,4000000000001";"187,4000000000001";"612,0";"BCDGEE+BookmanOldStyle";"12,0";"366,26";"306,0";"0,09846405228758169";"0,3128267973856209";"0,5712745098039217";"False";"JUDUL";""
"3";"Undang-Undang Nomor 9 Tahun 2015 tentang Perubahan";"191,45";"541,178";"202,5200000000001";"214,5200000000001";"612,0";"BCDGEE+BookmanOldStyle";"12,0";"366,31399999999996";"306,0";"0,09855228758169929";"0,3128267973856209";"0,5714509803921569";"False";"JUDUL";""
"3";"Kedua atas Undang-Undang Nomor 23 Tahun 2014";"191,45";"541,0600000000001";"229,5200000000001";"241,5200000000001";"612,0";"BCDGEE+BookmanOldStyle";"12,0";"366,255";"306,0";"0,09845588235294117";"0,3128267973856209";"0,5712581699346406";"False";"JUDUL";""
"3";"tentang Pemerintahan Daerah (Lembaran Negara";"191,45";"541,202";"256,6400000000001";"268,6400000000001";"612,0";"BCDGEE+BookmanOldStyle";"12,0";"366,326";"306,0";"0,09857189542483663";"0,3128267973856209";"0,5714901960784314";"False";"JUDUL";""
"3";"Republik Indonesia Tahun 2015 Nomor 58, Tambahan";"191,45";"540,9019551620001";"283,6400000000001";"295,6400000000001";"612,0";"BCDGEE+BookmanOldStyle";"12,0";"366,1759775810001";"306,0";"0,09832676075326813";"0,3128267973856209";"0,5709999267352944";"False";"JUDUL";""
"3";"Lembaran Negara Republik Indonesia Nomor 5679);";"191,45";"496,47802194199977";"310,7900000000001";"322,7900000000001";"612,0";"BCDGEE+BookmanOldStyle";"12,0";"343,9640109709999";"306,0";"0,062032697665032485";"0,3128267973856209";"0,49841180055882317";"False";"JUDUL";""
"3";"7. Undang-Undang Nomor 4 Tahun 2023 tentang";"170,18";"541,058";"337,7900000000001";"349,7900000000001";"612,0";"BCDGEE+BookmanOldStyle";"12,0";"355,619";"306,0";"0,08107679738562096";"0,2780718954248366";"0,6060098039215686";"False";"JUDUL";""
"3";"Pengembangan dan Penguatan Sektor Keuangan";"191,45";"541,0699999999999";"364,9100000000001";"376,9100000000001";"612,0";"BCDGEE+BookmanOldStyle";"12,0";"366,26";"306,0";"0,09846405228758169";"0,3128267973856209";"0,5712745098039215";"False";"JUDUL";""
"3";"(Lembar Negara Republik Indonesia Tahun 2023 Nomor 4,";"191,45";"541,022";"391,9100000000001";"403,9100000000001";"612,0";"BCDGEE+BookmanOldStyle";"12,0";"366,236";"306,0";"0,09842483660130717";"0,3128267973856209";"0,5711960784313727";"False";"JUDUL";""
"3";"Tambahan Lembaran Negara Republik Indonesia";"191,45";"541,1780000000001";"418,90999999999997";"430,90999999999997";"612,0";"BCDGEE+BookmanOldStyle";"12,0";"366,3140000000001";"306,0";"0,09855228758169947";"0,3128267973856209";"0,571450980392157";"False";"JUDUL";""
"3";"Nomor 6845);";"191,45";"271,36999999999995";"446,03";"458,03";"612,0";"BCDGEE+BookmanOldStyle";"12,0";"231,40999999999997";"306,0";"0,12187908496732032";"0,3128267973856209";"0,1305882352941176";"False";"JUDUL";""
"3";"8. Undang-Undang Nomor 6 Tahun 2023 tentang Penetapan";"170,18";"540,9379999999999";"473,03";"485,03";"612,0";"BCDGEE+BookmanOldStyle";"12,0";"355,55899999999997";"306,0";"0,08097875816993459";"0,2780718954248366";"0,6058137254901959";"False";"JUDUL";""
"3";"Peraturan Pemerintah Pengganti Undang-Undang Nomor 2";"191,45";"541,2760000000001";"500,15";"512,15";"612,0";"BCDGEE+BookmanOldStyle";"12,0";"366,36300000000006";"306,0";"0,09863235294117656";"0,3128267973856209";"0,5716111111111113";"False";"JUDUL";""
"3";"Tahun 2022 tentang Cipta Kerja menjadi Undang-Undang";"191,45";"541,3000000000001";"527,1700000000001";"539,1700000000001";"612,0";"BCDGEE+BookmanOldStyle";"12,0";"366,375";"306,0";"0,09865196078431372";"0,3128267973856209";"0,5716503267973857";"False";"JUDUL";""
"3";"(Lembaran Negara Republik Indonesia Tahun 2023";"191,45";"541,05801071";"554,29";"566,29";"612,0";"BCDGEE+BookmanOldStyle";"12,0";"366,254005355";"306,0";"0,09845425711601308";"0,3128267973856209";"0,5712549194607842";"False";"JUDUL";""
"3";"Nomor 41, Tambahan Lembaran Negara Republik";"191,45";"541,0699999999999";"581,29";"593,29";"612,0";"BCDGEE+BookmanOldStyle";"12,0";"366,26";"306,0";"0,09846405228758169";"0,3128267973856209";"0,5712745098039215";"False";"JUDUL";""
"3";"Indonesia Nomor 6856);";"191,45";"332,3179999999999";"608,41";"620,41";"612,0";"BCDGEE+BookmanOldStyle";"12,0";"261,88399999999996";"306,0";"0,07208496732026151";"0,3128267973856209";"0,2301764705882352";"False";"JUDUL";""
"3";"9. Peraturan Pemerintah Nomor 54 Tahun 2017 tentang";"170,18";"541,0459999999999";"635,41";"647,41";"612,0";"BCDGEE+BookmanOldStyle";"12,0";"355,61299999999994";"306,0";"0,08106699346405219";"0,2780718954248366";"0,6059901960784313";"False";"JUDUL";""
"3";"Badan Usaha Milik Daerah (Lembaran Negara";"191,45";"541,0699999999999";"662,53";"674,53";"612,0";"BCDGEE+BookmanOldStyle";"12,0";"366,26";"306,0";"0,09846405228758169";"0,3128267973856209";"0,5712745098039215";"False";"JUDUL";""
"3";"Republik Indonesia Tahun 2017 Nomor 305,";"191,45";"541,0459627940003";"689,53";"701,53";"612,0";"BCDGEE+BookmanOldStyle";"12,0";"366,2479813970001";"306,0";"0,09844441404738578";"0,3128267973856209";"0,5712352333235299";"False";"JUDUL";""
"3";"Tambahan Lembaran Negara Republik Indonesia";"191,45";"541,1780000000001";"716,65";"728,65";"612,0";"BCDGEE+BookmanOldStyle";"12,0";"366,3140000000001";"306,0";"0,09855228758169947";"0,3128267973856209";"0,571450980392157";"False";"JUDUL";""
"3";"Nomor 6173);";"191,45";"271,36999999999995";"743,68";"755,68";"612,0";"BCDGEE+BookmanOldStyle";"12,0";"231,40999999999997";"306,0";"0,12187908496732032";"0,3128267973856209";"0,1305882352941176";"False";"JUDUL";""
"3";"10. Peraturan Pemerintah Nomor 12 Tahun 2019 tentang";"170,18";"541,0459999999999";"770,8";"782,8";"612,0";"BCDGEE+BookmanOldStyle";"12,0";"355,61299999999994";"306,0";"0,08106699346405219";"0,2780718954248366";"0,6059901960784313";"False";"JUDUL";""
"3";"Pengelolaan Keuangan Daerah (Lembaran Negara";"191,45";"541,2019999999999";"797,8";"809,8";"612,0";"BCDGEE+BookmanOldStyle";"12,000000000000014";"366,3259999999999";"306,0";"0,09857189542483645";"0,3128267973856209";"0,5714901960784312";"False";"JUDUL";""
"3";"Republik Indonesia Tahun 2019 Nomor 42, Tambahan";"191,45";"540,9019551620001";"824,92";"836,92";"612,0";"BCDGEE+BookmanOldStyle";"12,0";"366,1759775810001";"306,0";"0,09832676075326813";"0,3128267973856209";"0,5709999267352944";"False";"JUDUL";""
"3";"Lembaran Negara Republik Indonesia Nomor 6322);";"191,45";"496,47802194199977";"851,9159999999999";"863,9159999999999";"612,0";"BCDGEE+BookmanOldStyle";"12,0";"343,9640109709999";"306,0";"0,062032697665032485";"0,3128267973856209";"0,49841180055882317";"False";"JUDUL";""
"4";"4";"302,35";"309,79";"37,379999999999995";"49,379999999999995";"612,0";"BCDGEE+BookmanOldStyle";"12,0";"306,07000000000005";"306,0";"0,000114379084967402";"0,4940359477124183";"0,012156862745098036";"False";"JUDUL";""
"4";"11. Peraturan Presiden Nomor 87 Tahun 2014 tentang";"170,18";"541,288";"67,25999999999999";"79,25999999999999";"612,0";"BCDGEE+BookmanOldStyle";"12,0";"355,73400000000004";"306,0";"0,081264705882353";"0,2780718954248366";"0,6063856209150327";"False";"JUDUL";""
"4";"Peraturan Pelaksanaan Undang-Undang Nomor 12";"191,45";"541,2460000000001";"91,28000000000009";"103,28000000000009";"612,0";"BCDGEE+BookmanOldStyle";"12,0";"366,34800000000007";"306,0";"0,09860784313725501";"0,3128267973856209";"0,5715620915032682";"False";"JUDUL";""
"4";"Tahun 2011 tentang Pembentukan Peraturan";"191,45";"541,0699999999998";"115,16000000000008";"127,16000000000008";"612,0";"BCDGEE+BookmanOldStyle";"12,0";"366,2599999999999";"306,0";"0,0984640522875815";"0,3128267973856209";"0,5712745098039212";"False";"JUDUL";""
"4";"Perundang-undangan (Lembaran Negara Republik";"191,45";"541,094";"139,16000000000008";"151,16000000000008";"612,0";"BCDGEE+BookmanOldStyle";"12,0";"366,27200000000005";"306,0";"0,09848366013071903";"0,3128267973856209";"0,5713137254901962";"False";"JUDUL";""
"4";"Indonesia Tahun 2014 Nomor 199), sebagaimana";"191,45";"541,168";"163,16000000000008";"175,16000000000008";"612,0";"BCDGEE+BookmanOldStyle";"12,0";"366,30899999999997";"306,0";"0,09854411764705877";"0,3128267973856209";"0,5714346405228758";"False";"JUDUL";""
"4";"telah diubah dengan Peraturan Presiden Nomor 76";"191,45";"541,1800000000001";"187,04000000000008";"199,04000000000008";"612,0";"BCDGEE+BookmanOldStyle";"12,0";"366,31500000000005";"306,0";"0,09855392156862754";"0,3128267973856209";"0,5714542483660132";"False";"JUDUL";""
"4";"Tahun 2021 tentang Perubahan atas Peraturan Presiden";"191,45";"541,178";"211,04000000000008";"223,04000000000008";"612,0";"BCDGEE+BookmanOldStyle";"12,0";"366,31399999999996";"306,0";"0,09855228758169929";"0,3128267973856209";"0,5714509803921569";"False";"JUDUL";""
"4";"Nomor 87 Tahun 2014 tentang Peraturan Pelaksanaan";"191,45";"541,114";"234,92000000000007";"246,92000000000007";"612,0";"BCDGEE+BookmanOldStyle";"12,0";"366,28200000000004";"306,0";"0,09850000000000006";"0,3128267973856209";"0,5713464052287582";"False";"JUDUL";""
"4";"Undang-Undang Nomor 12 Tahun 2011 tentang";"191,45";"541,222";"258,9200000000001";"270,9200000000001";"612,0";"BCDGEE+BookmanOldStyle";"12,0";"366,336";"306,0";"0,09858823529411767";"0,3128267973856209";"0,5715228758169935";"False";"JUDUL";""
"4";"Pembentukan Peraturan Perundang-undangan (Lembaran";"191,45";"541,1379999999999";"282,80000000000007";"294,80000000000007";"612,0";"BCDGEE+BookmanOldStyle";"12,0";"366,294";"306,0";"0,09851960784313722";"0,3128267973856209";"0,5713856209150325";"False";"JUDUL";""
"4";"Negara Republik Indonesia Tahun 2021 Nomor 186);";"191,45";"501,820000238";"306,83000000000004";"318,83000000000004";"612,0";"BCDGEE+BookmanOldStyle";"12,0";"346,635000119";"306,0";"0,06639705901797383";"0,3128267973856209";"0,5071405232647058";"False";"JUDUL";""
"4";"12. Peraturan Menteri Dalam Negeri Nomor 80 Tahun 2015";"170,18";"541,0340000000001";"330,71000000000004";"342,71000000000004";"612,0";"BCDGEE+BookmanOldStyle";"12,0";"355,6070000000001";"306,0";"0,0810571895424838";"0,2780718954248366";"0,6059705882352943";"False";"JUDUL";""
"4";"tentang Pembentukan Produk Hukum Daerah (Berita";"191,45";"541,046";"354,71000000000004";"366,71000000000004";"612,0";"BCDGEE+BookmanOldStyle";"12,0";"366,24800000000005";"306,0";"0,09844444444444451";"0,3128267973856209";"0,5712352941176472";"False";"JUDUL";""
"4";"Negara Republik Indonesia Tahun 2015 Nomor 2036),";"191,45";"541,09";"378,59000000000003";"390,59000000000003";"612,0";"BCDGEE+BookmanOldStyle";"12,0";"366,27";"306,0";"0,09848039215686272";"0,3128267973856209";"0,5713071895424837";"False";"JUDUL";""
"4";"sebagaimana telah diubah dengan Peraturan Menteri";"191,45";"541,0699999999999";"402,59000000000003";"414,59000000000003";"612,0";"BCDGEE+BookmanOldStyle";"12,0";"366,26";"306,0";"0,09846405228758169";"0,3128267973856209";"0,5712745098039215";"False";"JUDUL";""
"4";"Dalam Negeri Nomor 120 Tahun 2018 tentang Perubahan";"191,45";"541,0219999999998";"426,59";"438,59";"612,0";"BCDGEE+BookmanOldStyle";"12,0";"366,2359999999999";"306,0";"0,09842483660130699";"0,3128267973856209";"0,5711960784313723";"False";"JUDUL";""
"4";"atas Peraturan Menteri Dalam Negeri Nomor 80";"191,45";"541,058";"450,46999999999997";"462,46999999999997";"612,0";"BCDGEE+BookmanOldStyle";"12,0";"366,254";"306,0";"0,0984542483660131";"0,3128267973856209";"0,5712549019607843";"False";"JUDUL";""
"4";"Tahun 2015 tentang Pembentukan Produk Hukum";"191,45";"541,19";"474,46999999999997";"486,46999999999997";"612,0";"BCDGEE+BookmanOldStyle";"12,0";"366,32000000000005";"306,0";"0,09856209150326806";"0,3128267973856209";"0,5714705882352942";"False";"JUDUL";""
"4";"Daerah (Berita Negara Republik Indonesia Tahun 2019";"191,45";"541,0360000000001";"498,34999999999997";"510,34999999999997";"612,0";"BCDGEE+BookmanOldStyle";"12,0";"366,24300000000005";"306,0";"0,09843627450980401";"0,3128267973856209";"0,5712189542483661";"False";"JUDUL";""
"4";"Nomor 157);";"191,45";"263,92999999999995";"522,37";"534,37";"612,0";"BCDGEE+BookmanOldStyle";"12,0";"227,68999999999997";"306,0";"0,12795751633986932";"0,3128267973856209";"0,11843137254901955";"False";"JUDUL";""
"4";"13. Peraturan Menteri Dalam Negeri Nomor 21 Tahun 2024";"170,18";"541,0340000000001";"546,25";"558,25";"612,0";"BCDGEE+BookmanOldStyle";"12,0";"355,6070000000001";"306,0";"0,0810571895424838";"0,2780718954248366";"0,6059705882352943";"False";"JUDUL";""
"4";"tentang Pengelolaan Bank Perekonomian Rakyat Milik";"191,45";"541,19";"570,25";"582,25";"612,0";"BCDGEE+BookmanOldStyle";"12,0";"366,32000000000005";"306,0";"0,09856209150326806";"0,3128267973856209";"0,5714705882352942";"False";"JUDUL";""
"4";"Pemerintah Daerah dan Bank Perekonomian Rakyat";"191,45";"541,1899999999999";"594,13";"606,13";"612,0";"BCDGEE+BookmanOldStyle";"12,0";"366,31999999999994";"306,0";"0,09856209150326788";"0,3128267973856209";"0,5714705882352941";"False";"JUDUL";""
"4";"Syariah Milik Pemerintah Daerah (Berita Negara Republik";"191,45";"541,058";"618,13";"630,13";"612,0";"BCDGEE+BookmanOldStyle";"12,0";"366,254";"306,0";"0,0984542483660131";"0,3128267973856209";"0,5712549019607843";"False";"JUDUL";""
"4";"Indonesia Tahun 2024 Nomor 921);";"191,45";"400,75000429299996";"642,13";"654,13";"612,0";"BCDGEE+BookmanOldStyle";"12,0";"296,10000214649995";"306,0";"0,01617646708088244";"0,3128267973856209";"0,3419934710669934";"False";"JUDUL";""
"4";"14. Peraturan Daerah Kabupaten Malang Nomor 9 Tahun";"170,18";"541,0579999999999";"666,01";"678,01";"612,0";"BCDGEE+BookmanOldStyle";"12,0";"355,6189999999999";"306,0";"0,08107679738562078";"0,2780718954248366";"0,6060098039215684";"False";"JUDUL";""
"4";"2016 tentang Pembentukan dan Susunan Perangkat";"191,45";"541,0699999999998";"690,01";"702,01";"612,0";"BCDGEE+BookmanOldStyle";"12,0";"366,2599999999999";"306,0";"0,0984640522875815";"0,3128267973856209";"0,5712745098039212";"False";"JUDUL";""
"4";"Daerah (Lembaran Daerah Kabupaten Malang Tahun 2016";"191,45";"541,046";"713,89";"725,89";"612,0";"BCDGEE+BookmanOldStyle";"12,0";"366,24800000000005";"306,0";"0,09844444444444451";"0,3128267973856209";"0,5712352941176472";"False";"JUDUL";""
"4";"Nomor 1 Seri C), sebagaimana telah diubah beberapa kali,";"191,45";"541,01";"737,92";"749,92";"612,0";"BCDGEE+BookmanOldStyle";"12,0";"366,23";"306,0";"0,0984150326797386";"0,3128267973856209";"0,5711764705882353";"False";"JUDUL";""
"4";"terakhir dengan Peraturan Daerah Kabupaten Malang";"191,45";"541,16798569";"761,8";"773,8";"612,0";"BCDGEE+BookmanOldStyle";"12,0";"366,30899284500003";"306,0";"0,09854410595588241";"0,3128267973856209";"0,5714346171405229";"False";"JUDUL";""
"4";"Nomor 3 Tahun 2023 tentang Perubahan Keempat";"191,45";"541,0579999999998";"785,8";"797,8";"612,0";"BCDGEE+BookmanOldStyle";"12,0";"366,2539999999999";"306,0";"0,09845424836601292";"0,3128267973856209";"0,571254901960784";"False";"JUDUL";""
"4";"atas Peraturan Daerah Nomor 9 Tahun 2016 tentang";"191,45";"541,0219999999999";"809,6800000000001";"821,6800000000001";"612,0";"BCDGEE+BookmanOldStyle";"12,0";"366,236";"306,0";"0,09842483660130717";"0,3128267973856209";"0,5711960784313724";"False";"JUDUL";""
"4";"Pembentukan dan Susunan Perangkat Daerah (Lembaran";"191,45";"541,0699999999998";"833,676";"845,676";"612,0";"BCDGEE+BookmanOldStyle";"12,0";"366,2599999999999";"306,0";"0,0984640522875815";"0,3128267973856209";"0,5712745098039212";"False";"JUDUL";""
"4";"Daerah Kabupaten Malang Tahun 2023 Nomor 3 Seri C);";"191,45";"526,2379999999999";"857,556";"869,556";"612,0";"BCDGEE+BookmanOldStyle";"12,0";"358,84399999999994";"306,0";"0,08634640522875807";"0,3128267973856209";"0,5470392156862744";"False";"JUDUL";""
"5";"5";"302,35";"309,79";"37,379999999999995";"49,379999999999995";"612,0";"BCDGEE+BookmanOldStyle";"12,0";"306,07000000000005";"306,0";"0,000114379084967402";"0,4940359477124183";"0,012156862745098036";"False";"JUDUL";""
"5";"Dengan Persetujuan Bersama";"218,33";"393,77000000000004";"67,1400000000001";"79,1400000000001";"612,0";"BCDGEE+BookmanOldStyle";"12,0";"306,05";"306,0";"8,169934640524733e-05";"0,3567483660130719";"0,28666666666666674";"False";"JUDUL";""
"5";"DEWAN PERWAKILAN RAKYAT DAERAH KABUPATEN MALANG";"117,26";"494,7440000000001";"88,25999999999999";"100,25999999999999";"612,0";"BCDGEE+BookmanOldStyle";"12,0";"306,00200000000007";"306,0";"3,267973856317636e-06";"0,1916013071895425";"0,6168039215686276";"True";"JUDUL";""
"5";"dan";"294,89";"317,21";"109,40000000000009";"121,40000000000009";"612,0";"BCDGEE+BookmanOldStyle";"12,0";"306,04999999999995";"306,0";"8,169934640515446e-05";"0,48184640522875816";"0,03647058823529411";"False";"JUDUL";""
"5";"BUPATI MALANG";"254,93";"357,158";"130,6400000000001";"142,6400000000001";"612,0";"BCDGEE+BookmanOldStyle";"12,0";"306,044";"306,0";"7,189542483657307e-05";"0,4165522875816994";"0,16703921568627453";"True";"JUDUL";""
"5";"MEMUTUSKAN:";"258,89";"353,09";"170,0";"182,0";"612,0";"BCDGEE+BookmanOldStyle";"12,0";"305,99";"306,0";"1,633986928103089e-05";"0,42302287581699344";"0,15392156862745096";"True";"JUDUL";""
"5";"Menetapkan : PERATURAN DAERAH TENTANG PERUSAHAAN";"70,944";"541,3";"210,68000000000006";"222,68000000000006";"612,0";"BCDGEE+BookmanOldStyle";"12,0";"306,12199999999996";"306,0";"0,00019934640522868832";"0,11592156862745098";"0,7685555555555554";"False";"JUDUL";""
"5";"PERSEROAN DAERAH BANK PEREKONOMIAN RAKYAT";"177,26";"541,04";"231,80000000000007";"243,80000000000007";"612,0";"BCDGEE+BookmanOldStyle";"12,0";"359,15";"306,0";"0,08684640522875814";"0,289640522875817";"0,5944117647058823";"True";"JUDUL";""
"5";"ARTHA KANJURUHAN PEMERINTAH KABUPATEN MALANG.";"177,26";"536,62";"252,92000000000007";"264,9200000000001";"612,0";"BCDGEE+BookmanOldStyle";"12,0";"356,94";"306,0";"0,08323529411764706";"0,289640522875817";"0,5871895424836602";"True";"JUDUL";""
"5";"BAB I";"289,13";"322,96999999999997";"295,1600000000001";"307,1600000000001";"612,0";"BCDGEE+BookmanOldStyle";"12,0";"306,04999999999995";"306,0";"8,169934640515446e-05";"0,4724346405228758";"0,055294117647058785";"True";"BATANG TUBUH";"BAB I"
"5";"KETENTUAN UMUM";"245,69";"366,278";"316,43000000000006";"328,43000000000006";"612,0";"BCDGEE+BookmanOldStyle";"12,0";"305,98400000000004";"306,0";"2,6143790849612272e-05";"0,40145424836601307";"0,19703921568627455";"True";"BATANG TUBUH";"BAB I"
"5";"Pasal 1";"284,81";"327,29";"337,55000000000007";"349,55000000000007";"612,0";"BCDGEE+BookmanOldStyle";"12,0";"306,05";"306,0";"8,169934640524733e-05";"0,46537581699346403";"0,06941176470588238";"False";"BATANG TUBUH";"PASAL 1"
"5";"Dalam Peraturan Daerah ini yang dimaksud dengan:";"177,26";"488,8099999999999";"379,7900000000001";"391,7900000000001";"612,0";"BCDGEE+BookmanOldStyle";"12,0";"333,03499999999997";"306,0";"0,04417483660130714";"0,289640522875817";"0,5090686274509802";"False";"BATANG TUBUH";"PASAL 1"
"5";"1. Daerah adalah Kabupaten Malang.";"177,26";"403,96999999999997";"400,9100000000001";"412,9100000000001";"612,0";"BCDGEE+BookmanOldStyle";"12,0";"290,615";"306,0";"0,025138888888888874";"0,289640522875817";"0,3704411764705882";"False";"BATANG TUBUH";"PASAL 1"
"5";"2. Pemerintah Daerah adalah Pemerintah Kabupaten Malang.";"177,26";"536,02";"422,03";"434,03";"612,0";"BCDGEE+BookmanOldStyle";"12,0";"356,64";"306,0";"0,08274509803921566";"0,289640522875817";"0,5862091503267973";"False";"BATANG TUBUH";"PASAL 1"
"5";"3. Bupati adalah Bupati Malang.";"177,26";"375,88999999999993";"443,15";"455,15";"612,0";"BCDGEE+BookmanOldStyle";"12,0";"276,57499999999993";"306,0";"0,04808006535947724";"0,289640522875817";"0,3245588235294117";"False";"BATANG TUBUH";"PASAL 1"
"5";"4. Badan Usaha Milik Daerah yang selanjutnya disingkat";"177,26";"541,154";"464,27";"476,27";"612,0";"BCDGEE+BookmanOldStyle";"12,0";"359,207";"306,0";"0,08693954248366012";"0,289640522875817";"0,5945980392156863";"False";"BATANG TUBUH";"PASAL 1"
"5";"BUMD adalah badan usaha yang seluruh atau";"198,53";"541,0459999999999";"485,39";"497,39";"612,0";"BCDGEE+BookmanOldStyle";"12,0";"369,78799999999995";"306,0";"0,10422875816993457";"0,32439542483660133";"0,5596666666666666";"False";"BATANG TUBUH";"PASAL 1"
"5";"sebagian besar modalnya dimiliki oleh Daerah.";"198,53";"474,5299999999999";"506,51";"518,51";"612,0";"BCDGEE+BookmanOldStyle";"12,0";"336,53";"306,0";"0,04988562091503264";"0,32439542483660133";"0,4509803921568626";"False";"BATANG TUBUH";"PASAL 1"
"5";"5. Bank Perekonomian Rakyat yang selanjutnya disingkat";"177,26";"541,19";"527,65";"539,65";"612,0";"BCDGEE+BookmanOldStyle";"12,0";"359,225";"306,0";"0,08696895424836605";"0,289640522875817";"0,5946568627450981";"False";"BATANG TUBUH";"PASAL 1"
"5";"BPR adalah Bank yang melaksanakan kegiatan usaha";"198,53";"541,1780000000001";"548,77";"560,77";"612,0";"BCDGEE+BookmanOldStyle";"12,0";"369,85400000000004";"306,0";"0,10433660130718961";"0,32439542483660133";"0,5598823529411767";"False";"BATANG TUBUH";"PASAL 1"
"5";"secara konvensional yang dalam kegiatannya tidak";"198,53";"541,19";"569,89";"581,89";"612,0";"BCDGEE+BookmanOldStyle";"12,0";"369,86";"306,0";"0,1043464052287582";"0,32439542483660133";"0,5599019607843139";"False";"BATANG TUBUH";"PASAL 1"
"5";"memberikan jasa dalam lalu lintas giral secara langsung.";"198,53";"535,7800019040001";"591,13";"603,13";"612,0";"BCDGEE+BookmanOldStyle";"12,0";"367,155000952";"306,0";"0,09992647214379088";"0,32439542483660133";"0,5510620946143793";"False";"BATANG TUBUH";"PASAL 1"
"5";"6. Perusahaan Perseroan Daerah Bank Perekonomian";"177,26";"541,07";"612,25";"624,25";"612,0";"BCDGEE+BookmanOldStyle";"12,0";"359,165";"306,0";"0,08687091503267977";"0,289640522875817";"0,5944607843137256";"False";"BATANG TUBUH";"PASAL 1"
"5";"Rakyat Artha Kanjuruhan Pemerintah Kabupaten Malang";"198,53";"541,046";"633,37";"645,37";"612,0";"BCDGEE+BookmanOldStyle";"12,0";"369,788";"306,0";"0,10422875816993465";"0,32439542483660133";"0,5596666666666668";"False";"BATANG TUBUH";"PASAL 1"
"5";"yang selanjutnya disebut PT. BPR Artha Kanjuruhan";"198,53";"541,2339999999999";"654,49";"666,49";"612,0";"BCDGEE+BookmanOldStyle";"12,0";"369,88199999999995";"306,0";"0,10438235294117638";"0,32439542483660133";"0,5599738562091503";"False";"BATANG TUBUH";"PASAL 1"
"5";"Pemkab Malang (Perseroda) adalah BUMD yang";"198,53";"541,19";"675,61";"687,61";"612,0";"BCDGEE+BookmanOldStyle";"11,999999999999972";"369,86";"306,0";"0,1043464052287582";"0,32439542483660133";"0,5599019607843139";"False";"BATANG TUBUH";"PASAL 1"
"5";"modalnya terbagi dalam saham paling sedikit 51%";"198,53";"541,178";"696,73";"708,73";"612,0";"BCDGEE+BookmanOldStyle";"12,0";"369,854";"306,0";"0,10433660130718952";"0,32439542483660133";"0,5598823529411765";"False";"BATANG TUBUH";"PASAL 1"
"5";"(lima puluh satu persen) sahamnya dimiliki oleh";"198,53";"541,1540000000001";"717,85";"729,85";"612,0";"BCDGEE+BookmanOldStyle";"12,0";"369,84200000000004";"306,0";"0,10431699346405235";"0,32439542483660133";"0,5598431372549022";"False";"BATANG TUBUH";"PASAL 1"
"5";"Pemerintah Daerah.";"198,53";"316,60999999999996";"739,0";"751,0";"612,0";"BCDGEE+BookmanOldStyle";"12,0";"257,57";"306,0";"0,07913398692810458";"0,32439542483660133";"0,19294117647058817";"False";"BATANG TUBUH";"PASAL 1"
"5";"7. Penyertaan Modal Daerah adalah bentuk investasi";"177,26";"541,1900000000002";"760,12";"772,12";"612,0";"BCDGEE+BookmanOldStyle";"12,0";"359,2250000000001";"306,0";"0,08696895424836615";"0,289640522875817";"0,5946568627450983";"False";"BATANG TUBUH";"PASAL 1"
"5";"Pemerintah Daerah berupa uang dan/atau barang";"198,53";"541,1899999999999";"781,24";"793,24";"612,0";"BCDGEE+BookmanOldStyle";"12,0";"369,85999999999996";"306,0";"0,1043464052287581";"0,32439542483660133";"0,5599019607843136";"False";"BATANG TUBUH";"PASAL 1"
"5";"milik Daerah pada PT. BPR Artha Kanjuruhan";"198,53";"541,1779999999999";"802,36";"814,36";"612,0";"BCDGEE+BookmanOldStyle";"12,000000000000014";"369,8539999999999";"306,0";"0,10433660130718943";"0,32439542483660133";"0,5598823529411763";"False";"BATANG TUBUH";"PASAL 1"
"5";"Pemkab Malang (Perseroda) dengan mendapat hak";"198,53";"541,114";"823,48";"835,48";"612,0";"BCDGEE+BookmanOldStyle";"12,0";"369,822";"306,0";"0,1042843137254902";"0,32439542483660133";"0,5597777777777779";"False";"BATANG TUBUH";"PASAL 1"
"5";"kepemilikan untuk diperhitungkan sebagai";"198,53";"541,0939999999999";"844,596";"856,596";"612,0";"BCDGEE+BookmanOldStyle";"12,0";"369,81199999999995";"306,0";"0,10426797385620908";"0,32439542483660133";"0,5597450980392157";"False";"BATANG TUBUH";"PASAL 1"
"5";"modal/saham.";"198,53";"284,93";"865,716";"877,716";"612,0";"BCDGEE+BookmanOldStyle";"12,000000000000007";"241,73000000000002";"306,0";"0,10501633986928102";"0,32439542483660133";"0,1411764705882353";"False";"BATANG TUBUH";"PASAL 1"
"6";"6";"302,35";"309,79";"37,379999999999995";"49,379999999999995";"612,0";"BCDGEE+BookmanOldStyle";"12,0";"306,07000000000005";"306,0";"0,000114379084967402";"0,4940359477124183";"0,012156862745098036";"False";"BATANG TUBUH";"PASAL 1"
"6";"8. Komisaris adalah organ PT. BPR Artha Kanjuruhan";"175,34";"541,1539561160002";"67,1400000000001";"79,1400000000001";"612,0";"BCDGEE+BookmanOldStyle";"12,0";"358,24697805800014";"306,0";"0,08537087917973879";"0,2865032679738562";"0,597735222411765";"False";"BATANG TUBUH";"PASAL 1"
"6";"Pemkab Malang (Perseroda) yang bertugas melakukan";"198,53";"541,082";"92,48000000000002";"104,48000000000002";"612,0";"BCDGEE+BookmanOldStyle";"12,0";"369,806";"306,0";"0,1042581699346405";"0,32439542483660133";"0,5597254901960784";"False";"BATANG TUBUH";"PASAL 1"
"6";"pengawasan dan memberikan nasihat kepada Direksi";"198,53";"541,1899999999999";"117,68000000000006";"129,68000000000006";"612,0";"BCDGEE+BookmanOldStyle";"12,0";"369,85999999999996";"306,0";"0,1043464052287581";"0,32439542483660133";"0,5599019607843136";"False";"BATANG TUBUH";"PASAL 1"
"6";"dalam menjalankan kegiatan pengurusan PT. BPR Artha";"198,53";"541,1779999999999";"142,88";"154,88";"612,0";"BCDGEE+BookmanOldStyle";"12,0";"369,8539999999999";"306,0";"0,10433660130718943";"0,32439542483660133";"0,5598823529411763";"False";"BATANG TUBUH";"PASAL 1"
"6";"Kanjuruhan Pemkab Malang (Perseroda).";"198,53";"440,22999999999996";"168,20000000000005";"180,20000000000005";"612,0";"BCDGEE+BookmanOldStyle";"12,0";"319,38";"306,0";"0,021862745098039208";"0,32439542483660133";"0,39493464052287575";"False";"BATANG TUBUH";"PASAL 1"
"6";"9. Direksi adalah organ PT. BPR Artha Kanjuruhan";"175,34";"541,034";"193,4000000000001";"205,4000000000001";"612,0";"BCDGEE+BookmanOldStyle";"12,0";"358,187";"306,0";"0,08527287581699348";"0,2865032679738562";"0,5975392156862744";"False";"BATANG TUBUH";"PASAL 1"
"6";"Pemkab Malang (Perseroda) yang berwenang dan";"198,53";"541,1139999999999";"218,60000000000002";"230,60000000000002";"612,0";"BCDGEE+BookmanOldStyle";"12,0";"369,82199999999995";"306,0";"0,1042843137254901";"0,32439542483660133";"0,5597777777777777";"False";"BATANG TUBUH";"PASAL 1"
"6";"bertanggung jawab atas pengurusan PT. BPR Artha";"198,53";"541,178";"243,92000000000007";"255,92000000000007";"612,0";"BCDGEE+BookmanOldStyle";"12,0";"369,854";"306,0";"0,10433660130718952";"0,32439542483660133";"0,5598823529411765";"False";"BATANG TUBUH";"PASAL 1"
"6";"Kanjuruhan Pemkab Malang (Perseroda) untuk";"198,53";"541,246";"269,12";"281,12";"612,0";"BCDGEE+BookmanOldStyle";"12,0";"369,888";"306,0";"0,10439215686274506";"0,32439542483660133";"0,5599934640522876";"False";"BATANG TUBUH";"PASAL 1"
"6";"kepentingan dari PT. BPR Artha Kanjuruhan Pemkab";"198,53";"541,3000000000001";"294,32000000000005";"306,32000000000005";"612,0";"BCDGEE+BookmanOldStyle";"12,0";"369,915";"306,0";"0,10443627450980396";"0,32439542483660133";"0,5600816993464054";"False";"BATANG TUBUH";"PASAL 1"
"6";"Malang (Perseroda), serta mewakili PT. BPR Artha";"198,53";"541,144";"319,55000000000007";"331,55000000000007";"612,0";"BCDGEE+BookmanOldStyle";"12,0";"369,837";"306,0";"0,10430882352941175";"0,32439542483660133";"0,559826797385621";"False";"BATANG TUBUH";"PASAL 1"
"6";"Kanjuruhan Pemkab Malang (Perseroda) baik di dalam";"198,53";"541,222";"344,87";"356,87";"612,0";"BCDGEE+BookmanOldStyle";"12,0";"369,876";"306,0";"0,10437254901960781";"0,32439542483660133";"0,559954248366013";"False";"BATANG TUBUH";"PASAL 1"
"6";"maupun di luar pengadilan sesuai dengan ketentuan";"198,53";"541,154";"370,07000000000005";"382,07000000000005";"612,0";"BCDGEE+BookmanOldStyle";"12,0";"369,842";"306,0";"0,10431699346405227";"0,32439542483660133";"0,559843137254902";"False";"BATANG TUBUH";"PASAL 1"
"6";"peraturan perundang-undangan atau Anggaran Dasar.";"198,53";"522,7900000000001";"395,2700000000001";"407,2700000000001";"612,0";"BCDGEE+BookmanOldStyle";"12,0";"360,66";"306,0";"0,08931372549019612";"0,32439542483660133";"0,5298366013071897";"False";"BATANG TUBUH";"PASAL 1"
"6";"10. Tata Kelola Perusahaan Yang Baik adalah sistem";"175,34";"541,1659999999999";"420,59000000000003";"432,59";"612,0";"BCDGEE+BookmanOldStyle";"11,999999999999943";"358,253";"306,0";"0,08538071895424834";"0,2865032679738562";"0,5977549019607842";"False";"BATANG TUBUH";"PASAL 1"
"6";"pengelolaan yang mengarahkan dan mengendalikan";"198,53";"541,0699999999999";"445,78999999999996";"457,78999999999996";"612,0";"BCDGEE+BookmanOldStyle";"12,0";"369,79999999999995";"306,0";"0,10424836601307182";"0,32439542483660133";"0,5597058823529412";"False";"BATANG TUBUH";"PASAL 1"
"6";"perusahaan agar menghasilkan kemanfaatan ekonomi";"198,53";"541,258";"470,99";"482,99";"612,0";"BCDGEE+BookmanOldStyle";"12,0";"369,894";"306,0";"0,10440196078431374";"0,32439542483660133";"0,5600130718954249";"False";"BATANG TUBUH";"PASAL 1"
"6";"yang berkesinambungan dan keseimbangan hubungan";"198,53";"541,0699999999999";"496,31";"508,31";"612,0";"BCDGEE+BookmanOldStyle";"12,0";"369,79999999999995";"306,0";"0,10424836601307182";"0,32439542483660133";"0,5597058823529412";"False";"BATANG TUBUH";"PASAL 1"
"6";"antar pemangku kepentingan.";"198,53";"376,36999999999995";"521,53";"533,53";"612,0";"BCDGEE+BookmanOldStyle";"12,0";"287,45";"306,0";"0,030310457516339886";"0,32439542483660133";"0,29058823529411754";"False";"BATANG TUBUH";"PASAL 1"
"6";"11. Otoritas Jasa Keuangan yang selanjutnya disingkat OJK";"175,34";"541,234";"546,73";"558,73";"612,0";"BCDGEE+BookmanOldStyle";"12,0";"358,28700000000003";"306,0";"0,08543627450980398";"0,2865032679738562";"0,5978660130718955";"False";"BATANG TUBUH";"PASAL 1"
"6";"adalah lembaga yang independen yang mempunyai";"198,53";"541,0699999999999";"572,05";"584,05";"612,0";"BCDGEE+BookmanOldStyle";"12,0";"369,79999999999995";"306,0";"0,10424836601307182";"0,32439542483660133";"0,5597058823529412";"False";"BATANG TUBUH";"PASAL 1"
"6";"fungsi, tugas, dan wewenang pengaturan, pengawasan,";"198,53";"541,0700119";"597,25";"609,25";"612,0";"BCDGEE+BookmanOldStyle";"12,0";"369,80000595";"306,0";"0,10424837573529414";"0,32439542483660133";"0,5597059017973858";"False";"BATANG TUBUH";"PASAL 1"
"6";"pemeriksaan, dan penyidikan sebagaimana dimaksud";"198,53";"541,258";"622,45";"634,45";"612,0";"BCDGEE+BookmanOldStyle";"12,0";"369,894";"306,0";"0,10440196078431374";"0,32439542483660133";"0,5600130718954249";"False";"BATANG TUBUH";"PASAL 1"
"6";"dalam undang-undang mengenai OJK.";"198,53";"426,82";"647,65";"659,65";"612,0";"BCDGEE+BookmanOldStyle";"12,0";"312,675";"306,0";"0,010906862745098058";"0,32439542483660133";"0,37302287581699345";"False";"BATANG TUBUH";"PASAL 1"
"6";"12. Lembaga Jasa Keuangan yang selanjutnya disingkat LJK";"175,34";"541,1540243269999";"672,97";"684,97";"612,0";"BCDGEE+BookmanOldStyle";"11,999999999999972";"358,24701216349996";"306,0";"0,08537093490767968";"0,2865032679738562";"0,5977353338676469";"False";"BATANG TUBUH";"PASAL 1"
"6";"adalah lembaga yang melaksanakan kegiatan di sektor";"198,53";"541,3";"698,17";"710,17";"612,0";"BCDGEE+BookmanOldStyle";"12,0";"369,91499999999996";"306,0";"0,10443627450980386";"0,32439542483660133";"0,5600816993464052";"False";"BATANG TUBUH";"PASAL 1"
"6";"perbankan, pasar modal, perasuransian, dana";"198,53";"541,07";"723,37";"735,37";"612,0";"BCDGEE+BookmanOldStyle";"12,0";"369,8";"306,0";"0,10424836601307191";"0,32439542483660133";"0,5597058823529413";"False";"BATANG TUBUH";"PASAL 1"
"6";"pensiun, lembaga pembiayaan, dan lembaga jasa";"198,53";"541,102";"748,72";"760,72";"612,0";"BCDGEE+BookmanOldStyle";"12,0";"369,816";"306,0";"0,10427450980392153";"0,32439542483660133";"0,5597581699346406";"False";"BATANG TUBUH";"PASAL 1"
"6";"keuangan lainnya berdasarkan ketentuan peraturan";"198,53";"541,0699999999999";"773,92";"785,92";"612,0";"BCDGEE+BookmanOldStyle";"12,0";"369,79999999999995";"306,0";"0,10424836601307182";"0,32439542483660133";"0,5597058823529412";"False";"BATANG TUBUH";"PASAL 1"
"6";"perundang-undangan di sektor jasa keuangan.";"198,53";"475,48999999999995";"799,12";"811,12";"612,0";"BCDGEE+BookmanOldStyle";"12,0";"337,01";"306,0";"0,050669934640522864";"0,32439542483660133";"0,452549019607843";"False";"BATANG TUBUH";"PASAL 1"
"6";"13. Anggaran Dasar adalah Anggaran Dasar PT. BPR Artha";"177,26";"540,9139999999999";"824,44";"836,44";"612,0";"BCDGEE+BookmanOldStyle";"12,0";"359,08699999999993";"306,0";"0,08674346405228747";"0,289640522875817";"0,594205882352941";"False";"BATANG TUBUH";"PASAL 1"
"6";"Kanjuruhan Pemkab Malang (Perseroda).";"198,53";"440,22999999999996";"849,636";"861,636";"612,0";"BCDGEE+BookmanOldStyle";"12,0";"319,38";"306,0";"0,021862745098039208";"0,32439542483660133";"0,39493464052287575";"False";"BATANG TUBUH";"PASAL 1"
"7";"7";"302,35";"309,79";"37,379999999999995";"49,379999999999995";"612,0";"BCDGEE+BookmanOldStyle";"12,0";"306,07000000000005";"306,0";"0,000114379084967402";"0,4940359477124183";"0,012156862745098036";"False";"BATANG TUBUH";"PASAL 1"
"7";"BAB II";"287,09";"325,00999999999993";"67,1400000000001";"79,1400000000001";"612,0";"BCDGEE+BookmanOldStyle";"12,0";"306,04999999999995";"306,0";"8,169934640515446e-05";"0,46910130718954246";"0,061960784313725425";"True";"BATANG TUBUH";"BAB II"
"7";"RUANG LINGKUP";"254,21";"357,997988552";"88,98000000000002";"100,98000000000002";"612,0";"BCDGEE+BookmanOldStyle";"12,0";"306,103994276";"306,0";"0,00016992528758166724";"0,41537581699346404";"0,16958821658823525";"True";"BATANG TUBUH";"BAB II"
"7";"Pasal 2";"284,81";"327,29";"132,68000000000006";"144,68000000000006";"612,0";"BCDGEE+BookmanOldStyle";"12,0";"306,05";"306,0";"8,169934640524733e-05";"0,46537581699346403";"0,06941176470588238";"False";"BATANG TUBUH";"PASAL 2"
"7";"Ruang lingkup Peraturan Daerah ini meliputi:";"177,26";"448,48999999999995";"176,36";"188,36";"612,0";"BCDGEE+BookmanOldStyle";"12,0";"312,875";"306,0";"0,011233660130718954";"0,289640522875817";"0,44318627450980386";"False";"BATANG TUBUH";"PASAL 2"
"7";"a. nama dan tempat kedudukan;";"177,26";"377,56999999999994";"198,20000000000005";"210,20000000000005";"612,0";"BCDGEE+BookmanOldStyle";"12,0";"277,41499999999996";"306,0";"0,04670751633986934";"0,289640522875817";"0,32730392156862737";"False";"BATANG TUBUH";"PASAL 2"
"7";"b. maksud dan tujuan;";"177,26";"319,24999999999994";"220,04000000000008";"232,04000000000008";"612,0";"BCDGEE+BookmanOldStyle";"12,0";"248,25499999999997";"306,0";"0,09435457516339875";"0,289640522875817";"0,23200980392156856";"False";"BATANG TUBUH";"PASAL 2"
"7";"c. kegiatan usaha;";"177,26";"292,60999999999996";"241,88";"253,88";"612,0";"BCDGEE+BookmanOldStyle";"12,0";"234,93499999999997";"306,0";"0,11611928104575167";"0,289640522875817";"0,18848039215686269";"False";"BATANG TUBUH";"PASAL 2"
"7";"d. jangka waktu berdiri;";"177,26";"324,77000475999995";"263,72";"275,72";"612,0";"BCDGEE+BookmanOldStyle";"12,0";"251,01500237999997";"306,0";"0,08984476735294122";"0,289640522875817";"0,24102941954248358";"False";"BATANG TUBUH";"PASAL 2"
"7";"e. modal dasar.";"177,26";"275,09";"285,56000000000006";"297,56000000000006";"612,0";"BCDGEE+BookmanOldStyle";"12,0";"226,17499999999998";"306,0";"0,13043300653594775";"0,289640522875817";"0,15985294117647056";"False";"BATANG TUBUH";"PASAL 2"
"7";"BAB III";"285,05";"327,05";"328,9100000000001";"340,9100000000001";"612,0";"BCDGEE+BookmanOldStyle";"12,0";"306,05";"306,0";"8,169934640524733e-05";"0,46576797385620916";"0,06862745098039216";"True";"BATANG TUBUH";"BAB III"
"7";"NAMA DAN TEMPAT KEDUDUKAN";"203,33";"408,7579999999999";"350,3900000000001";"362,3900000000001";"612,0";"BCDGEE+BookmanOldStyle";"12,0";"306,044";"306,0";"7,189542483657307e-05";"0,33223856209150326";"0,3356666666666665";"True";"BATANG TUBUH";"BAB III"
"7";"Bagian Kesatu";"263,33";"348,77000000000004";"393,23";"405,23";"612,0";"BCDGEE+BookmanOldStyle";"12,0";"306,05";"306,0";"8,169934640524733e-05";"0,43027777777777776";"0,139607843137255";"False";"BATANG TUBUH";"BAGIAN KESATU"
"7";"Nama";"289,01";"323,09";"414,59000000000003";"426,59";"612,0";"BCDGEE+BookmanOldStyle";"11,999999999999943";"306,04999999999995";"306,0";"8,169934640515446e-05";"0,4722385620915033";"0,055686274509803894";"False";"BATANG TUBUH";"BAGIAN KESATU"
"7";"Pasal 3";"284,81";"327,31";"457,43";"469,43";"612,0";"BCDGEE+BookmanOldStyle";"12,0";"306,06";"306,0";"9,803921568627822e-05";"0,46537581699346403";"0,06944444444444445";"False";"BATANG TUBUH";"PASAL 3"
"7";"(1) Perusahaan Perseroan Daerah Bank Perkreditan Rakyat";"177,26";"541,0699999999998";"500,27";"512,27";"612,0";"BCDGEE+BookmanOldStyle";"12,0";"359,1649999999999";"306,0";"0,08687091503267959";"0,289640522875817";"0,5944607843137252";"False";"BATANG TUBUH";"PASAL 3"
"7";"Artha Kanjuruhan Pemerintah Kabupaten Malang yang";"198,53";"541,180001431";"521,77";"533,77";"612,0";"BCDGEE+BookmanOldStyle";"12,0";"369,8550007155";"306,0";"0,10433823646323531";"0,32439542483660133";"0,5598856232532681";"False";"BATANG TUBUH";"PASAL 3"
"7";"didirikan dengan Peraturan Daerah Kabupaten Malang";"198,53";"540,95";"543,13";"555,13";"612,0";"BCDGEE+BookmanOldStyle";"12,0";"369,74";"306,0";"0,10415032679738563";"0,32439542483660133";"0,5595098039215688";"False";"BATANG TUBUH";"PASAL 3"
"7";"Nomor 6 Tahun 2004 tentang Perseroan Terbatas (PT)";"198,53";"541,0219999999999";"564,61";"576,61";"612,0";"BCDGEE+BookmanOldStyle";"12,0";"369,77599999999995";"306,0";"0,10420915032679731";"0,32439542483660133";"0,5596274509803921";"False";"BATANG TUBUH";"PASAL 3"
"7";"Bank Perkreditan Rakyat (BPR) Kabupaten Malang";"198,53";"541,058";"585,97";"597,97";"612,0";"BCDGEE+BookmanOldStyle";"12,0";"369,794";"306,0";"0,10423856209150324";"0,32439542483660133";"0,5596862745098039";"False";"BATANG TUBUH";"PASAL 3"
"7";"(Lembaran Daerah Kabupaten Malang Tahun 2004";"198,53";"540,938";"607,45";"619,45";"612,0";"BCDGEE+BookmanOldStyle";"12,0";"369,734";"306,0";"0,10414052287581696";"0,32439542483660133";"0,5594901960784314";"False";"BATANG TUBUH";"PASAL 3"
"7";"Nomor 1/E), sebagaimana telah diubah dengan";"198,53";"541,0699999999999";"628,9300000000001";"640,9300000000001";"612,0";"BCDGEE+BookmanOldStyle";"12,0";"369,79999999999995";"306,0";"0,10424836601307182";"0,32439542483660133";"0,5597058823529412";"False";"BATANG TUBUH";"PASAL 3"
"7";"Peraturan Daerah Kabupaten Malang Nomor 11";"198,53";"541,07";"650,29";"662,29";"612,0";"BCDGEE+BookmanOldStyle";"12,0";"369,8";"306,0";"0,10424836601307191";"0,32439542483660133";"0,5597058823529413";"False";"BATANG TUBUH";"PASAL 3"
"7";"Tahun 2017 tentang Perubahan atas Peraturan Daerah";"198,53";"541,034";"671,77";"683,77";"612,0";"BCDGEE+BookmanOldStyle";"12,0";"369,782";"306,0";"0,10421895424836598";"0,32439542483660133";"0,5596470588235295";"False";"BATANG TUBUH";"PASAL 3"
"7";"Nomor 6 Tahun 2004 tentang Perseroan Terbatas (PT)";"198,53";"541,1560000000001";"693,13";"705,13";"612,0";"BCDGEE+BookmanOldStyle";"12,0";"369,843";"306,0";"0,10431862745098042";"0,32439542483660133";"0,5598464052287583";"False";"BATANG TUBUH";"PASAL 3"
"7";"Bank Perkreditan Rakyat (BPR) Kabupaten Malang";"198,53";"541,058";"714,61";"726,61";"612,0";"BCDGEE+BookmanOldStyle";"12,0";"369,794";"306,0";"0,10423856209150324";"0,32439542483660133";"0,5596862745098039";"False";"BATANG TUBUH";"PASAL 3"
"7";"(Lembaran Daerah Kabupaten Malang Tahun 2017";"198,53";"540,9380102340001";"736,0";"748,0";"612,0";"BCDGEE+BookmanOldStyle";"12,0";"369,73400511700004";"306,0";"0,10414053123692817";"0,32439542483660133";"0,5594902128006538";"False";"BATANG TUBUH";"PASAL 3"
"7";"Nomor 7 Seri D), dan telah disesuaikan bentuk badan";"198,53";"541,0339999999999";"757,48";"769,48";"612,0";"BCDGEE+BookmanOldStyle";"12,0";"369,7819999999999";"306,0";"0,10421895424836589";"0,32439542483660133";"0,5596470588235293";"False";"BATANG TUBUH";"PASAL 3"
"7";"hukumnya berdasarkan Peraturan Daerah Nomor 5";"198,53";"541,046";"778,8399999999999";"790,8399999999999";"612,0";"BCDGEE+BookmanOldStyle";"12,0";"369,788";"306,0";"0,10422875816993465";"0,32439542483660133";"0,5596666666666668";"False";"BATANG TUBUH";"PASAL 3"
"7";"Tahun 2021 tentang Perusahaan Perseroan Daerah Bank";"198,53";"541,3000000000001";"800,3199999999999";"812,32";"612,0";"BCDGEE+BookmanOldStyle";"12,000000000000014";"369,915";"306,0";"0,10443627450980396";"0,32439542483660133";"0,5600816993464054";"False";"BATANG TUBUH";"PASAL 3"
"7";"Perkreditan Rakyat Artha Kanjuruhan Pemerintah";"198,53";"541,202";"821,6800000000001";"833,6800000000001";"612,0";"BCDGEE+BookmanOldStyle";"12,0";"369,866";"306,0";"0,10435620915032677";"0,32439542483660133";"0,559921568627451";"False";"BATANG TUBUH";"PASAL 3"
"7";"Kabupaten Malang, dilanjutkan berdirinya berdasarkan";"198,53";"541,006";"843,156";"855,156";"612,0";"BCDGEE+BookmanOldStyle";"12,0";"369,768";"306,0";"0,1041960784313725";"0,32439542483660133";"0,5596013071895425";"False";"BATANG TUBUH";"PASAL 3"
"7";"Peraturan Daerah ini.";"198,53";"326,92999999999995";"864,516";"876,516";"612,0";"BCDGEE+BookmanOldStyle";"12,0";"262,72999999999996";"306,0";"0,07070261437908502";"0,32439542483660133";"0,20980392156862737";"False";"BATANG TUBUH";"PASAL 3"
"8";"8";"302,35";"309,79";"37,379999999999995";"49,379999999999995";"612,0";"BCDGEE+BookmanOldStyle";"12,0";"306,07000000000005";"306,0";"0,000114379084967402";"0,4940359477124183";"0,012156862745098036";"False";"BATANG TUBUH";"PASAL 3"
"8";"(2) Nama Perusahaan yang pendiriannya sebagaimana";"177,26";"541,0699999999999";"67,25999999999999";"79,25999999999999";"612,0";"BCDGEE+BookmanOldStyle";"12,0";"359,16499999999996";"306,0";"0,08687091503267969";"0,289640522875817";"0,5944607843137254";"False";"BATANG TUBUH";"PASAL 3"
"8";"dimaksud pada ayat (1), melalui Peraturan Daerah ini";"198,53";"541,022";"92,96000000000004";"104,96000000000004";"612,0";"BCDGEE+BookmanOldStyle";"12,0";"369,776";"306,0";"0,10420915032679741";"0,32439542483660133";"0,5596274509803922";"False";"BATANG TUBUH";"PASAL 3"
"8";"diubah dari Perusahaan Perseroan Daerah";"198,53";"541,246";"118,6400000000001";"130,6400000000001";"612,0";"BCDGEE+BookmanOldStyle";"12,0";"369,888";"306,0";"0,10439215686274506";"0,32439542483660133";"0,5599934640522876";"False";"BATANG TUBUH";"PASAL 3"
"8";"Bank Perkreditan Rakyat Artha Kanjuruhan";"198,53";"541,0699999999999";"144,32000000000005";"156,32000000000005";"612,0";"BCDGEE+BookmanOldStyle";"12,0";"369,79999999999995";"306,0";"0,10424836601307182";"0,32439542483660133";"0,5597058823529412";"False";"BATANG TUBUH";"PASAL 3"
"8";"Pemerintah Kabupaten Malang menjadi Perusahaan";"198,53";"541,2019999999999";"169,88";"181,88";"612,0";"BCDGEE+BookmanOldStyle";"12,0";"369,86599999999993";"306,0";"0,10435620915032669";"0,32439542483660133";"0,5599215686274508";"False";"BATANG TUBUH";"PASAL 3"
"8";"Perseroan Daerah Bank Perekonomian Rakyat Artha";"198,53";"540,95";"195,56000000000006";"207,56000000000006";"612,0";"BCDGEE+BookmanOldStyle";"12,0";"369,74";"306,0";"0,10415032679738563";"0,32439542483660133";"0,5595098039215688";"False";"BATANG TUBUH";"PASAL 3"
"8";"Kanjuruhan Pemerintah Kabupaten Malang atau disebut";"198,53";"541,0459523000002";"221,24";"233,24";"612,0";"BCDGEE+BookmanOldStyle";"12,0";"369,7879761500001";"306,0";"0,10422871919934654";"0,32439542483660133";"0,5596665887254906";"False";"BATANG TUBUH";"PASAL 3"
"8";"PT. BPR Artha Kanjuruhan Pemkab Malang (Perseroda).";"198,53";"528,278";"246,80000000000007";"258,80000000000007";"612,0";"BCDGEE+BookmanOldStyle";"12,0";"363,404";"306,0";"0,09379738562091502";"0,32439542483660133";"0,5388039215686276";"False";"BATANG TUBUH";"PASAL 3"
"8";"Pasal 4";"284,81";"327,31";"298,1600000000001";"310,1600000000001";"612,0";"BCDGEE+BookmanOldStyle";"12,0";"306,06";"306,0";"9,803921568627822e-05";"0,46537581699346403";"0,06944444444444445";"False";"BATANG TUBUH";"PASAL 4"
"8";"(1) Bupati berwenang untuk memproses penyesuaian";"177,26";"541,202";"349,43000000000006";"361,43000000000006";"612,0";"BCDGEE+BookmanOldStyle";"12,0";"359,231";"306,0";"0,08697875816993463";"0,289640522875817";"0,5946764705882353";"False";"BATANG TUBUH";"PASAL 4"
"8";"nomenklatur sebagaimana dimaksud dalam Pasal 3.";"198,53";"508,12999999999994";"375,11";"387,11";"612,0";"BCDGEE+BookmanOldStyle";"12,0";"353,33";"306,0";"0,07733660130718951";"0,32439542483660133";"0,5058823529411763";"False";"BATANG TUBUH";"PASAL 4"
"8";"(2) Bupati melalui pejabat yang ditunjuk memproses";"177,26";"541,1899999999999";"400,7900000000001";"412,7900000000001";"612,0";"BCDGEE+BookmanOldStyle";"12,0";"359,22499999999997";"306,0";"0,08696895424836595";"0,289640522875817";"0,594656862745098";"False";"BATANG TUBUH";"PASAL 4"
"8";"penyesuaian nomenklatur sebagaimana dimaksud pada";"198,53";"540,9620000000001";"426,46999999999997";"438,46999999999997";"612,0";"BCDGEE+BookmanOldStyle";"12,0";"369,74600000000004";"306,0";"0,10416013071895432";"0,32439542483660133";"0,559529411764706";"False";"BATANG TUBUH";"PASAL 4"
"8";"ayat (1) kepada pejabat yang berwenang sesuai dengan";"198,53";"541,178";"452,03";"464,03";"612,0";"BCDGEE+BookmanOldStyle";"12,0";"369,854";"306,0";"0,10433660130718952";"0,32439542483660133";"0,5598823529411765";"False";"BATANG TUBUH";"PASAL 4"
"8";"prosedur dan ketentuan peraturan perundang-undangan.";"198,53";"540,1";"477,71";"489,71";"612,0";"BCDGEE+BookmanOldStyle";"12,0";"369,315";"306,0";"0,10345588235294118";"0,32439542483660133";"0,5581209150326798";"False";"BATANG TUBUH";"PASAL 4"
"8";"Bagian Kedua";"265,01";"347,09";"529,0899999999999";"541,0899999999999";"612,0";"BCDGEE+BookmanOldStyle";"12,0";"306,04999999999995";"306,0";"8,169934640515446e-05";"0,43302287581699345";"0,1341176470588235";"False";"BATANG TUBUH";"BAGIAN KEDUA"
"8";"Tempat Kedudukan";"247,97";"364,01";"554,65";"566,65";"612,0";"BCDGEE+BookmanOldStyle";"12,0";"305,99";"306,0";"1,633986928103089e-05";"0,4051797385620915";"0,1896078431372549";"False";"BATANG TUBUH";"BAGIAN KEDUA"
"8";"Pasal 5";"284,81";"327,31";"606,01";"618,01";"612,0";"BCDGEE+BookmanOldStyle";"12,0";"306,06";"306,0";"9,803921568627822e-05";"0,46537581699346403";"0,06944444444444445";"False";"BATANG TUBUH";"PASAL 5"
"8";"(1) PT. BPR Artha Kanjuruhan Pemkab Malang (Perseroda)";"175,58";"541,004";"657,25";"669,25";"612,0";"BCDGEE+BookmanOldStyle";"12,0";"358,29200000000003";"306,0";"0,08544444444444449";"0,28689542483660135";"0,5970980392156863";"False";"BATANG TUBUH";"PASAL 5"
"8";"sebagaimana dimaksud pada Pasal 2 berkedudukan";"198,53";"541,18";"682,93";"694,93";"612,0";"BCDGEE+BookmanOldStyle";"12,0";"369,85499999999996";"306,0";"0,10433823529411758";"0,32439542483660133";"0,5598856209150327";"False";"BATANG TUBUH";"PASAL 5"
"8";"dan berkantor pusat di Kabupaten Malang.";"198,53";"453,4099999999999";"708,61";"720,61";"612,0";"BCDGEE+BookmanOldStyle";"12,0";"325,96999999999997";"306,0";"0,032630718954248315";"0,32439542483660133";"0,416470588235294";"False";"BATANG TUBUH";"PASAL 5"
"8";"(2) PT. BPR Artha Kanjuruhan Pemkab Malang (Perseroda)";"175,58";"541,004";"734,2";"746,2";"612,0";"BCDGEE+BookmanOldStyle";"12,0";"358,29200000000003";"306,0";"0,08544444444444449";"0,28689542483660135";"0,5970980392156863";"False";"BATANG TUBUH";"PASAL 5"
"8";"dapat melakukan kegiatan usaha melalui jaringan kantor";"198,53";"541,3";"759,88";"771,88";"612,0";"BCDGEE+BookmanOldStyle";"12,0";"369,91499999999996";"306,0";"0,10443627450980386";"0,32439542483660133";"0,5600816993464052";"False";"BATANG TUBUH";"PASAL 5"
"8";"fisik dan/atau melalui jaringan teknologi informasi.";"198,53";"503,3300121380001";"785,56";"797,56";"612,0";"BCDGEE+BookmanOldStyle";"12,0";"350,93000606900006";"306,0";"0,07341504259640533";"0,32439542483660133";"0,49803923551960794";"False";"BATANG TUBUH";"PASAL 5"
"8";"(3) Pembentukan Kantor sebagaimana dimaksud pada";"175,58";"541,0400000000001";"811,24";"823,24";"612,0";"BCDGEE+BookmanOldStyle";"12,0";"358,31000000000006";"306,0";"0,08547385620915042";"0,28689542483660135";"0,597156862745098";"False";"BATANG TUBUH";"PASAL 5"
"8";"ayat (2) ditetapkan oleh Komisaris atas usul Direksi,";"198,53";"541,1780000000001";"836,796";"848,796";"612,0";"BCDGEE+BookmanOldStyle";"12,0";"369,85400000000004";"306,0";"0,10433660130718961";"0,32439542483660133";"0,5598823529411767";"False";"BATANG TUBUH";"PASAL 5"
"8";"yang selanjutnya dimintakan izin kepada OJK.";"198,53";"474,58";"862,476";"874,476";"612,0";"BCDGEE+BookmanOldStyle";"12,0";"336,555";"306,0";"0,04992647058823531";"0,32439542483660133";"0,4510620915032679";"False";"BATANG TUBUH";"PASAL 5"
"9";"9";"302,35";"309,79";"37,379999999999995";"49,379999999999995";"612,0";"BCDGEE+BookmanOldStyle";"12,0";"306,07000000000005";"306,0";"0,000114379084967402";"0,4940359477124183";"0,012156862745098036";"False";"BATANG TUBUH";"PASAL 5"
"9";"BAB IV";"284,93";"327,31";"67,1400000000001";"79,1400000000001";"612,0";"BCDGEE+BookmanOldStyle";"12,0";"306,12";"306,0";"0,00019607843137255644";"0,4655718954248366";"0,06924836601307188";"True";"BATANG TUBUH";"BAB IV"
"9";"MAKSUD DAN TUJUAN";"239,81";"379,238";"87,54000000000008";"99,54000000000008";"612,0";"BCDGEE+BookmanOldStyle";"12,0";"309,524";"306,0";"0,005758169934640524";"0,3918464052287582";"0,2278235294117647";"True";"BATANG TUBUH";"BAB IV"
"9";"Bagian Kesatu";"266,81";"352,25000000000006";"128,12";"140,12";"612,0";"BCDGEE+BookmanOldStyle";"12,0";"309,53000000000003";"306,0";"0,005767973856209199";"0,4359640522875817";"0,139607843137255";"False";"BATANG TUBUH";"BAGIAN KESATU"
"9";"Maksud";"285,89";"333,17";"148,4000000000001";"160,4000000000001";"612,0";"BCDGEE+BookmanOldStyle";"12,0";"309,53";"306,0";"0,005767973856209105";"0,467140522875817";"0,07725490196078436";"False";"BATANG TUBUH";"BAGIAN KESATU"
"9";"Pasal 6";"288,29";"330,79";"189,08000000000004";"201,08000000000004";"612,0";"BCDGEE+BookmanOldStyle";"12,0";"309,54";"306,0";"0,00578431372549023";"0,471062091503268";"0,06944444444444445";"False";"BATANG TUBUH";"PASAL 6"
"9";"Maksud pendirian PT. BPR Artha Kanjuruhan";"184,37";"538,658";"229,6400000000001";"241,6400000000001";"612,0";"BCDGEE+BookmanOldStyle";"12,0";"361,514";"306,0";"0,0907091503267974";"0,30125816993464055";"0,5789019607843138";"False";"BATANG TUBUH";"PASAL 6"
"9";"Pemkab Malang (Perseroda) adalah untuk meningkatkan";"184,37";"538,6819999999999";"249,92000000000007";"261,9200000000001";"612,0";"BCDGEE+BookmanOldStyle";"12,0";"361,52599999999995";"306,0";"0,09072875816993456";"0,30125816993464055";"0,5789411764705881";"False";"BATANG TUBUH";"PASAL 6"
"9";"peran dalam menunjang kebijakan dan program";"184,37";"538,658";"270,32000000000005";"282,32000000000005";"612,0";"BCDGEE+BookmanOldStyle";"12,0";"361,514";"306,0";"0,0907091503267974";"0,30125816993464055";"0,5789019607843138";"False";"BATANG TUBUH";"PASAL 6"
"9";"Pemerintah Daerah di bidang ekonomi melalui pelayanan";"184,37";"538,7779999999999";"290,6";"302,6";"612,0";"BCDGEE+BookmanOldStyle";"12,0";"361,57399999999996";"306,0";"0,09080718954248358";"0,30125816993464055";"0,5790980392156861";"False";"BATANG TUBUH";"PASAL 6"
"9";"perbankan kepada masyarakat guna mendorong";"184,37";"538,78";"310,9100000000001";"322,9100000000001";"612,0";"BCDGEE+BookmanOldStyle";"12,0";"361,575";"306,0";"0,09080882352941175";"0,30125816993464055";"0,5791013071895424";"False";"BATANG TUBUH";"PASAL 6"
"9";"pertumbuhan perekonomian, pemerataan pembangunan";"184,37";"538,814";"331,19000000000005";"343,19000000000005";"612,0";"BCDGEE+BookmanOldStyle";"12,0";"361,592";"306,0";"0,09083660130718951";"0,30125816993464055";"0,5791568627450979";"False";"BATANG TUBUH";"PASAL 6"
"9";"Daerah dan sebagai salah satu sumber pendapatan asli";"184,37";"538,822";"351,47";"363,47";"612,0";"BCDGEE+BookmanOldStyle";"12,0";"361,596";"306,0";"0,09084313725490197";"0,30125816993464055";"0,5791699346405229";"False";"BATANG TUBUH";"PASAL 6"
"9";"Daerah dalam rangka mewujudkan masyarakat Daerah";"184,37";"538,7899999999998";"371,87";"383,87";"612,0";"BCDGEE+BookmanOldStyle";"12,0";"361,5799999999999";"306,0";"0,09081699346405217";"0,30125816993464055";"0,5791176470588233";"False";"BATANG TUBUH";"PASAL 6"
"9";"yang maju, mandiri dan berdaya saing berdasarkan tata";"184,37";"538,768";"392,1500000000001";"404,1500000000001";"612,0";"BCDGEE+BookmanOldStyle";"12,0";"361,569";"306,0";"0,09079901960784316";"0,30125816993464055";"0,5790816993464053";"False";"BATANG TUBUH";"PASAL 6"
"9";"kelola perusahaan yang baik.";"184,37";"357,66999999999996";"412,43000000000006";"424,43";"612,0";"BCDGEE+BookmanOldStyle";"11,999999999999943";"271,02";"306,0";"0,05715686274509807";"0,30125816993464055";"0,2831699346405228";"False";"BATANG TUBUH";"PASAL 6"
"9";"Bagian Kedua";"268,49";"350,57";"453,11";"465,11";"612,0";"BCDGEE+BookmanOldStyle";"12,0";"309,53";"306,0";"0,005767973856209105";"0,4387091503267974";"0,1341176470588235";"False";"BATANG TUBUH";"BAGIAN KEDUA"
"9";"Tujuan";"288,41";"330,53000000000003";"473,39";"485,39";"612,0";"BCDGEE+BookmanOldStyle";"12,0";"309,47";"306,0";"0,00566993464052292";"0,47125816993464054";"0,06882352941176471";"False";"BATANG TUBUH";"BAGIAN KEDUA"
"9";"Pasal 7";"288,29";"330,79";"513,95";"525,95";"612,0";"BCDGEE+BookmanOldStyle";"12,0";"309,54";"306,0";"0,00578431372549023";"0,471062091503268";"0,06944444444444445";"False";"BATANG TUBUH";"PASAL 7"
"9";"PT. BPR Artha Kanjuruhan Pemkab Malang (Perseroda)";"184,37";"538,888";"554,65";"566,65";"612,0";"BCDGEE+BookmanOldStyle";"12,0";"361,629";"306,0";"0,09089705882352944";"0,30125816993464055";"0,5792777777777778";"False";"BATANG TUBUH";"PASAL 7"
"9";"bertujuan untuk:";"184,37";"286,60999999999996";"574,9300000000001";"586,9300000000001";"612,0";"BCDGEE+BookmanOldStyle";"12,0";"235,48999999999998";"306,0";"0,11521241830065362";"0,30125816993464055";"0,16705882352941168";"False";"BATANG TUBUH";"PASAL 7"
"9";"a. memberikan manfaat bagi perkembangan";"184,37";"538,814";"595,21";"607,21";"612,0";"BCDGEE+BookmanOldStyle";"12,0";"361,592";"306,0";"0,09083660130718951";"0,30125816993464055";"0,5791568627450979";"False";"BATANG TUBUH";"PASAL 7"
"9";"perekonomian Daerah;";"205,61";"340,00999999999993";"615,49";"627,49";"612,0";"BCDGEE+BookmanOldStyle";"12,0";"272,80999999999995";"306,0";"0,05423202614379094";"0,33596405228758175";"0,21960784313725476";"False";"BATANG TUBUH";"PASAL 7"
"9";"b. memperluas akses keuangan kepada masyarakat;";"184,37";"500,3299999999999";"635,89";"647,89";"612,0";"BCDGEE+BookmanOldStyle";"12,0";"342,34999999999997";"306,0";"0,05939542483660125";"0,30125816993464055";"0,5162745098039214";"False";"BATANG TUBUH";"PASAL 7"
"9";"c. mendorong pembiayaan usaha mikro, kecil, dan";"184,37";"538,7899999999998";"656,1700000000001";"668,1700000000001";"612,0";"BCDGEE+BookmanOldStyle";"12,0";"361,5799999999999";"306,0";"0,09081699346405217";"0,30125816993464055";"0,5791176470588233";"False";"BATANG TUBUH";"PASAL 7"
"9";"menengah yang efektif, efisien, dan berdaya guna sesuai";"205,61";"538,706";"676,45";"688,45";"612,0";"BCDGEE+BookmanOldStyle";"12,0";"372,158";"306,0";"0,10810130718954251";"0,33596405228758175";"0,5442745098039216";"False";"BATANG TUBUH";"PASAL 7"
"9";"dengan ketentuan peraturan perundang-undangan;";"205,61";"511,17999999999995";"696,73";"708,73";"612,0";"BCDGEE+BookmanOldStyle";"12,0";"358,395";"306,0";"0,08561274509803919";"0,33596405228758175";"0,4992973856209149";"False";"BATANG TUBUH";"PASAL 7"
"9";"d. menyelenggarakan kemanfaatan umum berupa";"184,37";"538,694";"717,13";"729,13";"612,0";"BCDGEE+BookmanOldStyle";"12,0";"361,532";"306,0";"0,09073856209150324";"0,30125816993464055";"0,5789607843137254";"False";"BATANG TUBUH";"PASAL 7"
"9";"penyediaan jasa yang bermutu bagi pemenuhan";"205,61";"538,658";"737,44";"749,44";"612,0";"BCDGEE+BookmanOldStyle";"12,0";"372,134";"306,0";"0,108062091503268";"0,33596405228758175";"0,5441960784313725";"False";"BATANG TUBUH";"PASAL 7"
"9";"hajat hidup masyarakat sesuai kondisi, karakteristik";"205,61";"538,6700000000001";"757,72";"769,72";"612,0";"BCDGEE+BookmanOldStyle";"12,0";"372,14000000000004";"306,0";"0,10807189542483667";"0,33596405228758175";"0,5442156862745099";"False";"BATANG TUBUH";"PASAL 7"
"9";"dan potensi Daerah berdasarkan tata kelola";"205,61";"538,7900000000001";"778,0";"790,0";"612,0";"BCDGEE+BookmanOldStyle";"12,0";"372,20000000000005";"306,0";"0,10816993464052295";"0,33596405228758175";"0,5444117647058825";"False";"BATANG TUBUH";"PASAL 7"
"9";"perusahaan yang baik;";"205,61";"340,49000429299997";"798,28";"810,28";"612,0";"BCDGEE+BookmanOldStyle";"12,000000000000014";"273,0500021465";"306,0";"0,053839865773692826";"0,33596405228758175";"0,22039216387745092";"False";"BATANG TUBUH";"PASAL 7"
"9";"e. memperoleh laba dan/atau keuntungan; dan";"184,37";"472,27";"818,6800000000001";"830,6800000000001";"612,0";"BCDGEE+BookmanOldStyle";"12,0";"328,32";"306,0";"0,03647058823529411";"0,30125816993464055";"0,47042483660130713";"False";"BATANG TUBUH";"PASAL 7"
"9";"f. memberikan kontribusi kepada pendapatan asli";"184,37";"538,682";"838,956";"850,956";"612,0";"BCDGEE+BookmanOldStyle";"12,0";"361,526";"306,0";"0,09072875816993466";"0,30125816993464055";"0,5789411764705883";"False";"BATANG TUBUH";"PASAL 7"
"9";"Daerah.";"205,61";"252,41000000000003";"859,236";"871,236";"612,0";"BCDGEE+BookmanOldStyle";"12,0";"229,01000000000002";"306,0";"0,12580065359477122";"0,33596405228758175";"0,07647058823529414";"False";"BATANG TUBUH";"PASAL 7"
"10";"10";"298,61";"313,49";"37,379999999999995";"49,379999999999995";"612,0";"BCDGEE+BookmanOldStyle";"12,0";"306,05";"306,0";"8,169934640524733e-05";"0,4879248366013072";"0,024313725490196073";"False";"BATANG TUBUH";"PASAL 7"
"10";"BAB V";"290,33";"328,51";"67,1400000000001";"79,1400000000001";"612,0";"BCDGEE+BookmanOldStyle";"12,0";"309,41999999999996";"306,0";"0,0055882352941175805";"0,4743954248366013";"0,06238562091503269";"True";"BATANG TUBUH";"BAB V"
"10";"KEGIATAN USAHA";"254,09";"364,718";"86,58000000000004";"98,58000000000004";"612,0";"BCDGEE+BookmanOldStyle";"12,0";"309,404";"306,0";"0,005562091503267968";"0,4151797385620915";"0,18076470588235297";"True";"BATANG TUBUH";"BAB V"
"10";"Pasal 8";"288,17";"330,67";"125,48000000000002";"137,48000000000002";"612,0";"BCDGEE+BookmanOldStyle";"12,0";"309,42";"306,0";"0,005588235294117673";"0,47086601307189546";"0,06944444444444445";"False";"BATANG TUBUH";"PASAL 8"
"10";"(1) Kegiatan usaha PT. BPR Artha Kanjuruhan";"184,37";"538,7899637480002";"164,36";"176,36";"612,0";"BCDGEE+BookmanOldStyle";"12,0";"361,5799818740001";"306,0";"0,0908169638464054";"0,30125816993464055";"0,5791175878235297";"False";"BATANG TUBUH";"PASAL 8"
"10";"Pemkab Malang (Perseroda) meliputi:";"212,69";"431,3299999999999";"183,80000000000007";"195,80000000000007";"612,0";"BCDGEE+BookmanOldStyle";"12,0";"322,01";"306,0";"0,026160130718954233";"0,3475326797385621";"0,3572549019607842";"False";"BATANG TUBUH";"PASAL 8"
"10";"a. menghimpun dana dari masyarakat dalam bentuk";"212,69";"538,7900000000002";"203,24";"215,24";"612,0";"BCDGEE+BookmanOldStyle";"12,0";"375,7400000000001";"306,0";"0,11395424836601327";"0,3475326797385621";"0,5328431372549023";"False";"BATANG TUBUH";"PASAL 8"
"10";"simpanan berupa tabungan dan deposito";"234,05";"538,9";"222,56000000000006";"234,56000000000006";"612,0";"BCDGEE+BookmanOldStyle";"12,0";"386,475";"306,0";"0,13149509803921572";"0,38243464052287585";"0,4981209150326797";"False";"BATANG TUBUH";"PASAL 8"
"10";"berjangka dan/atau bentuk lainnya yang";"234,05";"538,8019999999999";"242,0";"254,0";"612,0";"BCDGEE+BookmanOldStyle";"12,0";"386,42599999999993";"306,0";"0,13141503267973845";"0,38243464052287585";"0,4979607843137253";"False";"BATANG TUBUH";"PASAL 8"
"10";"dipersamakan;";"234,05";"321,65";"261,44000000000005";"273,44000000000005";"612,0";"BCDGEE+BookmanOldStyle";"12,0";"277,85";"306,0";"0,04599673202614375";"0,38243464052287585";"0,14313725490196072";"False";"BATANG TUBUH";"PASAL 8"
"10";"b. menyalurkan dana dalam bentuk kredit;";"212,69";"473,38";"280,88";"292,88";"612,0";"BCDGEE+BookmanOldStyle";"12,0";"343,03499999999997";"306,0";"0,06051470588235289";"0,3475326797385621";"0,4259640522875817";"False";"BATANG TUBUH";"PASAL 8"
"10";"c. melakukan kegiatan transfer dana baik untuk";"212,69";"538,7900000000002";"300,32000000000005";"312,32000000000005";"612,0";"BCDGEE+BookmanOldStyle";"12,0";"375,7400000000001";"306,0";"0,11395424836601327";"0,3475326797385621";"0,5328431372549023";"False";"BATANG TUBUH";"PASAL 8"
"10";"kepentingan sendiri maupun kepentingan";"234,05";"538,814";"319,7900000000001";"331,7900000000001";"612,0";"BCDGEE+BookmanOldStyle";"12,0";"386,432";"306,0";"0,13142483660130722";"0,38243464052287585";"0,4979803921568627";"False";"BATANG TUBUH";"PASAL 8"
"10";"nasabah;";"234,05";"288,28999999999996";"339,23";"351,23";"612,0";"BCDGEE+BookmanOldStyle";"12,0";"261,16999999999996";"306,0";"0,07325163398692817";"0,38243464052287585";"0,08862745098039208";"False";"BATANG TUBUH";"PASAL 8"
"10";"d. menempatkan dana pada Bank lain, meminjam";"212,69";"538,79";"358,6700000000001";"370,6700000000001";"612,0";"BCDGEE+BookmanOldStyle";"12,0";"375,74";"306,0";"0,11395424836601309";"0,3475326797385621";"0,532843137254902";"False";"BATANG TUBUH";"PASAL 8"
"10";"dana dari Bank lain, atau meminjamkan dana";"234,05";"538,778";"378,11";"390,11";"612,0";"BCDGEE+BookmanOldStyle";"12,0";"386,414";"306,0";"0,1313954248366013";"0,38243464052287585";"0,497921568627451";"False";"BATANG TUBUH";"PASAL 8"
"10";"kepada Bank lain;";"234,05";"341,33";"397,43000000000006";"409,43000000000006";"612,0";"BCDGEE+BookmanOldStyle";"12,0";"287,69";"306,0";"0,029918300653594774";"0,38243464052287585";"0,17529411764705877";"False";"BATANG TUBUH";"PASAL 8"
"10";"e. melakukan kegiatan usaha penukaran valuta";"212,69";"538,6700000000001";"416,87";"428,87";"612,0";"BCDGEE+BookmanOldStyle";"12,0";"375,68000000000006";"306,0";"0,1138562091503269";"0,3475326797385621";"0,5326470588235296";"False";"BATANG TUBUH";"PASAL 8"
"10";"asing;";"234,05";"269,09";"436,31";"448,31";"612,0";"BCDGEE+BookmanOldStyle";"12,0";"251,57";"306,0";"0,08893790849673204";"0,38243464052287585";"0,057254901960784255";"False";"BATANG TUBUH";"PASAL 8"
"10";"f. melakukan penyertaan modal pada lembaga";"212,69";"538,8340000000001";"455,75";"467,75";"612,0";"BCDGEE+BookmanOldStyle";"12,0";"375,76200000000006";"306,0";"0,11399019607843147";"0,3475326797385621";"0,5329150326797386";"False";"BATANG TUBUH";"PASAL 8"
"10";"penunjang BPR sesuai dengan pembatasan";"234,05";"538,8019999999999";"475,19";"487,19";"612,0";"BCDGEE+BookmanOldStyle";"12,0";"386,42599999999993";"306,0";"0,13141503267973845";"0,38243464052287585";"0,4979607843137253";"False";"BATANG TUBUH";"PASAL 8"
"10";"yang diatur dalam ketentuan peraturan";"234,05";"538,8019999999999";"494,63";"506,63";"612,0";"BCDGEE+BookmanOldStyle";"12,0";"386,42599999999993";"306,0";"0,13141503267973845";"0,38243464052287585";"0,4979607843137253";"False";"BATANG TUBUH";"PASAL 8"
"10";"perundang-undangan;";"234,05";"366,30999999999995";"514,0699999999999";"526,0699999999999";"612,0";"BCDGEE+BookmanOldStyle";"12,0";"300,17999999999995";"306,0";"0,00950980392156871";"0,38243464052287585";"0,216111111111111";"False";"BATANG TUBUH";"PASAL 8"
"10";"g. melakukan kerja sama dengan LJK lain dan";"212,69";"538,7779999999999";"533,53";"545,53";"612,0";"BCDGEE+BookmanOldStyle";"12,0";"375,7339999999999";"306,0";"0,11394444444444432";"0,3475326797385621";"0,5328235294117646";"False";"BATANG TUBUH";"PASAL 8"
"10";"kerja sama dengan selain LJK dalam pemberian";"234,05";"538,79";"552,97";"564,97";"612,0";"BCDGEE+BookmanOldStyle";"12,0";"386,41999999999996";"306,0";"0,13140522875816987";"0,38243464052287585";"0,49794117647058816";"False";"BATANG TUBUH";"PASAL 8"
"10";"layanan jasa keuangan kepada Nasabah;";"234,05";"475,74999999999994";"572,29";"584,29";"612,0";"BCDGEE+BookmanOldStyle";"12,0";"354,9";"306,0";"0,07990196078431369";"0,38243464052287585";"0,3949346405228757";"False";"BATANG TUBUH";"PASAL 8"
"10";"h. melakukan kegiatan pengalihan piutang; dan/atau";"212,69";"535,7299999999999";"591,73";"603,73";"612,0";"BCDGEE+BookmanOldStyle";"12,0";"374,2099999999999";"306,0";"0,11145424836601295";"0,3475326797385621";"0,5278431372549018";"False";"BATANG TUBUH";"PASAL 8"
"10";"i. melakukan kegiatan lainnya dengan persetujuan";"212,69";"538,682";"611,1700000000001";"623,1700000000001";"612,0";"BCDGEE+BookmanOldStyle";"12,0";"375,68600000000004";"306,0";"0,11386601307189548";"0,3475326797385621";"0,5326666666666667";"False";"BATANG TUBUH";"PASAL 8"
"10";"OJK.";"234,05";"263,33";"630,61";"642,61";"612,0";"BCDGEE+BookmanOldStyle";"12,0";"248,69";"306,0";"0,09364379084967321";"0,38243464052287585";"0,04784313725490191";"True";"BATANG TUBUH";"PASAL 8"
"10";"(2) Dalam melaksanakan kegiatan usaha sebagaimana";"184,37";"538,8019999999999";"650,05";"662,05";"612,0";"BCDGEE+BookmanOldStyle";"12,0";"361,58599999999996";"306,0";"0,09082679738562084";"0,30125816993464055";"0,5791372549019607";"False";"BATANG TUBUH";"PASAL 8"
"10";"dimaksud pada ayat (1), PT. BPR Artha Kanjuruhan";"212,69";"538,6779999999999";"669,49";"681,49";"612,0";"BCDGEE+BookmanOldStyle";"12,0";"375,68399999999997";"306,0";"0,11386274509803916";"0,3475326797385621";"0,532660130718954";"False";"BATANG TUBUH";"PASAL 8"
"10";"Pemkab Malang (Perseroda) dapat memanfaatkan";"212,69";"538,9";"688,93";"700,93";"612,0";"BCDGEE+BookmanOldStyle";"12,0";"375,79499999999996";"306,0";"0,11404411764705875";"0,3475326797385621";"0,5330228758169935";"False";"BATANG TUBUH";"PASAL 8"
"10";"teknologi informasi.";"212,69";"329,09";"708,37";"720,37";"612,0";"BCDGEE+BookmanOldStyle";"12,0";"270,89";"306,0";"0,057369281045751654";"0,3475326797385621";"0,1901960784313725";"False";"BATANG TUBUH";"PASAL 8"
"10";"Pasal 9";"283,61";"326,11";"747,16";"759,16";"612,0";"BCDGEE+BookmanOldStyle";"12,0";"304,86";"306,0";"0,0018627450980391934";"0,4634150326797386";"0,06944444444444445";"False";"BATANG TUBUH";"PASAL 9"
"10";"PT. BPR Artha Kanjuruhan Pemkab Malang (Perseroda)";"184,37";"538,778";"786,04";"798,04";"612,0";"BCDGEE+BookmanOldStyle";"12,0";"361,574";"306,0";"0,09080718954248368";"0,30125816993464055";"0,5790980392156863";"False";"BATANG TUBUH";"PASAL 9"
"10";"dilarang:";"184,37";"236,45000000000002";"805,48";"817,48";"612,0";"BCDGEE+BookmanOldStyle";"12,000000000000014";"210,41000000000003";"306,0";"0,1561928104575163";"0,30125816993464055";"0,08509803921568629";"False";"BATANG TUBUH";"PASAL 9"
"10";"a. menerima simpanan berupa giro;";"184,37";"401,71";"824,92";"836,92";"612,0";"BCDGEE+BookmanOldStyle";"12,0";"293,03999999999996";"306,0";"0,021176470588235352";"0,30125816993464055";"0,3551307189542483";"False";"BATANG TUBUH";"PASAL 9"
"10";"b. melakukan kegiatan usaha dalam valuta asing,";"184,37";"538,7900000000001";"844,356";"856,356";"612,0";"BCDGEE+BookmanOldStyle";"12,0";"361,58000000000004";"306,0";"0,09081699346405235";"0,30125816993464055";"0,5791176470588236";"False";"BATANG TUBUH";"PASAL 9"
"10";"kecuali kegiatan usaha penukaran valuta asing;";"205,61";"489,29";"863,796";"875,796";"612,0";"BCDGEE+BookmanOldStyle";"12,000000000000007";"347,45000000000005";"306,0";"0,06772875816993472";"0,33596405228758175";"0,4635294117647059";"False";"BATANG TUBUH";"PASAL 9"
"11";"11";"298,61";"313,49";"37,379999999999995";"49,379999999999995";"612,0";"BCDGEE+BookmanOldStyle";"12,0";"306,05";"306,0";"8,169934640524733e-05";"0,4879248366013072";"0,024313725490196073";"False";"BATANG TUBUH";"PASAL 9"
"11";"c. melakukan penyertaan modal, kecuali sebagaimana";"184,37";"538,658";"67,1400000000001";"79,1400000000001";"612,0";"BCDGEE+BookmanOldStyle";"12,0";"361,514";"306,0";"0,0907091503267974";"0,30125816993464055";"0,5789019607843138";"False";"BATANG TUBUH";"PASAL 9"
"11";"dimaksud dalam Pasal 8 ayat (1) huruf f;";"205,61";"446,59";"87,66000000000008";"99,66000000000008";"612,0";"BCDGEE+BookmanOldStyle";"12,0";"326,1";"306,0";"0,032843137254902";"0,33596405228758175";"0,39375816993464047";"False";"BATANG TUBUH";"PASAL 9"
"11";"d. membeli surat berharga, kecuali yang diterbitkan oleh";"184,37";"538,7679999999999";"108,08000000000004";"120,08000000000004";"612,0";"BCDGEE+BookmanOldStyle";"12,0";"361,56899999999996";"306,0";"0,09079901960784308";"0,30125816993464055";"0,5790816993464051";"False";"BATANG TUBUH";"PASAL 9"
"11";"Bank Indonesia, Pemerintah, atau Pemerintah Daerah;";"205,61";"529,1179999999999";"128,48000000000002";"140,48000000000002";"612,0";"BCDGEE+BookmanOldStyle";"12,0";"367,364";"306,0";"0,10026797385620911";"0,33596405228758175";"0,5286078431372547";"False";"BATANG TUBUH";"PASAL 9"
"11";"e. melakukan usaha perasuransian, kecuali memasarkan";"184,37";"538,6819999999999";"148,88";"160,88";"612,0";"BCDGEE+BookmanOldStyle";"12,0";"361,52599999999995";"306,0";"0,09072875816993456";"0,30125816993464055";"0,5789411764705881";"False";"BATANG TUBUH";"PASAL 9"
"11";"produk asuransi dalam rangka kerja sama sebagaimana";"205,61";"538,6340000000001";"169,2800000000001";"181,2800000000001";"612,0";"BCDGEE+BookmanOldStyle";"12,0";"372,12200000000007";"306,0";"0,10804248366013083";"0,33596405228758175";"0,5441568627450982";"False";"BATANG TUBUH";"PASAL 9"
"11";"dimaksud dalam Pasal 8 ayat (1) huruf g; dan";"205,61";"475,39000000000004";"189,80000000000007";"201,80000000000007";"612,0";"BCDGEE+BookmanOldStyle";"12,0";"340,5";"306,0";"0,056372549019607844";"0,33596405228758175";"0,44081699346405234";"False";"BATANG TUBUH";"PASAL 9"
"11";"f. melakukan usaha lain di luar kegiatan usaha";"184,37";"538,5260000000001";"210,20000000000005";"222,20000000000005";"612,0";"BCDGEE+BookmanOldStyle";"12,0";"361,44800000000004";"306,0";"0,09060130718954254";"0,30125816993464055";"0,578686274509804";"False";"BATANG TUBUH";"PASAL 9"
"11";"sebagaimana dimaksud dalam Pasal 8.";"205,61";"435,34";"230,60000000000002";"242,60000000000002";"612,0";"BCDGEE+BookmanOldStyle";"12,0";"320,475";"306,0";"0,023651960784313763";"0,33596405228758175";"0,375375816993464";"False";"BATANG TUBUH";"PASAL 9"
"11";"Pasal 10";"284,45";"334,39";"271,4000000000001";"283,4000000000001";"612,0";"BCDGEE+BookmanOldStyle";"12,0";"309,41999999999996";"306,0";"0,0055882352941175805";"0,46478758169934636";"0,08160130718954248";"False";"BATANG TUBUH";"PASAL 10"
"11";"Dalam memberikan kredit sebagaimana dimaksud pada";"184,37";"538,702";"312,35";"324,35";"612,0";"BCDGEE+BookmanOldStyle";"12,0";"361,536";"306,0";"0,09074509803921568";"0,30125816993464055";"0,5789738562091503";"False";"BATANG TUBUH";"PASAL 10"
"11";"Pasal 8 Ayat (1) huruf b, PT. BPR Artha Kanjuruhan";"184,37";"538,6339999999999";"332,75";"344,75";"612,0";"BCDGEE+BookmanOldStyle";"12,0";"361,50199999999995";"306,0";"0,09068954248366005";"0,30125816993464055";"0,578862745098039";"False";"BATANG TUBUH";"PASAL 8"
"11";"Pemkab Malang (Perseroda) wajib mempunyai keyakinan";"184,37";"538,79";"353,1500000000001";"365,1500000000001";"612,0";"BCDGEE+BookmanOldStyle";"12,0";"361,58";"306,0";"0,09081699346405227";"0,30125816993464055";"0,5791176470588235";"False";"BATANG TUBUH";"PASAL 8"
"11";"atas kemampuan dan kesanggupan debitur untuk";"184,37";"538,7540000000001";"373,55000000000007";"385,55000000000007";"612,0";"BCDGEE+BookmanOldStyle";"12,0";"361,56200000000007";"306,0";"0,09078758169934652";"0,30125816993464055";"0,579058823529412";"False";"BATANG TUBUH";"PASAL 8"
"11";"melunasi hutangnya sesuai dengan yang diperjanjikan.";"184,37";"511,01";"394,07000000000005";"406,07000000000005";"612,0";"BCDGEE+BookmanOldStyle";"12,0";"347,69";"306,0";"0,06812091503267974";"0,30125816993464055";"0,5337254901960784";"False";"BATANG TUBUH";"PASAL 8"
"11";"Pasal 11";"284,45";"334,39";"434,87";"446,87";"612,0";"BCDGEE+BookmanOldStyle";"12,0";"309,41999999999996";"306,0";"0,0055882352941175805";"0,46478758169934636";"0,08160130718954248";"False";"BATANG TUBUH";"PASAL 11"
"11";"PT. BPR Artha Kanjuruhan Pemkab Malang (Perseroda)";"184,37";"538,778";"475,67";"487,67";"612,0";"BCDGEE+BookmanOldStyle";"12,0";"361,574";"306,0";"0,09080718954248368";"0,30125816993464055";"0,5790980392156863";"False";"BATANG TUBUH";"PASAL 11"
"11";"dapat melakukan penawaran umum di bursa efek sesuai";"184,37";"538,78";"496,19";"508,19";"612,0";"BCDGEE+BookmanOldStyle";"12,0";"361,575";"306,0";"0,09080882352941175";"0,30125816993464055";"0,5791013071895424";"False";"BATANG TUBUH";"PASAL 11"
"11";"dengan ketentuan perundang-undangan.";"184,37";"427,29999999999995";"516,61";"528,61";"612,0";"BCDGEE+BookmanOldStyle";"12,0";"305,835";"306,0";"0,00026960784313728834";"0,30125816993464055";"0,3969444444444444";"False";"BATANG TUBUH";"PASAL 11"
"11";"BAB VI";"288,41";"330,66999999999996";"557,41";"569,41";"612,0";"BCDGEE+BookmanOldStyle";"12,0";"309,53999999999996";"306,0";"0,005784313725490137";"0,47125816993464054";"0,06905228758169923";"True";"BATANG TUBUH";"BAB VI"
"11";"JANGKA WAKTU BERDIRI";"231,53";"387,50600906299996";"577,81";"589,81";"612,0";"BCDGEE+BookmanOldStyle";"12,0";"309,51800453149997";"306,0";"0,0057483734174836095";"0,3783169934640523";"0,2548627599068627";"True";"BATANG TUBUH";"BAB VI"
"11";"Pasal 12";"284,57";"334,51";"618,73";"630,73";"612,0";"BCDGEE+BookmanOldStyle";"12,0";"309,53999999999996";"306,0";"0,005784313725490137";"0,46498366013071896";"0,08160130718954248";"False";"BATANG TUBUH";"PASAL 12"
"11";"PT. BPR Artha Kanjuruhan Pemkab Malang (Perseroda)";"184,37";"538,778";"659,53";"671,53";"612,0";"BCDGEE+BookmanOldStyle";"12,0";"361,574";"306,0";"0,09080718954248368";"0,30125816993464055";"0,5790980392156863";"False";"BATANG TUBUH";"PASAL 12"
"11";"didirikan untuk jangka waktu yang tidak terbatas.";"184,37";"482,6900076160002";"679,9300000000001";"691,93";"612,0";"BCDGEE+BookmanOldStyle";"11,999999999999972";"333,53000380800006";"306,0";"0,04498366635294127";"0,30125816993464055";"0,4874509928366016";"False";"BATANG TUBUH";"PASAL 12"
"11";"BAB VII";"286,25";"332,57";"720,85";"732,85";"612,0";"BCDGEE+BookmanOldStyle";"12,0";"309,40999999999997";"306,0";"0,005571895424836549";"0,46772875816993464";"0,0756862745098039";"True";"BATANG TUBUH";"BAB VII"
"11";"MODAL DASAR";"263,45";"355,37";"741,28";"753,28";"612,0";"BCDGEE+BookmanOldStyle";"12,0";"309,40999999999997";"306,0";"0,005571895424836549";"0,4304738562091503";"0,1501960784313726";"True";"BATANG TUBUH";"BAB VII"
"11";"Pasal 13";"284,45";"334,37";"782,0799999999999";"794,0799999999999";"612,0";"BCDGEE+BookmanOldStyle";"12,0";"309,40999999999997";"306,0";"0,005571895424836549";"0,46478758169934636";"0,08156862745098042";"False";"BATANG TUBUH";"PASAL 13"
"11";"(1) Modal dasar PT. BPR Artha Kanjuruhan Pemkab Malang";"184,37";"538,8859999999997";"823,0";"835,0";"612,0";"BCDGEE+BookmanOldStyle";"12,0";"361,6279999999999";"306,0";"0,0908954248366011";"0,30125816993464055";"0,5792745098039211";"False";"BATANG TUBUH";"PASAL 13"
"11";"(Perseroda) ditetapkan sebesar Rp50.000.000.000,00";"205,61";"538,8139999999997";"843,396";"855,396";"612,0";"BCDGEE+BookmanOldStyle";"12,0";"372,2119999999999";"306,0";"0,10818954248365993";"0,33596405228758175";"0,5444509803921564";"False";"BATANG TUBUH";"PASAL 13"
"11";"(lima puluh miliar rupiah).";"205,61";"354,6499999999999";"863,796";"875,796";"612,0";"BCDGEE+BookmanOldStyle";"12,000000000000007";"280,13";"306,0";"0,042271241830065365";"0,33596405228758175";"0,24352941176470572";"False";"BATANG TUBUH";"PASAL 13"
"12";"12";"298,61";"313,49";"37,379999999999995";"49,379999999999995";"612,0";"BCDGEE+BookmanOldStyle";"12,0";"306,05";"306,0";"8,169934640524733e-05";"0,4879248366013072";"0,024313725490196073";"False";"BATANG TUBUH";"PASAL 13"
"12";"(2) Modal dasar sebagaimana dimaksud pada ayat (1)";"184,37";"538,658";"67,1400000000001";"79,1400000000001";"612,0";"BCDGEE+BookmanOldStyle";"12,0";"361,514";"306,0";"0,0907091503267974";"0,30125816993464055";"0,5789019607843138";"False";"BATANG TUBUH";"PASAL 13"
"12";"bersumber dari penyertaan modal Daerah.";"205,61";"456,65000000000003";"86,94000000000005";"98,94000000000005";"612,0";"BCDGEE+BookmanOldStyle";"12,0";"331,13";"306,0";"0,041062091503267964";"0,33596405228758175";"0,41019607843137257";"False";"BATANG TUBUH";"PASAL 13"
"12";"(3) Modal ditempatkan dan modal disetor PT. BPR Artha";"184,37";"538,514";"106,6400000000001";"118,6400000000001";"612,0";"BCDGEE+BookmanOldStyle";"12,0";"361,442";"306,0";"0,09059150326797387";"0,30125816993464055";"0,5786666666666667";"False";"BATANG TUBUH";"PASAL 13"
"12";"Kanjuruhan Pemkab Malang (Perseroda) ditetapkan";"205,61";"538,6819561160002";"126,32000000000005";"138,32000000000005";"612,0";"BCDGEE+BookmanOldStyle";"12,0";"372,1459780580001";"306,0";"0,10808166349346418";"0,33596405228758175";"0,5442352224117649";"False";"BATANG TUBUH";"PASAL 13"
"12";"sekurang-kurangnya sebesar 25% (dua puluh";"205,61";"538,6819999999999";"146,12";"158,12";"612,0";"BCDGEE+BookmanOldStyle";"12,0";"372,14599999999996";"306,0";"0,10808169934640516";"0,33596405228758175";"0,5442352941176469";"False";"BATANG TUBUH";"PASAL 13"
"12";"lima persen) dari modal dasar.";"205,61";"385,3700069020001";"165,80000000000007";"177,80000000000007";"612,0";"BCDGEE+BookmanOldStyle";"12,0";"295,49000345100006";"306,0";"0,017173196975490093";"0,33596405228758175";"0,2937255014738564";"False";"BATANG TUBUH";"PASAL 13"
"12";"BAB VIII";"284,33";"334,72999999999996";"205,2800000000001";"217,2800000000001";"612,0";"BCDGEE+BookmanOldStyle";"12,0";"309,53";"306,0";"0,005767973856209105";"0,4645915032679738";"0,08235294117647055";"True";"BATANG TUBUH";"BAB VIII"
"12";"PEMBINAAN DAN PENGAWASAN";"211,61";"407,46999999999997";"224,96000000000004";"236,96000000000004";"612,0";"BCDGEE+BookmanOldStyle";"12,0";"309,53999999999996";"306,0";"0,005784313725490137";"0,34576797385620917";"0,32003267973856203";"True";"BATANG TUBUH";"BAB VIII"
"12";"Bagian Kesatu";"266,81";"352,25000000000006";"264,44000000000005";"276,44000000000005";"612,0";"BCDGEE+BookmanOldStyle";"12,0";"309,53000000000003";"306,0";"0,005767973856209199";"0,4359640522875817";"0,139607843137255";"False";"BATANG TUBUH";"BAGIAN KESATU"
"12";"Pembinaan";"276,65";"342,41";"284,12";"296,12";"612,0";"BCDGEE+BookmanOldStyle";"12,0";"309,53";"306,0";"0,005767973856209105";"0,45204248366013067";"0,10745098039215695";"False";"BATANG TUBUH";"BAGIAN KESATU"
"12";"Pasal 14";"284,57";"334,49";"323,63";"335,63";"612,0";"BCDGEE+BookmanOldStyle";"12,0";"309,53";"306,0";"0,005767973856209105";"0,46498366013071896";"0,08156862745098042";"False";"BATANG TUBUH";"PASAL 14"
"12";"(1) Pemerintah Daerah melakukan pembinaan terhadap";"184,37";"538,658";"362,99";"374,99";"612,0";"BCDGEE+BookmanOldStyle";"12,0";"361,514";"306,0";"0,0907091503267974";"0,30125816993464055";"0,5789019607843138";"False";"BATANG TUBUH";"PASAL 14"
"12";"pengurusan PT. BPR Artha Kanjuruhan Pemkab Malang";"205,61";"538,658";"382,7900000000001";"394,7900000000001";"612,0";"BCDGEE+BookmanOldStyle";"12,0";"372,134";"306,0";"0,108062091503268";"0,33596405228758175";"0,5441960784313725";"False";"BATANG TUBUH";"PASAL 14"
"12";"(Perseroda).";"205,61";"274,48999999999995";"402,47";"414,47";"612,0";"BCDGEE+BookmanOldStyle";"12,0";"240,04999999999998";"306,0";"0,10776143790849677";"0,33596405228758175";"0,11254901960784304";"False";"BATANG TUBUH";"PASAL 14"
"12";"(2) Pembinaan sebagaimana dimaksud ayat (1)";"184,37";"538,6940000000001";"422,15";"434,15";"612,0";"BCDGEE+BookmanOldStyle";"12,0";"361,53200000000004";"306,0";"0,09073856209150333";"0,30125816993464055";"0,5789607843137256";"False";"BATANG TUBUH";"PASAL 14"
"12";"dilaksanakan oleh:";"205,61";"317,23";"441,95";"453,95";"612,0";"BCDGEE+BookmanOldStyle";"12,0";"261,42";"306,0";"0,07284313725490194";"0,33596405228758175";"0,1823856209150327";"False";"BATANG TUBUH";"PASAL 14"
"12";"a. Sekretaris Daerah;";"205,61";"337,39";"461,63";"473,63";"612,0";"BCDGEE+BookmanOldStyle";"12,0";"271,5";"306,0";"0,056372549019607844";"0,33596405228758175";"0,21532679738562088";"False";"BATANG TUBUH";"PASAL 14"
"12";"b. pejabat pada Pemerintah Daerah yang melakukan";"205,61";"538,834";"481,31";"493,31";"612,0";"BCDGEE+BookmanOldStyle";"12,0";"372,222";"306,0";"0,10820588235294114";"0,33596405228758175";"0,5444836601307188";"False";"BATANG TUBUH";"PASAL 14"
"12";"fungsi pembinaan teknis BUMD; dan";"226,97";"445,3700076160001";"501,11";"513,11";"612,0";"BCDGEE+BookmanOldStyle";"12,0";"336,17000380800005";"306,0";"0,049297391843137334";"0,37086601307189543";"0,35686275754248387";"False";"BATANG TUBUH";"PASAL 14"
"12";"c. pejabat pada Pemerintah Daerah yang";"205,61";"538,802";"520,81";"532,81";"612,0";"BCDGEE+BookmanOldStyle";"12,0";"372,206";"306,0";"0,10817973856209154";"0,33596405228758175";"0,5444313725490196";"False";"BATANG TUBUH";"PASAL 14"
"12";"melaksanakan fungsi pengawasan atas permintaan";"226,97";"538,7139999999998";"540,49";"552,49";"612,0";"BCDGEE+BookmanOldStyle";"12,0";"382,8419999999999";"306,0";"0,12555882352941164";"0,37086601307189543";"0,5093856209150324";"False";"BATANG TUBUH";"PASAL 14"
"12";"Sekretaris Daerah.";"226,97";"335,546";"560,29";"572,29";"612,0";"BCDGEE+BookmanOldStyle";"12,0";"281,258";"306,0";"0,04042810457516343";"0,37086601307189543";"0,17741176470588235";"False";"BATANG TUBUH";"PASAL 14"
"12";"Pasal 15";"279,89";"329,81";"599,65";"611,65";"612,0";"BCDGEE+BookmanOldStyle";"12,0";"304,85";"306,0";"0,0018790849673202242";"0,4573366013071895";"0,08156862745098042";"False";"BATANG TUBUH";"PASAL 15"
"12";"Sekretaris Daerah melaksanakan pembinaan terhadap";"184,37";"538,6700000000001";"639,13";"651,13";"612,0";"BCDGEE+BookmanOldStyle";"12,0";"361,52000000000004";"306,0";"0,09071895424836608";"0,30125816993464055";"0,5789215686274511";"False";"BATANG TUBUH";"PASAL 15"
"12";"pengurusan PT. BPR Artha Kanjuruhan Pemkab Malang";"184,37";"538,888";"658,81";"670,81";"612,0";"BCDGEE+BookmanOldStyle";"12,0";"361,629";"306,0";"0,09089705882352944";"0,30125816993464055";"0,5792777777777778";"False";"BATANG TUBUH";"PASAL 15"
"12";"(Perseroda) pada kebijakan yang bersifat strategis.";"184,37";"481,01000000000005";"678,61";"690,61";"612,0";"BCDGEE+BookmanOldStyle";"11,999999999999972";"332,69000000000005";"306,0";"0,0436111111111112";"0,30125816993464055";"0,48470588235294126";"False";"BATANG TUBUH";"PASAL 15"
"12";"Pasal 16";"279,89";"329,81";"717,97";"729,97";"612,0";"BCDGEE+BookmanOldStyle";"12,0";"304,85";"306,0";"0,0018790849673202242";"0,4573366013071895";"0,08156862745098042";"False";"BATANG TUBUH";"PASAL 16"
"12";"(1) Pejabat pada Pemerintah Daerah yang melakukan";"184,37";"538,7899999999998";"757,48";"769,48";"612,0";"BCDGEE+BookmanOldStyle";"12,0";"361,5799999999999";"306,0";"0,09081699346405217";"0,30125816993464055";"0,5791176470588233";"False";"BATANG TUBUH";"PASAL 16"
"12";"fungsi pembinaan teknis BUMD sebagaimana dimaksud";"205,61";"538,646";"777,16";"789,16";"612,0";"BCDGEE+BookmanOldStyle";"12,0";"372,128";"306,0";"0,10805228758169932";"0,33596405228758175";"0,5441764705882352";"False";"BATANG TUBUH";"PASAL 16"
"12";"dalam Pasal 14 ayat (2) huruf b, mempunyai tugas";"205,61";"538,586";"796,96";"808,96";"612,0";"BCDGEE+BookmanOldStyle";"12,000000000000014";"372,098";"306,0";"0,10800326797385623";"0,33596405228758175";"0,544078431372549";"False";"BATANG TUBUH";"PASAL 16"
"12";"melakukan:";"205,61";"275,45";"816,64";"828,64";"612,0";"BCDGEE+BookmanOldStyle";"12,0";"240,53";"306,0";"0,10697712418300653";"0,33596405228758175";"0,11411764705882349";"False";"BATANG TUBUH";"PASAL 16"
"12";"a. pembinaan organisasi, manajemen, dan keuangan;";"205,61";"528,43";"836,316";"848,316";"612,0";"BCDGEE+BookmanOldStyle";"12,0";"367,02";"306,0";"0,09970588235294114";"0,33596405228758175";"0,5274836601307189";"False";"BATANG TUBUH";"PASAL 16"
"12";"b. pembinaan kepengurusan;";"205,61";"384,89";"856,116";"868,116";"612,0";"BCDGEE+BookmanOldStyle";"12,0";"295,25";"306,0";"0,017565359477124183";"0,33596405228758175";"0,2929411764705882";"False";"BATANG TUBUH";"PASAL 16"
"13";"13";"298,61";"313,49";"37,379999999999995";"49,379999999999995";"612,0";"BCDGEE+BookmanOldStyle";"12,0";"306,05";"306,0";"8,169934640524733e-05";"0,4879248366013072";"0,024313725490196073";"False";"BATANG TUBUH";"PASAL 16"
"13";"c. pembinaan pendayagunaan aset;";"205,61";"422,09";"67,25999999999999";"79,25999999999999";"612,0";"BCDGEE+BookmanOldStyle";"12,0";"313,85";"306,0";"0,012826797385620953";"0,33596405228758175";"0,35372549019607835";"False";"BATANG TUBUH";"PASAL 16"
"13";"d. pembinaan pengembangan bisnis;";"205,61";"428,56999999999994";"91,28000000000009";"103,28000000000009";"612,0";"BCDGEE+BookmanOldStyle";"12,0";"317,09";"306,0";"0,018120915032679697";"0,33596405228758175";"0,36431372549019597";"False";"BATANG TUBUH";"PASAL 16"
"13";"e. monitoring dan evaluasi;";"205,61";"372,88999999999993";"115,16000000000008";"127,16000000000008";"612,0";"BCDGEE+BookmanOldStyle";"12,0";"289,25";"306,0";"0,027369281045751634";"0,33596405228758175";"0,2733333333333332";"False";"BATANG TUBUH";"PASAL 16"
"13";"f. administrasi pembinaan; dan";"205,61";"400,25000000000006";"139,16000000000008";"151,16000000000008";"612,0";"BCDGEE+BookmanOldStyle";"12,0";"302,93000000000006";"306,0";"0,005016339869280941";"0,33596405228758175";"0,3180392156862746";"False";"BATANG TUBUH";"PASAL 16"
"13";"g. fungsi lain yang diberikan oleh Sekretaris Daerah.";"205,61";"523,1300116620001";"163,16000000000008";"175,16000000000008";"612,0";"BCDGEE+BookmanOldStyle";"12,0";"364,37000583100007";"306,0";"0,09537582652124195";"0,33596405228758175";"0,5188235484673205";"False";"BATANG TUBUH";"PASAL 16"
"13";"(2) Penetapan pejabat pada Pemerintah Daerah yang";"184,37";"538,7800014310001";"187,04000000000008";"199,04000000000008";"612,0";"BCDGEE+BookmanOldStyle";"12,0";"361,57500071550004";"306,0";"0,09080882469852948";"0,30125816993464055";"0,5791013095277779";"False";"BATANG TUBUH";"PASAL 16"
"13";"melakukan fungsi pembinaan teknis BUMD disesuaikan";"205,61";"538,706";"211,04000000000008";"223,04000000000008";"612,0";"BCDGEE+BookmanOldStyle";"12,0";"372,158";"306,0";"0,10810130718954251";"0,33596405228758175";"0,5442745098039216";"False";"BATANG TUBUH";"PASAL 16"
"13";"dengan perangkat Daerah atau unit kerja pada";"205,61";"538,5260000000001";"234,92000000000007";"246,92000000000007";"612,0";"BCDGEE+BookmanOldStyle";"12,0";"372,06800000000004";"306,0";"0,10795424836601314";"0,33596405228758175";"0,5439803921568628";"False";"BATANG TUBUH";"PASAL 16"
"13";"perangkat Daerah yang menangani BUMD.";"205,61";"459,0499999999999";"258,9200000000001";"270,9200000000001";"612,0";"BCDGEE+BookmanOldStyle";"12,0";"332,3299999999999";"306,0";"0,04302287581699334";"0,33596405228758175";"0,4141176470588233";"False";"BATANG TUBUH";"PASAL 16"
"13";"Bagian Kedua";"268,37";"350,45";"306,83000000000004";"318,83000000000004";"612,0";"BCDGEE+BookmanOldStyle";"12,0";"309,40999999999997";"306,0";"0,005571895424836549";"0,4385130718954248";"0,1341176470588235";"False";"BATANG TUBUH";"BAGIAN KEDUA"
"13";"Pengawasan";"273,17";"345,65000000000003";"330,71000000000004";"342,71000000000004";"612,0";"BCDGEE+BookmanOldStyle";"12,0";"309,41";"306,0";"0,005571895424836642";"0,4463562091503268";"0,11843137254901964";"False";"BATANG TUBUH";"BAGIAN KEDUA"
"13";"Pasal 17";"284,45";"334,39";"378,59000000000003";"390,59000000000003";"612,0";"BCDGEE+BookmanOldStyle";"12,0";"309,41999999999996";"306,0";"0,0055882352941175805";"0,46478758169934636";"0,08160130718954248";"False";"BATANG TUBUH";"PASAL 17"
"13";"(1) Pengawasan terhadap PT. BPR Artha Kanjuruhan";"184,37";"538,834";"426,59";"438,59";"612,0";"BCDGEE+BookmanOldStyle";"12,0";"361,602";"306,0";"0,09085294117647055";"0,30125816993464055";"0,5791895424836601";"False";"BATANG TUBUH";"PASAL 17"
"13";"Pemkab Malang (Perseroda) dilakukan untuk";"205,61";"538,768";"450,46999999999997";"462,46999999999997";"612,0";"BCDGEE+BookmanOldStyle";"12,0";"372,189";"306,0";"0,10815196078431376";"0,33596405228758175";"0,544375816993464";"False";"BATANG TUBUH";"PASAL 17"
"13";"menegakkan Tata Kelola Perusahaan Yang Baik.";"205,61";"491,19800000000004";"474,46999999999997";"486,46999999999997";"612,0";"BCDGEE+BookmanOldStyle";"12,0";"348,404";"306,0";"0,0692875816993464";"0,33596405228758175";"0,46664705882352947";"False";"BATANG TUBUH";"PASAL 17"
"13";"(2) Pengawasan sebagaimana dimaksud pada ayat (1)";"184,37";"538,6360000000001";"498,34999999999997";"510,34999999999997";"612,0";"BCDGEE+BookmanOldStyle";"12,0";"361,50300000000004";"306,0";"0,0906911764705883";"0,30125816993464055";"0,5788660130718956";"False";"BATANG TUBUH";"PASAL 17"
"13";"dilakukan oleh pengawasan internal dan pengawasan";"205,61";"538,726";"522,37";"534,37";"612,0";"BCDGEE+BookmanOldStyle";"12,0";"372,168";"306,0";"0,10811764705882354";"0,33596405228758175";"0,5443071895424836";"False";"BATANG TUBUH";"PASAL 17"
"13";"eksternal.";"205,61";"263,92999999999995";"546,25";"558,25";"612,0";"BCDGEE+BookmanOldStyle";"12,0";"234,76999999999998";"306,0";"0,11638888888888892";"0,33596405228758175";"0,09529411764705872";"False";"BATANG TUBUH";"PASAL 17"
"13";"(3) Pengawasan internal sebagaimana dimaksud pada";"184,37";"538,7800000000001";"570,25";"582,25";"612,0";"BCDGEE+BookmanOldStyle";"12,0";"361,57500000000005";"306,0";"0,09080882352941184";"0,30125816993464055";"0,5791013071895427";"False";"BATANG TUBUH";"PASAL 17"
"13";"ayat (2) dilakukan oleh satuan pengawas intern, komite";"205,61";"538,7139999999999";"594,13";"606,13";"612,0";"BCDGEE+BookmanOldStyle";"12,0";"372,162";"306,0";"0,10810784313725487";"0,33596405228758175";"0,5442875816993463";"False";"BATANG TUBUH";"PASAL 17"
"13";"audit, dan/atau komite lainnya.";"205,61";"394,96999999999997";"618,13";"630,13";"612,0";"BCDGEE+BookmanOldStyle";"12,0";"300,28999999999996";"306,0";"0,009330065359477184";"0,33596405228758175";"0,3094117647058823";"False";"BATANG TUBUH";"PASAL 17"
"13";"(4) Pengawasan eksternal sebagaimana dimaksud pada";"184,37";"538,7800000000001";"642,13";"654,13";"612,0";"BCDGEE+BookmanOldStyle";"12,0";"361,57500000000005";"306,0";"0,09080882352941184";"0,30125816993464055";"0,5791013071895427";"False";"BATANG TUBUH";"PASAL 17"
"13";"ayat (2) dilakukan oleh:";"205,61";"344,56999999999994";"666,01";"678,01";"612,0";"BCDGEE+BookmanOldStyle";"12,0";"275,09";"306,0";"0,05050653594771246";"0,33596405228758175";"0,22705882352941165";"False";"BATANG TUBUH";"PASAL 17"
"13";"a. Pemerintah Daerah;";"205,61";"345,05";"690,01";"702,01";"612,0";"BCDGEE+BookmanOldStyle";"12,0";"275,33000000000004";"306,0";"0,050114379084967256";"0,33596405228758175";"0,22784313725490196";"False";"BATANG TUBUH";"PASAL 17"
"13";"b. Menteri untuk pengawasan umum; dan";"205,61";"460,97";"713,89";"725,89";"612,0";"BCDGEE+BookmanOldStyle";"12,0";"333,29";"306,0";"0,04459150326797389";"0,33596405228758175";"0,41725490196078435";"False";"BATANG TUBUH";"PASAL 17"
"13";"c. menteri teknis atau pimpinan lembaga pemerintah";"205,61";"538,79";"737,92";"749,92";"612,0";"BCDGEE+BookmanOldStyle";"12,0";"372,2";"306,0";"0,10816993464052285";"0,33596405228758175";"0,5444117647058823";"False";"BATANG TUBUH";"PASAL 17"
"13";"nonkementerian untuk pengawasan teknis.";"226,97";"483,30999999999995";"761,8";"773,8";"612,0";"BCDGEE+BookmanOldStyle";"12,0";"355,14";"306,0";"0,08029411764705881";"0,37086601307189543";"0,4188562091503267";"False";"BATANG TUBUH";"PASAL 17"
"13";"(5) Pengawasan oleh Pemerintah Daerah sebagaimana";"184,37";"538,6700000000001";"785,8";"797,8";"612,0";"BCDGEE+BookmanOldStyle";"12,0";"361,52000000000004";"306,0";"0,09071895424836608";"0,30125816993464055";"0,5789215686274511";"False";"BATANG TUBUH";"PASAL 17"
"13";"dimaksud pada ayat (4) huruf a dilaksanakan oleh";"205,61";"538,766";"809,6800000000001";"821,6800000000001";"612,0";"BCDGEE+BookmanOldStyle";"12,0";"372,188";"306,0";"0,10815032679738561";"0,33596405228758175";"0,5443725490196077";"False";"BATANG TUBUH";"PASAL 17"
"13";"pejabat pada Pemerintah Daerah yang melaksanakan";"205,61";"538,67";"833,676";"845,676";"612,0";"BCDGEE+BookmanOldStyle";"12,0";"372,14";"306,0";"0,10807189542483658";"0,33596405228758175";"0,5442156862745097";"False";"BATANG TUBUH";"PASAL 17"
"13";"fungsi pengawasan.";"205,61";"322,01000404599995";"857,556";"869,556";"612,0";"BCDGEE+BookmanOldStyle";"12,0";"263,810002023";"306,0";"0,0689379051911765";"0,33596405228758175";"0,19019608504248356";"False";"BATANG TUBUH";"PASAL 17"
"14";"14";"298,61";"313,49";"37,379999999999995";"49,379999999999995";"612,0";"BCDGEE+BookmanOldStyle";"12,0";"306,05";"306,0";"8,169934640524733e-05";"0,4879248366013072";"0,024313725490196073";"False";"BATANG TUBUH";"PASAL 17"
"14";"BAB IX";"288,17";"330,758";"67,1400000000001";"79,1400000000001";"612,0";"BCDGEE+BookmanOldStyle";"12,0";"309,464";"306,0";"0,005660130718954246";"0,47086601307189546";"0,06958823529411759";"True";"BATANG TUBUH";"BAB IX"
"14";"KETENTUAN LAIN-LAIN";"238,73";"380,218";"87,66000000000008";"99,66000000000008";"612,0";"BCDGEE+BookmanOldStyle";"12,0";"309,474";"306,0";"0,005676470588235277";"0,3900816993464052";"0,23118954248366017";"True";"BATANG TUBUH";"BAB IX"
"14";"Pasal 18";"284,45";"334,39";"128,48000000000002";"140,48000000000002";"612,0";"BCDGEE+BookmanOldStyle";"12,0";"309,41999999999996";"306,0";"0,0055882352941175805";"0,46478758169934636";"0,08160130718954248";"False";"BATANG TUBUH";"PASAL 18"
"14";"Anggaran dasar PT. BPR Artha Kanjuruhan Pemkab Malang";"184,37";"538,8340000000001";"169,2800000000001";"181,2800000000001";"612,0";"BCDGEE+BookmanOldStyle";"12,0";"361,60200000000003";"306,0";"0,09085294117647064";"0,30125816993464055";"0,5791895424836602";"False";"BATANG TUBUH";"PASAL 18"
"14";"(Perseroda), dinyatakan dalam akta notaris sesuai dengan";"184,37";"538,658";"189,80000000000007";"201,80000000000007";"612,0";"BCDGEE+BookmanOldStyle";"12,0";"361,514";"306,0";"0,0907091503267974";"0,30125816993464055";"0,5789019607843138";"False";"BATANG TUBUH";"PASAL 18"
"14";"ketentuan peraturan perundang-undangan.";"184,37";"443,14";"210,20000000000005";"222,20000000000005";"612,0";"BCDGEE+BookmanOldStyle";"12,0";"313,755";"306,0";"0,012671568627450972";"0,30125816993464055";"0,4228267973856209";"False";"BATANG TUBUH";"PASAL 18"
"14";"Pasal 19";"279,89";"329,83";"251,0";"263,0";"612,0";"BCDGEE+BookmanOldStyle";"12,0";"304,86";"306,0";"0,0018627450980391934";"0,4573366013071895";"0,08160130718954248";"False";"BATANG TUBUH";"PASAL 19"
"14";"(1) Selama proses penyesuaian nama, Komisaris dan";"184,37";"538,726";"291,9200000000001";"303,9200000000001";"612,0";"BCDGEE+BookmanOldStyle";"12,0";"361,548";"306,0";"0,09076470588235294";"0,30125816993464055";"0,5790130718954248";"False";"BATANG TUBUH";"PASAL 19"
"14";"Direksi PT. BPR Artha Kanjuruhan Pemerintah";"205,61";"538,658";"312,35";"324,35";"612,0";"BCDGEE+BookmanOldStyle";"12,0";"372,134";"306,0";"0,108062091503268";"0,33596405228758175";"0,5441960784313725";"False";"BATANG TUBUH";"PASAL 19"
"14";"Kabupaten Malang (Perseroda) menjalankan tugas dan";"205,61";"538,8340076160001";"332,75";"344,75";"612,0";"BCDGEE+BookmanOldStyle";"12,0";"372,22200380800007";"306,0";"0,10820588857516351";"0,33596405228758175";"0,5444836725751636";"False";"BATANG TUBUH";"PASAL 19"
"14";"wewenang masing-masing sampai dengan berakhirnya";"205,61";"538,714";"353,1500000000001";"365,1500000000001";"612,0";"BCDGEE+BookmanOldStyle";"12,0";"372,16200000000003";"306,0";"0,10810784313725495";"0,33596405228758175";"0,5442875816993464";"False";"BATANG TUBUH";"PASAL 19"
"14";"periodisasi jabatan masing-masing.";"205,61";"414,67";"373,55000000000007";"385,55000000000007";"612,0";"BCDGEE+BookmanOldStyle";"12,0";"310,14";"306,0";"0,006764705882352919";"0,33596405228758175";"0,3416013071895425";"False";"BATANG TUBUH";"PASAL 19"
"14";"(2) Periodisasi jabatan Komisaris dan Direksi PT. BPR";"184,37";"538,658";"394,07000000000005";"406,07000000000005";"612,0";"BCDGEE+BookmanOldStyle";"12,0";"361,514";"306,0";"0,0907091503267974";"0,30125816993464055";"0,5789019607843138";"False";"BATANG TUBUH";"PASAL 19"
"14";"Artha Kanjuruhan Pemkab Malang (Perseroda) yang";"205,61";"538,726";"414,47";"426,46999999999997";"612,0";"BCDGEE+BookmanOldStyle";"11,999999999999943";"372,168";"306,0";"0,10811764705882354";"0,33596405228758175";"0,5443071895424836";"False";"BATANG TUBUH";"PASAL 19"
"14";"telah ditetapkan sebelum berlakunya Peraturan Daerah";"205,61";"538,8879999999999";"434,87";"446,87";"612,0";"BCDGEE+BookmanOldStyle";"12,0";"372,24899999999997";"306,0";"0,10824999999999994";"0,33596405228758175";"0,5445718954248364";"False";"BATANG TUBUH";"PASAL 19"
"14";"ini tetap berlaku sampai dengan berakhirnya";"205,61";"538,6700000000001";"455,27";"467,27";"612,0";"BCDGEE+BookmanOldStyle";"12,0";"372,14000000000004";"306,0";"0,10807189542483667";"0,33596405228758175";"0,5442156862745099";"False";"BATANG TUBUH";"PASAL 19"
"14";"periodisasi masa jabatan dimaksud.";"205,61";"418,72999999999996";"475,67";"487,67";"612,0";"BCDGEE+BookmanOldStyle";"12,0";"312,16999999999996";"306,0";"0,010081699346405161";"0,33596405228758175";"0,348235294117647";"False";"BATANG TUBUH";"PASAL 19"
"14";"(3) Dengan penyesuaian nama sebagaimana dimaksud";"184,37";"538,682";"496,19";"508,19";"612,0";"BCDGEE+BookmanOldStyle";"12,0";"361,526";"306,0";"0,09072875816993466";"0,30125816993464055";"0,5789411764705883";"False";"BATANG TUBUH";"PASAL 19"
"14";"dalam Pasal 3, seluruh kekayaan, hak dan kewajiban,";"205,61";"538,6899999999999";"516,61";"528,61";"612,0";"BCDGEE+BookmanOldStyle";"12,0";"372,15";"306,0";"0,10808823529411761";"0,33596405228758175";"0,5442483660130718";"False";"BATANG TUBUH";"PASAL 19"
"14";"pegawai, segala perjanjian yang telah dibuat dengan";"205,61";"538,726";"537,01";"549,01";"612,0";"BCDGEE+BookmanOldStyle";"12,0";"372,168";"306,0";"0,10811764705882354";"0,33596405228758175";"0,5443071895424836";"False";"BATANG TUBUH";"PASAL 19"
"14";"pihak ketiga serta surat izin operasional dialihkan";"205,61";"538,646";"557,41";"569,41";"612,0";"BCDGEE+BookmanOldStyle";"12,0";"372,128";"306,0";"0,10805228758169932";"0,33596405228758175";"0,5441764705882352";"False";"BATANG TUBUH";"PASAL 19"
"14";"kepada Perusahaan Perseroan Daerah Bank";"205,61";"538,6700000000001";"577,81";"589,81";"612,0";"BCDGEE+BookmanOldStyle";"12,0";"372,14000000000004";"306,0";"0,10807189542483667";"0,33596405228758175";"0,5442156862745099";"False";"BATANG TUBUH";"PASAL 19"
"14";"Perekonomian Rakyat Artha Kanjuruhan Pemerintah";"205,61";"538,6819999999999";"598,3299999999999";"610,3299999999999";"612,0";"BCDGEE+BookmanOldStyle";"12,0";"372,14599999999996";"306,0";"0,10808169934640516";"0,33596405228758175";"0,5442352941176469";"False";"BATANG TUBUH";"PASAL 19"
"14";"Kabupaten Malang atau PT. BPR Artha Kanjuruhan";"205,61";"538,702";"618,73";"630,73";"612,0";"BCDGEE+BookmanOldStyle";"12,0";"372,156";"306,0";"0,10809803921568628";"0,33596405228758175";"0,5442679738562092";"False";"BATANG TUBUH";"PASAL 19"
"14";"Pemkab Malang (Perseroda).";"205,61";"371,95";"639,13";"651,13";"612,0";"BCDGEE+BookmanOldStyle";"12,0";"288,78";"306,0";"0,02813725490196083";"0,33596405228758175";"0,271797385620915";"False";"BATANG TUBUH";"PASAL 19"
"14";"Pasal 20";"279,89";"329,83";"679,9300000000001";"691,93";"612,0";"BCDGEE+BookmanOldStyle";"11,999999999999972";"304,86";"306,0";"0,0018627450980391934";"0,4573366013071895";"0,08160130718954248";"False";"BATANG TUBUH";"PASAL 20"
"14";"(1) Semua istilah penamaan PT. BPR Artha Kanjuruhan";"184,37";"538,622";"720,85";"732,85";"612,0";"BCDGEE+BookmanOldStyle";"12,0";"361,496";"306,0";"0,09067973856209147";"0,30125816993464055";"0,5788431372549019";"False";"BATANG TUBUH";"PASAL 20"
"14";"Pemkab Malang (Perseroda) yang dipakai dalam";"205,61";"538,6819999999999";"741,28";"753,28";"612,0";"BCDGEE+BookmanOldStyle";"12,0";"372,14599999999996";"306,0";"0,10808169934640516";"0,33596405228758175";"0,5442352941176469";"False";"BATANG TUBUH";"PASAL 20"
"14";"produk hukum Daerah yang sudah ada sebelum";"205,61";"538,658";"761,68";"773,68";"612,0";"BCDGEE+BookmanOldStyle";"12,0";"372,134";"306,0";"0,108062091503268";"0,33596405228758175";"0,5441960784313725";"False";"BATANG TUBUH";"PASAL 20"
"14";"Peraturan Daerah ini berlaku, harus dibaca dan";"205,61";"538,7779999999999";"782,0799999999999";"794,0799999999999";"612,0";"BCDGEE+BookmanOldStyle";"12,0";"372,19399999999996";"306,0";"0,10816013071895418";"0,33596405228758175";"0,5443921568627449";"False";"BATANG TUBUH";"PASAL 20"
"14";"dimaknai sebagai PT. BPR Artha Kanjuruhan Pemkab";"205,61";"538,7800000000001";"802,6";"814,6";"612,0";"BCDGEE+BookmanOldStyle";"12,000000000000014";"372,19500000000005";"306,0";"0,10816176470588243";"0,33596405228758175";"0,5443954248366014";"False";"BATANG TUBUH";"PASAL 20"
"14";"Malang (Perseroda), sepanjang tidak bertentangan";"205,61";"538,8459999999999";"823,0";"835,0";"612,0";"BCDGEE+BookmanOldStyle";"12,0";"372,22799999999995";"306,0";"0,10821568627450973";"0,33596405228758175";"0,544503267973856";"False";"BATANG TUBUH";"PASAL 20"
"14";"dengan Peraturan Daerah ini.";"205,61";"375,31";"843,396";"855,396";"612,0";"BCDGEE+BookmanOldStyle";"12,0";"290,46000000000004";"306,0";"0,025392156862745038";"0,33596405228758175";"0,27728758169934636";"False";"BATANG TUBUH";"PASAL 20"
"15";"15";"298,61";"313,49";"37,379999999999995";"49,379999999999995";"612,0";"BCDGEE+BookmanOldStyle";"12,0";"306,05";"306,0";"8,169934640524733e-05";"0,4879248366013072";"0,024313725490196073";"False";"BATANG TUBUH";"PASAL 20"
"15";"(2) Semua produk hukum Daerah yang berkaitan dengan";"184,37";"538,742";"67,25999999999999";"79,25999999999999";"612,0";"BCDGEE+BookmanOldStyle";"12,0";"361,556";"306,0";"0,09077777777777775";"0,30125816993464055";"0,5790392156862745";"False";"BATANG TUBUH";"PASAL 20"
"15";"penyertaan modal Daerah dalam PT. BPR Artha";"205,61";"538,778";"90,44000000000005";"102,44000000000005";"612,0";"BCDGEE+BookmanOldStyle";"12,0";"372,194";"306,0";"0,10816013071895428";"0,33596405228758175";"0,5443921568627451";"False";"BATANG TUBUH";"PASAL 20"
"15";"Kanjuruhan Pemkab Malang (Perseroda), dinyatakan";"205,61";"539,02";"113,60000000000002";"125,60000000000002";"612,0";"BCDGEE+BookmanOldStyle";"12,0";"372,315";"306,0";"0,1083578431372549";"0,33596405228758175";"0,5447875816993464";"False";"BATANG TUBUH";"PASAL 20"
"15";"masih tetap berlaku.";"205,61";"328,01";"136,6400000000001";"148,6400000000001";"612,0";"BCDGEE+BookmanOldStyle";"12,0";"266,81";"306,0";"0,0640359477124183";"0,33596405228758175";"0,19999999999999996";"False";"BATANG TUBUH";"PASAL 20"
"15";"(3) Semua produk hukum Daerah dan/atau produk";"184,37";"538,7660000000001";"159,80000000000007";"171,80000000000007";"612,0";"BCDGEE+BookmanOldStyle";"12,0";"361,56800000000004";"306,0";"0,0907973856209151";"0,30125816993464055";"0,5790784313725491";"False";"BATANG TUBUH";"PASAL 20"
"15";"hukum perusahaan yang merupakan peraturan";"205,61";"538,8979999999998";"182,96000000000004";"194,96000000000004";"612,0";"BCDGEE+BookmanOldStyle";"12,0";"372,2539999999999";"306,0";"0,10825816993464037";"0,33596405228758175";"0,5445882352941173";"False";"BATANG TUBUH";"PASAL 20"
"15";"pelaksanaan dari Peraturan Daerah Kabupaten Malang";"205,61";"538,9100000000001";"206,12";"218,12";"612,0";"BCDGEE+BookmanOldStyle";"12,0";"372,26000000000005";"306,0";"0,10826797385620923";"0,33596405228758175";"0,544607843137255";"False";"BATANG TUBUH";"PASAL 20"
"15";"Nomor 6 Tahun 2004 tentang Perseroan Terbatas";"205,61";"538,7779999999999";"229,16000000000008";"241,16000000000008";"612,0";"BCDGEE+BookmanOldStyle";"12,0";"372,19399999999996";"306,0";"0,10816013071895418";"0,33596405228758175";"0,5443921568627449";"False";"BATANG TUBUH";"PASAL 20"
"15";"(PT) Bank Perkreditan Rakyat (BPR) Kabupaten Malang,";"205,61";"538,898";"252,32000000000005";"264,32000000000005";"612,0";"BCDGEE+BookmanOldStyle";"12,0";"372,254";"306,0";"0,10825816993464056";"0,33596405228758175";"0,5445882352941177";"False";"BATANG TUBUH";"PASAL 20"
"15";"sebagaimana telah diubah dengan Peraturan Daerah";"205,61";"538,942";"275,48";"287,48";"612,0";"BCDGEE+BookmanOldStyle";"12,0";"372,276";"306,0";"0,10829411764705885";"0,33596405228758175";"0,5446601307189542";"False";"BATANG TUBUH";"PASAL 20"
"15";"Kabupaten Malang Nomor 11 Tahun 2017 tentang";"205,61";"539,0179589780003";"298,5200000000001";"310,5200000000001";"612,0";"BCDGEE+BookmanOldStyle";"12,0";"372,31397948900013";"306,0";"0,10835617563562114";"0,33596405228758175";"0,5447842466960788";"False";"BATANG TUBUH";"PASAL 20"
"15";"Perubahan atas Peraturan Daerah Nomor 6 Tahun 2004";"205,61";"538,7420000000001";"321,71000000000004";"333,71000000000004";"612,0";"BCDGEE+BookmanOldStyle";"12,0";"372,17600000000004";"306,0";"0,10813071895424844";"0,33596405228758175";"0,5443333333333334";"False";"BATANG TUBUH";"PASAL 20"
"15";"tentang Perseroan Terbatas (PT) Bank Perkreditan";"205,61";"538,886";"344,87";"356,87";"612,0";"BCDGEE+BookmanOldStyle";"12,0";"372,248";"306,0";"0,10824836601307188";"0,33596405228758175";"0,5445686274509803";"False";"BATANG TUBUH";"PASAL 20"
"15";"Rakyat (BPR) Kabupaten Malang, sebagaimana telah";"205,61";"538,79";"367,9100000000001";"379,9100000000001";"612,0";"BCDGEE+BookmanOldStyle";"12,0";"372,2";"306,0";"0,10816993464052285";"0,33596405228758175";"0,5444117647058823";"False";"BATANG TUBUH";"PASAL 20"
"15";"diperbarui dengan Peraturan Daerah Kabupaten Malang";"205,61";"538,846";"391,07000000000005";"403,07000000000005";"612,0";"BCDGEE+BookmanOldStyle";"12,0";"372,228";"306,0";"0,10821568627450982";"0,33596405228758175";"0,5445032679738562";"False";"BATANG TUBUH";"PASAL 20"
"15";"Nomor 5 Tahun 2021 tentang Perusahaan Perseroan";"205,61";"538,922";"414,23";"426,22999999999996";"612,0";"BCDGEE+BookmanOldStyle";"11,999999999999943";"372,266";"306,0";"0,1082777777777778";"0,33596405228758175";"0,5446274509803922";"False";"BATANG TUBUH";"PASAL 20"
"15";"Daerah Bank Perkreditan Rakyat Artha Kanjuruhan";"205,61";"538,834";"437,39";"449,39";"612,0";"BCDGEE+BookmanOldStyle";"12,0";"372,222";"306,0";"0,10820588235294114";"0,33596405228758175";"0,5444836601307188";"False";"BATANG TUBUH";"PASAL 20"
"15";"Pemerintah Kabupaten Malang serta Akta Pendirian";"205,61";"538,79";"460,43";"472,43";"612,0";"BCDGEE+BookmanOldStyle";"12,0";"372,2";"306,0";"0,10816993464052285";"0,33596405228758175";"0,5444117647058823";"False";"BATANG TUBUH";"PASAL 20"
"15";"Perseroan Terbatas Bank Perkreditan Rakyat Artha";"205,61";"538,898";"483,59";"495,59";"612,0";"BCDGEE+BookmanOldStyle";"12,0";"372,254";"306,0";"0,10825816993464056";"0,33596405228758175";"0,5445882352941177";"False";"BATANG TUBUH";"PASAL 20"
"15";"Kanjuruhan Pemkab Malang tertanggal 24-11-2004";"205,61";"539,0200000000001";"506,75";"518,75";"612,0";"BCDGEE+BookmanOldStyle";"12,0";"372,31500000000005";"306,0";"0,108357843137255";"0,33596405228758175";"0,5447875816993465";"False";"BATANG TUBUH";"PASAL 20"
"15";"(dua puluh empat Nopember dua ribu empat) Nomor:";"205,61";"538,8860000000001";"529,81";"541,81";"612,0";"BCDGEE+BookmanOldStyle";"12,0";"372,24800000000005";"306,0";"0,10824836601307197";"0,33596405228758175";"0,5445686274509804";"False";"BATANG TUBUH";"PASAL 20"
"15";"43, yang dibuat dihadapan Yonsah Minanda, Sarjana";"205,61";"538,886";"552,97";"564,97";"612,0";"BCDGEE+BookmanOldStyle";"12,0";"372,248";"306,0";"0,10824836601307188";"0,33596405228758175";"0,5445686274509803";"False";"BATANG TUBUH";"PASAL 20"
"15";"Hukum, Magister Hukum, Notaris di Jakarta, yang";"205,61";"538,984";"576,13";"588,13";"612,0";"BCDGEE+BookmanOldStyle";"12,0";"372,297";"306,0";"0,10832843137254906";"0,33596405228758175";"0,5447287581699347";"False";"BATANG TUBUH";"PASAL 20"
"15";"beberapa kali telah diubah terakhir dengan Akta";"205,61";"538,8980000000001";"599,29";"611,29";"612,0";"BCDGEE+BookmanOldStyle";"12,0";"372,2540000000001";"306,0";"0,10825816993464064";"0,33596405228758175";"0,5445882352941178";"False";"BATANG TUBUH";"PASAL 20"
"15";"Pernyataan Keputusan Rapat Umum Pemegang Saham";"205,61";"538,91";"622,3299999999999";"634,3299999999999";"612,0";"BCDGEE+BookmanOldStyle";"12,0";"372,26";"306,0";"0,10826797385620913";"0,33596405228758175";"0,5446078431372549";"False";"BATANG TUBUH";"PASAL 20"
"15";"Luar Biasa Tahun 2024 PT. Perusahaan Daerah Bank";"205,61";"539,0200000000001";"645,49";"657,49";"612,0";"BCDGEE+BookmanOldStyle";"12,0";"372,31500000000005";"306,0";"0,108357843137255";"0,33596405228758175";"0,5447875816993465";"False";"BATANG TUBUH";"PASAL 20"
"15";"Perkreditan Rakyat Artha Kanjuruhan Pemerintah";"205,61";"538,802";"668,65";"680,65";"612,0";"BCDGEE+BookmanOldStyle";"12,0";"372,206";"306,0";"0,10817973856209154";"0,33596405228758175";"0,5444313725490196";"False";"BATANG TUBUH";"PASAL 20"
"15";"Kabupaten Malang atau disingkat PT. BPR Artha";"205,61";"538,81";"691,69";"703,69";"612,0";"BCDGEE+BookmanOldStyle";"12,0";"372,21";"306,0";"0,10818627450980389";"0,33596405228758175";"0,5444444444444443";"False";"BATANG TUBUH";"PASAL 20"
"15";"Kanjuruhan Pemerintah Kabupaten Malang Perseroda,";"205,61";"539,02";"714,85";"726,85";"612,0";"BCDGEE+BookmanOldStyle";"12,0";"372,315";"306,0";"0,1083578431372549";"0,33596405228758175";"0,5447875816993464";"False";"BATANG TUBUH";"PASAL 20"
"15";"tertanggal 02-05-2024 (dua Mei dua ribu dua puluh";"205,61";"538,8879999999999";"738,04";"750,04";"612,0";"BCDGEE+BookmanOldStyle";"12,0";"372,24899999999997";"306,0";"0,10824999999999994";"0,33596405228758175";"0,5445718954248364";"False";"BATANG TUBUH";"PASAL 20"
"15";"empat) Nomor: 2, yang dibuat dihadapan Yudo Sigit";"205,61";"538,9419999999999";"761,0799999999999";"773,0799999999999";"612,0";"BCDGEE+BookmanOldStyle";"12,0";"372,27599999999995";"306,0";"0,10829411764705875";"0,33596405228758175";"0,544660130718954";"False";"BATANG TUBUH";"PASAL 20"
"15";"Riswanto, Sarjana Hukum, Notaris di Malang,";"205,61";"539,14";"784,24";"796,24";"612,0";"BCDGEE+BookmanOldStyle";"12,0";"372,375";"306,0";"0,10845588235294118";"0,33596405228758175";"0,5449836601307189";"False";"BATANG TUBUH";"PASAL 20"
"15";"dinyatakan masih tetap berlaku sepanjang tidak";"205,61";"539,02";"807,4";"819,4";"612,0";"BCDGEE+BookmanOldStyle";"12,0";"372,315";"306,0";"0,1083578431372549";"0,33596405228758175";"0,5447875816993464";"False";"BATANG TUBUH";"PASAL 20"
"15";"bertentangan dengan ketentuan dalam Peraturan";"205,61";"538,7899999999998";"830,556";"842,556";"612,0";"BCDGEE+BookmanOldStyle";"12,0";"372,19999999999993";"306,0";"0,10816993464052277";"0,33596405228758175";"0,544411764705882";"False";"BATANG TUBUH";"PASAL 20"
"15";"Daerah ini.";"205,61";"271,36999999999995";"853,596";"865,596";"612,0";"BCDGEE+BookmanOldStyle";"12,0";"238,48999999999998";"306,0";"0,1103104575163399";"0,33596405228758175";"0,10745098039215675";"False";"BATANG TUBUH";"PASAL 20"
"16";"16";"298,61";"313,49";"37,379999999999995";"49,379999999999995";"612,0";"BCDGEE+BookmanOldStyle";"12,0";"306,05";"306,0";"8,169934640524733e-05";"0,4879248366013072";"0,024313725490196073";"False";"BATANG TUBUH";"PASAL 20"
"16";"BAB X";"290,21";"328,60999999999996";"67,25999999999999";"79,25999999999999";"612,0";"BCDGEE+BookmanOldStyle";"12,0";"309,40999999999997";"306,0";"0,005571895424836549";"0,4741993464052287";"0,06274509803921564";"True";"BATANG TUBUH";"BAB X"
"16";"KETENTUAN PENUTUP";"236,81";"375,26599999999996";"93,68000000000006";"105,68000000000006";"612,0";"BCDGEE+BookmanOldStyle";"12,0";"306,038";"306,0";"6,209150326799169e-05";"0,3869444444444444";"0,226235294117647";"True";"BATANG TUBUH";"BAB X"
"16";"Pasal 21";"284,45";"334,39";"146,36";"158,36";"612,0";"BCDGEE+BookmanOldStyle";"12,0";"309,41999999999996";"306,0";"0,0055882352941175805";"0,46478758169934636";"0,08160130718954248";"False";"BATANG TUBUH";"PASAL 21"
"16";"(1) Pada saat Peraturan Daerah ini mulai berlaku:";"184,37";"481,65999999999997";"199,04000000000008";"211,04000000000008";"612,0";"BCDGEE+BookmanOldStyle";"12,0";"333,015";"306,0";"0,04414215686274508";"0,30125816993464055";"0,48576797385620907";"False";"BATANG TUBUH";"PASAL 21"
"16";"a. Pasal 1, Pasal 4, Pasal 5, Pasal 6, Pasal 7, Pasal 8,";"205,61";"538,694";"225,44000000000005";"237,44000000000005";"612,0";"BCDGEE+BookmanOldStyle";"12,0";"372,152";"306,0";"0,10809150326797383";"0,33596405228758175";"0,5442549019607842";"False";"BATANG TUBUH";"PASAL 21"
"16";"Pasal 9, Pasal 10, Pasal 11, Pasal 12, Pasal 14,";"226,97";"538,7660000000001";"251,84000000000003";"263,84000000000003";"612,0";"BCDGEE+BookmanOldStyle";"12,0";"382,86800000000005";"306,0";"0,12560130718954257";"0,37086601307189543";"0,5094705882352942";"False";"BATANG TUBUH";"PASAL 9"
"16";"Pasal 15, dan Pasal 16 Peraturan Daerah Kabupaten";"226,97";"538,778";"278,12";"290,12";"612,0";"BCDGEE+BookmanOldStyle";"12,0";"382,874";"306,0";"0,12561111111111115";"0,37086601307189543";"0,5094901960784314";"False";"BATANG TUBUH";"PASAL 15"
"16";"Malang Nomor 6 Tahun 2004 tentang Perseroan";"226,97";"538,646";"304,55000000000007";"316,55000000000007";"612,0";"BCDGEE+BookmanOldStyle";"12,0";"382,808";"306,0";"0,1255032679738562";"0,37086601307189543";"0,5092745098039214";"False";"BATANG TUBUH";"PASAL 15"
"16";"Terbatas (PT) Bank Perkreditan Rakyat (BPR)";"226,97";"538,9";"330,83000000000004";"342,83000000000004";"612,0";"BCDGEE+BookmanOldStyle";"12,0";"382,935";"306,0";"0,12571078431372548";"0,37086601307189543";"0,50968954248366";"False";"BATANG TUBUH";"PASAL 15"
"16";"Kabupaten Malang (Lembaran Daerah Kabupaten";"226,97";"538,8019599320002";"357,23";"369,23";"612,0";"BCDGEE+BookmanOldStyle";"12,0";"382,8859799660001";"306,0";"0,1256306862189544";"0,37086601307189543";"0,5095293462941178";"False";"BATANG TUBUH";"PASAL 15"
"16";"Malang Tahun 2004 Nomor 1/E), sebagaimana telah";"226,97";"538,634";"383,63";"395,63";"612,0";"BCDGEE+BookmanOldStyle";"12,0";"382,802";"306,0";"0,12549346405228762";"0,37086601307189543";"0,5092549019607843";"False";"BATANG TUBUH";"PASAL 15"
"16";"diubah dengan Peraturan Daerah Kabupaten";"226,97";"538,802";"409,9100000000001";"421,9100000000001";"612,0";"BCDGEE+BookmanOldStyle";"12,0";"382,886";"306,0";"0,1256307189542484";"0,37086601307189543";"0,5095294117647059";"False";"BATANG TUBUH";"PASAL 15"
"16";"Malang Nomor 11 Tahun 2017 tentang Perubahan";"226,97";"538,822";"436,31";"448,31";"612,0";"BCDGEE+BookmanOldStyle";"12,0";"382,896";"306,0";"0,12564705882352944";"0,37086601307189543";"0,5095620915032679";"False";"BATANG TUBUH";"PASAL 15"
"16";"atas Peraturan Daerah Nomor 6 Tahun 2004";"226,97";"538,646";"462,59";"474,59";"612,0";"BCDGEE+BookmanOldStyle";"12,0";"382,808";"306,0";"0,1255032679738562";"0,37086601307189543";"0,5092745098039214";"False";"BATANG TUBUH";"PASAL 15"
"16";"tentang Perseroan Terbatas (PT) Bank Perkreditan";"226,97";"538,756";"488,99";"500,99";"612,0";"BCDGEE+BookmanOldStyle";"12,0";"382,863";"306,0";"0,12559313725490195";"0,37086601307189543";"0,5094542483660129";"False";"BATANG TUBUH";"PASAL 15"
"16";"Rakyat (BPR) Kabupaten Malang (Lembaran Daerah";"226,97";"538,7899999999998";"515,41";"527,41";"612,0";"BCDGEE+BookmanOldStyle";"12,0";"382,87999999999994";"306,0";"0,12562091503267964";"0,37086601307189543";"0,5095098039215683";"False";"BATANG TUBUH";"PASAL 15"
"16";"Kabupaten Malang Tahun 2017 Nomor 7 Seri D);";"226,97";"515,74";"541,69";"553,69";"612,0";"BCDGEE+BookmanOldStyle";"12,0";"371,355";"306,0";"0,10678921568627454";"0,37086601307189543";"0,47184640522875815";"False";"BATANG TUBUH";"PASAL 15"
"16";"b. Peraturan Daerah Kabupaten Malang Nomor 5";"205,61";"538,67";"568,0899999999999";"580,0899999999999";"612,0";"BCDGEE+BookmanOldStyle";"12,0";"372,14";"306,0";"0,10807189542483658";"0,33596405228758175";"0,5442156862745097";"False";"BATANG TUBUH";"PASAL 15"
"16";"Tahun 2021 tentang Perusahaan Perseroan Daerah";"226,97";"538,658";"594,37";"606,37";"612,0";"BCDGEE+BookmanOldStyle";"12,0";"382,814";"306,0";"0,12551307189542488";"0,37086601307189543";"0,5092941176470588";"False";"BATANG TUBUH";"PASAL 15"
"16";"Bank Perkreditan Rakyat Artha Kanjuruhan";"226,97";"538,682";"620,77";"632,77";"612,0";"BCDGEE+BookmanOldStyle";"12,0";"382,826";"306,0";"0,12553267973856214";"0,37086601307189543";"0,5093333333333333";"False";"BATANG TUBUH";"PASAL 15"
"16";"Pemerintah Kabupaten Malang (Lembaran Daerah";"226,97";"538,7680035699999";"647,1700000000001";"659,1700000000001";"612,0";"BCDGEE+BookmanOldStyle";"12,0";"382,86900178499997";"306,0";"0,1256029440931372";"0,37086601307189543";"0,5094738620424835";"False";"BATANG TUBUH";"PASAL 15"
"16";"Kabupaten Malang Tahun 2021 Nomor 5 Seri C),";"226,97";"515,020000238";"673,45";"685,45";"612,0";"BCDGEE+BookmanOldStyle";"12,0";"370,995000119";"306,0";"0,1062009805866013";"0,37086601307189543";"0,4706699350294117";"False";"BATANG TUBUH";"PASAL 15"
"16";"dicabut dan dinyatakan tidak berlaku.";"205,61";"432,89";"699,85";"711,85";"612,0";"BCDGEE+BookmanOldStyle";"12,0";"319,25";"306,0";"0,02165032679738562";"0,33596405228758175";"0,3713725490196078";"False";"BATANG TUBUH";"PASAL 15"
"16";"Pasal 22";"279,89";"329,83";"752,56";"764,56";"612,0";"BCDGEE+BookmanOldStyle";"12,0";"304,86";"306,0";"0,0018627450980391934";"0,4573366013071895";"0,08160130718954248";"False";"BATANG TUBUH";"PASAL 22"
"16";"Peraturan pelaksanaan dari Peraturan Daerah ini harus";"184,37";"538,646";"805,24";"817,24";"612,0";"BCDGEE+BookmanOldStyle";"12,0";"361,508";"306,0";"0,09069934640522873";"0,30125816993464055";"0,5788823529411764";"False";"BATANG TUBUH";"PASAL 22"
"16";"ditetapkan paling lama 1 (satu) tahun terhitung sejak";"184,37";"538,7660000000001";"831,636";"843,636";"612,0";"BCDGEE+BookmanOldStyle";"12,0";"361,56800000000004";"306,0";"0,0907973856209151";"0,30125816993464055";"0,5790784313725491";"False";"BATANG TUBUH";"PASAL 22"
"16";"Peraturan Daerah ini diundangkan.";"184,37";"394,85000356999996";"857,9159999999999";"869,9159999999999";"612,0";"BCDGEE+BookmanOldStyle";"12,0";"289,610001785";"306,0";"0,026781042834967305";"0,30125816993464055";"0,34392157446078425";"False";"BATANG TUBUH";"PASAL 22"
"17";"17";"298,61";"313,49";"37,379999999999995";"49,379999999999995";"612,0";"BCDGEE+BookmanOldStyle";"12,0";"306,05";"306,0";"8,169934640524733e-05";"0,4879248366013072";"0,024313725490196073";"False";"BATANG TUBUH";"PASAL 22"
"17";"Pasal 23";"284,45";"334,39";"67,25999999999999";"79,25999999999999";"612,0";"BCDGEE+BookmanOldStyle";"12,0";"309,41999999999996";"306,0";"0,0055882352941175805";"0,46478758169934636";"0,08160130718954248";"False";"BATANG TUBUH";"PASAL 23"
"17";"Peraturan Daerah ini mulai berlaku pada tanggal";"184,37";"541,4179999999997";"113,84000000000003";"125,84000000000003";"612,0";"BCDGEE+BookmanOldStyle";"12,0";"362,89399999999983";"306,0";"0,09296405228758144";"0,30125816993464055";"0,5834117647058819";"False";"BATANG TUBUH";"PASAL 23"
"17";"diundangkan.";"184,37";"263,09";"137,0";"149,0";"612,0";"BCDGEE+BookmanOldStyle";"12,0";"223,73";"306,0";"0,1344281045751634";"0,30125816993464055";"0,1286274509803921";"False";"BATANG TUBUH";"PASAL 23"
"17";"Agar setiap orang mengetahuinya, memerintahkan";"184,37";"541,2019999999999";"183,56000000000006";"195,56000000000006";"612,0";"BCDGEE+BookmanOldStyle";"12,0";"362,78599999999994";"306,0";"0,09278758169934631";"0,30125816993464055";"0,5830588235294115";"False";"PENUTUP";""
"17";"pengundangan Peraturan Daerah ini dengan";"184,37";"541,07";"206,72000000000003";"218,72000000000003";"612,0";"BCDGEE+BookmanOldStyle";"12,0";"362,72";"306,0";"0,09267973856209155";"0,30125816993464055";"0,582843137254902";"False";"PENUTUP";""
"17";"penempatannya dalam Lembaran Daerah Kabupaten";"184,37";"541,179992368";"230,0";"242,0";"612,0";"BCDGEE+BookmanOldStyle";"12,0";"362,774996184";"306,0";"0,09276960160784309";"0,30125816993464055";"0,5830228633464052";"False";"PENUTUP";""
"17";"Malang.";"184,37";"231,17000000000002";"253,2800000000001";"265,2800000000001";"612,0";"BCDGEE+BookmanOldStyle";"12,0";"207,77";"306,0";"0,16050653594771241";"0,30125816993464055";"0,07647058823529414";"False";"PENUTUP";""
"17";"Ditetapkan di Kepanjen";"333,19";"472,15000000000003";"296,12";"308,12";"612,0";"BCDGEE+BookmanOldStyle";"12,0";"402,67";"306,0";"0,15795751633986932";"0,5444281045751634";"0,2270588235294118";"False";"PENUTUP";""
"17";"pada tanggal 10 Januari 2025";"333,19";"511,06";"315,83000000000004";"327,83000000000004";"612,0";"BCDGEE+BookmanOldStyle";"12,0";"422,125";"306,0";"0,18974673202614378";"0,5444281045751634";"0,2906372549019608";"False";"PENUTUP";""
"17";"BUPATI MALANG,";"375,07";"484,9";"335,486";"347,486";"612,0";"BCDFEE+BookmanOldStyle-Bold";"12,0";"429,985";"306,0";"0,20258986928104578";"0,612859477124183";"0,17946078431372547";"True";"PENUTUP";""
"17";"ttd.";"418,63";"441,46";"377,846";"389,846";"612,0";"BCDFEE+BookmanOldStyle-Bold";"12,0";"430,04499999999996";"306,0";"0,20268790849673196";"0,6840359477124183";"0,03730392156862743";"False";"PENUTUP";""
"17";"SANUSI";"406,51";"453,55";"405,92600000000004";"417,92600000000004";"612,0";"BCDFEE+BookmanOldStyle-Bold";"12,0";"430,03";"306,0";"0,20266339869281041";"0,6642320261437908";"0,07686274509803925";"True";"PENUTUP";""
"17";"Diundangkan di Kepanjen";"63,864";"217,939993322";"439,78999999999996";"451,78999999999996";"612,0";"BCDGEE+BookmanOldStyle";"12,0";"140,901996661";"306,0";"0,2697679793120915";"0,10435294117647058";"0,2517581590228758";"False";"PENUTUP";""
"17";"pada tanggal 10 Januari 2025";"63,864";"241,73";"459,46999999999997";"471,46999999999997";"612,0";"BCDGEE+BookmanOldStyle";"12,0";"152,797";"306,0";"0,25033169934640526";"0,10435294117647058";"0,29063071895424836";"False";"PENUTUP";""
"17";"Plh. SEKRETARIS DAERAH KABUPATEN MALANG,";"65,664";"380,71";"479,246";"491,246";"612,0";"BCDFEE+BookmanOldStyle-Bold";"12,0";"223,18699999999998";"306,0";"0,1353153594771242";"0,10729411764705883";"0,514781045751634";"False";"PENUTUP";""
"17";"ttd.";"211,85";"234,65";"521,506";"533,506";"612,0";"BCDFEE+BookmanOldStyle-Bold";"12,0";"223,25";"306,0";"0,1352124183006536";"0,34616013071895424";"0,037254901960784334";"False";"PENUTUP";""
"17";"NURMAN RAMDANSYAH";"147,74";"298,676";"549,7059999999999";"561,7059999999999";"612,0";"BCDFEE+BookmanOldStyle-Bold";"12,0";"223,208";"306,0";"0,135281045751634";"0,24140522875816994";"0,24662745098039213";"True";"PENUTUP";""
"17";"Lembaran Daerah Kabupaten Malang";"63,864";"284,89998569";"563,77";"575,77";"612,0";"BCDGEE+BookmanOldStyle";"12,0";"174,38199284499998";"306,0";"0,21506210319444446";"0,10435294117647058";"0,36116991125816994";"False";"PENUTUP";""
"17";"Tahun 2025 Nomor 1 Seri D";"63,864";"230,21";"583,45";"595,45";"612,0";"BCDGEE+BookmanOldStyle";"12,0";"147,037";"306,0";"0,2597434640522876";"0,10435294117647058";"0,2718071895424837";"False";"PENUTUP";""
"18";"18";"298,61";"313,49";"37,379999999999995";"49,379999999999995";"612,0";"BCDGEE+BookmanOldStyle";"12,0";"306,05";"306,0";"8,169934640524733e-05";"0,4879248366013072";"0,024313725490196073";"False";"PENUTUP";""
