"page";"text";"x0";"x1";"top";"bottom";"page_width";"font_name";"font_size";"line_center";"page_center";"center_score";"left_ratio";"width_ratio";"is_all_caps";"sistematika";"unsur"
"1";"BUPATI MALANG";"253,08";"358,608";"137,09600000000012";"149,09600000000012";"612,2";"BCDEEE+BookmanOldStyle-Bold";"12,0";"305,844";"306,1";"0,00041816399869328425";"0,41339431558314277";"0,17237504083632796";"True";"JUDUL";""
"1";"PROVINSI JAWA TIMUR";"231,48";"380,17199999999997";"158,7260000000001";"170,7260000000001";"612,2";"BCDEEE+BookmanOldStyle-Bold";"12,0";"305,82599999999996";"306,1";"0,00044756615485145007";"0,37811172819340083";"0,24288141130349553";"True";"JUDUL";""
"1";"PERATURAN BUPATI MALANG";"211,67";"399,938";"201,92600000000004";"213,92600000000004";"612,2";"BCDEEE+BookmanOldStyle-Bold";"12,0";"305,804";"306,1";"0,00048350212348913604";"0,3457530218882718";"0,3075269519764783";"True";"JUDUL";""
"1";"NOMOR 1 TAHUN 2025";"233,48";"378,85";"223,52600000000007";"235,52600000000007";"612,2";"BCDEEE+BookmanOldStyle-Bold";"12,0";"306,165";"306,1";"0,00010617445279320112";"0,3813786344331917";"0,2374550800392029";"True";"JUDUL";""
"1";"TENTANG";"275,48";"336,44000000000005";"245,1260000000001";"257,1260000000001";"612,2";"BCDEEE+BookmanOldStyle-Bold";"12,0";"305,96000000000004";"306,1";"0,00022868343678534195";"0,44998366546880103";"0,09957530218882724";"True";"JUDUL";""
"1";"PEMBERIAN TAMBAHAN PENGHASILAN PEGAWAI";"149,65";"462,10600000000005";"266,7460000000001";"278,7460000000001";"612,2";"BCDEEE+BookmanOldStyle-Bold";"12,0";"305,87800000000004";"306,1";"0,00036262659261675917";"0,24444625939235542";"0,5103822280300555";"True";"JUDUL";""
"1";"KEPADA APARATUR SIPIL NEGARA DI LINGKUNGAN";"141,65";"470,33799999999997";"288,3460000000001";"300,3460000000001";"612,2";"BCDEEE+BookmanOldStyle-Bold";"12,0";"305,99399999999997";"306,1";"0,0001731460307090026";"0,23137863443319176";"0,5368964390721985";"True";"JUDUL";""
"1";"PEMERINTAH KABUPATEN MALANG";"192,45";"419,538";"309,94600000000014";"321,94600000000014";"612,2";"BCDEEE+BookmanOldStyle-Bold";"12,0";"305,994";"306,1";"0,00017314603070890972";"0,314358052923881";"0,37093760209082";"True";"JUDUL";""
"1";"DENGAN RAHMAT TUHAN YANG MAHA ESA";"169,05";"442,5300000000001";"353,15600000000006";"365,15600000000006";"612,2";"BCDEEE+BookmanOldStyle-Bold";"12,0";"305,7900000000001";"306,1";"0,0005063704671675032";"0,27613524991832733";"0,4467167592290102";"True";"PEMBUKAAN";"FRASA RELIGIUS"
"1";"BUPATI MALANG,";"251,08";"360,916";"396,3760000000001";"408,3760000000001";"612,2";"BCDEEE+BookmanOldStyle-Bold";"12,0";"305,998";"306,1";"0,00016661221822938954";"0,41012740934335185";"0,17941195687683759";"True";"PEMBUKAAN";"PEMBENTUK PPU"
"1";"Menimbang : a. bahwa untuk meningkatkan disiplin, motivasi, kinerja dan";"70,825";"541,0339999999999";"439,6";"451,6";"612,2";"BCDFEE+BookmanOldStyle";"12,0";"305,92949999999996";"306,1";"0,0002785037569422753";"0,11568931721659588";"0,7680643580529236";"False";"PEMBUKAAN";"KONSIDERANS"
"1";"kesejahteraan bagi Aparatur Sipil Negara di Lingkungan";"191,45";"541,2059999999999";"459,20000000000005";"471,20000000000005";"612,2";"BCDFEE+BookmanOldStyle";"12,0";"366,328";"306,1";"0,09837961450506362";"0,3127245998039856";"0,571310029402156";"False";"PEMBUKAAN";"KONSIDERANS"
"1";"Pemerintah Kabupaten Malang, perlu diberikan tambahan";"191,45";"540,8179999999999";"478,82000000000005";"490,82000000000005";"612,2";"BCDFEE+BookmanOldStyle";"12,0";"366,1339999999999";"306,1";"0,09806272459980378";"0,3127245998039856";"0,5706762495916364";"False";"PEMBUKAAN";"KONSIDERANS"
"1";"penghasilan pegawai kepada Aparatur Sipil Negara sesuai";"191,45";"541,3100000000001";"498,42";"510,42";"612,2";"BCDFEE+BookmanOldStyle";"12,0";"366,38";"306,1";"0,09846455406729822";"0,3127245998039856";"0,5714799085266253";"False";"PEMBUKAAN";"KONSIDERANS"
"1";"kemampuan keuangan daerah;";"191,45";"375,56";"518,02";"530,02";"612,2";"BCDFEE+BookmanOldStyle";"12,0";"283,505";"306,1";"0,036907873244037936";"0,3127245998039856";"0,30073505390395294";"False";"PEMBUKAAN";"KONSIDERANS"
"1";"b. bahwa untuk menyesuaikan perkembangan dan dinamika";"170,05";"541,156";"539,6200000000001";"551,6200000000001";"612,2";"BCDFEE+BookmanOldStyle";"12,0";"355,60299999999995";"306,1";"0,08086082979418478";"0,2777687030382228";"0,6061842535119241";"False";"PEMBUKAAN";"KONSIDERANS"
"1";"peraturan perundang-undangan, maka Peraturan Bupati";"191,45";"541,018";"559,23";"571,23";"612,2";"BCDFEE+BookmanOldStyle";"12,0";"366,23400000000004";"306,1";"0,09822606991179354";"0,3127245998039856";"0,5710029402156158";"False";"PEMBUKAAN";"KONSIDERANS"
"1";"Malang Nomor 8 Tahun 2020 tentang Pemberian";"191,45";"540,7099999999999";"578,82";"590,82";"612,2";"BCDFEE+BookmanOldStyle";"12,0";"366,0799999999999";"306,1";"0,09797451813132947";"0,3127245998039856";"0,5704998366546878";"False";"PEMBUKAAN";"KONSIDERANS"
"1";"Tambahan Penghasilan kepada Pegawai Negeri Sipil di";"191,45";"540,782";"598,45";"610,45";"612,2";"BCDFEE+BookmanOldStyle";"12,0";"366,116";"306,1";"0,09803332244364579";"0,3127245998039856";"0,5706174452793206";"False";"PEMBUKAAN";"KONSIDERANS"
"1";"Lingkungan Pemerintah Kabupaten Malang, sebagaimana";"191,45";"541,258";"618,05";"630,05";"612,2";"BCDFEE+BookmanOldStyle";"12,0";"366,35400000000004";"306,1";"0,09842208428618102";"0,3127245998039856";"0,5713949689643908";"False";"PEMBUKAAN";"KONSIDERANS"
"1";"telah diubah beberapa kali, terakhir dengan Peraturan";"191,45";"541,206";"637,6500000000001";"649,6500000000001";"612,2";"BCDFEE+BookmanOldStyle";"12,0";"366,328";"306,1";"0,09837961450506362";"0,3127245998039856";"0,5713100294021561";"False";"PEMBUKAAN";"KONSIDERANS"
"1";"Bupati Malang Nomor 6 Tahun 2024 tentang Perubahan";"191,45";"541,13";"657,25";"669,25";"612,2";"BCDFEE+BookmanOldStyle";"12,0";"366,28999999999996";"306,1";"0,09831754328650757";"0,3127245998039856";"0,571185886965044";"False";"PEMBUKAAN";"KONSIDERANS"
"1";"Keenam atas Peraturan Bupati Malang Nomor 8";"191,45";"541,0840000000001";"676,85";"688,85";"612,2";"BCDFEE+BookmanOldStyle";"12,0";"366,26700000000005";"306,1";"0,09827997386475013";"0,3127245998039856";"0,571110748121529";"False";"PEMBUKAAN";"KONSIDERANS"
"1";"Tahun 2020 tentang Pemberian Tambahan Penghasilan";"191,45";"540,866";"696,47";"708,47";"612,2";"BCDFEE+BookmanOldStyle";"12,0";"366,158";"306,1";"0,09810192747468145";"0,3127245998039856";"0,5707546553413917";"False";"PEMBUKAAN";"KONSIDERANS"
"1";"kepada Pegawai Negeri Sipil di Lingkungan Pemerintah";"191,45";"541,458";"716,07";"728,07";"612,2";"BCDFEE+BookmanOldStyle";"12,0";"366,45399999999995";"306,1";"0,0985854295981704";"0,3127245998039856";"0,5717216595883697";"False";"PEMBUKAAN";"KONSIDERANS"
"1";"Kabupaten Malang perlu diganti;";"191,45";"385,35999999999996";"735,6800000000001";"747,6800000000001";"612,2";"BCDFEE+BookmanOldStyle";"12,0";"288,405";"306,1";"0,028903952956550228";"0,3127245998039856";"0,3167428944789284";"False";"PEMBUKAAN";"KONSIDERANS"
"1";"c. bahwa berdasarkan pertimbangan sebagaimana";"170,05";"541,1659999999999";"757,27";"769,27";"612,2";"BCDFEE+BookmanOldStyle";"12,0";"355,60799999999995";"306,1";"0,08086899705978426";"0,2777687030382228";"0,606200588043123";"False";"PEMBUKAAN";"KONSIDERANS"
"1";"dimaksud dalam huruf a dan huruf b, maka perlu";"191,45";"541,266";"776,87";"788,87";"612,2";"BCDFEE+BookmanOldStyle";"12,0";"366,35799999999995";"306,1";"0,09842861809866044";"0,3127245998039856";"0,5714080365893498";"False";"PEMBUKAAN";"KONSIDERANS"
"1";"membentuk Peraturan Bupati tentang Pemberian";"191,45";"541,0619999999999";"796,48";"808,48";"612,2";"BCDFEE+BookmanOldStyle";"12,0";"366,256";"306,1";"0,09826200588043114";"0,3127245998039856";"0,571074812152891";"False";"PEMBUKAAN";"KONSIDERANS"
"1";"Tambahan Penghasilan Pegawai kepada Aparatur Sipil";"191,45";"541,166";"816,1";"828,1";"612,2";"BCDFEE+BookmanOldStyle";"12,0";"366,308";"306,1";"0,09834694544266574";"0,3127245998039856";"0,5712446912773604";"False";"PEMBUKAAN";"KONSIDERANS"
"1";"Negara di Lingkungan Pemerintah Kabupaten Malang;";"191,45";"511,19";"835,7";"847,7";"612,2";"BCDFEE+BookmanOldStyle";"12,0";"351,32";"306,1";"0,0738647500816726";"0,3127245998039856";"0,522280300555374";"False";"PEMBUKAAN";"KONSIDERANS"
"2";"2";"302,5";"309,94";"35,90000000000009";"47,90000000000009";"612,2";"BCDFEE+BookmanOldStyle";"12,0";"306,22";"306,1";"0,0001960143743874625";"0,4941195687683763";"0,01215289121202221";"False";"PEMBUKAAN";"KONSIDERANS"
"2";"Mengingat : 1. Undang-Undang Nomor 12 Tahun 1950 tentang";"70,625";"540,944";"72,92000000000007";"84,92000000000007";"612,2";"BCDFEE+BookmanOldStyle";"12,0";"305,7845";"306,1";"0,0005153544593270871";"0,11536262659261678";"0,7682440378961123";"False";"PEMBUKAAN";"DASAR HUKUM"
"2";"Pembentukan Daerah-daerah Kabupaten di Lingkungan";"191,45";"541,276";"91,32000000000005";"103,32000000000005";"612,2";"BCDFEE+BookmanOldStyle";"12,0";"366,36299999999994";"306,1";"0,09843678536425991";"0,3127245998039856";"0,5714243711205488";"False";"PEMBUKAAN";"DASAR HUKUM"
"2";"Propinsi Jawa Timur (Berita Negara Republik Indonesia";"191,45";"540,9140000000002";"109,73000000000013";"121,73000000000013";"612,2";"BCDFEE+BookmanOldStyle";"12,0";"366,18200000000013";"306,1";"0,09814113034955914";"0,3127245998039856";"0,5708330610911471";"False";"PEMBUKAAN";"DASAR HUKUM"
"2";"Tahun 1950 Nomor 41), sebagaimana telah diubah dengan";"191,45";"541,082";"127,92000000000007";"139,92000000000007";"612,2";"BCDFEE+BookmanOldStyle";"12,0";"366,26599999999996";"306,1";"0,09827834041163008";"0,3127245998039856";"0,5711074812152891";"False";"PEMBUKAAN";"DASAR HUKUM"
"2";"Undang-Undang Nomor 2 Tahun 1965 tentang Perubahan";"191,45";"540,968";"146,32000000000005";"158,32000000000005";"612,2";"BCDFEE+BookmanOldStyle";"12,0";"366,20899999999995";"306,1";"0,09818523358379601";"0,3127245998039856";"0,5709212675596209";"False";"PEMBUKAAN";"DASAR HUKUM"
"2";"Batas Wilayah Kotapraja Surabaya dan Daerah Tingkat II";"191,45";"540,698";"164,55000000000007";"176,55000000000007";"612,2";"BCDFEE+BookmanOldStyle";"12,0";"366,07399999999996";"306,1";"0,09796471741261015";"0,3127245998039856";"0,5704802352172492";"False";"PEMBUKAAN";"DASAR HUKUM"
"2";"Surabaya dengan mengubah Undang-Undang Nomor 12";"191,45";"541,072";"182,95000000000005";"194,95000000000005";"612,2";"BCDFEE+BookmanOldStyle";"12,0";"366,26099999999997";"306,1";"0,0982701731460306";"0,3127245998039856";"0,5710911466840901";"False";"PEMBUKAAN";"DASAR HUKUM"
"2";"Tahun 1950 tentang Pembentukan Daerah-daerah Kota";"191,45";"541,446";"201,1500000000001";"213,1500000000001";"612,2";"BCDFEE+BookmanOldStyle";"12,0";"366,448";"306,1";"0,09857562887945108";"0,3127245998039856";"0,5717020581509311";"False";"PEMBUKAAN";"DASAR HUKUM"
"2";"Besar dalam Lingkungan Propinsi Jawa Timur, Jawa";"191,45";"540,914";"219,55000000000007";"231,55000000000007";"612,2";"BCDFEE+BookmanOldStyle";"12,0";"366,182";"306,1";"0,09814113034955894";"0,3127245998039856";"0,5708330610911466";"False";"PEMBUKAAN";"DASAR HUKUM"
"2";"Tengah, Jawa Barat dan Daerah Istimewa Yogyakarta";"191,45";"541,032";"237,95000000000005";"249,95000000000005";"612,2";"BCDFEE+BookmanOldStyle";"12,0";"366,241";"306,1";"0,09823750408363273";"0,3127245998039856";"0,5710258085592944";"False";"PEMBUKAAN";"DASAR HUKUM"
"2";"(Lembaran Negara Republik Indonesia Tahun 1965";"191,45";"540,818";"256,1500000000001";"268,1500000000001";"612,2";"BCDFEE+BookmanOldStyle";"12,0";"366,134";"306,1";"0,09806272459980396";"0,3127245998039856";"0,5706762495916367";"False";"PEMBUKAAN";"DASAR HUKUM"
"2";"Nomor 19, Tambahan Lembaran Negara Republik";"191,45";"540,8299999999999";"274,57000000000005";"286,57000000000005";"612,2";"BCDFEE+BookmanOldStyle";"12,0";"366,14";"306,1";"0,09807252531852328";"0,3127245998039856";"0,5706958510290753";"False";"PEMBUKAAN";"DASAR HUKUM"
"2";"Indonesia Nomor 2730);";"191,45";"332,14";"292,7700000000001";"304,7700000000001";"612,2";"BCDFEE+BookmanOldStyle";"12,0";"261,79499999999996";"306,1";"0,07237014047696841";"0,3127245998039856";"0,2298105194380921";"False";"PEMBUKAAN";"DASAR HUKUM"
"2";"2. Undang-Undang Nomor 28 Tahun 1999 tentang";"170,05";"541,1700000000001";"313,18000000000006";"325,18000000000006";"612,2";"BCDFEE+BookmanOldStyle";"12,0";"355,61";"306,1";"0,08087226396602415";"0,2777687030382228";"0,6062071218556028";"False";"PEMBUKAAN";"DASAR HUKUM"
"2";"Penyelenggaraan Negara yang Bersih dan Bebas dari";"191,45";"540,7699999999999";"331,3700000000001";"343,3700000000001";"612,2";"BCDFEE+BookmanOldStyle";"12,0";"366,1099999999999";"306,1";"0,09802352172492629";"0,3127245998039856";"0,5705978438418815";"False";"PEMBUKAAN";"DASAR HUKUM"
"2";"Korupsi, Kolusi dan Nepotisme (Lembaran Negara Republik";"191,45";"541,05";"349,7700000000001";"361,7700000000001";"612,2";"BCDFEE+BookmanOldStyle";"12,0";"366,25";"306,1";"0,09825220516171182";"0,3127245998039856";"0,5710552107154524";"False";"PEMBUKAAN";"DASAR HUKUM"
"2";"Indonesia Tahun 1999 Nomor 75, Tambahan Lembaran";"191,45";"540,934";"368,0000000000001";"380,0000000000001";"612,2";"BCDFEE+BookmanOldStyle";"12,0";"366,192";"306,1";"0,09815746488075788";"0,3127245998039856";"0,5708657301535445";"False";"PEMBUKAAN";"DASAR HUKUM"
"2";"Negara Republik Indonesia Nomor 3851);";"191,45";"433,16999999999996";"386,4000000000001";"398,4000000000001";"612,2";"BCDFEE+BookmanOldStyle";"12,0";"312,30999999999995";"306,1";"0,010143743874550673";"0,3127245998039856";"0,39483828814113026";"False";"PEMBUKAAN";"DASAR HUKUM"
"2";"3. Undang-Undang Nomor 17 Tahun 2003 tentang Keuangan";"170,05";"540,9079999999999";"406,80000000000007";"418,8";"612,2";"BCDFEE+BookmanOldStyle";"11,999999999999943";"355,4789999999999";"306,1";"0,08065828160731771";"0,2777687030382228";"0,6057791571381899";"False";"PEMBUKAAN";"DASAR HUKUM"
"2";"Negara (Lembaran Negara Republik Indonesia Tahun 2003";"191,45";"540,974";"425,00000000000006";"437,00000000000006";"612,2";"BCDFEE+BookmanOldStyle";"12,0";"366,212";"306,1";"0,09819013394315577";"0,3127245998039856";"0,5709310682783405";"False";"PEMBUKAAN";"DASAR HUKUM"
"2";"Nomor 47, Tambahan Lembaran Negara Republik";"191,45";"540,9920000000001";"443,40000000000003";"455,40000000000003";"612,2";"BCDFEE+BookmanOldStyle";"12,0";"366,221";"306,1";"0,09820483502123485";"0,3127245998039856";"0,5709604704344986";"False";"PEMBUKAAN";"DASAR HUKUM"
"2";"Indonesia Nomor 4286);";"191,45";"332,0539999999999";"461,6";"473,6";"612,2";"BCDFEE+BookmanOldStyle";"12,0";"261,75199999999995";"306,1";"0,07244037896112393";"0,3127245998039856";"0,22967004246978098";"False";"PEMBUKAAN";"DASAR HUKUM"
"2";"4. Undang-Undang Nomor 1 Tahun 2004 tentang";"170,05";"541,376";"482,02000000000004";"494,02000000000004";"612,2";"BCDFEE+BookmanOldStyle";"12,0";"355,71299999999997";"306,1";"0,0810405096373733";"0,2777687030382228";"0,6065436131983011";"False";"PEMBUKAAN";"DASAR HUKUM"
"2";"Perbendaharaan Negara (Lembaran Negara Republik";"191,45";"540,8420000000001";"500,22";"512,22";"612,2";"BCDFEE+BookmanOldStyle";"12,0";"366,1460000000001";"306,1";"0,0980823260372428";"0,3127245998039856";"0,5707154524665143";"False";"PEMBUKAAN";"DASAR HUKUM"
"2";"Indonesia Tahun 2004 Nomor 5, Tambahan Lembaran";"191,45";"540,8899999999998";"518,6200000000001";"530,6200000000001";"612,2";"BCDFEE+BookmanOldStyle";"12,0";"366,16999999999985";"306,1";"0,09812152891211992";"0,3127245998039856";"0,5707938582162688";"False";"PEMBUKAAN";"DASAR HUKUM"
"2";"Negara Republik Indonesia Nomor 4355);";"191,45";"432,98599999999993";"536,82";"548,82";"612,2";"BCDFEE+BookmanOldStyle";"12,0";"312,21799999999996";"306,1";"0,009993466187520316";"0,3127245998039856";"0,39453773276706944";"False";"PEMBUKAAN";"DASAR HUKUM"
"2";"5. Undang-Undang Nomor 15 Tahun 2004 tentang";"170,05";"541,166";"557,23";"569,23";"612,2";"BCDFEE+BookmanOldStyle";"12,0";"355,60800000000006";"306,1";"0,08086899705978444";"0,2777687030382228";"0,6062005880431232";"False";"PEMBUKAAN";"DASAR HUKUM"
"2";"Pemeriksaan Pengelolaan dan Tanggung Jawab Keuangan";"191,45";"541,0579999999999";"575,6300000000001";"587,6300000000001";"612,2";"BCDFEE+BookmanOldStyle";"12,0";"366,2539999999999";"306,1";"0,09825873897419124";"0,3127245998039856";"0,5710682783404114";"False";"PEMBUKAAN";"DASAR HUKUM"
"2";"Negara (Lembaran Negara Republik Indonesia Tahun 2004";"191,45";"540,974";"593,85";"605,85";"612,2";"BCDFEE+BookmanOldStyle";"12,0";"366,212";"306,1";"0,09819013394315577";"0,3127245998039856";"0,5709310682783405";"False";"PEMBUKAAN";"DASAR HUKUM"
"2";"Nomor 66, Tambahan Lembaran Negara Republik";"191,45";"540,8299999999999";"612,25";"624,25";"612,2";"BCDFEE+BookmanOldStyle";"12,0";"366,14";"306,1";"0,09807252531852328";"0,3127245998039856";"0,5706958510290753";"False";"PEMBUKAAN";"DASAR HUKUM"
"2";"Indonesia Nomor 4400);";"191,45";"332,0539999999999";"630,45";"642,45";"612,2";"BCDFEE+BookmanOldStyle";"12,0";"261,75199999999995";"306,1";"0,07244037896112393";"0,3127245998039856";"0,22967004246978098";"False";"PEMBUKAAN";"DASAR HUKUM"
"2";"6. Undang-Undang Nomor 12 Tahun 2011 tentang";"170,05";"540,944";"650,85";"662,85";"612,2";"BCDFEE+BookmanOldStyle";"12,0";"355,49699999999996";"306,1";"0,08068768376347588";"0,2777687030382228";"0,6058379614505063";"False";"PEMBUKAAN";"DASAR HUKUM"
"2";"Pembentukan Peraturan Perundang-undangan (Lembaran";"191,45";"541,334";"669,0500000000001";"681,0500000000001";"612,2";"BCDFEE+BookmanOldStyle";"12,0";"366,39199999999994";"306,1";"0,09848415550473687";"0,3127245998039856";"0,5715191114015027";"False";"PEMBUKAAN";"DASAR HUKUM"
"2";"Negara Republik Indonesia Tahun 2011 Nomor 82,";"191,45";"540,8779999999998";"687,45";"699,45";"612,2";"BCDFEE+BookmanOldStyle";"12,0";"366,1639999999999";"306,1";"0,0981117281934006";"0,3127245998039856";"0,5707742567788301";"False";"PEMBUKAAN";"DASAR HUKUM"
"2";"Tambahan Lembaran Negara Republik Indonesia";"191,45";"540,9620000000002";"705,87";"717,87";"612,2";"BCDFEE+BookmanOldStyle";"12,0";"366,20600000000013";"306,1";"0,09818033322443663";"0,3127245998039856";"0,570911466840902";"False";"PEMBUKAAN";"DASAR HUKUM"
"2";"Nomor 5234), sebagaimana telah diubah beberapa kali,";"191,45";"541,152";"724,07";"736,07";"612,2";"BCDFEE+BookmanOldStyle";"12,0";"366,30100000000004";"306,1";"0,09833551127082656";"0,3127245998039856";"0,5712218229336818";"False";"PEMBUKAAN";"DASAR HUKUM"
"2";"terakhir dengan Undang-Undang Nomor 13 Tahun 2022";"191,45";"541,216";"742,48";"754,48";"612,2";"BCDFEE+BookmanOldStyle";"12,0";"366,33299999999997";"306,1";"0,09838778177066308";"0,3127245998039856";"0,5713263639333551";"False";"PEMBUKAAN";"DASAR HUKUM"
"2";"tentang Perubahan Kedua atas Undang-Undang Nomor 12";"191,45";"541,2560000000001";"760,6800000000001";"772,6800000000001";"612,2";"BCDFEE+BookmanOldStyle";"12,0";"366,35300000000007";"306,1";"0,09842045083306115";"0,3127245998039856";"0,571391702058151";"False";"PEMBUKAAN";"DASAR HUKUM"
"2";"Tahun 2011 tentang Pembentukan Peraturan";"191,45";"541,1299999999998";"779,07";"791,07";"612,2";"BCDFEE+BookmanOldStyle";"12,0";"366,28999999999985";"306,1";"0,0983175432865074";"0,3127245998039856";"0,5711858869650437";"False";"PEMBUKAAN";"DASAR HUKUM"
"2";"Perundang-undangan (Lembaran Negara Republik";"191,45";"540,9280000000001";"797,2800000000001";"809,2800000000001";"612,2";"BCDFEE+BookmanOldStyle";"12,0";"366,1890000000001";"306,1";"0,09815256452139832";"0,3127245998039856";"0,5708559294348253";"False";"PEMBUKAAN";"DASAR HUKUM"
"2";"Indonesia Tahun 2022 Nomor 143, Tambahan Lembaran";"191,45";"540,9019999999999";"815,7";"827,7";"612,2";"BCDFEE+BookmanOldStyle";"12,0";"366,17599999999993";"306,1";"0,09813132963083944";"0,3127245998039856";"0,5708134596537078";"False";"PEMBUKAAN";"DASAR HUKUM"
"2";"Negara Republik Indonesia Nomor 6801);";"191,45";"432,98599999999993";"833,9000000000001";"845,9000000000001";"612,2";"BCDFEE+BookmanOldStyle";"12,0";"312,21799999999996";"306,1";"0,009993466187520316";"0,3127245998039856";"0,39453773276706944";"False";"PEMBUKAAN";"DASAR HUKUM"
"3";"3";"302,5";"309,94";"35,90000000000009";"47,90000000000009";"612,2";"BCDFEE+BookmanOldStyle";"12,0";"306,22";"306,1";"0,0001960143743874625";"0,4941195687683763";"0,01215289121202221";"False";"PEMBUKAAN";"DASAR HUKUM"
"3";"7. Undang-Undang Nomor 23 Tahun 2014 tentang";"170,05";"540,944";"72,92000000000007";"84,92000000000007";"612,2";"BCDFEE+BookmanOldStyle";"12,0";"355,49699999999996";"306,1";"0,08068768376347588";"0,2777687030382228";"0,6058379614505063";"False";"PEMBUKAAN";"DASAR HUKUM"
"3";"Pemerintahan Daerah (Lembaran Negara Republik";"191,45";"540,8920000000002";"91,32000000000005";"103,32000000000005";"612,2";"BCDFEE+BookmanOldStyle";"12,0";"366,17100000000005";"306,1";"0,09812316236524016";"0,3127245998039856";"0,5707971251225092";"False";"PEMBUKAAN";"DASAR HUKUM"
"3";"Indonesia Tahun 2014 Nomor 244, Tambahan Lembaran";"191,45";"541,2379999999999";"109,73000000000013";"121,73000000000013";"612,2";"BCDFEE+BookmanOldStyle";"12,0";"366,34399999999994";"306,1";"0,09840574975498188";"0,3127245998039856";"0,5713622999019927";"False";"PEMBUKAAN";"DASAR HUKUM"
"3";"Negara Republik Indonesia Nomor 5587), sebagaimana";"191,45";"541,01";"127,92000000000007";"139,92000000000007";"612,2";"BCDFEE+BookmanOldStyle";"12,0";"366,23";"306,1";"0,09821953609931393";"0,3127245998039856";"0,5709898725906566";"False";"PEMBUKAAN";"DASAR HUKUM"
"3";"telah diubah beberapa kali, terakhir dengan";"191,45";"540,7579999999999";"146,32000000000005";"158,32000000000005";"612,2";"BCDFEE+BookmanOldStyle";"12,0";"366,1039999999999";"306,1";"0,09801372100620696";"0,3127245998039856";"0,5705782424044429";"False";"PEMBUKAAN";"DASAR HUKUM"
"3";"Undang-Undang Nomor 9 Tahun 2015 tentang Perubahan";"191,45";"540,896";"164,55000000000007";"176,55000000000007";"612,2";"BCDFEE+BookmanOldStyle";"12,0";"366,173";"306,1";"0,09812642927147987";"0,3127245998039856";"0,5708036589349885";"False";"PEMBUKAAN";"DASAR HUKUM"
"3";"Kedua atas Undang-Undang Nomor 23 Tahun 2014";"191,45";"540,992";"182,95000000000005";"194,95000000000005";"612,2";"BCDFEE+BookmanOldStyle";"12,0";"366,221";"306,1";"0,09820483502123485";"0,3127245998039856";"0,5709604704344985";"False";"PEMBUKAAN";"DASAR HUKUM"
"3";"tentang Pemerintahan Daerah (Lembaran Negara Republik";"191,45";"540,722";"201,1500000000001";"213,1500000000001";"612,2";"BCDFEE+BookmanOldStyle";"12,0";"366,086";"306,1";"0,09798431885004898";"0,3127245998039856";"0,5705194380921267";"False";"PEMBUKAAN";"DASAR HUKUM"
"3";"Indonesia Tahun 2015 Nomor 58, Tambahan Lembaran";"191,45";"540,7099999999999";"219,55000000000007";"231,55000000000007";"612,2";"BCDFEE+BookmanOldStyle";"12,0";"366,0799999999999";"306,1";"0,09797451813132947";"0,3127245998039856";"0,5704998366546878";"False";"PEMBUKAAN";"DASAR HUKUM"
"3";"Negara Republik Indonesia Nomor 5679);";"191,45";"433,13199999999995";"237,95000000000005";"249,95000000000005";"612,2";"BCDFEE+BookmanOldStyle";"12,0";"312,29099999999994";"306,1";"0,01011270826527265";"0,3127245998039856";"0,39477621692257425";"False";"PEMBUKAAN";"DASAR HUKUM"
"3";"8. Undang-Undang Nomor 20 Tahun 2023 tentang Aparatur";"170,05";"541,2919999999999";"258,1500000000001";"270,1500000000001";"612,2";"BCDFEE+BookmanOldStyle";"12,0";"355,67099999999994";"306,1";"0,08097190460633764";"0,2777687030382228";"0,6064064031362298";"False";"PEMBUKAAN";"DASAR HUKUM"
"3";"Sipil Negara (Lembaran Negara Republik Indonesia";"191,45";"540,988";"276,57000000000005";"288,57000000000005";"612,2";"BCDFEE+BookmanOldStyle";"12,0";"366,21900000000005";"306,1";"0,09820156811499514";"0,3127245998039856";"0,570953936622019";"False";"PEMBUKAAN";"DASAR HUKUM"
"3";"Tahun 2023 Nomor 141, Tambahan Lembaran Negara";"191,45";"540,6499999999999";"294,7700000000001";"306,7700000000001";"612,2";"BCDFEE+BookmanOldStyle";"12,0";"366,04999999999995";"306,1";"0,09792551453773266";"0,3127245998039856";"0,5704018294674941";"False";"PEMBUKAAN";"DASAR HUKUM"
"3";"Republik Indonesia Nomor 6897);";"191,45";"388,44199999999995";"313,18000000000006";"325,18000000000006";"612,2";"BCDFEE+BookmanOldStyle";"12,0";"289,94599999999997";"306,1";"0,02638680169879133";"0,3127245998039856";"0,3217771969944462";"False";"PEMBUKAAN";"DASAR HUKUM"
"3";"9. Peraturan Pemerintah Nomor 11 Tahun 2017 tentang";"170,05";"541,37";"333,3700000000001";"345,3700000000001";"612,2";"BCDFEE+BookmanOldStyle";"12,0";"355,71000000000004";"306,1";"0,08103560927801373";"0,2777687030382228";"0,6065338124795818";"False";"PEMBUKAAN";"DASAR HUKUM"
"3";"Manajemen Pegawai Negeri Sipil (Lembaran Negara";"191,45";"540,99";"351,7700000000001";"363,7700000000001";"612,2";"BCDFEE+BookmanOldStyle";"12,0";"366,22";"306,1";"0,09820320156811499";"0,3127245998039856";"0,5709572035282587";"False";"PEMBUKAAN";"DASAR HUKUM"
"3";"Republik Indonesia Tahun 2017 Nomor 63, Tambahan";"191,45";"541,2019999999999";"370,0000000000001";"382,0000000000001";"612,2";"BCDFEE+BookmanOldStyle";"12,0";"366,3259999999999";"306,1";"0,09837634759882372";"0,3127245998039856";"0,5713034955896764";"False";"PEMBUKAAN";"DASAR HUKUM"
"3";"Lembaran Negara Republik Indonesia Nomor 6037),";"191,45";"541,22";"388,4000000000001";"400,4000000000001";"612,2";"BCDFEE+BookmanOldStyle";"12,0";"366,33500000000004";"306,1";"0,09839104867690299";"0,3127245998039856";"0,5713328977458347";"False";"PEMBUKAAN";"DASAR HUKUM"
"3";"sebagaimana telah diubah dengan Peraturan Pemerintah";"191,45";"541,0459999999999";"406,80000000000007";"418,8";"612,2";"BCDFEE+BookmanOldStyle";"11,999999999999943";"366,24799999999993";"306,1";"0,09824893825547192";"0,3127245998039856";"0,5710486769029728";"False";"PEMBUKAAN";"DASAR HUKUM"
"3";"Nomor 17 Tahun 2020 tentang Perubahan atas Peraturan";"191,45";"540,8059999999997";"425,00000000000006";"437,00000000000006";"612,2";"BCDFEE+BookmanOldStyle";"12,0";"366,1279999999998";"306,1";"0,09805292388108426";"0,3127245998039856";"0,5706566481541975";"False";"PEMBUKAAN";"DASAR HUKUM"
"3";"Pemerintah Nomor 11 Tahun 2017 tentang Manajemen";"191,45";"540,6619999999999";"443,40000000000003";"455,40000000000003";"612,2";"BCDFEE+BookmanOldStyle";"12,0";"366,0559999999999";"306,1";"0,09793531525645198";"0,3127245998039856";"0,5704214309049329";"False";"PEMBUKAAN";"DASAR HUKUM"
"3";"Pegawai Negeri Sipil (Lembaran Negara Republik Indonesia";"191,45";"540,9740000000002";"461,6";"473,6";"612,2";"BCDFEE+BookmanOldStyle";"12,0";"366,2120000000001";"306,1";"0,09819013394315595";"0,3127245998039856";"0,5709310682783406";"False";"PEMBUKAAN";"DASAR HUKUM"
"3";"Tahun 2020 Nomor 68, Tambahan Lembaran Negara";"191,45";"540,9499999999999";"480,02000000000004";"492,02000000000004";"612,2";"BCDFEE+BookmanOldStyle";"12,0";"366,19999999999993";"306,1";"0,09817053250571693";"0,3127245998039856";"0,5708918654034628";"False";"PEMBUKAAN";"DASAR HUKUM"
"3";"Republik Indonesia Nomor 6477);";"191,45";"388,57";"498,22";"510,22";"612,2";"BCDFEE+BookmanOldStyle";"12,0";"290,01";"306,1";"0,026282260699117984";"0,3127245998039856";"0,32198627899379284";"False";"PEMBUKAAN";"DASAR HUKUM"
"3";"10. Peraturan Pemerintah Nomor 12 Tahun 2017 tentang";"170,05";"540,962";"518,6200000000001";"530,6200000000001";"612,2";"BCDFEE+BookmanOldStyle";"12,0";"355,506";"306,1";"0,08070238484155495";"0,2777687030382228";"0,6058673636066644";"False";"PEMBUKAAN";"DASAR HUKUM"
"3";"Pembinaan dan Pengawasan Penyelenggaraan";"191,45";"540,938";"536,82";"548,82";"612,2";"BCDFEE+BookmanOldStyle";"12,0";"366,19399999999996";"306,1";"0,09816073178699761";"0,3127245998039856";"0,5708722639660241";"False";"PEMBUKAAN";"DASAR HUKUM"
"3";"Pemerintahan Daerah (Lembaran Negara Republik";"191,45";"540,866";"555,22";"567,22";"612,2";"BCDFEE+BookmanOldStyle";"12,0";"366,158";"306,1";"0,09810192747468145";"0,3127245998039856";"0,5707546553413917";"False";"PEMBUKAAN";"DASAR HUKUM"
"3";"Indonesia Tahun 2017 Nomor 73, Tambahan Lembaran";"191,45";"541,034";"573,6300000000001";"585,6300000000001";"612,2";"BCDFEE+BookmanOldStyle";"12,0";"366,24199999999996";"306,1";"0,09823913753675259";"0,3127245998039856";"0,571029075465534";"False";"PEMBUKAAN";"DASAR HUKUM"
"3";"Negara Republik Indonesia Nomor 6041);";"191,45";"432,98599999999993";"591,85";"603,85";"612,2";"BCDFEE+BookmanOldStyle";"12,0";"312,21799999999996";"306,1";"0,009993466187520316";"0,3127245998039856";"0,39453773276706944";"False";"PEMBUKAAN";"DASAR HUKUM"
"3";"11. Peraturan Pemerintah Nomor 12 Tahun 2019 tentang";"170,05";"541,256";"612,25";"624,25";"612,2";"BCDFEE+BookmanOldStyle";"12,0";"355,653";"306,1";"0,08094250245017967";"0,2777687030382228";"0,6063475988239136";"False";"PEMBUKAAN";"DASAR HUKUM"
"3";"Pengelolaan Keuangan Daerah (Lembaran Negara Republik";"191,45";"540,806";"630,45";"642,45";"612,2";"BCDFEE+BookmanOldStyle";"12,0";"366,12800000000004";"306,1";"0,09805292388108464";"0,3127245998039856";"0,570656648154198";"False";"PEMBUKAAN";"DASAR HUKUM"
"3";"Indonesia Tahun 2019 Nomor 42, Tambahan Lembaran";"191,45";"540,7799999999999";"648,85";"660,85";"612,2";"BCDFEE+BookmanOldStyle";"12,0";"366,1149999999999";"306,1";"0,09803168899052575";"0,3127245998039856";"0,5706141783730805";"False";"PEMBUKAAN";"DASAR HUKUM"
"3";"Negara Republik Indonesia Nomor 6322);";"191,45";"433,16999999999996";"667,0500000000001";"679,0500000000001";"612,2";"BCDFEE+BookmanOldStyle";"11,999999999999972";"312,30999999999995";"306,1";"0,010143743874550673";"0,3127245998039856";"0,39483828814113026";"False";"PEMBUKAAN";"DASAR HUKUM"
"3";"12. Peraturan Pemerintah Nomor 13 Tahun 2019 tentang";"170,05";"541,256";"687,45";"699,45";"612,2";"BCDFEE+BookmanOldStyle";"12,0";"355,653";"306,1";"0,08094250245017967";"0,2777687030382228";"0,6063475988239136";"False";"PEMBUKAAN";"DASAR HUKUM"
"3";"Laporan dan Evaluasi Penyelenggaraan Pemerintahan";"191,45";"541,0699999999998";"705,87";"717,87";"612,2";"BCDFEE+BookmanOldStyle";"12,0";"366,2599999999999";"306,1";"0,09826853969291056";"0,3127245998039856";"0,57108787977785";"False";"PEMBUKAAN";"DASAR HUKUM"
"3";"Daerah (Lembaran Negara Republik Indonesia Tahun 2019";"191,45";"541,142";"724,07";"736,07";"612,2";"BCDFEE+BookmanOldStyle";"12,0";"366,29600000000005";"306,1";"0,09832734400522708";"0,3127245998039856";"0,5712054884024829";"False";"PEMBUKAAN";"DASAR HUKUM"
"3";"Nomor 52, Tambahan Lembaran Negara Republik";"191,45";"540,8920000000002";"742,48";"754,48";"612,2";"BCDFEE+BookmanOldStyle";"12,0";"366,17100000000005";"306,1";"0,09812316236524016";"0,3127245998039856";"0,5707971251225092";"False";"PEMBUKAAN";"DASAR HUKUM"
"3";"Indonesia Nomor 6323);";"191,45";"332,14";"760,6800000000001";"772,6800000000001";"612,2";"BCDFEE+BookmanOldStyle";"12,0";"261,79499999999996";"306,1";"0,07237014047696841";"0,3127245998039856";"0,2298105194380921";"False";"PEMBUKAAN";"DASAR HUKUM"
"3";"13. Peraturan Pemerintah Nomor 94 Tahun 2021 tentang";"170,05";"541,37";"781,07";"793,07";"612,2";"BCDFEE+BookmanOldStyle";"12,0";"355,71000000000004";"306,1";"0,08103560927801373";"0,2777687030382228";"0,6065338124795818";"False";"PEMBUKAAN";"DASAR HUKUM"
"3";"Disiplin Pegawai Negeri Sipil (Lembaran Negara Republik";"191,45";"540,864";"799,2800000000001";"811,2800000000001";"612,2";"BCDFEE+BookmanOldStyle";"12,0";"366,15700000000004";"306,1";"0,0981002940215616";"0,3127245998039856";"0,5707513884351519";"False";"PEMBUKAAN";"DASAR HUKUM"
"3";"Indonesia Tahun 2021 Nomor 202, Tambahan Lembaran";"191,45";"541,1239999999999";"817,7";"829,7";"612,2";"BCDFEE+BookmanOldStyle";"12,0";"366,2869999999999";"306,1";"0,09831264292714782";"0,3127245998039856";"0,5711760862463245";"False";"PEMBUKAAN";"DASAR HUKUM"
"3";"Negara Republik Indonesia Nomor 6718);";"191,45";"433,160000238";"835,9000000000001";"847,9000000000001";"612,2";"BCDFEE+BookmanOldStyle";"12,0";"312,305000119";"306,1";"0,010135576803332205";"0,3127245998039856";"0,39482195399869324";"False";"PEMBUKAAN";"DASAR HUKUM"
"4";"4";"302,5";"309,94";"35,90000000000009";"47,90000000000009";"612,2";"BCDFEE+BookmanOldStyle";"12,0";"306,22";"306,1";"0,0001960143743874625";"0,4941195687683763";"0,01215289121202221";"False";"PEMBUKAAN";"DASAR HUKUM"
"4";"14. Peraturan Presiden Nomor 87 Tahun 2014 tentang";"170,05";"541,034";"72,92000000000007";"84,92000000000007";"612,2";"BCDFEE+BookmanOldStyle";"12,0";"355,54200000000003";"306,1";"0,08076118915387129";"0,2777687030382228";"0,6059849722312969";"False";"PEMBUKAAN";"DASAR HUKUM"
"4";"Peraturan Pelaksanaan Undang-Undang Nomor 12";"191,45";"541,272";"90,32000000000005";"102,32000000000005";"612,2";"BCDFEE+BookmanOldStyle";"12,0";"366,361";"306,1";"0,09843351845802019";"0,3127245998039856";"0,5714178373080693";"False";"PEMBUKAAN";"DASAR HUKUM"
"4";"Tahun 2011 tentang Pembentukan Peraturan";"191,45";"541,28";"107,73000000000013";"119,73000000000013";"612,2";"BCDFEE+BookmanOldStyle";"12,0";"366,365";"306,1";"0,0984400522704998";"0,3127245998039856";"0,5714309049330284";"False";"PEMBUKAAN";"DASAR HUKUM"
"4";"Perundang-undangan (Lembaran Negara Republik";"191,45";"540,9340000000001";"124,93000000000006";"136,93000000000006";"612,2";"BCDFEE+BookmanOldStyle";"12,0";"366,192";"306,1";"0,09815746488075788";"0,3127245998039856";"0,5708657301535447";"False";"PEMBUKAAN";"DASAR HUKUM"
"4";"Indonesia Tahun 2014 Nomor 199), sebagaimana telah";"191,45";"541,1299999999999";"142,32000000000005";"154,32000000000005";"612,2";"BCDFEE+BookmanOldStyle";"12,0";"366,28999999999996";"306,1";"0,09831754328650757";"0,3127245998039856";"0,5711858869650439";"False";"PEMBUKAAN";"DASAR HUKUM"
"4";"diubah dengan Peraturan Presiden Nomor 76 Tahun 2021";"191,45";"540,7819999999999";"159,55000000000007";"171,55000000000007";"612,2";"BCDFEE+BookmanOldStyle";"12,0";"366,116";"306,1";"0,09803332244364579";"0,3127245998039856";"0,5706174452793203";"False";"PEMBUKAAN";"DASAR HUKUM"
"4";"tentang Perubahan atas Peraturan Presiden Nomor 87";"191,45";"540,7340000000002";"176,95000000000005";"188,95000000000005";"612,2";"BCDFEE+BookmanOldStyle";"12,0";"366,0920000000001";"306,1";"0,0979941195687685";"0,3127245998039856";"0,5705390395295658";"False";"PEMBUKAAN";"DASAR HUKUM"
"4";"Tahun 2014 tentang Peraturan Pelaksanaan";"191,45";"541,3739999999999";"194,1500000000001";"206,1500000000001";"612,2";"BCDFEE+BookmanOldStyle";"12,0";"366,4119999999999";"306,1";"0,09851682456713474";"0,3127245998039856";"0,5715844495262984";"False";"PEMBUKAAN";"DASAR HUKUM"
"4";"Undang-Undang Nomor 12 Tahun 2011 tentang";"191,45";"540,944";"211,55000000000007";"223,55000000000007";"612,2";"BCDFEE+BookmanOldStyle";"12,0";"366,197";"306,1";"0,09816563214635736";"0,3127245998039856";"0,5708820646847435";"False";"PEMBUKAAN";"DASAR HUKUM"
"4";"Pembentukan Peraturan Perundang-undangan (Lembaran";"191,45";"541,334";"228,95000000000005";"240,95000000000005";"612,2";"BCDFEE+BookmanOldStyle";"12,0";"366,39199999999994";"306,1";"0,09848415550473687";"0,3127245998039856";"0,5715191114015027";"False";"PEMBUKAAN";"DASAR HUKUM"
"4";"Negara Republik Indonesia Tahun 2021 Nomor 186);";"191,45";"501,59";"246,1500000000001";"258,1500000000001";"612,2";"BCDFEE+BookmanOldStyle";"12,0";"346,52";"306,1";"0,06602417510617438";"0,3127245998039856";"0,5065991506043775";"False";"PEMBUKAAN";"DASAR HUKUM"
"4";"15. Peraturan Presiden Nomor 95 Tahun 2018 tentang Sistem";"170,05";"541,414";"265,57000000000005";"277,57000000000005";"612,2";"BCDFEE+BookmanOldStyle";"12,0";"355,73199999999997";"306,1";"0,08107154524665133";"0,2777687030382228";"0,6066056844168571";"False";"PEMBUKAAN";"DASAR HUKUM"
"4";"Pemerintahan Berbasis Elektronik (Lembaran Negara";"191,45";"540,988";"282,7700000000001";"294,7700000000001";"612,2";"BCDFEE+BookmanOldStyle";"12,0";"366,21900000000005";"306,1";"0,09820156811499514";"0,3127245998039856";"0,570953936622019";"False";"PEMBUKAAN";"DASAR HUKUM"
"4";"Republik Indonesia Tahun 2018 Nomor 182);";"191,45";"456,98999999999995";"300,18000000000006";"312,18000000000006";"612,2";"BCDFEE+BookmanOldStyle";"12,0";"324,21999999999997";"306,1";"0,02959817053250563";"0,3127245998039856";"0,4337471414570401";"False";"PEMBUKAAN";"DASAR HUKUM"
"4";"16. Peraturan Menteri Negara Pendayagunaan Aparatur";"170,05";"541,316";"319,3700000000001";"331,3700000000001";"612,2";"BCDFEE+BookmanOldStyle";"12,0";"355,683";"306,1";"0,08099150604377649";"0,2777687030382228";"0,6064456060111074";"False";"PEMBUKAAN";"DASAR HUKUM"
"4";"Negara dan Reformasi Birokrasi Nomor 34 Tahun 2011";"191,45";"541,19";"336,7700000000001";"348,7700000000001";"612,2";"BCDFEE+BookmanOldStyle";"12,0";"366,32000000000005";"306,1";"0,09836654688010457";"0,3127245998039856";"0,5712838941522379";"False";"PEMBUKAAN";"DASAR HUKUM"
"4";"tentang Pedoman Evaluasi Jabatan (Berita Negara";"191,45";"541,242";"354,18000000000006";"366,18000000000006";"612,2";"BCDFEE+BookmanOldStyle";"12,0";"366,346";"306,1";"0,09840901666122179";"0,3127245998039856";"0,5713688337144723";"False";"PEMBUKAAN";"DASAR HUKUM"
"4";"Republik Indonesia Tahun 2011 Nomor 454);";"191,45";"456,98999999999995";"371,4000000000001";"383,4000000000001";"612,2";"BCDFEE+BookmanOldStyle";"12,0";"324,21999999999997";"306,1";"0,02959817053250563";"0,3127245998039856";"0,4337471414570401";"False";"PEMBUKAAN";"DASAR HUKUM"
"4";"17. Peraturan Menteri Dalam Negeri Nomor 35 Tahun 2012";"170,05";"541,19";"390,80000000000007";"402,80000000000007";"612,2";"BCDFEE+BookmanOldStyle";"12,0";"355,62";"306,1";"0,08088859849722309";"0,2777687030382228";"0,6062397909180007";"False";"PEMBUKAAN";"DASAR HUKUM"
"4";"tentang Analisis Jabatan di Lingkungan Kementerian";"191,45";"541,2379999999999";"408,0000000000001";"420,00000000000006";"612,2";"BCDFEE+BookmanOldStyle";"11,999999999999943";"366,34399999999994";"306,1";"0,09840574975498188";"0,3127245998039856";"0,5713622999019927";"False";"PEMBUKAAN";"DASAR HUKUM"
"4";"Dalam Negeri dan Pemerintah Daerah (Berita Negara";"191,45";"541,2420000000001";"425,40000000000003";"437,40000000000003";"612,2";"BCDFEE+BookmanOldStyle";"12,0";"366,346";"306,1";"0,09840901666122179";"0,3127245998039856";"0,5713688337144724";"False";"PEMBUKAAN";"DASAR HUKUM"
"4";"Republik Indonesia Tahun 2012 Nomor 483);";"191,45";"456,98999999999995";"442,8";"454,8";"612,2";"BCDFEE+BookmanOldStyle";"12,0";"324,21999999999997";"306,1";"0,02959817053250563";"0,3127245998039856";"0,4337471414570401";"False";"PEMBUKAAN";"DASAR HUKUM"
"4";"18. Peraturan Menteri Dalam Negeri Nomor 80 Tahun 2015";"170,05";"540,7700000000001";"462,00000000000006";"474,00000000000006";"612,2";"BCDFEE+BookmanOldStyle";"12,0";"355,4100000000001";"306,1";"0,08054557334204518";"0,2777687030382228";"0,6055537406076447";"False";"PEMBUKAAN";"DASAR HUKUM"
"4";"tentang Pembentukan Produk Hukum Daerah (Berita";"191,45";"541,0520000000001";"479,42";"491,42";"612,2";"BCDFEE+BookmanOldStyle";"12,0";"366,2510000000001";"306,1";"0,09825383861483186";"0,3127245998039856";"0,5710584776216925";"False";"PEMBUKAAN";"DASAR HUKUM"
"4";"Negara Republik Indonesia Tahun 2015 Nomor 2036),";"191,45";"540,9019999999999";"496,63000000000005";"508,63000000000005";"612,2";"BCDFEE+BookmanOldStyle";"12,0";"366,17599999999993";"306,1";"0,09813132963083944";"0,3127245998039856";"0,5708134596537078";"False";"PEMBUKAAN";"DASAR HUKUM"
"4";"sebagaimana telah diubah dengan Peraturan Menteri";"191,45";"540,7579999999999";"514,02";"526,02";"612,2";"BCDFEE+BookmanOldStyle";"12,0";"366,1039999999999";"306,1";"0,09801372100620696";"0,3127245998039856";"0,5705782424044429";"False";"PEMBUKAAN";"DASAR HUKUM"
"4";"Dalam Negeri Nomor 120 Tahun 2018 tentang Perubahan";"191,45";"540,8419999999998";"531,23";"543,23";"612,2";"BCDFEE+BookmanOldStyle";"12,0";"366,14599999999984";"306,1";"0,09808232603724243";"0,3127245998039856";"0,5707154524665138";"False";"PEMBUKAAN";"DASAR HUKUM"
"4";"atas Peraturan Menteri Dalam Negeri Nomor 80";"191,45";"540,794";"548,6200000000001";"560,6200000000001";"612,2";"BCDFEE+BookmanOldStyle";"12,0";"366,12199999999996";"306,1";"0,09804312316236513";"0,3127245998039856";"0,5706370467167592";"False";"PEMBUKAAN";"DASAR HUKUM"
"4";"Tahun 2015 tentang Pembentukan Produk Hukum Daerah";"191,45";"541,02";"566,02";"578,02";"612,2";"BCDFEE+BookmanOldStyle";"12,0";"366,235";"306,1";"0,0982277033649134";"0,3127245998039856";"0,5710062071218556";"False";"PEMBUKAAN";"DASAR HUKUM"
"4";"(Berita Negara Republik Indonesia Tahun 2019";"191,45";"541,138";"583,23";"595,23";"612,2";"BCDFEE+BookmanOldStyle";"12,0";"366,294";"306,1";"0,09832407709898719";"0,3127245998039856";"0,5711989545900032";"False";"PEMBUKAAN";"DASAR HUKUM"
"4";"Nomor 157);";"191,45";"263,71999999999997";"600,6500000000001";"612,6500000000001";"612,2";"BCDFEE+BookmanOldStyle";"12,0";"227,58499999999998";"306,1";"0,12825057170859203";"0,3127245998039856";"0,11804965697484478";"False";"PEMBUKAAN";"DASAR HUKUM"
"4";"19. Peraturan Menteri Pendayagunaan Aparatur Negara dan";"170,05";"540,884";"619,85";"631,85";"612,2";"BCDFEE+BookmanOldStyle";"12,0";"355,467";"306,1";"0,08063868016987906";"0,2777687030382228";"0,6057399542633126";"False";"PEMBUKAAN";"DASAR HUKUM"
"4";"Reformasi Birokrasi Nomor 40 Tahun 2018 tentang";"191,45";"541,2379999999999";"637,25";"649,25";"612,2";"BCDFEE+BookmanOldStyle";"12,0";"366,34399999999994";"306,1";"0,09840574975498188";"0,3127245998039856";"0,5713622999019927";"False";"PEMBUKAAN";"DASAR HUKUM"
"4";"Pedoman Sistem Merit dalam Manajemen Aparatur Sipil";"191,45";"541,58";"654,45";"666,45";"612,2";"BCDFEE+BookmanOldStyle";"12,0";"366,515";"306,1";"0,0986850702384841";"0,3127245998039856";"0,5719209408689971";"False";"PEMBUKAAN";"DASAR HUKUM"
"4";"Negara (Berita Negara Republik Indonesia Tahun 2018";"191,45";"541,09";"671,85";"683,85";"612,2";"BCDFEE+BookmanOldStyle";"12,0";"366,27";"306,1";"0,0982848742241097";"0,3127245998039856";"0,5711205488402483";"False";"PEMBUKAAN";"DASAR HUKUM"
"4";"Nomor 1252);";"191,45";"271,32";"689,25";"701,25";"612,2";"BCDFEE+BookmanOldStyle";"12,0";"231,385";"306,1";"0,12204344985298926";"0,3127245998039856";"0,13046390068605032";"False";"PEMBUKAAN";"DASAR HUKUM"
"4";"20. Peraturan Menteri Pendayagunaan Aparatur Negara dan";"170,05";"540,7939999999999";"708,48";"720,48";"612,2";"BCDFEE+BookmanOldStyle";"12,0";"355,4219999999999";"306,1";"0,08056517477948365";"0,2777687030382228";"0,6055929434825218";"False";"PEMBUKAAN";"DASAR HUKUM"
"4";"Reformasi Birokrasi Nomor 1 Tahun 2020 tentang";"191,45";"541,37";"725,87";"737,87";"612,2";"BCDFEE+BookmanOldStyle";"12,0";"366,40999999999997";"306,1";"0,09851355766089503";"0,3127245998039856";"0,571577915713819";"False";"PEMBUKAAN";"DASAR HUKUM"
"4";"Pedoman Analisis Jabatan dan Analisis Beban Kerja";"191,45";"541,194";"743,07";"755,07";"612,2";"BCDFEE+BookmanOldStyle";"12,0";"366,322";"306,1";"0,0983698137863443";"0,3127245998039856";"0,5712904279647173";"False";"PEMBUKAAN";"DASAR HUKUM"
"4";"(Berita Negara Republik Indonesia Tahun 2020 Nomor 26);";"191,45";"537,41";"760,48";"772,48";"612,2";"BCDFEE+BookmanOldStyle";"12,0";"364,42999999999995";"306,1";"0,095279320483502";"0,3127245998039856";"0,565109441359033";"False";"PEMBUKAAN";"DASAR HUKUM"
"4";"21. Peraturan Menteri Dalam Negeri Nomor 77 Tahun 2020";"170,05";"540,7700000000001";"779,6700000000001";"791,6700000000001";"612,2";"BCDFEE+BookmanOldStyle";"12,0";"355,4100000000001";"306,1";"0,08054557334204518";"0,2777687030382228";"0,6055537406076447";"False";"PEMBUKAAN";"DASAR HUKUM"
"4";"tentang Pedoman Teknis Pengelolaan Keuangan Daerah";"191,45";"541,1179999999998";"797,07";"809,07";"612,2";"BCDFEE+BookmanOldStyle";"12,0";"366,2839999999999";"306,1";"0,09830774256778806";"0,3127245998039856";"0,5711662855276051";"False";"PEMBUKAAN";"DASAR HUKUM"
"4";"(Berita Negara Republik Indonesia Tahun 2020";"191,45";"540,854";"814,5";"826,5";"612,2";"BCDFEE+BookmanOldStyle";"12,0";"366,15200000000004";"306,1";"0,09809212675596213";"0,3127245998039856";"0,570735053903953";"False";"PEMBUKAAN";"DASAR HUKUM"
"4";"Nomor 1781);";"191,45";"271,27399999999994";"831,7";"843,7";"612,2";"BCDFEE+BookmanOldStyle";"12,0";"231,36199999999997";"306,1";"0,1220810192747469";"0,3127245998039856";"0,13038876184253503";"False";"PEMBUKAAN";"DASAR HUKUM"
"5";"5";"302,5";"309,94";"35,90000000000009";"47,90000000000009";"612,2";"BCDFEE+BookmanOldStyle";"12,0";"306,22";"306,1";"0,0001960143743874625";"0,4941195687683763";"0,01215289121202221";"False";"PEMBUKAAN";"DASAR HUKUM"
"5";"22. Peraturan Menteri Pendayagunaan Aparatur Negara dan";"170,05";"540,7939999999999";"72,92000000000007";"84,92000000000007";"612,2";"BCDFEE+BookmanOldStyle";"12,0";"355,4219999999999";"306,1";"0,08056517477948365";"0,2777687030382228";"0,6055929434825218";"False";"PEMBUKAAN";"DASAR HUKUM"
"5";"Reformasi Birokrasi Nomor 45 Tahun 2022 tentang";"191,45";"541,328";"91,32000000000005";"103,32000000000005";"612,2";"BCDFEE+BookmanOldStyle";"12,0";"366,389";"306,1";"0,0984792551453773";"0,3127245998039856";"0,5715093106827833";"False";"PEMBUKAAN";"DASAR HUKUM"
"5";"Jabatan Pelaksana Pegawai Negeri Sipil di Lingkungan";"191,45";"540,866";"109,73000000000013";"121,73000000000013";"612,2";"BCDFEE+BookmanOldStyle";"12,0";"366,158";"306,1";"0,09810192747468145";"0,3127245998039856";"0,5707546553413917";"False";"PEMBUKAAN";"DASAR HUKUM"
"5";"Instansi Pemerintah (Berita Negara Republik Indonesia";"191,45";"540,9620000000002";"127,92000000000007";"139,92000000000007";"612,2";"BCDFEE+BookmanOldStyle";"12,0";"366,20600000000013";"306,1";"0,09818033322443663";"0,3127245998039856";"0,570911466840902";"False";"PEMBUKAAN";"DASAR HUKUM"
"5";"Tahun 2022 Nomor 1047);";"191,45";"347,018";"146,32000000000005";"158,32000000000005";"612,2";"BCDFEE+BookmanOldStyle";"12,0";"269,234";"306,1";"0,06021888271806606";"0,3127245998039856";"0,2541130349558967";"False";"PEMBUKAAN";"DASAR HUKUM"
"5";"23. Peraturan Badan Kepegawaian Negara Nomor 6";"170,05";"540,77";"166,55000000000007";"178,55000000000007";"612,2";"BCDFEE+BookmanOldStyle";"12,0";"355,40999999999997";"306,1";"0,08054557334204498";"0,2777687030382228";"0,6055537406076444";"False";"PEMBUKAAN";"DASAR HUKUM"
"5";"Tahun 2022 tentang Peraturan Pelaksanaan Peraturan";"191,45";"541,37";"184,95000000000005";"196,95000000000005";"612,2";"BCDFEE+BookmanOldStyle";"12,0";"366,40999999999997";"306,1";"0,09851355766089503";"0,3127245998039856";"0,571577915713819";"False";"PEMBUKAAN";"DASAR HUKUM"
"5";"Pemerintah Nomor 94 Tahun 2021 tentang Disiplin";"191,45";"540,926";"203,1500000000001";"215,1500000000001";"612,2";"BCDFEE+BookmanOldStyle";"12,0";"366,188";"306,1";"0,09815093106827828";"0,3127245998039856";"0,5708526625285855";"False";"PEMBUKAAN";"DASAR HUKUM"
"5";"Pegawai Negeri Sipil (Berita Negara Republik Indonesia";"191,45";"540,9500000000002";"221,55000000000007";"233,55000000000007";"612,2";"BCDFEE+BookmanOldStyle";"12,0";"366,20000000000005";"306,1";"0,09817053250571711";"0,3127245998039856";"0,5708918654034632";"False";"PEMBUKAAN";"DASAR HUKUM"
"5";"Tahun 2022 Nomor 384);";"191,45";"339,6259999999999";"239,95000000000005";"251,95000000000005";"612,2";"BCDFEE+BookmanOldStyle";"12,0";"265,53799999999995";"306,1";"0,06625612544919972";"0,3127245998039856";"0,2420385494936294";"False";"PEMBUKAAN";"DASAR HUKUM"
"5";"24. Keputusan Menteri Dalam Negeri Nomor 900-4700";"170,05";"541,2020000000001";"260,18000000000006";"272,18000000000006";"612,2";"BCDFEE+BookmanOldStyle";"12,0";"355,6260000000001";"306,1";"0,0808983992159426";"0,2777687030382228";"0,6062593923554395";"False";"PEMBUKAAN";"DASAR HUKUM"
"5";"Tahun 2020 tentang Tata Cara Persetujuan Menteri Dalam";"191,45";"540,6740000000001";"278,57000000000005";"290,57000000000005";"612,2";"BCDFEE+BookmanOldStyle";"12,0";"366,062";"306,1";"0,09794511597517148";"0,3127245998039856";"0,5704410323423719";"False";"PEMBUKAAN";"DASAR HUKUM"
"5";"Negeri Terhadap Tambahan Penghasilan Pegawai Aparatur";"191,45";"540,972";"296,7700000000001";"308,7700000000001";"612,2";"BCDFEE+BookmanOldStyle";"12,0";"366,211";"306,1";"0,09818850049003591";"0,3127245998039856";"0,5709278013721005";"False";"PEMBUKAAN";"DASAR HUKUM"
"5";"Sipil Negara di Lingkungan Pemerintah Daerah;";"191,45";"473,39";"315,1700000000001";"327,1700000000001";"612,2";"BCDFEE+BookmanOldStyle";"12,0";"332,41999999999996";"306,1";"0,042992486115648376";"0,3127245998039856";"0,4605357726233257";"False";"PEMBUKAAN";"DASAR HUKUM"
"5";"25. Peraturan Daerah Kabupaten Malang Nomor 9";"170,05";"540,806";"335,3700000000001";"347,3700000000001";"612,2";"BCDFEE+BookmanOldStyle";"12,0";"355,428";"306,1";"0,08057497549820315";"0,2777687030382228";"0,6056125449199607";"False";"PEMBUKAAN";"DASAR HUKUM"
"5";"Tahun 2016 tentang Pembentukan dan Susunan";"191,45";"541,0939999999999";"353,7700000000001";"365,7700000000001";"612,2";"BCDFEE+BookmanOldStyle";"12,0";"366,27199999999993";"306,1";"0,09828814113034941";"0,3127245998039856";"0,5711270826527277";"False";"PEMBUKAAN";"DASAR HUKUM"
"5";"Perangkat Daerah (Lembaran Daerah Kabupaten Malang";"191,45";"541,01";"372,0000000000001";"384,0000000000001";"612,2";"BCDFEE+BookmanOldStyle";"12,0";"366,23";"306,1";"0,09821953609931393";"0,3127245998039856";"0,5709898725906566";"False";"PEMBUKAAN";"DASAR HUKUM"
"5";"Tahun 2016 Nomor 1 Seri C), sebagaimana telah diubah";"191,45";"541,18";"390,4000000000001";"402,4000000000001";"612,2";"BCDFEE+BookmanOldStyle";"12,0";"366,31499999999994";"306,1";"0,09835837961450493";"0,3127245998039856";"0,5712675596210388";"False";"PEMBUKAAN";"DASAR HUKUM"
"5";"beberapa kali, terakhir dengan Peraturan Daerah";"191,45";"541,0859999999999";"408,80000000000007";"420,8";"612,2";"BCDFEE+BookmanOldStyle";"11,999999999999943";"366,2679999999999";"306,1";"0,09828160731786979";"0,3127245998039856";"0,5711140150277685";"False";"PEMBUKAAN";"DASAR HUKUM"
"5";"Kabupaten Malang Nomor 3 Tahun 2023 tentang";"191,45";"541,1700000000001";"427,00000000000006";"439,00000000000006";"612,2";"BCDFEE+BookmanOldStyle";"12,0";"366,31000000000006";"306,1";"0,09835021234890563";"0,3127245998039856";"0,57125122508984";"False";"PEMBUKAAN";"DASAR HUKUM"
"5";"Perubahan Keempat atas Peraturan Daerah Nomor 9";"191,45";"541,1120000000001";"445,40000000000003";"457,40000000000003";"612,2";"BCDFEE+BookmanOldStyle";"12,0";"366,28100000000006";"306,1";"0,09830284220842868";"0,3127245998039856";"0,5711564848088861";"False";"PEMBUKAAN";"DASAR HUKUM"
"5";"Tahun 2016 tentang Pembentukan dan Susunan";"191,45";"541,0939999999999";"463,6";"475,6";"612,2";"BCDFEE+BookmanOldStyle";"12,0";"366,27199999999993";"306,1";"0,09828814113034941";"0,3127245998039856";"0,5711270826527277";"False";"PEMBUKAAN";"DASAR HUKUM"
"5";"Perangkat Daerah (Lembaran Daerah Kabupaten Malang";"191,45";"541,3100000000001";"482,02000000000004";"494,02000000000004";"612,2";"BCDFEE+BookmanOldStyle";"12,0";"366,38";"306,1";"0,09846455406729822";"0,3127245998039856";"0,5714799085266253";"False";"PEMBUKAAN";"DASAR HUKUM"
"5";"Tahun 2023 Nomor 3 Seri C);";"191,45";"364,27799999999996";"500,22";"512,22";"612,2";"BCDFEE+BookmanOldStyle";"12,0";"277,864";"306,1";"0,04612218229336825";"0,3127245998039856";"0,2823064358052923";"False";"PEMBUKAAN";"DASAR HUKUM"
"5";"26. Peraturan Daerah Kabupaten Malang Nomor 6";"170,05";"540,806";"520,6200000000001";"532,6200000000001";"612,2";"BCDFEE+BookmanOldStyle";"12,0";"355,428";"306,1";"0,08057497549820315";"0,2777687030382228";"0,6056125449199607";"False";"PEMBUKAAN";"DASAR HUKUM"
"5";"Tahun 2022 tentang Pengelolaan Keuangan Daerah";"191,45";"540,8659999999999";"539,02";"551,02";"612,2";"BCDFEE+BookmanOldStyle";"12,0";"366,1579999999999";"306,1";"0,09810192747468127";"0,3127245998039856";"0,5707546553413915";"False";"PEMBUKAAN";"DASAR HUKUM"
"5";"(Lembaran Daerah Kabupaten Malang Tahun 2022";"191,45";"540,7940000000001";"557,23";"569,23";"612,2";"BCDFEE+BookmanOldStyle";"12,0";"366,12200000000007";"306,1";"0,09804312316236531";"0,3127245998039856";"0,5706370467167594";"False";"PEMBUKAAN";"DASAR HUKUM"
"5";"Nomor 6 Seri A);";"191,45";"287,65399999999994";"575,6300000000001";"587,6300000000001";"612,2";"BCDFEE+BookmanOldStyle";"12,0";"239,55199999999996";"306,1";"0,1087030382228031";"0,3127245998039856";"0,15714472394642265";"False";"PEMBUKAAN";"DASAR HUKUM"
"5";"27. Peraturan Bupati Malang Nomor 56 Tahun 2005 tentang";"170,05";"541,62";"595,85";"607,85";"612,2";"BCDFEE+BookmanOldStyle";"12,0";"355,83500000000004";"306,1";"0,08123979091800067";"0,2777687030382228";"0,6069421757595557";"False";"PEMBUKAAN";"DASAR HUKUM"
"5";"Pengaturan Hari dan Jam Kerja bagi Satuan Kerja";"191,45";"541,022";"614,25";"626,25";"612,2";"BCDFEE+BookmanOldStyle";"12,0";"366,236";"306,1";"0,09822933681803327";"0,3127245998039856";"0,5710094740280954";"False";"PEMBUKAAN";"DASAR HUKUM"
"5";"di Lingkungan Pemerintah Kabupaten Malang (Berita";"191,45";"541,49";"632,45";"644,45";"612,2";"BCDFEE+BookmanOldStyle";"12,0";"366,47";"306,1";"0,09861156484808886";"0,3127245998039856";"0,5717739300882064";"False";"PEMBUKAAN";"DASAR HUKUM"
"5";"Daerah Kabupaten Malang Tahun 2005 Nomor 22/E),";"191,45";"541,22";"650,85";"662,85";"612,2";"BCDFEE+BookmanOldStyle";"12,0";"366,33500000000004";"306,1";"0,09839104867690299";"0,3127245998039856";"0,5713328977458347";"False";"PEMBUKAAN";"DASAR HUKUM"
"5";"sebagaimana telah diubah dengan Peraturan Bupati";"191,45";"540,6859999999999";"669,0500000000001";"681,0500000000001";"612,2";"BCDFEE+BookmanOldStyle";"12,0";"366,068";"306,1";"0,09795491669389081";"0,3127245998039856";"0,5704606337798104";"False";"PEMBUKAAN";"DASAR HUKUM"
"5";"Malang Nomor 31 Tahun 2013 tentang Perubahan atas";"191,45";"541,3720000000001";"687,45";"699,45";"612,2";"BCDFEE+BookmanOldStyle";"12,0";"366,41100000000006";"306,1";"0,09851519111401508";"0,3127245998039856";"0,5715811826200589";"False";"PEMBUKAAN";"DASAR HUKUM"
"5";"Peraturan Bupati Malang Nomor 56 Tahun 2005 tentang";"191,45";"541,57";"705,87";"717,87";"612,2";"BCDFEE+BookmanOldStyle";"12,0";"366,51";"306,1";"0,09867690297288462";"0,3127245998039856";"0,5719046063377982";"False";"PEMBUKAAN";"DASAR HUKUM"
"5";"Pengaturan Hari dan Jam Kerja bagi Satuan Kerja";"191,45";"540,964";"724,07";"736,07";"612,2";"BCDFEE+BookmanOldStyle";"12,0";"366,207";"306,1";"0,0981819666775563";"0,3127245998039856";"0,5709147337471415";"False";"PEMBUKAAN";"DASAR HUKUM"
"5";"di Lingkungan Pemerintah Kabupaten Malang (Berita";"191,45";"541,49";"742,48";"754,48";"612,2";"BCDFEE+BookmanOldStyle";"12,0";"366,47";"306,1";"0,09861156484808886";"0,3127245998039856";"0,5717739300882064";"False";"PEMBUKAAN";"DASAR HUKUM"
"5";"Daerah Kabupaten Malang Tahun 2013 Nomor 9 Seri D);";"191,45";"527,01";"760,6800000000001";"772,6800000000001";"612,2";"BCDFEE+BookmanOldStyle";"12,0";"359,23";"306,1";"0,08678536426004572";"0,3127245998039856";"0,5481215289121202";"False";"PEMBUKAAN";"DASAR HUKUM"
"5";"28. Peraturan Bupati Malang Nomor 126 Tahun 2019 tentang";"170,05";"541,268";"781,07";"793,07";"612,2";"BCDFEE+BookmanOldStyle";"12,0";"355,659";"306,1";"0,080952303168899";"0,2777687030382228";"0,6063672002613525";"False";"PEMBUKAAN";"DASAR HUKUM"
"5";"Kelas Jabatan di Lingkungan Pemerintah Kabupaten";"191,45";"541,0699999999998";"799,2800000000001";"811,2800000000001";"612,2";"BCDFEE+BookmanOldStyle";"12,0";"366,2599999999999";"306,1";"0,09826853969291056";"0,3127245998039856";"0,57108787977785";"False";"PEMBUKAAN";"DASAR HUKUM"
"5";"Malang (Berita Daerah Kabupaten Malang Tahun 2019";"191,45";"540,746";"817,7";"829,7";"612,2";"BCDFEE+BookmanOldStyle";"12,0";"366,09799999999996";"306,1";"0,09800392028748764";"0,3127245998039856";"0,5705586409670041";"False";"PEMBUKAAN";"DASAR HUKUM"
"5";"Nomor 107 Seri D);";"191,45";"304,14";"835,9000000000001";"847,9000000000001";"612,2";"BCDFEE+BookmanOldStyle";"12,0";"247,795";"306,1";"0,09523848415550479";"0,3127245998039856";"0,18407383208101927";"False";"PEMBUKAAN";"DASAR HUKUM"
"6";"6";"302,5";"309,94";"35,90000000000009";"47,90000000000009";"612,2";"BCDFEE+BookmanOldStyle";"12,0";"306,22";"306,1";"0,0001960143743874625";"0,4941195687683763";"0,01215289121202221";"False";"PEMBUKAAN";"DASAR HUKUM"
"6";"29. Peraturan Bupati Malang Nomor 99 Tahun 2023 tentang";"170,05";"541,178";"72,92000000000007";"84,92000000000007";"612,2";"BCDFEE+BookmanOldStyle";"12,0";"355,61400000000003";"306,1";"0,08087879777850376";"0,2777687030382228";"0,6062201894805619";"False";"PEMBUKAAN";"DASAR HUKUM"
"6";"Laporan Harta Kekayaan Aparatur Negara di Lingkungan";"191,45";"540,734";"91,73000000000013";"103,73000000000013";"612,2";"BCDFEE+BookmanOldStyle";"12,0";"366,092";"306,1";"0,0979941195687683";"0,3127245998039856";"0,5705390395295655";"False";"PEMBUKAAN";"DASAR HUKUM"
"6";"Pemerintah Kabupaten Malang (Berita Daerah Kabupaten";"191,45";"540,908";"110,32000000000005";"122,32000000000005";"612,2";"BCDFEE+BookmanOldStyle";"12,0";"366,179";"306,1";"0,09813622999019919";"0,3127245998039856";"0,5708232603724274";"False";"PEMBUKAAN";"DASAR HUKUM"
"6";"Malang Tahun 2023 Nomor 99 Seri D);";"191,45";"419,36599999999993";"128,93000000000006";"140,93000000000006";"612,2";"BCDFEE+BookmanOldStyle";"12,0";"305,40799999999996";"306,1";"0,0011303495589677624";"0,3127245998039856";"0,3722901012740933";"False";"PEMBUKAAN";"DASAR HUKUM"
"6";"MEMUTUSKAN:";"258,88";"353,08";"170,1500000000001";"182,1500000000001";"612,2";"BCDFEE+BookmanOldStyle";"12,0";"305,98";"306,1";"0,0001960143743874625";"0,4228683436785364";"0,1538712838941522";"True";"PEMBUKAAN";"DASAR HUKUM"
"6";"Menetapkan : PERATURAN BUPATI TENTANG PEMBERIAN TAMBAHAN";"70,825";"541,126";"211,35000000000014";"223,35000000000014";"612,2";"BCDFEE+BookmanOldStyle";"12,0";"305,9755";"306,1";"0,00020336491342700394";"0,11568931721659588";"0,7682146357399542";"False";"PEMBUKAAN";"DASAR HUKUM"
"6";"PENGHASILAN PEGAWAI KEPADA APARATUR SIPIL NEGARA";"170,05";"541,078";"229,95000000000005";"241,95000000000005";"612,2";"BCDFEE+BookmanOldStyle";"12,0";"355,56399999999996";"306,1";"0,08079712512250889";"0,2777687030382228";"0,6060568441685723";"True";"PEMBUKAAN";"DASAR HUKUM"
"6";"DI LINGKUNGAN PEMERINTAH KABUPATEN MALANG.";"170,05";"496,88199999999995";"248,55000000000007";"260,55000000000007";"612,2";"BCDFEE+BookmanOldStyle";"12,0";"333,466";"306,1";"0,044701078079059105";"0,2777687030382228";"0,5338647500816726";"True";"PEMBUKAAN";"DASAR HUKUM"
"6";"BAB I";"288,5";"322,15999999999997";"289,1700000000001";"301,1700000000001";"612,2";"BCDFEE+BookmanOldStyle";"12,0";"305,33";"306,1";"0,0012577589023195664";"0,4712512250898399";"0,054982032015681095";"True";"BATANG TUBUH";"BAB I"
"6";"KETENTUAN UMUM";"245,08";"365,672";"310,18000000000006";"322,18000000000006";"612,2";"BCDFEE+BookmanOldStyle";"12,0";"305,37600000000003";"306,1";"0,001182620058804295";"0,4003266906239791";"0,19698137863443319";"True";"BATANG TUBUH";"BAB I"
"6";"Pasal 1";"284,3";"326,72";"352,57000000000005";"364,57000000000005";"612,2";"BCDFEE+BookmanOldStyle";"12,0";"305,51";"306,1";"0,0009637373407383727";"0,46439072198627895";"0,06929108134596539";"False";"BATANG TUBUH";"PASAL 1"
"6";"Dalam Peraturan Bupati ini yang dimaksud dengan:";"170,05";"477,84999999999997";"394,80000000000007";"406,80000000000007";"612,2";"BCDFEE+BookmanOldStyle";"12,0";"323,95";"306,1";"0,029157138190133887";"0,2777687030382228";"0,5027768703038221";"False";"BATANG TUBUH";"PASAL 1"
"6";"1. Daerah adalah Kabupaten Malang.";"170,05";"396,7219999999999";"416,00000000000006";"428,00000000000006";"612,2";"BCDFEE+BookmanOldStyle";"12,0";"283,38599999999997";"306,1";"0,03710225416530554";"0,2777687030382228";"0,3702580855929433";"False";"BATANG TUBUH";"PASAL 1"
"6";"2. Pemerintah Daerah adalah Pemerintah Kabupaten Malang.";"170,05";"539,2460000000001";"437,00000000000006";"449,00000000000006";"612,2";"BCDFEE+BookmanOldStyle";"12,0";"354,648";"306,1";"0,07930088206468475";"0,2777687030382228";"0,603064358052924";"False";"BATANG TUBUH";"PASAL 1"
"6";"3. Bupati adalah Bupati Malang.";"170,05";"368,96999999999997";"458,20000000000005";"470,20000000000005";"612,2";"BCDFEE+BookmanOldStyle";"12,0";"269,51";"306,1";"0,059768049656974895";"0,2777687030382228";"0,3249264946096046";"False";"BATANG TUBUH";"PASAL 1"
"6";"4. Perangkat Daerah yang selanjutnya disingkat PD adalah";"170,05";"540,8299999999998";"479,42";"491,42";"612,2";"BCDFEE+BookmanOldStyle";"12,0";"355,43999999999994";"306,1";"0,0805945769356418";"0,2777687030382228";"0,6056517477948379";"False";"BATANG TUBUH";"PASAL 1"
"6";"unsur pembantu Bupati dan Dewan Perwakilan Rakyat";"191,45";"541,016";"500,42";"512,4200000000001";"612,2";"BCDFEE+BookmanOldStyle";"12,0";"366,23299999999995";"306,1";"0,0982244364586735";"0,3127245998039856";"0,570999673309376";"False";"BATANG TUBUH";"PASAL 1"
"6";"Daerah dalam penyelenggaraan urusan pemerintahan";"191,45";"541,07";"521,6200000000001";"533,6200000000001";"612,2";"BCDFEE+BookmanOldStyle";"12,0";"366,26";"306,1";"0,09826853969291076";"0,3127245998039856";"0,5710878797778505";"False";"BATANG TUBUH";"PASAL 1"
"6";"yang menjadi kewenangan Daerah.";"191,45";"398,16999999999996";"542,82";"554,82";"612,2";"BCDFEE+BookmanOldStyle";"12,0";"294,80999999999995";"306,1";"0,018441685723619858";"0,3127245998039856";"0,33766742894478924";"False";"BATANG TUBUH";"PASAL 1"
"6";"5. Unit PD adalah bagian PD yang melaksanakan 1 (satu)";"170,05";"540,65";"563,82";"575,82";"612,2";"BCDFEE+BookmanOldStyle";"12,0";"355,35";"306,1";"0,08044756615485135";"0,2777687030382228";"0,605357726233257";"False";"BATANG TUBUH";"PASAL 1"
"6";"atau beberapa program.";"191,45";"332,77399999999994";"585,05";"597,05";"612,2";"BCDFEE+BookmanOldStyle";"12,0";"262,11199999999997";"306,1";"0,07185233583796154";"0,3127245998039856";"0,23084612871610577";"False";"BATANG TUBUH";"PASAL 1"
"6";"6. Aparatur Sipil Negara yang selanjutnya disingkat ASN";"170,05";"541,142";"606,25";"618,25";"612,2";"BCDFEE+BookmanOldStyle";"12,0";"355,596";"306,1";"0,0808493956223456";"0,2777687030382228";"0,6061613851682457";"False";"BATANG TUBUH";"PASAL 1"
"6";"adalah Aparatur Sipil Negara Pemerintah Kabupaten";"191,45";"541,044";"627,25";"639,25";"612,2";"BCDFEE+BookmanOldStyle";"12,0";"366,24699999999996";"306,1";"0,09824730480235205";"0,3127245998039856";"0,571045409996733";"False";"BATANG TUBUH";"PASAL 1"
"6";"Malang.";"191,45";"238,32";"648,45";"660,45";"612,2";"BCDFEE+BookmanOldStyle";"12,0";"214,885";"306,1";"0,14899542633126434";"0,3127245998039856";"0,07655994772950017";"False";"BATANG TUBUH";"PASAL 1"
"6";"7. Pegawai Negeri Sipil yang selanjutnya disingkat PNS";"170,05";"540,8659999999999";"669,45";"681,45";"612,2";"BCDFEE+BookmanOldStyle";"12,0";"355,45799999999997";"306,1";"0,08062397909179997";"0,2777687030382228";"0,6057105521071543";"False";"BATANG TUBUH";"PASAL 1"
"6";"adalah Pegawai Negeri Sipil Pemerintah Kabupaten";"191,45";"540,8779999999998";"690,6500000000001";"702,6500000000001";"612,2";"BCDFEE+BookmanOldStyle";"12,0";"366,1639999999999";"306,1";"0,0981117281934006";"0,3127245998039856";"0,5707742567788301";"False";"BATANG TUBUH";"PASAL 1"
"6";"Malang.";"191,45";"238,32";"711,87";"723,87";"612,2";"BCDFEE+BookmanOldStyle";"12,0";"214,885";"306,1";"0,14899542633126434";"0,3127245998039856";"0,07655994772950017";"False";"BATANG TUBUH";"PASAL 1"
"6";"8. Calon Pegawai Negeri Sipil yang selanjutnya disingkat";"170,05";"540,9499999999998";"732,87";"744,87";"612,2";"BCDFEE+BookmanOldStyle";"12,0";"355,4999999999999";"306,1";"0,08069258412283545";"0,2777687030382228";"0,6058477621692254";"False";"BATANG TUBUH";"PASAL 1"
"6";"CPNS adalah Calon Pegawai Negeri Sipil Pemerintah";"191,45";"540,854";"754,07";"766,07";"612,2";"BCDFEE+BookmanOldStyle";"12,0";"366,15200000000004";"306,1";"0,09809212675596213";"0,3127245998039856";"0,570735053903953";"False";"BATANG TUBUH";"PASAL 1"
"6";"Kabupaten Malang.";"191,45";"306,53999999999996";"775,27";"787,27";"612,2";"BCDFEE+BookmanOldStyle";"12,0";"248,99499999999998";"306,1";"0,09327834041163026";"0,3127245998039856";"0,18799411956876833";"False";"BATANG TUBUH";"PASAL 1"
"6";"9. Pegawai Pemerintah dengan Perjanjian Kerja selanjutnya";"170,05";"540,902";"796,2700000000001";"808,2700000000001";"612,2";"BCDFEE+BookmanOldStyle";"12,0";"355,476";"306,1";"0,08065338124795814";"0,2777687030382228";"0,6057693564194707";"False";"BATANG TUBUH";"PASAL 1"
"6";"disingkat PPPK adalah Pegawai Pemerintah dengan";"191,45";"540,938";"817,5";"829,5";"612,2";"BCDFEE+BookmanOldStyle";"12,0";"366,19399999999996";"306,1";"0,09816073178699761";"0,3127245998039856";"0,5708722639660241";"False";"BATANG TUBUH";"PASAL 1"
"6";"Perjanjian Kerja Pemerintah Kabupaten Malang.";"191,45";"475,50199999999995";"838,7";"850,7";"612,2";"BCDFEE+BookmanOldStyle";"12,0";"333,476";"306,1";"0,044717412610258044";"0,3127245998039856";"0,4639856256125448";"False";"BATANG TUBUH";"PASAL 1"
"7";"7";"302,5";"309,94";"35,90000000000009";"47,90000000000009";"612,2";"BCDFEE+BookmanOldStyle";"12,0";"306,22";"306,1";"0,0001960143743874625";"0,4941195687683763";"0,01215289121202221";"False";"BATANG TUBUH";"PASAL 1"
"7";"10. Tambahan Penghasilan Pegawai yang selanjutnya";"170,05";"541,1060000000002";"72,92000000000007";"84,92000000000007";"612,2";"BCDFEE+BookmanOldStyle";"12,0";"355,5780000000001";"306,1";"0,08081999346618762";"0,2777687030382228";"0,6061025808559297";"False";"BATANG TUBUH";"PASAL 1"
"7";"disingkat TPP adalah penghasilan yang diberikan kepada";"191,45";"541,078";"91,73000000000013";"103,73000000000013";"612,2";"BCDFEE+BookmanOldStyle";"12,0";"366,264";"306,1";"0,09827507350539037";"0,3127245998039856";"0,5711009474028095";"False";"BATANG TUBUH";"PASAL 1"
"7";"ASN yang merupakan keberhasilan dari pelaksanaan";"191,45";"541,0699999999998";"110,32000000000005";"122,32000000000005";"612,2";"BCDFEE+BookmanOldStyle";"12,0";"366,2599999999999";"306,1";"0,09826853969291056";"0,3127245998039856";"0,57108787977785";"False";"BATANG TUBUH";"PASAL 1"
"7";"reformasi birokrasi dan didasarkan pada kehadiran dan";"191,45";"540,8659999999999";"128,93000000000006";"140,93000000000006";"612,2";"BCDFEE+BookmanOldStyle";"12,0";"366,1579999999999";"306,1";"0,09810192747468127";"0,3127245998039856";"0,5707546553413915";"False";"BATANG TUBUH";"PASAL 1"
"7";"capaian kinerja ASN tersebut yang sejalan dengan capaian";"191,45";"541,0579999999999";"147,5200000000001";"159,5200000000001";"612,2";"BCDFEE+BookmanOldStyle";"12,0";"366,2539999999999";"306,1";"0,09825873897419124";"0,3127245998039856";"0,5710682783404114";"False";"BATANG TUBUH";"PASAL 1"
"7";"kinerja organisasi dimana ASN tersebut bekerja.";"191,45";"476,59";"166,1500000000001";"178,1500000000001";"612,2";"BCDFEE+BookmanOldStyle";"12,0";"334,02";"306,1";"0,045606011107481144";"0,3127245998039856";"0,46576282260699114";"False";"BATANG TUBUH";"PASAL 1"
"7";"11. Basic TPP adalah nilai rupiah yang diberikan untuk setiap";"170,05";"541,042";"184,7500000000001";"196,81000000000006";"612,2";"BCDFEE+BookmanOldStyle";"12,0";"355,54600000000005";"306,1";"0,0807677229663509";"0,2777687030382228";"0,6059980398562561";"False";"BATANG TUBUH";"PASAL 1"
"7";"kelas jabatan yang dihitung berdasarkan ketentuan";"191,45";"540,8539999999999";"203,35000000000014";"215,35000000000014";"612,2";"BCDFEE+BookmanOldStyle";"12,0";"366,15199999999993";"306,1";"0,09809212675596195";"0,3127245998039856";"0,5707350539039528";"False";"BATANG TUBUH";"PASAL 1"
"7";"peraturan perundang-undangan.";"191,45";"386,57";"221,95000000000005";"233,95000000000005";"612,2";"BCDFEE+BookmanOldStyle";"12,0";"289,01";"306,1";"0,027915713819013446";"0,3127245998039856";"0,3187193727540019";"False";"BATANG TUBUH";"PASAL 1"
"7";"12. Badan Layanan Umum Daerah yang selanjutnya disingkat";"170,05";"541,01";"240,55000000000007";"252,55000000000007";"612,2";"BCDFEE+BookmanOldStyle";"12,0";"355,53";"306,1";"0,08074158771643244";"0,2777687030382228";"0,6059457693564194";"False";"BATANG TUBUH";"PASAL 1"
"7";"BLUD adalah sistem yang diterapkan oleh PD atau Unit";"191,45";"541,0099999999999";"259,18000000000006";"271,18000000000006";"612,2";"BCDFEE+BookmanOldStyle";"12,0";"366,2299999999999";"306,1";"0,09821953609931375";"0,3127245998039856";"0,5709898725906565";"False";"BATANG TUBUH";"PASAL 1"
"7";"PD di lingkungan Pemerintah Daerah dalam memberikan";"191,45";"541,088";"277,7700000000001";"289,7700000000001";"612,2";"BCDFEE+BookmanOldStyle";"12,0";"366,269";"306,1";"0,09828324077098984";"0,3127245998039856";"0,5711172819340085";"False";"BATANG TUBUH";"PASAL 1"
"7";"pelayanan kepada masyarakat yang mempunyai";"191,45";"540,746";"296,3700000000001";"308,3700000000001";"612,2";"BCDFEE+BookmanOldStyle";"12,0";"366,09799999999996";"306,1";"0,09800392028748764";"0,3127245998039856";"0,5705586409670041";"False";"BATANG TUBUH";"PASAL 1"
"7";"fleksibilitas dalam pola pengelolaan keuangan sebagai";"191,45";"540,9979999999999";"314,97000000000014";"326,97000000000014";"612,2";"BCDFEE+BookmanOldStyle";"12,0";"366,22399999999993";"306,1";"0,09820973538059442";"0,3127245998039856";"0,5709702711532177";"False";"BATANG TUBUH";"PASAL 1"
"7";"pengecualian dari ketentuan pengelolaan daerah pada";"191,45";"541,1419999999998";"333,57000000000005";"345,57000000000005";"612,2";"BCDFEE+BookmanOldStyle";"12,0";"366,29599999999994";"306,1";"0,0983273440052269";"0,3127245998039856";"0,5712054884024825";"False";"BATANG TUBUH";"PASAL 1"
"7";"umumnya.";"191,45";"255,51";"352,1700000000001";"364,1700000000001";"612,2";"BCDFEE+BookmanOldStyle";"12,0";"223,48";"306,1";"0,13495589676576286";"0,3127245998039856";"0,1046390068605031";"False";"BATANG TUBUH";"PASAL 1"
"7";"13. Anggaran Pendapatan dan Belanja Daerah yang";"170,05";"540,7819999999999";"370,80000000000007";"382,80000000000007";"612,2";"BCDFEE+BookmanOldStyle";"12,0";"355,41599999999994";"306,1";"0,08055537406076431";"0,2777687030382228";"0,6055733420450832";"False";"BATANG TUBUH";"PASAL 1"
"7";"selanjutnya disingkat APBD adalah rencana keuangan";"191,45";"540,9979999999999";"389,4000000000001";"401,4000000000001";"612,2";"BCDFEE+BookmanOldStyle";"12,0";"366,22399999999993";"306,1";"0,09820973538059442";"0,3127245998039856";"0,5709702711532177";"False";"BATANG TUBUH";"PASAL 1"
"7";"tahunan Daerah yang ditetapkan dengan Peraturan";"191,45";"541,0339999999998";"408,0000000000001";"420,00000000000006";"612,2";"BCDFEE+BookmanOldStyle";"11,999999999999943";"366,24199999999985";"306,1";"0,0982391375367524";"0,3127245998039856";"0,5710290754655337";"False";"BATANG TUBUH";"PASAL 1"
"7";"Daerah.";"191,45";"238,25";"426,6";"438,6";"612,2";"BCDFEE+BookmanOldStyle";"12,0";"214,85";"306,1";"0,14905259719046066";"0,3127245998039856";"0,07644560601110749";"False";"BATANG TUBUH";"PASAL 1"
"7";"14. Kelas Jabatan adalah tingkatan jabatan manajerial";"170,05";"540,9139999999999";"445,20000000000005";"457,20000000000005";"612,2";"BCDFEE+BookmanOldStyle";"12,0";"355,48199999999997";"306,1";"0,08066318196667746";"0,2777687030382228";"0,6057889578569092";"False";"BATANG TUBUH";"PASAL 1"
"7";"maupun jabatan nonmanajerial dalam satuan organisasi";"191,45";"540,842";"463,8";"475,8";"612,2";"BCDFEE+BookmanOldStyle";"12,0";"366,14599999999996";"306,1";"0,09808232603724262";"0,3127245998039856";"0,5707154524665141";"False";"BATANG TUBUH";"PASAL 1"
"7";"yang digunakan sebagai dasar pemberian besaran TPP.";"191,45";"517,62";"482,42";"494,42";"612,2";"BCDFEE+BookmanOldStyle";"12,0";"354,53499999999997";"306,1";"0,07911630186213646";"0,3127245998039856";"0,5327834041163019";"False";"BATANG TUBUH";"PASAL 1"
"7";"15. Jabatan adalah kedudukan yang menunjukkan fungsi,";"170,05";"541,3820000000001";"501,02000000000004";"513,02";"612,2";"BCDFEE+BookmanOldStyle";"12,0";"355,716";"306,1";"0,08104540999673307";"0,2777687030382228";"0,6065534139170207";"False";"BATANG TUBUH";"PASAL 1"
"7";"tugas, tanggung jawab, wewenang, dan hak seorang ASN";"191,45";"540,914";"519,6200000000001";"531,6200000000001";"612,2";"BCDFEE+BookmanOldStyle";"12,0";"366,182";"306,1";"0,09814113034955894";"0,3127245998039856";"0,5708330610911466";"False";"BATANG TUBUH";"PASAL 1"
"7";"dalam suatu satuan organisasi.";"191,45";"378,16999999999996";"538,23";"550,23";"612,2";"BCDFEE+BookmanOldStyle";"12,0";"284,80999999999995";"306,1";"0,034776216922574446";"0,3127245998039856";"0,30499836654688";"False";"BATANG TUBUH";"PASAL 1"
"7";"16. Jabatan Fungsional yang selanjutnya disingkat JF adalah";"170,05";"540,9859999999998";"556,82";"568,82";"612,2";"BCDFEE+BookmanOldStyle";"12,0";"355,5179999999999";"306,1";"0,08072198627899362";"0,2777687030382228";"0,6059065664815415";"False";"BATANG TUBUH";"PASAL 1"
"7";"sekelompok jabatan yang berisi fungsi dan tugas berkaitan";"191,45";"540,8059999999999";"575,4200000000001";"587,4200000000001";"612,2";"BCDFEE+BookmanOldStyle";"12,0";"366,12799999999993";"306,1";"0,09805292388108446";"0,3127245998039856";"0,5706566481541978";"False";"BATANG TUBUH";"PASAL 1"
"7";"dengan pelayanan fungsional yang berdasarkan pada";"191,45";"540,7339999999999";"594,05";"606,05";"612,2";"BCDFEE+BookmanOldStyle";"12,0";"366,092";"306,1";"0,0979941195687683";"0,3127245998039856";"0,5705390395295653";"False";"BATANG TUBUH";"PASAL 1"
"7";"keahlian dan keterampilan tertentu.";"191,45";"404,96999999999997";"612,6500000000001";"624,6500000000001";"612,2";"BCDFEE+BookmanOldStyle";"12,0";"298,21";"306,1";"0,012887945115975241";"0,3127245998039856";"0,34877491016007833";"False";"BATANG TUBUH";"PASAL 1"
"7";"17. Laporan Penyelenggaraan Pemerintahan Daerah yang";"170,05";"541,202";"631,25";"643,25";"612,2";"BCDFEE+BookmanOldStyle";"12,0";"355,626";"306,1";"0,08089839921594243";"0,2777687030382228";"0,6062593923554394";"False";"BATANG TUBUH";"PASAL 1"
"7";"selanjutnya disingkat LPPD adalah laporan yang";"191,45";"541,046";"649,85";"661,85";"612,2";"BCDFEE+BookmanOldStyle";"12,0";"366,24800000000005";"306,1";"0,0982489382554721";"0,3127245998039856";"0,5710486769029729";"False";"BATANG TUBUH";"PASAL 1"
"7";"disampaikan oleh Pemerintah Daerah kepada Pemerintah";"191,45";"540,8779999999998";"668,45";"680,45";"612,2";"BCDFEE+BookmanOldStyle";"12,0";"366,1639999999999";"306,1";"0,0981117281934006";"0,3127245998039856";"0,5707742567788301";"False";"BATANG TUBUH";"PASAL 1"
"7";"Pusat yang memuat capaian kinerja penyelenggaraan";"191,45";"540,65";"687,25";"699,25";"612,2";"BCDFEE+BookmanOldStyle";"12,0";"366,04999999999995";"306,1";"0,09792551453773266";"0,3127245998039856";"0,5704018294674942";"False";"BATANG TUBUH";"PASAL 1"
"7";"pemerintahan daerah dan pelaksanaan tugas pembantuan";"191,45";"541,232";"705,87";"717,87";"612,2";"BCDFEE+BookmanOldStyle";"12,0";"366,341";"306,1";"0,09840084939562231";"0,3127245998039856";"0,5713524991832734";"False";"BATANG TUBUH";"PASAL 1"
"7";"selama 1 (satu) tahun anggaran.";"191,45";"382,89799999999997";"724,48";"736,48";"612,2";"BCDFEE+BookmanOldStyle";"12,0";"287,174";"306,1";"0,03091473374714153";"0,3127245998039856";"0,3127213328977458";"False";"BATANG TUBUH";"PASAL 1"
"7";"18. Laporan Harta Kekayaan Penyelenggara Negara yang";"170,05";"540,8059999999998";"743,07";"755,07";"612,2";"BCDFEE+BookmanOldStyle";"12,0";"355,4279999999999";"306,1";"0,08057497549820297";"0,2777687030382228";"0,6056125449199604";"False";"BATANG TUBUH";"PASAL 1"
"7";"selanjutnya disingkat LHKPN adalah laporan dalam";"191,45";"541,2499999999999";"761,6700000000001";"773,6700000000001";"612,2";"BCDFEE+BookmanOldStyle";"12,0";"366,3499999999999";"306,1";"0,09841555047370121";"0,3127245998039856";"0,5713819013394313";"False";"BATANG TUBUH";"PASAL 1"
"7";"dokumen, termasuk namun ridak terbatas pada dokumen";"191,45";"540,6379999999998";"780,27";"792,27";"612,2";"BCDFEE+BookmanOldStyle";"12,0";"366,04399999999987";"306,1";"0,09791571381901314";"0,3127245998039856";"0,5703822280300552";"False";"BATANG TUBUH";"PASAL 1"
"7";"elektronik tentang urian dan rincian informasi mengenai";"191,45";"541,306";"798,8800000000001";"810,8800000000001";"612,2";"BCDFEE+BookmanOldStyle";"12,0";"366,37800000000004";"306,1";"0,09846128716105851";"0,3127245998039856";"0,5714733747141457";"False";"BATANG TUBUH";"PASAL 1"
"7";"harta kekayaan, data probadi, penerima, pengeluaran, dan";"191,45";"540,8539999999999";"817,5";"829,5";"612,2";"BCDFEE+BookmanOldStyle";"12,0";"366,15199999999993";"306,1";"0,09809212675596195";"0,3127245998039856";"0,5707350539039528";"False";"BATANG TUBUH";"PASAL 1"
"7";"data lainnya atas Harta Kekayaan Penyelenggara.";"191,45";"483,59";"836,1";"848,1";"612,2";"BCDFEE+BookmanOldStyle";"12,0";"337,52";"306,1";"0,05132309702711525";"0,3127245998039856";"0,47719699444625935";"False";"BATANG TUBUH";"PASAL 1"
"8";"8";"302,5";"309,94";"35,90000000000009";"47,90000000000009";"612,2";"BCDFEE+BookmanOldStyle";"12,0";"306,22";"306,1";"0,0001960143743874625";"0,4941195687683763";"0,01215289121202221";"False";"BATANG TUBUH";"PASAL 1"
"8";"19. Pengelola Keuangan Daerah adalah pejabat yang diberi";"170,05";"540,986";"72,92000000000007";"84,92000000000007";"612,2";"BCDFEE+BookmanOldStyle";"12,0";"355,51800000000003";"306,1";"0,0807219862789938";"0,2777687030382228";"0,605906566481542";"False";"BATANG TUBUH";"PASAL 1"
"8";"tugas dan kewenangan dalam pengelolaan keuangan";"191,45";"541,0459999999999";"92,12000000000012";"104,12000000000012";"612,2";"BCDFEE+BookmanOldStyle";"12,0";"366,24799999999993";"306,1";"0,09824893825547192";"0,3127245998039856";"0,5710486769029728";"False";"BATANG TUBUH";"PASAL 1"
"8";"Daerah untuk melakukan keseluruhan kegiatan yang";"191,45";"541,338";"111,12000000000012";"123,12000000000012";"612,2";"BCDFEE+BookmanOldStyle";"12,0";"366,394";"306,1";"0,09848742241097677";"0,3127245998039856";"0,5715256452139823";"False";"BATANG TUBUH";"PASAL 1"
"8";"meliputi perencanaan, penganggaran, pelaksanaan,";"191,45";"541,0099999999999";"130,12000000000012";"142,12000000000012";"612,2";"BCDFEE+BookmanOldStyle";"12,0";"366,2299999999999";"306,1";"0,09821953609931375";"0,3127245998039856";"0,5709898725906565";"False";"BATANG TUBUH";"PASAL 1"
"8";"penatausahaan, pelaporan, pertanggungjawaban, dan";"191,45";"541,0459999999998";"149,12000000000012";"161,12000000000012";"612,2";"BCDFEE+BookmanOldStyle";"12,0";"366,24799999999993";"306,1";"0,09824893825547192";"0,3127245998039856";"0,5710486769029726";"False";"BATANG TUBUH";"PASAL 1"
"8";"pengawasan keuangan Daerah.";"191,45";"376,52599999999995";"168,1500000000001";"180,1500000000001";"612,2";"BCDFEE+BookmanOldStyle";"12,0";"283,98799999999994";"306,1";"0,03611891538712852";"0,3127245998039856";"0,3023129696177719";"False";"BATANG TUBUH";"PASAL 1"
"8";"20. Pengelola Barang Milik Daerah adalah pejabat yang";"170,05";"540,818";"189,1500000000001";"201,1500000000001";"612,2";"BCDFEE+BookmanOldStyle";"12,0";"355,43399999999997";"306,1";"0,08058477621692248";"0,2777687030382228";"0,6056321463573995";"False";"BATANG TUBUH";"PASAL 1"
"8";"berwenang dan bertanggung jawab melakukan koordinasi";"191,45";"540,71";"208,1500000000001";"220,1500000000001";"612,2";"BCDFEE+BookmanOldStyle";"12,0";"366,08000000000004";"306,1";"0,09797451813132965";"0,3127245998039856";"0,5704998366546881";"False";"BATANG TUBUH";"PASAL 1"
"8";"pengelolaan barang milik Daerah.";"191,45";"390,2759999999999";"227,1500000000001";"239,1500000000001";"612,2";"BCDFEE+BookmanOldStyle";"12,0";"290,86299999999994";"306,1";"0,024888925187847237";"0,3127245998039856";"0,3247729500163344";"False";"BATANG TUBUH";"PASAL 1"
"8";"21. Pengguna Anggaran adalah pejabat pemegang kewenangan";"170,05";"540,782";"248,1500000000001";"260,1500000000001";"612,2";"BCDFEE+BookmanOldStyle";"12,0";"355,41600000000005";"306,1";"0,0805553740607645";"0,2777687030382228";"0,6055733420450833";"False";"BATANG TUBUH";"PASAL 1"
"8";"penggunaan anggaran untuk melaksanakan tugas dan";"191,45";"540,782";"267,18000000000006";"279,18000000000006";"612,2";"BCDFEE+BookmanOldStyle";"12,0";"366,116";"306,1";"0,09803332244364579";"0,3127245998039856";"0,5706174452793206";"False";"BATANG TUBUH";"PASAL 1"
"8";"fungsi PD yang dipimpinnya.";"191,45";"361,57";"286,18000000000006";"298,18000000000006";"612,2";"BCDFEE+BookmanOldStyle";"12,0";"276,51";"306,1";"0,04833387781770668";"0,3127245998039856";"0,27788304475661546";"False";"BATANG TUBUH";"PASAL 1"
"8";"22. Kuasa Pengguna Anggaran adalah pejabat yang diberi";"170,05";"540,6740000000001";"307,1700000000001";"319,1700000000001";"612,2";"BCDFEE+BookmanOldStyle";"12,0";"355,3620000000001";"306,1";"0,0804671675922902";"0,2777687030382228";"0,6053969291081347";"False";"BATANG TUBUH";"PASAL 1"
"8";"kuasa untuk melaksanakan sebagian kewenangan";"191,45";"540,866";"326,3700000000001";"338,3700000000001";"612,2";"BCDFEE+BookmanOldStyle";"12,0";"366,158";"306,1";"0,09810192747468145";"0,3127245998039856";"0,5707546553413917";"False";"BATANG TUBUH";"PASAL 1"
"8";"pengguna anggaran dalam melaksanakan sebagian tugas";"191,45";"541,0619999999999";"345,3700000000001";"357,3700000000001";"612,2";"BCDFEE+BookmanOldStyle";"12,0";"366,256";"306,1";"0,09826200588043114";"0,3127245998039856";"0,571074812152891";"False";"BATANG TUBUH";"PASAL 1"
"8";"dan fungsi PD.";"191,45";"278,51";"364,3700000000001";"376,3700000000001";"612,2";"BCDFEE+BookmanOldStyle";"12,0";"234,98";"306,1";"0,1161711858869651";"0,3127245998039856";"0,14220842861809865";"False";"BATANG TUBUH";"PASAL 1"
"8";"23. Sistem Aplikasi Penilaian Kinerja yang selanjutnya disebut";"170,05";"540,95";"385,4000000000001";"397,4000000000001";"612,2";"BCDFEE+BookmanOldStyle";"12,0";"355,5";"306,1";"0,08069258412283563";"0,2777687030382228";"0,6058477621692258";"False";"BATANG TUBUH";"PASAL 1"
"8";"SiapKerja adalah suatu aplikasi berbasis web yang";"191,45";"541,0699999999999";"404,4000000000001";"416,40000000000003";"612,2";"BCDFEE+BookmanOldStyle";"11,999999999999943";"366,26";"306,1";"0,09826853969291076";"0,3127245998039856";"0,5710878797778502";"False";"BATANG TUBUH";"PASAL 1"
"8";"digunakan untuk mengukur capaian kinerja ASN";"191,45";"540,794";"423,40000000000003";"435,40000000000003";"612,2";"BCDFEE+BookmanOldStyle";"12,0";"366,12199999999996";"306,1";"0,09804312316236513";"0,3127245998039856";"0,5706370467167592";"False";"BATANG TUBUH";"PASAL 1"
"8";"berdasarkan Sasaran Kinerja Pegawai dan menghitung";"191,45";"541,41";"442,40000000000003";"454,40000000000003";"612,2";"BCDFEE+BookmanOldStyle";"12,0";"366,42999999999995";"306,1";"0,09854622672329291";"0,3127245998039856";"0,5716432538386148";"False";"BATANG TUBUH";"PASAL 1"
"8";"pembayaran TPP.";"191,45";"294,20599999999996";"461,40000000000003";"473,40000000000003";"612,2";"BCDFEE+BookmanOldStyle";"12,0";"242,82799999999997";"306,1";"0,10335184580202555";"0,3127245998039856";"0,16784710878797773";"False";"BATANG TUBUH";"PASAL 1"
"8";"24. Hari adalah hari kerja.";"170,05";"325,34";"482,42";"494,42";"612,2";"BCDFEE+BookmanOldStyle";"12,0";"247,695";"306,1";"0,09540182946749433";"0,2777687030382228";"0,25365893498856573";"False";"BATANG TUBUH";"PASAL 1"
"8";"BAB II";"287,1";"324,948";"524,4200000000001";"536,4200000000001";"612,2";"BCDFEE+BookmanOldStyle";"12,0";"306,024";"306,1";"0,00012414243711209052";"0,46896439072198626";"0,061822933681803256";"True";"BATANG TUBUH";"BAB II"
"8";"KRITERIA PEMBERIAN TPP";"224,67";"387,198";"545,4300000000001";"557,4300000000001";"612,2";"BCDFEE+BookmanOldStyle";"12,0";"305,93399999999997";"306,1";"0,00027115321790273383";"0,3669879124469127";"0,2654818686703691";"True";"BATANG TUBUH";"BAB II"
"8";"Pasal 2";"284,9";"327,32";"587,6500000000001";"599,6500000000001";"612,2";"BCDFEE+BookmanOldStyle";"12,0";"306,11";"306,1";"1,6334531198939734e-05";"0,4653707938582162";"0,06929108134596539";"False";"BATANG TUBUH";"PASAL 2"
"8";"(1) Dalam melaksanakan tugasnya, ASN diberikan TPP";"170,05";"540,818";"629,6500000000001";"641,6500000000001";"612,2";"BCDFEE+BookmanOldStyle";"12,0";"355,43399999999997";"306,1";"0,08058477621692248";"0,2777687030382228";"0,6056321463573995";"False";"BATANG TUBUH";"PASAL 2"
"8";"setiap bulan yang besarannya disesuaikan dengan";"191,45";"540,9019999999999";"648,6500000000001";"660,6500000000001";"612,2";"BCDFEE+BookmanOldStyle";"12,0";"366,17599999999993";"306,1";"0,09813132963083944";"0,3127245998039856";"0,5708134596537078";"False";"BATANG TUBUH";"PASAL 2"
"8";"kemampuan keuangan Daerah berdasarkan peraturan";"191,45";"541,0079999999999";"667,6500000000001";"679,6500000000001";"612,2";"BCDFEE+BookmanOldStyle";"12,0";"366,2289999999999";"306,1";"0,09821790264619389";"0,3127245998039856";"0,5709866056844167";"False";"BATANG TUBUH";"PASAL 2"
"8";"perundang-undangan.";"191,45";"323,94";"686,6500000000001";"698,6500000000001";"612,2";"BCDFEE+BookmanOldStyle";"12,0";"257,695";"306,1";"0,07906729826853974";"0,3127245998039856";"0,21641620385494936";"False";"BATANG TUBUH";"PASAL 2"
"8";"(2) TPP sebagaimana dimaksud pada ayat (1) tidak diberikan";"170,05";"540,93";"707,6700000000001";"719,6700000000001";"612,2";"BCDFEE+BookmanOldStyle";"12,0";"355,49";"306,1";"0,08067624959163669";"0,2777687030382228";"0,6058150931068277";"False";"BATANG TUBUH";"PASAL 2"
"8";"kepada ASN sebagai berikut:";"191,45";"360,76";"726,6800000000001";"738,6800000000001";"612,2";"BCDFEE+BookmanOldStyle";"12,0";"276,105";"306,1";"0,048995426331264295";"0,3127245998039856";"0,27655994772950016";"False";"BATANG TUBUH";"PASAL 2"
"8";"a. tidak mempunyai jabatan;";"191,45";"367,792";"747,6700000000001";"759,6700000000001";"612,2";"BCDFEE+BookmanOldStyle";"12,0";"279,621";"306,1";"0,043252205161711924";"0,3127245998039856";"0,288046390068605";"False";"BATANG TUBUH";"PASAL 2"
"8";"b. diberhentikan sementara atau dinonaktifkan;";"191,45";"481,312";"768,6700000000001";"780,6700000000001";"612,2";"BCDFEE+BookmanOldStyle";"12,0";"336,381";"306,1";"0,04946259392355431";"0,3127245998039856";"0,47347598823913756";"False";"BATANG TUBUH";"PASAL 2"
"8";"c. diberhentikan dari jabatan organiknya dengan";"191,45";"540,9399999999999";"789,6800000000001";"801,6800000000001";"612,2";"BCDFEE+BookmanOldStyle";"12,000000000000014";"366,19499999999994";"306,1";"0,09816236524011746";"0,3127245998039856";"0,5708755308722638";"False";"BATANG TUBUH";"PASAL 2"
"8";"diberikan uang tunggu dan belum diberhentikan";"212,68";"540,6999999999999";"808,9000000000001";"820,9000000000001";"612,2";"BCDFEE+BookmanOldStyle";"12,0";"376,68999999999994";"306,1";"0,11530545573342031";"0,3474028095393662";"0,5358052923881083";"False";"BATANG TUBUH";"PASAL 2"
"8";"sebagai PNS;";"212,68";"288,292";"827,9000000000001";"839,9000000000001";"612,2";"BCDFEE+BookmanOldStyle";"12,0";"250,486";"306,1";"0,0908428618098661";"0,3474028095393662";"0,12350865730153539";"False";"BATANG TUBUH";"PASAL 2"
"9";"9";"302,5";"309,94";"35,90000000000009";"47,90000000000009";"612,2";"BCDFEE+BookmanOldStyle";"12,0";"306,22";"306,1";"0,0001960143743874625";"0,4941195687683763";"0,01215289121202221";"False";"BATANG TUBUH";"PASAL 2"
"9";"d. diberikan cuti di luar tanggungan negara atau dalam";"191,45";"540,752";"72,92000000000007";"84,92000000000007";"612,2";"BCDFEE+BookmanOldStyle";"12,0";"366,101";"306,1";"0,09800882064684739";"0,3127245998039856";"0,5705684416857235";"False";"BATANG TUBUH";"PASAL 2"
"9";"bebas tugas untuk mengambil masa persiapan";"212,68";"540,5199999999999";"91,12000000000012";"103,12000000000012";"612,2";"BCDFEE+BookmanOldStyle";"12,0";"376,5999999999999";"306,1";"0,11515844495262967";"0,3474028095393662";"0,535511270826527";"False";"BATANG TUBUH";"PASAL 2"
"9";"pensiun;";"212,68";"264,09999999999997";"109,12000000000012";"121,12000000000012";"612,2";"BCDFEE+BookmanOldStyle";"12,0";"238,39";"306,1";"0,11060111074812158";"0,3474028095393662";"0,08399215942502443";"False";"BATANG TUBUH";"PASAL 2"
"9";"e. diperbantukan atau dipekerjakan pada instansi selain";"191,45";"540,7120000000001";"129,12000000000012";"141,12000000000012";"612,2";"BCDFEE+BookmanOldStyle";"12,0";"366,081";"306,1";"0,09797615158444951";"0,3127245998039856";"0,5705031035609279";"False";"BATANG TUBUH";"PASAL 2"
"9";"instansi Pemerintah Daerah;";"212,68";"381,604";"147,12000000000012";"159,12000000000012";"612,2";"BCDFEE+BookmanOldStyle";"12,0";"297,142";"306,1";"0,014632473048023564";"0,3474028095393662";"0,2759294348252205";"False";"BATANG TUBUH";"PASAL 2"
"9";"f. JF Guru, Kepala Sekolah, atau Pengawas Sekolah;";"191,45";"511,132";"167,1500000000001";"179,1500000000001";"612,2";"BCDFEE+BookmanOldStyle";"12,0";"351,291";"306,1";"0,07381737994119564";"0,3127245998039856";"0,5221855602744201";"False";"BATANG TUBUH";"PASAL 2"
"9";"g. menjalankan tugas pelayanan kesehatan dan/atau";"191,45";"541,156";"187,1500000000001";"199,1500000000001";"612,2";"BCDFEE+BookmanOldStyle";"12,0";"366,303";"306,1";"0,09833877817706627";"0,3127245998039856";"0,5712283567461612";"False";"BATANG TUBUH";"PASAL 2"
"9";"telah memperoleh uang jasa pelayanan kesehatan;";"212,68";"511,32399999999996";"205,1500000000001";"217,1500000000001";"612,2";"BCDFEE+BookmanOldStyle";"12,0";"362,00199999999995";"306,1";"0,09131329630839582";"0,3474028095393662";"0,4878209735380593";"False";"BATANG TUBUH";"PASAL 2"
"9";"h. bekerja pada BLUD; dan";"191,45";"357,20799999999997";"225,1500000000001";"237,1500000000001";"612,2";"BCDFEE+BookmanOldStyle";"12,0";"274,32899999999995";"306,1";"0,05189643907219874";"0,3127245998039856";"0,27075792224763146";"False";"BATANG TUBUH";"PASAL 2"
"9";"i. dibebastugaskan dari jabatannya karena";"191,45";"541,0";"245,1500000000001";"257,1500000000001";"612,2";"BCDFEE+BookmanOldStyle";"12,0";"366,225";"306,1";"0,09821136883371447";"0,3127245998039856";"0,5709735380594577";"False";"BATANG TUBUH";"PASAL 2"
"9";"melaksanakan tugas pengembangan kompetensi.";"212,68";"503,39";"263,3700000000001";"275,3700000000001";"612,2";"BCDFEE+BookmanOldStyle";"12,0";"358,03499999999997";"306,1";"0,08483338778177056";"0,3474028095393662";"0,4748611564848088";"False";"BATANG TUBUH";"PASAL 2"
"9";"Pasal 3";"284,9";"327,32";"303,3700000000001";"315,3700000000001";"612,2";"BCDFEE+BookmanOldStyle";"12,0";"306,11";"306,1";"1,6334531198939734e-05";"0,4653707938582162";"0,06929108134596539";"False";"BATANG TUBUH";"PASAL 3"
"9";"(1) TPP sebagaimana dimaksud dalam Pasal 2 ayat (1)";"170,05";"540,7459999999999";"343,3700000000001";"355,3700000000001";"612,2";"BCDFEE+BookmanOldStyle";"12,0";"355,3979999999999";"306,1";"0,08052597190460616";"0,2777687030382228";"0,6055145377327668";"False";"BATANG TUBUH";"PASAL 3"
"9";"dihitung melalui Basic TPP.";"191,45";"353,74";"361,3700000000001";"373,43000000000006";"612,2";"BCDFEE+BookmanOldStyle";"12,0";"272,595";"306,1";"0,05472884678209734";"0,3127245998039856";"0,26509310682783405";"False";"BATANG TUBUH";"PASAL 3"
"9";"(2) Basic TPP sebagaimana dimaksud pada ayat (1) ditetapkan";"170,05";"540,664";"381,4000000000001";"393,46000000000004";"612,2";"BCDFEE+BookmanOldStyle";"12,0";"355,35699999999997";"306,1";"0,08045900032669054";"0,2777687030382228";"0,6053805945769356";"False";"BATANG TUBUH";"PASAL 3"
"9";"berdasarkan parameter yang meliputi:";"191,45";"417,3859999999999";"399,4000000000001";"411,40000000000003";"612,2";"BCDFEE+BookmanOldStyle";"11,999999999999943";"304,41799999999995";"306,1";"0,0027474681476642813";"0,3127245998039856";"0,36905586409670027";"False";"BATANG TUBUH";"PASAL 3"
"9";"a. kelas jabatan;";"191,45";"295,252";"419,40000000000003";"431,40000000000003";"612,2";"BCDFEE+BookmanOldStyle";"12,0";"243,351";"306,1";"0,1024975498203202";"0,3127245998039856";"0,16955570075138846";"False";"BATANG TUBUH";"PASAL 3"
"9";"b. indeks kapasitas fiskal daerah;";"191,45";"395,63199999999995";"439,6";"451,6";"612,2";"BCDFEE+BookmanOldStyle";"12,0";"293,54099999999994";"306,1";"0,020514537732767204";"0,3127245998039856";"0,3335217249264945";"False";"BATANG TUBUH";"PASAL 3"
"9";"c. indeks kemahalan konstruksi; dan";"191,45";"418,12000000000006";"459,6";"471,6";"612,2";"BCDFEE+BookmanOldStyle";"12,0";"304,785";"306,1";"0,0021479908526625246";"0,3127245998039856";"0,3702548186867038";"False";"BATANG TUBUH";"PASAL 3"
"9";"d. indeks penyelenggaraan Pemerintah Daerah.";"191,45";"476,356";"479,63000000000005";"491,63000000000005";"612,2";"BCDFEE+BookmanOldStyle";"12,0";"333,903";"306,1";"0,045414897092453436";"0,3127245998039856";"0,4653805945769356";"False";"BATANG TUBUH";"PASAL 3"
"9";"Pasal 4";"284,9";"327,32";"519,6200000000001";"531,6200000000001";"612,2";"BCDFEE+BookmanOldStyle";"12,0";"306,11";"306,1";"1,6334531198939734e-05";"0,4653707938582162";"0,06929108134596539";"False";"BATANG TUBUH";"PASAL 4"
"9";"TPP sebagaimana dimaksud dalam Pasal 3 dibayarkan";"170,05";"541,026";"559,6200000000001";"571,6200000000001";"612,2";"BCDFEE+BookmanOldStyle";"12,0";"355,538";"306,1";"0,08075465534139167";"0,2777687030382228";"0,6059719046063377";"False";"BATANG TUBUH";"PASAL 4"
"9";"berdasarkan komponen:";"170,05";"313,426";"577,6200000000001";"589,6200000000001";"612,2";"BCDFEE+BookmanOldStyle";"12,0";"241,738";"306,1";"0,10513230970271156";"0,2777687030382228";"0,23419797451813126";"False";"BATANG TUBUH";"PASAL 4"
"9";"a. beban kerja;";"170,05";"264,46999999999997";"597,6500000000001";"609,6500000000001";"612,2";"BCDFEE+BookmanOldStyle";"12,0";"217,26";"306,1";"0,14511597517151262";"0,2777687030382228";"0,15423064358052915";"False";"BATANG TUBUH";"PASAL 4"
"9";"b. prestasi kerja;";"170,05";"275,042";"617,6500000000001";"629,6500000000001";"612,2";"BCDFEE+BookmanOldStyle";"12,0";"222,546";"306,1";"0,1364815419797452";"0,2777687030382228";"0,17149950996406396";"False";"BATANG TUBUH";"PASAL 4"
"9";"c. tempat bertugas;";"170,05";"291,34";"637,85";"649,85";"612,2";"BCDFEE+BookmanOldStyle";"12,0";"230,695";"306,1";"0,12317053250571712";"0,2777687030382228";"0,19812152891212015";"False";"BATANG TUBUH";"PASAL 4"
"9";"d. kondisi kerja;";"170,05";"271,47799999999995";"657,85";"669,85";"612,2";"BCDFEE+BookmanOldStyle";"12,0";"220,76399999999998";"306,1";"0,13939235543939896";"0,2777687030382228";"0,1656778830447565";"False";"BATANG TUBUH";"PASAL 4"
"9";"e. kelangkaan profesi; dan/atau";"170,05";"366,30199999999996";"677,85";"689,85";"612,2";"BCDFEE+BookmanOldStyle";"12,0";"268,176";"306,1";"0,06194707611891544";"0,2777687030382228";"0,3205684416857235";"False";"BATANG TUBUH";"PASAL 4"
"9";"f. pertimbangan objektif lainnya.";"170,05";"371,77399999999994";"697,87";"709,87";"612,2";"BCDFEE+BookmanOldStyle";"12,0";"270,912";"306,1";"0,05747794838288148";"0,2777687030382228";"0,32950669715779146";"False";"BATANG TUBUH";"PASAL 4"
"9";"Pasal 5";"284,7";"327,12";"737,88";"749,88";"612,2";"BCDFEE+BookmanOldStyle";"12,0";"305,90999999999997";"306,1";"0,00031035609278022634";"0,4650441032342371";"0,06929108134596539";"False";"BATANG TUBUH";"PASAL 5"
"9";"(1) TPP sebagaimana dimaksud dalam Pasal 3 dipotong";"170,05";"541,398";"777,87";"789,87";"612,2";"BCDFEE+BookmanOldStyle";"12,0";"355,72400000000005";"306,1";"0,08105847762169228";"0,2777687030382228";"0,6065795491669389";"False";"BATANG TUBUH";"PASAL 5"
"9";"berdasarkan komponen:";"191,45";"334,82599999999996";"795,87";"807,87";"612,2";"BCDFEE+BookmanOldStyle";"12,0";"263,138";"306,1";"0,07017641293694878";"0,3127245998039856";"0,23419797451813126";"False";"BATANG TUBUH";"PASAL 5"
"9";"a. produktivitas kerja; dan";"191,45";"354,14";"815,9000000000001";"827,9000000000001";"612,2";"BCDFEE+BookmanOldStyle";"12,0";"272,79499999999996";"306,1";"0,05440215615811836";"0,3127245998039856";"0,2657464880757922";"False";"BATANG TUBUH";"PASAL 5"
"9";"b. disiplin kerja.";"191,45";"293,11599999999993";"836,1";"848,1";"612,2";"BCDFEE+BookmanOldStyle";"12,0";"242,28299999999996";"306,1";"0,1042420777523686";"0,3127245998039856";"0,16606664488729161";"False";"BATANG TUBUH";"PASAL 5"
"10";"10";"298,7";"313,53999999999996";"35,90000000000009";"47,90000000000009";"612,2";"BCDFEE+BookmanOldStyle";"12,0";"306,12";"306,1";"3,266906239787947e-05";"0,4879124469127735";"0,02424044429924857";"False";"BATANG TUBUH";"PASAL 5"
"10";"(2) Produktivitas kerja sebagaimana dimaksud pada ayat (1)";"170,05";"541,38";"72,92000000000007";"84,92000000000007";"612,2";"BCDFEE+BookmanOldStyle";"12,0";"355,71500000000003";"306,1";"0,08104377654361321";"0,2777687030382228";"0,6065501470107807";"False";"BATANG TUBUH";"PASAL 5"
"10";"huruf a terdiri dari:";"191,45";"306,2179999999999";"94,12000000000012";"106,12000000000012";"612,2";"BCDFEE+BookmanOldStyle";"12,0";"248,83399999999995";"306,1";"0,09354132636393347";"0,3127245998039856";"0,1874681476641619";"False";"BATANG TUBUH";"PASAL 5"
"10";"a. hasil kinerja individu;";"191,45";"341,47599999999994";"117,32000000000005";"129,32000000000005";"612,2";"BCDFEE+BookmanOldStyle";"12,0";"266,46299999999997";"306,1";"0,0647451813132964";"0,3127245998039856";"0,24506043776543604";"False";"BATANG TUBUH";"PASAL 5"
"10";"b. hasil kinerja organisasi.";"191,45";"353,43999999999994";"140,32000000000005";"152,32000000000005";"612,2";"BCDFEE+BookmanOldStyle";"12,0";"272,44499999999994";"306,1";"0,054973864750081806";"0,3127245998039856";"0,2646030708918653";"False";"BATANG TUBUH";"PASAL 5"
"10";"(3) Disiplin Kerja sebagaimana dimaksud pada ayat (1)";"170,05";"541,38";"163,55000000000007";"175,55000000000007";"612,2";"BCDFEE+BookmanOldStyle";"12,0";"355,71500000000003";"306,1";"0,08104377654361321";"0,2777687030382228";"0,6065501470107807";"False";"BATANG TUBUH";"PASAL 5"
"10";"huruf b terdiri dari:";"191,45";"306,6259999999999";"184,7500000000001";"196,7500000000001";"612,2";"BCDFEE+BookmanOldStyle";"12,0";"249,03799999999995";"306,1";"0,09320810192747479";"0,3127245998039856";"0,18813459653707926";"False";"BATANG TUBUH";"PASAL 5"
"10";"a. kehadiran kerja;";"191,45";"309,4719999999999";"207,7500000000001";"219,7500000000001";"612,2";"BCDFEE+BookmanOldStyle";"12,0";"250,46099999999996";"306,1";"0,09088369813786354";"0,3127245998039856";"0,19278340411630174";"False";"BATANG TUBUH";"PASAL 5"
"10";"b. hukuman disiplin.";"191,45";"321,71";"230,95000000000005";"242,95000000000005";"612,2";"BCDFEE+BookmanOldStyle";"12,0";"256,58";"306,1";"0,08088859849722319";"0,3127245998039856";"0,21277360339758247";"False";"BATANG TUBUH";"PASAL 5"
"10";"Pasal 6";"284,9";"327,34";"277,18000000000006";"289,18000000000006";"612,2";"BCDFEE+BookmanOldStyle";"12,0";"306,12";"306,1";"3,266906239787947e-05";"0,4653707938582162";"0,06932375040836328";"False";"BATANG TUBUH";"PASAL 6"
"10";"Kelas jabatan sebagaimana dimaksud dalam Pasal 3 ayat (2)";"170,05";"540,8240000000001";"323,57000000000005";"335,57000000000005";"612,2";"BCDFEE+BookmanOldStyle";"12,0";"355,437";"306,1";"0,08058967657628224";"0,2777687030382228";"0,605641947076119";"False";"BATANG TUBUH";"PASAL 6"
"10";"huruf a ditetapkan berdasarkan analisis dan evaluasi jabatan";"170,05";"540,8019999999999";"344,57000000000005";"356,57000000000005";"612,2";"BCDFEE+BookmanOldStyle";"12,0";"355,42599999999993";"306,1";"0,08057170859196325";"0,2777687030382228";"0,605606011107481";"False";"BATANG TUBUH";"PASAL 6"
"10";"sesuai dengan peraturan perundang-undangan.";"170,05";"453,28799999999995";"365,7700000000001";"377,7700000000001";"612,2";"BCDFEE+BookmanOldStyle";"12,0";"311,669";"306,1";"0,009096700424697745";"0,2777687030382228";"0,4626559947729499";"False";"BATANG TUBUH";"PASAL 6"
"10";"Pasal 7";"284,9";"327,32";"412,00000000000006";"424,00000000000006";"612,2";"BCDFEE+BookmanOldStyle";"12,0";"306,11";"306,1";"1,6334531198939734e-05";"0,4653707938582162";"0,06929108134596539";"False";"BATANG TUBUH";"PASAL 7"
"10";"Indeks kapasitas fiskal Daerah sebagaimana dimaksud dalam";"170,05";"541,074";"458,40000000000003";"470,40000000000003";"612,2";"BCDFEE+BookmanOldStyle";"12,0";"355,562";"306,1";"0,08079385821626917";"0,2777687030382228";"0,6060503103560927";"False";"BATANG TUBUH";"PASAL 7"
"10";"Pasal 3 ayat (2) huruf b ditetapkan melalui pendapatan";"170,05";"541,1359999999999";"479,42";"491,42";"612,2";"BCDFEE+BookmanOldStyle";"12,0";"355,59299999999996";"306,1";"0,08084449526298584";"0,2777687030382228";"0,606151584449526";"False";"BATANG TUBUH";"PASAL 3"
"10";"Daerah dikurangi pendapatan yang penggunaannya sudah";"170,05";"541,0300000000001";"500,62000000000006";"512,6200000000001";"612,2";"BCDFEE+BookmanOldStyle";"12,0";"355,5400000000001";"306,1";"0,08075792224763158";"0,2777687030382228";"0,6059784384188175";"False";"BATANG TUBUH";"PASAL 3"
"10";"ditentukan dan belanja tertentu.";"170,05";"362,734";"521,82";"533,82";"612,2";"BCDFEE+BookmanOldStyle";"12,0";"266,392";"306,1";"0,06486115648480892";"0,2777687030382228";"0,3147402809539365";"False";"BATANG TUBUH";"PASAL 3"
"10";"Pasal 8";"284,9";"327,32";"568,02";"580,02";"612,2";"BCDFEE+BookmanOldStyle";"12,0";"306,11";"306,1";"1,6334531198939734e-05";"0,4653707938582162";"0,06929108134596539";"False";"BATANG TUBUH";"PASAL 8"
"10";"Indeks kemahalan konstruksi sebagaimana dimaksud dalam";"170,05";"541,078";"614,25";"626,25";"612,2";"BCDFEE+BookmanOldStyle";"12,0";"355,56399999999996";"306,1";"0,08079712512250889";"0,2777687030382228";"0,6060568441685723";"False";"BATANG TUBUH";"PASAL 8"
"10";"Pasal 3 ayat (2) huruf c digunakan sebagai proksi untuk";"170,05";"541,378";"635,45";"647,45";"612,2";"BCDFEE+BookmanOldStyle";"12,0";"355,71400000000006";"306,1";"0,08104214309049335";"0,2777687030382228";"0,606546880104541";"False";"BATANG TUBUH";"PASAL 3"
"10";"mengukur tingkat kesulitan geografis.";"170,05";"394,56";"656,45";"668,45";"612,2";"BCDFEE+BookmanOldStyle";"12,0";"282,305";"306,1";"0,03886801698791247";"0,2777687030382228";"0,36672655994772946";"False";"BATANG TUBUH";"PASAL 3"
"10";"Pasal 9";"284,9";"327,32";"702,87";"714,87";"612,2";"BCDFEE+BookmanOldStyle";"12,0";"306,11";"306,1";"1,6334531198939734e-05";"0,4653707938582162";"0,06929108134596539";"False";"BATANG TUBUH";"PASAL 9"
"10";"(1) Indeks penyelenggaraan Pemerintah Daerah sebagaimana";"170,05";"541,4580000000001";"749,07";"761,07";"612,2";"BCDFEE+BookmanOldStyle";"12,0";"355,754";"306,1";"0,08110748121528912";"0,2777687030382228";"0,6066775563541327";"False";"BATANG TUBUH";"PASAL 9"
"10";"dimaksud dalam Pasal 3 ayat (2) huruf d terdiri atas";"191,45";"541,3140000000001";"770,27";"782,27";"612,2";"BCDFEE+BookmanOldStyle";"12,0";"366,38200000000006";"306,1";"0,09846782097353812";"0,3127245998039856";"0,571486442339105";"False";"BATANG TUBUH";"PASAL 9"
"10";"variabel pengungkit dengan bobot 90% (sembilan puluh";"191,45";"541,1060000000001";"791,27";"803,2700000000001";"612,2";"BCDFEE+BookmanOldStyle";"12,000000000000014";"366,278";"306,1";"0,09829794184906893";"0,3127245998039856";"0,5711466840901668";"False";"BATANG TUBUH";"PASAL 9"
"10";"persen) dan variabel hasil terkait penyelenggaraan";"191,45";"541,218";"812,5";"824,5";"612,2";"BCDFEE+BookmanOldStyle";"12,0";"366,33399999999995";"306,1";"0,09838941522378294";"0,3127245998039856";"0,5713296308395949";"False";"BATANG TUBUH";"PASAL 9"
"10";"Pemerintah Daerah dengan bobot 10% (sepuluh persen).";"191,45";"524,61";"833,7";"845,7";"612,2";"BCDFEE+BookmanOldStyle";"12,0";"358,03";"306,1";"0,0848252205161711";"0,3127245998039856";"0,5442012414243711";"False";"BATANG TUBUH";"PASAL 9"
"11";"11";"298,7";"313,53999999999996";"35,90000000000009";"47,90000000000009";"612,2";"BCDFEE+BookmanOldStyle";"12,0";"306,12";"306,1";"3,266906239787947e-05";"0,4879124469127735";"0,02424044429924857";"False";"BATANG TUBUH";"PASAL 9"
"11";"(2) Variabel pengungkit sebagaimana dimaksud pada ayat (1)";"170,05";"540,9259999999998";"72,92000000000007";"84,92000000000007";"612,2";"BCDFEE+BookmanOldStyle";"12,0";"355,48799999999994";"306,1";"0,0806729826853968";"0,2777687030382228";"0,6058085592943478";"False";"BATANG TUBUH";"PASAL 9"
"11";"terdiri atas:";"191,45";"259,71999999999997";"91,32000000000005";"103,32000000000005";"612,2";"BCDFEE+BookmanOldStyle";"12,0";"225,58499999999998";"306,1";"0,13151747794838295";"0,3127245998039856";"0,11151584449526294";"False";"BATANG TUBUH";"PASAL 9"
"11";"a. opini laporan keuangan;";"191,45";"356,60799999999995";"111,72000000000014";"123,72000000000014";"612,2";"BCDFEE+BookmanOldStyle";"12,0";"274,029";"306,1";"0,0523864750081673";"0,3127245998039856";"0,26977785037569413";"False";"BATANG TUBUH";"PASAL 9"
"11";"b. LPPD;";"191,45";"248,12800000000001";"131,93000000000006";"143,93000000000006";"612,2";"BCDFEE+BookmanOldStyle";"12,0";"219,789";"306,1";"0,140984972231297";"0,3127245998039856";"0,09258085592943487";"False";"BATANG TUBUH";"PASAL 9"
"11";"c. kematangan penataan PD;";"191,45";"368,97999999999996";"152,35000000000014";"164,35000000000014";"612,2";"BCDFEE+BookmanOldStyle";"12,0";"280,215";"306,1";"0,04228193400849403";"0,3127245998039856";"0,28998693237504075";"False";"BATANG TUBUH";"PASAL 9"
"11";"d. indeks inovasi Daerah;";"191,45";"347,272";"172,55000000000007";"184,55000000000007";"612,2";"BCDFEE+BookmanOldStyle";"12,0";"269,361";"306,1";"0,060011434171839316";"0,3127245998039856";"0,2545279320483502";"False";"BATANG TUBUH";"PASAL 9"
"11";"e. prestasi kerja Pemerintah Daerah;";"191,45";"414,376";"192,95000000000005";"204,95000000000005";"612,2";"BCDFEE+BookmanOldStyle";"12,0";"302,913";"306,1";"0,005205815093106847";"0,3127245998039856";"0,36413917020581504";"False";"BATANG TUBUH";"PASAL 9"
"11";"f. rasio belanja perjalanan dinas; dan";"191,45";"420,73999999999995";"213,1500000000001";"225,1500000000001";"612,2";"BCDFEE+BookmanOldStyle";"12,0";"306,09499999999997";"306,1";"8,167265599562717e-06";"0,3127245998039856";"0,3745344658608297";"False";"BATANG TUBUH";"PASAL 9"
"11";"g. indeks reformasi birokrasi Pemerintah Daerah.";"191,45";"489,17199999999997";"233,55000000000007";"245,55000000000007";"612,2";"BCDFEE+BookmanOldStyle";"12,0";"340,311";"306,1";"0,05588206468474347";"0,3127245998039856";"0,4863149297615158";"False";"BATANG TUBUH";"PASAL 9"
"11";"(3) Variabel hasil sebagaimana dimaksud pada ayat (1) terdiri";"170,05";"540,6740000000001";"253,95000000000005";"265,95000000000005";"612,2";"BCDFEE+BookmanOldStyle";"12,0";"355,3620000000001";"306,1";"0,0804671675922902";"0,2777687030382228";"0,6053969291081347";"False";"BATANG TUBUH";"PASAL 9"
"11";"atas:";"191,45";"220,11";"272,18000000000006";"284,18000000000006";"612,2";"BCDFEE+BookmanOldStyle";"12,0";"205,78";"306,1";"0,16386801698791248";"0,3127245998039856";"0,04681476641620389";"False";"BATANG TUBUH";"PASAL 9"
"11";"a. indeks pembangunan manusia; dan";"191,45";"424,90000000000003";"292,57000000000005";"304,57000000000005";"612,2";"BCDFEE+BookmanOldStyle";"12,0";"308,175";"306,1";"0,0033894152237830587";"0,3127245998039856";"0,3813296308395949";"False";"BATANG TUBUH";"PASAL 9"
"11";"b. indeks gini ratio.";"191,45";"311,68";"312,7700000000001";"324,7700000000001";"612,2";"BCDFEE+BookmanOldStyle";"12,0";"251,565";"306,1";"0,0890803658934989";"0,3127245998039856";"0,19639006860503105";"False";"BATANG TUBUH";"PASAL 9"
"11";"(4) Indeks penyelenggaraan Pemerintah Daerah sebagaimana";"170,05";"541,13";"333,1700000000001";"345,1700000000001";"612,2";"BCDFEE+BookmanOldStyle";"12,0";"355,59000000000003";"306,1";"0,08083959490362627";"0,2777687030382228";"0,6061417837308068";"False";"BATANG TUBUH";"PASAL 9"
"11";"dimaksud pada ayat (1) dihitung berdasarkan dengan";"191,45";"541,1159999999999";"351,3700000000001";"363,3700000000001";"612,2";"BCDFEE+BookmanOldStyle";"12,0";"366,2829999999999";"306,1";"0,09830610911466821";"0,3127245998039856";"0,5711630186213653";"False";"BATANG TUBUH";"PASAL 9"
"11";"formula variabel pengungkit ditambah variabel hasil.";"191,45";"503,78999999999996";"369,80000000000007";"381,80000000000007";"612,2";"BCDFEE+BookmanOldStyle";"12,0";"347,62";"306,1";"0,06782097353805942";"0,3127245998039856";"0,5101927474681476";"False";"BATANG TUBUH";"PASAL 9"
"11";"Pasal 10";"281,1";"330,94";"410,4000000000001";"422,40000000000003";"612,2";"BCDFEE+BookmanOldStyle";"11,999999999999943";"306,02";"306,1";"0,00013067624959170357";"0,45916367200261354";"0,08141130349558963";"False";"BATANG TUBUH";"PASAL 10"
"11";"Basic TPP sebagaimana dimaksud dalam Pasal 3 ditetapkan";"170,25";"541,222";"451,00000000000006";"463,06000000000006";"612,2";"BCDGEE+BookmanOldStyle-Italic";"12,0";"355,736";"306,1";"0,08107807905913095";"0,2780953936622019";"0,6059653707938581";"False";"BATANG TUBUH";"PASAL 10"
"11";"dengan Keputusan Bupati.";"170,05";"328,53999999999996";"469,40000000000003";"481,40000000000003";"612,2";"BCDFEE+BookmanOldStyle";"12,0";"249,295";"306,1";"0,0927883044756616";"0,2777687030382228";"0,2588859849722312";"False";"BATANG TUBUH";"PASAL 10"
"11";"BAB III";"285,1";"326,944";"510,02000000000004";"522,02";"612,2";"BCDFEE+BookmanOldStyle";"12,0";"306,02200000000005";"306,1";"0,0001274093433518042";"0,4656974844821954";"0,06835021234890558";"True";"BATANG TUBUH";"BAB III"
"11";"PENGHITUNGAN KOMPONEN TPP";"204,48";"407,4359999999999";"530,4200000000001";"542,4200000000001";"612,2";"BCDFEE+BookmanOldStyle";"12,0";"305,95799999999997";"306,1";"0,00023195034302524132";"0,3340084939562234";"0,33151911140150264";"True";"BATANG TUBUH";"BAB III"
"11";"Pasal 11";"281,1";"330,94";"571,02";"583,02";"612,2";"BCDFEE+BookmanOldStyle";"12,0";"306,02";"306,1";"0,00013067624959170357";"0,45916367200261354";"0,08141130349558963";"False";"BATANG TUBUH";"PASAL 11"
"11";"(1) Pembayaran TPP berdasarkan beban kerja dan prestasi";"170,05";"541,042";"611,6500000000001";"623,6500000000001";"612,2";"BCDFEE+BookmanOldStyle";"12,0";"355,54600000000005";"306,1";"0,0807677229663509";"0,2777687030382228";"0,6059980398562561";"False";"BATANG TUBUH";"PASAL 11"
"11";"kerja sebagaimana dimaksud dalam Pasal 4 huruf a dan";"191,45";"541,174";"629,85";"641,85";"612,2";"BCDFEE+BookmanOldStyle";"12,0";"366,312";"306,1";"0,09835347925514536";"0,3127245998039856";"0,5712577589023194";"False";"BATANG TUBUH";"PASAL 11"
"11";"huruf b disesuaikan dengan Basic TPP.";"191,45";"422,96999999999997";"648,25";"660,3100000000001";"612,2";"BCDFEE+BookmanOldStyle";"12,0";"307,21";"306,1";"0,0018131329630838887";"0,3127245998039856";"0,3781770663181966";"False";"BATANG TUBUH";"PASAL 11"
"11";"(2) TPP berdasarkan beban kerja sebagaimana dimaksud pada";"170,05";"540,758";"668,6500000000001";"680,6500000000001";"612,2";"BCDFEE+BookmanOldStyle";"12,0";"355,404";"306,1";"0,08053577262332566";"0,2777687030382228";"0,6055341391702058";"False";"BATANG TUBUH";"PASAL 11"
"11";"ayat (1) diberikan kepada ASN yang dalam melaksanakan";"191,45";"540,9979999999998";"686,85";"698,85";"612,2";"BCDFEE+BookmanOldStyle";"12,0";"366,22399999999993";"306,1";"0,09820973538059442";"0,3127245998039856";"0,5709702711532176";"False";"BATANG TUBUH";"PASAL 11"
"11";"tugas melampaui beban kerja normal atau batas waktu";"191,45";"541,4219999999999";"705,27";"717,27";"612,2";"BCDFEE+BookmanOldStyle";"12,0";"366,4359999999999";"306,1";"0,09855602744201224";"0,3127245998039856";"0,5716628552760534";"False";"BATANG TUBUH";"PASAL 11"
"11";"normal, minimal 112,5 (seratus dua belas koma lima) jam";"191,45";"540,7940000000001";"723,47";"735,47";"612,2";"BCDFEE+BookmanOldStyle";"12,0";"366,12200000000007";"306,1";"0,09804312316236531";"0,3127245998039856";"0,5706370467167594";"False";"BATANG TUBUH";"PASAL 11"
"11";"perbulan atau batas waktu normal minimal 170 (seratus";"191,45";"540,7339999999999";"741,87";"753,87";"612,2";"BCDFEE+BookmanOldStyle";"12,0";"366,092";"306,1";"0,0979941195687683";"0,3127245998039856";"0,5705390395295653";"False";"BATANG TUBUH";"PASAL 11"
"11";"tujuh puluh) jam perbulan.";"191,45";"352,9579999999999";"760,07";"772,07";"612,2";"BCDFEE+BookmanOldStyle";"12,0";"272,20399999999995";"306,1";"0,05536752695197659";"0,3127245998039856";"0,26381574648807565";"False";"BATANG TUBUH";"PASAL 11"
"11";"(3) TPP berdasarkan prestasi kerja sebagaimana dimaksud";"170,05";"540,758";"780,48";"792,48";"612,2";"BCDFEE+BookmanOldStyle";"12,0";"355,404";"306,1";"0,08053577262332566";"0,2777687030382228";"0,6055341391702058";"False";"BATANG TUBUH";"PASAL 11"
"11";"pada ayat (1) diberikan kepada ASN yang memiliki prestasi";"191,45";"540,83";"798,8800000000001";"810,8800000000001";"612,2";"BCDFEE+BookmanOldStyle";"12,0";"366,14";"306,1";"0,09807252531852328";"0,3127245998039856";"0,5706958510290755";"False";"BATANG TUBUH";"PASAL 11"
"11";"kerja sesuai bidang keahliannya atau inovasi dan diakui";"191,45";"540,9499999999999";"817,1";"829,1";"612,2";"BCDFEE+BookmanOldStyle";"12,0";"366,19999999999993";"306,1";"0,09817053250571693";"0,3127245998039856";"0,5708918654034628";"False";"BATANG TUBUH";"PASAL 11"
"11";"oleh pimpinan diatasnya.";"191,45";"340,7899999999999";"835,5";"847,5";"612,2";"BCDFEE+BookmanOldStyle";"12,0";"266,11999999999995";"306,1";"0,06530545573342057";"0,3127245998039856";"0,2439398889251877";"False";"BATANG TUBUH";"PASAL 11"
"12";"12";"298,7";"313,53999999999996";"35,90000000000009";"47,90000000000009";"612,2";"BCDFEE+BookmanOldStyle";"12,0";"306,12";"306,1";"3,266906239787947e-05";"0,4879124469127735";"0,02424044429924857";"False";"BATANG TUBUH";"PASAL 11"
"12";"(4) Alokasi TPP berdasarkan beban kerja sebagaimana";"170,05";"540,938";"72,92000000000007";"84,92000000000007";"612,2";"BCDFEE+BookmanOldStyle";"12,0";"355,494";"306,1";"0,0806827834041163";"0,2777687030382228";"0,6058281607317869";"False";"BATANG TUBUH";"PASAL 11"
"12";"dimaksud pada ayat (1) sesuai kemampuan keuangan";"191,45";"541,082";"91,73000000000013";"103,73000000000013";"612,2";"BCDFEE+BookmanOldStyle";"12,0";"366,26599999999996";"306,1";"0,09827834041163008";"0,3127245998039856";"0,5711074812152891";"False";"BATANG TUBUH";"PASAL 11"
"12";"Daerah dari besaran Basic TPP.";"191,45";"377,74799999999993";"110,32000000000005";"122,38";"612,2";"BCDFEE+BookmanOldStyle";"12,0";"284,59899999999993";"306,1";"0,03512087553087241";"0,3127245998039856";"0,30430904933028413";"False";"BATANG TUBUH";"PASAL 11"
"12";"(5) Alokasi TPP berdasarkan prestasi kerja sebagaimana";"170,05";"541,282";"130,93000000000006";"142,93000000000006";"612,2";"BCDFEE+BookmanOldStyle";"12,0";"355,66600000000005";"306,1";"0,08096373734073836";"0,2777687030382228";"0,6063900686050311";"False";"BATANG TUBUH";"PASAL 11"
"12";"dimaksud pada ayat (1) sesuai kemampuan keuangan";"191,45";"541,082";"149,5200000000001";"161,5200000000001";"612,2";"BCDFEE+BookmanOldStyle";"12,0";"366,26599999999996";"306,1";"0,09827834041163008";"0,3127245998039856";"0,5711074812152891";"False";"BATANG TUBUH";"PASAL 11"
"12";"Daerah dari besaran Basic TPP.";"191,45";"377,74799999999993";"168,1500000000001";"180,21000000000004";"612,2";"BCDFEE+BookmanOldStyle";"12,0";"284,59899999999993";"306,1";"0,03512087553087241";"0,3127245998039856";"0,30430904933028413";"False";"BATANG TUBUH";"PASAL 11"
"12";"Pasal 12";"281,1";"330,94";"209,35000000000014";"221,35000000000014";"612,2";"BCDFEE+BookmanOldStyle";"12,0";"306,02";"306,1";"0,00013067624959170357";"0,45916367200261354";"0,08141130349558963";"False";"BATANG TUBUH";"PASAL 12"
"12";"(1) TPP berdasarkan tempat bertugas sebagaimana dimaksud";"170,05";"540,746";"250,55000000000007";"262,55000000000007";"612,2";"BCDFEE+BookmanOldStyle";"12,0";"355,398";"306,1";"0,08052597190460634";"0,2777687030382228";"0,605514537732767";"False";"BATANG TUBUH";"PASAL 12"
"12";"dalam Pasal 4 huruf c diberikan kepada ASN yang dalam";"191,45";"540,77";"269,18000000000006";"281,18000000000006";"612,2";"BCDFEE+BookmanOldStyle";"12,0";"366,11";"306,1";"0,09802352172492647";"0,3127245998039856";"0,5705978438418817";"False";"BATANG TUBUH";"PASAL 12"
"12";"melaksanakan tugasnya berada di daerah memiliki tingkat";"191,45";"541,3299999999999";"287,7700000000001";"299,7700000000001";"612,2";"BCDFEE+BookmanOldStyle";"12,0";"366,39";"306,1";"0,09848088859849716";"0,3127245998039856";"0,5715125775890231";"False";"BATANG TUBUH";"PASAL 12"
"12";"kesulitan tinggi dan daerah terpencil.";"191,45";"412,154";"306,3700000000001";"318,3700000000001";"612,2";"BCDFEE+BookmanOldStyle";"12,0";"301,802";"306,1";"0,007020581509310685";"0,3127245998039856";"0,36050963737340735";"False";"BATANG TUBUH";"PASAL 12"
"12";"(2) Tingkat kesulitan tinggi dan daerah terpencil sebagaimana";"170,05";"540,902";"326,97000000000014";"338,97000000000014";"612,2";"BCDFEE+BookmanOldStyle";"12,0";"355,476";"306,1";"0,08065338124795814";"0,2777687030382228";"0,6057693564194707";"False";"BATANG TUBUH";"PASAL 12"
"12";"dimaksud pada ayat (1) berdasarkan pada Indeks TPP";"191,45";"540,77";"345,57000000000005";"357,57000000000005";"612,2";"BCDFEE+BookmanOldStyle";"12,0";"366,11";"306,1";"0,09802352172492647";"0,3127245998039856";"0,5705978438418817";"False";"BATANG TUBUH";"PASAL 12"
"12";"tempat bertugas, yang didapatkan dari perbandingan";"191,45";"540,89";"364,18000000000006";"376,18000000000006";"612,2";"BCDFEE+BookmanOldStyle";"12,0";"366,16999999999996";"306,1";"0,09812152891212012";"0,3127245998039856";"0,5707938582162692";"False";"BATANG TUBUH";"PASAL 12"
"12";"indeks kesulitan geografis kantor berada dibagi indeks";"191,45";"540,8420000000001";"382,80000000000007";"394,80000000000007";"612,2";"BCDFEE+BookmanOldStyle";"12,0";"366,1460000000001";"306,1";"0,0980823260372428";"0,3127245998039856";"0,5707154524665143";"False";"BATANG TUBUH";"PASAL 12"
"12";"kesulitan geografis terendah di Daerah.";"191,45";"423,542";"401,4000000000001";"413,40000000000003";"612,2";"BCDFEE+BookmanOldStyle";"11,999999999999943";"307,496";"306,1";"0,0022803005553739923";"0,3127245998039856";"0,37911140150277683";"False";"BATANG TUBUH";"PASAL 12"
"12";"(3) Indeks Kesulitan sebagaimana dimaksud pada ayat (2)";"170,05";"540,7579999999999";"422,00000000000006";"434,00000000000006";"612,2";"BCDFEE+BookmanOldStyle";"12,0";"355,404";"306,1";"0,08053577262332566";"0,2777687030382228";"0,6055341391702056";"False";"BATANG TUBUH";"PASAL 12"
"12";"berdasarkan indeks kesulitan geografis kelurahan atau";"191,45";"540,9499999999999";"440,6";"452,6";"612,2";"BCDFEE+BookmanOldStyle";"12,0";"366,19999999999993";"306,1";"0,09817053250571693";"0,3127245998039856";"0,5708918654034628";"False";"BATANG TUBUH";"PASAL 12"
"12";"desa terendah di Daerah.";"191,45";"340,02199999999993";"459,20000000000005";"471,20000000000005";"612,2";"BCDFEE+BookmanOldStyle";"12,0";"265,736";"306,1";"0,06593270173146036";"0,3127245998039856";"0,24268539692910804";"False";"BATANG TUBUH";"PASAL 12"
"12";"(4) Alokasi TPP berdasarkan tempat bertugas sebagaimana";"170,05";"540,8779999999999";"479,82000000000005";"491,82000000000005";"612,2";"BCDFEE+BookmanOldStyle";"12,0";"355,46399999999994";"306,1";"0,0806337798105193";"0,2777687030382228";"0,6057301535445931";"False";"BATANG TUBUH";"PASAL 12"
"12";"dimaksud pada ayat (1) diberikan paling tinggi 50% (lima";"191,45";"541,38";"498,42";"510,42";"612,2";"BCDFEE+BookmanOldStyle";"12,0";"366,41499999999996";"306,1";"0,09852172492649451";"0,3127245998039856";"0,571594250245018";"False";"BATANG TUBUH";"PASAL 12"
"12";"puluh persen) dari Basic TPP apabila Indeks TPP tempat";"191,45";"540,932";"517,02";"529,08";"612,2";"BCDFEE+BookmanOldStyle";"12,0";"366,19100000000003";"306,1";"0,09815583142763804";"0,3127245998039856";"0,5708624632473048";"False";"BATANG TUBUH";"PASAL 12"
"12";"bertugas di atas 1,5 (satu koma lima).";"191,45";"414,926";"535,82";"547,82";"612,2";"BCDFEE+BookmanOldStyle";"12,0";"303,188";"306,1";"0,004756615485135633";"0,3127245998039856";"0,3650375694217576";"False";"BATANG TUBUH";"PASAL 12"
"12";"Pasal 13";"281,1";"330,94";"577,02";"589,02";"612,2";"BCDFEE+BookmanOldStyle";"12,0";"306,02";"306,1";"0,00013067624959170357";"0,45916367200261354";"0,08141130349558963";"False";"BATANG TUBUH";"PASAL 13"
"12";"(1) TPP berdasarkan kondisi kerja sebagaimana dimaksud";"170,05";"540,8300000000002";"618,25";"630,25";"612,2";"BCDFEE+BookmanOldStyle";"12,0";"355,44000000000005";"306,1";"0,080594576935642";"0,2777687030382228";"0,6056517477948384";"False";"BATANG TUBUH";"PASAL 13"
"12";"dalam Pasal 4 huruf d diberikan kepada ASN yang";"191,45";"541,2860000000001";"636,85";"648,85";"612,2";"BCDFEE+BookmanOldStyle";"12,0";"366,36800000000005";"306,1";"0,09844495262985957";"0,3127245998039856";"0,5714407056517479";"False";"BATANG TUBUH";"PASAL 13"
"12";"melaksanakan tugas dan tanggung jawab memiliki risiko";"191,45";"540,922";"655,45";"667,45";"612,2";"BCDFEE+BookmanOldStyle";"12,0";"366,18600000000004";"306,1";"0,09814766416203856";"0,3127245998039856";"0,5708461287161058";"False";"BATANG TUBUH";"PASAL 13"
"12";"tinggi antara lain risiko kesehatan dan keamanan jiwa.";"191,45";"516,2300000000001";"674,0500000000001";"686,0500000000001";"612,2";"BCDFEE+BookmanOldStyle";"12,0";"353,84000000000003";"306,1";"0,07798105194380922";"0,3127245998039856";"0,5305129042796474";"False";"BATANG TUBUH";"PASAL 13"
"12";"(2) Kriteria TPP berdasarkan kondisi kerja sebagaimana";"170,05";"540,926";"694,6700000000001";"706,6700000000001";"612,2";"BCDFEE+BookmanOldStyle";"12,0";"355,48800000000006";"306,1";"0,08067298268539698";"0,2777687030382228";"0,6058085592943483";"False";"BATANG TUBUH";"PASAL 13"
"12";"dimaksud pada ayat (1), dengan ketentuan sebagai";"191,45";"540,974";"713,27";"725,27";"612,2";"BCDFEE+BookmanOldStyle";"12,0";"366,212";"306,1";"0,09819013394315577";"0,3127245998039856";"0,5709310682783405";"False";"BATANG TUBUH";"PASAL 13"
"12";"berikut:";"191,45";"237,866";"731,87";"743,87";"612,2";"BCDFEE+BookmanOldStyle";"12,0";"214,65800000000002";"306,1";"0,14936622018948056";"0,3127245998039856";"0,07581836001306766";"False";"BATANG TUBUH";"PASAL 13"
"12";"a. pekerjaan yang berkaitan langsung dengan penyakit";"191,45";"540,9759999999999";"752,48";"764,48";"612,2";"BCDFEE+BookmanOldStyle";"12,0";"366,21299999999997";"306,1";"0,09819176739627562";"0,3127245998039856";"0,57093433518458";"False";"BATANG TUBUH";"PASAL 13"
"12";"menular;";"212,68";"265,876";"771,07";"783,07";"612,2";"BCDFEE+BookmanOldStyle";"12,0";"239,278";"306,1";"0,1091506043776544";"0,3474028095393662";"0,08689317216595878";"False";"BATANG TUBUH";"PASAL 13"
"12";"b. pekerjaan yang berkaitan langsung dengan bahan";"191,45";"540,8999999999999";"791,6700000000001";"803,6700000000001";"612,2";"BCDFEE+BookmanOldStyle";"12,0";"366,17499999999995";"306,1";"0,09812969617771958";"0,3127245998039856";"0,5708101927474679";"False";"BATANG TUBUH";"PASAL 13"
"12";"kimia berbahaya/radiasi/bahan radioaktif;";"212,68";"466,7319999999999";"810,3000000000001";"822,3000000000001";"612,2";"BCDFEE+BookmanOldStyle";"12,0";"339,70599999999996";"306,1";"0,05489382554720669";"0,3474028095393662";"0,41498203201568096";"False";"BATANG TUBUH";"PASAL 13"
"12";"c. pekerjaan yang berisiko dengan keselamatan kerja;";"191,45";"514,744";"830,9000000000001";"842,9000000000001";"612,2";"BCDFEE+BookmanOldStyle";"12,0";"353,097";"306,1";"0,07676739627572682";"0,3127245998039856";"0,5280855929434826";"False";"BATANG TUBUH";"PASAL 13"
"13";"13";"298,7";"313,53999999999996";"35,90000000000009";"47,90000000000009";"612,2";"BCDFEE+BookmanOldStyle";"12,0";"306,12";"306,1";"3,266906239787947e-05";"0,4879124469127735";"0,02424044429924857";"False";"BATANG TUBUH";"PASAL 13"
"13";"d. pekerjaan yang berisiko dengan aparat pemeriksa";"191,45";"540,8080000000001";"72,92000000000007";"84,92000000000007";"612,2";"BCDFEE+BookmanOldStyle";"12,0";"366,129";"306,1";"0,0980545573342045";"0,3127245998039856";"0,5706599150604379";"False";"BATANG TUBUH";"PASAL 13"
"13";"dan penegak hukum;";"212,68";"338,056";"92,73000000000013";"104,73000000000013";"612,2";"BCDFEE+BookmanOldStyle";"12,0";"275,368";"306,1";"0,05019928128062729";"0,3474028095393662";"0,204795818360013";"False";"BATANG TUBUH";"PASAL 13"
"13";"e. pekerjaan yang satu tingkat dibawahnya dibutuhkan";"191,45";"541,2979999999999";"114,5200000000001";"126,5200000000001";"612,2";"BCDFEE+BookmanOldStyle";"12,0";"366,3739999999999";"306,1";"0,0984547533485787";"0,3127245998039856";"0,5714603070891864";"False";"BATANG TUBUH";"PASAL 13"
"13";"analis atau jabatan yang setingkat namun tidak ada";"212,68";"540,8199999999999";"134,12000000000012";"146,12000000000012";"612,2";"BCDFEE+BookmanOldStyle";"12,0";"376,75";"306,1";"0,11540346292061414";"0,3474028095393662";"0,5360013067624958";"False";"BATANG TUBUH";"PASAL 13"
"13";"jabatan pelaksananya; dan/atau";"212,68";"405,868";"153,95000000000005";"165,95000000000005";"612,2";"BCDFEE+BookmanOldStyle";"12,0";"309,274";"306,1";"0,005184580202548151";"0,3474028095393662";"0,3155635413263639";"False";"BATANG TUBUH";"PASAL 13"
"13";"f. pekerjaan yang satu tingkat dibawahnya sudah di";"191,45";"541,12";"175,7500000000001";"187,7500000000001";"612,2";"BCDFEE+BookmanOldStyle";"12,0";"366,28499999999997";"306,1";"0,0983093760209081";"0,3127245998039856";"0,5711695524338452";"False";"BATANG TUBUH";"PASAL 13"
"13";"dukung oleh jabatan fungsional dan tidak ada jabatan";"212,68";"540,7959999999997";"195,35000000000014";"207,35000000000014";"612,2";"BCDFEE+BookmanOldStyle";"12,0";"376,73799999999983";"306,1";"0,1153838614831751";"0,3474028095393662";"0,5359621038876179";"False";"BATANG TUBUH";"PASAL 13"
"13";"struktural dibawahnya.";"212,68";"351,568";"215,1500000000001";"227,1500000000001";"612,2";"BCDFEE+BookmanOldStyle";"12,0";"282,124";"306,1";"0,039163672002613524";"0,3474028095393662";"0,22686703691604046";"False";"BATANG TUBUH";"PASAL 13"
"13";"(3) Alokasi TPP berdasarkan kondisi kerja sebagaimana";"170,05";"541,316";"236,7500000000001";"248,7500000000001";"612,2";"BCDFEE+BookmanOldStyle";"12,0";"355,683";"306,1";"0,08099150604377649";"0,2777687030382228";"0,6064456060111074";"False";"BATANG TUBUH";"PASAL 13"
"13";"dimaksud pada ayat (1) sesuai kemampuan keuangan";"191,45";"541,082";"256,55000000000007";"268,55000000000007";"612,2";"BCDFEE+BookmanOldStyle";"12,0";"366,26599999999996";"306,1";"0,09827834041163008";"0,3127245998039856";"0,5711074812152891";"False";"BATANG TUBUH";"PASAL 13"
"13";"Daerah dari Basic TPP.";"191,45";"326,73999999999995";"276,3700000000001";"288,43000000000006";"612,2";"BCDFEE+BookmanOldStyle";"12,0";"259,09499999999997";"306,1";"0,07678046390068613";"0,3127245998039856";"0,22098987259065658";"False";"BATANG TUBUH";"PASAL 13"
"13";"(4) Dalam hal ASN memenuhi lebih dari 1 (satu) kriteria TPP";"170,05";"540,7339999999999";"297,97000000000014";"309,97000000000014";"612,2";"BCDFEE+BookmanOldStyle";"12,0";"355,39199999999994";"306,1";"0,08051617118588682";"0,2777687030382228";"0,6054949362953281";"False";"BATANG TUBUH";"PASAL 13"
"13";"berdasarkan kondisi kerja sebagaimana dimaksud pada";"191,45";"540,9860000000001";"317,7700000000001";"329,7700000000001";"612,2";"BCDFEE+BookmanOldStyle";"12,0";"366,2180000000001";"306,1";"0,09819993466187528";"0,3127245998039856";"0,5709506697157793";"False";"BATANG TUBUH";"PASAL 13"
"13";"ayat (2) maka hanya diberikan 1 (satu) TPP berdasarkan";"191,45";"540,6139999999998";"337,57000000000005";"349,57000000000005";"612,2";"BCDFEE+BookmanOldStyle";"12,0";"366,0319999999999";"306,1";"0,09789611238157449";"0,3127245998039856";"0,5703430251551777";"False";"BATANG TUBUH";"PASAL 13"
"13";"kondisi kerja.";"191,45";"271,47799999999995";"357,18000000000006";"369,18000000000006";"612,2";"BCDFEE+BookmanOldStyle";"12,0";"231,46399999999997";"306,1";"0,12191440705651756";"0,3127245998039856";"0,13072198627899373";"False";"BATANG TUBUH";"PASAL 13"
"13";"Pasal 14";"281,1";"330,94";"400,60000000000014";"412,6000000000001";"612,2";"BCDFEE+BookmanOldStyle";"11,999999999999943";"306,02";"306,1";"0,00013067624959170357";"0,45916367200261354";"0,08141130349558963";"False";"BATANG TUBUH";"PASAL 14"
"13";"(1) TPP berdasarkan kelangkaan profesi sebagaimana";"170,05";"540,77";"444,20000000000005";"456,20000000000005";"612,2";"BCDFEE+BookmanOldStyle";"12,0";"355,40999999999997";"306,1";"0,08054557334204498";"0,2777687030382228";"0,6055537406076444";"False";"BATANG TUBUH";"PASAL 14"
"13";"dimaksud dalam Pasal 4 huruf e diberikan kepada ASN";"191,45";"540,8299999999998";"463,8";"475,8";"612,2";"BCDFEE+BookmanOldStyle";"12,0";"366,1399999999999";"306,1";"0,0980725253185231";"0,3127245998039856";"0,5706958510290752";"False";"BATANG TUBUH";"PASAL 14"
"13";"yang melaksanakan tugas pada kriteria sebagai berikut:";"191,45";"522,4340000000001";"483,62000000000006";"495,62000000000006";"612,2";"BCDFEE+BookmanOldStyle";"12,0";"356,942";"306,1";"0,0830480235217249";"0,3127245998039856";"0,5406468474354788";"False";"BATANG TUBUH";"PASAL 14"
"13";"a. membutuhkan keterampilan khusus; dan";"191,45";"459,232";"505,23";"517,23";"612,2";"BCDFEE+BookmanOldStyle";"12,0";"325,341";"306,1";"0,031429271479908504";"0,3127245998039856";"0,43740934335184584";"False";"BATANG TUBUH";"PASAL 14"
"13";"b. kualifikasi pegawai Pemerintah Daerah sangat";"191,45";"540,9879999999999";"527,02";"539,02";"612,2";"BCDFEE+BookmanOldStyle";"12,0";"366,21899999999994";"306,1";"0,09820156811499495";"0,3127245998039856";"0,5709539366220189";"False";"BATANG TUBUH";"PASAL 14"
"13";"sedikit/hampir tidak ada yang bisa memenuhi";"212,68";"541,12";"546,82";"558,82";"612,2";"BCDFEE+BookmanOldStyle";"12,0";"376,9";"306,1";"0,11564848088859842";"0,3474028095393662";"0,5364913426984645";"False";"BATANG TUBUH";"PASAL 14"
"13";"pekerjaan dimaksud.";"212,68";"336,85599999999994";"566,4200000000001";"578,4200000000001";"612,2";"BCDFEE+BookmanOldStyle";"12,0";"274,768";"306,1";"0,0511793531525646";"0,3474028095393662";"0,20283567461613838";"False";"BATANG TUBUH";"PASAL 14"
"13";"(2) Alokasi TPP berdasarkan kelangkaan profesi sebagaimana";"170,05";"540,89";"588,25";"600,25";"612,2";"BCDFEE+BookmanOldStyle";"12,0";"355,47";"306,1";"0,08064358052923881";"0,2777687030382228";"0,605749754982032";"False";"BATANG TUBUH";"PASAL 14"
"13";"dimaksud pada ayat (1) sebesar minimal 10% (sepuluh";"191,45";"541,094";"608,05";"620,05";"612,2";"BCDFEE+BookmanOldStyle";"12,0";"366,27200000000005";"306,1";"0,09828814113034959";"0,3127245998039856";"0,5711270826527279";"False";"BATANG TUBUH";"PASAL 14"
"13";"persen) dari Basic TPP.";"191,45";"326,94";"627,6500000000001";"639,71";"612,2";"BCDFEE+BookmanOldStyle";"12,0";"259,195";"306,1";"0,07661711858869655";"0,3127245998039856";"0,22131656321463575";"False";"BATANG TUBUH";"PASAL 14"
"13";"Pasal 15";"281,1";"330,94";"671,0500000000001";"683,0500000000001";"612,2";"BCDFEE+BookmanOldStyle";"12,0";"306,02";"306,1";"0,00013067624959170357";"0,45916367200261354";"0,08141130349558963";"False";"BATANG TUBUH";"PASAL 15"
"13";"(1) TPP berdasarkan pertimbangan objektif lainnya";"170,05";"540,974";"714,6700000000001";"726,6700000000001";"612,2";"BCDFEE+BookmanOldStyle";"12,0";"355,51200000000006";"306,1";"0,08071218556027447";"0,2777687030382228";"0,6058869650441032";"False";"BATANG TUBUH";"PASAL 15"
"13";"sebagaimana dimaksud dalam Pasal 4 huruf f dapat";"191,45";"541,2339999999999";"734,27";"746,27";"612,2";"BCDFEE+BookmanOldStyle";"12,0";"366,342";"306,1";"0,09840248284874217";"0,3127245998039856";"0,5713557660895131";"False";"BATANG TUBUH";"PASAL 15"
"13";"diberikan sepanjang diamanatkan dalam ketentuan";"191,45";"541,106";"754,07";"766,07";"612,2";"BCDFEE+BookmanOldStyle";"12,0";"366,278";"306,1";"0,09829794184906893";"0,3127245998039856";"0,5711466840901666";"False";"BATANG TUBUH";"PASAL 15"
"13";"peraturan perundang-undangan.";"191,45";"386,57";"773,88";"785,88";"612,2";"BCDFEE+BookmanOldStyle";"12,0";"289,01";"306,1";"0,027915713819013446";"0,3127245998039856";"0,3187193727540019";"False";"BATANG TUBUH";"PASAL 15"
"13";"(2) Alokasi TPP berdasarkan pertimbangan objektif lainnya";"170,05";"540,9380000000001";"795,47";"807,47";"612,2";"BCDFEE+BookmanOldStyle";"12,0";"355,494";"306,1";"0,0806827834041163";"0,2777687030382228";"0,6058281607317871";"False";"BATANG TUBUH";"PASAL 15"
"13";"sebagaimana dimaksud pada ayat (1) sesuai kemampuan";"191,45";"540,8539999999999";"815,3000000000001";"827,3000000000001";"612,2";"BCDFEE+BookmanOldStyle";"12,0";"366,15199999999993";"306,1";"0,09809212675596195";"0,3127245998039856";"0,5707350539039528";"False";"BATANG TUBUH";"PASAL 15"
"13";"keuangan Daerah dan karakteristik Daerah.";"191,45";"452,59";"834,9000000000001";"846,9000000000001";"612,2";"BCDFEE+BookmanOldStyle";"12,0";"322,02";"306,1";"0,02600457366873564";"0,3127245998039856";"0,4265599477295001";"False";"BATANG TUBUH";"PASAL 15"
"14";"14";"298,7";"313,53999999999996";"35,90000000000009";"47,90000000000009";"612,2";"BCDFEE+BookmanOldStyle";"12,0";"306,12";"306,1";"3,266906239787947e-05";"0,4879124469127735";"0,02424044429924857";"False";"BATANG TUBUH";"PASAL 15"
"14";"(3) Ketentuan mengenai TPP berdasarkan pertimbangan";"170,05";"540,938";"72,92000000000007";"84,92000000000007";"612,2";"BCDFEE+BookmanOldStyle";"12,0";"355,494";"306,1";"0,0806827834041163";"0,2777687030382228";"0,6058281607317869";"False";"BATANG TUBUH";"PASAL 15"
"14";"objektif lainnya sebagaimana dimaksud pada ayat (1)";"191,45";"540,7819999999999";"90,12000000000012";"102,12000000000012";"612,2";"BCDFEE+BookmanOldStyle";"12,0";"366,116";"306,1";"0,09803332244364579";"0,3127245998039856";"0,5706174452793203";"False";"BATANG TUBUH";"PASAL 15"
"14";"diatur dengan Peraturan Bupati tersendiri.";"191,45";"444,39";"107,12000000000012";"119,12000000000012";"612,2";"BCDFEE+BookmanOldStyle";"12,0";"317,91999999999996";"306,1";"0,01930741587716422";"0,3127245998039856";"0,4131656321463574";"False";"BATANG TUBUH";"PASAL 15"
"14";"Pasal 16";"280,9";"330,74";"145,12000000000012";"157,12000000000012";"612,2";"BCDFEE+BookmanOldStyle";"12,0";"305,82";"306,1";"0,00045736687357077676";"0,4588369813786344";"0,08141130349558973";"False";"BATANG TUBUH";"PASAL 16"
"14";"Besaran alokasi TPP berdasarkan beban kerja, prestasi kerja,";"170,05";"540,8259999999999";"183,1500000000001";"195,1500000000001";"612,2";"BCDFEE+BookmanOldStyle";"12,0";"355,438";"306,1";"0,08059131002940209";"0,2777687030382228";"0,6056452139823585";"False";"BATANG TUBUH";"PASAL 16"
"14";"tempat bertugas, kondisi kerja dan kelangkaan profesi";"170,05";"541,058";"200,1500000000001";"212,1500000000001";"612,2";"BCDFEE+BookmanOldStyle";"12,0";"355,554";"306,1";"0,08078079059130994";"0,2777687030382228";"0,6060241751061743";"False";"BATANG TUBUH";"PASAL 16"
"14";"sebagaimana dimaksud dalam Pasal 11 sampai dengan";"170,05";"541,01";"217,1500000000001";"229,1500000000001";"612,2";"BCDFEE+BookmanOldStyle";"12,0";"355,53";"306,1";"0,08074158771643244";"0,2777687030382228";"0,6059457693564194";"False";"BATANG TUBUH";"PASAL 16"
"14";"Pasal 14 untuk masing-masing jabatan ditetapkan dengan";"170,05";"541,1659999999999";"234,1500000000001";"246,1500000000001";"612,2";"BCDFEE+BookmanOldStyle";"12,0";"355,60799999999995";"306,1";"0,08086899705978426";"0,2777687030382228";"0,606200588043123";"False";"BATANG TUBUH";"PASAL 14"
"14";"Keputusan Bupati.";"170,05";"281,73999999999995";"251,35000000000014";"263,35000000000014";"612,2";"BCDFEE+BookmanOldStyle";"12,0";"225,89499999999998";"306,1";"0,13101110748121533";"0,2777687030382228";"0,1824403789611237";"False";"BATANG TUBUH";"PASAL 14"
"14";"BAB IV";"284,7";"326,67599999999993";"289,3700000000001";"301,3700000000001";"612,2";"BCDFEE+BookmanOldStyle";"12,0";"305,688";"306,1";"0,0006729826853969855";"0,4650441032342371";"0,06856582816073169";"True";"BATANG TUBUH";"BAB IV"
"14";"PEMOTONGAN TPP";"248,08";"363,28000000000003";"308,3700000000001";"320,3700000000001";"612,2";"BCDFEE+BookmanOldStyle";"12,0";"305,68";"306,1";"0,0006860503103561187";"0,40522704998366543";"0,1881737994119569";"True";"BATANG TUBUH";"BAB IV"
"14";"Bagian Kesatu";"263,08";"348,37600000000003";"346,3700000000001";"358,3700000000001";"612,2";"BCDFEE+BookmanOldStyle";"12,0";"305,728";"306,1";"0,0006076445606011337";"0,4297288467820973";"0,13932701731460315";"False";"BATANG TUBUH";"BAGIAN KESATU"
"14";"Pemotongan TPP Berdasarkan Produktivitas Kerja";"158,45";"452,64199999999994";"365,3700000000001";"377,3700000000001";"612,2";"BCDFEE+BookmanOldStyle";"12,0";"305,54599999999994";"306,1";"0,0009049330284222268";"0,25882064684743544";"0,48054884024828476";"False";"BATANG TUBUH";"BAGIAN KESATU"
"14";"Pasal 17";"280,9";"330,724";"403,4000000000001";"415,40000000000003";"612,2";"BCDFEE+BookmanOldStyle";"11,999999999999943";"305,812";"306,1";"0,00047043449852991";"0,4588369813786344";"0,08138516824567137";"False";"BATANG TUBUH";"PASAL 17"
"14";"(1) Persentase besaran pemotongan TPP komponen";"170,05";"541,0719999999999";"441,6";"453,6";"612,2";"BCDFEE+BookmanOldStyle";"12,0";"355,5609999999999";"306,1";"0,08079222476314912";"0,2777687030382228";"0,6060470434498527";"False";"BATANG TUBUH";"PASAL 17"
"14";"produktivitas kerja sebagaimana dimaksud dalam Pasal 5";"191,45";"541,22";"458,6";"470,6";"612,2";"BCDFEE+BookmanOldStyle";"12,0";"366,33500000000004";"306,1";"0,09839104867690299";"0,3127245998039856";"0,5713328977458347";"False";"BATANG TUBUH";"PASAL 17"
"14";"ayat (1) huruf a sebesar 80% (delapan puluh persen) dari";"191,45";"540,7679999999999";"475,6";"487,6";"612,2";"BCDFEE+BookmanOldStyle";"12,0";"366,1089999999999";"306,1";"0,09802188827180643";"0,3127245998039856";"0,5705945769356418";"False";"BATANG TUBUH";"PASAL 17"
"14";"potensi TPP yang diterima.";"191,45";"348,38599999999997";"492,62000000000006";"504,62000000000006";"612,2";"BCDFEE+BookmanOldStyle";"12,0";"269,918";"306,1";"0,05910160078405752";"0,3127245998039856";"0,2563475988239137";"False";"BATANG TUBUH";"PASAL 17"
"14";"(2) Persentase komponen produktivitas kerja sebagaimana";"170,05";"540,962";"511,62000000000006";"523,6200000000001";"612,2";"BCDFEE+BookmanOldStyle";"12,0";"355,506";"306,1";"0,08070238484155495";"0,2777687030382228";"0,6058673636066644";"False";"BATANG TUBUH";"PASAL 17"
"14";"dimaksud pada ayat (1) meliputi:";"191,45";"385,77799999999996";"528,6200000000001";"540,6200000000001";"612,2";"BCDFEE+BookmanOldStyle";"12,0";"288,614";"306,1";"0,02856256125449207";"0,3127245998039856";"0,3174256778830447";"False";"BATANG TUBUH";"PASAL 17"
"14";"a. hasil kinerja individu terdiri atas:";"191,45";"409,82599999999996";"547,6200000000001";"559,6200000000001";"612,2";"BCDFEE+BookmanOldStyle";"12,0";"300,638";"306,1";"0,008921920940869072";"0,3127245998039856";"0,3567069585102907";"False";"BATANG TUBUH";"PASAL 17"
"14";"1. pemenuhan laporan dengan persentase sebesar";"212,68";"540,936";"566,6200000000001";"578,6200000000001";"612,2";"BCDFEE+BookmanOldStyle";"12,0";"376,808";"306,1";"0,11549820320156806";"0,3474028095393662";"0,5361907873244038";"False";"BATANG TUBUH";"PASAL 17"
"14";"20% (dua puluh persen) dari potensi TPP yang";"233,88";"541,0640000000001";"583,82";"595,82";"612,2";"BCDFEE+BookmanOldStyle";"12,0";"387,47200000000004";"306,1";"0,1329173472721333";"0,3820320156811499";"0,5017706631819667";"False";"BATANG TUBUH";"PASAL 17"
"14";"diterima;";"233,88";"286,53999999999996";"600,85";"612,85";"612,2";"BCDFEE+BookmanOldStyle";"12,0";"260,21";"306,1";"0,07495916367200268";"0,3820320156811499";"0,08601764129369481";"False";"BATANG TUBUH";"PASAL 17"
"14";"2. buku kerja harian elektronik dengan persentase";"212,68";"540,864";"619,85";"631,85";"612,2";"BCDFEE+BookmanOldStyle";"12,0";"376,77200000000005";"306,1";"0,1154393988892519";"0,3474028095393662";"0,5360731786997713";"False";"BATANG TUBUH";"PASAL 17"
"14";"sebesar 40% (empat puluh persen) dari potensi TPP";"233,88";"541,11";"636,85";"648,85";"612,2";"BCDFEE+BookmanOldStyle";"12,0";"387,495";"306,1";"0,13295491669389084";"0,3820320156811499";"0,5018458020254819";"False";"BATANG TUBUH";"PASAL 17"
"14";"yang diterima.";"233,88";"318,05999999999995";"653,85";"665,85";"612,2";"BCDFEE+BookmanOldStyle";"12,0";"275,96999999999997";"306,1";"0,04921594250245026";"0,3820320156811499";"0,13750408363279965";"False";"BATANG TUBUH";"PASAL 17"
"14";"b. hasil kinerja organisasi dengan persentase sebesar";"191,45";"540,8040000000001";"672,85";"684,85";"612,2";"BCDFEE+BookmanOldStyle";"12,0";"366,12700000000007";"306,1";"0,09805129042796479";"0,3127245998039856";"0,5706533812479583";"False";"BATANG TUBUH";"PASAL 17"
"14";"20% (dua puluh persen) dari potensi TPP yang";"212,68";"541,106";"689,85";"701,85";"612,2";"BCDFEE+BookmanOldStyle";"12,0";"376,89300000000003";"306,1";"0,11563704671675923";"0,3474028095393662";"0,536468474354786";"False";"BATANG TUBUH";"PASAL 17"
"14";"diterima.";"212,68";"265,32";"706,87";"718,87";"612,2";"BCDFEE+BookmanOldStyle";"12,0";"239,0";"306,1";"0,10960470434498533";"0,3474028095393662";"0,08598497223129693";"False";"BATANG TUBUH";"PASAL 17"
"14";"Pasal 18";"280,9";"330,73999999999995";"745,07";"757,07";"612,2";"BCDFEE+BookmanOldStyle";"12,0";"305,81999999999994";"306,1";"0,0004573668735708696";"0,4588369813786344";"0,08141130349558963";"False";"BATANG TUBUH";"PASAL 18"
"14";"(1) Persentase besaran komponen pemenuhan laporan";"170,05";"540,938";"783,07";"795,07";"612,2";"BCDFEE+BookmanOldStyle";"12,0";"355,494";"306,1";"0,0806827834041163";"0,2777687030382228";"0,6058281607317869";"False";"BATANG TUBUH";"PASAL 18"
"14";"sebagaimana dimaksud dalam Pasal 17 ayat (2) huruf a";"191,45";"540,966";"800,07";"812,07";"612,2";"BCDFEE+BookmanOldStyle";"12,0";"366,20799999999997";"306,1";"0,09818360013067616";"0,3127245998039856";"0,5709180006533813";"False";"BATANG TUBUH";"PASAL 18"
"14";"angka 1 berupa surat pemberitahuan tahunan pajak";"191,45";"541,142";"817,1";"829,1";"612,2";"BCDFEE+BookmanOldStyle";"12,0";"366,29600000000005";"306,1";"0,09832734400522708";"0,3127245998039856";"0,5712054884024829";"False";"BATANG TUBUH";"PASAL 18"
"14";"penghasilan sebesar 20% (dua puluh persen).";"191,45";"460,4479999999999";"834,1";"846,1";"612,2";"BCDFEE+BookmanOldStyle";"12,0";"325,94899999999996";"306,1";"0,03242241097680485";"0,3127245998039856";"0,43939562234563856";"False";"BATANG TUBUH";"PASAL 18"
"15";"15";"298,7";"313,53999999999996";"35,90000000000009";"47,90000000000009";"612,2";"BCDFEE+BookmanOldStyle";"12,0";"306,12";"306,1";"3,266906239787947e-05";"0,4879124469127735";"0,02424044429924857";"False";"BATANG TUBUH";"PASAL 18"
"15";"(2) ASN yang tidak melaporkan tepat waktu ketentuan pada";"170,05";"541,046";"72,92000000000007";"84,92000000000007";"612,2";"BCDFEE+BookmanOldStyle";"12,0";"355,548";"306,1";"0,08077098987259061";"0,2777687030382228";"0,6060045736687357";"False";"BATANG TUBUH";"PASAL 18"
"15";"ayat (1) sesuai ketentuan peraturan perundang-undangan";"191,45";"541,406";"89,92000000000007";"101,92000000000007";"612,2";"BCDFEE+BookmanOldStyle";"12,0";"366,428";"306,1";"0,0985429598170532";"0,3127245998039856";"0,5716367200261352";"False";"BATANG TUBUH";"PASAL 18"
"15";"tidak diberikan TPP komponen pemenuhan laporan";"191,45";"541,13";"106,92000000000007";"118,92000000000007";"612,2";"BCDFEE+BookmanOldStyle";"12,0";"366,28999999999996";"306,1";"0,09831754328650757";"0,3127245998039856";"0,571185886965044";"False";"BATANG TUBUH";"PASAL 18"
"15";"sampai yang bersangkutan melaksanakan kewajibannya.";"191,45";"529,2020000000001";"123,72000000000014";"135,72000000000014";"612,2";"BCDFEE+BookmanOldStyle";"12,0";"360,326";"306,1";"0,08857562887945115";"0,3127245998039856";"0,5517020581509312";"False";"BATANG TUBUH";"PASAL 18"
"15";"(3) Pemenuhan tepat waktu atas surat pemberitahuan";"170,05";"541,2799999999999";"142,72000000000014";"154,72000000000014";"612,2";"BCDFEE+BookmanOldStyle";"12,0";"355,66499999999996";"306,1";"0,08096210388761832";"0,2777687030382228";"0,606386801698791";"False";"BATANG TUBUH";"PASAL 18"
"15";"tahunan pajak penghasilan sebagaimana dimaksud pada";"191,45";"540,968";"159,55000000000007";"171,55000000000007";"612,2";"BCDFEE+BookmanOldStyle";"12,0";"366,20899999999995";"306,1";"0,09818523358379601";"0,3127245998039856";"0,5709212675596209";"False";"BATANG TUBUH";"PASAL 18"
"15";"ayat (2), didasarkan pada indikator berupa tanggal pada";"191,45";"540,962";"176,55000000000007";"188,55000000000007";"612,2";"BCDFEE+BookmanOldStyle";"12,0";"366,206";"306,1";"0,09818033322443644";"0,3127245998039856";"0,5709114668409017";"False";"BATANG TUBUH";"PASAL 18"
"15";"bukti penyampaian surat pemberitahuan tahunan pajak";"191,45";"541,056";"193,35000000000014";"205,35000000000014";"612,2";"BCDFEE+BookmanOldStyle";"12,0";"366,25300000000004";"306,1";"0,09825710552107157";"0,3127245998039856";"0,5710650114341719";"False";"BATANG TUBUH";"PASAL 18"
"15";"penghasilan.";"191,45";"266,642";"210,35000000000014";"222,35000000000014";"612,2";"BCDFEE+BookmanOldStyle";"12,0";"229,046";"306,1";"0,12586409670042473";"0,3127245998039856";"0,12282260699117936";"False";"BATANG TUBUH";"PASAL 18"
"15";"(4) Tanggal sebagaimana dimaksud pada ayat (3) adalah";"170,05";"541,242";"229,1500000000001";"241,1500000000001";"612,2";"BCDFEE+BookmanOldStyle";"12,0";"355,64599999999996";"306,1";"0,0809310682783403";"0,2777687030382228";"0,606324730480235";"False";"BATANG TUBUH";"PASAL 18"
"15";"tanggal sebelum jatuh tempo pada tahun berjalan sesuai";"191,45";"541,22";"246,1500000000001";"258,1500000000001";"612,2";"BCDFEE+BookmanOldStyle";"12,0";"366,33500000000004";"306,1";"0,09839104867690299";"0,3127245998039856";"0,5713328977458347";"False";"BATANG TUBUH";"PASAL 18"
"15";"ketentuan peraturan perundang-undangan dan berlaku";"191,45";"541,302";"262,97000000000014";"274,97000000000014";"612,2";"BCDFEE+BookmanOldStyle";"12,0";"366,376";"306,1";"0,0984580202548186";"0,3127245998039856";"0,5714668409016661";"False";"BATANG TUBUH";"PASAL 18"
"15";"secara periodik.";"191,45";"284,65399999999994";"279,97000000000014";"291,97000000000014";"612,2";"BCDFEE+BookmanOldStyle";"12,0";"238,05199999999996";"306,1";"0,11115321790264628";"0,3127245998039856";"0,15224436458673626";"False";"BATANG TUBUH";"PASAL 18"
"15";"Pasal 19";"281,1";"330,94";"317,7700000000001";"329,7700000000001";"612,2";"BCDFEE+BookmanOldStyle";"12,0";"306,02";"306,1";"0,00013067624959170357";"0,45916367200261354";"0,08141130349558963";"False";"BATANG TUBUH";"PASAL 19"
"15";"(1) Buku kerja harian elektronik sebagaimana dimaksud dalam";"170,05";"541,454";"355,57000000000005";"367,57000000000005";"612,2";"BCDFEE+BookmanOldStyle";"12,0";"355,75199999999995";"306,1";"0,08110421430904921";"0,2777687030382228";"0,606671022541653";"False";"BATANG TUBUH";"PASAL 19"
"15";"Pasal 17 ayat (2) huruf a angka 2 dinilai berdasarkan";"191,45";"540,8659999999998";"372,4000000000001";"384,4000000000001";"612,2";"BCDFEE+BookmanOldStyle";"12,0";"366,1579999999999";"306,1";"0,09810192747468127";"0,3127245998039856";"0,5707546553413912";"False";"BATANG TUBUH";"PASAL 17"
"15";"waktu capaian kinerja yang diisikan pada Siapkerja yang";"191,45";"540,906";"389,4000000000001";"401,4000000000001";"612,2";"BCDFEE+BookmanOldStyle";"12,0";"366,178";"306,1";"0,09813459653707934";"0,3127245998039856";"0,5708199934661874";"False";"BATANG TUBUH";"PASAL 17"
"15";"telah divalidasi dan disetujui oleh atasan langsung.";"191,45";"495,07400000000007";"406,20000000000005";"418,20000000000005";"612,2";"BCDFEE+BookmanOldStyle";"12,0";"343,26200000000006";"306,1";"0,0607023848415551";"0,3127245998039856";"0,49595557007513896";"False";"BATANG TUBUH";"PASAL 17"
"15";"(2) Waktu capaian kinerja sebagaimana dimaksud pada";"170,05";"540,6980000000001";"425,20000000000005";"437,20000000000005";"612,2";"BCDFEE+BookmanOldStyle";"12,0";"355,374";"306,1";"0,08048676902972884";"0,2777687030382228";"0,6054361319830122";"False";"BATANG TUBUH";"PASAL 17"
"15";"ayat (1) yang tidak memenuhi beban kerja normal";"191,45";"541,3100000000001";"442,00000000000006";"454,00000000000006";"612,2";"BCDFEE+BookmanOldStyle";"12,0";"366,38";"306,1";"0,09846455406729822";"0,3127245998039856";"0,5714799085266253";"False";"BATANG TUBUH";"PASAL 17"
"15";"sebagaimana dimaksud dalam Pasal 11 ayat (2)";"191,45";"541,1840000000001";"459,00000000000006";"471,00000000000006";"612,2";"BCDFEE+BookmanOldStyle";"12,0";"366,317";"306,1";"0,09836164652074482";"0,3127245998039856";"0,5712740934335185";"False";"BATANG TUBUH";"PASAL 17"
"15";"dilakukan pemotongan TPP secara proporsional dari";"191,45";"541,154";"475,82000000000005";"487,82000000000005";"612,2";"BCDFEE+BookmanOldStyle";"12,0";"366,302";"306,1";"0,09833714472394642";"0,3127245998039856";"0,5712250898399216";"False";"BATANG TUBUH";"PASAL 17"
"15";"komponen buku kerja harian elektronik.";"191,45";"432,8039999999999";"492,82000000000005";"504,82000000000005";"612,2";"BCDFEE+BookmanOldStyle";"12,0";"312,12699999999995";"306,1";"0,009844821953609816";"0,3127245998039856";"0,3942404442992485";"False";"BATANG TUBUH";"PASAL 17"
"15";"(3) Beban kerja normal pada bulan Desember ditetapkan";"170,05";"540,9019999999999";"511,62000000000006";"523,6200000000001";"612,2";"BCDFEE+BookmanOldStyle";"12,0";"355,476";"306,1";"0,08065338124795814";"0,2777687030382228";"0,6057693564194706";"False";"BATANG TUBUH";"PASAL 17"
"15";"minimal 5.100 (lima ribu seratus) menit.";"191,45";"430,76";"528,6200000000001";"540,6200000000001";"612,2";"BCDFEE+BookmanOldStyle";"12,0";"311,105";"306,1";"0,008175432865076764";"0,3127245998039856";"0,39090166612218225";"False";"BATANG TUBUH";"PASAL 17"
"15";"(4) Dalam hal SiapKerja sebagaimana dimaksud pada ayat (1)";"170,05";"540,686";"547,6200000000001";"559,6200000000001";"612,2";"BCDFEE+BookmanOldStyle";"12,0";"355,36800000000005";"306,1";"0,08047696831100952";"0,2777687030382228";"0,6054165305455733";"False";"BATANG TUBUH";"PASAL 17"
"15";"rusak atau tidak bisa digunakan yang dibuktikan dengan";"191,45";"541,0799999999999";"564,4200000000001";"576,4200000000001";"612,2";"BCDFEE+BookmanOldStyle";"12,0";"366,265";"306,1";"0,09827670695851022";"0,3127245998039856";"0,5711042143090492";"False";"BATANG TUBUH";"PASAL 17"
"15";"surat keterangan dari Kepala PD atau Unit PD dan";"191,45";"541,1139999999999";"581,4200000000001";"593,4200000000001";"612,2";"BCDFEE+BookmanOldStyle";"12,0";"366,2819999999999";"306,1";"0,09830447566154835";"0,3127245998039856";"0,5711597517151257";"False";"BATANG TUBUH";"PASAL 17"
"15";"diketahui Kepala Badan Kepegawaian dan Pengembangan";"191,45";"540,866";"598,25";"610,25";"612,2";"BCDFEE+BookmanOldStyle";"12,0";"366,158";"306,1";"0,09810192747468145";"0,3127245998039856";"0,5707546553413917";"False";"BATANG TUBUH";"PASAL 17"
"15";"Sumber Daya Manusia, maka pencatatan buku kerja";"191,45";"540,71";"615,25";"627,25";"612,2";"BCDFEE+BookmanOldStyle";"12,0";"366,08000000000004";"306,1";"0,09797451813132965";"0,3127245998039856";"0,5704998366546881";"False";"BATANG TUBUH";"PASAL 17"
"15";"harian elektronik dilakukan secara manual.";"191,45";"450,50600000000003";"632,05";"644,05";"612,2";"BCDFEE+BookmanOldStyle";"12,0";"320,978";"306,1";"0,024302515517804615";"0,3127245998039856";"0,4231558314276381";"False";"BATANG TUBUH";"PASAL 17"
"15";"Pasal 20";"280,9";"330,74";"669,85";"681,85";"612,2";"BCDFEE+BookmanOldStyle";"12,0";"305,82";"306,1";"0,00045736687357077676";"0,4588369813786344";"0,08141130349558973";"False";"BATANG TUBUH";"PASAL 20"
"15";"Hasil kinerja organisasi sebagaimana dimaksud dalam";"170,05";"541,0360000000001";"707,6700000000001";"719,6700000000001";"612,2";"BCDFEE+BookmanOldStyle";"12,0";"355,543";"306,1";"0,08076282260699115";"0,2777687030382228";"0,6059882391375367";"False";"BATANG TUBUH";"PASAL 20"
"15";"Pasal 17 ayat (2) huruf b ditentukan berdasarkan indikator";"170,05";"540,792";"724,6800000000001";"736,6800000000001";"612,2";"BCDFEE+BookmanOldStyle";"12,0";"355,42100000000005";"306,1";"0,08056354132636397";"0,2777687030382228";"0,6055896765762823";"False";"BATANG TUBUH";"PASAL 17"
"15";"dengan presentase sebagai berikut:";"170,05";"378,16599999999994";"741,47";"753,47";"612,2";"BCDFEE+BookmanOldStyle";"12,0";"274,10799999999995";"306,1";"0,05225743221169565";"0,2777687030382228";"0,3399477295001632";"False";"BATANG TUBUH";"PASAL 17"
"15";"a. pemenuhan kewajiban setiap PD atau Unit PD sekaligus";"170,05";"541,0";"760,48";"772,48";"612,2";"BCDFEE+BookmanOldStyle";"12,0";"355,525";"306,1";"0,08073342045083298";"0,2777687030382228";"0,6059294348252204";"False";"BATANG TUBUH";"PASAL 17"
"15";"selaku Pengguna Anggaran atau Kuasa Pengguna";"191,45";"541,0820000000001";"777,27";"789,27";"612,2";"BCDFEE+BookmanOldStyle";"12,0";"366,2660000000001";"306,1";"0,09827834041163026";"0,3127245998039856";"0,5711074812152893";"False";"BATANG TUBUH";"PASAL 17"
"15";"Anggaran dalam pengisian aplikasi e-sakip dari";"191,45";"541,154";"794,28";"806,34";"612,2";"BCDFEE+BookmanOldStyle";"12,000000000000014";"366,302";"306,1";"0,09833714472394642";"0,3127245998039856";"0,5712250898399216";"False";"BATANG TUBUH";"PASAL 17"
"15";"Kementerian Pendayagunaan Aparatur Negara dan";"191,45";"540,8539999999999";"811,1";"823,1";"612,2";"BCDFEE+BookmanOldStyle";"12,0";"366,15199999999993";"306,1";"0,09809212675596195";"0,3127245998039856";"0,5707350539039528";"False";"BATANG TUBUH";"PASAL 17"
"15";"Reformasi Birokrasi sebesar 10% (sepuluh persen);";"191,45";"491,594";"828,1";"840,1";"612,2";"BCDFEE+BookmanOldStyle";"12,0";"341,522";"306,1";"0,05786017641293689";"0,3127245998039856";"0,4902711532179026";"False";"BATANG TUBUH";"PASAL 17"
"16";"16";"298,7";"313,53999999999996";"35,90000000000009";"47,90000000000009";"612,2";"BCDFEE+BookmanOldStyle";"12,0";"306,12";"306,1";"3,266906239787947e-05";"0,4879124469127735";"0,02424044429924857";"False";"BATANG TUBUH";"PASAL 17"
"16";"b. pemenuhan kewajiban setiap PD atau Unit PD sekaligus";"170,05";"540,7940000000001";"72,92000000000007";"84,92000000000007";"612,2";"BCDFEE+BookmanOldStyle";"12,0";"355,422";"306,1";"0,08056517477948383";"0,2777687030382228";"0,6055929434825221";"False";"BATANG TUBUH";"PASAL 17"
"16";"selaku Pengguna Anggaran atau Kuasa Pengguna";"191,45";"541,0820000000001";"92,73000000000013";"104,73000000000013";"612,2";"BCDFEE+BookmanOldStyle";"12,0";"366,2660000000001";"306,1";"0,09827834041163026";"0,3127245998039856";"0,5711074812152893";"False";"BATANG TUBUH";"PASAL 17"
"16";"Anggaran dalam pengisian Rencana Umum Pengadaan";"191,45";"541,468";"112,5200000000001";"124,5200000000001";"612,2";"BCDFEE+BookmanOldStyle";"12,0";"366,45899999999995";"306,1";"0,09859359686376988";"0,3127245998039856";"0,5717379941195687";"False";"BATANG TUBUH";"PASAL 17"
"16";"PD pada aplikasi Sistem Informasi Rencana Umum";"191,45";"540,8299999999999";"132,12000000000012";"144,12000000000012";"612,2";"BCDFEE+BookmanOldStyle";"12,0";"366,14";"306,1";"0,09807252531852328";"0,3127245998039856";"0,5706958510290753";"False";"BATANG TUBUH";"PASAL 17"
"16";"Pengadaan (SiRUP) dari Lembaga Kebijakan Pengadaan";"191,45";"540,9019999999999";"151,95000000000005";"163,95000000000005";"612,2";"BCDFEE+BookmanOldStyle";"12,0";"366,17599999999993";"306,1";"0,09813132963083944";"0,3127245998039856";"0,5708134596537078";"False";"BATANG TUBUH";"PASAL 17"
"16";"Barang/Jasa Pemerintah sebesar 10% (sepuluh persen).";"191,45";"523,62";"171,7500000000001";"183,7500000000001";"612,2";"BCDFEE+BookmanOldStyle";"12,0";"357,53499999999997";"306,1";"0,08401666122182284";"0,3127245998039856";"0,5425841228356746";"False";"BATANG TUBUH";"PASAL 17"
"16";"Bagian Kedua";"264,88";"346,792";"215,1500000000001";"227,1500000000001";"612,2";"BCDFEE+BookmanOldStyle";"12,0";"305,836";"306,1";"0,0004312316236524175";"0,43266906239790914";"0,13379941195687678";"False";"BATANG TUBUH";"BAGIAN KEDUA"
"16";"Pemotongan TPP Berdasarkan Disiplin Kerja";"175,05";"436,686";"236,7500000000001";"248,7500000000001";"612,2";"BCDFEE+BookmanOldStyle";"12,0";"305,868";"306,1";"0,00037896112381579175";"0,2859359686377001";"0,42737014047696825";"False";"BATANG TUBUH";"BAGIAN KEDUA"
"16";"Pasal 21";"281,1";"330,92400000000004";"280,3700000000001";"292,3700000000001";"612,2";"BCDFEE+BookmanOldStyle";"12,0";"306,01200000000006";"306,1";"0,00014374387455074394";"0,45916367200261354";"0,08138516824567137";"False";"BATANG TUBUH";"PASAL 21"
"16";"(1) Persentase besaran pemotongan TPP komponen kehadiran";"170,05";"540,956";"323,7700000000001";"335,7700000000001";"612,2";"BCDFEE+BookmanOldStyle";"12,0";"355,50300000000004";"306,1";"0,0806974844821954";"0,2777687030382228";"0,6058575628879451";"False";"BATANG TUBUH";"PASAL 21"
"16";"kerja sebagaimana dimaksud dalam Pasal 5 ayat (3)";"191,45";"540,7099999999999";"343,3700000000001";"355,3700000000001";"612,2";"BCDFEE+BookmanOldStyle";"12,0";"366,0799999999999";"306,1";"0,09797451813132947";"0,3127245998039856";"0,5704998366546878";"False";"BATANG TUBUH";"PASAL 21"
"16";"huruf a sebesar 20% (dua puluh persen) dari potensi TPP";"191,45";"540,41";"363,18000000000006";"375,18000000000006";"612,2";"BCDFEE+BookmanOldStyle";"12,0";"365,92999999999995";"306,1";"0,09772950016334518";"0,3127245998039856";"0,5700098007187193";"False";"BATANG TUBUH";"PASAL 21"
"16";"yang diterima.";"191,45";"275,71999999999997";"383,0000000000001";"395,0000000000001";"612,2";"BCDFEE+BookmanOldStyle";"12,0";"233,58499999999998";"306,1";"0,11844985298921927";"0,3127245998039856";"0,1376510944135903";"False";"BATANG TUBUH";"PASAL 21"
"16";"(2) Setiap ASN wajib memenuhi kehadiran kerja sebanyak";"170,05";"540,5899999999999";"404,6";"416,6";"612,2";"BCDFEE+BookmanOldStyle";"12,0";"355,31999999999994";"306,1";"0,08039856256125434";"0,2777687030382228";"0,6052597190460631";"False";"BATANG TUBUH";"PASAL 21"
"16";"7,5 (tujuh koma lima) jam perhari atau 37,5 (tiga puluh";"191,45";"540,674";"424,40000000000003";"436,40000000000003";"612,2";"BCDFEE+BookmanOldStyle";"12,0";"366,062";"306,1";"0,09794511597517148";"0,3127245998039856";"0,5704410323423718";"False";"BATANG TUBUH";"PASAL 21"
"16";"tujuh koma lima) jam perminggu.";"191,45";"389,00799999999987";"444,00000000000006";"456,00000000000006";"612,2";"BCDFEE+BookmanOldStyle";"12,0";"290,2289999999999";"306,1";"0,02592453446586098";"0,3127245998039856";"0,3227017314603069";"False";"BATANG TUBUH";"PASAL 21"
"16";"(3) Kehadiran kerja sebagaimana dimaksud pada ayat (2)";"170,05";"540,98";"465,8";"477,8";"612,2";"BCDFEE+BookmanOldStyle";"12,0";"355,515";"306,1";"0,08071708591963404";"0,2777687030382228";"0,6058967657628226";"False";"BATANG TUBUH";"PASAL 21"
"16";"merupakan tanggung jawab atasan langsung yang";"191,45";"541,202";"485,62000000000006";"497,62000000000006";"612,2";"BCDFEE+BookmanOldStyle";"12,0";"366,326";"306,1";"0,09837634759882391";"0,3127245998039856";"0,5713034955896765";"False";"BATANG TUBUH";"PASAL 21"
"16";"bersangkutan secara berjenjang.";"191,45";"383,9539999999999";"505,23";"517,23";"612,2";"BCDFEE+BookmanOldStyle";"12,0";"287,70199999999994";"306,1";"0,030052270499836786";"0,3127245998039856";"0,31444625939235527";"False";"BATANG TUBUH";"PASAL 21"
"16";"(4) Hari dan jam kerja sebagaimana dimaksud pada";"170,05";"540,47";"527,02";"539,02";"612,2";"BCDFEE+BookmanOldStyle";"12,0";"355,26";"306,1";"0,08030055537406071";"0,2777687030382228";"0,6050637046716759";"False";"BATANG TUBUH";"PASAL 21"
"16";"ayat (2) diatur dalam Peraturan Bupati tersendiri,";"191,45";"540,986";"546,6200000000001";"558,6200000000001";"612,2";"BCDFEE+BookmanOldStyle";"12,0";"366,21799999999996";"306,1";"0,0981999346618751";"0,3127245998039856";"0,5709506697157791";"False";"BATANG TUBUH";"PASAL 21"
"16";"kecuali ditentukan lain dalam ketentuan peraturan";"191,45";"540,6139999999999";"566,4200000000001";"578,4200000000001";"612,2";"BCDFEE+BookmanOldStyle";"12,0";"366,0319999999999";"306,1";"0,09789611238157449";"0,3127245998039856";"0,5703430251551779";"False";"BATANG TUBUH";"PASAL 21"
"16";"perundang-undangan.";"191,45";"323,84799999999996";"586,25";"598,25";"612,2";"BCDFEE+BookmanOldStyle";"12,0";"257,649";"306,1";"0,07914243711205492";"0,3127245998039856";"0,2162659261679189";"False";"BATANG TUBUH";"PASAL 21"
"16";"(5) Kehadiran kerja sebagaimana dimaksud pada ayat (2)";"170,05";"540,98";"607,85";"619,85";"612,2";"BCDFEE+BookmanOldStyle";"12,0";"355,515";"306,1";"0,08071708591963404";"0,2777687030382228";"0,6058967657628226";"False";"BATANG TUBUH";"PASAL 21"
"16";"dibuktikan dengan menggunakan mesin presensi";"191,45";"540,446";"627,6500000000001";"639,6500000000001";"612,2";"BCDFEE+BookmanOldStyle";"12,0";"365,948";"306,1";"0,09775890231950335";"0,3127245998039856";"0,5700686050310356";"False";"BATANG TUBUH";"PASAL 21"
"16";"elektronik atau aplikasi absensi dengan teknologi global";"191,45";"540,8820000000001";"647,25";"659,3100000000001";"612,2";"BCDFEE+BookmanOldStyle";"12,0";"366,16600000000005";"306,1";"0,09811499509964068";"0,3127245998039856";"0,5707807905913101";"False";"BATANG TUBUH";"PASAL 21"
"16";"positioning system dan dilakukan waktu masuk kerja dan";"191,45";"540,7679999999999";"667,0500000000001";"679,11";"612,2";"BCDGEE+BookmanOldStyle-Italic";"11,999999999999972";"366,1089999999999";"306,1";"0,09802188827180643";"0,3127245998039856";"0,5705945769356418";"False";"BATANG TUBUH";"PASAL 21"
"16";"waktu pulang kerja.";"191,45";"309,53999999999996";"686,85";"698,85";"612,2";"BCDFEE+BookmanOldStyle";"12,0";"250,49499999999998";"306,1";"0,09082816073178707";"0,3127245998039856";"0,1928944789284547";"False";"BATANG TUBUH";"PASAL 21"
"16";"(6) Dalam hal mesin presensi elektronik atau aplikasi absensi";"170,05";"540,7580000000002";"708,48";"720,48";"612,2";"BCDFEE+BookmanOldStyle";"12,0";"355,4040000000001";"306,1";"0,08053577262332584";"0,2777687030382228";"0,605534139170206";"False";"BATANG TUBUH";"PASAL 21"
"16";"dengan teknologi global positioning system sebagaimana";"191,45";"540,8580000000001";"728,27";"740,33";"612,2";"BCDFEE+BookmanOldStyle";"12,0";"366,154";"306,1";"0,09809539366220184";"0,3127245998039856";"0,5707415877164326";"False";"BATANG TUBUH";"PASAL 21"
"16";"dimaksud pada ayat (5) rusak atau tidak bisa digunakan";"191,45";"540,804";"748,07";"760,07";"612,2";"BCDFEE+BookmanOldStyle";"12,0";"366,12699999999995";"306,1";"0,0980512904279646";"0,3127245998039856";"0,5706533812479582";"False";"BATANG TUBUH";"PASAL 21"
"16";"yang dibuktikan dengan surat keterangan dari Kepala PD";"191,45";"540,5939999999999";"767,6800000000001";"779,6800000000001";"612,2";"BCDFEE+BookmanOldStyle";"12,0";"366,02199999999993";"306,1";"0,09787977785037555";"0,3127245998039856";"0,57031035609278";"False";"BATANG TUBUH";"PASAL 21"
"16";"atau Unit PD dan diketahui Kepala Dinas Komunikasi";"191,45";"540,686";"787,48";"799,48";"612,2";"BCDFEE+BookmanOldStyle";"12,0";"366,068";"306,1";"0,09795491669389081";"0,3127245998039856";"0,5704606337798106";"False";"BATANG TUBUH";"PASAL 21"
"16";"dan Informatika, maka pencatatan kehadiran kerja";"191,45";"540,7339999999999";"807,1";"819,1";"612,2";"BCDFEE+BookmanOldStyle";"12,0";"366,092";"306,1";"0,0979941195687683";"0,3127245998039856";"0,5705390395295653";"False";"BATANG TUBUH";"PASAL 21"
"16";"menggunakan presensi manual.";"191,45";"380,96999999999997";"826,9000000000001";"838,9000000000001";"612,2";"BCDFEE+BookmanOldStyle";"12,0";"286,21";"306,1";"0,032489382554720746";"0,3127245998039856";"0,3095720352825873";"False";"BATANG TUBUH";"PASAL 21"
"17";"17";"298,7";"313,53999999999996";"35,90000000000009";"47,90000000000009";"612,2";"BCDFEE+BookmanOldStyle";"12,0";"306,12";"306,1";"3,266906239787947e-05";"0,4879124469127735";"0,02424044429924857";"False";"BATANG TUBUH";"PASAL 21"
"17";"Pasal 22";"281,1";"330,94";"72,92000000000007";"84,92000000000007";"612,2";"BCDFEE+BookmanOldStyle";"12,0";"306,02";"306,1";"0,00013067624959170357";"0,45916367200261354";"0,08141130349558963";"False";"BATANG TUBUH";"PASAL 22"
"17";"(1) Pemotongan TPP dari kehadiran kerja ditentukan dengan";"170,05";"540,9919999999998";"114,32000000000005";"126,32000000000005";"612,2";"BCDFEE+BookmanOldStyle";"12,0";"355,52099999999996";"306,1";"0,08072688663835337";"0,2777687030382228";"0,605916367200261";"False";"BATANG TUBUH";"PASAL 22"
"17";"indikator sebagai berikut:";"191,45";"342,99799999999993";"132,93000000000006";"144,93000000000006";"612,2";"BCDFEE+BookmanOldStyle";"12,0";"267,22399999999993";"306,1";"0,06350212348905601";"0,3127245998039856";"0,2475465534139169";"False";"BATANG TUBUH";"PASAL 22"
"17";"a. terlambat masuk kerja;";"191,45";"350,45399999999995";"153,55000000000007";"165,55000000000007";"612,2";"BCDFEE+BookmanOldStyle";"12,0";"270,952";"306,1";"0,05741261025808563";"0,3127245998039856";"0,2597255798758575";"False";"BATANG TUBUH";"PASAL 22"
"17";"b. pulang lebih awal; dan/atau";"191,45";"380,50000000000006";"174,1500000000001";"186,1500000000001";"612,2";"BCDFEE+BookmanOldStyle";"12,0";"285,975";"306,1";"0,03287324403789611";"0,3127245998039856";"0,3088043123162366";"False";"BATANG TUBUH";"PASAL 22"
"17";"c. tidak hadir.";"191,45";"281,476";"194,7500000000001";"206,7500000000001";"612,2";"BCDFEE+BookmanOldStyle";"12,0";"236,463";"306,1";"0,11374877491016011";"0,3127245998039856";"0,1470532505717086";"False";"BATANG TUBUH";"PASAL 22"
"17";"(2) Persentase perhitungan kehadiran kerja sebagaimana";"170,05";"540,988";"215,35000000000014";"227,35000000000014";"612,2";"BCDFEE+BookmanOldStyle";"12,0";"355,519";"306,1";"0,08072361973211366";"0,2777687030382228";"0,6059098333877818";"False";"BATANG TUBUH";"PASAL 22"
"17";"dimaksud pada ayat (1) setiap bulan wajib dicetak melalui";"191,45";"540,8900000000002";"233,95000000000005";"245,95000000000005";"612,2";"BCDFEE+BookmanOldStyle";"12,0";"366,1700000000001";"306,1";"0,0981215289121203";"0,3127245998039856";"0,5707938582162695";"False";"BATANG TUBUH";"PASAL 22"
"17";"sistem informasi manajemen kehadiran kerja di setiap PD";"191,45";"540,8179999999999";"252,55000000000007";"264,55000000000007";"612,2";"BCDFEE+BookmanOldStyle";"12,0";"366,1339999999999";"306,1";"0,09806272459980378";"0,3127245998039856";"0,5706762495916364";"False";"BATANG TUBUH";"PASAL 22"
"17";"atau Unit PD, dan dilaporkan kepada Badan Kepegawaian";"191,45";"541,1459999999998";"271,18000000000006";"283,18000000000006";"612,2";"BCDFEE+BookmanOldStyle";"12,0";"366,2979999999999";"306,1";"0,09833061091146661";"0,3127245998039856";"0,5712120222149621";"False";"BATANG TUBUH";"PASAL 22"
"17";"dan Pengembangan Sumber Daya Manusia dalam bentuk";"191,45";"540,938";"289,7700000000001";"301,7700000000001";"612,2";"BCDFEE+BookmanOldStyle";"12,0";"366,19399999999996";"306,1";"0,09816073178699761";"0,3127245998039856";"0,5708722639660241";"False";"BATANG TUBUH";"PASAL 22"
"17";"softcopy dan hardcopy.";"191,45";"326,632";"308,3700000000001";"320,43000000000006";"612,2";"BCDGEE+BookmanOldStyle-Italic";"12,0";"259,041";"306,1";"0,07686867036916044";"0,3127245998039856";"0,22081345965370794";"False";"BATANG TUBUH";"PASAL 22"
"17";"(3) ASN yang melaksanakan tugas atau bekerja di luar hari";"170,05";"540,8779999999998";"328,98000000000013";"340,98000000000013";"612,2";"BCDFEE+BookmanOldStyle";"12,0";"355,46399999999994";"306,1";"0,0806337798105193";"0,2777687030382228";"0,6057301535445929";"False";"BATANG TUBUH";"PASAL 22"
"17";"dan/atau jam kerja sebagaimana dimaksud dalam";"191,45";"540,8299999999999";"347,57000000000005";"359,57000000000005";"612,2";"BCDFEE+BookmanOldStyle";"12,0";"366,14";"306,1";"0,09807252531852328";"0,3127245998039856";"0,5706958510290753";"False";"BATANG TUBUH";"PASAL 22"
"17";"Pasal 21 ayat (4) dihitung sebagai petugas piket/kerja";"191,45";"540,77";"366,18000000000006";"378,18000000000006";"612,2";"BCDFEE+BookmanOldStyle";"12,0";"366,11";"306,1";"0,09802352172492647";"0,3127245998039856";"0,5705978438418817";"False";"BATANG TUBUH";"PASAL 21"
"17";"khusus oleh Kepala PD atau Unit PD atau pejabat yang";"191,45";"541,192";"384,80000000000007";"396,80000000000007";"612,2";"BCDFEE+BookmanOldStyle";"12,0";"366,321";"306,1";"0,09836818033322443";"0,3127245998039856";"0,5712871610584777";"False";"BATANG TUBUH";"PASAL 21"
"17";"berwenang dengan ketentuan capaian jam kerja kumulatif";"191,45";"540,7100000000002";"403,4000000000001";"415,40000000000003";"612,2";"BCDFEE+BookmanOldStyle";"11,999999999999943";"366,08000000000004";"306,1";"0,09797451813132965";"0,3127245998039856";"0,5704998366546883";"False";"BATANG TUBUH";"PASAL 21"
"17";"tidak kurang dari kewajiban kehadiran kerja sebagaimana";"191,45";"540,9259999999999";"422,00000000000006";"434,00000000000006";"612,2";"BCDFEE+BookmanOldStyle";"12,0";"366,188";"306,1";"0,09815093106827828";"0,3127245998039856";"0,5708526625285852";"False";"BATANG TUBUH";"PASAL 21"
"17";"dimaksud dalam Pasal 21 ayat (2).";"191,45";"394,7659999999999";"440,6";"452,6";"612,2";"BCDFEE+BookmanOldStyle";"12,0";"293,10799999999995";"306,1";"0,021221822933681925";"0,3127245998039856";"0,332107154524665";"False";"BATANG TUBUH";"PASAL 21"
"17";"Pasal 23";"281,1";"330,94";"481,82000000000005";"493,82000000000005";"612,2";"BCDFEE+BookmanOldStyle";"12,0";"306,02";"306,1";"0,00013067624959170357";"0,45916367200261354";"0,08141130349558963";"False";"BATANG TUBUH";"PASAL 23"
"17";"(1) Terlambat masuk kerja sebagaimana dimaksud dalam";"170,05";"540,8299999999999";"523,02";"535,02";"612,2";"BCDFEE+BookmanOldStyle";"12,0";"355,43999999999994";"306,1";"0,0805945769356418";"0,2777687030382228";"0,6056517477948381";"False";"BATANG TUBUH";"PASAL 23"
"17";"Pasal 22 ayat (1) huruf a, dilakukan pemotongan TPP";"191,45";"540,8240000000001";"541,6200000000001";"553,6200000000001";"612,2";"BCDFEE+BookmanOldStyle";"12,0";"366,13700000000006";"306,1";"0,09806762495916373";"0,3127245998039856";"0,5706860503103561";"False";"BATANG TUBUH";"PASAL 22"
"17";"dengan ketentuan sebagai berikut:";"191,45";"396,3619999999999";"560,4200000000001";"572,4200000000001";"612,2";"BCDFEE+BookmanOldStyle";"12,0";"293,90599999999995";"306,1";"0,019918327344005345";"0,3127245998039856";"0,33471414570401814";"False";"BATANG TUBUH";"PASAL 22"
"17";"a. dalam rentang waktu 1 (satu) menit sampai dengan";"191,45";"540,6640000000001";"581,02";"593,02";"612,2";"BCDFEE+BookmanOldStyle";"12,0";"366,057";"306,1";"0,09793694870957202";"0,3127245998039856";"0,570424697811173";"False";"BATANG TUBUH";"PASAL 22"
"17";"10 (sepuluh) menit, dipotong sebesar 0,5% (nol koma";"212,68";"541,0600000000002";"599,6500000000001";"611,6500000000001";"612,2";"BCDFEE+BookmanOldStyle";"12,0";"376,8700000000001";"306,1";"0,11559947729500178";"0,3474028095393662";"0,5363933355112711";"False";"BATANG TUBUH";"PASAL 22"
"17";"lima persen) untuk setiap kali terlambat;";"212,68";"453,748";"618,25";"630,25";"612,2";"BCDFEE+BookmanOldStyle";"12,0";"333,214";"306,1";"0,04428944789284543";"0,3474028095393662";"0,39377327670695844";"False";"BATANG TUBUH";"PASAL 22"
"17";"b. dalam rentang waktu 11 (sebelas) menit sampai";"191,45";"541,258";"638,85";"650,85";"612,2";"BCDFEE+BookmanOldStyle";"12,0";"366,35400000000004";"306,1";"0,09842208428618102";"0,3127245998039856";"0,5713949689643908";"False";"BATANG TUBUH";"PASAL 22"
"17";"dengan 30 (tiga puluh) menit, dipotong sebesar";"212,68";"540,9639999999999";"657,45";"669,45";"612,2";"BCDFEE+BookmanOldStyle";"12,0";"376,822";"306,1";"0,11552107154524661";"0,3474028095393662";"0,5362365240117607";"False";"BATANG TUBUH";"PASAL 22"
"17";"0,75% (nol koma tujuh puluh lima persen) untuk";"212,68";"540,8560000000001";"676,0500000000001";"688,0500000000001";"612,2";"BCDFEE+BookmanOldStyle";"12,0";"376,76800000000003";"306,1";"0,11543286507677229";"0,3474028095393662";"0,5360601110748123";"False";"BATANG TUBUH";"PASAL 22"
"17";"setiap kali terlambat;";"212,68";"337,43199999999996";"694,6700000000001";"706,6700000000001";"612,2";"BCDFEE+BookmanOldStyle";"12,0";"275,056";"306,1";"0,05070891865403469";"0,3474028095393662";"0,20377654361319822";"False";"BATANG TUBUH";"PASAL 22"
"17";"c. dalam rentang waktu 31 (tiga puluh satu) menit";"191,45";"540,676";"715,27";"727,27";"612,2";"BCDFEE+BookmanOldStyle";"12,0";"366,063";"306,1";"0,09794674942829135";"0,3127245998039856";"0,5704442992486116";"False";"BATANG TUBUH";"PASAL 22"
"17";"sampai dengan 60 (enam puluh) menit, dipotong";"212,68";"541,1320000000001";"733,87";"745,87";"612,2";"BCDFEE+BookmanOldStyle";"12,0";"376,90600000000006";"306,1";"0,11565828160731792";"0,3474028095393662";"0,5365109441359034";"False";"BATANG TUBUH";"PASAL 22"
"17";"sebesar 1% (satu persen) untuk setiap kali terlambat;";"212,68";"528,1999999999999";"752,48";"764,48";"612,2";"BCDFEE+BookmanOldStyle";"12,0";"370,43999999999994";"306,1";"0,10509637373407368";"0,3474028095393662";"0,515387128389415";"False";"BATANG TUBUH";"PASAL 22"
"17";"d. dalam rentang waktu 61 (enam puluh satu) menit";"191,45";"541,096";"773,07";"785,07";"612,2";"BCDFEE+BookmanOldStyle";"12,0";"366,273";"306,1";"0,09828977458346945";"0,3127245998039856";"0,5711303495589677";"False";"BATANG TUBUH";"PASAL 22"
"17";"sampai dengan 120 (seratus dua puluh) menit,";"212,68";"541,0240000000002";"791,6700000000001";"803,6700000000001";"612,2";"BCDFEE+BookmanOldStyle";"12,0";"376,8520000000001";"306,1";"0,11557007513884361";"0,3474028095393662";"0,5363345311989549";"False";"BATANG TUBUH";"PASAL 22"
"17";"dipotong sebesar 1,5% (satu koma lima persen) untuk";"212,68";"541,0120000000002";"810,3000000000001";"822,3000000000001";"612,2";"BCDFEE+BookmanOldStyle";"12,0";"376,8460000000001";"306,1";"0,11556027442012429";"0,3474028095393662";"0,5363149297615161";"False";"BATANG TUBUH";"PASAL 22"
"17";"setiap kali terlambat;";"212,68";"337,43199999999996";"828,9000000000001";"840,9000000000001";"612,2";"BCDFEE+BookmanOldStyle";"12,0";"275,056";"306,1";"0,05070891865403469";"0,3474028095393662";"0,20377654361319822";"False";"BATANG TUBUH";"PASAL 22"
"18";"18";"298,7";"313,53999999999996";"35,90000000000009";"47,90000000000009";"612,2";"BCDFEE+BookmanOldStyle";"12,0";"306,12";"306,1";"3,266906239787947e-05";"0,4879124469127735";"0,02424044429924857";"False";"BATANG TUBUH";"PASAL 22"
"18";"e. dalam rentang waktu 121 (seratus dua puluh satu)";"191,45";"540,8680000000002";"72,92000000000007";"84,92000000000007";"612,2";"BCDFEE+BookmanOldStyle";"12,0";"366,1590000000001";"306,1";"0,0981035609278015";"0,3127245998039856";"0,5707579222476318";"False";"BATANG TUBUH";"PASAL 22"
"18";"menit sampai dengan 180 (seratus delapan puluh)";"212,68";"541,0080000000002";"90,73000000000013";"102,73000000000013";"612,2";"BCDFEE+BookmanOldStyle";"12,0";"376,84400000000005";"306,1";"0,11555700751388438";"0,3474028095393662";"0,5363083959490365";"False";"BATANG TUBUH";"PASAL 22"
"18";"menit, dipotong sebesar 2% (dua persen) untuk setiap";"212,68";"540,8680000000002";"108,32000000000005";"120,32000000000005";"612,2";"BCDFEE+BookmanOldStyle";"12,0";"376,7740000000001";"306,1";"0,11544266579549181";"0,3474028095393662";"0,5360797125122512";"False";"BATANG TUBUH";"PASAL 22"
"18";"kali terlambat;";"212,68";"298,64799999999997";"125,92000000000007";"137,92000000000007";"612,2";"BCDFEE+BookmanOldStyle";"12,0";"255,664";"306,1";"0,08238484155504743";"0,3474028095393662";"0,14042469781117276";"False";"BATANG TUBUH";"PASAL 22"
"18";"f. dalam rentang waktu 181 (seratus delapan puluh satu)";"191,45";"541,0960000000001";"145,5200000000001";"157,5200000000001";"612,2";"BCDFEE+BookmanOldStyle";"12,0";"366,273";"306,1";"0,09828977458346945";"0,3127245998039856";"0,5711303495589678";"False";"BATANG TUBUH";"PASAL 22"
"18";"menit sampai dengan 240 (dua ratus empat puluh)";"212,68";"540,988";"163,1500000000001";"175,1500000000001";"612,2";"BCDFEE+BookmanOldStyle";"12,0";"376,83400000000006";"306,1";"0,11554067298268544";"0,3474028095393662";"0,5362757268866384";"False";"BATANG TUBUH";"PASAL 22"
"18";"menit, dipotong sebesar 2,5% (dua koma lima persen)";"212,68";"541,13";"180,7500000000001";"192,7500000000001";"612,2";"BCDFEE+BookmanOldStyle";"12,0";"376,905";"306,1";"0,11565664815419788";"0,3474028095393662";"0,5365076772296634";"False";"BATANG TUBUH";"PASAL 22"
"18";"untuk setiap kali terlambat;";"212,68";"377,584";"198,35000000000014";"210,35000000000014";"612,2";"BCDFEE+BookmanOldStyle";"12,0";"295,132";"306,1";"0,017915713819013423";"0,3474028095393662";"0,2693629532832407";"False";"BATANG TUBUH";"PASAL 22"
"18";"g. lebih dari 240 (dua ratus empat puluh) menit atau";"191,45";"541,0600000000001";"217,95000000000005";"229,95000000000005";"612,2";"BCDFEE+BookmanOldStyle";"12,0";"366,255";"306,1";"0,09826037242731128";"0,3127245998039856";"0,5710715452466515";"False";"BATANG TUBUH";"PASAL 22"
"18";"tidak mengisi daftar hadir masuk kerja dipotong";"212,68";"541,1320000000001";"235,55000000000007";"247,55000000000007";"612,2";"BCDFEE+BookmanOldStyle";"12,0";"376,90600000000006";"306,1";"0,11565828160731792";"0,3474028095393662";"0,5365109441359034";"False";"BATANG TUBUH";"PASAL 22"
"18";"3% (tiga persen) untuk setiap kali terlambat atau tidak";"212,68";"540,7800000000001";"253,1500000000001";"265,1500000000001";"612,2";"BCDFEE+BookmanOldStyle";"12,0";"376,73";"306,1";"0,11537079385821625";"0,3474028095393662";"0,5359359686377002";"False";"BATANG TUBUH";"PASAL 22"
"18";"mengisi daftar hadir masuk kerja.";"212,68";"412,792";"270,7700000000001";"282,7700000000001";"612,2";"BCDFEE+BookmanOldStyle";"12,0";"312,736";"306,1";"0,010839594903626211";"0,3474028095393662";"0,32687357072852";"False";"BATANG TUBUH";"PASAL 22"
"18";"(2) Pulang lebih awal sebagaimana dimaksud dalam Pasal 22";"170,05";"541,22";"290,3700000000001";"302,3700000000001";"612,2";"BCDFEE+BookmanOldStyle";"12,0";"355,635";"306,1";"0,0809131002940215";"0,2777687030382228";"0,6062887945115975";"False";"BATANG TUBUH";"PASAL 22"
"18";"ayat (1) huruf b, dilakukan pemotongan TPP dengan";"191,45";"540,9139999999999";"307,97000000000014";"319,97000000000014";"612,2";"BCDFEE+BookmanOldStyle";"12,0";"366,1819999999999";"306,1";"0,09814113034955876";"0,3127245998039856";"0,5708330610911464";"False";"BATANG TUBUH";"PASAL 22"
"18";"ketentuan sebagai berikut:";"191,45";"349,3819999999999";"325,57000000000005";"337,57000000000005";"612,2";"BCDFEE+BookmanOldStyle";"12,0";"270,41599999999994";"306,1";"0,05828814113034969";"0,3127245998039856";"0,25797451813132943";"False";"BATANG TUBUH";"PASAL 22"
"18";"a. dalam rentang waktu 1 (satu) menit sampai dengan";"191,45";"540,6640000000001";"345,18000000000006";"357,18000000000006";"612,2";"BCDFEE+BookmanOldStyle";"12,0";"366,057";"306,1";"0,09793694870957202";"0,3127245998039856";"0,570424697811173";"False";"BATANG TUBUH";"PASAL 22"
"18";"10 (sepuluh) menit, dipotong sebesar 0,5% (nol koma";"212,68";"541,0600000000002";"362,7700000000001";"374,7700000000001";"612,2";"BCDFEE+BookmanOldStyle";"12,0";"376,8700000000001";"306,1";"0,11559947729500178";"0,3474028095393662";"0,5363933355112711";"False";"BATANG TUBUH";"PASAL 22"
"18";"lima persen) untuk setiap kali pulang lebih awal;";"212,68";"500,95799999999997";"380,4000000000001";"392,4000000000001";"612,2";"BCDFEE+BookmanOldStyle";"12,0";"356,81899999999996";"306,1";"0,08284710878797767";"0,3474028095393662";"0,47088859849722303";"False";"BATANG TUBUH";"PASAL 22"
"18";"b. dalam rentang waktu 11 (sebelas) menit sampai";"191,45";"541,0480000000001";"400,0000000000001";"412,00000000000006";"612,2";"BCDFEE+BookmanOldStyle";"11,999999999999943";"366,249";"306,1";"0,09825057170859196";"0,3127245998039856";"0,5710519438092129";"False";"BATANG TUBUH";"PASAL 22"
"18";"dengan 30 (tiga puluh) menit, dipotong sebesar";"212,68";"540,9639999999999";"417,6";"429,6";"612,2";"BCDFEE+BookmanOldStyle";"12,0";"376,822";"306,1";"0,11552107154524661";"0,3474028095393662";"0,5362365240117607";"False";"BATANG TUBUH";"PASAL 22"
"18";"1% (satu persen) untuk setiap kali pulang lebih awal;";"212,68";"526,9240000000001";"435,20000000000005";"447,20000000000005";"612,2";"BCDFEE+BookmanOldStyle";"12,0";"369,802";"306,1";"0,10405423064358052";"0,3474028095393662";"0,5133028422084287";"False";"BATANG TUBUH";"PASAL 22"
"18";"c. dalam rentang waktu 31 (tiga puluh satu) menit";"191,45";"540,676";"454,8";"466,8";"612,2";"BCDFEE+BookmanOldStyle";"12,0";"366,063";"306,1";"0,09794674942829135";"0,3127245998039856";"0,5704442992486116";"False";"BATANG TUBUH";"PASAL 22"
"18";"sampai dengan 60 (enam puluh) menit, dipotong";"212,68";"541,1320000000001";"472,40000000000003";"484,40000000000003";"612,2";"BCDFEE+BookmanOldStyle";"12,0";"376,90600000000006";"306,1";"0,11565828160731792";"0,3474028095393662";"0,5365109441359034";"False";"BATANG TUBUH";"PASAL 22"
"18";"sebesar 1,5% (satu koma lima persen) untuk setiap kali";"212,68";"540,92";"490,02000000000004";"502,02000000000004";"612,2";"BCDFEE+BookmanOldStyle";"12,0";"376,79999999999995";"306,1";"0,11548513557660883";"0,3474028095393662";"0,5361646520744854";"False";"BATANG TUBUH";"PASAL 22"
"18";"pulang lebih awal;";"212,68";"320,44";"507,62000000000006";"519,6200000000001";"612,2";"BCDFEE+BookmanOldStyle";"12,0";"266,56";"306,1";"0,06458673636066647";"0,3474028095393662";"0,17602090819993463";"False";"BATANG TUBUH";"PASAL 22"
"18";"d. dalam rentang waktu 61 (enam puluh satu) menit";"191,45";"541,096";"527,22";"539,22";"612,2";"BCDFEE+BookmanOldStyle";"12,0";"366,273";"306,1";"0,09828977458346945";"0,3127245998039856";"0,5711303495589677";"False";"BATANG TUBUH";"PASAL 22"
"18";"sampai dengan 120 (seratus dua puluh) menit,";"212,68";"541,0240000000002";"545,02";"557,02";"612,2";"BCDFEE+BookmanOldStyle";"12,0";"376,8520000000001";"306,1";"0,11557007513884361";"0,3474028095393662";"0,5363345311989549";"False";"BATANG TUBUH";"PASAL 22"
"18";"dipotong sebesar 2% (dua persen) untuk setiap kali";"212,68";"541,228";"562,6200000000001";"574,6200000000001";"612,2";"BCDFEE+BookmanOldStyle";"12,0";"376,95399999999995";"306,1";"0,11573668735707272";"0,3474028095393662";"0,5366677556354131";"False";"BATANG TUBUH";"PASAL 22"
"18";"pulang lebih awal;";"212,68";"320,44";"580,23";"592,23";"612,2";"BCDFEE+BookmanOldStyle";"12,0";"266,56";"306,1";"0,06458673636066647";"0,3474028095393662";"0,17602090819993463";"False";"BATANG TUBUH";"PASAL 22"
"18";"e. dalam rentang waktu 121 (seratus dua puluh satu)";"191,45";"541,102";"599,85";"611,85";"612,2";"BCDFEE+BookmanOldStyle";"12,0";"366,27599999999995";"306,1";"0,09829467494282902";"0,3127245998039856";"0,5711401502776869";"False";"BATANG TUBUH";"PASAL 22"
"18";"menit sampai dengan 180 (seratus delapan puluh)";"212,68";"541,0000000000001";"617,45";"629,45";"612,2";"BCDFEE+BookmanOldStyle";"12,0";"376,84000000000003";"306,1";"0,11555047370140478";"0,3474028095393662";"0,5362953283240772";"False";"BATANG TUBUH";"PASAL 22"
"18";"menit, dipotong sebesar 2,5% (dua koma lima persen)";"212,68";"540,916";"635,05";"647,05";"612,2";"BCDFEE+BookmanOldStyle";"12,0";"376,798";"306,1";"0,11548186867036912";"0,3474028095393662";"0,5361581182620059";"False";"BATANG TUBUH";"PASAL 22"
"18";"untuk setiap kali pulang lebih awal;";"212,68";"424,7679999999999";"652,6500000000001";"664,6500000000001";"612,2";"BCDFEE+BookmanOldStyle";"12,0";"318,72399999999993";"306,1";"0,020620712185560126";"0,3474028095393662";"0,34643580529238793";"False";"BATANG TUBUH";"PASAL 22"
"18";"f. lebih dari 181 (seratus delapan puluh satu) menit atau";"191,45";"541,132";"672,25";"684,25";"612,2";"BCDFEE+BookmanOldStyle";"12,0";"366,29099999999994";"306,1";"0,09831917673962744";"0,3127245998039856";"0,5711891538712838";"False";"BATANG TUBUH";"PASAL 22"
"18";"tidak mengisi daftar hadir pulang kerja, dipotong";"212,68";"541,378";"689,85";"701,85";"612,2";"BCDFEE+BookmanOldStyle";"12,0";"377,029";"306,1";"0,11585919634106497";"0,3474028095393662";"0,5369127736033976";"False";"BATANG TUBUH";"PASAL 22"
"18";"sebesar 3% (tiga persen) untuk setiap kali pulang lebih";"212,68";"540,976";"707,48";"719,48";"612,2";"BCDFEE+BookmanOldStyle";"12,0";"376,828";"306,1";"0,11553087226396594";"0,3474028095393662";"0,5362561254491995";"False";"BATANG TUBUH";"PASAL 22"
"18";"awal atau tidak mengisi daftar hadir pulang kerja.";"212,68";"508,26399999999995";"725,07";"737,07";"612,2";"BCDFEE+BookmanOldStyle";"12,0";"360,472";"306,1";"0,08881411303495582";"0,3474028095393662";"0,48282260699117924";"False";"BATANG TUBUH";"PASAL 22"
"18";"(3) Apabila terlambat masuk kerja dan/atau pulang lebih";"170,05";"540,602";"744,6800000000001";"756,6800000000001";"612,2";"BCDFEE+BookmanOldStyle";"12,0";"355,326";"306,1";"0,08040836327997386";"0,2777687030382228";"0,605279320483502";"False";"BATANG TUBUH";"PASAL 22"
"18";"awal sebagaimana dimaksud pada ayat (1) dan ayat (2)";"191,45";"540,6260000000001";"762,27";"774,27";"612,2";"BCDFEE+BookmanOldStyle";"12,0";"366,038";"306,1";"0,09790591310029399";"0,3127245998039856";"0,5703626265926169";"False";"BATANG TUBUH";"PASAL 22"
"18";"terakumulasi lebih dari 1800 (seribu delapan ratus) menit";"191,45";"540,9499999999999";"779,87";"791,87";"612,2";"BCDFEE+BookmanOldStyle";"12,0";"366,19999999999993";"306,1";"0,09817053250571693";"0,3127245998039856";"0,5708918654034628";"False";"BATANG TUBUH";"PASAL 22"
"18";"pada bulan berkenaan, maka ASN tersebut tidak diberikan";"191,45";"540,794";"797,48";"809,48";"612,2";"BCDFEE+BookmanOldStyle";"12,0";"366,12199999999996";"306,1";"0,09804312316236513";"0,3127245998039856";"0,5706370467167592";"False";"BATANG TUBUH";"PASAL 22"
"18";"TPP dari komponen kehadiran kerja pada bulan";"191,45";"540,9379999999999";"815,1";"827,1";"612,2";"BCDFEE+BookmanOldStyle";"12,0";"366,19399999999996";"306,1";"0,09816073178699761";"0,3127245998039856";"0,570872263966024";"False";"BATANG TUBUH";"PASAL 22"
"18";"berkenaan.";"191,45";"257,654";"832,7";"844,7";"612,2";"BCDFEE+BookmanOldStyle";"12,0";"224,552";"306,1";"0,13320483502123492";"0,3127245998039856";"0,10814113034955897";"False";"BATANG TUBUH";"PASAL 22"
"19";"19";"298,7";"313,53999999999996";"35,90000000000009";"47,90000000000009";"612,2";"BCDFEE+BookmanOldStyle";"12,0";"306,12";"306,1";"3,266906239787947e-05";"0,4879124469127735";"0,02424044429924857";"False";"BATANG TUBUH";"PASAL 22"
"19";"(4) Tidak hadir sebagaimana dimaksud dalam Pasal 22";"170,05";"541,22";"72,92000000000007";"84,92000000000007";"612,2";"BCDFEE+BookmanOldStyle";"12,0";"355,635";"306,1";"0,0809131002940215";"0,2777687030382228";"0,6062887945115975";"False";"BATANG TUBUH";"PASAL 22"
"19";"ayat (1) huruf c, dihitung dengan ketentuan sebagai";"191,45";"540,89";"92,5200000000001";"104,5200000000001";"612,2";"BCDFEE+BookmanOldStyle";"12,0";"366,16999999999996";"306,1";"0,09812152891212012";"0,3127245998039856";"0,5707938582162692";"False";"BATANG TUBUH";"PASAL 22"
"19";"berikut:";"191,45";"237,866";"111,92000000000007";"123,92000000000007";"612,2";"BCDFEE+BookmanOldStyle";"12,0";"214,65800000000002";"306,1";"0,14936622018948056";"0,3127245998039856";"0,07581836001306766";"False";"BATANG TUBUH";"PASAL 22"
"19";"a. cuti tahunan tidak dilakukan pemotongan TPP;";"191,45";"492,35599999999994";"133,32000000000005";"145,32000000000005";"612,2";"BCDFEE+BookmanOldStyle";"12,0";"341,90299999999996";"306,1";"0,05848252205161702";"0,3127245998039856";"0,49151584449526287";"False";"BATANG TUBUH";"PASAL 22"
"19";"b. cuti karena alasan penting paling banyak 5 (lima) hari";"191,45";"540,808";"154,7500000000001";"166,7500000000001";"612,2";"BCDFEE+BookmanOldStyle";"12,0";"366,129";"306,1";"0,0980545573342045";"0,3127245998039856";"0,5706599150604378";"False";"BATANG TUBUH";"PASAL 22"
"19";"tidak dilakukan pemotongan TPP;";"212,68";"411,80799999999994";"174,1500000000001";"186,1500000000001";"612,2";"BCDFEE+BookmanOldStyle";"12,0";"312,24399999999997";"306,1";"0,010035935968637616";"0,3474028095393662";"0,3252662528585428";"False";"BATANG TUBUH";"PASAL 22"
"19";"c. cuti karena alasan penting sebanyak 6 (enam) hari";"191,45";"541,1";"195,55000000000007";"207,55000000000007";"612,2";"BCDFEE+BookmanOldStyle";"12,0";"366,275";"306,1";"0,09829304148970916";"0,3127245998039856";"0,5711368833714473";"False";"BATANG TUBUH";"PASAL 22"
"19";"sampai dengan paling banyak 14 (empat belas) hari";"212,68";"540,796";"214,95000000000005";"226,95000000000005";"612,2";"BCDFEE+BookmanOldStyle";"12,0";"376,73800000000006";"306,1";"0,11538386148317548";"0,3474028095393662";"0,5359621038876184";"False";"BATANG TUBUH";"PASAL 22"
"19";"yang dibuktikan dengan surat cuti, dilakukan";"212,68";"541,1579999999999";"234,55000000000007";"246,55000000000007";"612,2";"BCDFEE+BookmanOldStyle";"12,0";"376,919";"306,1";"0,11567951649787643";"0,3474028095393662";"0,5365534139170204";"False";"BATANG TUBUH";"PASAL 22"
"19";"pemotongan TPP dari komponen kehadiran kerja";"212,68";"541,148";"253,95000000000005";"265,95000000000005";"612,2";"BCDFEE+BookmanOldStyle";"12,0";"376,914";"306,1";"0,11567134923227697";"0,3474028095393662";"0,5365370793858216";"False";"BATANG TUBUH";"PASAL 22"
"19";"sebesar 3% (tiga persen) perhari;";"212,68";"405,4479999999999";"273,3700000000001";"285,3700000000001";"612,2";"BCDFEE+BookmanOldStyle";"12,0";"309,06399999999996";"306,1";"0,004841555047370045";"0,3474028095393662";"0,3148774910160077";"False";"BATANG TUBUH";"PASAL 22"
"19";"d. tidak hadir karena sakit yang dibuktikan dengan surat";"191,45";"540,9159999999999";"294,7700000000001";"306,7700000000001";"612,2";"BCDFEE+BookmanOldStyle";"12,0";"366,183";"306,1";"0,0981427638026788";"0,3127245998039856";"0,5708363279973864";"False";"BATANG TUBUH";"PASAL 22"
"19";"keterangan dokter dan pejabat yang berwenang paling";"212,68";"540,82";"314,1700000000001";"326,1700000000001";"612,2";"BCDFEE+BookmanOldStyle";"12,0";"376,75";"306,1";"0,11540346292061414";"0,3474028095393662";"0,5360013067624959";"False";"BATANG TUBUH";"PASAL 22"
"19";"banyak 14 (empat belas) hari dilakukan pemotongan";"212,68";"541,1560000000001";"333,57000000000005";"345,57000000000005";"612,2";"BCDFEE+BookmanOldStyle";"12,0";"376,918";"306,1";"0,11567788304475658";"0,3474028095393662";"0,5365501470107809";"False";"BATANG TUBUH";"PASAL 22"
"19";"TPP dari komponen kehadiran kerja sebesar 2% (dua";"212,68";"541,438";"352,97000000000014";"364,97000000000014";"612,2";"BCDFEE+BookmanOldStyle";"12,0";"377,05899999999997";"306,1";"0,11590819993466178";"0,3474028095393662";"0,5370107807905913";"False";"BATANG TUBUH";"PASAL 22"
"19";"persen) perhari;";"212,68";"305,88399999999996";"372,60000000000014";"384,60000000000014";"612,2";"BCDFEE+BookmanOldStyle";"12,0";"259,282";"306,1";"0,07647500816726566";"0,3474028095393662";"0,15224436458673626";"False";"BATANG TUBUH";"PASAL 22"
"19";"e. tidak hadir karena izin, yang dibuktikan dengan surat";"191,45";"540,9279999999999";"394,0000000000001";"406,0000000000001";"612,2";"BCDFEE+BookmanOldStyle";"12,0";"366,18899999999996";"306,1";"0,09815256452139813";"0,3127245998039856";"0,570855929434825";"False";"BATANG TUBUH";"PASAL 22"
"19";"izin tertulis paling banyak 2 (dua) hari, dilakukan";"212,68";"540,8679999999999";"413,40000000000003";"425,40000000000003";"612,2";"BCDFEE+BookmanOldStyle";"12,0";"376,774";"306,1";"0,11544266579549163";"0,3474028095393662";"0,5360797125122507";"False";"BATANG TUBUH";"PASAL 22"
"19";"pemotongan TPP dari komponen kehadiran kerja";"212,68";"541,148";"432,8";"444,8";"612,2";"BCDFEE+BookmanOldStyle";"12,0";"376,914";"306,1";"0,11567134923227697";"0,3474028095393662";"0,5365370793858216";"False";"BATANG TUBUH";"PASAL 22"
"19";"sebesar 4% (empat persen) perhari;";"212,68";"420,4479999999999";"452,20000000000005";"464,20000000000005";"612,2";"BCDFEE+BookmanOldStyle";"12,0";"316,56399999999996";"306,1";"0,017092453446585987";"0,3474028095393662";"0,33937928781443955";"False";"BATANG TUBUH";"PASAL 22"
"19";"f. tidak hadir tanpa keterangan paling banyak 4 (empat)";"191,45";"540,716";"473,6";"485,6";"612,2";"BCDFEE+BookmanOldStyle";"12,0";"366,08299999999997";"306,1";"0,09797941849068922";"0,3127245998039856";"0,5705096373734073";"False";"BATANG TUBUH";"PASAL 22"
"19";"hari secara berurutan atau tidak berurutan pada bulan";"212,68";"540,6519999999999";"493,02000000000004";"505,02000000000004";"612,2";"BCDFEE+BookmanOldStyle";"12,0";"376,66599999999994";"306,1";"0,11526625285854282";"0,3474028095393662";"0,5357268866383533";"False";"BATANG TUBUH";"PASAL 22"
"19";"berkenaan, dilakukan pemotongan TPP dari komponen";"212,68";"541,254";"512,6200000000001";"524,6200000000001";"612,2";"BCDFEE+BookmanOldStyle";"12,0";"376,967";"306,1";"0,11575792224763143";"0,3474028095393662";"0,5367102254165306";"False";"BATANG TUBUH";"PASAL 22"
"19";"kehadiran kerja sebesar 6% (enam persen) perhari;";"212,68";"513,26";"532,02";"544,02";"612,2";"BCDFEE+BookmanOldStyle";"12,0";"362,97";"306,1";"0,09289447892845476";"0,3474028095393662";"0,490983338778177";"False";"BATANG TUBUH";"PASAL 22"
"19";"g. tidak hadir tanpa keterangan lebih dari 4 (empat) hari";"191,45";"540,7599999999999";"553,4300000000001";"565,4300000000001";"612,2";"BCDFEE+BookmanOldStyle";"12,0";"366,1049999999999";"306,1";"0,09801535445932681";"0,3127245998039856";"0,5705815093106825";"False";"BATANG TUBUH";"PASAL 22"
"19";"secara berurutan atau tidak berurutan pada bulan";"212,68";"540,7599999999999";"572,82";"584,82";"612,2";"BCDFEE+BookmanOldStyle";"12,0";"376,7199999999999";"306,1";"0,11535445932701713";"0,3474028095393662";"0,5359032995753019";"False";"BATANG TUBUH";"PASAL 22"
"19";"berkenaan tidak diberikan TPP;";"212,68";"398,46399999999994";"592,25";"604,25";"612,2";"BCDFEE+BookmanOldStyle";"12,0";"305,572";"306,1";"0,000862463247304835";"0,3474028095393662";"0,30346945442665785";"False";"BATANG TUBUH";"PASAL 22"
"19";"h. tidak hadir dengan alasan cuti sakit, cuti besar, dan";"191,45";"540,7119999999999";"613,6500000000001";"625,6500000000001";"612,2";"BCDFEE+BookmanOldStyle";"12,0";"366,0809999999999";"306,1";"0,09797615158444932";"0,3127245998039856";"0,5705031035609276";"False";"BATANG TUBUH";"PASAL 22"
"19";"cuti bersalin kurang dari 14 (empat belas) hari pada";"212,68";"540,736";"633,05";"645,05";"612,2";"BCDFEE+BookmanOldStyle";"12,0";"376,70799999999997";"306,1";"0,11533485788957848";"0,3474028095393662";"0,5358640967004247";"False";"BATANG TUBUH";"PASAL 22"
"19";"bulan berkenaan, dilakukan pemotongan TPP dari";"212,68";"541,154";"652,6500000000001";"664,6500000000001";"612,2";"BCDFEE+BookmanOldStyle";"12,0";"376,91700000000003";"306,1";"0,11567624959163672";"0,3474028095393662";"0,536546880104541";"False";"BATANG TUBUH";"PASAL 22"
"19";"komponen kehadiran kerja sebesar 4% (empat persen)";"212,68";"540,996";"672,0500000000001";"684,0500000000001";"612,2";"BCDFEE+BookmanOldStyle";"12,0";"376,83799999999997";"306,1";"0,11554720679516488";"0,3474028095393662";"0,5362887945115974";"False";"BATANG TUBUH";"PASAL 22"
"19";"perhari;";"212,68";"259,096";"691,45";"703,45";"612,2";"BCDFEE+BookmanOldStyle";"12,0";"235,888";"306,1";"0,11468801045409999";"0,3474028095393662";"0,07581836001306762";"False";"BATANG TUBUH";"PASAL 22"
"19";"i. tidak hadir dengan alasan cuti sakit, cuti besar, dan";"191,45";"540,7119999999999";"712,88";"724,88";"612,2";"BCDFEE+BookmanOldStyle";"12,0";"366,0809999999999";"306,1";"0,09797615158444932";"0,3127245998039856";"0,5705031035609276";"False";"BATANG TUBUH";"PASAL 22"
"19";"cuti bersalin lebih dari 14 (empat belas) hari pada";"212,68";"540,7959999999999";"732,27";"744,27";"612,2";"BCDFEE+BookmanOldStyle";"12,0";"376,73799999999994";"306,1";"0,1153838614831753";"0,3474028095393662";"0,5359621038876182";"False";"BATANG TUBUH";"PASAL 22"
"19";"bulan berkenaan, tidak diberikan TPP; dan";"212,68";"466,276";"751,6800000000001";"763,6800000000001";"612,2";"BCDFEE+BookmanOldStyle";"12,0";"339,478";"306,1";"0,054521398235870606";"0,3474028095393662";"0,4142371773930088";"False";"BATANG TUBUH";"PASAL 22"
"19";"j. tidak hadir dalam upacara pada hari besar nasional";"191,45";"540,9520000000001";"773,07";"785,07";"612,2";"BCDFEE+BookmanOldStyle";"12,0";"366,201";"306,1";"0,09817216595883697";"0,3127245998039856";"0,5708951323097029";"False";"BATANG TUBUH";"PASAL 22"
"19";"karena alasan tidak sah, dilakukan pemotongan TPP";"212,68";"540,98";"792,48";"804,48";"612,2";"BCDFEE+BookmanOldStyle";"12,0";"376,83000000000004";"306,1";"0,11553413917020583";"0,3474028095393662";"0,5362626592616792";"False";"BATANG TUBUH";"PASAL 22"
"19";"dari komponen kehadiran kerja sebesar 2% (dua";"212,68";"541,2160000000001";"812,1";"824,1";"612,2";"BCDFEE+BookmanOldStyle";"12,0";"376,9480000000001";"306,1";"0,11572688663835358";"0,3474028095393662";"0,5366481541979746";"False";"BATANG TUBUH";"PASAL 22"
"19";"persen) setiap pelaksanaan upacara.";"212,68";"428,57199999999995";"831,5";"843,5";"612,2";"BCDFEE+BookmanOldStyle";"12,0";"320,626";"306,1";"0,02372754001960136";"0,3474028095393662";"0,3526494609604703";"False";"BATANG TUBUH";"PASAL 22"
"20";"20";"298,7";"313,53999999999996";"35,90000000000009";"47,90000000000009";"612,2";"BCDFEE+BookmanOldStyle";"12,0";"306,12";"306,1";"3,266906239787947e-05";"0,4879124469127735";"0,02424044429924857";"False";"BATANG TUBUH";"PASAL 22"
"20";"(5) ASN yang mengikuti pendidikan dan pelatihan,";"170,05";"541,296";"72,92000000000007";"84,92000000000007";"612,2";"BCDFEE+BookmanOldStyle";"12,0";"355,673";"306,1";"0,08097517151257755";"0,2777687030382228";"0,6064129369487096";"False";"BATANG TUBUH";"PASAL 22"
"20";"melaksanakan perjalanan dinas luar daerah atau luar";"191,45";"540,9019999999998";"91,73000000000013";"103,73000000000013";"612,2";"BCDFEE+BookmanOldStyle";"12,0";"366,17599999999993";"306,1";"0,09813132963083944";"0,3127245998039856";"0,5708134596537077";"False";"BATANG TUBUH";"PASAL 22"
"20";"negeri, dan/atau melaksanakan tugas kedinasan lainnya,";"191,45";"541,33";"110,32000000000005";"122,32000000000005";"612,2";"BCDFEE+BookmanOldStyle";"12,0";"366,39";"306,1";"0,09848088859849716";"0,3127245998039856";"0,5715125775890232";"False";"BATANG TUBUH";"PASAL 22"
"20";"diberikan TPP.";"191,45";"277,24999999999994";"128,93000000000006";"140,93000000000006";"612,2";"BCDFEE+BookmanOldStyle";"12,0";"234,34999999999997";"306,1";"0,11720026135249927";"0,3127245998039856";"0,1401502776870303";"False";"BATANG TUBUH";"PASAL 22"
"20";"Pasal 24";"281,1";"330,94";"170,1500000000001";"182,1500000000001";"612,2";"BCDFEE+BookmanOldStyle";"12,0";"306,02";"306,1";"0,00013067624959170357";"0,45916367200261354";"0,08141130349558963";"False";"BATANG TUBUH";"PASAL 24"
"20";"(1) Pemotongan TPP dari hukuman disiplin sebagaimana";"170,05";"540,9019999999999";"211,35000000000014";"223,35000000000014";"612,2";"BCDFEE+BookmanOldStyle";"12,0";"355,476";"306,1";"0,08065338124795814";"0,2777687030382228";"0,6057693564194706";"False";"BATANG TUBUH";"PASAL 24"
"20";"dimaksud dalam Pasal 5 ayat (3) huruf b diberlakukan";"191,45";"541,146";"229,95000000000005";"241,95000000000005";"612,2";"BCDFEE+BookmanOldStyle";"12,0";"366,298";"306,1";"0,0983306109114668";"0,3127245998039856";"0,5712120222149624";"False";"BATANG TUBUH";"PASAL 24"
"20";"terhadap PNS atau CPNS yang dijatuhi hukuman disiplin:";"191,45";"533,6540000000001";"248,55000000000007";"260,55000000000007";"612,2";"BCDFEE+BookmanOldStyle";"12,0";"362,552";"306,1";"0,09221169552433844";"0,3127245998039856";"0,5589741914407058";"False";"BATANG TUBUH";"PASAL 24"
"20";"a. tingkat ringan berupa:";"191,45";"345,20799999999997";"269,18000000000006";"281,18000000000006";"612,2";"BCDFEE+BookmanOldStyle";"12,0";"268,32899999999995";"306,1";"0,06169715779157149";"0,3127245998039856";"0,2511564848088859";"False";"BATANG TUBUH";"PASAL 24"
"20";"1. teguran lisan, diberikan TPP sebanyak";"212,68";"540,912";"289,7700000000001";"301,7700000000001";"612,2";"BCDFEE+BookmanOldStyle";"12,0";"376,79600000000005";"306,1";"0,1154786017641294";"0,3474028095393662";"0,5361515844495263";"False";"BATANG TUBUH";"PASAL 24"
"20";"95% (sembilan puluh lima persen);";"233,88";"439,25999999999993";"308,3700000000001";"320,3700000000001";"612,2";"BCDFEE+BookmanOldStyle";"12,0";"336,56999999999994";"306,1";"0,04977131656321449";"0,3820320156811499";"0,33547860176412925";"False";"BATANG TUBUH";"PASAL 24"
"20";"2. teguran tertulis, diberikan TPP sebanyak";"212,68";"540,912";"328,98000000000013";"340,98000000000013";"612,2";"BCDFEE+BookmanOldStyle";"12,0";"376,79600000000005";"306,1";"0,1154786017641294";"0,3474028095393662";"0,5361515844495263";"False";"BATANG TUBUH";"PASAL 24"
"20";"90% (sembilan puluh persen); dan";"233,88";"436,152";"347,57000000000005";"359,57000000000005";"612,2";"BCDFEE+BookmanOldStyle";"12,0";"335,01599999999996";"306,1";"0,04723293041489699";"0,3820320156811499";"0,33040182946749425";"False";"BATANG TUBUH";"PASAL 24"
"20";"3. pernyataan tidak puas secara tertulis, diberikan";"212,68";"540,756";"368,20000000000005";"380,20000000000005";"612,2";"BCDFEE+BookmanOldStyle";"12,0";"376,71799999999996";"306,1";"0,11535119242077742";"0,3474028095393662";"0,5358967657628225";"False";"BATANG TUBUH";"PASAL 24"
"20";"TPP sebanyak 85% (delapan puluh lima persen).";"233,88";"518,016";"386,80000000000007";"398,80000000000007";"612,2";"BCDFEE+BookmanOldStyle";"12,0";"375,948";"306,1";"0,11409343351845794";"0,3820320156811499";"0,46412283567461604";"False";"BATANG TUBUH";"PASAL 24"
"20";"b. tingkat sedang berupa:";"191,45";"348,23199999999997";"407,4000000000001";"419,40000000000003";"612,2";"BCDFEE+BookmanOldStyle";"11,999999999999943";"269,841";"306,1";"0,05922737667428947";"0,3127245998039856";"0,2560960470434498";"False";"BATANG TUBUH";"PASAL 24"
"20";"1. penundaan kenaikan gaji berkala selama 1 (satu)";"212,68";"541,034";"428,00000000000006";"440,00000000000006";"612,2";"BCDFEE+BookmanOldStyle";"12,0";"376,85699999999997";"306,1";"0,1155782424044429";"0,3474028095393662";"0,5363508657301534";"False";"BATANG TUBUH";"PASAL 24"
"20";"tahun, diberikan TPP sebanyak 80% (delapan";"233,88";"541,236";"446,6";"458,6";"612,2";"BCDFEE+BookmanOldStyle";"12,0";"387,558";"306,1";"0,13305782424044424";"0,3820320156811499";"0,5020516171185887";"False";"BATANG TUBUH";"PASAL 24"
"20";"puluh persen);";"233,88";"319,69199999999995";"465,20000000000005";"477,20000000000005";"612,2";"BCDFEE+BookmanOldStyle";"12,0";"276,78599999999994";"306,1";"0,04788304475661561";"0,3820320156811499";"0,14016987912446904";"False";"BATANG TUBUH";"PASAL 24"
"20";"2. penundaan kenaikan pangkat selama 1 (satu)";"212,68";"540,804";"485,82000000000005";"497,82000000000005";"612,2";"BCDFEE+BookmanOldStyle";"12,0";"376,74199999999996";"306,1";"0,11539039529565491";"0,3474028095393662";"0,5359751715125775";"False";"BATANG TUBUH";"PASAL 24"
"20";"tahun, diberikan TPP sebanyak 75% (tujuh puluh";"233,88";"540,996";"504,42";"516,4200000000001";"612,2";"BCDFEE+BookmanOldStyle";"12,0";"387,438";"306,1";"0,13286180986605678";"0,3820320156811499";"0,5016595883698137";"False";"BATANG TUBUH";"PASAL 24"
"20";"lima persen); dan";"233,88";"335,964";"523,02";"535,02";"612,2";"BCDFEE+BookmanOldStyle";"12,0";"284,922";"306,1";"0,03459327017314602";"0,3820320156811499";"0,16674942829140804";"False";"BATANG TUBUH";"PASAL 24"
"20";"3. penurunan pangkat setingkat lebih rendah selama";"212,68";"540,7440000000001";"543,6200000000001";"555,6200000000001";"612,2";"BCDFEE+BookmanOldStyle";"12,0";"376,7120000000001";"306,1";"0,11534139170205827";"0,3474028095393662";"0,535877164325384";"False";"BATANG TUBUH";"PASAL 24"
"20";"1 (satu) tahun, diberikan TPP sebanyak 70% (tujuh";"233,88";"541,418";"562,23";"574,23";"612,2";"BCDFEE+BookmanOldStyle";"12,0";"387,649";"306,1";"0,13320646847435474";"0,3820320156811499";"0,5023489055864097";"False";"BATANG TUBUH";"PASAL 24"
"20";"puluh persen).";"233,88";"319,69199999999995";"580,82";"592,82";"612,2";"BCDFEE+BookmanOldStyle";"12,0";"276,78599999999994";"306,1";"0,04788304475661561";"0,3820320156811499";"0,14016987912446904";"False";"BATANG TUBUH";"PASAL 24"
"20";"c. tingkat berat berupa:";"191,45";"337,41999999999996";"601,45";"613,45";"612,2";"BCDFEE+BookmanOldStyle";"12,0";"264,43499999999995";"306,1";"0,06805782424044442";"0,3127245998039856";"0,2384351519111401";"False";"BATANG TUBUH";"PASAL 24"
"20";"1. penurunan jabatan setingkat lebih rendah selama";"212,68";"540,7919999999999";"622,05";"634,05";"612,2";"BCDFEE+BookmanOldStyle";"12,0";"376,736";"306,1";"0,11538059457693559";"0,3474028095393662";"0,5359555700751386";"False";"BATANG TUBUH";"PASAL 24"
"20";"12 (dua belas) bulan, diberikan TPP sebanyak";"233,88";"540,924";"640,6500000000001";"652,6500000000001";"612,2";"BCDFEE+BookmanOldStyle";"12,0";"387,402";"306,1";"0,13280300555374053";"0,3820320156811499";"0,5015419797451812";"False";"BATANG TUBUH";"PASAL 24"
"20";"65% (enam puluh lima persen); dan";"233,88";"444,65";"659,25";"671,25";"612,2";"BCDFEE+BookmanOldStyle";"11,999999999999972";"339,265";"306,1";"0,054173472721332834";"0,3820320156811499";"0,3442829140803658";"False";"BATANG TUBUH";"PASAL 24"
"20";"2. pembebasan dari jabatannya menjadi jabatan";"212,68";"541,21";"679,85";"691,85";"612,2";"BCDFEE+BookmanOldStyle";"12,0";"376,94500000000005";"306,1";"0,11572198627899383";"0,3474028095393662";"0,5366383534792551";"False";"BATANG TUBUH";"PASAL 24"
"20";"pelaksana selama 12 (dua belas) bulan, diberikan";"233,88";"540,8159999999999";"698,48";"710,48";"612,2";"BCDFEE+BookmanOldStyle";"12,0";"387,34799999999996";"306,1";"0,13271479908526612";"0,3820320156811499";"0,5013655668082324";"False";"BATANG TUBUH";"PASAL 24"
"20";"TPP sebanyak 60% (enam puluh persen).";"233,88";"474,790000238";"717,07";"729,07";"612,2";"BCDFEE+BookmanOldStyle";"12,0";"354,33500011900003";"306,1";"0,07878961143253839";"0,3820320156811499";"0,39351519150277686";"False";"BATANG TUBUH";"PASAL 24"
"20";"(2) Persentase pemotongan TPP dari hukuman disiplin";"170,05";"540,938";"737,6700000000001";"749,6700000000001";"612,2";"BCDFEE+BookmanOldStyle";"12,0";"355,494";"306,1";"0,0806827834041163";"0,2777687030382228";"0,6058281607317869";"False";"BATANG TUBUH";"PASAL 24"
"20";"sebagaimana dimaksud pada ayat (1) dari TPP yang";"191,45";"540,8299999999999";"756,27";"768,27";"612,2";"BCDFEE+BookmanOldStyle";"12,0";"366,14";"306,1";"0,09807252531852328";"0,3127245998039856";"0,5706958510290753";"False";"BATANG TUBUH";"PASAL 24"
"20";"seharusnya diterima.";"191,45";"316,20199999999994";"775,07";"787,07";"612,2";"BCDFEE+BookmanOldStyle";"12,0";"253,82599999999996";"306,1";"0,08538712838941531";"0,3127245998039856";"0,20377654361319822";"False";"BATANG TUBUH";"PASAL 24"
"20";"(3) Pemotongan TPP dari hukuman disiplin sebagaimana";"170,05";"541,282";"795,6700000000001";"807,6700000000001";"612,2";"BCDFEE+BookmanOldStyle";"12,0";"355,66600000000005";"306,1";"0,08096373734073836";"0,2777687030382228";"0,6063900686050311";"False";"BATANG TUBUH";"PASAL 24"
"20";"dimaksud pada ayat (1) berlaku sejak diberlakukannya";"191,45";"541,0780000000001";"814,3000000000001";"826,3000000000001";"612,2";"BCDFEE+BookmanOldStyle";"12,0";"366,264";"306,1";"0,09827507350539037";"0,3127245998039856";"0,5711009474028097";"False";"BATANG TUBUH";"PASAL 24"
"20";"keputusan hukuman disiplin.";"191,45";"367,3819999999999";"832,9000000000001";"844,9000000000001";"612,2";"BCDFEE+BookmanOldStyle";"12,0";"279,41599999999994";"306,1";"0,04358706305129056";"0,3127245998039856";"0,2873766742894477";"False";"BATANG TUBUH";"PASAL 24"
"21";"21";"298,7";"313,53999999999996";"35,90000000000009";"47,90000000000009";"612,2";"BCDFEE+BookmanOldStyle";"12,0";"306,12";"306,1";"3,266906239787947e-05";"0,4879124469127735";"0,02424044429924857";"False";"BATANG TUBUH";"PASAL 24"
"21";"(4) Terhadap PNS atau CPNS yang dijatuhi hukuman disiplin";"170,05";"540,8539999999999";"72,92000000000007";"84,92000000000007";"612,2";"BCDFEE+BookmanOldStyle";"12,0";"355,452";"306,1";"0,08061417837308064";"0,2777687030382228";"0,6056909506697156";"False";"BATANG TUBUH";"PASAL 24"
"21";"tingkat ringan sebagaimana dimaksud pada ayat (1)";"191,45";"540,7459999999999";"92,5200000000001";"104,5200000000001";"612,2";"BCDFEE+BookmanOldStyle";"12,0";"366,09799999999996";"306,1";"0,09800392028748764";"0,3127245998039856";"0,570558640967004";"False";"BATANG TUBUH";"PASAL 24"
"21";"huruf a berlaku sampai dengan 3 (tiga) bulan sejak";"191,45";"541,2139999999999";"111,92000000000007";"123,92000000000007";"612,2";"BCDFEE+BookmanOldStyle";"12,0";"366,332";"306,1";"0,09838614831754323";"0,3127245998039856";"0,5713230970271153";"False";"BATANG TUBUH";"PASAL 24"
"21";"ditetapkannya keputusan hukuman disiplin guna";"191,45";"541,088";"131,32000000000005";"143,32000000000005";"612,2";"BCDFEE+BookmanOldStyle";"12,0";"366,269";"306,1";"0,09828324077098984";"0,3127245998039856";"0,5711172819340085";"False";"BATANG TUBUH";"PASAL 24"
"21";"memenuhi unsur pembinaan.";"191,45";"366,98599999999993";"150,7500000000001";"162,7500000000001";"612,2";"BCDFEE+BookmanOldStyle";"12,0";"279,21799999999996";"306,1";"0,043910486769029825";"0,3127245998039856";"0,2867298268539692";"False";"BATANG TUBUH";"PASAL 24"
"21";"(5) Hukuman disiplin bagi PPPK mengikuti ketentuan yang";"170,05";"541,2860000000001";"172,1500000000001";"184,1500000000001";"612,2";"BCDFEE+BookmanOldStyle";"12,0";"355,668";"306,1";"0,08096700424697807";"0,2777687030382228";"0,6063966024175107";"False";"BATANG TUBUH";"PASAL 24"
"21";"berlaku.";"191,45";"240,266";"191,55000000000007";"203,55000000000007";"612,2";"BCDFEE+BookmanOldStyle";"12,0";"215,858";"306,1";"0,14740607644560602";"0,3127245998039856";"0,07973864750081673";"False";"BATANG TUBUH";"PASAL 24"
"21";"BAB V";"286,9";"324,87999999999994";"234,55000000000007";"246,55000000000007";"612,2";"BCDFEE+BookmanOldStyle";"12,0";"305,89";"306,1";"0,0003430251551781058";"0,4686377000980071";"0,06203854949362946";"True";"BATANG TUBUH";"BAB V"
"21";"PENUNDAAN PEMBAYARAN TPP";"209,27";"402,59";"255,95000000000005";"267,95000000000005";"612,2";"BCDFEE+BookmanOldStyle";"12,0";"305,93";"306,1";"0,000277687030382254";"0,3418327344005227";"0,31577915713819005";"True";"BATANG TUBUH";"BAB V"
"21";"Pasal 25";"281,1";"330,94";"298,7700000000001";"310,7700000000001";"612,2";"BCDFEE+BookmanOldStyle";"12,0";"306,02";"306,1";"0,00013067624959170357";"0,45916367200261354";"0,08141130349558963";"False";"BATANG TUBUH";"PASAL 25"
"21";"(1) TPP sebagaimana dimaksud dalam Pasal 2 ayat (1) dapat";"170,05";"540,6619999999998";"341,57000000000005";"353,57000000000005";"612,2";"BCDFEE+BookmanOldStyle";"12,0";"355,3559999999999";"306,1";"0,0804573668735705";"0,2777687030382228";"0,6053773276706955";"False";"BATANG TUBUH";"PASAL 25"
"21";"ditunda pembayarannya apabila:";"191,45";"386,1259999999999";"360,97000000000014";"372,97000000000014";"612,2";"BCDFEE+BookmanOldStyle";"12,0";"288,78799999999995";"306,1";"0,028278340411630295";"0,3127245998039856";"0,3179941195687682";"False";"BATANG TUBUH";"PASAL 25"
"21";"a. tidak memenuhi kewajiban pelaporan LHKPN;";"191,45";"484,0199999999999";"382,60000000000014";"394,60000000000014";"612,2";"BCDFEE+BookmanOldStyle";"12,0";"337,73499999999996";"306,1";"0,051674289447892735";"0,3127245998039856";"0,4778993792878143";"False";"BATANG TUBUH";"PASAL 25"
"21";"b. terdapat kewajiban yang belum dipenuhi oleh ASN";"191,45";"541,0360000000001";"404,0000000000001";"416,00000000000006";"612,2";"BCDFEE+BookmanOldStyle";"11,999999999999943";"366,24300000000005";"306,1";"0,09824077098987263";"0,3127245998039856";"0,571032342371774";"False";"BATANG TUBUH";"PASAL 25"
"21";"yang menjadi tanggung jawabnya terkait Barang Milik";"212,68";"540,748";"423,40000000000003";"435,40000000000003";"612,2";"BCDFEE+BookmanOldStyle";"12,0";"376,71400000000006";"306,1";"0,11534465860829798";"0,3474028095393662";"0,5358836981378635";"False";"BATANG TUBUH";"PASAL 25"
"21";"Daerah; atau";"212,68";"289,96000000000004";"442,8";"454,8";"612,2";"BCDFEE+BookmanOldStyle";"12,0";"251,32000000000002";"306,1";"0,08948056190787324";"0,3474028095393662";"0,1262332571055211";"False";"BATANG TUBUH";"PASAL 25"
"21";"c. terdapat kewajiban yang belum dipenuhi oleh ASN";"191,45";"541,0360000000001";"464,20000000000005";"476,20000000000005";"612,2";"BCDFEE+BookmanOldStyle";"12,0";"366,24300000000005";"306,1";"0,09824077098987263";"0,3127245998039856";"0,571032342371774";"False";"BATANG TUBUH";"PASAL 25"
"21";"yang menjadi tanggung jawab terkait Tuntutan";"212,68";"541,0479999999999";"483,62000000000006";"495,62000000000006";"612,2";"BCDFEE+BookmanOldStyle";"12,0";"376,8639999999999";"306,1";"0,11558967657628208";"0,3474028095393662";"0,5363737340738318";"False";"BATANG TUBUH";"PASAL 25"
"21";"Perbendaharaan dan Tuntutan Ganti Rugi.";"212,68";"466,19599999999997";"503,23";"515,23";"612,2";"BCDFEE+BookmanOldStyle";"12,0";"339,438";"306,1";"0,054456060111074754";"0,3474028095393662";"0,41410650114341707";"False";"BATANG TUBUH";"PASAL 25"
"21";"(2) Kewajiban pelaporan LHKPN sebagaimana dimaksud pada";"170,05";"541,148";"524,6200000000001";"536,6200000000001";"612,2";"BCDFEE+BookmanOldStyle";"12,0";"355,59900000000005";"306,1";"0,08085429598170536";"0,2777687030382228";"0,6061711858869651";"False";"BATANG TUBUH";"PASAL 25"
"21";"ayat (1) huruf a merupakan penyampaian LHKPN bagi";"191,45";"540,7219999999999";"544,02";"556,02";"612,2";"BCDFEE+BookmanOldStyle";"12,0";"366,0859999999999";"306,1";"0,0979843188500488";"0,3127245998039856";"0,5705194380921265";"False";"BATANG TUBUH";"PASAL 25"
"21";"wajib LHKPN, meliputi:";"191,45";"327,8299999999999";"563,4300000000001";"575,4300000000001";"612,2";"BCDFEE+BookmanOldStyle";"12,0";"259,64";"306,1";"0,07589023195034308";"0,3127245998039856";"0,2227703364913426";"False";"BATANG TUBUH";"PASAL 25"
"21";"a. LHKPN Periodik paling lambat tanggal 31 Maret yang";"191,45";"541,202";"584,85";"596,85";"612,2";"BCDFEE+BookmanOldStyle";"12,0";"366,326";"306,1";"0,09837634759882391";"0,3127245998039856";"0,5713034955896765";"False";"BATANG TUBUH";"PASAL 25"
"21";"dibuktikan dengan Lembar Penyerahan Formulir";"212,68";"540,9159999999999";"604,25";"616,25";"612,2";"BCDFEE+BookmanOldStyle";"12,0";"376,798";"306,1";"0,11548186867036912";"0,3474028095393662";"0,5361581182620058";"False";"BATANG TUBUH";"PASAL 25"
"21";"LHKPN;";"212,68";"258,12399999999997";"623,6500000000001";"635,6500000000001";"612,2";"BCDFEE+BookmanOldStyle";"12,0";"235,402";"306,1";"0,1154818686703692";"0,3474028095393662";"0,07423064358052917";"True";"BATANG TUBUH";"PASAL 25"
"21";"b. LHKPN dinyatakan lengkap paling lambat tanggal";"191,45";"541,198";"645,05";"657,05";"612,2";"BCDFEE+BookmanOldStyle";"12,0";"366,32399999999996";"306,1";"0,098373080692584";"0,3127245998039856";"0,5712969617771969";"False";"BATANG TUBUH";"PASAL 25"
"21";"31 Juli yang dibuktikan dengan Tanda Terima LHKPN.";"212,68";"535,4200000000001";"664,6500000000001";"676,6500000000001";"612,2";"BCDFEE+BookmanOldStyle";"12,0";"374,05000000000007";"306,1";"0,1109931394968965";"0,3474028095393662";"0,5271806599150605";"False";"BATANG TUBUH";"PASAL 25"
"21";"(3) Dalam hal hingga 31 Juli LHKPN belum dinyatakan";"170,05";"540,9019999999999";"686,0500000000001";"698,0500000000001";"612,2";"BCDFEE+BookmanOldStyle";"12,0";"355,476";"306,1";"0,08065338124795814";"0,2777687030382228";"0,6057693564194706";"False";"BATANG TUBUH";"PASAL 25"
"21";"lengkap, maka:";"191,45";"281,44999999999993";"705,47";"717,47";"612,2";"BCDFEE+BookmanOldStyle";"12,0";"236,44999999999996";"306,1";"0,11377000980071882";"0,3127245998039856";"0,1470107807905912";"False";"BATANG TUBUH";"PASAL 25"
"21";"a. bagi wajib LHKPN yang mendapatkan pemberitahuan";"191,45";"540,876";"726,88";"738,88";"612,2";"BCDFEE+BookmanOldStyle";"12,0";"366,163";"306,1";"0,09811009474028093";"0,3127245998039856";"0,5707709898725906";"False";"BATANG TUBUH";"PASAL 25"
"21";"perbaikan, menunjukan bukti telah memperbaiki";"212,68";"540,82";"746,27";"758,27";"612,2";"BCDFEE+BookmanOldStyle";"12,0";"376,75";"306,1";"0,11540346292061414";"0,3474028095393662";"0,5360013067624959";"False";"BATANG TUBUH";"PASAL 25"
"21";"dan/atau melengkapi sesuai hasil verifikasi LHKPN;";"212,68";"519,196";"765,6700000000001";"777,6700000000001";"612,2";"BCDFEE+BookmanOldStyle";"12,0";"365,938";"306,1";"0,09774256778830441";"0,3474028095393662";"0,5006795164978765";"False";"BATANG TUBUH";"PASAL 25"
"21";"b. bagi wajib LHKPN yang tidak mendapatkan";"191,45";"540,9479999999999";"787,07";"799,07";"612,2";"BCDFEE+BookmanOldStyle";"12,0";"366,19899999999996";"306,1";"0,09816889905259707";"0,3127245998039856";"0,5708885984972228";"False";"BATANG TUBUH";"PASAL 25"
"21";"pemberitahuan perbaikan, menunjukan bukti telah";"212,68";"541,4419999999999";"806,7";"818,7";"612,2";"BCDFEE+BookmanOldStyle";"12,0";"377,0609999999999";"306,1";"0,11591146684090149";"0,3474028095393662";"0,5370173146030707";"False";"BATANG TUBUH";"PASAL 25"
"21";"melampaui 60 hari kerja sejak LHKPN disampaikan.";"212,68";"521,4200000000001";"826,1";"838,1";"612,2";"BCDFEE+BookmanOldStyle";"12,0";"367,05000000000007";"306,1";"0,0995589676576283";"0,3474028095393662";"0,5043123162365241";"False";"BATANG TUBUH";"PASAL 25"
"22";"22";"298,7";"313,53999999999996";"35,90000000000009";"47,90000000000009";"612,2";"BCDFEE+BookmanOldStyle";"12,0";"306,12";"306,1";"3,266906239787947e-05";"0,4879124469127735";"0,02424044429924857";"False";"BATANG TUBUH";"PASAL 25"
"22";"(4) Penundaan pembayaran TPP sebagaimana dimaksud pada";"170,05";"540,71";"72,92000000000007";"84,92000000000007";"612,2";"BCDFEE+BookmanOldStyle";"12,0";"355,38";"306,1";"0,08049656974844817";"0,2777687030382228";"0,6054557334204508";"False";"BATANG TUBUH";"PASAL 25"
"22";"ayat (1) sampai dengan yang bersangkutan memenuhi";"191,45";"541,072";"91,32000000000005";"103,32000000000005";"612,2";"BCDFEE+BookmanOldStyle";"12,0";"366,26099999999997";"306,1";"0,0982701731460306";"0,3127245998039856";"0,5710911466840901";"False";"BATANG TUBUH";"PASAL 25"
"22";"kewajiban.";"191,45";"254,846";"109,73000000000013";"121,73000000000013";"612,2";"BCDFEE+BookmanOldStyle";"12,0";"223,148";"306,1";"0,13549820320156813";"0,3127245998039856";"0,10355439398889253";"False";"BATANG TUBUH";"PASAL 25"
"22";"(5) Pembayaran TPP sebagaimana dimaksud pada ayat (4)";"170,05";"541,1800000000001";"129,93000000000006";"141,93000000000006";"612,2";"BCDFEE+BookmanOldStyle";"12,0";"355,615";"306,1";"0,08088043123162363";"0,2777687030382228";"0,6062234563868018";"False";"BATANG TUBUH";"PASAL 25"
"22";"dilaksanakan dalam tahun berkenaan.";"191,45";"420,32599999999996";"148,32000000000005";"160,32000000000005";"612,2";"BCDFEE+BookmanOldStyle";"12,0";"305,888";"306,1";"0,0003462920614179123";"0,3127245998039856";"0,373858216269193";"False";"BATANG TUBUH";"PASAL 25"
"22";"Pasal 26";"281,1";"330,94";"188,95000000000005";"200,95000000000005";"612,2";"BCDFEE+BookmanOldStyle";"12,0";"306,02";"306,1";"0,00013067624959170357";"0,45916367200261354";"0,08141130349558963";"False";"BATANG TUBUH";"PASAL 26"
"22";"(1) ASN wajib membuat pernyataan pelaporan penerimaan";"170,05";"540,944";"229,55000000000007";"241,55000000000007";"612,2";"BCDFEE+BookmanOldStyle";"12,0";"355,49699999999996";"306,1";"0,08068768376347588";"0,2777687030382228";"0,6058379614505063";"False";"BATANG TUBUH";"PASAL 26"
"22";"dan/atau penolakan gratifikasi sesuai ketentuan";"191,45";"541,082";"247,95000000000005";"259,95000000000005";"612,2";"BCDFEE+BookmanOldStyle";"12,0";"366,26599999999996";"306,1";"0,09827834041163008";"0,3127245998039856";"0,5711074812152891";"False";"BATANG TUBUH";"PASAL 26"
"22";"peraturan perundang-undangan mengenai pengendalian";"191,45";"541,0559999999999";"266,18000000000006";"278,18000000000006";"612,2";"BCDFEE+BookmanOldStyle";"12,0";"366,25299999999993";"306,1";"0,09825710552107139";"0,3127245998039856";"0,5710650114341717";"False";"BATANG TUBUH";"PASAL 26"
"22";"gratifikasi.";"191,45";"253,72";"284,57000000000005";"296,57000000000005";"612,2";"BCDFEE+BookmanOldStyle";"12,0";"222,58499999999998";"306,1";"0,1364178373080693";"0,3127245998039856";"0,10171512577589024";"False";"BATANG TUBUH";"PASAL 26"
"22";"(2) Pernyataan pelaporan sebagaimana dimaksud pada";"170,05";"540,7460000000001";"304,7700000000001";"316,7700000000001";"612,2";"BCDFEE+BookmanOldStyle";"12,0";"355,398";"306,1";"0,08052597190460634";"0,2777687030382228";"0,6055145377327672";"False";"BATANG TUBUH";"PASAL 26"
"22";"ayat (1) dipenuhi dan disampaikan kepada PD yang";"191,45";"540,854";"323,1700000000001";"335,1700000000001";"612,2";"BCDFEE+BookmanOldStyle";"12,0";"366,15200000000004";"306,1";"0,09809212675596213";"0,3127245998039856";"0,570735053903953";"False";"BATANG TUBUH";"PASAL 26"
"22";"menyelenggarakan urusan pemerintahan bidang";"191,45";"541,094";"341,3700000000001";"353,3700000000001";"612,2";"BCDFEE+BookmanOldStyle";"12,0";"366,27200000000005";"306,1";"0,09828814113034959";"0,3127245998039856";"0,5711270826527279";"False";"BATANG TUBUH";"PASAL 26"
"22";"pengawasan selaku Unit Pengendalian Gratifikasi paling";"191,45";"541,274";"359,7700000000001";"371,7700000000001";"612,2";"BCDFEE+BookmanOldStyle";"12,0";"366,36199999999997";"306,1";"0,09843515191114005";"0,3127245998039856";"0,571421104214309";"False";"BATANG TUBUH";"PASAL 26"
"22";"lambat tanggal 1 Juli dan 31 Desember.";"191,45";"427,62399999999997";"378,20000000000005";"390,20000000000005";"612,2";"BCDFEE+BookmanOldStyle";"12,0";"309,537";"306,1";"0,0056141783730806185";"0,3127245998039856";"0,38577915713819005";"False";"BATANG TUBUH";"PASAL 26"
"22";"(3) Dalam hal pernyataan pelaporan tidak dipenuhi dan tidak";"170,05";"540,7100000000002";"398,4000000000001";"410,4000000000001";"612,2";"BCDFEE+BookmanOldStyle";"12,0";"355,3800000000001";"306,1";"0,08049656974844835";"0,2777687030382228";"0,605455733420451";"False";"BATANG TUBUH";"PASAL 26"
"22";"disampaikan sampai batas waktu sebagaimana dimaksud";"191,45";"540,77";"416,8";"428,8";"612,2";"BCDFEE+BookmanOldStyle";"12,0";"366,11";"306,1";"0,09802352172492647";"0,3127245998039856";"0,5705978438418817";"False";"BATANG TUBUH";"PASAL 26"
"22";"pada ayat (2), maka TPP ditunda pembayarannya.";"191,45";"485,65399999999994";"435,00000000000006";"447,00000000000006";"612,2";"BCDFEE+BookmanOldStyle";"12,0";"338,55199999999996";"306,1";"0,05300882064684734";"0,3127245998039856";"0,4805684416857235";"False";"BATANG TUBUH";"PASAL 26"
"22";"(4) Unit Pengendalian Gratifikasi menyediakan format";"170,05";"540,7339999999999";"455,40000000000003";"467,40000000000003";"612,2";"BCDFEE+BookmanOldStyle";"12,0";"355,39199999999994";"306,1";"0,08051617118588682";"0,2777687030382228";"0,6054949362953281";"False";"BATANG TUBUH";"PASAL 26"
"22";"pernyataan pelaporan penerimaan dan/atau penolakan";"191,45";"541,216";"473,6";"485,6";"612,2";"BCDFEE+BookmanOldStyle";"12,0";"366,33299999999997";"306,1";"0,09838778177066308";"0,3127245998039856";"0,5713263639333551";"False";"BATANG TUBUH";"PASAL 26"
"22";"gratifikasi sebagaimana dimaksud pada ayat (1).";"191,45";"476,66599999999994";"492,02000000000004";"504,02000000000004";"612,2";"BCDFEE+BookmanOldStyle";"12,0";"334,058";"306,1";"0,04566808232603719";"0,3127245998039856";"0,4658869650441031";"False";"BATANG TUBUH";"PASAL 26"
"22";"BAB VI";"284,9";"326,96";"532,6200000000001";"544,6200000000001";"612,2";"BCDFEE+BookmanOldStyle";"12,0";"305,92999999999995";"306,1";"0,00027768703038234685";"0,4653707938582162";"0,068703038222803";"True";"BATANG TUBUH";"BAB VI"
"22";"TATA CARA PEMBAYARAN";"226,88";"385,028";"553,02";"565,02";"612,2";"BCDFEE+BookmanOldStyle";"12,0";"305,954";"306,1";"0,0002384841555047615";"0,3705978438418817";"0,25832734400522706";"True";"BATANG TUBUH";"BAB VI"
"22";"Pasal 27";"281,1";"330,94";"593,6500000000001";"605,6500000000001";"612,2";"BCDFEE+BookmanOldStyle";"12,0";"306,02";"306,1";"0,00013067624959170357";"0,45916367200261354";"0,08141130349558963";"False";"BATANG TUBUH";"PASAL 27"
"22";"(1) Kepala PD atau Unit PD selaku Pengguna Anggaran atau";"170,05";"541,24";"634,25";"646,25";"612,2";"BCDFEE+BookmanOldStyle";"12,0";"355,645";"306,1";"0,08092943482522044";"0,2777687030382228";"0,6063214635739954";"False";"BATANG TUBUH";"PASAL 27"
"22";"Kuasa Pengguna Anggaran menetapkan ASN penerima TPP";"191,45";"540,7339999999999";"652,45";"664,45";"612,2";"BCDFEE+BookmanOldStyle";"12,0";"366,092";"306,1";"0,0979941195687683";"0,3127245998039856";"0,5705390395295653";"False";"BATANG TUBUH";"PASAL 27"
"22";"dengan Keputusan Kepala PD atau Unit PD.";"191,45";"451,78999999999996";"670,85";"682,85";"612,2";"BCDFEE+BookmanOldStyle";"12,0";"321,62";"306,1";"0,02535119242077749";"0,3127245998039856";"0,42525318523358374";"False";"BATANG TUBUH";"PASAL 27"
"22";"(2) Penetapan sebagaimana dimaksud pada ayat (1)";"170,05";"540,7819999999998";"691,25";"703,25";"612,2";"BCDFEE+BookmanOldStyle";"12,0";"355,41599999999994";"306,1";"0,08055537406076431";"0,2777687030382228";"0,605573342045083";"False";"BATANG TUBUH";"PASAL 27"
"22";"berdasarkan validasi data dan verifikasi hasil analisis";"191,45";"541,01";"709,48";"721,48";"612,2";"BCDFEE+BookmanOldStyle";"12,0";"366,23";"306,1";"0,09821953609931393";"0,3127245998039856";"0,5709898725906566";"False";"BATANG TUBUH";"PASAL 27"
"22";"jabatan dari Bagian Organisasi Sekretariat Daerah.";"191,45";"493,4299999999999";"727,87";"739,87";"612,2";"BCDFEE+BookmanOldStyle";"12,0";"342,43999999999994";"306,1";"0,05935968637700084";"0,3127245998039856";"0,4932701731460305";"False";"BATANG TUBUH";"PASAL 27"
"22";"Pasal 28";"281,1";"330,94";"768,47";"780,47";"612,2";"BCDFEE+BookmanOldStyle";"12,0";"306,02";"306,1";"0,00013067624959170357";"0,45916367200261354";"0,08141130349558963";"False";"BATANG TUBUH";"PASAL 28"
"22";"(1) Perhitungan pembayaran TPP dilakukan dengan";"170,05";"541,25";"809,1";"821,1";"612,2";"BCDFEE+BookmanOldStyle";"12,0";"355,65";"306,1";"0,08093760209081992";"0,2777687030382228";"0,6063377981051943";"False";"BATANG TUBUH";"PASAL 28"
"22";"menggunakan SiapKerja.";"191,45";"338,304";"827,3000000000001";"839,3000000000001";"612,2";"BCDFEE+BookmanOldStyle";"12,0";"264,87699999999995";"306,1";"0,06733583796145061";"0,3127245998039856";"0,23987912446912768";"False";"BATANG TUBUH";"PASAL 28"
"23";"23";"298,7";"313,53999999999996";"35,90000000000009";"47,90000000000009";"612,2";"BCDFEE+BookmanOldStyle";"12,0";"306,12";"306,1";"3,266906239787947e-05";"0,4879124469127735";"0,02424044429924857";"False";"BATANG TUBUH";"PASAL 28"
"23";"(2) Dalam hal SiapKerja sebagaimana dimaksud pada ayat (1)";"170,05";"540,84";"72,92000000000007";"84,92000000000007";"612,2";"BCDFEE+BookmanOldStyle";"12,0";"355,44500000000005";"306,1";"0,08060274420124146";"0,2777687030382228";"0,6056680823260372";"False";"BATANG TUBUH";"PASAL 28"
"23";"rusak atau tidak bisa digunakan yang dibuktikan dengan";"191,45";"540,7819999999998";"92,5200000000001";"104,5200000000001";"612,2";"BCDFEE+BookmanOldStyle";"12,0";"366,1159999999999";"306,1";"0,09803332244364561";"0,3127245998039856";"0,5706174452793201";"False";"BATANG TUBUH";"PASAL 28"
"23";"surat keterangan dari Kepala PD atau Unit PD dan";"191,45";"540,602";"111,92000000000007";"123,92000000000007";"612,2";"BCDFEE+BookmanOldStyle";"12,0";"366,02599999999995";"306,1";"0,09788631166285515";"0,3127245998039856";"0,5703234237177393";"False";"BATANG TUBUH";"PASAL 28"
"23";"diketahui Kepala Badan Kepegawaian dan Pengembangan";"191,45";"540,866";"131,32000000000005";"143,32000000000005";"612,2";"BCDFEE+BookmanOldStyle";"12,0";"366,158";"306,1";"0,09810192747468145";"0,3127245998039856";"0,5707546553413917";"False";"BATANG TUBUH";"PASAL 28"
"23";"Sumber Daya Manusia, maka perhitungan pembayaran";"191,45";"540,6499999999997";"150,7500000000001";"162,7500000000001";"612,2";"BCDFEE+BookmanOldStyle";"12,0";"366,04999999999984";"306,1";"0,09792551453773246";"0,3127245998039856";"0,5704018294674938";"False";"BATANG TUBUH";"PASAL 28"
"23";"TPP dilakukan secara manual.";"191,45";"375,43999999999994";"170,1500000000001";"182,1500000000001";"612,2";"BCDFEE+BookmanOldStyle";"12,0";"283,44499999999994";"306,1";"0,037005880431231764";"0,3127245998039856";"0,3005390395295654";"False";"BATANG TUBUH";"PASAL 28"
"23";"Pasal 29";"281,1";"330,94";"212,95000000000005";"224,95000000000005";"612,2";"BCDFEE+BookmanOldStyle";"12,0";"306,02";"306,1";"0,00013067624959170357";"0,45916367200261354";"0,08141130349558963";"False";"BATANG TUBUH";"PASAL 29"
"23";"(1) PNS yang mutasi antar PD atau Unit PD di lingkungan";"170,05";"540,8059999999999";"255,95000000000005";"267,95000000000005";"612,2";"BCDFEE+BookmanOldStyle";"12,0";"355,428";"306,1";"0,08057497549820315";"0,2777687030382228";"0,6056125449199606";"False";"BATANG TUBUH";"PASAL 29"
"23";"Pemerintah Daerah, TPP dibayarkan sesuai jabatan lama";"191,45";"541,2439999999999";"275,3700000000001";"287,3700000000001";"612,2";"BCDFEE+BookmanOldStyle";"12,0";"366,347";"306,1";"0,09841065011434164";"0,3127245998039856";"0,571372100620712";"False";"BATANG TUBUH";"PASAL 29"
"23";"di PD atau Unit PD sebelum mutasi, sedangkan TPP sesuai";"191,45";"541,136";"294,7700000000001";"306,7700000000001";"612,2";"BCDFEE+BookmanOldStyle";"12,0";"366,293";"306,1";"0,09832244364586733";"0,3127245998039856";"0,5711956876837634";"False";"BATANG TUBUH";"PASAL 29"
"23";"jabatan baru diberikan pada bulan berikutnya.";"191,45";"469,59";"314,1700000000001";"326,1700000000001";"612,2";"BCDFEE+BookmanOldStyle";"12,0";"330,52";"306,1";"0,03988892518784704";"0,3127245998039856";"0,4543286507677229";"False";"BATANG TUBUH";"PASAL 29"
"23";"(2) PNS yang mutasi antar PD atau Unit PD di lingkungan";"170,05";"541,0239999999999";"335,57000000000005";"347,57000000000005";"612,2";"BCDFEE+BookmanOldStyle";"12,0";"355,5369999999999";"306,1";"0,08075302188827163";"0,2777687030382228";"0,6059686377000978";"False";"BATANG TUBUH";"PASAL 29"
"23";"Pemerintah Daerah yang sebelumnya bukan merupakan";"191,45";"541,02";"354,97000000000014";"366,97000000000014";"612,2";"BCDFEE+BookmanOldStyle";"12,0";"366,235";"306,1";"0,0982277033649134";"0,3127245998039856";"0,5710062071218556";"False";"BATANG TUBUH";"PASAL 29"
"23";"PNS penerima TPP, dapat diberikan TPP dengan";"191,45";"540,8059999999999";"374,60000000000014";"386,60000000000014";"612,2";"BCDFEE+BookmanOldStyle";"12,0";"366,12799999999993";"306,1";"0,09805292388108446";"0,3127245998039856";"0,5706566481541978";"False";"BATANG TUBUH";"PASAL 29"
"23";"memperhatikan alokasi anggaran TPP pada PD dimaksud.";"191,45";"534,254";"394,0000000000001";"406,0000000000001";"612,2";"BCDFEE+BookmanOldStyle";"12,0";"362,852";"306,1";"0,09270173146030701";"0,3127245998039856";"0,559954263312643";"False";"BATANG TUBUH";"PASAL 29"
"23";"(3) Pembayaran TPP kepada PNS yang mutasi dari luar";"170,05";"540,9440000000001";"415,40000000000003";"427,40000000000003";"612,2";"BCDFEE+BookmanOldStyle";"12,0";"355,49700000000007";"306,1";"0,08068768376347606";"0,2777687030382228";"0,6058379614505064";"False";"BATANG TUBUH";"PASAL 29"
"23";"Pemerintah Daerah dilaksanakan setelah masa kerja";"191,45";"540,974";"434,8";"446,8";"612,2";"BCDFEE+BookmanOldStyle";"12,0";"366,212";"306,1";"0,09819013394315577";"0,3127245998039856";"0,5709310682783405";"False";"BATANG TUBUH";"PASAL 29"
"23";"2 (dua) tahun sejak melaksanakan tugas sebagaimana";"191,45";"541,2840000000001";"454,20000000000005";"466,20000000000005";"612,2";"BCDFEE+BookmanOldStyle";"12,0";"366,3670000000001";"306,1";"0,09844331917673971";"0,3127245998039856";"0,5714374387455081";"False";"BATANG TUBUH";"PASAL 29"
"23";"tercantum dalam Surat Pernyataan Melaksanakan Tugas";"191,45";"540,884";"473,6";"485,6";"612,2";"BCDFEE+BookmanOldStyle";"12,0";"366,16700000000003";"306,1";"0,09811662855276054";"0,3127245998039856";"0,5707840574975498";"False";"BATANG TUBUH";"PASAL 29"
"23";"dengan ketentuan sebagai berikut:";"191,45";"396,3619999999999";"493,23";"505,23";"612,2";"BCDFEE+BookmanOldStyle";"12,0";"293,90599999999995";"306,1";"0,019918327344005345";"0,3127245998039856";"0,33471414570401814";"False";"BATANG TUBUH";"PASAL 29"
"23";"a. mutasi masuk dengan melaksanakan tugas";"191,45";"541,3599999999999";"514,6200000000001";"526,6200000000001";"612,2";"BCDFEE+BookmanOldStyle";"12,0";"366,405";"306,1";"0,09850539039529557";"0,3127245998039856";"0,5715615811826199";"False";"BATANG TUBUH";"PASAL 29"
"23";"sebagaimana tercantum dalam Surat Pernyataan";"212,68";"541,3019999999999";"534,02";"546,02";"612,2";"BCDFEE+BookmanOldStyle";"12,0";"376,991";"306,1";"0,11579712512250892";"0,3474028095393662";"0,5367886311662853";"False";"BATANG TUBUH";"PASAL 29"
"23";"Melaksanakan Tugas pada bulan Januari sampai";"212,68";"541,246";"553,4300000000001";"565,4300000000001";"612,2";"BCDFEE+BookmanOldStyle";"12,0";"376,96299999999997";"306,1";"0,11575138843515181";"0,3474028095393662";"0,5366971577915713";"False";"BATANG TUBUH";"PASAL 29"
"23";"dengan bulan Juni, pembayaran dapat diberikan";"212,68";"540,772";"572,82";"584,82";"612,2";"BCDFEE+BookmanOldStyle";"12,0";"376,726";"306,1";"0,11536426004573665";"0,3474028095393662";"0,535922901012741";"False";"BATANG TUBUH";"PASAL 29"
"23";"setelah penetapan Perubahan APBD tahun";"212,68";"541,2339999999999";"592,25";"604,25";"612,2";"BCDFEE+BookmanOldStyle";"12,0";"376,957";"306,1";"0,11574158771643248";"0,3474028095393662";"0,5366775563541325";"False";"BATANG TUBUH";"PASAL 29"
"23";"berjalan; dan";"212,68";"290,578";"611,6500000000001";"623,6500000000001";"612,2";"BCDFEE+BookmanOldStyle";"12,0";"251,629";"306,1";"0,08897582489382559";"0,3474028095393662";"0,1272427311336164";"False";"BATANG TUBUH";"PASAL 29"
"23";"b. bagi mutasi masuk dengan melaksanakan tugas";"191,45";"541,1899999999999";"633,25";"645,25";"612,2";"BCDFEE+BookmanOldStyle";"12,0";"366,31999999999994";"306,1";"0,09836654688010439";"0,3127245998039856";"0,5712838941522377";"False";"BATANG TUBUH";"PASAL 29"
"23";"sebagaimana tercantum dalam Surat Pernyataan";"212,68";"541,3019999999999";"652,6500000000001";"664,6500000000001";"612,2";"BCDFEE+BookmanOldStyle";"12,0";"376,991";"306,1";"0,11579712512250892";"0,3474028095393662";"0,5367886311662853";"False";"BATANG TUBUH";"PASAL 29"
"23";"Melaksanakan Tugas pada bulan Juli sampai dengan";"212,68";"540,8859999999999";"672,0500000000001";"684,0500000000001";"612,2";"BCDFEE+BookmanOldStyle";"12,0";"376,7829999999999";"306,1";"0,11545736687357053";"0,3474028095393662";"0,5361091146684087";"False";"BATANG TUBUH";"PASAL 29"
"23";"bulan Desember, pembayaran dapat diberikan setelah";"212,68";"540,784";"691,45";"703,45";"612,2";"BCDFEE+BookmanOldStyle";"12,0";"376,73199999999997";"306,1";"0,11537406076445597";"0,3474028095393662";"0,5359425024501796";"False";"BATANG TUBUH";"PASAL 29"
"23";"penetapan APBD tahun anggaran berikutnya.";"212,68";"482,19";"710,88";"722,88";"612,2";"BCDFEE+BookmanOldStyle";"12,0";"347,435";"306,1";"0,06751878471087876";"0,3474028095393662";"0,4402319503430251";"False";"BATANG TUBUH";"PASAL 29"
"23";"(4) Ketentuan sebagaimana dimaksud pada ayat (2)";"170,05";"540,7699999999999";"732,27";"744,27";"612,2";"BCDFEE+BookmanOldStyle";"12,0";"355,40999999999997";"306,1";"0,08054557334204498";"0,2777687030382228";"0,6055537406076443";"False";"BATANG TUBUH";"PASAL 29"
"23";"dikecualikan bagi:";"191,45";"299,14";"751,6800000000001";"763,6800000000001";"612,2";"BCDFEE+BookmanOldStyle";"12,0";"245,295";"306,1";"0,09932211695524343";"0,3127245998039856";"0,17590656648154196";"False";"BATANG TUBUH";"PASAL 29"
"23";"a. CPNS yang mengisi formasi pengadaan CPNS";"191,45";"540,9879999999999";"773,27";"785,27";"612,2";"BCDFEE+BookmanOldStyle";"12,0";"366,21899999999994";"306,1";"0,09820156811499495";"0,3127245998039856";"0,5709539366220189";"False";"BATANG TUBUH";"PASAL 29"
"23";"Kabupaten Malang;";"212,68";"327,73999999999995";"792,6700000000001";"804,6700000000001";"612,2";"BCDFEE+BookmanOldStyle";"12,0";"270,21";"306,1";"0,05862463247304809";"0,3474028095393662";"0,1879451159751714";"False";"BATANG TUBUH";"PASAL 29"
"23";"b. PNS dan CPNS sekolah kedinasan yang mendapatkan";"191,45";"541,0559999999999";"814,1";"826,1";"612,2";"BCDFEE+BookmanOldStyle";"12,0";"366,25299999999993";"306,1";"0,09825710552107139";"0,3127245998039856";"0,5710650114341717";"False";"BATANG TUBUH";"PASAL 29"
"23";"penempatan pada Kabupaten Malang.";"212,68";"437,15999999999997";"833,5";"845,5";"612,2";"BCDFEE+BookmanOldStyle";"12,0";"324,91999999999996";"306,1";"0,03074158771643243";"0,3474028095393662";"0,36667755635413257";"False";"BATANG TUBUH";"PASAL 29"
"24";"24";"298,7";"313,53999999999996";"35,90000000000009";"47,90000000000009";"612,2";"BCDFEE+BookmanOldStyle";"12,0";"306,12";"306,1";"3,266906239787947e-05";"0,4879124469127735";"0,02424044429924857";"False";"BATANG TUBUH";"PASAL 29"
"24";"(5) Mutasi PNS dalam Jabatan Pelaksana atau pengangkatan";"170,05";"540,9619999999999";"72,92000000000007";"84,92000000000007";"612,2";"BCDFEE+BookmanOldStyle";"12,0";"355,506";"306,1";"0,08070238484155495";"0,2777687030382228";"0,6058673636066643";"False";"BATANG TUBUH";"PASAL 29"
"24";"dalam jabatan fungsional dengan kelas jabatan yang lebih";"191,45";"541,0459999999999";"94,5200000000001";"106,5200000000001";"612,2";"BCDFEE+BookmanOldStyle";"12,0";"366,24799999999993";"306,1";"0,09824893825547192";"0,3127245998039856";"0,5710486769029728";"False";"BATANG TUBUH";"PASAL 29"
"24";"tinggi dari kelas jabatan sebelumnya, diberikan TPP sesuai";"191,45";"540,7099999999999";"115,92000000000007";"127,92000000000007";"612,2";"BCDFEE+BookmanOldStyle";"12,0";"366,0799999999999";"306,1";"0,09797451813132947";"0,3127245998039856";"0,5704998366546878";"False";"BATANG TUBUH";"PASAL 29"
"24";"dengan kelas jabatan yang baru pada tahun anggaran";"191,45";"541,1159999999999";"137,32000000000005";"149,32000000000005";"612,2";"BCDFEE+BookmanOldStyle";"12,0";"366,2829999999999";"306,1";"0,09830610911466821";"0,3127245998039856";"0,5711630186213653";"False";"BATANG TUBUH";"PASAL 29"
"24";"berikutnya yang dihitung berdasarkan tanggal";"191,45";"540,9619999999999";"158,7500000000001";"170,7500000000001";"612,2";"BCDFEE+BookmanOldStyle";"12,0";"366,2059999999999";"306,1";"0,09818033322443626";"0,3127245998039856";"0,5709114668409014";"False";"BATANG TUBUH";"PASAL 29"
"24";"melaksanakan tugas sebagaimana tercantum dalam Surat";"191,45";"541,266";"180,1500000000001";"192,1500000000001";"612,2";"BCDFEE+BookmanOldStyle";"12,0";"366,35799999999995";"306,1";"0,09842861809866044";"0,3127245998039856";"0,5714080365893498";"False";"BATANG TUBUH";"PASAL 29"
"24";"Pernyataan Melaksanakan Tugas.";"191,45";"390,57";"201,55000000000007";"213,55000000000007";"612,2";"BCDFEE+BookmanOldStyle";"12,0";"291,01";"306,1";"0,024648807579222526";"0,3127245998039856";"0,32525318523358376";"False";"BATANG TUBUH";"PASAL 29"
"24";"(6) Dalam hal TPP belum diberikan sesuai dengan kelas";"170,05";"541,0699999999999";"224,95000000000005";"236,95000000000005";"612,2";"BCDFEE+BookmanOldStyle";"12,0";"355,55999999999995";"306,1";"0,08079059131002927";"0,2777687030382228";"0,6060437765436131";"False";"BATANG TUBUH";"PASAL 29"
"24";"jabatan sebagaimana dalam ayat (5), maka diberikan TPP";"191,45";"541,1500000000001";"246,55000000000007";"258,55000000000007";"612,2";"BCDFEE+BookmanOldStyle";"12,0";"366,30000000000007";"306,1";"0,0983338778177067";"0,3127245998039856";"0,5712185560274421";"False";"BATANG TUBUH";"PASAL 29"
"24";"sesuai dengan kelas jabatan sebelum dilakukan mutasi";"191,45";"540,938";"267,97000000000014";"279,97000000000014";"612,2";"BCDFEE+BookmanOldStyle";"12,0";"366,19399999999996";"306,1";"0,09816073178699761";"0,3127245998039856";"0,5708722639660241";"False";"BATANG TUBUH";"PASAL 29"
"24";"atau pengangkatan dalam jabatan.";"191,45";"397,08199999999994";"289,3700000000001";"301,3700000000001";"612,2";"BCDFEE+BookmanOldStyle";"12,0";"294,26599999999996";"306,1";"0,019330284220842958";"0,3127245998039856";"0,3358902319503429";"False";"BATANG TUBUH";"PASAL 29"
"24";"Pasal 30";"281,1";"330,94";"336,18000000000006";"348,18000000000006";"612,2";"BCDFEE+BookmanOldStyle";"12,0";"306,02";"306,1";"0,00013067624959170357";"0,45916367200261354";"0,08141130349558963";"False";"BATANG TUBUH";"PASAL 30"
"24";"(1) Pegawai yang ditunjuk sebagai pelaksana tugas,";"170,05";"534,9979999999999";"383,0000000000001";"395,0000000000001";"612,2";"BCDFEE+BookmanOldStyle";"12,0";"352,524";"306,1";"0,07583142763802675";"0,2777687030382228";"0,5961254491996077";"False";"BATANG TUBUH";"PASAL 30"
"24";"pelaksana harian atau penjabat dengan jangka waktu";"191,45";"535,0459999999999";"404,4000000000001";"416,40000000000003";"612,2";"BCDFEE+BookmanOldStyle";"11,999999999999943";"363,24799999999993";"306,1";"0,09334857889578554";"0,3127245998039856";"0,5612479581836";"False";"BATANG TUBUH";"PASAL 30"
"24";"paling singkat 1 (satu) bulan kalender, diberikan TPP";"191,45";"535,39";"426,00000000000006";"438,00000000000006";"612,2";"BCDFEE+BookmanOldStyle";"12,0";"363,41999999999996";"306,1";"0,0936295328324076";"0,3127245998039856";"0,5618098660568441";"False";"BATANG TUBUH";"PASAL 30"
"24";"tambahan dengan ketentuan sebagai berikut:";"191,45";"459,902";"447,40000000000003";"459,40000000000003";"612,2";"BCDFEE+BookmanOldStyle";"12,0";"325,676";"306,1";"0,031976478275073446";"0,3127245998039856";"0,43850375694217575";"False";"BATANG TUBUH";"PASAL 30"
"24";"a. pejabat atasan langsung atau atasan tidak langsung";"191,45";"535,3480000000002";"470,8";"482,8";"612,2";"BCDFEE+BookmanOldStyle";"12,0";"363,3990000000001";"306,1";"0,09359523031689004";"0,3127245998039856";"0,5617412610258088";"False";"BATANG TUBUH";"PASAL 30"
"24";"yang merangkap sebagai pelaksana tugas, pelaksana";"212,68";"535,096";"492,22";"504,22";"612,2";"BCDFEE+BookmanOldStyle";"12,0";"373,88800000000003";"306,1";"0,11072852009147338";"0,3474028095393662";"0,5266514211042143";"False";"BATANG TUBUH";"PASAL 30"
"24";"harian atau penjabat diberikan TPP tambahan sebesar";"212,68";"535,444";"513,6200000000001";"525,6200000000001";"612,2";"BCDFEE+BookmanOldStyle";"12,0";"374,062";"306,1";"0,11101274093433516";"0,3474028095393662";"0,5272198627899378";"False";"BATANG TUBUH";"PASAL 30"
"24";"20% (dua puluh persen) dari besaran TPP sesuai";"212,68";"535,264";"535,02";"547,02";"612,2";"BCDFEE+BookmanOldStyle";"12,0";"373,972";"306,1";"0,11086573015354452";"0,3474028095393662";"0,5269258412283567";"False";"BATANG TUBUH";"PASAL 30"
"24";"dengan penempatan dalam jabatan yang dirangkap;";"212,68";"519,312";"556,4200000000001";"568,4200000000001";"612,2";"BCDFEE+BookmanOldStyle";"12,0";"365,996";"306,1";"0,09783730806925833";"0,3474028095393662";"0,5008689970597844";"False";"BATANG TUBUH";"PASAL 30"
"24";"b. pejabat setingkat yang merangkap sebagai pelaksana";"191,45";"535,0";"579,82";"591,82";"612,2";"BCDFEE+BookmanOldStyle";"12,0";"363,225";"306,1";"0,0933110094740281";"0,3127245998039856";"0,5611728193400849";"False";"BATANG TUBUH";"PASAL 30"
"24";"tugas, pelaksana harian atau penjabat diberikan TPP";"212,68";"534,748";"601,45";"613,45";"612,2";"BCDFEE+BookmanOldStyle";"12,0";"373,71400000000006";"306,1";"0,11044429924861161";"0,3474028095393662";"0,5260829794184907";"False";"BATANG TUBUH";"PASAL 30"
"24";"yang lebih tinggi dan diberikan TPP tambahan sebesar";"212,68";"535,06";"622,85";"634,85";"612,2";"BCDFEE+BookmanOldStyle";"12,0";"373,87";"306,1";"0,11069911793531521";"0,3474028095393662";"0,526592616791898";"False";"BATANG TUBUH";"PASAL 30"
"24";"20% (dua puluh persen) dari besaran TPP yang lebih";"212,68";"534,952";"644,25";"656,25";"612,2";"BCDFEE+BookmanOldStyle";"12,0";"373,81600000000003";"306,1";"0,1106109114668409";"0,3474028095393662";"0,5264162038549494";"False";"BATANG TUBUH";"PASAL 30"
"24";"rendah pada jabatan definitif atau jabatan yang";"212,68";"535,2560000000001";"665,6500000000001";"677,6500000000001";"612,2";"BCDFEE+BookmanOldStyle";"12,0";"373,9680000000001";"306,1";"0,11085919634106509";"0,3474028095393662";"0,5269127736033977";"False";"BATANG TUBUH";"PASAL 30"
"24";"dirangkapnya;";"212,68";"297,256";"687,0500000000001";"699,0500000000001";"612,2";"BCDFEE+BookmanOldStyle";"12,0";"254,968";"306,1";"0,08352172492649466";"0,3474028095393662";"0,13815093106827828";"False";"BATANG TUBUH";"PASAL 30"
"24";"c. pejabat satu tingkat di bawah pejabat definitif yang";"191,45";"535,396";"710,47";"722,47";"612,2";"BCDFEE+BookmanOldStyle";"12,0";"363,423";"306,1";"0,09363443319176736";"0,3127245998039856";"0,5618196667755635";"False";"BATANG TUBUH";"PASAL 30"
"24";"berhalangan tetap atau berhalangan sementara yang";"212,68";"535,42";"731,87";"743,87";"612,2";"BCDFEE+BookmanOldStyle";"12,0";"374,04999999999995";"306,1";"0,11099313949689632";"0,3474028095393662";"0,5271806599150604";"False";"BATANG TUBUH";"PASAL 30"
"24";"merangkap sebagai pelaksana tugas, pelaksana harian";"212,68";"536,0319999999998";"753,27";"765,27";"612,2";"BCDFEE+BookmanOldStyle";"12,0";"374,3559999999999";"306,1";"0,11149297615158421";"0,3474028095393662";"0,5281803332244361";"False";"BATANG TUBUH";"PASAL 30"
"24";"atau penjabat diberikan TPP sebesar 100% (seratus";"212,68";"536,01";"774,87";"786,87";"612,2";"BCDFEE+BookmanOldStyle";"12,0";"374,345";"306,1";"0,1114750081672656";"0,3474028095393662";"0,5281443972557986";"False";"BATANG TUBUH";"PASAL 30"
"24";"persen) dari besaran TPP sesuai dengan penempatan";"212,68";"535,372";"796,2700000000001";"808,2700000000001";"612,2";"BCDFEE+BookmanOldStyle";"12,0";"374,02599999999995";"306,1";"0,11095393662201883";"0,3474028095393662";"0,5271022541653053";"False";"BATANG TUBUH";"PASAL 30"
"24";"dalam jabatan yang dirangkap dan tidak diberikan";"212,68";"535,3119999999999";"817,7";"829,7";"612,2";"BCDFEE+BookmanOldStyle";"12,0";"373,996";"306,1";"0,11090493302842201";"0,3474028095393662";"0,5270042469781115";"False";"BATANG TUBUH";"PASAL 30"
"24";"TPP dalam jabatan definitifnya; dan";"212,68";"423,06399999999996";"839,1";"851,1";"612,2";"BCDFEE+BookmanOldStyle";"12,0";"317,87199999999996";"306,1";"0,019229010127409234";"0,3474028095393662";"0,34365240117608614";"False";"BATANG TUBUH";"PASAL 30"
"25";"25";"298,7";"313,53999999999996";"35,90000000000009";"47,90000000000009";"612,2";"BCDFEE+BookmanOldStyle";"12,0";"306,12";"306,1";"3,266906239787947e-05";"0,4879124469127735";"0,02424044429924857";"False";"BATANG TUBUH";"PASAL 30"
"25";"d. pelaksana bawahan dari pejabat definitif yang";"191,45";"534,916";"72,92000000000007";"84,92000000000007";"612,2";"BCDFEE+BookmanOldStyle";"12,0";"363,183";"306,1";"0,09324240444299244";"0,3127245998039856";"0,5610356092780138";"False";"BATANG TUBUH";"PASAL 30"
"25";"berhalangan tetap atau berhalangan sementara, yang";"212,68";"534,7959999999998";"93,72000000000014";"105,72000000000014";"612,2";"BCDFEE+BookmanOldStyle";"12,0";"373,73799999999994";"306,1";"0,11048350212348891";"0,3474028095393662";"0,5261613851682453";"False";"BATANG TUBUH";"PASAL 30"
"25";"merangkap sebagai pelaksana tugas atau pelaksana";"212,68";"535,268";"114,5200000000001";"126,5200000000001";"612,2";"BCDFEE+BookmanOldStyle";"12,0";"373,97400000000005";"306,1";"0,11086899705978441";"0,3474028095393662";"0,5269323750408363";"False";"BATANG TUBUH";"PASAL 30"
"25";"harian diberikan TPP sebesar 100% (seratus persen)";"212,68";"535,0600000000001";"135,12000000000012";"147,12000000000012";"612,2";"BCDFEE+BookmanOldStyle";"12,0";"373,87";"306,1";"0,11069911793531521";"0,3474028095393662";"0,5265926167918982";"False";"BATANG TUBUH";"PASAL 30"
"25";"dari besaran TPP sesuai dengan penempatan dalam";"212,68";"534,8439999999998";"155,95000000000005";"167,95000000000005";"612,2";"BCDFEE+BookmanOldStyle";"12,0";"373,76199999999994";"306,1";"0,1105227049983664";"0,3474028095393662";"0,5262397909180003";"False";"BATANG TUBUH";"PASAL 30"
"25";"jabatan yang dirangkap dan tidak diberikan TPP";"212,68";"534,832";"176,7500000000001";"188,7500000000001";"612,2";"BCDFEE+BookmanOldStyle";"12,0";"373,756";"306,1";"0,11051290427964708";"0,3474028095393662";"0,5262201894805618";"False";"BATANG TUBUH";"PASAL 30"
"25";"dalam jabatan definitifnya.";"212,68";"370,792";"197,35000000000014";"209,35000000000014";"612,2";"BCDFEE+BookmanOldStyle";"12,0";"291,736";"306,1";"0,023462920614178425";"0,3474028095393662";"0,25826853969291075";"False";"BATANG TUBUH";"PASAL 30"
"25";"(2) Penunjukan sebagai pelaksana tugas, pelaksana harian";"170,05";"541,1179999999998";"220,1500000000001";"232,1500000000001";"612,2";"BCDFEE+BookmanOldStyle";"12,0";"355,58399999999995";"306,1";"0,08082979418490677";"0,2777687030382228";"0,6061221822933678";"False";"BATANG TUBUH";"PASAL 30"
"25";"atau penjabat sebagaimana dimaksud pada ayat (1) sesuai";"191,45";"540,964";"240,7500000000001";"252,7500000000001";"612,2";"BCDFEE+BookmanOldStyle";"12,0";"366,207";"306,1";"0,0981819666775563";"0,3127245998039856";"0,5709147337471415";"False";"BATANG TUBUH";"PASAL 30"
"25";"dengan ketentuan peraturan perundang-undangan.";"191,45";"495,152";"261,57000000000005";"273,57000000000005";"612,2";"BCDFEE+BookmanOldStyle";"12,0";"343,301";"306,1";"0,06076608951323091";"0,3127245998039856";"0,49608297941849067";"False";"BATANG TUBUH";"PASAL 30"
"25";"BAB VII";"282,9";"329,14799999999997";"306,97000000000014";"318,97000000000014";"612,2";"BCDFEE+BookmanOldStyle";"12,0";"306,024";"306,1";"0,00012414243711209052";"0,4621038876184253";"0,07554393988892516";"True";"BATANG TUBUH";"BAB VII"
"25";"PENDANAAN";"267,67";"344,302";"329,7700000000001";"341,7700000000001";"612,2";"BCDFEE+BookmanOldStyle";"12,0";"305,986";"306,1";"0,0001862136556681358";"0,4372263966024175";"0,12517477948382882";"True";"BATANG TUBUH";"BAB VII"
"25";"Pasal 31";"281,1";"330,94";"375,20000000000005";"387,20000000000005";"612,2";"BCDFEE+BookmanOldStyle";"12,0";"306,02";"306,1";"0,00013067624959170357";"0,45916367200261354";"0,08141130349558963";"False";"BATANG TUBUH";"PASAL 31"
"25";"(1) Pendanaan atas pelaksanaan TPP dibebankan pada";"170,05";"541,226";"420,6";"432,6";"612,2";"BCDFEE+BookmanOldStyle";"12,0";"355,63800000000003";"306,1";"0,08091800065338126";"0,2777687030382228";"0,6062985952303168";"False";"BATANG TUBUH";"PASAL 31"
"25";"Anggaran Pendapatan dan Belanja Daerah.";"191,45";"446,19";"441,40000000000003";"453,40000000000003";"612,2";"BCDFEE+BookmanOldStyle";"12,0";"318,82";"306,1";"0,020777523685070187";"0,3127245998039856";"0,4161058477621692";"False";"BATANG TUBUH";"PASAL 31"
"25";"(2) Pendanaan sebagaimana dimaksud pada ayat (1)";"170,05";"541,102";"464,00000000000006";"476,00000000000006";"612,2";"BCDFEE+BookmanOldStyle";"12,0";"355,576";"306,1";"0,08081672655994772";"0,2777687030382228";"0,6060960470434498";"False";"BATANG TUBUH";"PASAL 31"
"25";"dibayarkan berdasarkan Dokumen Pelaksanaan Anggaran";"191,45";"541,0219999999998";"484,82000000000005";"496,82000000000005";"612,2";"BCDFEE+BookmanOldStyle";"12,0";"366,2359999999999";"306,1";"0,09822933681803307";"0,3127245998039856";"0,5710094740280951";"False";"BATANG TUBUH";"PASAL 31"
"25";"pada masing-masing PD atau Unit PD.";"191,45";"419,068";"505,62000000000006";"517,6200000000001";"612,2";"BCDFEE+BookmanOldStyle";"12,0";"305,259";"306,1";"0,0013737340738320942";"0,3127245998039856";"0,37180333224436457";"False";"BATANG TUBUH";"PASAL 31"
"25";"(3) Pajak penghasilan atas pembayaran TPP dibebankan";"170,05";"541,242";"528,22";"540,22";"612,2";"BCDFEE+BookmanOldStyle";"12,0";"355,64599999999996";"306,1";"0,0809310682783403";"0,2777687030382228";"0,606324730480235";"False";"BATANG TUBUH";"PASAL 31"
"25";"kepada ASN penerima TPP sesuai dengan ketentuan";"191,45";"541,43";"549,02";"561,02";"612,2";"BCDFEE+BookmanOldStyle";"12,0";"366,43999999999994";"306,1";"0,09856256125449185";"0,3127245998039856";"0,5716759229010127";"False";"BATANG TUBUH";"PASAL 31"
"25";"peraturan perundang-undangan di bidang perpajakan.";"191,45";"515,0120000000001";"569,6200000000001";"581,6200000000001";"612,2";"BCDFEE+BookmanOldStyle";"12,0";"353,231";"306,1";"0,07698627899379283";"0,3127245998039856";"0,5285233583796146";"False";"BATANG TUBUH";"PASAL 31"
"25";"BAB VIII";"280,9";"331,14399999999995";"615,25";"627,25";"612,2";"BCDFEE+BookmanOldStyle";"12,0";"306,02199999999993";"306,1";"0,0001274093433519899";"0,4588369813786344";"0,08207121855602739";"True";"BATANG TUBUH";"BAB VIII"
"25";"PEMBINAAN DAN PENGAWASAN";"208,08";"403,81600000000003";"637,85";"649,85";"612,2";"BCDFEE+BookmanOldStyle";"12,0";"305,94800000000004";"306,1";"0,00024828487422408823";"0,3398889251878471";"0,3197255798758576";"True";"BATANG TUBUH";"BAB VIII"
"25";"Pasal 32";"281,1";"330,94";"683,25";"695,25";"612,2";"BCDFEE+BookmanOldStyle";"12,0";"306,02";"306,1";"0,00013067624959170357";"0,45916367200261354";"0,08141130349558963";"False";"BATANG TUBUH";"PASAL 32"
"25";"(1) Bupati berwenang melakukan pembinaan dan pengawasan";"170,05";"541,0459999999999";"728,88";"740,88";"612,2";"BCDFEE+BookmanOldStyle";"12,0";"355,548";"306,1";"0,08077098987259061";"0,2777687030382228";"0,6060045736687355";"False";"BATANG TUBUH";"PASAL 32"
"25";"atas pelaksanaan TPP.";"191,45";"324,53999999999996";"749,48";"761,48";"612,2";"BCDFEE+BookmanOldStyle";"12,0";"257,995";"306,1";"0,07857726233257108";"0,3127245998039856";"0,21739627572688658";"False";"BATANG TUBUH";"PASAL 32"
"25";"(2) Dalam melaksanakan pembinaan dan pengawasan";"170,05";"541,0939999999999";"772,27";"784,27";"612,2";"BCDFEE+BookmanOldStyle";"12,0";"355,572";"306,1";"0,0808101927474681";"0,2777687030382228";"0,6060829794184905";"False";"BATANG TUBUH";"PASAL 32"
"25";"sebagaimana dimaksud pada ayat (1), Bupati membentuk";"191,45";"540,926";"792,87";"804,87";"612,2";"BCDFEE+BookmanOldStyle";"12,000000000000014";"366,188";"306,1";"0,09815093106827828";"0,3127245998039856";"0,5708526625285855";"False";"BATANG TUBUH";"PASAL 32"
"25";"Tim Pelaksana TPP yang ditetapkan dengan Keputusan";"191,45";"541,024";"813,7";"825,7";"612,2";"BCDFEE+BookmanOldStyle";"12,0";"366,23699999999997";"306,1";"0,09823097027115311";"0,3127245998039856";"0,5710127409343352";"False";"BATANG TUBUH";"PASAL 32"
"25";"Bupati.";"191,45";"234,842";"834,5";"846,5";"612,2";"BCDFEE+BookmanOldStyle";"12,0";"213,14600000000002";"306,1";"0,1518360013067625";"0,3127245998039856";"0,0708787977785038";"False";"BATANG TUBUH";"PASAL 32"
"26";"26";"298,7";"313,53999999999996";"35,90000000000009";"47,90000000000009";"612,2";"BCDFEE+BookmanOldStyle";"12,0";"306,12";"306,1";"3,266906239787947e-05";"0,4879124469127735";"0,02424044429924857";"False";"BATANG TUBUH";"PASAL 32"
"26";"(3) Keanggotaan Tim Pelaksana TPP sebagaimana dimaksud";"170,05";"541,07";"72,92000000000007";"84,92000000000007";"612,2";"BCDFEE+BookmanOldStyle";"12,0";"355,56000000000006";"306,1";"0,08079059131002946";"0,2777687030382228";"0,6060437765436132";"False";"BATANG TUBUH";"PASAL 32"
"26";"pada ayat (2) sekurang-kurangnya terdiri atas:";"191,45";"466,4199999999999";"91,12000000000012";"103,12000000000012";"612,2";"BCDFEE+BookmanOldStyle";"12,0";"328,93499999999995";"306,1";"0,037299901992812676";"0,3127245998039856";"0,4491506043776542";"False";"BATANG TUBUH";"PASAL 32"
"26";"a. Ketua : Sekretaris Daerah.";"191,45";"400,87199999999996";"111,12000000000012";"123,12000000000012";"612,2";"BCDFEE+BookmanOldStyle";"12,0";"296,16099999999994";"306,1";"0,016234890558641094";"0,3127245998039856";"0,3420810192747467";"False";"BATANG TUBUH";"PASAL 32"
"26";"b. Sekretaris : Kepala Badan Kepegawaian dan";"191,45";"541,02";"131,12000000000012";"143,12000000000012";"612,2";"BCDFEE+BookmanOldStyle";"12,0";"366,235";"306,1";"0,0982277033649134";"0,3127245998039856";"0,5710062071218556";"False";"BATANG TUBUH";"PASAL 32"
"26";"Pengembangan Sumber Daya Manusia.";"290,7";"522,3960000000001";"149,12000000000012";"161,12000000000012";"612,2";"BCDFEE+BookmanOldStyle";"12,0";"406,548";"306,1";"0,16407709898725903";"0,4748448219536099";"0,3784645540672984";"False";"BATANG TUBUH";"PASAL 32"
"26";"c. Anggota : 1. Inspektur;";"191,45";"372,90799999999996";"169,1500000000001";"181,1500000000001";"612,2";"BCDFEE+BookmanOldStyle";"12,0";"282,179";"306,1";"0,039073832081019354";"0,3127245998039856";"0,29640313622999015";"False";"BATANG TUBUH";"PASAL 32"
"26";"2. Kepala Badan Perencanaan";"290,7";"541,43";"189,1500000000001";"201,1500000000001";"612,2";"BCDFEE+BookmanOldStyle";"12,0";"416,06499999999994";"306,1";"0,179622672329304";"0,4748448219536099";"0,40955570075138836";"False";"BATANG TUBUH";"PASAL 32"
"26";"Pembangunan Daerah;";"311,9";"447,23599999999993";"207,1500000000001";"219,1500000000001";"612,2";"BCDFEE+BookmanOldStyle";"12,0";"379,568";"306,1";"0,12000653381247951";"0,5094740280953935";"0,22106501143417176";"False";"BATANG TUBUH";"PASAL 32"
"26";"3. Kepala Badan Keuangan dan Aset";"290,7";"540,8599999999999";"227,1500000000001";"239,1500000000001";"612,2";"BCDFEE+BookmanOldStyle";"12,0";"415,78";"306,1";"0,17915713819013385";"0,4748448219536099";"0,40862463247304787";"False";"BATANG TUBUH";"PASAL 32"
"26";"Daerah;";"311,9";"358,73999999999995";"245,1500000000001";"257,1500000000001";"612,2";"BCDFEE+BookmanOldStyle";"12,0";"335,31999999999994";"306,1";"0,047729500163345165";"0,5094740280953935";"0,07651094413590326";"False";"BATANG TUBUH";"PASAL 32"
"26";"4. Kepala Bagian Organisasi Sekretariat";"290,7";"541,0519999999999";"265,18000000000006";"277,18000000000006";"612,2";"BCDFEE+BookmanOldStyle";"12,0";"415,876";"306,1";"0,17931394968964381";"0,4748448219536099";"0,4089382554720678";"False";"BATANG TUBUH";"PASAL 32"
"26";"Daerah.";"311,9";"358,7";"283,3700000000001";"295,3700000000001";"612,2";"BCDFEE+BookmanOldStyle";"12,0";"335,29999999999995";"306,1";"0,04769683110094729";"0,5094740280953935";"0,07644560601110749";"False";"BATANG TUBUH";"PASAL 32"
"26";"(4) Tim Pelaksana TPP sebagaimana dimaksud pada ayat (2)";"170,05";"540,864";"303,3700000000001";"315,3700000000001";"612,2";"BCDFEE+BookmanOldStyle";"12,0";"355,457";"306,1";"0,08062234563868012";"0,2777687030382228";"0,6057072852009148";"False";"BATANG TUBUH";"PASAL 32"
"26";"melaporkan hasil penilaian kinerja kepada Bupati.";"191,45";"489,722";"321,3700000000001";"333,3700000000001";"612,2";"BCDFEE+BookmanOldStyle";"12,0";"340,586";"306,1";"0,05633126429271478";"0,3127245998039856";"0,4872133289774583";"False";"BATANG TUBUH";"PASAL 32"
"26";"Pasal 33";"281,1";"330,94";"361,3700000000001";"373,3700000000001";"612,2";"BCDFEE+BookmanOldStyle";"12,0";"306,02";"306,1";"0,00013067624959170357";"0,45916367200261354";"0,08141130349558963";"False";"BATANG TUBUH";"PASAL 33"
"26";"(1) Pembinaan dan pengawasan secara struktural dan";"170,05";"541,0959999999999";"401,4000000000001";"413,40000000000003";"612,2";"BCDFEE+BookmanOldStyle";"11,999999999999943";"355,573";"306,1";"0,08081182620058797";"0,2777687030382228";"0,6060862463247302";"False";"BATANG TUBUH";"PASAL 33"
"26";"fungsional dilakukan masing-masing Kepala PD atau Unit";"191,45";"541,41";"419,40000000000003";"431,40000000000003";"612,2";"BCDFEE+BookmanOldStyle";"12,0";"366,42999999999995";"306,1";"0,09854622672329291";"0,3127245998039856";"0,5716432538386148";"False";"BATANG TUBUH";"PASAL 33"
"26";"PD terhadap pejabat yang menangani kepegawaian dan";"191,45";"541,0339999999999";"437,40000000000003";"449,40000000000003";"612,2";"BCDFEE+BookmanOldStyle";"12,0";"366,24199999999996";"306,1";"0,09823913753675259";"0,3127245998039856";"0,5710290754655339";"False";"BATANG TUBUH";"PASAL 33"
"26";"pejabat yang menangani keuangan di lingkungannya, serta";"191,45";"540,914";"455,40000000000003";"467,40000000000003";"612,2";"BCDFEE+BookmanOldStyle";"12,0";"366,182";"306,1";"0,09814113034955894";"0,3127245998039856";"0,5708330610911466";"False";"BATANG TUBUH";"PASAL 33"
"26";"melakukan rekonsiliasi data baik secara periodik maupun";"191,45";"540,9019999999999";"473,6";"485,6";"612,2";"BCDFEE+BookmanOldStyle";"12,0";"366,17599999999993";"306,1";"0,09813132963083944";"0,3127245998039856";"0,5708134596537078";"False";"BATANG TUBUH";"PASAL 33"
"26";"sewaktu-waktu.";"191,45";"285,65";"491,62000000000006";"503,62000000000006";"612,2";"BCDFEE+BookmanOldStyle";"12,0";"238,54999999999998";"306,1";"0,11033975824893831";"0,3127245998039856";"0,1538712838941522";"False";"BATANG TUBUH";"PASAL 33"
"26";"(2) Kepala PD atau Unit PD sebagaimana dimaksud pada";"170,05";"540,942";"511,62000000000006";"523,6200000000001";"612,2";"BCDFEE+BookmanOldStyle";"12,0";"355,496";"306,1";"0,08068605031035601";"0,2777687030382228";"0,6058346945442665";"False";"BATANG TUBUH";"PASAL 33"
"26";"ayat (1) selaku Pengguna Anggaran atau Kuasa Pengguna";"191,45";"540,962";"529,6200000000001";"541,6200000000001";"612,2";"BCDFEE+BookmanOldStyle";"12,0";"366,206";"306,1";"0,09818033322443644";"0,3127245998039856";"0,5709114668409017";"False";"BATANG TUBUH";"PASAL 33"
"26";"Anggaran wajib memastikan pemenuhan syarat";"191,45";"540,8779999999999";"547,6200000000001";"559,6200000000001";"612,2";"BCDFEE+BookmanOldStyle";"12,0";"366,164";"306,1";"0,09811172819340079";"0,3127245998039856";"0,5707742567788303";"False";"BATANG TUBUH";"PASAL 33"
"26";"administratif dan teknis dengan menerapkan sistem";"191,45";"541,1179999999999";"565,6200000000001";"577,6200000000001";"612,2";"BCDFEE+BookmanOldStyle";"12,0";"366,284";"306,1";"0,09830774256778825";"0,3127245998039856";"0,5711662855276052";"False";"BATANG TUBUH";"PASAL 33"
"26";"pengendalian internal secara berjenjang dan memadai,";"191,45";"541,204";"583,6200000000001";"595,6200000000001";"612,2";"BCDFEE+BookmanOldStyle";"12,0";"366,327";"306,1";"0,09837798105194376";"0,3127245998039856";"0,5713067624959163";"False";"BATANG TUBUH";"PASAL 33"
"26";"mulai dari penghitungan hingga prosedur penetapan, serta";"191,45";"540,8299999999999";"601,6500000000001";"613,6500000000001";"612,2";"BCDFEE+BookmanOldStyle";"12,0";"366,14";"306,1";"0,09807252531852328";"0,3127245998039856";"0,5706958510290753";"False";"BATANG TUBUH";"PASAL 33"
"26";"bertanggung jawab atas implikasi pembayaran TPP";"191,45";"540,992";"619,6500000000001";"631,6500000000001";"612,2";"BCDFEE+BookmanOldStyle";"12,0";"366,221";"306,1";"0,09820483502123485";"0,3127245998039856";"0,5709604704344985";"False";"BATANG TUBUH";"PASAL 33"
"26";"di lingkungannya.";"191,45";"298,00999999999993";"637,6500000000001";"649,6500000000001";"612,2";"BCDFEE+BookmanOldStyle";"12,0";"244,72999999999996";"306,1";"0,1002450179679844";"0,3127245998039856";"0,17406076445606";"False";"BATANG TUBUH";"PASAL 33"
"26";"BAB IX";"284,9";"327,14";"677,85";"689,85";"612,2";"BCDFEE+BookmanOldStyle";"12,0";"306,02";"306,1";"0,00013067624959170357";"0,4653707938582162";"0,0689970597843842";"True";"BATANG TUBUH";"BAB IX"
"26";"KETENTUAN LAIN-LAIN";"235,27";"376,552";"697,87";"709,87";"612,2";"BCDFEE+BookmanOldStyle";"12,0";"305,911";"306,1";"0,0003087226396602766";"0,38430251551780464";"0,23077752368507023";"True";"BATANG TUBUH";"BAB IX"
"26";"Pasal 34";"280,9";"330,74";"737,88";"749,88";"612,2";"BCDFEE+BookmanOldStyle";"12,0";"305,82";"306,1";"0,00045736687357077676";"0,4588369813786344";"0,08141130349558973";"False";"BATANG TUBUH";"PASAL 34"
"26";"(1) PNS fungsional tertentu yang belum dikukuhkan diberikan";"170,05";"540,554";"777,87";"789,87";"612,2";"BCDFEE+BookmanOldStyle";"12,0";"355,302";"306,1";"0,08036916040509637";"0,2777687030382228";"0,605200914733747";"False";"BATANG TUBUH";"PASAL 34"
"26";"TPP sebesar 80% (delapan puluh persen) dari TPP yang";"191,45";"540,6399999999999";"795,87";"807,87";"612,2";"BCDFEE+BookmanOldStyle";"12,0";"366,04499999999996";"306,1";"0,09791734727213318";"0,3127245998039856";"0,5703854949362951";"False";"BATANG TUBUH";"PASAL 34"
"26";"seharusnya diterima sampai yang bersangkutan";"191,45";"540,686";"813,9000000000001";"825,9000000000001";"612,2";"BCDFEE+BookmanOldStyle";"12,0";"366,068";"306,1";"0,09795491669389081";"0,3127245998039856";"0,5704606337798106";"False";"BATANG TUBUH";"PASAL 34"
"26";"dikukuhkan.";"191,45";"267,91999999999996";"832,1";"844,1";"612,2";"BCDFEE+BookmanOldStyle";"12,0";"229,68499999999997";"306,1";"0,12482032015681158";"0,3127245998039856";"0,12491016007840569";"False";"BATANG TUBUH";"PASAL 34"
"27";"27";"298,7";"313,53999999999996";"35,90000000000009";"47,90000000000009";"612,2";"BCDFEE+BookmanOldStyle";"12,0";"306,12";"306,1";"3,266906239787947e-05";"0,4879124469127735";"0,02424044429924857";"False";"BATANG TUBUH";"PASAL 34"
"27";"(2) CPNS diberikan TPP sebesar 80% (delapan puluh persen)";"170,05";"540,6500000000002";"72,92000000000007";"84,92000000000007";"612,2";"BCDFEE+BookmanOldStyle";"12,0";"355,35000000000014";"306,1";"0,08044756615485153";"0,2777687030382228";"0,6053577262332573";"False";"BATANG TUBUH";"PASAL 34"
"27";"dari TPP yang seharusnya diterima.";"191,45";"401,56";"93,12000000000012";"105,12000000000012";"612,2";"BCDFEE+BookmanOldStyle";"12,0";"296,505";"306,1";"0,015672982685396974";"0,3127245998039856";"0,3432048350212349";"False";"BATANG TUBUH";"PASAL 34"
"27";"(3) TPP bagi PPPK diberikan berdasarkan besaran alokasi TPP";"170,05";"540,662";"115,32000000000005";"127,32000000000005";"612,2";"BCDFEE+BookmanOldStyle";"12,0";"355,356";"306,1";"0,08045736687357068";"0,2777687030382228";"0,6053773276706959";"False";"BATANG TUBUH";"PASAL 34"
"27";"sebagaimana dimaksud dalam Pasal 16 dengan persentase";"191,45";"540,842";"135,5200000000001";"147,5200000000001";"612,2";"BCDFEE+BookmanOldStyle";"12,0";"366,14599999999996";"306,1";"0,09808232603724262";"0,3127245998039856";"0,5707154524665141";"False";"BATANG TUBUH";"PASAL 34"
"27";"menyesuaikan kemampuan keuangan Daerah.";"191,45";"467,12";"155,55000000000007";"167,55000000000007";"612,2";"BCDFEE+BookmanOldStyle";"12,0";"329,28499999999997";"306,1";"0,03787161058477612";"0,3127245998039856";"0,45029402156158116";"False";"BATANG TUBUH";"PASAL 34"
"27";"(4) TPP bagi PPPK sebagaimana dimaksud pada ayat (3)";"170,05";"540,5419999999999";"177,7500000000001";"189,7500000000001";"612,2";"BCDFEE+BookmanOldStyle";"12,0";"355,29599999999994";"306,1";"0,08035935968637685";"0,2777687030382228";"0,6051813132963082";"False";"BATANG TUBUH";"PASAL 34"
"27";"diberikan bagi PPPK dengan masa kerja minimal 2 (dua)";"191,45";"540,5300000000001";"197,95000000000005";"209,95000000000005";"612,2";"BCDFEE+BookmanOldStyle";"12,0";"365,99";"306,1";"0,09782750735053901";"0,3127245998039856";"0,570205815093107";"False";"BATANG TUBUH";"PASAL 34"
"27";"tahun yang dimulai dari tanggal Surat Keputusan";"191,45";"540,5779999999999";"217,95000000000005";"229,95000000000005";"612,2";"BCDFEE+BookmanOldStyle";"12,0";"366,0139999999999";"306,1";"0,09786671022541632";"0,3127245998039856";"0,5702842208428616";"False";"BATANG TUBUH";"PASAL 34"
"27";"Penganggkatan PPPK.";"191,45";"319,64799999999997";"238,1500000000001";"250,1500000000001";"612,2";"BCDFEE+BookmanOldStyle";"12,0";"255,54899999999998";"306,1";"0,08257268866383541";"0,3127245998039856";"0,209405423064358";"False";"BATANG TUBUH";"PASAL 34"
"27";"(5) Pembatasan masa kerja bagi PPPK sebagaimana dimaksud";"170,05";"540,6080000000001";"260,3700000000001";"272,3700000000001";"612,2";"BCDFEE+BookmanOldStyle";"12,0";"355,32900000000006";"306,1";"0,08041326363933361";"0,2777687030382228";"0,6052891212022216";"False";"BATANG TUBUH";"PASAL 34"
"27";"pada ayat (4), dikecualikan bagi PPPK yang diangkat";"191,45";"540,6199999999999";"280,3700000000001";"292,3700000000001";"612,2";"BCDFEE+BookmanOldStyle";"12,0";"366,03499999999997";"306,1";"0,09790101274093424";"0,3127245998039856";"0,5703528258738972";"False";"BATANG TUBUH";"PASAL 34"
"27";"sebelum Peraturan Bupati ini diberlakukan.";"191,45";"451,876";"300,57000000000005";"312,57000000000005";"612,2";"BCDFEE+BookmanOldStyle";"12,0";"321,663";"306,1";"0,02542143090493301";"0,3127245998039856";"0,42539366220189473";"False";"BATANG TUBUH";"PASAL 34"
"27";"(6) Wajib LHKPN sebagaimana dimaksud dalam Pasal 25";"170,05";"540,9300000000001";"322,7700000000001";"334,7700000000001";"612,2";"BCDFEE+BookmanOldStyle";"12,0";"355,49";"306,1";"0,08067624959163669";"0,2777687030382228";"0,6058150931068279";"False";"BATANG TUBUH";"PASAL 34"
"27";"ayat (2) diatur tersendiri dengan Peraturan Bupati atau";"191,45";"540,93";"342,7700000000001";"354,7700000000001";"612,2";"BCDFEE+BookmanOldStyle";"12,0";"366,18999999999994";"306,1";"0,09815419797451799";"0,3127245998039856";"0,5708591963410649";"False";"BATANG TUBUH";"PASAL 34"
"27";"ketentuan peraturan perundang-undangan.";"191,45";"450,318";"362,97000000000014";"374,97000000000014";"612,2";"BCDFEE+BookmanOldStyle";"12,0";"320,884";"306,1";"0,02414897092453445";"0,3127245998039856";"0,42284874224109764";"False";"BATANG TUBUH";"PASAL 34"
"27";"(7) Dalam hal terjadi perubahan nomenklatur jabatan atau";"170,05";"540,6259999999999";"385,20000000000005";"397,20000000000005";"612,2";"BCDFEE+BookmanOldStyle";"12,0";"355,33799999999997";"306,1";"0,08042796471741251";"0,2777687030382228";"0,6053185233583793";"False";"BATANG TUBUH";"PASAL 34"
"27";"penyesuaian/inpassing jabatan fungsional maka TPP";"191,45";"540,7640000000001";"405,20000000000005";"417,26000000000005";"612,2";"BCDFEE+BookmanOldStyle";"12,0";"366,1070000000001";"306,1";"0,0980186213655669";"0,3127245998039856";"0,5705880431231626";"False";"BATANG TUBUH";"PASAL 34"
"27";"dapat diberikan sepanjang memiliki kelas jabatan setara";"191,45";"540,4939999999999";"425,40000000000003";"437,40000000000003";"612,2";"BCDFEE+BookmanOldStyle";"12,0";"365,972";"306,1";"0,09779810519438084";"0,3127245998039856";"0,5701470107807904";"False";"BATANG TUBUH";"PASAL 34"
"27";"sesuai ketentuan peraturan perundang-undangan.";"191,45";"491,78999999999996";"445,6";"457,6";"612,2";"BCDFEE+BookmanOldStyle";"12,0";"341,62";"306,1";"0,05802025481868667";"0,3127245998039856";"0,4905913100294021";"False";"BATANG TUBUH";"PASAL 34"
"27";"BAB X";"286,9";"325,11999999999995";"489,82000000000005";"501,82000000000005";"612,2";"BCDFEE+BookmanOldStyle";"12,0";"306,01";"306,1";"0,00014701078079064328";"0,4686377000980071";"0,06243057824240439";"True";"BATANG TUBUH";"BAB X"
"27";"KETENTUAN PERALIHAN";"230,68";"381,356";"512,02";"524,02";"612,2";"BCDFEE+BookmanOldStyle";"12,0";"306,01800000000003";"306,1";"0,00013394315583141722";"0,37680496569748445";"0,24612218229336813";"True";"BATANG TUBUH";"BAB X"
"27";"Pasal 35";"281,1";"330,94";"556,23";"568,23";"612,2";"BCDFEE+BookmanOldStyle";"12,0";"306,02";"306,1";"0,00013067624959170357";"0,45916367200261354";"0,08141130349558963";"False";"BATANG TUBUH";"PASAL 35"
"27";"(1) Pemberlakuan perhitungan pembayaran TPP menggunakan";"170,05";"541,414";"600,45";"612,45";"612,2";"BCDFEE+BookmanOldStyle";"12,0";"355,73199999999997";"306,1";"0,08107154524665133";"0,2777687030382228";"0,6066056844168571";"False";"BATANG TUBUH";"PASAL 35"
"27";"Siapkerja sebagaimana dimaksud dalam Pasal 28 ayat (1)";"191,45";"541,1800000000001";"620,6500000000001";"632,6500000000001";"612,2";"BCDFEE+BookmanOldStyle";"12,0";"366,31500000000005";"306,1";"0,09835837961450511";"0,3127245998039856";"0,5712675596210389";"False";"BATANG TUBUH";"PASAL 35"
"27";"akan ditetapkan dengan Keputusan Bupati.";"191,45";"449,70199999999994";"640,85";"652,85";"612,2";"BCDFEE+BookmanOldStyle";"12,0";"320,57599999999996";"306,1";"0,02364586736360657";"0,3127245998039856";"0,42184253511924197";"False";"BATANG TUBUH";"PASAL 35"
"27";"(2) Dalam hal Keputusan Bupati sebagaimana dimaksud pada";"170,05";"540,614";"662,85";"674,85";"612,2";"BCDFEE+BookmanOldStyle";"12,0";"355,332";"306,1";"0,08041816399869318";"0,2777687030382228";"0,6052989219209408";"False";"BATANG TUBUH";"PASAL 35"
"27";"ayat (1) belum ditetapkan, maka perhitungan pembayaran";"191,45";"541,1039999999999";"683,0500000000001";"695,0500000000001";"612,2";"BCDFEE+BookmanOldStyle";"12,0";"366,27699999999993";"306,1";"0,09829630839594888";"0,3127245998039856";"0,5711434171839267";"False";"BATANG TUBUH";"PASAL 35"
"27";"TPP dilakukan secara manual.";"191,45";"371,57";"703,27";"715,27";"612,2";"BCDFEE+BookmanOldStyle";"12,0";"281,51";"306,1";"0,04016661221822938";"0,3127245998039856";"0,2942175759555701";"False";"BATANG TUBUH";"PASAL 35"
"27";"Pasal 36";"281,1";"330,94";"747,48";"759,48";"612,2";"BCDFEE+BookmanOldStyle";"12,0";"306,02";"306,1";"0,00013067624959170357";"0,45916367200261354";"0,08141130349558963";"False";"BATANG TUBUH";"PASAL 36"
"27";"TPP sebagaimana dimaksud dalam Pasal 2 ayat (1) diberikan";"170,05";"541,266";"790,6700000000001";"802,6700000000001";"612,2";"BCDFEE+BookmanOldStyle";"12,0";"355,658";"306,1";"0,08095066971577913";"0,2777687030382228";"0,6063639333551126";"False";"BATANG TUBUH";"PASAL 36"
"27";"terhitung mulai bulan Januari 2025 dan dilaksanakan sesuai";"170,05";"541,202";"810,9000000000001";"822,9000000000001";"612,2";"BCDFEE+BookmanOldStyle";"12,0";"355,626";"306,1";"0,08089839921594243";"0,2777687030382228";"0,6062593923554394";"False";"BATANG TUBUH";"PASAL 36"
"27";"ketentuan Peraturan Bupati ini.";"170,05";"358,90599999999995";"831,1";"843,1";"612,2";"BCDFEE+BookmanOldStyle";"12,0";"264,47799999999995";"306,1";"0,06798758575628891";"0,2777687030382228";"0,30848742241097665";"False";"BATANG TUBUH";"PASAL 36"
"28";"28";"298,7";"313,53999999999996";"35,90000000000009";"47,90000000000009";"612,2";"BCDFEE+BookmanOldStyle";"12,0";"306,12";"306,1";"3,266906239787947e-05";"0,4879124469127735";"0,02424044429924857";"False";"BATANG TUBUH";"PASAL 36"
"28";"BAB XI";"284,9";"327,16399999999993";"72,92000000000007";"84,92000000000007";"612,2";"BCDFEE+BookmanOldStyle";"12,0";"306,0319999999999";"306,1";"0,00011107481215305016";"0,4653707938582162";"0,06903626265926159";"True";"BATANG TUBUH";"BAB XI"
"28";"KETENTUAN PENUTUP";"236,88";"375,03599999999994";"91,5200000000001";"103,5200000000001";"612,2";"BCDFEE+BookmanOldStyle";"12,0";"305,95799999999997";"306,1";"0,00023195034302524132";"0,3869323750408363";"0,22567134923227694";"True";"BATANG TUBUH";"BAB XI"
"28";"Pasal 37";"281,1";"330,94";"124,32000000000005";"136,32000000000005";"612,2";"BCDFEE+BookmanOldStyle";"12,0";"306,02";"306,1";"0,00013067624959170357";"0,45916367200261354";"0,08141130349558963";"False";"BATANG TUBUH";"PASAL 37"
"28";"Pada saat Peraturan Bupati ini mulai berlaku, Peraturan";"170,05";"541,006";"155,95000000000005";"167,95000000000005";"612,2";"BCDFEE+BookmanOldStyle";"12,0";"355,528";"306,1";"0,08073832081019273";"0,2777687030382228";"0,6059392355439398";"False";"BATANG TUBUH";"PASAL 37"
"28";"Bupati Malang Nomor 8 Tahun 2020 tentang Pemberian";"170,05";"540,9559999999999";"172,35000000000014";"184,35000000000014";"612,2";"BCDFEE+BookmanOldStyle";"12,0";"355,50299999999993";"306,1";"0,0806974844821952";"0,2777687030382228";"0,6058575628879449";"False";"BATANG TUBUH";"PASAL 37"
"28";"Tambahan Penghasilan kepada Pegawai Negeri Sipil di";"170,05";"540,7900000000001";"188,95000000000005";"200,95000000000005";"612,2";"BCDFEE+BookmanOldStyle";"12,0";"355,4200000000001";"306,1";"0,08056190787324412";"0,2777687030382228";"0,6055864096700425";"False";"BATANG TUBUH";"PASAL 37"
"28";"Lingkungan Pemerintah Kabupaten Malang (Berita Daerah";"170,05";"540,986";"205,35000000000014";"217,35000000000014";"612,2";"BCDFEE+BookmanOldStyle";"12,0";"355,51800000000003";"306,1";"0,0807219862789938";"0,2777687030382228";"0,605906566481542";"False";"BATANG TUBUH";"PASAL 37"
"28";"Kabupaten Malang Tahun 2020 Nomor 1 Seri A), sebagaimana";"170,05";"541,122";"221,95000000000005";"233,95000000000005";"612,2";"BCDFEE+BookmanOldStyle";"12,0";"355,586";"306,1";"0,08083306109114666";"0,2777687030382228";"0,6061287161058476";"False";"BATANG TUBUH";"PASAL 37"
"28";"telah diubah beberapa kali, terakhir dengan Peraturan Bupati";"170,05";"540,838";"238,35000000000014";"250,35000000000014";"612,2";"BCDFEE+BookmanOldStyle";"12,0";"355,44399999999996";"306,1";"0,08060111074812142";"0,2777687030382228";"0,6056648154197973";"False";"BATANG TUBUH";"PASAL 37"
"28";"Malang Nomor 6 Tahun 2024 tentang Perubahan Keenam atas";"170,05";"541,172";"254,95000000000005";"266,95000000000005";"612,2";"BCDFEE+BookmanOldStyle";"12,0";"355,611";"306,1";"0,08087389741914401";"0,2777687030382228";"0,6062103887618425";"False";"BATANG TUBUH";"PASAL 37"
"28";"Peraturan Bupati Malang Nomor 8 Tahun 2020 tentang";"170,05";"541,1700000000001";"271,3700000000001";"283,3700000000001";"612,2";"BCDFEE+BookmanOldStyle";"12,0";"355,61";"306,1";"0,08087226396602415";"0,2777687030382228";"0,6062071218556028";"False";"BATANG TUBUH";"PASAL 37"
"28";"Pemberian Tambahan Penghasilan kepada Pegawai Negeri";"170,05";"540,562";"287,97000000000014";"299,97000000000014";"612,2";"BCDFEE+BookmanOldStyle";"12,0";"355,30600000000004";"306,1";"0,08037569421757598";"0,2777687030382228";"0,6052139823587063";"False";"BATANG TUBUH";"PASAL 37"
"28";"Sipil di Lingkungan Pemerintah Kabupaten Malang (Berita";"170,05";"541,086";"304,3700000000001";"316,3700000000001";"612,2";"BCDFEE+BookmanOldStyle";"12,0";"355,568";"306,1";"0,08080365893498849";"0,2777687030382228";"0,6060699117935315";"False";"BATANG TUBUH";"PASAL 37"
"28";"Daerah Kabupaten Malang Tahun 2024 Nomor 6 Seri A),";"170,05";"541,01";"320,7700000000001";"332,7700000000001";"612,2";"BCDFEE+BookmanOldStyle";"12,0";"355,53";"306,1";"0,08074158771643244";"0,2777687030382228";"0,6059457693564194";"False";"BATANG TUBUH";"PASAL 37"
"28";"dicabut dan dinyatakan tidak berlaku.";"170,05";"397,126";"337,3700000000001";"349,3700000000001";"612,2";"BCDFEE+BookmanOldStyle";"12,0";"283,58799999999997";"306,1";"0,03677229663508667";"0,2777687030382228";"0,37091800065338115";"False";"BATANG TUBUH";"PASAL 37"
"28";"Pasal 38";"281,1";"330,94";"374,4000000000001";"386,4000000000001";"612,2";"BCDFEE+BookmanOldStyle";"12,0";"306,02";"306,1";"0,00013067624959170357";"0,45916367200261354";"0,08141130349558963";"False";"BATANG TUBUH";"PASAL 38"
"28";"Peraturan Bupati ini mulai berlaku pada tanggal";"170,05";"540,686";"405,80000000000007";"417,8";"612,2";"BCDFEE+BookmanOldStyle";"11,999999999999943";"355,36800000000005";"306,1";"0,08047696831100952";"0,2777687030382228";"0,6054165305455733";"False";"BATANG TUBUH";"PASAL 38"
"28";"diundangkan.";"170,05";"252,32";"422,40000000000003";"434,40000000000003";"612,2";"BCDFEE+BookmanOldStyle";"12,0";"211,185";"306,1";"0,15503920287487752";"0,2777687030382228";"0,13438418817379938";"False";"BATANG TUBUH";"PASAL 38"
"28";"Agar setiap orang mengetahuinya, memerintahkan";"170,05";"540,862";"449,8";"461,8";"612,2";"BCDFEE+BookmanOldStyle";"12,0";"355,456";"306,1";"0,08062071218556026";"0,2777687030382228";"0,6057040182946748";"False";"PENUTUP";""
"28";"pengundangan Peraturan Bupati ini dengan penempatannya";"170,05";"540,864";"466,20000000000005";"478,20000000000005";"612,2";"BCDFEE+BookmanOldStyle";"12,0";"355,457";"306,1";"0,08062234563868012";"0,2777687030382228";"0,6057072852009148";"False";"PENUTUP";""
"28";"dalam Berita Daerah Kabupaten Malang.";"170,05";"411,36999999999995";"482,82000000000005";"494,82000000000005";"612,2";"BCDFEE+BookmanOldStyle";"12,0";"290,71";"306,1";"0,025138843515191182";"0,2777687030382228";"0,39418490689317204";"False";"PENUTUP";""
"28";"Ditetapkan di Kepanjen";"323,5";"462,364";"531,4200000000001";"543,4200000000001";"612,2";"BCDFEE+BookmanOldStyle";"12,0";"392,932";"306,1";"0,14183600130676247";"0,528422084286181";"0,22682783404116297";"False";"PENUTUP";""
"28";"pada tanggal 14 Februari 2025";"323,5";"505,79";"549,82";"561,82";"612,2";"BCDFEE+BookmanOldStyle";"12,0";"414,645";"306,1";"0,1773031688990525";"0,528422084286181";"0,2977621692257432";"False";"PENUTUP";""
"28";"BUPATI MALANG,";"367,92";"477,756";"586,826";"598,826";"612,2";"BCDEEE+BookmanOldStyle-Bold";"12,0";"422,83799999999997";"306,1";"0,190686050310356";"0,6009800718719372";"0,17941195687683756";"True";"PENUTUP";""
"28";"ttd.";"411,52";"434,37999999999994";"617,0260000000001";"629,0260000000001";"612,2";"BCDEEE+BookmanOldStyle-Bold";"12,0";"422,94999999999993";"306,1";"0,19086899705978422";"0,6721986278993792";"0,03734073832081012";"False";"PENUTUP";""
"28";"SANUSI";"399,52";"446,5";"648,426";"660,426";"612,2";"BCDEEE+BookmanOldStyle-Bold";"12,0";"423,01";"306,1";"0,19096700424697804";"0,6525971904606337";"0,07673962757268869";"True";"PENUTUP";""
"28";"Diundangkan di Kepanjen";"70,825";"224,88099999999994";"671,6500000000001";"683,6500000000001";"612,2";"BCDFEE+BookmanOldStyle";"12,0";"147,85299999999998";"306,1";"0,25848905586409676";"0,11568931721659588";"0,2516432538386147";"False";"PENUTUP";""
"28";"pada tanggal 14 Februari 2025";"70,825";"253,12";"690,25";"702,25";"612,2";"BCDFEE+BookmanOldStyle";"12,0";"161,9725";"306,1";"0,2354255145377328";"0,11568931721659588";"0,2977703364913427";"False";"PENUTUP";""
"28";"Plh. SEKRETARIS DAERAH KABUPATEN MALANG,";"72,625";"387,548";"724,456";"736,456";"612,2";"BCDEEE+BookmanOldStyle-Bold";"12,0";"230,0865";"306,1";"0,1241644887291735";"0,1186295328324077";"0,5144119568768376";"False";"PENUTUP";""
"28";"ttd.";"213,68";"236,56";"761,456";"773,456";"612,2";"BCDEEE+BookmanOldStyle-Bold";"12,0";"225,12";"306,1";"0,1322770336491343";"0,3490362626592617";"0,037373407383208095";"False";"PENUTUP";""
"28";"NURMAN RAMDANSYAH";"154,85";"305,58199999999994";"786,046";"798,046";"612,2";"BCDEEE+BookmanOldStyle-Bold";"12,0";"230,21599999999995";"306,1";"0,12395295655014711";"0,2529402156158118";"0,2462136556680822";"True";"PENUTUP";""
"28";"Berita Daerah Kabupaten Malang";"70,825";"267,949";"814,7";"826,7";"612,2";"BCDFEE+BookmanOldStyle";"12,0";"169,387";"306,1";"0,2233142763802679";"0,11568931721659588";"0,32199281280627245";"False";"PENUTUP";""
"28";"Tahun 2025 Nomor 1 Seri A";"70,825";"235,63";"833,3000000000001";"845,3000000000001";"612,2";"BCDFEE+BookmanOldStyle";"12,0";"153,2275";"306,1";"0,2497100620712186";"0,11568931721659588";"0,26920124142437113";"False";"PENUTUP";""
