"page";"text";"x0";"x1";"top";"bottom";"page_width";"font_name";"font_size";"line_center";"page_center";"center_score";"left_ratio";"width_ratio";"is_all_caps";"sistematika";"unsur"
"1";"BUPATI MALANG";"253,27";"358,798";"125,89600000000007";"137,89600000000007";"612,2";"BCDFEE+BookmanOldStyle-Bold";"12,0";"306,034";"306,1";"0,0001078079059131508";"0,4137046716759229";"0,17237504083632796";"True";"JUDUL";""
"1";"PROVINSI JAWA TIMUR";"231,68";"380,448";"148,69600000000014";"160,69600000000014";"612,2";"BCDFEE+BookmanOldStyle-Bold";"12,0";"306,06399999999996";"306,1";"5,88043123163316e-05";"0,37843841881737994";"0,2430055537406076";"True";"JUDUL";""
"1";"PERATURAN BUPATI MALANG";"211,88";"400,148";"194,32600000000014";"206,32600000000014";"612,2";"BCDFEE+BookmanOldStyle-Bold";"12,0";"306,014";"306,1";"0,00014047696831103026";"0,3460960470434498";"0,3075269519764783";"True";"JUDUL";""
"1";"NOMOR 26 TAHUN 2025";"229,48";"382,65000000000003";"217,1260000000001";"229,1260000000001";"612,2";"BCDFEE+BookmanOldStyle-Bold";"12,0";"306,065";"306,1";"5,717085919638192e-05";"0,3748448219536099";"0,2501960143743875";"True";"JUDUL";""
"1";"TENTANG";"275,48";"336,44000000000005";"239,92600000000004";"251,92600000000004";"612,2";"BCDFEE+BookmanOldStyle-Bold";"12,0";"305,96000000000004";"306,1";"0,00022868343678534195";"0,44998366546880103";"0,09957530218882724";"True";"JUDUL";""
"1";"KEDUDUKAN, SUSUNAN ORGANISASI, TUGAS DAN FUNGSI,";"119,85";"492,43";"262,92600000000004";"274,92600000000004";"612,2";"BCDFEE+BookmanOldStyle-Bold";"12,0";"306,14";"306,1";"6,533812479575894e-05";"0,19576935641947074";"0,6085919634106501";"True";"JUDUL";""
"1";"SERTA TATA KERJA DINAS PERTANAHAN";"173,65";"438,328";"285,7460000000001";"297,7460000000001";"612,2";"BCDFEE+BookmanOldStyle-Bold";"12,0";"305,989";"306,1";"0,00018131329630847245";"0,28364913426984645";"0,4323391048676903";"True";"JUDUL";""
"1";"DENGAN RAHMAT TUHAN YANG MAHA ESA";"169,25";"442,7300000000001";"331,3460000000001";"343,3460000000001";"612,2";"BCDFEE+BookmanOldStyle-Bold";"12,0";"305,99";"306,1";"0,00017967984318852277";"0,27646194054230644";"0,4467167592290102";"True";"PEMBUKAAN";"FRASA RELIGIUS"
"1";"BUPATI MALANG,";"251,08";"360,916";"376,94600000000014";"388,94600000000014";"612,2";"BCDFEE+BookmanOldStyle-Bold";"12,0";"305,998";"306,1";"0,00016661221822938954";"0,41012740934335185";"0,17941195687683759";"True";"PEMBUKAAN";"PEMBENTUK PPU"
"1";"Menimbang : a. bahwa untuk melaksanakan ketentuan dalam Pasal 10";"62,425";"550,01";"422,80000000000007";"434,8";"612,2";"BCDEEE+BookmanOldStyle";"11,999999999999943";"306,2175";"306,1";"0,0001919307415876347";"0,10196831100947401";"0,7964472394642272";"False";"PEMBUKAAN";"KONSIDERANS"
"1";"huruf t dan Pasal 13 Peraturan Daerah Kabupaten Malang";"175,85";"549,636";"445,6";"457,6";"612,2";"BCDEEE+BookmanOldStyle";"12,0";"362,743";"306,1";"0,09252368507023843";"0,2872427311336164";"0,6105619078732439";"False";"PEMBUKAAN";"KONSIDERANS"
"1";"Nomor 9 Tahun 2016 tentang Pembentukan dan Susunan";"175,85";"549,6379999999999";"468,40000000000003";"480,40000000000003";"612,2";"BCDEEE+BookmanOldStyle";"12,0";"362,74399999999997";"306,1";"0,09252531852335828";"0,2872427311336164";"0,6105651747794836";"False";"PEMBUKAAN";"KONSIDERANS"
"1";"Perangkat Daerah, sebagaimana telah diubah beberapa kali,";"175,85";"549,5899999999999";"491,20000000000005";"503,20000000000005";"612,2";"BCDEEE+BookmanOldStyle";"12,0";"362,71999999999997";"306,1";"0,09248611564848079";"0,2872427311336164";"0,6104867690297286";"False";"PEMBUKAAN";"KONSIDERANS"
"1";"terakhir dengan Peraturan Daerah Kabupaten Malang Nomor 3";"175,85";"549,82";"514,02";"526,02";"612,2";"BCDEEE+BookmanOldStyle";"12,0";"362,83500000000004";"306,1";"0,09267396275726889";"0,2872427311336164";"0,6108624632473048";"False";"PEMBUKAAN";"KONSIDERANS"
"1";"Tahun 2023 tentang Perubahan Keempat atas Peraturan";"175,85";"549,7299999999999";"536,82";"548,82";"612,2";"BCDEEE+BookmanOldStyle";"12,0";"362,78999999999996";"306,1";"0,09260045736687347";"0,2872427311336164";"0,6107154524665139";"False";"PEMBUKAAN";"KONSIDERANS"
"1";"Daerah Nomor 9 Tahun 2016 tentang Pembentukan dan";"175,85";"549,4099999999999";"559,82";"571,82";"612,2";"BCDEEE+BookmanOldStyle";"12,0";"362,62999999999994";"306,1";"0,09233910486769015";"0,2872427311336164";"0,6101927474681473";"False";"PEMBUKAAN";"KONSIDERANS"
"1";"Susunan Perangkat Daerah, telah ditetapkan Peraturan Bupati";"175,85";"549,8480000000001";"582,6300000000001";"594,6300000000001";"612,2";"BCDEEE+BookmanOldStyle";"12,0";"362,84900000000005";"306,1";"0,09269683110094744";"0,2872427311336164";"0,6109081999346619";"False";"PEMBUKAAN";"KONSIDERANS"
"1";"Malang Nomor 55 Tahun 2022 tentang Kedudukan, Susunan";"175,85";"550,0139999999999";"605,4300000000001";"617,4300000000001";"612,2";"BCDEEE+BookmanOldStyle";"12,0";"362,93199999999996";"306,1";"0,09283240770989862";"0,2872427311336164";"0,6111793531525642";"False";"PEMBUKAAN";"KONSIDERANS"
"1";"Organisasi, Tugas dan Fungsi, serta Tata Kerja Dinas Pertanahan;";"175,85";"548,22";"628,25";"640,25";"612,2";"BCDEEE+BookmanOldStyle";"12,0";"362,035";"306,1";"0,09136720026135249";"0,2872427311336164";"0,608248938255472";"False";"PEMBUKAAN";"KONSIDERANS"
"1";"b. bahwa sehubungan dengan adanya perubahan struktur";"154,65";"549,554";"651,05";"663,05";"612,2";"BCDEEE+BookmanOldStyle";"12,0";"352,102";"306,1";"0,07514211042143082";"0,2526135249918327";"0,6450571708591963";"False";"PEMBUKAAN";"KONSIDERANS"
"1";"organisasi serta penyesuaian tugas dan fungsi pada Dinas";"175,85";"549,708";"673,85";"685,85";"612,2";"BCDEEE+BookmanOldStyle";"12,0";"362,779";"306,1";"0,09258248938255467";"0,2872427311336164";"0,6106795164978763";"False";"PEMBUKAAN";"KONSIDERANS"
"1";"Pertanahan Kabupaten Malang, maka Peraturan Bupati";"175,85";"549,4459999999999";"696,85";"708,85";"612,2";"BCDEEE+BookmanOldStyle";"12,0";"362,64799999999997";"306,1";"0,09236850702384831";"0,2872427311336164";"0,6102515517804636";"False";"PEMBUKAAN";"KONSIDERANS"
"1";"Malang Nomor 55 Tahun 2022 tentang Kedudukan, Susunan";"175,85";"550,0179999999999";"719,6500000000001";"731,6500000000001";"612,2";"BCDEEE+BookmanOldStyle";"12,0";"362,93399999999997";"306,1";"0,09283567461613842";"0,2872427311336164";"0,6111858869650438";"False";"PEMBUKAAN";"KONSIDERANS"
"1";"Organisasi, Tugas dan Fungsi, serta Tata Kerja Dinas";"175,85";"549,3859999999999";"742,48";"754,48";"612,2";"BCDEEE+BookmanOldStyle";"12,0";"362,61799999999994";"306,1";"0,0923195034302514";"0,2872427311336164";"0,6101535445932699";"False";"PEMBUKAAN";"KONSIDERANS"
"1";"Pertanahan perlu diganti;";"175,85";"326,872";"765,27";"777,27";"612,2";"BCDEEE+BookmanOldStyle";"12,0";"251,361";"306,1";"0,08941359032995758";"0,2872427311336164";"0,24668735707285203";"False";"PEMBUKAAN";"KONSIDERANS"
"1";"c. bahwa berdasarkan pertimbangan sebagaimana dimaksud";"154,65";"549,4560000000001";"788,07";"800,07";"612,2";"BCDEEE+BookmanOldStyle";"12,0";"352,05300000000005";"306,1";"0,07506207121855607";"0,2526135249918327";"0,6448970924534468";"False";"PEMBUKAAN";"KONSIDERANS"
"1";"dalam huruf a dan huruf b, maka perlu membentuk Peraturan";"175,85";"549,6239999999999";"810,87";"822,87";"612,2";"BCDEEE+BookmanOldStyle";"12,0";"362,73699999999997";"306,1";"0,09251388435151901";"0,2872427311336164";"0,6105423064358051";"False";"PEMBUKAAN";"KONSIDERANS"
"1";"Bupati tentang Kedudukan, Susunan Organisasi, Tugas dan";"175,85";"549,3859999999999";"833,6750000000001";"845,6750000000001";"612,2";"BCDEEE+BookmanOldStyle";"12,0";"362,61799999999994";"306,1";"0,0923195034302514";"0,2872427311336164";"0,6101535445932699";"False";"PEMBUKAAN";"KONSIDERANS"
"1";"Fungsi, serta Tata Kerja Dinas Pertanahan;";"175,85";"431,57";"856,7";"868,7";"612,2";"BCDEEE+BookmanOldStyle";"12,0";"303,71";"306,1";"0,003903952956550217";"0,2872427311336164";"0,4177066318196667";"False";"PEMBUKAAN";"KONSIDERANS"
"2";"2";"302,5";"309,94";"35,90000000000009";"47,90000000000009";"612,2";"BCDEEE+BookmanOldStyle";"12,0";"306,22";"306,1";"0,0001960143743874625";"0,4941195687683763";"0,01215289121202221";"False";"PEMBUKAAN";"KONSIDERANS"
"2";"Mengingat : 1. Undang-Undang Nomor 12 Tahun 1950 tentang Pembentukan";"62,425";"549,548";"72,92000000000007";"84,92000000000007";"612,2";"BCDEEE+BookmanOldStyle";"12,0";"305,9865";"306,1";"0,0001853969291082074";"0,10196831100947401";"0,7956925841228356";"False";"PEMBUKAAN";"DASAR HUKUM"
"2";"Daerah-daerah Kabupaten di Lingkungan Propinsi Jawa Timur";"175,85";"549,468";"95,92000000000007";"107,92000000000007";"612,2";"BCDEEE+BookmanOldStyle";"12,0";"362,659";"306,1";"0,09238647500816721";"0,2872427311336164";"0,6102874877491015";"False";"PEMBUKAAN";"DASAR HUKUM"
"2";"(Berita Negara Republik Indonesia Tahun 1950 Nomor 41),";"175,85";"549,3739999999999";"118,92000000000007";"130,92000000000007";"612,2";"BCDEEE+BookmanOldStyle";"12,0";"362,61199999999997";"306,1";"0,09230970271153208";"0,2872427311336164";"0,6101339431558312";"False";"PEMBUKAAN";"DASAR HUKUM"
"2";"sebagaimana telah diubah dengan Undang-Undang Nomor 2";"175,85";"549,71";"141,93000000000006";"153,93000000000006";"612,2";"BCDEEE+BookmanOldStyle";"12,0";"362,78000000000003";"306,1";"0,09258412283567462";"0,2872427311336164";"0,6106827834041163";"False";"PEMBUKAAN";"DASAR HUKUM"
"2";"Tahun 1965 tentang Perubahan Batas Wilayah Kotapraja";"175,85";"549,638";"164,7500000000001";"176,7500000000001";"612,2";"BCDEEE+BookmanOldStyle";"12,0";"362,744";"306,1";"0,09252531852335838";"0,2872427311336164";"0,6105651747794838";"False";"PEMBUKAAN";"DASAR HUKUM"
"2";"Surabaya dan Daerah Tingkat II Surabaya dengan mengubah";"175,85";"549,17";"187,7500000000001";"199,7500000000001";"612,2";"BCDEEE+BookmanOldStyle";"12,0";"362,51";"306,1";"0,09214309049330278";"0,2872427311336164";"0,6098007187193726";"False";"PEMBUKAAN";"DASAR HUKUM"
"2";"Undang-Undang Nomor 12 Tahun 1950 tentang Pembentukan";"175,85";"549,548";"210,7500000000001";"222,7500000000001";"612,2";"BCDEEE+BookmanOldStyle";"12,0";"362,699";"306,1";"0,09245181313296306";"0,2872427311336164";"0,6104181639986932";"False";"PEMBUKAAN";"DASAR HUKUM"
"2";"Daerah-daerah Kota Besar dalam Lingkungan Propinsi Jawa";"175,85";"549,5519999999999";"233,7500000000001";"245,7500000000001";"612,2";"BCDEEE+BookmanOldStyle";"12,0";"362,70099999999996";"306,1";"0,09245508003920277";"0,2872427311336164";"0,6104246978111726";"False";"PEMBUKAAN";"DASAR HUKUM"
"2";"Timur, Jawa Tengah, Jawa Barat dan Daerah Istimewa";"175,85";"549,384";"256,55000000000007";"268,55000000000007";"612,2";"BCDEEE+BookmanOldStyle";"12,0";"362,617";"306,1";"0,09231786997713164";"0,2872427311336164";"0,6101502776870303";"False";"PEMBUKAAN";"DASAR HUKUM"
"2";"Yogyakarta (Lembaran Negara Republik Indonesia Tahun 1965";"175,85";"549,3500000000001";"279,57000000000005";"291,57000000000005";"612,2";"BCDEEE+BookmanOldStyle";"12,0";"362,6000000000001";"306,1";"0,09229010127409353";"0,2872427311336164";"0,6100947402809541";"False";"PEMBUKAAN";"DASAR HUKUM"
"2";"Nomor 19, Tambahan Lembaran Negara Republik Indonesia";"175,85";"549,5300000000002";"302,57000000000005";"314,57000000000005";"612,2";"BCDEEE+BookmanOldStyle";"12,0";"362,6900000000001";"306,1";"0,09243711205488417";"0,2872427311336164";"0,6103887618425353";"False";"PEMBUKAAN";"DASAR HUKUM"
"2";"Nomor 2730);";"175,85";"255,67399999999998";"325,57000000000005";"337,57000000000005";"612,2";"BCDEEE+BookmanOldStyle";"12,0";"215,762";"306,1";"0,147562887945116";"0,2872427311336164";"0,1303887618425351";"False";"PEMBUKAAN";"DASAR HUKUM"
"2";"2. Undang-Undang Nomor 12 Tahun 2011 tentang Pembentukan";"154,65";"551,1759999999999";"348,3700000000001";"360,3700000000001";"612,2";"BCDEEE+BookmanOldStyle";"12,0";"352,91299999999995";"306,1";"0,076466840901666";"0,2526135249918327";"0,6477066318196667";"False";"PEMBUKAAN";"DASAR HUKUM"
"2";"Peraturan Perundang-undangan (Lembaran Negara Republik";"175,85";"551,442";"371,3700000000001";"383,3700000000001";"612,2";"BCDEEE+BookmanOldStyle";"12,0";"363,646";"306,1";"0,09399869323750407";"0,2872427311336164";"0,6135119242077751";"False";"PEMBUKAAN";"DASAR HUKUM"
"2";"Indonesia Tahun 2011 Nomor 82, Tambahan Lembaran Negara";"175,85";"551,1019999999999";"394,4000000000001";"406,4000000000001";"612,2";"BCDEEE+BookmanOldStyle";"12,0";"363,47599999999994";"306,1";"0,09372100620712172";"0,2872427311336164";"0,6129565501470104";"False";"PEMBUKAAN";"DASAR HUKUM"
"2";"Republik Indonesia Nomor 5234), sebagaimana telah diubah";"175,85";"551,282";"417,4000000000001";"429,40000000000003";"612,2";"BCDEEE+BookmanOldStyle";"11,999999999999943";"363,56600000000003";"306,1";"0,09386801698791246";"0,2872427311336164";"0,613250571708592";"False";"PEMBUKAAN";"DASAR HUKUM"
"2";"beberapa kali, terakhir dengan Undang-Undang Nomor 13";"175,85";"551,62";"440,20000000000005";"452,20000000000005";"612,2";"BCDEEE+BookmanOldStyle";"12,0";"363,735";"306,1";"0,09414407056517476";"0,2872427311336164";"0,6138026788631166";"False";"PEMBUKAAN";"DASAR HUKUM"
"2";"Tahun 2022 tentang Perubahan Kedua atas Undang-Undang";"175,85";"551,7860000000001";"463,20000000000005";"475,20000000000005";"612,2";"BCDEEE+BookmanOldStyle";"12,0";"363,81800000000004";"306,1";"0,09427964717412612";"0,2872427311336164";"0,6140738320810193";"False";"PEMBUKAAN";"DASAR HUKUM"
"2";"Nomor 12 Tahun 2011 tentang Pembentukan Peraturan";"175,85";"551,204";"486,20000000000005";"498,20000000000005";"612,2";"BCDEEE+BookmanOldStyle";"12,0";"363,527";"306,1";"0,09380431231623645";"0,2872427311336164";"0,61312316236524";"False";"PEMBUKAAN";"DASAR HUKUM"
"2";"Perundang-undangan (Lembaran Negara Republik Indonesia";"175,85";"551,2120000000001";"509,22";"521,22";"612,2";"BCDEEE+BookmanOldStyle";"12,0";"363,53100000000006";"306,1";"0,09381084612871617";"0,2872427311336164";"0,6131362299901993";"False";"PEMBUKAAN";"DASAR HUKUM"
"2";"Tahun 2022 Nomor 143, Tambahan Lembaran Negara Republik";"175,85";"551,196";"532,02";"544,02";"612,2";"BCDEEE+BookmanOldStyle";"12,0";"363,523";"306,1";"0,09379777850375694";"0,2872427311336164";"0,6131100947402809";"False";"PEMBUKAAN";"DASAR HUKUM"
"2";"Indonesia Nomor 6801);";"175,85";"316,540000238";"555,02";"567,02";"612,2";"BCDEEE+BookmanOldStyle";"12,0";"246,19500011899999";"306,1";"0,0978520089529566";"0,2872427311336164";"0,22981051982685397";"False";"PEMBUKAAN";"DASAR HUKUM"
"2";"3. Undang-Undang Nomor 23 Tahun 2014 tentang Pemerintahan";"154,65";"551,4039999999999";"578,02";"590,02";"612,2";"BCDEEE+BookmanOldStyle";"12,0";"353,02699999999993";"306,1";"0,07665305455733405";"0,2526135249918327";"0,6480790591310027";"False";"PEMBUKAAN";"DASAR HUKUM"
"2";"Daerah (Lembaran Negara Republik Indonesia Tahun 2014";"175,85";"551,4540000000001";"601,02";"613,02";"612,2";"BCDEEE+BookmanOldStyle";"12,0";"363,65200000000004";"306,1";"0,09400849395622349";"0,2872427311336164";"0,613531525645214";"False";"PEMBUKAAN";"DASAR HUKUM"
"2";"Nomor 244, Tambahan Lembaran Negara Republik Indonesia";"175,85";"551,1620000000001";"623,85";"635,85";"612,2";"BCDEEE+BookmanOldStyle";"12,0";"363,5060000000001";"306,1";"0,09377000980071881";"0,2872427311336164";"0,6130545573342047";"False";"PEMBUKAAN";"DASAR HUKUM"
"2";"Nomor 5587), sebagaimana telah diubah beberapa kali,";"175,85";"551,0419999999999";"646,85";"658,85";"612,2";"BCDEEE+BookmanOldStyle";"12,0";"363,44599999999997";"306,1";"0,0936720026135249";"0,2872427311336164";"0,6128585429598168";"False";"PEMBUKAAN";"DASAR HUKUM"
"2";"terakhir dengan Undang-Undang Nomor 9 Tahun 2015 tentang";"175,85";"551,556";"669,85";"681,85";"612,2";"BCDEEE+BookmanOldStyle";"12,0";"363,70300000000003";"306,1";"0,09409180006533813";"0,2872427311336164";"0,6136981378634433";"False";"PEMBUKAAN";"DASAR HUKUM"
"2";"Perubahan Kedua atas Undang-Undang Nomor 23 Tahun 2014";"175,85";"551,3860000000001";"692,85";"704,85";"612,2";"BCDEEE+BookmanOldStyle";"12,0";"363,61800000000005";"306,1";"0,09395295655014706";"0,2872427311336164";"0,6134204508330612";"False";"PEMBUKAAN";"DASAR HUKUM"
"2";"tentang Pemerintahan Daerah (Lembaran Negara Republik";"175,85";"551,0680000000002";"715,6500000000001";"727,6500000000001";"612,2";"BCDEEE+BookmanOldStyle";"12,0";"363,4590000000001";"306,1";"0,09369323750408377";"0,2872427311336164";"0,6129010127409346";"False";"PEMBUKAAN";"DASAR HUKUM"
"2";"Indonesia Tahun 2015 Nomor 58, Tambahan Lembaran";"175,85";"551,1019999999999";"738,6700000000001";"750,6700000000001";"612,2";"BCDEEE+BookmanOldStyle";"12,0";"363,47599999999994";"306,1";"0,09372100620712172";"0,2872427311336164";"0,6129565501470104";"False";"PEMBUKAAN";"DASAR HUKUM"
"2";"Negara Republik Indonesia Nomor 5679);";"175,85";"417,3859999999999";"761,6700000000001";"773,6700000000001";"612,2";"BCDEEE+BookmanOldStyle";"12,0";"296,61799999999994";"306,1";"0,015488402482848879";"0,2872427311336164";"0,39453773276706944";"False";"PEMBUKAAN";"DASAR HUKUM"
"2";"4. Undang-Undang Nomor 20 Tahun 2023 tentang Aparatur Sipil";"154,65";"551,338";"784,47";"796,47";"612,2";"BCDEEE+BookmanOldStyle";"12,0";"352,99399999999997";"306,1";"0,07659915060437757";"0,2526135249918327";"0,6479712512250898";"False";"PEMBUKAAN";"DASAR HUKUM"
"2";"Negara (Lembaran Negara Republik Indonesia Tahun 2022";"175,85";"551,4200000000001";"807,48";"819,48";"612,2";"BCDEEE+BookmanOldStyle";"12,0";"363,63500000000005";"306,1";"0,09398072525318527";"0,2872427311336164";"0,6134759882391376";"False";"PEMBUKAAN";"DASAR HUKUM"
"2";"Nomor 141, Tambahan Lembaran Negara Republik Indonesia";"175,85";"551,28";"830,475";"842,475";"612,2";"BCDEEE+BookmanOldStyle";"12,0";"363,565";"306,1";"0,0938663835347925";"0,2872427311336164";"0,613247304802352";"False";"PEMBUKAAN";"DASAR HUKUM"
"2";"Nomor 6897);";"175,85";"255,72000000000003";"853,5";"865,5";"612,2";"BCDEEE+BookmanOldStyle";"12,0";"215,78500000000003";"306,1";"0,14752531852335837";"0,2872427311336164";"0,13046390068605035";"False";"PEMBUKAAN";"DASAR HUKUM"
"3";"3";"302,5";"309,94";"35,90000000000009";"47,90000000000009";"612,2";"BCDEEE+BookmanOldStyle";"12,0";"306,22";"306,1";"0,0001960143743874625";"0,4941195687683763";"0,01215289121202221";"False";"PEMBUKAAN";"DASAR HUKUM"
"3";"5. Peraturan Pemerintah Nomor 18 Tahun 2016 tentang";"154,65";"551,5400000000001";"72,92000000000007";"84,92000000000007";"612,2";"BCDEEE+BookmanOldStyle";"12,0";"353,095";"306,1";"0,0767641293694871";"0,2526135249918327";"0,6483012087553088";"False";"PEMBUKAAN";"DASAR HUKUM"
"3";"Perangkat Daerah (Lembaran Negara Republik Indonesia";"175,85";"551,1500000000002";"92,73000000000013";"104,73000000000013";"612,2";"BCDEEE+BookmanOldStyle";"12,0";"363,5000000000001";"306,1";"0,09376020908199949";"0,2872427311336164";"0,613034955896766";"False";"PEMBUKAAN";"DASAR HUKUM"
"3";"Tahun 2016 Nomor 114, Tambahan Lembaran Negara Republik";"175,85";"551,258";"112,32000000000005";"124,32000000000005";"612,2";"BCDEEE+BookmanOldStyle";"12,0";"363,55400000000003";"306,1";"0,09384841555047371";"0,2872427311336164";"0,6132113688337144";"False";"PEMBUKAAN";"DASAR HUKUM"
"3";"Indonesia Nomor 5887), sebagaimana telah diubah dengan";"175,85";"551,638";"131,93000000000006";"143,93000000000006";"612,2";"BCDEEE+BookmanOldStyle";"12,0";"363,744";"306,1";"0,09415877164325384";"0,2872427311336164";"0,6138320810192747";"False";"PEMBUKAAN";"DASAR HUKUM"
"3";"Peraturan Pemerintah Nomor 72 Tahun 2019 tentang";"175,85";"551,77";"151,5200000000001";"163,5200000000001";"612,2";"BCDEEE+BookmanOldStyle";"12,0";"363,81";"306,1";"0,0942665795491669";"0,2872427311336164";"0,6140476968311008";"False";"PEMBUKAAN";"DASAR HUKUM"
"3";"Perubahan atas Peraturan Pemerintah Nomor 18 Tahun 2016";"175,85";"551,096";"171,1500000000001";"183,1500000000001";"612,2";"BCDEEE+BookmanOldStyle";"12,0";"363,473";"306,1";"0,09371610584776215";"0,2872427311336164";"0,6129467494282913";"False";"PEMBUKAAN";"DASAR HUKUM"
"3";"tentang Perangkat Daerah (Lembaran Negara Republik";"175,85";"551,254";"190,7500000000001";"202,7500000000001";"612,2";"BCDEEE+BookmanOldStyle";"12,0";"363,552";"306,1";"0,0938451486442339";"0,2872427311336164";"0,6132048350212348";"False";"PEMBUKAAN";"DASAR HUKUM"
"3";"Indonesia Tahun 2019 Nomor 187, Tambahan Lembaran";"175,85";"551,2959999999999";"210,35000000000014";"222,35000000000014";"612,2";"BCDEEE+BookmanOldStyle";"12,0";"363,573";"306,1";"0,09387945115975163";"0,2872427311336164";"0,6132734400522704";"False";"PEMBUKAAN";"DASAR HUKUM"
"3";"Negara Republik Indonesia Nomor 6402);";"175,85";"417,57";"229,95000000000005";"241,95000000000005";"612,2";"BCDEEE+BookmanOldStyle";"12,0";"296,71";"306,1";"0,01533812479581843";"0,2872427311336164";"0,3948382881411303";"False";"PEMBUKAAN";"DASAR HUKUM"
"3";"6. Peraturan Pemerintah Nomor 11 Tahun 2017 tentang";"154,65";"551,422";"249,55000000000007";"261,55000000000007";"612,2";"BCDEEE+BookmanOldStyle";"12,0";"353,036";"306,1";"0,07666775563541323";"0,2526135249918327";"0,648108461287161";"False";"PEMBUKAAN";"DASAR HUKUM"
"3";"Manajemen Pegawai Negeri Sipil (Lembaran Negara Republik";"175,85";"551,234";"269,1500000000001";"281,1500000000001";"612,2";"BCDEEE+BookmanOldStyle";"12,0";"363,54200000000003";"306,1";"0,09382881411303497";"0,2872427311336164";"0,613172165958837";"False";"PEMBUKAAN";"DASAR HUKUM"
"3";"Indonesia Tahun 2017 Nomor 63, Tambahan Lembaran Negara";"175,85";"551,1019999999999";"288,7700000000001";"300,7700000000001";"612,2";"BCDEEE+BookmanOldStyle";"12,0";"363,47599999999994";"306,1";"0,09372100620712172";"0,2872427311336164";"0,6129565501470104";"False";"PEMBUKAAN";"DASAR HUKUM"
"3";"Republik Indonesia Nomor 6037), sebagaimana telah diubah";"175,85";"551,282";"308,3700000000001";"320,3700000000001";"612,2";"BCDEEE+BookmanOldStyle";"12,0";"363,56600000000003";"306,1";"0,09386801698791246";"0,2872427311336164";"0,613250571708592";"False";"PEMBUKAAN";"DASAR HUKUM"
"3";"dengan Peraturan Pemerintah Nomor 17 Tahun 2020 tentang";"175,85";"551,702";"327,97000000000014";"339,97000000000014";"612,2";"BCDEEE+BookmanOldStyle";"12,0";"363,776";"306,1";"0,09421104214309046";"0,2872427311336164";"0,6139366220189479";"False";"PEMBUKAAN";"DASAR HUKUM"
"3";"Perubahan atas Peraturan Pemerintah Nomor 11 Tahun 2017";"175,85";"550,91";"347,57000000000005";"359,57000000000005";"612,2";"BCDEEE+BookmanOldStyle";"12,0";"363,38";"306,1";"0,09356419470761183";"0,2872427311336164";"0,6126429271479907";"False";"PEMBUKAAN";"DASAR HUKUM"
"3";"tentang Manajemen Pegawai Negeri Sipil (Lembaran Negara";"175,85";"551,0779999999999";"367,18000000000006";"379,18000000000006";"612,2";"BCDEEE+BookmanOldStyle";"12,0";"363,46399999999994";"306,1";"0,09370140476968297";"0,2872427311336164";"0,612917347272133";"False";"PEMBUKAAN";"DASAR HUKUM"
"3";"Republik Indonesia Tahun 2020 Nomor 68, Tambahan";"175,85";"551,1379999999998";"386,7700000000001";"398,7700000000001";"612,2";"BCDEEE+BookmanOldStyle";"12,0";"363,4939999999999";"306,1";"0,09375040836327979";"0,2872427311336164";"0,6130153544593266";"False";"PEMBUKAAN";"DASAR HUKUM"
"3";"Lembaran Negara Republik Indonesia Nomor 6477);";"175,85";"480,54199999999986";"406,4000000000001";"418,4000000000001";"612,2";"BCDEEE+BookmanOldStyle";"12,0";"328,1959999999999";"306,1";"0,03609278013720988";"0,2872427311336164";"0,497700098007187";"False";"PEMBUKAAN";"DASAR HUKUM"
"3";"7. Peraturan Pemerintah Nomor 12 Tahun 2017 tentang";"154,65";"551,694";"426,00000000000006";"438,00000000000006";"612,2";"BCDEEE+BookmanOldStyle";"12,0";"353,17199999999997";"306,1";"0,07688990525971895";"0,2526135249918327";"0,6485527605357726";"False";"PEMBUKAAN";"DASAR HUKUM"
"3";"Pembinaan dan Pengawasan Penyelenggaraan Pemerintahan";"175,85";"551,2579999999999";"445,6";"457,6";"612,2";"BCDEEE+BookmanOldStyle";"12,0";"363,554";"306,1";"0,09384841555047362";"0,2872427311336164";"0,6132113688337143";"False";"PEMBUKAAN";"DASAR HUKUM"
"3";"Daerah (Lembaran Negara Republik Indonesia Tahun 2017";"175,85";"551,1740000000001";"465,20000000000005";"477,20000000000005";"612,2";"BCDEEE+BookmanOldStyle";"12,0";"363,51200000000006";"306,1";"0,09377981051943814";"0,2872427311336164";"0,6130741587716433";"False";"PEMBUKAAN";"DASAR HUKUM"
"3";"Nomor 73, Tambahan Lembaran Negara Republik Indonesia";"175,85";"551,1380000000001";"484,8";"496,8";"612,2";"BCDEEE+BookmanOldStyle";"12,0";"363,4940000000001";"306,1";"0,09375040836328007";"0,2872427311336164";"0,6130153544593272";"False";"PEMBUKAAN";"DASAR HUKUM"
"3";"Nomor 6041);";"175,85";"255,67399999999998";"504,42";"516,4200000000001";"612,2";"BCDEEE+BookmanOldStyle";"12,0";"215,762";"306,1";"0,147562887945116";"0,2872427311336164";"0,1303887618425351";"False";"PEMBUKAAN";"DASAR HUKUM"
"3";"8. Peraturan Presiden Nomor 87 Tahun 2014 tentang Peraturan";"154,65";"551,0059999999999";"524,02";"536,02";"612,2";"BCDEEE+BookmanOldStyle";"12,0";"352,8279999999999";"306,1";"0,07632799738647483";"0,2526135249918327";"0,6474289447892843";"False";"PEMBUKAAN";"DASAR HUKUM"
"3";"Pelaksanaan Undang-Undang Nomor 12 Tahun 2011 tentang";"175,85";"551,572";"543,6200000000001";"555,6200000000001";"612,2";"BCDEEE+BookmanOldStyle";"12,0";"363,711";"306,1";"0,09410486769029726";"0,2872427311336164";"0,6137242731133615";"False";"PEMBUKAAN";"DASAR HUKUM"
"3";"Pembentukan Peraturan Perundang-undangan (Lembaran";"175,85";"551,348";"563,22";"575,22";"612,2";"BCDEEE+BookmanOldStyle";"12,0";"363,599";"306,1";"0,09392192094086893";"0,2872427311336164";"0,6133583796145049";"False";"PEMBUKAAN";"DASAR HUKUM"
"3";"Negara Republik Indonesia Tahun 2014 Nomor 199),";"175,85";"551,27";"582,82";"594,82";"612,2";"BCDEEE+BookmanOldStyle";"12,0";"363,56";"306,1";"0,09385821626919304";"0,2872427311336164";"0,6132309702711531";"False";"PEMBUKAAN";"DASAR HUKUM"
"3";"sebagaimana telah diubah dengan Peraturan Presiden";"175,85";"550,8499999999999";"602,4200000000001";"614,4200000000001";"612,2";"BCDEEE+BookmanOldStyle";"12,0";"363,34999999999997";"306,1";"0,09351519111401493";"0,2872427311336164";"0,6125449199607969";"False";"PEMBUKAAN";"DASAR HUKUM"
"3";"Nomor 76 Tahun 2021 tentang Perubahan atas Peraturan";"175,85";"551,6179999999999";"622,05";"634,05";"612,2";"BCDEEE+BookmanOldStyle";"12,0";"363,734";"306,1";"0,0941424371120548";"0,2872427311336164";"0,6137994119568767";"False";"PEMBUKAAN";"DASAR HUKUM"
"3";"Presiden Nomor 87 Tahun 2014 tentang Peraturan";"175,85";"551,2699999999999";"641,6500000000001";"653,6500000000001";"612,2";"BCDEEE+BookmanOldStyle";"12,0";"363,55999999999995";"306,1";"0,09385821626919294";"0,2872427311336164";"0,6132309702711529";"False";"PEMBUKAAN";"DASAR HUKUM"
"3";"Pelaksanaan Undang-Undang Nomor 12 Tahun 2011 tentang";"175,85";"551,572";"661,25";"673,25";"612,2";"BCDEEE+BookmanOldStyle";"12,0";"363,711";"306,1";"0,09410486769029726";"0,2872427311336164";"0,6137242731133615";"False";"PEMBUKAAN";"DASAR HUKUM"
"3";"Pembentukan Peraturan Perundang-undangan (Lembaran";"175,85";"551,348";"680,85";"692,85";"612,2";"BCDEEE+BookmanOldStyle";"12,0";"363,599";"306,1";"0,09392192094086893";"0,2872427311336164";"0,6133583796145049";"False";"PEMBUKAAN";"DASAR HUKUM"
"3";"Negara Republik Indonesia Tahun 2021 Nomor 186);";"175,85";"485,74999999999994";"700,45";"712,45";"612,2";"BCDEEE+BookmanOldStyle";"12,0";"330,79999999999995";"306,1";"0,040346292061417724";"0,2872427311336164";"0,5062071218556027";"False";"PEMBUKAAN";"DASAR HUKUM"
"3";"9. Peraturan Menteri Dalam Negeri Nomor 80 Tahun 2015";"154,65";"551,418";"720,0500000000001";"732,0500000000001";"612,2";"BCDEEE+BookmanOldStyle";"12,0";"353,034";"306,1";"0,07666448872917342";"0,2526135249918327";"0,6481019274746814";"False";"PEMBUKAAN";"DASAR HUKUM"
"3";"tentang Pembentukan Produk Hukum Daerah (Berita Negara";"175,85";"550,8739999999998";"739,6700000000001";"751,6700000000001";"612,2";"BCDEEE+BookmanOldStyle";"12,0";"363,3619999999999";"306,1";"0,09353479255145358";"0,2872427311336164";"0,6125841228356742";"False";"PEMBUKAAN";"DASAR HUKUM"
"3";"Republik Indonesia Tahun 2015 Nomor 2036), sebagaimana";"175,85";"551,174";"759,27";"771,27";"612,2";"BCDEEE+BookmanOldStyle";"12,0";"363,512";"306,1";"0,09377981051943805";"0,2872427311336164";"0,6130741587716432";"False";"PEMBUKAAN";"DASAR HUKUM"
"3";"telah diubah dengan Peraturan Menteri Dalam Negeri";"175,85";"550,934";"778,87";"790,87";"612,2";"BCDEEE+BookmanOldStyle";"12,0";"363,392";"306,1";"0,09358379614505058";"0,2872427311336164";"0,6126821300228682";"False";"PEMBUKAAN";"DASAR HUKUM"
"3";"Nomor 120 Tahun 2018 tentang Perubahan atas Peraturan";"175,85";"550,9339999999999";"798,48";"810,48";"612,2";"BCDEEE+BookmanOldStyle";"12,000000000000014";"363,39199999999994";"306,1";"0,0935837961450505";"0,2872427311336164";"0,612682130022868";"False";"PEMBUKAAN";"DASAR HUKUM"
"3";"Menteri Dalam Negeri Nomor 80 Tahun 2015 tentang";"175,85";"551,4639999999999";"818,07";"830,07";"612,2";"BCDEEE+BookmanOldStyle";"12,0";"363,657";"306,1";"0,09401666122182287";"0,2872427311336164";"0,6135478601764127";"False";"PEMBUKAAN";"DASAR HUKUM"
"3";"Pembentukan Produk Hukum Daerah (Berita Negara Republik";"175,85";"550,97";"837,6750000000001";"849,6750000000001";"612,2";"BCDEEE+BookmanOldStyle";"12,0";"363,41";"306,1";"0,09361319830120875";"0,2872427311336164";"0,6127409343351845";"False";"PEMBUKAAN";"DASAR HUKUM"
"3";"Indonesia Tahun 2019 Nomor 157);";"175,85";"384,998";"857,3000000000001";"869,3000000000001";"612,2";"BCDEEE+BookmanOldStyle";"12,0";"280,424";"306,1";"0,041940542306435874";"0,2872427311336164";"0,3416334531198954";"False";"PEMBUKAAN";"DASAR HUKUM"
"4";"4";"302,5";"309,94";"35,90000000000009";"47,90000000000009";"612,2";"BCDEEE+BookmanOldStyle";"12,0";"306,22";"306,1";"0,0001960143743874625";"0,4941195687683763";"0,01215289121202221";"False";"PEMBUKAAN";"DASAR HUKUM"
"4";"10. Peraturan Menteri Agraria dan Tata Ruang/Kepala Badan";"154,65";"551,1439999999999";"72,92000000000007";"84,92000000000007";"612,2";"BCDEEE+BookmanOldStyle";"12,0";"352,89699999999993";"306,1";"0,07644070565174764";"0,2526135249918327";"0,6476543613198299";"False";"PEMBUKAAN";"DASAR HUKUM"
"4";"Pertanahan Nasional Nomor 39 Tahun 2016 tentang";"175,85";"551,77";"91,73000000000013";"103,73000000000013";"612,2";"BCDEEE+BookmanOldStyle";"12,0";"363,81";"306,1";"0,0942665795491669";"0,2872427311336164";"0,6140476968311008";"False";"PEMBUKAAN";"DASAR HUKUM"
"4";"Penetapan Hasil Pemetaan dan Pedoman Organisasi";"175,85";"551,58";"110,32000000000005";"122,32000000000005";"612,2";"BCDEEE+BookmanOldStyle";"12,0";"363,71500000000003";"306,1";"0,09411140150277687";"0,2872427311336164";"0,6137373407383208";"False";"PEMBUKAAN";"DASAR HUKUM"
"4";"Perangkat Daerah Bidang Pertanahan (Berita Negara Republik";"175,85";"551,2560000000001";"128,93000000000006";"140,93000000000006";"612,2";"BCDEEE+BookmanOldStyle";"12,0";"363,55300000000005";"306,1";"0,09384678209735385";"0,2872427311336164";"0,6132081019274748";"False";"PEMBUKAAN";"DASAR HUKUM"
"4";"Indonesia Tahun 2016 Nomor 546);";"175,85";"385,170000238";"147,5200000000001";"159,5200000000001";"612,2";"BCDEEE+BookmanOldStyle";"12,0";"280,510000119";"306,1";"0,04180006514374394";"0,2872427311336164";"0,3419144074452793";"False";"PEMBUKAAN";"DASAR HUKUM"
"4";"11. Peraturan Menteri Pendayagunaan Aparatur Negara dan";"154,65";"551,0759999999999";"166,1500000000001";"178,1500000000001";"612,2";"BCDEEE+BookmanOldStyle";"12,0";"352,86299999999994";"306,1";"0,07638516824567121";"0,2526135249918327";"0,6475432865076771";"False";"PEMBUKAAN";"DASAR HUKUM"
"4";"Reformasi Birokrasi Nomor 25 Tahun 2021 tentang";"175,85";"551,294";"184,7500000000001";"196,7500000000001";"612,2";"BCDEEE+BookmanOldStyle";"12,0";"363,572";"306,1";"0,09387781770663178";"0,2872427311336164";"0,6132701731460306";"False";"PEMBUKAAN";"DASAR HUKUM"
"4";"Penyederhanaan Struktur Organisasi pada Instansi Pemerintah";"175,85";"551,6999999999999";"203,35000000000014";"215,35000000000014";"612,2";"BCDEEE+BookmanOldStyle";"12,0";"363,775";"306,1";"0,09420940868997052";"0,2872427311336164";"0,6139333551127081";"False";"PEMBUKAAN";"DASAR HUKUM"
"4";"untuk Penyederhanaan Birokrasi (Berita Negara Republik";"175,85";"551,198";"221,95000000000005";"233,95000000000005";"612,2";"BCDEEE+BookmanOldStyle";"12,0";"363,524";"306,1";"0,0937994119568768";"0,2872427311336164";"0,6131133616465206";"False";"PEMBUKAAN";"DASAR HUKUM"
"4";"Indonesia Tahun 2021 Nomor 546);";"175,85";"384,998";"240,55000000000007";"252,55000000000007";"612,2";"BCDEEE+BookmanOldStyle";"12,0";"280,424";"306,1";"0,041940542306435874";"0,2872427311336164";"0,3416334531198954";"False";"PEMBUKAAN";"DASAR HUKUM"
"4";"12. Peraturan Daerah Kabupaten Malang Nomor 9 Tahun 2016";"154,65";"551,136";"259,1500000000001";"271,1500000000001";"612,2";"BCDEEE+BookmanOldStyle";"12,0";"352,893";"306,1";"0,07643417183926812";"0,2526135249918327";"0,6476412936948709";"False";"PEMBUKAAN";"DASAR HUKUM"
"4";"tentang Pembentukan dan Susunan Perangkat Daerah";"175,85";"551,1159999999999";"277,7700000000001";"289,7700000000001";"612,2";"BCDEEE+BookmanOldStyle";"12,0";"363,48299999999995";"306,1";"0,09373244037896099";"0,2872427311336164";"0,612979418490689";"False";"PEMBUKAAN";"DASAR HUKUM"
"4";"(Lembaran Daerah Kabupaten Malang Tahun 2016 Nomor 1";"175,85";"550,97";"296,3700000000001";"308,3700000000001";"612,2";"BCDEEE+BookmanOldStyle";"12,0";"363,41";"306,1";"0,09361319830120875";"0,2872427311336164";"0,6127409343351845";"False";"PEMBUKAAN";"DASAR HUKUM"
"4";"Seri C), sebagaimana telah diubah beberapa kali, terakhir";"175,85";"551,5219999999999";"314,97000000000014";"326,97000000000014";"612,2";"BCDEEE+BookmanOldStyle";"12,0";"363,686";"306,1";"0,09406403136229982";"0,2872427311336164";"0,6136426004573667";"False";"PEMBUKAAN";"DASAR HUKUM"
"4";"dengan Peraturan Daerah Kabupaten Malang Nomor 3";"175,85";"551,4100000000001";"333,57000000000005";"345,57000000000005";"612,2";"BCDEEE+BookmanOldStyle";"12,0";"363,63000000000005";"306,1";"0,0939725579875858";"0,2872427311336164";"0,6134596537079386";"False";"PEMBUKAAN";"DASAR HUKUM"
"4";"Tahun 2023 tentang Perubahan Keempat atas Peraturan";"175,85";"551,406";"352,1700000000001";"364,1700000000001";"612,2";"BCDEEE+BookmanOldStyle";"12,0";"363,628";"306,1";"0,0939692910813459";"0,2872427311336164";"0,6134531198954588";"False";"PEMBUKAAN";"DASAR HUKUM"
"4";"Daerah Nomor 9 Tahun 2016 tentang Pembentukan";"175,85";"551,144";"370,7700000000001";"382,7700000000001";"612,2";"BCDEEE+BookmanOldStyle";"12,0";"363,497";"306,1";"0,09375530872263964";"0,2872427311336164";"0,6130251551780463";"False";"PEMBUKAAN";"DASAR HUKUM"
"4";"dan Susunan Perangkat Daerah (Lembaran Daerah";"175,85";"551,438";"389,4000000000001";"401,4000000000001";"612,2";"BCDEEE+BookmanOldStyle";"12,0";"363,644";"306,1";"0,09399542633126426";"0,2872427311336164";"0,6135053903952955";"False";"PEMBUKAAN";"DASAR HUKUM"
"4";"Kabupaten Malang Tahun 2022 Nomor 3 Seri C);";"175,85";"463,78999999999996";"408,0000000000001";"420,0000000000001";"612,2";"BCDEEE+BookmanOldStyle";"12,0";"319,82";"306,1";"0,02241097680496565";"0,2872427311336164";"0,47033649134269834";"False";"PEMBUKAAN";"DASAR HUKUM"
"4";"13. Peraturan Bupati Malang Nomor 132 Tahun 2023 tentang";"154,65";"551,198";"426,6";"438,6";"612,2";"BCDEEE+BookmanOldStyle";"12,0";"352,924";"306,1";"0,0764848088859849";"0,2526135249918327";"0,6477425677883044";"False";"PEMBUKAAN";"DASAR HUKUM"
"4";"Sistem Kerja di Lingkungan Pemerintah Kabupaten Malang";"175,85";"551,39";"445,20000000000005";"457,20000000000005";"612,2";"BCDEEE+BookmanOldStyle";"12,0";"363,62";"306,1";"0,09395622345638677";"0,2872427311336164";"0,6134269846455406";"False";"PEMBUKAAN";"DASAR HUKUM"
"4";"Untuk Penyederhanaan Birokrasi (Berita Daerah Kabupaten";"175,85";"551,2579999999998";"463,8";"475,8";"612,2";"BCDEEE+BookmanOldStyle";"12,0";"363,5539999999999";"306,1";"0,09384841555047352";"0,2872427311336164";"0,6132113688337141";"False";"PEMBUKAAN";"DASAR HUKUM"
"4";"Malang Tahun 2023 Nomor 132 Seri D).";"175,85";"410,97799999999995";"482,40000000000003";"494,40000000000003";"612,2";"BCDEEE+BookmanOldStyle";"12,0";"293,414";"306,1";"0,02072198627899385";"0,2872427311336164";"0,3840705651747794";"False";"PEMBUKAAN";"DASAR HUKUM"
"4";"MEMUTUSKAN:";"258,88";"353,08";"519,6200000000001";"531,6200000000001";"612,2";"BCDEEE+BookmanOldStyle";"12,0";"305,98";"306,1";"0,0001960143743874625";"0,4228683436785364";"0,1538712838941522";"True";"PEMBUKAAN";"DASAR HUKUM"
"4";"Menetapkan : PERATURAN BUPATI TENTANG KEDUDUKAN, SUSUNAN";"62,425";"549,7020000000001";"556,82";"568,82";"612,2";"BCDEEE+BookmanOldStyle";"12,0";"306,06350000000003";"306,1";"5,962103887616716e-05";"0,10196831100947401";"0,7959441359032997";"False";"PEMBUKAAN";"DASAR HUKUM"
"4";"ORGANISASI, TUGAS DAN FUNGSI, SERTA TATA KERJA";"154,65";"549,794";"575,4200000000001";"587,4200000000001";"612,2";"BCDEEE+BookmanOldStyle";"12,0";"352,222";"306,1";"0,07533812479581828";"0,2526135249918327";"0,6454491996079712";"True";"PEMBUKAAN";"DASAR HUKUM"
"4";"DINAS PERTANAHAN.";"154,65";"284,94";"594,02";"606,02";"612,2";"BCDEEE+BookmanOldStyle";"12,0";"219,79500000000002";"306,1";"0,1409751715125776";"0,2526135249918327";"0,21282260699117933";"True";"PEMBUKAAN";"DASAR HUKUM"
"4";"BAB I";"289,3";"322,96";"631,25";"643,25";"612,2";"BCDEEE+BookmanOldStyle";"12,0";"306,13";"306,1";"4,90035935968192e-05";"0,4725579875857563";"0,054982032015681095";"True";"BATANG TUBUH";"BAB I"
"4";"KETENTUAN UMUM";"245,68";"366,232";"649,85";"661,85";"612,2";"BCDEEE+BookmanOldStyle";"12,0";"305,956";"306,1";"0,000235217249264955";"0,40130676249591635";"0,1969160405096374";"True";"BATANG TUBUH";"BAB I"
"4";"Pasal 1";"284,9";"327,32";"687,25";"699,25";"612,2";"BCDEEE+BookmanOldStyle";"12,0";"306,11";"306,1";"1,6334531198939734e-05";"0,4653707938582162";"0,06929108134596539";"False";"BATANG TUBUH";"PASAL 1"
"4";"Dalam Peraturan Bupati ini yang dimaksud dengan:";"154,65";"462,45";"724,45";"736,45";"612,2";"BCDEEE+BookmanOldStyle";"12,0";"308,55";"306,1";"0,004001960143743856";"0,2526135249918327";"0,5027768703038221";"False";"BATANG TUBUH";"PASAL 1"
"4";"1. Daerah adalah Kabupaten Malang.";"154,65";"381,12199999999996";"743,07";"755,07";"612,2";"BCDEEE+BookmanOldStyle";"12,0";"267,88599999999997";"306,1";"0,062420777523685154";"0,2526135249918327";"0,36993139496896427";"False";"BATANG TUBUH";"PASAL 1"
"4";"2. Pemerintah Kabupaten Malang yang selanjutnya disebut";"154,65";"543,7399999999999";"761,6700000000001";"773,6700000000001";"612,2";"BCDEEE+BookmanOldStyle";"12,0";"349,19499999999994";"306,1";"0,07039366220189466";"0,2526135249918327";"0,635560274420124";"False";"BATANG TUBUH";"PASAL 1"
"4";"Pemerintah Daerah adalah Bupati sebagai unsur";"175,85";"544,2779999999999";"780,27";"792,27";"612,2";"BCDEEE+BookmanOldStyle";"12,0";"360,06399999999996";"306,1";"0,08814766416203845";"0,2872427311336164";"0,601809866056844";"False";"BATANG TUBUH";"PASAL 1"
"4";"penyelenggara pemerintahan daerah yang memimpin";"175,85";"543,698";"798,88";"810,88";"612,2";"BCDEEE+BookmanOldStyle";"12,000000000000014";"359,774";"306,1";"0,08767396275726883";"0,2872427311336164";"0,6008624632473046";"False";"BATANG TUBUH";"PASAL 1"
"4";"pelaksanaan urusan pemerintahan yang menjadi kewenangan";"175,85";"543,8119999999999";"817,48";"829,48";"612,2";"BCDEEE+BookmanOldStyle";"12,0";"359,83099999999996";"306,1";"0,0877670695851028";"0,2872427311336164";"0,6010486769029726";"False";"BATANG TUBUH";"PASAL 1"
"4";"daerah otonom.";"175,85";"268,32";"836,075";"848,075";"612,2";"BCDEEE+BookmanOldStyle";"12,0";"222,08499999999998";"306,1";"0,13723456386801705";"0,2872427311336164";"0,15104540999673308";"False";"BATANG TUBUH";"PASAL 1"
"4";"3. Bupati adalah Bupati Malang.";"154,65";"353,1139999999999";"854,7";"866,7";"612,2";"BCDEEE+BookmanOldStyle";"12,0";"253,88199999999995";"306,1";"0,0852956550147012";"0,2526135249918327";"0,3241816399869322";"False";"BATANG TUBUH";"PASAL 1"
"5";"5";"302,5";"309,94";"35,90000000000009";"47,90000000000009";"612,2";"BCDEEE+BookmanOldStyle";"12,0";"306,22";"306,1";"0,0001960143743874625";"0,4941195687683763";"0,01215289121202221";"False";"BATANG TUBUH";"PASAL 1"
"5";"4. Dewan Perwakilan Rakyat Daerah Kabupaten Malang yang";"154,65";"544,1020000000001";"72,92000000000007";"84,92000000000007";"612,2";"BCDEEE+BookmanOldStyle";"12,0";"349,37600000000003";"306,1";"0,0706893172165959";"0,2526135249918327";"0,6361515844495265";"False";"BATANG TUBUH";"PASAL 1"
"5";"selanjutnya disebut DPRD adalah lembaga perwakilan rakyat";"175,85";"543,6619999999998";"93,5200000000001";"105,5200000000001";"612,2";"BCDEEE+BookmanOldStyle";"12,0";"359,7559999999999";"306,1";"0,08764456060111056";"0,2872427311336164";"0,6008036589349882";"False";"BATANG TUBUH";"PASAL 1"
"5";"daerah yang berkedudukan sebagai unsur penyelenggara";"175,85";"543,518";"114,12000000000012";"126,12000000000012";"612,2";"BCDEEE+BookmanOldStyle";"12,0";"359,684";"306,1";"0,08752695197647828";"0,2872427311336164";"0,6005684416857235";"False";"BATANG TUBUH";"PASAL 1"
"5";"pemerintahan daerah.";"175,85";"306,59";"134,72000000000014";"146,72000000000014";"612,2";"BCDEEE+BookmanOldStyle";"12,0";"241,21999999999997";"306,1";"0,10597843841881746";"0,2872427311336164";"0,21355766089513226";"False";"BATANG TUBUH";"PASAL 1"
"5";"5. Perangkat Daerah adalah unsur pembantu Bupati dan DPRD";"154,65";"544,326";"155,12000000000012";"167,12000000000012";"612,2";"BCDEEE+BookmanOldStyle";"12,0";"349,488";"306,1";"0,07087226396602413";"0,2526135249918327";"0,6365174779483829";"False";"BATANG TUBUH";"PASAL 1"
"5";"dalam penyelenggaraan Urusan Pemerintahan yang menjadi";"175,85";"544,282";"175,7500000000001";"187,7500000000001";"612,2";"BCDEEE+BookmanOldStyle";"12,0";"360,06600000000003";"306,1";"0,08815093106827834";"0,2872427311336164";"0,6018163998693238";"False";"BATANG TUBUH";"PASAL 1"
"5";"kewenangan Daerah.";"175,85";"300,14";"196,35000000000014";"208,35000000000014";"612,2";"BCDEEE+BookmanOldStyle";"12,0";"237,995";"306,1";"0,11124632473048025";"0,2872427311336164";"0,20302188827180656";"False";"BATANG TUBUH";"PASAL 1"
"5";"6. Sekretaris Daerah adalah Sekretaris Daerah Kabupaten";"154,65";"543,8539999999998";"216,95000000000005";"228,95000000000005";"612,2";"BCDEEE+BookmanOldStyle";"12,0";"349,2519999999999";"306,1";"0,07048676902972864";"0,2526135249918327";"0,6357464880757919";"False";"BATANG TUBUH";"PASAL 1"
"5";"Malang.";"175,85";"222,65";"237,35000000000014";"249,35000000000014";"612,2";"BCDEEE+BookmanOldStyle";"12,0";"199,25";"306,1";"0,17453446586082982";"0,2872427311336164";"0,07644560601110749";"False";"BATANG TUBUH";"PASAL 1"
"5";"7. Dinas adalah Dinas Pertanahan Kabupaten Malang.";"154,65";"482,98999999999995";"257,95000000000005";"269,95000000000005";"612,2";"BCDEEE+BookmanOldStyle";"12,0";"318,82";"306,1";"0,020777523685070187";"0,2526135249918327";"0,5363279973864749";"False";"BATANG TUBUH";"PASAL 1"
"5";"8. Kepala Dinas adalah Kepala Dinas Pertanahan Kabupaten";"154,65";"544,218";"278,57000000000005";"290,57000000000005";"612,2";"BCDEEE+BookmanOldStyle";"12,0";"349,43399999999997";"306,1";"0,07078405749754972";"0,2526135249918327";"0,6363410650114341";"False";"BATANG TUBUH";"PASAL 1"
"5";"Malang.";"175,85";"222,72";"298,97000000000014";"310,97000000000014";"612,2";"BCDEEE+BookmanOldStyle";"12,0";"199,285";"306,1";"0,17447729500163348";"0,2872427311336164";"0,07655994772950017";"False";"BATANG TUBUH";"PASAL 1"
"5";"9. Sekretaris Dinas adalah Sekretaris Dinas Pertanahan";"154,65";"544,17";"319,57000000000005";"331,57000000000005";"612,2";"BCDEEE+BookmanOldStyle";"12,0";"349,40999999999997";"306,1";"0,07074485462267223";"0,2526135249918327";"0,6362626592616791";"False";"BATANG TUBUH";"PASAL 1"
"5";"Kabupaten Malang.";"175,85";"290,94";"340,18000000000006";"352,18000000000006";"612,2";"BCDEEE+BookmanOldStyle";"12,0";"233,39499999999998";"306,1";"0,1187602090819994";"0,2872427311336164";"0,18799411956876838";"False";"BATANG TUBUH";"PASAL 1"
"5";"BAB II";"287,1";"324,948";"381,18000000000006";"393,18000000000006";"612,2";"BCDEEE+BookmanOldStyle";"12,0";"306,024";"306,1";"0,00012414243711209052";"0,46896439072198626";"0,061822933681803256";"True";"BATANG TUBUH";"BAB II"
"5";"KEDUDUKAN";"265,67";"346,514";"401,80000000000007";"413,80000000000007";"612,2";"BCDEEE+BookmanOldStyle";"12,0";"306,092";"306,1";"1,3067624959226067e-05";"0,4339594903626266";"0,13205488402482846";"True";"BATANG TUBUH";"BAB II"
"5";"Pasal 2";"284,9";"327,32";"442,8";"454,8";"612,2";"BCDEEE+BookmanOldStyle";"12,0";"306,11";"306,1";"1,6334531198939734e-05";"0,4653707938582162";"0,06929108134596539";"False";"BATANG TUBUH";"PASAL 2"
"5";"(1) Dinas merupakan unsur pelaksana urusan pemerintahan";"154,65";"543,856";"484,00000000000006";"496,00000000000006";"612,2";"BCDEEE+BookmanOldStyle";"12,0";"349,253";"306,1";"0,07048840248284868";"0,2526135249918327";"0,635749754982032";"False";"BATANG TUBUH";"PASAL 2"
"5";"bidang pertanahan.";"175,85";"291,73999999999995";"504,62000000000006";"516,6200000000001";"612,2";"BCDEEE+BookmanOldStyle";"12,0";"233,79499999999996";"306,1";"0,11810682783404126";"0,2872427311336164";"0,18930088206468465";"False";"BATANG TUBUH";"PASAL 2"
"5";"(2) Dinas sebagaimana dimaksud pada ayat (1) dipimpin oleh";"154,65";"544,2499999999999";"525,02";"537,02";"612,2";"BCDEEE+BookmanOldStyle";"12,0";"349,44999999999993";"306,1";"0,070810192747468";"0,2526135249918327";"0,6363933355112706";"False";"BATANG TUBUH";"PASAL 2"
"5";"Kepala Dinas yang berada di bawah dan bertanggung jawab";"175,85";"543,916";"545,6200000000001";"557,6200000000001";"612,2";"BCDEEE+BookmanOldStyle";"12,0";"359,88300000000004";"306,1";"0,08785200914733748";"0,2872427311336164";"0,601218556027442";"False";"BATANG TUBUH";"PASAL 2"
"5";"kepada Bupati melalui Sekretaris Daerah.";"175,85";"423,35999999999996";"566,23";"578,23";"612,2";"BCDEEE+BookmanOldStyle";"12,0";"299,60499999999996";"306,1";"0,010609278013721106";"0,2872427311336164";"0,404295981705325";"False";"BATANG TUBUH";"PASAL 2"
"5";"BAB III";"285,1";"326,944";"607,23";"619,23";"612,2";"BCDEEE+BookmanOldStyle";"12,0";"306,02200000000005";"306,1";"0,0001274093433518042";"0,4656974844821954";"0,06835021234890558";"True";"BATANG TUBUH";"BAB III"
"5";"SUSUNAN ORGANISASI";"235,48";"376,84";"627,85";"639,85";"612,2";"BCDEEE+BookmanOldStyle";"12,0";"306,15999999999997";"306,1";"9,80071871936384e-05";"0,3846455406729826";"0,23090493302842205";"True";"BATANG TUBUH";"BAB III"
"5";"Pasal 3";"284,9";"327,32";"668,85";"680,85";"612,2";"BCDEEE+BookmanOldStyle";"12,0";"306,11";"306,1";"1,6334531198939734e-05";"0,4653707938582162";"0,06929108134596539";"False";"BATANG TUBUH";"PASAL 3"
"5";"(1) Susunan organisasi Dinas sebagaimana dimaksud dalam";"154,65";"551,262";"710,0500000000001";"722,0500000000001";"612,2";"BCDEEE+BookmanOldStyle";"12,0";"352,95599999999996";"306,1";"0,07653707938582152";"0,2526135249918327";"0,6478471087879777";"False";"BATANG TUBUH";"PASAL 3"
"5";"Pasal 2 ayat (1) terdiri atas:";"175,85";"337,73999999999995";"730,47";"742,47";"612,2";"BCDEEE+BookmanOldStyle";"12,0";"256,79499999999996";"306,1";"0,0805374060764457";"0,2872427311336164";"0,2644397255798758";"False";"BATANG TUBUH";"PASAL 2"
"5";"a. Kepala Dinas;";"175,85";"271,91999999999996";"751,07";"763,07";"612,2";"BCDEEE+BookmanOldStyle";"12,0";"223,885";"306,1";"0,1342943482522052";"0,2872427311336164";"0,15692584122835668";"False";"BATANG TUBUH";"PASAL 2"
"5";"b. Sekretariat;";"175,85";"258,822";"771,6800000000001";"783,6800000000001";"612,2";"BCDEEE+BookmanOldStyle";"12,0";"217,336";"306,1";"0,14499183273440053";"0,2872427311336164";"0,13553087226396604";"False";"BATANG TUBUH";"PASAL 2"
"5";"c. Bidang Inventarisasi dan Pengadaan Tanah;";"175,85";"450,39";"792,27";"804,27";"612,2";"BCDEEE+BookmanOldStyle";"12,0";"313,12";"306,1";"0,011466840901666091";"0,2872427311336164";"0,4484482195360992";"False";"BATANG TUBUH";"PASAL 2"
"5";"d. Bidang Penanganan Masalah Pertanahan;";"175,85";"437,56";"812,6800000000001";"824,6800000000001";"612,2";"BCDEEE+BookmanOldStyle";"12,0";"306,705";"306,1";"0,0009882391375366894";"0,2872427311336164";"0,4274910160078406";"False";"BATANG TUBUH";"PASAL 2"
"5";"e. Kelompok Jabatan Fungsional Ahli Madya dan Ahli Utama; dan";"175,85";"548,096";"833,2750000000001";"845,2750000000001";"612,2";"BCDEEE+BookmanOldStyle";"12,0";"361,973";"306,1";"0,09126592616791895";"0,2872427311336164";"0,608046390068605";"False";"BATANG TUBUH";"PASAL 2"
"5";"f. Kelompok Jabatan Fungsional.";"175,85";"372,96599999999995";"853,9000000000001";"865,9000000000001";"612,2";"BCDEEE+BookmanOldStyle";"12,0";"274,40799999999996";"306,1";"0,05176739627572699";"0,2872427311336164";"0,3219797451813132";"False";"BATANG TUBUH";"PASAL 2"
"6";"6";"302,5";"309,94";"35,90000000000009";"47,90000000000009";"612,2";"BCDEEE+BookmanOldStyle";"12,0";"306,22";"306,1";"0,0001960143743874625";"0,4941195687683763";"0,01215289121202221";"False";"BATANG TUBUH";"PASAL 2"
"6";"(2) Sekretariat sebagaimana dimaksud pada ayat (1) huruf b,";"154,65";"551,518";"72,92000000000007";"84,92000000000007";"612,2";"BCDEEE+BookmanOldStyle";"12,0";"353,084";"306,1";"0,07674616138516821";"0,2526135249918327";"0,648265272786671";"False";"BATANG TUBUH";"PASAL 2"
"6";"dipimpin oleh Sekretaris Dinas yang berada di bawah dan";"175,85";"551,1139999999997";"91,12000000000012";"103,12000000000012";"612,2";"BCDEEE+BookmanOldStyle";"12,0";"363,48199999999986";"306,1";"0,09373080692584095";"0,2872427311336164";"0,612976151584449";"False";"BATANG TUBUH";"PASAL 2"
"6";"bertanggung jawab kepada Kepala Dinas.";"175,85";"419,94";"109,32000000000005";"121,32000000000005";"612,2";"BCDEEE+BookmanOldStyle";"12,0";"297,895";"306,1";"0,013402482848742308";"0,2872427311336164";"0,39870957203528257";"False";"BATANG TUBUH";"PASAL 2"
"6";"(3) Bidang sebagaimana dimaksud pada ayat (1) huruf c dan";"154,65";"551,708";"127,5200000000001";"139,5200000000001";"612,2";"BCDEEE+BookmanOldStyle";"12,0";"353,179";"306,1";"0,07690133943155823";"0,2526135249918327";"0,6485756288794511";"False";"BATANG TUBUH";"PASAL 2"
"6";"huruf d, dipimpin oleh Kepala Bidang yang berada di bawah";"175,85";"551,084";"145,73000000000013";"157,73000000000013";"612,2";"BCDEEE+BookmanOldStyle";"12,0";"363,467";"306,1";"0,09370630512904272";"0,2872427311336164";"0,6129271479908525";"False";"BATANG TUBUH";"PASAL 2"
"6";"dan bertanggung jawab kepada Kepala Dinas.";"175,85";"446,19";"163,95000000000005";"175,95000000000005";"612,2";"BCDEEE+BookmanOldStyle";"12,0";"311,02";"306,1";"0,008036589349885591";"0,2872427311336164";"0,4415877164325384";"False";"BATANG TUBUH";"PASAL 2"
"6";"(4) Kelompok Jabatan Fungsional Ahli Madya dan Ahli Utama";"154,65";"551,518";"182,1500000000001";"194,1500000000001";"612,2";"BCDEEE+BookmanOldStyle";"12,0";"353,084";"306,1";"0,07674616138516821";"0,2526135249918327";"0,648265272786671";"False";"BATANG TUBUH";"PASAL 2"
"6";"sebagaimana dimaksud pada ayat (1) huruf e, berada di bawah";"175,85";"551,668";"200,35000000000014";"212,35000000000014";"612,2";"BCDEEE+BookmanOldStyle";"12,0";"363,759";"306,1";"0,09418327344005226";"0,2872427311336164";"0,6138810846128715";"False";"BATANG TUBUH";"PASAL 2"
"6";"dan bertanggung jawab kepada Kepala Dinas.";"175,85";"446,19";"218,55000000000007";"230,55000000000007";"612,2";"BCDEEE+BookmanOldStyle";"12,0";"311,02";"306,1";"0,008036589349885591";"0,2872427311336164";"0,4415877164325384";"False";"BATANG TUBUH";"PASAL 2"
"6";"(5) Kelompok Jabatan Fungsional sebagaimana dimaksud pada";"154,65";"551,1379999999999";"236,7500000000001";"248,7500000000001";"612,2";"BCDEEE+BookmanOldStyle";"12,0";"352,89399999999995";"306,1";"0,07643580529238798";"0,2526135249918327";"0,6476445606011106";"False";"BATANG TUBUH";"PASAL 2"
"6";"ayat (1) huruf f, berada di bawah dan bertanggung jawab";"175,85";"551,042";"254,95000000000005";"266,95000000000005";"612,2";"BCDEEE+BookmanOldStyle";"12,0";"363,446";"306,1";"0,09367200261352499";"0,2872427311336164";"0,612858542959817";"False";"BATANG TUBUH";"PASAL 2"
"6";"kepada Sekretaris Dinas dan Kepala Bidang.";"175,85";"438,758";"273,18000000000006";"285,18000000000006";"612,2";"BCDEEE+BookmanOldStyle";"12,0";"307,304";"306,1";"0,0019666775563540522";"0,2872427311336164";"0,42944789284547535";"False";"BATANG TUBUH";"PASAL 2"
"6";"BAB IV";"285,1";"327,09999999999997";"309,57000000000005";"321,57000000000005";"612,2";"BCDEEE+BookmanOldStyle";"12,0";"306,1";"306,1";"0,0";"0,4656974844821954";"0,06860503103560918";"True";"BATANG TUBUH";"BAB IV"
"6";"TUGAS DAN FUNGSI";"243,88";"368,08";"327,7700000000001";"339,7700000000001";"612,2";"BCDEEE+BookmanOldStyle";"12,0";"305,98";"306,1";"0,0001960143743874625";"0,3983665468801045";"0,202874877491016";"True";"BATANG TUBUH";"BAB IV"
"6";"Bagian Kesatu";"263,48";"348,776";"364,18000000000006";"376,18000000000006";"612,2";"BCDEEE+BookmanOldStyle";"12,0";"306,12800000000004";"306,1";"4,573668735710553e-05";"0,43038222803005555";"0,13932701731460304";"False";"BATANG TUBUH";"BAGIAN KESATU"
"6";"Dinas";"288,9";"323,316";"382,3700000000001";"394,3700000000001";"612,2";"BCDEEE+BookmanOldStyle";"12,0";"306,10799999999995";"306,1";"1,3067624959040365e-05";"0,471904606337798";"0,056216922574322106";"False";"BATANG TUBUH";"BAGIAN KESATU"
"6";"Pasal 4";"284,9";"327,32";"418,80000000000007";"430,8";"612,2";"BCDEEE+BookmanOldStyle";"11,999999999999943";"306,11";"306,1";"1,6334531198939734e-05";"0,4653707938582162";"0,06929108134596539";"False";"BATANG TUBUH";"PASAL 4"
"6";"Dinas sebagaimana dimaksud dalam Pasal 2 ayat (1) mempunyai";"154,65";"549,706";"455,20000000000005";"467,20000000000005";"612,2";"BCDEEE+BookmanOldStyle";"12,0";"352,178";"306,1";"0,07526625285854291";"0,2526135249918327";"0,6453054557334205";"False";"BATANG TUBUH";"PASAL 4"
"6";"tugas membantu Bupati dalam melaksanakan tugas di bidang";"154,65";"550,014";"473,40000000000003";"485,40000000000003";"612,2";"BCDEEE+BookmanOldStyle";"12,0";"352,332";"306,1";"0,07551780463900681";"0,2526135249918327";"0,6458085592943482";"False";"BATANG TUBUH";"PASAL 4"
"6";"pertanahan.";"154,65";"226,92000000000002";"491,6";"503,6";"612,2";"BCDEEE+BookmanOldStyle";"12,0";"190,78500000000003";"306,1";"0,18836164652074483";"0,2526135249918327";"0,11804965697484483";"False";"BATANG TUBUH";"PASAL 4"
"6";"Pasal 5";"284,9";"327,32";"528,02";"540,02";"612,2";"BCDEEE+BookmanOldStyle";"12,0";"306,11";"306,1";"1,6334531198939734e-05";"0,4653707938582162";"0,06929108134596539";"False";"BATANG TUBUH";"PASAL 5"
"6";"Dalam melaksanakan tugas sebagaimana dimaksud dalam";"154,65";"549,6";"564,4200000000001";"576,4200000000001";"612,2";"BCDEEE+BookmanOldStyle";"12,0";"352,125";"306,1";"0,07517967984318846";"0,2526135249918327";"0,6451323097027115";"False";"BATANG TUBUH";"PASAL 5"
"6";"Pasal 4, Dinas menyelenggarakan fungsi:";"154,65";"397,34999999999997";"582,6300000000001";"594,6300000000001";"612,2";"BCDEEE+BookmanOldStyle";"12,0";"276,0";"306,1";"0,04916693890885335";"0,2526135249918327";"0,3964390721986278";"False";"BATANG TUBUH";"PASAL 4"
"6";"a. pengumpulan dan pengolahan database serta analisis data";"154,65";"549,548";"600,82";"612,8800000000001";"612,2";"BCDEEE+BookmanOldStyle";"12,0";"352,099";"306,1";"0,07513721006207116";"0,2526135249918327";"0,645047370140477";"False";"BATANG TUBUH";"PASAL 4"
"6";"bidang pertanahan;";"175,85";"291,73999999999995";"619,05";"631,05";"612,2";"BCDEEE+BookmanOldStyle";"12,0";"233,79499999999996";"306,1";"0,11810682783404126";"0,2872427311336164";"0,18930088206468465";"False";"BATANG TUBUH";"PASAL 4"
"6";"b. perencanaan strategis pada Dinas;";"154,65";"380,57";"637,25";"649,25";"612,2";"BCDEEE+BookmanOldStyle";"12,0";"267,61";"306,1";"0,06287161058477622";"0,2526135249918327";"0,36902972884678203";"False";"BATANG TUBUH";"PASAL 4"
"6";"c. perumusan kebijakan teknis bidang pertanahan;";"154,65";"464,59";"655,45";"667,45";"612,2";"BCDEEE+BookmanOldStyle";"12,0";"309,62";"306,1";"0,005749754982031985";"0,2526135249918327";"0,5062724599803984";"False";"BATANG TUBUH";"PASAL 4"
"6";"d. pengoordinasian, integrasi dan sinkronisasi kegiatan di";"154,65";"549,66";"673,6500000000001";"685,6500000000001";"612,2";"BCDEEE+BookmanOldStyle";"12,0";"352,155";"306,1";"0,07522868343678528";"0,2526135249918327";"0,6452303168899052";"False";"BATANG TUBUH";"PASAL 4"
"6";"lingkungan Dinas;";"175,85";"284,414";"691,85";"703,85";"612,2";"BCDEEE+BookmanOldStyle";"12,0";"230,132";"306,1";"0,12409016661221825";"0,2872427311336164";"0,1773342045083306";"False";"BATANG TUBUH";"PASAL 4"
"6";"e. pelaksanaan pengadaan tanah untuk pembangunan";"154,65";"550,026";"710,0500000000001";"722,0500000000001";"612,2";"BCDEEE+BookmanOldStyle";"12,0";"352,33799999999997";"306,1";"0,07552760535772614";"0,2526135249918327";"0,645828160731787";"False";"BATANG TUBUH";"PASAL 4"
"6";"kepentingan umum yang terdiri dari pensertipikatan tanah,";"175,85";"549,734";"728,25";"740,25";"612,2";"BCDEEE+BookmanOldStyle";"12,0";"362,79200000000003";"306,1";"0,09260372427311336";"0,2872427311336164";"0,6107219862789938";"False";"BATANG TUBUH";"PASAL 4"
"6";"tukar menukar tanah, penanganan permasalahan tanah,";"175,85";"549,698";"746,47";"758,47";"612,2";"BCDEEE+BookmanOldStyle";"12,0";"362,774";"306,1";"0,0925743221169552";"0,2872427311336164";"0,6106631819666775";"False";"BATANG TUBUH";"PASAL 4"
"6";"serta penatagunaan tanah;";"175,85";"335,50999999999993";"764,6700000000001";"776,6700000000001";"612,2";"BCDEEE+BookmanOldStyle";"12,0";"255,67999999999995";"306,1";"0,08235870630512916";"0,2872427311336164";"0,26079712512250885";"False";"BATANG TUBUH";"PASAL 4"
"6";"f. pelaksanaan penetapan subjek dan objek redistribusi tanah";"154,65";"549,544";"782,88";"794,88";"612,2";"BCDEEE+BookmanOldStyle";"12,0";"352,097";"306,1";"0,07513394315583136";"0,2526135249918327";"0,6450408363279974";"False";"BATANG TUBUH";"PASAL 4"
"6";"serta ganti kerugian tanah kelebihan maksimum dan tanah";"175,85";"549,5539999999999";"801,07";"813,07";"612,2";"BCDEEE+BookmanOldStyle";"12,0";"362,70199999999994";"306,1";"0,09245671349232264";"0,2872427311336164";"0,6104279647174123";"False";"BATANG TUBUH";"PASAL 4"
"6";"absente; dan";"175,85";"255,8053904";"819,2800000000001";"831,2800000000001";"612,2";"BCDEEE+BookmanOldStyle";"12,0";"215,8276952";"306,1";"0,14745557791571384";"0,2872427311336164";"0,1306033819013394";"False";"BATANG TUBUH";"PASAL 4"
"6";"g. pelaksanaan fungsi lain yang diberikan oleh Bupati di bidang";"154,65";"549,3499999999999";"837,2750000000001";"849,2750000000001";"612,2";"BCDEEE+BookmanOldStyle";"12,0";"351,99999999999994";"306,1";"0,07497549820320143";"0,2526135249918327";"0,6447239464227376";"False";"BATANG TUBUH";"PASAL 4"
"6";"pertanahan yang berkaitan dengan tugasnya.";"175,85";"444,39";"855,5";"867,5";"612,2";"BCDEEE+BookmanOldStyle";"12,0";"310,12";"306,1";"0,006566481541979715";"0,2872427311336164";"0,4386475008167265";"False";"BATANG TUBUH";"PASAL 4"
"7";"7";"302,5";"309,94";"35,90000000000009";"47,90000000000009";"612,2";"BCDEEE+BookmanOldStyle";"12,0";"306,22";"306,1";"0,0001960143743874625";"0,4941195687683763";"0,01215289121202221";"False";"BATANG TUBUH";"PASAL 4"
"7";"Bagian Kedua";"265,08";"346,99199999999996";"72,92000000000007";"84,92000000000007";"612,2";"BCDEEE+BookmanOldStyle";"12,0";"306,03599999999994";"306,1";"0,00010454099967343713";"0,4329957530218882";"0,13379941195687678";"False";"BATANG TUBUH";"BAGIAN KEDUA"
"7";"Kepala Dinas";"267,07";"345,116";"94,12000000000012";"106,12000000000012";"612,2";"BCDEEE+BookmanOldStyle";"12,0";"306,09299999999996";"306,1";"1,1434171839369234e-05";"0,4362463247304802";"0,12748448219536096";"False";"BATANG TUBUH";"BAGIAN KEDUA"
"7";"Pasal 6";"284,9";"327,32";"136,32000000000005";"148,32000000000005";"612,2";"BCDEEE+BookmanOldStyle";"12,0";"306,11";"306,1";"1,6334531198939734e-05";"0,4653707938582162";"0,06929108134596539";"False";"BATANG TUBUH";"PASAL 6"
"7";"Kepala Dinas sebagaimana dimaksud dalam Pasal 3 ayat (1)";"154,65";"549,554";"178,7500000000001";"190,7500000000001";"612,2";"BCDEEE+BookmanOldStyle";"12,0";"352,102";"306,1";"0,07514211042143082";"0,2526135249918327";"0,6450571708591963";"False";"BATANG TUBUH";"PASAL 6"
"7";"huruf a mempunyai tugas:";"154,65";"311,82199999999995";"199,7500000000001";"211,7500000000001";"612,2";"BCDEEE+BookmanOldStyle";"12,0";"233,236";"306,1";"0,11901992812806277";"0,2526135249918327";"0,256733093760209";"False";"BATANG TUBUH";"PASAL 6"
"7";"a. merumuskan kebijakan teknis bidang pertanahan,";"154,65";"542,432";"220,95000000000005";"232,95000000000005";"612,2";"BCDEEE+BookmanOldStyle";"12,0";"348,541";"306,1";"0,06932538386148313";"0,2526135249918327";"0,633423717739301";"False";"BATANG TUBUH";"PASAL 6"
"7";"menyelenggarakan urusan pemerintahan dan pelayanan";"175,85";"542,406";"242,1500000000001";"254,1500000000001";"612,2";"BCDEEE+BookmanOldStyle";"12,0";"359,128";"306,1";"0,08661875204181634";"0,2872427311336164";"0,5987520418163997";"False";"BATANG TUBUH";"PASAL 6"
"7";"umum bidang pertanahan, melaksanakan perencanaan";"175,85";"542,418";"263,1500000000001";"275,1500000000001";"612,2";"BCDEEE+BookmanOldStyle";"12,0";"359,134";"306,1";"0,08662855276053576";"0,2872427311336164";"0,5987716432538386";"False";"BATANG TUBUH";"PASAL 6"
"7";"program dan kegiatan, pengawasan, pengendalian, serta";"175,85";"542,178";"284,3700000000001";"296,3700000000001";"612,2";"BCDEEE+BookmanOldStyle";"12,0";"359,014";"306,1";"0,0864325383861483";"0,2872427311336164";"0,5983796145050636";"False";"BATANG TUBUH";"PASAL 6"
"7";"evaluasi dan pelaporan bidang pertanahan; dan";"175,85";"458,258";"305,57000000000005";"317,57000000000005";"612,2";"BCDEEE+BookmanOldStyle";"12,0";"317,054";"306,1";"0,017892845475334776";"0,2872427311336164";"0,4613002286834368";"False";"BATANG TUBUH";"PASAL 6"
"7";"b. melaksanakan tugas lain yang diberikan oleh Bupati sesuai";"154,65";"542,1160000000001";"326,57000000000005";"338,57000000000005";"612,2";"BCDEEE+BookmanOldStyle";"12,0";"348,38300000000004";"306,1";"0,06906729826853972";"0,2526135249918327";"0,6329075465534141";"False";"BATANG TUBUH";"PASAL 6"
"7";"dengan bidang tugasnya.";"175,85";"323,83399999999995";"347,7700000000001";"359,7700000000001";"612,2";"BCDEEE+BookmanOldStyle";"12,0";"249,84199999999998";"306,1";"0,09189480561907878";"0,2872427311336164";"0,2417249264946095";"False";"BATANG TUBUH";"PASAL 6"
"7";"Bagian Ketiga";"265,48";"346,384";"390,0000000000001";"402,0000000000001";"612,2";"BCDEEE+BookmanOldStyle";"12,0";"305,932";"306,1";"0,0002744201241424475";"0,43364913426984647";"0,1321528912120222";"False";"BATANG TUBUH";"BAGIAN KETIGA"
"7";"Sekretariat";"273,67";"338,57800000000003";"411,20000000000005";"423,20000000000005";"612,2";"BCDEEE+BookmanOldStyle";"12,0";"306,124";"306,1";"3,92028748774925e-05";"0,44702711532179024";"0,10602417510617447";"False";"BATANG TUBUH";"BAGIAN KETIGA"
"7";"Pasal 7";"284,9";"327,32";"453,40000000000003";"465,40000000000003";"612,2";"BCDEEE+BookmanOldStyle";"12,0";"306,11";"306,1";"1,6334531198939734e-05";"0,4653707938582162";"0,06929108134596539";"False";"BATANG TUBUH";"PASAL 7"
"7";"Sekretariat sebagaimana dimaksud dalam Pasal 3 ayat (1) huruf b";"154,65";"549,8320000000001";"495,6";"507,6";"612,2";"BCDEEE+BookmanOldStyle";"12,0";"352,24100000000004";"306,1";"0,0753691604050964";"0,2526135249918327";"0,6455112708265275";"False";"BATANG TUBUH";"PASAL 7"
"7";"mempunyai tugas:";"154,65";"263,91999999999996";"516,82";"528,82";"612,2";"BCDEEE+BookmanOldStyle";"12,0";"209,28499999999997";"306,1";"0,15814276380267894";"0,2526135249918327";"0,1784874224109767";"False";"BATANG TUBUH";"PASAL 7"
"7";"a. melaksanakan pengelolaan administrasi umum, kepegawaian,";"154,65";"547,846";"538,02";"550,02";"612,2";"BCDEEE+BookmanOldStyle";"12,0";"351,248";"306,1";"0,07374714145704013";"0,2526135249918327";"0,6422672329304149";"False";"BATANG TUBUH";"PASAL 7"
"7";"keuangan dan aset serta koordinasi perencanaan,";"175,85";"548,046";"559,02";"571,02";"612,2";"BCDEEE+BookmanOldStyle";"12,0";"361,94800000000004";"306,1";"0,09122508983992161";"0,2872427311336164";"0,6079647174126103";"False";"BATANG TUBUH";"PASAL 7"
"7";"pengendalian, evaluasi dan pelaporan pelaksanaan program";"175,85";"547,622";"580,23";"592,23";"612,2";"BCDEEE+BookmanOldStyle";"12,0";"361,736";"306,1";"0,0908787977785037";"0,2872427311336164";"0,6072721332897745";"False";"BATANG TUBUH";"PASAL 7"
"7";"Dinas; dan";"175,85";"240,188";"601,4200000000001";"613,4200000000001";"612,2";"BCDEEE+BookmanOldStyle";"12,0";"208,019";"306,1";"0,16021071545246654";"0,2872427311336164";"0,10509310682783403";"False";"BATANG TUBUH";"PASAL 7"
"7";"b. melaksanakan tugas lain yang diberikan oleh Kepala Dinas";"154,65";"547,966";"622,45";"634,45";"612,2";"BCDEEE+BookmanOldStyle";"12,0";"351,308";"306,1";"0,07384514864423386";"0,2526135249918327";"0,6424632473048023";"False";"BATANG TUBUH";"PASAL 7"
"7";"sesuai dengan bidang tugasnya.";"175,85";"364,9579999999999";"643,6500000000001";"655,6500000000001";"612,2";"BCDEEE+BookmanOldStyle";"12,0";"270,40399999999994";"306,1";"0,05830774256778844";"0,2872427311336164";"0,3088990525971903";"False";"BATANG TUBUH";"PASAL 7"
"7";"Pasal 8";"284,9";"327,32";"685,85";"697,85";"612,2";"BCDEEE+BookmanOldStyle";"12,0";"306,11";"306,1";"1,6334531198939734e-05";"0,4653707938582162";"0,06929108134596539";"False";"BATANG TUBUH";"PASAL 8"
"7";"Dalam melaksanakan tugas sebagaimana dimaksud dalam";"154,65";"549,6";"728,0500000000001";"740,0500000000001";"612,2";"BCDEEE+BookmanOldStyle";"12,0";"352,125";"306,1";"0,07517967984318846";"0,2526135249918327";"0,6451323097027115";"False";"BATANG TUBUH";"PASAL 8"
"7";"Pasal 7, Sekretariat menyelenggarakan fungsi:";"154,65";"428,15999999999997";"749,27";"761,27";"612,2";"BCDEEE+BookmanOldStyle";"12,0";"291,405";"306,1";"0,02400359359686385";"0,2526135249918327";"0,44676576282260694";"False";"BATANG TUBUH";"PASAL 7"
"7";"a. perencanaan kegiatan kesekretariatan;";"154,65";"405,76";"770,48";"782,48";"612,2";"BCDEEE+BookmanOldStyle";"12,0";"280,205";"306,1";"0,04229826853969297";"0,2526135249918327";"0,4101764129369487";"False";"BATANG TUBUH";"PASAL 7"
"7";"b. pengelolaan urusan administrasi kepegawaian, kesejahteraan,";"154,65";"549,6560000000001";"791,47";"803,47";"612,2";"BCDEEE+BookmanOldStyle";"12,0";"352,153";"306,1";"0,07522541653054557";"0,2526135249918327";"0,6452237830774258";"False";"BATANG TUBUH";"PASAL 7"
"7";"dan pendidikan pelatihan pegawai;";"175,85";"381,76";"812,6800000000001";"824,6800000000001";"612,2";"BCDEEE+BookmanOldStyle";"12,0";"278,805";"306,1";"0,044585102907546574";"0,2872427311336164";"0,33634433191767393";"False";"BATANG TUBUH";"PASAL 7"
"7";"c. pengelolaan urusan rumah tangga, keprotokolan, dan";"154,65";"549,458";"833,875";"845,875";"612,2";"BCDEEE+BookmanOldStyle";"12,0";"352,054";"306,1";"0,07506370467167583";"0,2526135249918327";"0,6449003593596864";"False";"BATANG TUBUH";"PASAL 7"
"7";"hubungan masyarakat;";"175,85";"313,53799999999995";"854,9000000000001";"866,9000000000001";"612,2";"BCDEEE+BookmanOldStyle";"12,0";"244,69399999999996";"306,1";"0,10030382228030064";"0,2872427311336164";"0,2249068931721659";"False";"BATANG TUBUH";"PASAL 7"
"8";"8";"302,5";"309,94";"35,90000000000009";"47,90000000000009";"612,2";"BCDEEE+BookmanOldStyle";"12,0";"306,22";"306,1";"0,0001960143743874625";"0,4941195687683763";"0,01215289121202221";"False";"BATANG TUBUH";"PASAL 7"
"8";"d. penyelenggaraan kegiatan tata usaha persuratan dan";"154,65";"549,7239999999999";"72,92000000000007";"84,92000000000007";"612,2";"BCDEEE+BookmanOldStyle";"12,0";"352,18699999999995";"306,1";"0,0752809539366219";"0,2526135249918327";"0,6453348578895785";"False";"BATANG TUBUH";"PASAL 7"
"8";"penggandaan, kearsipan, dan perpustakaan;";"175,85";"439,51399999999995";"94,12000000000012";"106,12000000000012";"612,2";"BCDEEE+BookmanOldStyle";"12,0";"307,68199999999996";"306,1";"0,0025841228356745126";"0,2872427311336164";"0,43068278340411625";"False";"BATANG TUBUH";"PASAL 7"
"8";"e. penyelenggaraan pengelolaan administrasi keuangan dan";"154,65";"549,4699999999999";"115,32000000000005";"127,32000000000005";"612,2";"BCDEEE+BookmanOldStyle";"12,0";"352,05999999999995";"306,1";"0,07507350539039516";"0,2526135249918327";"0,644919960797125";"False";"BATANG TUBUH";"PASAL 7"
"8";"aset Daerah;";"175,85";"250,47000000000003";"136,32000000000005";"148,32000000000005";"612,2";"BCDEEE+BookmanOldStyle";"12,0";"213,16000000000003";"306,1";"0,15181313296308394";"0,2872427311336164";"0,1218882718065992";"False";"BATANG TUBUH";"PASAL 7"
"8";"f. pengelolaan administrasi perlengkapan dan pemeliharaan,";"154,65";"550,01";"157,5200000000001";"169,5200000000001";"612,2";"BCDEEE+BookmanOldStyle";"12,0";"352,33";"306,1";"0,075514537732767";"0,2526135249918327";"0,6458020254818686";"False";"BATANG TUBUH";"PASAL 7"
"8";"kebersihan, dan keamanan kantor;";"175,85";"383,35999999999996";"178,7500000000001";"190,7500000000001";"612,2";"BCDEEE+BookmanOldStyle";"12,0";"279,60499999999996";"306,1";"0,043278340411630284";"0,2872427311336164";"0,3389578569095066";"False";"BATANG TUBUH";"PASAL 7"
"8";"g. pengoordinasian perencanaan, pemantauan, evaluasi, dan";"154,65";"549,814";"199,7500000000001";"211,7500000000001";"612,2";"BCDEEE+BookmanOldStyle";"12,0";"352,23199999999997";"306,1";"0,07535445932701722";"0,2526135249918327";"0,645481868670369";"False";"BATANG TUBUH";"PASAL 7"
"8";"pelaporan program Dinas; dan";"175,85";"355,796";"220,95000000000005";"232,95000000000005";"612,2";"BCDEEE+BookmanOldStyle";"12,0";"265,823";"306,1";"0,06579059131002947";"0,2872427311336164";"0,29393335511270824";"False";"BATANG TUBUH";"PASAL 7"
"8";"h. pelaksanaan fungsi lain yang diberikan oleh Kepala Dinas";"154,65";"550,4159999999999";"242,1500000000001";"254,1500000000001";"612,2";"BCDEEE+BookmanOldStyle";"12,0";"352,53299999999996";"306,1";"0,07584612871610574";"0,2526135249918327";"0,6464652074485461";"False";"BATANG TUBUH";"PASAL 7"
"8";"yang berkaitan dengan tugasnya.";"175,85";"372,15999999999997";"263,1500000000001";"275,1500000000001";"612,2";"BCDEEE+BookmanOldStyle";"12,0";"274,005";"306,1";"0,052425677883044794";"0,2872427311336164";"0,3206631819666775";"False";"BATANG TUBUH";"PASAL 7"
"8";"Pasal 9";"284,9";"327,32";"305,57000000000005";"317,57000000000005";"612,2";"BCDEEE+BookmanOldStyle";"12,0";"306,11";"306,1";"1,6334531198939734e-05";"0,4653707938582162";"0,06929108134596539";"False";"BATANG TUBUH";"PASAL 9"
"8";"(1) Susunan organisasi Sekretariat sebagaimana dimaksud dalam";"154,65";"549,6659999999999";"347,7700000000001";"359,7700000000001";"612,2";"BCDEEE+BookmanOldStyle";"12,0";"352,15799999999996";"306,1";"0,07523358379614493";"0,2526135249918327";"0,6452401176086245";"False";"BATANG TUBUH";"PASAL 9"
"8";"Pasal 3 ayat (1) huruf b terdiri atas:";"175,85";"386,35999999999996";"368,97000000000014";"380,97000000000014";"612,2";"BCDEEE+BookmanOldStyle";"12,0";"281,10499999999996";"306,1";"0,0408281607317871";"0,2872427311336164";"0,343858216269193";"False";"BATANG TUBUH";"PASAL 3"
"8";"a. Sub Bagian Umum, Keuangan dan Kepegawaian; dan";"175,85";"505,858";"390,0000000000001";"402,0000000000001";"612,2";"BCDEEE+BookmanOldStyle";"12,0";"340,854";"306,1";"0,05676902972884672";"0,2872427311336164";"0,5390525971904606";"False";"BATANG TUBUH";"PASAL 3"
"8";"b. Sub Bagian Perencanaan, Evaluasi dan Pelaporan;";"175,85";"488,78999999999996";"411,20000000000005";"423,20000000000005";"612,2";"BCDEEE+BookmanOldStyle";"12,0";"332,32";"306,1";"0,042829140803658884";"0,2872427311336164";"0,5111728193400848";"False";"BATANG TUBUH";"PASAL 3"
"8";"(2) Sub Bagian sebagaimana dimaksud pada ayat (1), dipimpin";"154,65";"549,87";"432,40000000000003";"444,40000000000003";"612,2";"BCDEEE+BookmanOldStyle";"12,0";"352,26";"306,1";"0,07540019601437432";"0,2526135249918327";"0,6455733420450833";"False";"BATANG TUBUH";"PASAL 3"
"8";"oleh Kepala Sub Bagian yang berada di bawah dan";"175,85";"549,8939999999999";"453,40000000000003";"465,40000000000003";"612,2";"BCDEEE+BookmanOldStyle";"12,0";"362,87199999999996";"306,1";"0,09273440052270489";"0,2872427311336164";"0,6109833387781768";"False";"BATANG TUBUH";"PASAL 3"
"8";"bertanggung jawab kepada Sekretaris Dinas.";"175,85";"439,98999999999995";"474,6";"486,6";"612,2";"BCDEEE+BookmanOldStyle";"12,0";"307,91999999999996";"306,1";"0,002972884678209631";"0,2872427311336164";"0,4314603070891865";"False";"BATANG TUBUH";"PASAL 3"
"8";"Pasal 10";"281,1";"330,92400000000004";"516,82";"528,82";"612,2";"BCDEEE+BookmanOldStyle";"12,0";"306,01200000000006";"306,1";"0,00014374387455074394";"0,45916367200261354";"0,08138516824567137";"False";"BATANG TUBUH";"PASAL 10"
"8";"Sub Bagian Umum, Keuangan dan Kepegawaian sebagaimana";"154,65";"549,8580000000001";"559,02";"571,02";"612,2";"BCDEEE+BookmanOldStyle";"12,0";"352,254";"306,1";"0,075390395295655";"0,2526135249918327";"0,6455537406076447";"False";"BATANG TUBUH";"PASAL 10"
"8";"dimaksud dalam Pasal 9 ayat (1) huruf a mempunyai tugas:";"154,65";"508,064";"580,23";"592,23";"612,2";"BCDEEE+BookmanOldStyle";"12,0";"331,357";"306,1";"0,04125612544919961";"0,2526135249918327";"0,5772852009147337";"False";"BATANG TUBUH";"PASAL 10"
"8";"a. menghimpun, mengolah data, menyusun program, dan";"154,65";"549,5679999999999";"601,4200000000001";"613,4200000000001";"612,2";"BCDEEE+BookmanOldStyle";"12,0";"352,1089999999999";"306,1";"0,07515354459327";"0,2526135249918327";"0,6450800392028746";"False";"BATANG TUBUH";"PASAL 10"
"8";"rencana kegiatan Sub Bagian Umum, Keuangan dan";"175,85";"549,6259999999999";"622,45";"634,45";"612,2";"BCDEEE+BookmanOldStyle";"12,0";"362,73799999999994";"306,1";"0,09251551780463887";"0,2872427311336164";"0,6105455733420447";"False";"BATANG TUBUH";"PASAL 10"
"8";"Kepegawaian;";"175,85";"256,52";"643,6500000000001";"655,6500000000001";"612,2";"BCDEEE+BookmanOldStyle";"12,0";"216,185";"306,1";"0,1468719372754002";"0,2872427311336164";"0,13177066318196665";"False";"BATANG TUBUH";"PASAL 10"
"8";"b. melaksanakan pembinaan organisasi dan ketatalaksanaan,";"154,65";"549,794";"664,85";"676,85";"612,2";"BCDEEE+BookmanOldStyle";"12,0";"352,222";"306,1";"0,07533812479581828";"0,2526135249918327";"0,6454491996079712";"False";"BATANG TUBUH";"PASAL 10"
"8";"urusan surat menyurat, kearsipan, rumah tangga, perjalanan";"175,85";"549,798";"685,85";"697,85";"612,2";"BCDEEE+BookmanOldStyle";"12,0";"362,824";"306,1";"0,09265599477294999";"0,2872427311336164";"0,610826527278667";"False";"BATANG TUBUH";"PASAL 10"
"8";"dinas, keprotokolan;";"175,85";"296,62999999999994";"707,0500000000001";"719,0500000000001";"612,2";"BCDEEE+BookmanOldStyle";"12,0";"236,23999999999995";"306,1";"0,11411303495589688";"0,2872427311336164";"0,19728846782097342";"False";"BATANG TUBUH";"PASAL 10"
"8";"c. melaksanakan tata usaha barang, perawatan dan penyimpanan";"154,65";"549,6499999999999";"728,25";"740,25";"612,2";"BCDEEE+BookmanOldStyle";"12,0";"352,1499999999999";"306,1";"0,07522051617118572";"0,2526135249918327";"0,6452139823587061";"False";"BATANG TUBUH";"PASAL 10"
"8";"peralatan kantor dan pendataan inventaris kantor;";"175,85";"475,83599999999996";"749,27";"761,27";"612,2";"BCDEEE+BookmanOldStyle";"12,0";"325,84299999999996";"306,1";"0,032249264946095944";"0,2872427311336164";"0,4900130676249591";"False";"BATANG TUBUH";"PASAL 10"
"8";"d. melaksanakan kebersihan dan keamanan kantor;";"154,65";"469,37399999999997";"770,48";"782,48";"612,2";"BCDEEE+BookmanOldStyle";"12,0";"312,012";"306,1";"0,009656974844821916";"0,2526135249918327";"0,5140868997059783";"False";"BATANG TUBUH";"PASAL 10"
"8";"e. melaksanakan pembukuan, pertanggungjawaban dan";"154,65";"549,6619999999999";"791,6700000000001";"803,6700000000001";"612,2";"BCDEEE+BookmanOldStyle";"12,0";"352,15599999999995";"306,1";"0,07523031688990513";"0,2526135249918327";"0,6452335837961449";"False";"BATANG TUBUH";"PASAL 10"
"8";"verifikasi serta penyusunan perhitungan anggaran;";"175,85";"478,24999999999994";"812,6800000000001";"824,6800000000001";"612,2";"BCDEEE+BookmanOldStyle";"12,0";"327,04999999999995";"306,1";"0,03422084286180975";"0,2872427311336164";"0,49395622345638673";"False";"BATANG TUBUH";"PASAL 10"
"8";"f. menyusun laporan dan pertanggungjawaban penyelenggaraan";"154,65";"549,3739999999999";"833,875";"845,875";"612,2";"BCDEEE+BookmanOldStyle";"12,0";"352,01199999999994";"306,1";"0,07499509964064018";"0,2526135249918327";"0,644763149297615";"False";"BATANG TUBUH";"PASAL 10"
"8";"anggaran satuan kerja;";"175,85";"312,542";"855,1";"867,1";"612,2";"BCDEEE+BookmanOldStyle";"12,0";"244,19599999999997";"306,1";"0,10111728193400857";"0,2872427311336164";"0,22327997386475004";"False";"BATANG TUBUH";"PASAL 10"
"9";"9";"302,5";"309,94";"35,90000000000009";"47,90000000000009";"612,2";"BCDEEE+BookmanOldStyle";"12,0";"306,22";"306,1";"0,0001960143743874625";"0,4941195687683763";"0,01215289121202221";"False";"BATANG TUBUH";"PASAL 10"
"9";"g. melaksanakan pengurusan gaji pegawai serta pembayaran";"154,65";"549,3859999999999";"72,92000000000007";"84,92000000000007";"612,2";"BCDEEE+BookmanOldStyle";"12,0";"352,0179999999999";"306,1";"0,0750049003593595";"0,2526135249918327";"0,6447827507350536";"False";"BATANG TUBUH";"PASAL 10"
"9";"hak-hak keuangan lainnya;";"175,85";"338,50399999999996";"93,5200000000001";"105,5200000000001";"612,2";"BCDEEE+BookmanOldStyle";"12,0";"257,17699999999996";"306,1";"0,07991342698464562";"0,2872427311336164";"0,2656876837634759";"False";"BATANG TUBUH";"PASAL 10"
"9";"h. melaksanakan dan mengelola administrasi kepegawaian,";"154,65";"549,626";"114,12000000000012";"126,12000000000012";"612,2";"BCDEEE+BookmanOldStyle";"12,0";"352,138";"306,1";"0,07520091473374706";"0,2526135249918327";"0,6451747794838287";"False";"BATANG TUBUH";"PASAL 10"
"9";"kesejahteraan pegawai dan pendidikan pelatihan pegawai; dan";"175,85";"545,1259999999999";"134,72000000000014";"146,72000000000014";"612,2";"BCDEEE+BookmanOldStyle";"12,0";"360,48799999999994";"306,1";"0,0888402482848741";"0,2872427311336164";"0,6031950343025152";"False";"BATANG TUBUH";"PASAL 10"
"9";"i. melaksanakan tugas lain yang diberikan oleh Sekretaris";"154,65";"549,754";"155,12000000000012";"167,12000000000012";"612,2";"BCDEEE+BookmanOldStyle";"12,0";"352,202";"306,1";"0,0753054557334204";"0,2526135249918327";"0,6453838614831755";"False";"BATANG TUBUH";"PASAL 10"
"9";"Dinas sesuai dengan bidang tugasnya.";"175,85";"403,32199999999995";"175,7500000000001";"187,7500000000001";"612,2";"BCDEEE+BookmanOldStyle";"12,0";"289,58599999999996";"306,1";"0,026974844821953718";"0,2872427311336164";"0,37156484808885976";"False";"BATANG TUBUH";"PASAL 10"
"9";"Pasal 11";"281,1";"330,92400000000004";"216,7500000000001";"228,7500000000001";"612,2";"BCDEEE+BookmanOldStyle";"12,0";"306,01200000000006";"306,1";"0,00014374387455074394";"0,45916367200261354";"0,08138516824567137";"False";"BATANG TUBUH";"PASAL 11"
"9";"Sub Bagian Perencanaan, Evaluasi dan Pelaporan sebagaimana";"154,65";"549,726";"257,95000000000005";"269,95000000000005";"612,2";"BCDEEE+BookmanOldStyle";"12,0";"352,188";"306,1";"0,07528258738974185";"0,2526135249918327";"0,6453381247958183";"False";"BATANG TUBUH";"PASAL 11"
"9";"dimaksud dalam Pasal 9 ayat (1) huruf b mempunyai tugas:";"154,65";"508,22999999999996";"278,57000000000005";"290,57000000000005";"612,2";"BCDEEE+BookmanOldStyle";"12,0";"331,44";"306,1";"0,04139170205815089";"0,2526135249918327";"0,5775563541326363";"False";"BATANG TUBUH";"PASAL 11"
"9";"a. menyusun rencana kegiatan Sub Bagian Perencanaan,";"154,65";"549,518";"298,97000000000014";"310,97000000000014";"612,2";"BCDEEE+BookmanOldStyle";"12,0";"352,084";"306,1";"0,07511270826527275";"0,2526135249918327";"0,6449983665468801";"False";"BATANG TUBUH";"PASAL 11"
"9";"Evaluasi dan Pelaporan;";"175,85";"318,6019999999999";"319,57000000000005";"331,57000000000005";"612,2";"BCDEEE+BookmanOldStyle";"12,0";"247,22599999999994";"306,1";"0,09616791898072538";"0,2872427311336164";"0,23317869977131642";"False";"BATANG TUBUH";"PASAL 11"
"9";"b. menyiapkan bahan penyusunan rencana strategis Dinas;";"154,65";"513,458";"340,18000000000006";"352,18000000000006";"612,2";"BCDEEE+BookmanOldStyle";"12,0";"334,054";"306,1";"0,045661548513557575";"0,2526135249918327";"0,5860960470434498";"False";"BATANG TUBUH";"PASAL 11"
"9";"c. menyiapkan rumusan kebijakan program kerja dan rencana";"154,65";"549,8660000000001";"360,57000000000005";"372,57000000000005";"612,2";"BCDEEE+BookmanOldStyle";"12,0";"352,25800000000004";"306,1";"0,07539692910813461";"0,2526135249918327";"0,6455668082326039";"False";"BATANG TUBUH";"PASAL 11"
"9";"kerja kegiatan Dinas;";"175,85";"301,39399999999995";"381,18000000000006";"393,18000000000006";"612,2";"BCDEEE+BookmanOldStyle";"12,0";"238,62199999999996";"306,1";"0,11022214962430588";"0,2872427311336164";"0,20507023848415543";"False";"BATANG TUBUH";"PASAL 11"
"9";"d. melaksanakan koordinasi dan sinkronisasi penyusunan";"154,65";"549,7579999999999";"401,80000000000007";"413,80000000000007";"612,2";"BCDEEE+BookmanOldStyle";"12,0";"352,20399999999995";"306,1";"0,07530872263966013";"0,2526135249918327";"0,6453903952956549";"False";"BATANG TUBUH";"PASAL 11"
"9";"rencana kerja kegiatan tahunan;";"175,85";"368,9059999999999";"422,4000000000001";"434,40000000000003";"612,2";"BCDEEE+BookmanOldStyle";"11,999999999999943";"272,37799999999993";"306,1";"0,05508330610911482";"0,2872427311336164";"0,31534792551453755";"False";"BATANG TUBUH";"PASAL 11"
"9";"e. melaksanakan koordinasi dalam rangka penyusunan bahan";"154,65";"549,614";"442,8";"454,8";"612,2";"BCDEEE+BookmanOldStyle";"12,0";"352,132";"306,1";"0,07519111401502773";"0,2526135249918327";"0,6451551780463901";"False";"BATANG TUBUH";"PASAL 11"
"9";"monitoring, evaluasi dan laporan kegiatan sebagai sarana";"175,85";"549,4579999999999";"463,40000000000003";"475,40000000000003";"612,2";"BCDEEE+BookmanOldStyle";"12,0";"362,65399999999994";"306,1";"0,09237830774256764";"0,2872427311336164";"0,6102711532179024";"False";"BATANG TUBUH";"PASAL 11"
"9";"pertimbangan kepada pimpinan;";"175,85";"368,16999999999996";"484,00000000000006";"496,00000000000006";"612,2";"BCDEEE+BookmanOldStyle";"12,0";"272,01";"306,1";"0,05568441685723625";"0,2872427311336164";"0,3141457040182946";"False";"BATANG TUBUH";"PASAL 11"
"9";"f. mengompilasikan dan menyusun laporan hasil laporan";"154,65";"549,9159999999999";"504,42";"516,4200000000001";"612,2";"BCDEEE+BookmanOldStyle";"12,0";"352,28299999999996";"306,1";"0,07543776543613187";"0,2526135249918327";"0,6456484808885984";"False";"BATANG TUBUH";"PASAL 11"
"9";"perencanaan dan laporan akuntabilitas kinerja Dinas;";"175,85";"495,2659999999999";"525,02";"537,02";"612,2";"BCDEEE+BookmanOldStyle";"12,0";"335,55799999999994";"306,1";"0,048118262005880284";"0,2872427311336164";"0,5217510617445278";"False";"BATANG TUBUH";"PASAL 11"
"9";"g. melakukan penyusunan laporan tahunan dan laporan";"154,65";"549,6379999999998";"545,6200000000001";"557,6200000000001";"612,2";"BCDEEE+BookmanOldStyle";"12,0";"352,1439999999999";"306,1";"0,0752107154524663";"0,2526135249918327";"0,6451943809212672";"False";"BATANG TUBUH";"PASAL 11"
"9";"lainnya; dan";"175,85";"249,31399999999996";"566,23";"578,23";"612,2";"BCDEEE+BookmanOldStyle";"12,0";"212,582";"306,1";"0,15275726886638358";"0,2872427311336164";"0,11999999999999994";"False";"BATANG TUBUH";"PASAL 11"
"9";"h. melaksanakan tugas lain yang diberikan oleh Sekretaris Dinas";"154,65";"549,362";"586,6200000000001";"598,6200000000001";"612,2";"BCDEEE+BookmanOldStyle";"12,0";"352,006";"306,1";"0,07498529892192085";"0,2526135249918327";"0,6447435478601764";"False";"BATANG TUBUH";"PASAL 11"
"9";"sesuai dengan bidang tugasnya.";"175,85";"365,11199999999997";"607,23";"619,23";"612,2";"BCDEEE+BookmanOldStyle";"12,0";"270,481";"306,1";"0,058181966677556395";"0,2872427311336164";"0,3091506043776543";"False";"BATANG TUBUH";"PASAL 11"
"9";"Bagian Keempat";"258,07";"353,782";"648,25";"660,25";"612,2";"BCDEEE+BookmanOldStyle";"12,0";"305,926";"306,1";"0,00028422084286186707";"0,42154524665142107";"0,15634106501143413";"False";"BATANG TUBUH";"BAGIAN KEEMPAT"
"9";"Bidang Inventarisasi dan Pengadaan Tanah";"177,85";"434,04400000000004";"668,85";"680,85";"612,2";"BCDEEE+BookmanOldStyle";"12,0";"305,947";"306,1";"0,0002499183273440379";"0,29050963737340735";"0,4184808885984973";"False";"BATANG TUBUH";"BAGIAN KEEMPAT"
"9";"Pasal 12";"281,1";"330,92400000000004";"710,0500000000001";"722,0500000000001";"612,2";"BCDEEE+BookmanOldStyle";"12,0";"306,01200000000006";"306,1";"0,00014374387455074394";"0,45916367200261354";"0,08138516824567137";"False";"BATANG TUBUH";"PASAL 12"
"9";"Bidang Inventarisasi dan Pengadaan Tanah sebagaimana";"154,65";"549,8580000000001";"751,07";"763,07";"612,2";"BCDEEE+BookmanOldStyle";"12,0";"352,254";"306,1";"0,075390395295655";"0,2526135249918327";"0,6455537406076447";"False";"BATANG TUBUH";"PASAL 12"
"9";"dimaksud dalam Pasal 3 ayat (1) huruf c mempunyai tugas:";"154,65";"507,262";"771,6800000000001";"783,6800000000001";"612,2";"BCDEEE+BookmanOldStyle";"12,0";"330,956";"306,1";"0,04060111074812152";"0,2526135249918327";"0,5759751715125775";"False";"BATANG TUBUH";"PASAL 12"
"9";"a. menyusun program kerja Bidang Inventarisasi dan Pengadaan";"154,65";"549,702";"792,07";"804,07";"612,2";"BCDEEE+BookmanOldStyle";"12,0";"352,176";"306,1";"0,0752629859523031";"0,2526135249918327";"0,6452989219209408";"False";"BATANG TUBUH";"PASAL 12"
"9";"Tanah untuk acuan pelaksanaan tugas;";"175,85";"411,77";"812,6800000000001";"824,6800000000001";"612,2";"BCDEEE+BookmanOldStyle";"12,0";"293,81";"306,1";"0,020075138843515222";"0,2872427311336164";"0,38536426004573665";"False";"BATANG TUBUH";"PASAL 12"
"9";"b. melaksanakan koordinasi dengan instansi terkait yang";"154,65";"549,4219999999999";"833,2750000000001";"845,2750000000001";"612,2";"BCDEEE+BookmanOldStyle";"12,0";"352,03599999999994";"306,1";"0,07503430251551767";"0,2526135249918327";"0,64484155504737";"False";"BATANG TUBUH";"PASAL 12"
"9";"berhubungan dengan pengadaan tanah;";"175,85";"412,96999999999997";"853,9000000000001";"865,9000000000001";"612,2";"BCDEEE+BookmanOldStyle";"12,0";"294,40999999999997";"306,1";"0,019095066971578003";"0,2872427311336164";"0,3873244037896112";"False";"BATANG TUBUH";"PASAL 12"
"10";"10";"298,7";"313,53999999999996";"35,90000000000009";"47,90000000000009";"612,2";"BCDEEE+BookmanOldStyle";"12,0";"306,12";"306,1";"3,266906239787947e-05";"0,4879124469127735";"0,02424044429924857";"False";"BATANG TUBUH";"PASAL 12"
"10";"c. memediasi permasalahan yang berkembang terkait";"154,65";"549,5419999999999";"72,92000000000007";"84,92000000000007";"612,2";"BCDEEE+BookmanOldStyle";"12,0";"352,09599999999995";"306,1";"0,0751323097027114";"0,2526135249918327";"0,6450375694217575";"False";"BATANG TUBUH";"PASAL 12"
"10";"pelaksanaan pengadaan tanah;";"175,85";"360,96999999999997";"95,32000000000005";"107,32000000000005";"612,2";"BCDEEE+BookmanOldStyle";"12,0";"268,40999999999997";"306,1";"0,06156484808885993";"0,2872427311336164";"0,3023848415550473";"False";"BATANG TUBUH";"PASAL 12"
"10";"d. melaksanakan inventarisasi data terkait penggunaan tanah";"154,65";"549,858";"117,5200000000001";"129,5200000000001";"612,2";"BCDEEE+BookmanOldStyle";"12,0";"352,25399999999996";"306,1";"0,07539039529565492";"0,2526135249918327";"0,6455537406076445";"False";"BATANG TUBUH";"PASAL 12"
"10";"yang hamparannya dalam 1 (satu) Daerah;";"175,85";"428,37799999999993";"139,72000000000014";"151,72000000000014";"612,2";"BCDEEE+BookmanOldStyle";"12,0";"302,114";"306,1";"0,006510944135903376";"0,2872427311336164";"0,4124926494609603";"False";"BATANG TUBUH";"PASAL 12"
"10";"e. melaksanakan sosialisasi dan pembinaan kepada masyarakat";"154,65";"549,5179999999998";"161,95000000000005";"173,95000000000005";"612,2";"BCDEEE+BookmanOldStyle";"12,0";"352,0839999999999";"306,1";"0,07511270826527257";"0,2526135249918327";"0,6449983665468798";"False";"BATANG TUBUH";"PASAL 12"
"10";"terhadap penggunaan tanah;";"175,85";"346,9339999999999";"184,35000000000014";"196,35000000000014";"612,2";"BCDEEE+BookmanOldStyle";"12,0";"261,39199999999994";"306,1";"0,07302842208428631";"0,2872427311336164";"0,27945769356419453";"False";"BATANG TUBUH";"PASAL 12"
"10";"f. melaporkan kepada Bupati terkait hasil pendataan terkait";"154,65";"549,4699999999999";"206,55000000000007";"218,55000000000007";"612,2";"BCDEEE+BookmanOldStyle";"12,0";"352,05999999999995";"306,1";"0,07507350539039516";"0,2526135249918327";"0,644919960797125";"False";"BATANG TUBUH";"PASAL 12"
"10";"penggunaan tanah yang hamparannya dalam 1 (satu) Daerah;";"175,85";"542,762";"228,7500000000001";"240,7500000000001";"612,2";"BCDEEE+BookmanOldStyle";"12,0";"359,306";"306,1";"0,08690950669715772";"0,2872427311336164";"0,5993335511270825";"False";"BATANG TUBUH";"PASAL 12"
"10";"g. melaksanakan inventarisasi dan verifikasi data fisik tanah";"154,65";"549,7019999999999";"250,95000000000005";"262,95000000000005";"612,2";"BCDEEE+BookmanOldStyle";"12,0";"352,17599999999993";"306,1";"0,07526298595230302";"0,2526135249918327";"0,6452989219209406";"False";"BATANG TUBUH";"PASAL 12"
"10";"kosong;";"175,85";"221,27";"273,3700000000001";"285,3700000000001";"612,2";"BCDEEE+BookmanOldStyle";"12,0";"198,56";"306,1";"0,17566154851355767";"0,2872427311336164";"0,07419144070565177";"False";"BATANG TUBUH";"PASAL 12"
"10";"h. melaksanakan koordinasi dalam rangka meminta";"154,65";"549,554";"295,57000000000005";"307,57000000000005";"612,2";"BCDEEE+BookmanOldStyle";"12,0";"352,102";"306,1";"0,07514211042143082";"0,2526135249918327";"0,6450571708591963";"False";"BATANG TUBUH";"PASAL 12"
"10";"keterangan dari pemegang hak dan pihak lain terkait";"175,85";"549,882";"317,7700000000001";"329,7700000000001";"612,2";"BCDEEE+BookmanOldStyle";"12,0";"362,866";"306,1";"0,09272459980398556";"0,2872427311336164";"0,6109637373407382";"False";"BATANG TUBUH";"PASAL 12"
"10";"tidak dimanfaatkannya tanah kosong oleh pemegang hak;";"175,85";"517,238";"339,98000000000013";"351,98000000000013";"612,2";"BCDEEE+BookmanOldStyle";"12,0";"346,54400000000004";"306,1";"0,06606337798105197";"0,2872427311336164";"0,5576412936948709";"False";"BATANG TUBUH";"PASAL 12"
"10";"i. melaksanakan analisis penyebab terjadinya tanah kosong;";"154,65";"520,8620000000001";"362,18000000000006";"374,18000000000006";"612,2";"BCDEEE+BookmanOldStyle";"12,0";"337,75600000000003";"306,1";"0,051708591963410655";"0,2526135249918327";"0,5981901339431559";"False";"BATANG TUBUH";"PASAL 12"
"10";"j. melaksanakan penetapan letak tanah kosong;";"154,65";"447,10999999999996";"384,57000000000005";"396,57000000000005";"612,2";"BCDEEE+BookmanOldStyle";"12,0";"300,88";"306,1";"0,00852662528585434";"0,2526135249918327";"0,4777196994446258";"False";"BATANG TUBUH";"PASAL 12"
"10";"k. melaksanakan pensertipikatan tanah aset Pemerintah Daerah;";"154,65";"549,53";"406,80000000000007";"418,80000000000007";"612,2";"BCDEEE+BookmanOldStyle";"12,0";"352,09";"306,1";"0,07512250898399207";"0,2526135249918327";"0,6450179679843188";"False";"BATANG TUBUH";"PASAL 12"
"10";"dan";"175,85";"198,158";"429,00000000000006";"441,00000000000006";"612,2";"BCDEEE+BookmanOldStyle";"12,0";"187,004";"306,1";"0,19453773276706962";"0,2872427311336164";"0,03643907219862789";"False";"BATANG TUBUH";"PASAL 12"
"10";"l. melaksanakan tugas lain yang diberikan oleh Kepala Dinas";"154,65";"549,542";"451,20000000000005";"463,20000000000005";"612,2";"BCDEEE+BookmanOldStyle";"12,0";"352,096";"306,1";"0,0751323097027115";"0,2526135249918327";"0,6450375694217576";"False";"BATANG TUBUH";"PASAL 12"
"10";"sesuai dengan bidang tugasnya.";"175,85";"365,15999999999997";"473,6";"485,6";"612,2";"BCDEEE+BookmanOldStyle";"12,0";"270,505";"306,1";"0,0581427638026789";"0,2872427311336164";"0,3092290101274093";"False";"BATANG TUBUH";"PASAL 12"
"10";"Pasal 13";"281,1";"330,94";"518,02";"530,02";"612,2";"BCDEEE+BookmanOldStyle";"12,0";"306,02";"306,1";"0,00013067624959170357";"0,45916367200261354";"0,08141130349558963";"False";"BATANG TUBUH";"PASAL 13"
"10";"Dalam melaksanakan tugas sebagaimana dimaksud dalam";"154,65";"549,86";"562,4300000000001";"574,4300000000001";"612,2";"BCDEEE+BookmanOldStyle";"12,0";"352,255";"306,1";"0,07539202874877486";"0,2526135249918327";"0,6455570075138843";"False";"BATANG TUBUH";"PASAL 13"
"10";"Pasal 12, Bidang Inventarisasi dan Pengadaan Tanah";"154,65";"549,7919999999999";"584,82";"596,82";"612,2";"BCDEEE+BookmanOldStyle";"12,0";"352,22099999999995";"306,1";"0,07533649134269833";"0,2526135249918327";"0,6454459327017313";"False";"BATANG TUBUH";"PASAL 12"
"10";"menyelenggarakan fungsi:";"154,65";"308,80199999999996";"607,02";"619,02";"612,2";"BCDEEE+BookmanOldStyle";"12,0";"231,726";"306,1";"0,1214864423391049";"0,2526135249918327";"0,2518000653381247";"False";"BATANG TUBUH";"PASAL 12"
"10";"a. penyusunan program kerja Bidang Inventarisasi dan";"154,65";"549,7419999999998";"629,25";"641,25";"612,2";"BCDEEE+BookmanOldStyle";"12,0";"352,1959999999999";"306,1";"0,0752956550147009";"0,2526135249918327";"0,6453642600457364";"False";"BATANG TUBUH";"PASAL 12"
"10";"Pengadaan Tanah untuk acuan pelaksanaan tugas;";"175,85";"479,786";"651,45";"663,45";"612,2";"BCDEEE+BookmanOldStyle";"12,0";"327,818";"306,1";"0,035475334857889514";"0,2872427311336164";"0,4964652074485463";"False";"BATANG TUBUH";"PASAL 12"
"10";"b. penyusunan database kebutuhan pengadaan tanah;";"154,65";"485,97999999999996";"673,85";"685,9100000000001";"612,2";"BCDEEE+BookmanOldStyle";"12,0";"320,315";"306,1";"0,023219536099313907";"0,2526135249918327";"0,5412120222149622";"False";"BATANG TUBUH";"PASAL 12"
"10";"c. pelaksanaan fasilitasi proses pengadaan tanah, penyelesaian";"154,65";"549,668";"696,0500000000001";"708,0500000000001";"612,2";"BCDEEE+BookmanOldStyle";"12,0";"352,159";"306,1";"0,0752352172492649";"0,2526135249918327";"0,6452433845148644";"False";"BATANG TUBUH";"PASAL 12"
"10";"masalah ganti kerugian dan santunan tanah, penggunaan";"175,85";"549,5659999999999";"718,25";"730,25";"612,2";"BCDEEE+BookmanOldStyle";"12,0";"362,70799999999997";"306,1";"0,09246651421104204";"0,2872427311336164";"0,6104475661548512";"False";"BATANG TUBUH";"PASAL 12"
"10";"tanah dan penyelesaian masalah tanah kosong;";"175,85";"457,39";"740,48";"752,48";"612,2";"BCDEEE+BookmanOldStyle";"12,0";"316,62";"306,1";"0,017183926821300197";"0,2872427311336164";"0,45988239137536746";"False";"BATANG TUBUH";"PASAL 12"
"10";"d. pelaksanaan proses persetujuan penggunaan kawasan hutan;";"154,65";"542,1859999999999";"762,88";"774,88";"612,2";"BCDEEE+BookmanOldStyle";"12,0";"348,41799999999995";"306,1";"0,06912446912773591";"0,2526135249918327";"0,6330218882718065";"False";"BATANG TUBUH";"PASAL 12"
"10";"e. pelaksanaan pensertipikatan tanah aset Pemerintah Daerah;";"154,65";"550,01";"785,07";"797,07";"612,2";"BCDEEE+BookmanOldStyle";"12,0";"352,33";"306,1";"0,075514537732767";"0,2526135249918327";"0,6458020254818686";"False";"BATANG TUBUH";"PASAL 12"
"10";"dan";"175,85";"198,158";"807,27";"819,2700000000001";"612,2";"BCDEEE+BookmanOldStyle";"12,000000000000014";"187,004";"306,1";"0,19453773276706962";"0,2872427311336164";"0,03643907219862789";"False";"BATANG TUBUH";"PASAL 12"
"10";"f. pelaksanaan fungsi lain yang diberikan oleh Kepala Dinas";"154,65";"549,876";"829,475";"841,475";"612,2";"BCDEEE+BookmanOldStyle";"12,0";"352,263";"306,1";"0,07540509637373399";"0,2526135249918327";"0,6455831427638026";"False";"BATANG TUBUH";"PASAL 12"
"10";"yang berkaitan dengan tugasnya.";"175,85";"372,15999999999997";"851,7";"863,7";"612,2";"BCDEEE+BookmanOldStyle";"12,0";"274,005";"306,1";"0,052425677883044794";"0,2872427311336164";"0,3206631819666775";"False";"BATANG TUBUH";"PASAL 12"
"11";"11";"298,7";"313,53999999999996";"35,90000000000009";"47,90000000000009";"612,2";"BCDEEE+BookmanOldStyle";"12,0";"306,12";"306,1";"3,266906239787947e-05";"0,4879124469127735";"0,02424044429924857";"False";"BATANG TUBUH";"PASAL 12"
"11";"Bagian Kelima";"263,67";"348,464";"72,92000000000007";"84,92000000000007";"612,2";"BCDEEE+BookmanOldStyle";"12,0";"306,067";"306,1";"5,39039529565754e-05";"0,4306925841228357";"0,1385070238484155";"False";"BATANG TUBUH";"BAGIAN KELIMA"
"11";"Bidang Penanganan Masalah Pertanahan";"184,45";"427,82800000000003";"94,12000000000012";"106,12000000000012";"612,2";"BCDEEE+BookmanOldStyle";"12,0";"306,139";"306,1";"6,37046716759021e-05";"0,3012904279647174";"0,39754655341391704";"False";"BATANG TUBUH";"BAGIAN KELIMA"
"11";"Pasal 14";"281,1";"330,94";"136,12000000000012";"148,12000000000012";"612,2";"BCDEEE+BookmanOldStyle";"12,0";"306,02";"306,1";"0,00013067624959170357";"0,45916367200261354";"0,08141130349558963";"False";"BATANG TUBUH";"PASAL 14"
"11";"Bidang Penanganan Masalah Pertanahan sebagaimana dimaksud";"154,65";"551,462";"178,1500000000001";"190,1500000000001";"612,2";"BCDEEE+BookmanOldStyle";"12,0";"353,056";"306,1";"0,0767004246978111";"0,2526135249918327";"0,6481737994119569";"False";"BATANG TUBUH";"PASAL 14"
"11";"dalam Pasal 3 ayat (1) huruf d mempunyai tugas:";"154,65";"446,032";"199,1500000000001";"211,1500000000001";"612,2";"BCDEEE+BookmanOldStyle";"12,0";"300,341";"306,1";"0,00940705651747797";"0,2526135249918327";"0,47595883698137853";"False";"BATANG TUBUH";"PASAL 14"
"11";"a. menyusun program kerja Bidang Penanganan Masalah";"154,65";"549,6919999999999";"220,1500000000001";"232,1500000000001";"612,2";"BCDEEE+BookmanOldStyle";"12,0";"352,17099999999994";"306,1";"0,07525481868670354";"0,2526135249918327";"0,6452825873897418";"False";"BATANG TUBUH";"PASAL 14"
"11";"Pertanahan untuk acuan pelaksanaan tugas;";"175,85";"442,646";"241,1500000000001";"253,1500000000001";"612,2";"BCDEEE+BookmanOldStyle";"12,0";"309,248";"306,1";"0,005142110421430852";"0,2872427311336164";"0,43579875857562894";"False";"BATANG TUBUH";"PASAL 14"
"11";"b. menerima, meneliti dan menganalisis laporan pengaduan";"154,65";"549,4939999999999";"262,1500000000001";"274,1500000000001";"612,2";"BCDEEE+BookmanOldStyle";"12,0";"352,07199999999995";"306,1";"0,0750931068278339";"0,2526135249918327";"0,6449591636720025";"False";"BATANG TUBUH";"PASAL 14"
"11";"permasalahan tanah garapan, tanah objek landreform;";"175,85";"497,59";"283,18000000000006";"295,24";"612,2";"BCDEEE+BookmanOldStyle";"12,0";"336,71999999999997";"306,1";"0,050016334531198865";"0,2872427311336164";"0,525547206795165";"False";"BATANG TUBUH";"PASAL 14"
"11";"c. mengoordinasikan dan menetapkan langkah-langkah";"154,65";"550,03";"304,18000000000006";"316,18000000000006";"612,2";"BCDEEE+BookmanOldStyle";"12,0";"352,34";"306,1";"0,07553087226396595";"0,2526135249918327";"0,6458346945442666";"False";"BATANG TUBUH";"PASAL 14"
"11";"penanganan penyelesaian sengketa tanah garapan, objek";"175,85";"550,224";"325,1700000000001";"337,1700000000001";"612,2";"BCDEEE+BookmanOldStyle";"12,0";"363,03700000000003";"306,1";"0,09300392028748776";"0,2872427311336164";"0,6115223783077426";"False";"BATANG TUBUH";"PASAL 14"
"11";"landreform;";"175,85";"242,72";"346,18000000000006";"358,24";"612,2";"BCDHEE+BookmanOldStyle-Italic";"12,0";"209,285";"306,1";"0,1581427638026789";"0,2872427311336164";"0,10922901012740935";"False";"BATANG TUBUH";"PASAL 14"
"11";"d. memfasilitasi musyawarah antar pihak yang bersengketa";"154,65";"549,2660000000001";"367,18000000000006";"379,18000000000006";"612,2";"BCDEEE+BookmanOldStyle";"12,0";"351,958";"306,1";"0,07490689317216596";"0,2526135249918327";"0,6445867363606665";"False";"BATANG TUBUH";"PASAL 14"
"11";"untuk mendapatkan kesepakatan;";"175,85";"379,13";"388,20000000000005";"400,20000000000005";"612,2";"BCDEEE+BookmanOldStyle";"12,0";"277,49";"306,1";"0,0467330937602091";"0,2872427311336164";"0,3320483502123489";"False";"BATANG TUBUH";"PASAL 14"
"11";"e. melaksanakan pembinaan dan sosialisasi peraturan";"154,65";"549,4699999999999";"409,4000000000001";"421,4000000000001";"612,2";"BCDEEE+BookmanOldStyle";"12,0";"352,05999999999995";"306,1";"0,07507350539039516";"0,2526135249918327";"0,644919960797125";"False";"BATANG TUBUH";"PASAL 14"
"11";"pertanahan;";"175,85";"248,006";"430,40000000000003";"442,40000000000003";"612,2";"BCDEEE+BookmanOldStyle";"12,0";"211,928";"306,1";"0,1538255472067952";"0,2872427311336164";"0,11786344331917674";"False";"BATANG TUBUH";"PASAL 14"
"11";"f. menerima, meneliti dan menganalisis pengajuan izin membuka";"154,65";"549,732";"451,40000000000003";"463,40000000000003";"612,2";"BCDEEE+BookmanOldStyle";"12,0";"352,191";"306,1";"0,07528748774910152";"0,2526135249918327";"0,6453479255145377";"False";"BATANG TUBUH";"PASAL 14"
"11";"tanah;";"175,85";"214,226";"472,40000000000003";"484,40000000000003";"612,2";"BCDEEE+BookmanOldStyle";"12,0";"195,038";"306,1";"0,18141457040182948";"0,2872427311336164";"0,06268539692910814";"False";"BATANG TUBUH";"PASAL 14"
"11";"g. mengoordinasikan dan menetapkan langkah-langkah";"154,65";"550,03";"493,40000000000003";"505,40000000000003";"612,2";"BCDEEE+BookmanOldStyle";"12,0";"352,34";"306,1";"0,07553087226396595";"0,2526135249918327";"0,6458346945442666";"False";"BATANG TUBUH";"PASAL 14"
"11";"pengajuan izin membuka tanah;";"175,85";"366,926";"514,4200000000001";"526,4200000000001";"612,2";"BCDEEE+BookmanOldStyle";"12,0";"271,388";"306,1";"0,056700424697811246";"0,2872427311336164";"0,3121136883371447";"False";"BATANG TUBUH";"PASAL 14"
"11";"h. memfasilitasi musyawarah antar pihak yang bersengketa";"154,65";"549,2660000000001";"535,4300000000001";"547,4300000000001";"612,2";"BCDEEE+BookmanOldStyle";"12,0";"351,958";"306,1";"0,07490689317216596";"0,2526135249918327";"0,6445867363606665";"False";"BATANG TUBUH";"PASAL 14"
"11";"terkait pengajuan izin membuka tanah;";"175,85";"409,48999999999995";"556,4200000000001";"568,4200000000001";"612,2";"BCDEEE+BookmanOldStyle";"12,0";"292,66999999999996";"306,1";"0,02193727540019612";"0,2872427311336164";"0,38163998693237494";"False";"BATANG TUBUH";"PASAL 14"
"11";"i. memfasilitasi pengendalian pemanfaatan tanah negara; dan";"154,65";"528,9059999999998";"577,4200000000001";"589,4200000000001";"612,2";"BCDEEE+BookmanOldStyle";"12,0";"341,7779999999999";"306,1";"0,05827834041162999";"0,2526135249918327";"0,6113296308395946";"False";"BATANG TUBUH";"PASAL 14"
"11";"j. melaksanakan tugas lain yang diberikan oleh Kepala Dinas";"154,65";"547,3";"598,4300000000001";"610,4300000000001";"612,2";"BCDEEE+BookmanOldStyle";"12,0";"350,97499999999997";"306,1";"0,07330120875530863";"0,2526135249918327";"0,6413753675269519";"False";"BATANG TUBUH";"PASAL 14"
"11";"sesuai dengan bidang tugasnya.";"175,85";"365,15999999999997";"619,45";"631,45";"612,2";"BCDEEE+BookmanOldStyle";"12,0";"270,505";"306,1";"0,0581427638026789";"0,2872427311336164";"0,3092290101274093";"False";"BATANG TUBUH";"PASAL 14"
"11";"Pasal 15";"281,9";"331,74";"661,45";"673,45";"612,2";"BCDEEE+BookmanOldStyle";"12,0";"306,82";"306,1";"0,001176086246324682";"0,4604704344985298";"0,08141130349558973";"False";"BATANG TUBUH";"PASAL 15"
"11";"Dalam melaksanakan tugas sebagaimana dimaksud dalam";"154,65";"547,0479999999999";"703,45";"715,45";"612,2";"BCDEEE+BookmanOldStyle";"12,0";"350,84899999999993";"306,1";"0,07309539366220175";"0,2526135249918327";"0,6409637373407381";"False";"BATANG TUBUH";"PASAL 15"
"11";"Pasal 14, Bidang Penanganan Masalah Pertanahan";"154,65";"547,212";"724,45";"736,45";"612,2";"BCDEEE+BookmanOldStyle";"12,0";"350,931";"306,1";"0,07322933681803326";"0,2526135249918327";"0,6412316236524012";"False";"BATANG TUBUH";"PASAL 14"
"11";"menyelenggarakan fungsi:";"154,65";"308,94";"745,48";"757,48";"612,2";"BCDEEE+BookmanOldStyle";"12,0";"231,79500000000002";"306,1";"0,12137373407383208";"0,2526135249918327";"0,25202548186867035";"False";"BATANG TUBUH";"PASAL 14"
"11";"a. penyusunan progam kerja Bidang Penanganan Masalah";"152,45";"550,092";"766,6700000000001";"778,6700000000001";"612,2";"BCDEEE+BookmanOldStyle";"12,0";"351,27099999999996";"306,1";"0,07378471087879766";"0,2490199281280627";"0,64952956550147";"False";"BATANG TUBUH";"PASAL 14"
"11";"Pertanahan untuk acuan pelaksanaan tugas;";"175,85";"442,646";"787,6800000000001";"799,6800000000001";"612,2";"BCDEEE+BookmanOldStyle";"12,0";"309,248";"306,1";"0,005142110421430852";"0,2872427311336164";"0,43579875857562894";"False";"BATANG TUBUH";"PASAL 14"
"11";"b. penerimaan, penelitian, dan penganalisisan laporan";"152,45";"550,006";"808,6700000000001";"820,6700000000001";"612,2";"BCDEEE+BookmanOldStyle";"12,0";"351,22799999999995";"306,1";"0,07371447239464216";"0,2490199281280627";"0,649389088533159";"False";"BATANG TUBUH";"PASAL 14"
"11";"pengaduan permasalahan tanah garapan, tanah objek";"175,85";"550,0200000000001";"829,6750000000001";"841,6750000000001";"612,2";"BCDEEE+BookmanOldStyle";"12,0";"362,93500000000006";"306,1";"0,09283730806925847";"0,2872427311336164";"0,6111891538712839";"False";"BATANG TUBUH";"PASAL 14"
"11";"landreform, tanah kosong dan izin membuka tanah;";"175,85";"481,85999999999996";"850,7";"862,76";"612,2";"BCDHEE+BookmanOldStyle-Italic";"12,0";"328,85499999999996";"306,1";"0,03716922574322107";"0,2872427311336164";"0,49985298921920934";"False";"BATANG TUBUH";"PASAL 14"
"12";"12";"298,7";"313,53999999999996";"35,90000000000009";"47,90000000000009";"612,2";"BCDEEE+BookmanOldStyle";"12,0";"306,12";"306,1";"3,266906239787947e-05";"0,4879124469127735";"0,02424044429924857";"False";"BATANG TUBUH";"PASAL 14"
"12";"c. pengoordinasian dan penetapan langkah-langkah penanganan";"152,45";"549,934";"72,92000000000007";"84,92000000000007";"612,2";"BCDEEE+BookmanOldStyle";"12,0";"351,192";"306,1";"0,073655668082326";"0,2490199281280627";"0,6492714799085265";"False";"BATANG TUBUH";"PASAL 14"
"12";"penyelesaian sengketa tanah garapan, tanah objek landreform,";"175,85";"550,01";"94,73000000000013";"106,79000000000008";"612,2";"BCDEEE+BookmanOldStyle";"12,0";"362,93";"306,1";"0,09282914080365891";"0,2872427311336164";"0,6111728193400848";"False";"BATANG TUBUH";"PASAL 14"
"12";"tanah kosong dan izin membuka tanah;";"175,85";"411,2319999999999";"116,5200000000001";"128,5200000000001";"612,2";"BCDEEE+BookmanOldStyle";"12,0";"293,54099999999994";"306,1";"0,020514537732767204";"0,2872427311336164";"0,3844854622672328";"False";"BATANG TUBUH";"PASAL 14"
"12";"d. pelaksanaan pembinaan dan sosialisasi peraturan";"152,45";"547,5139999999999";"138,12000000000012";"150,12000000000012";"612,2";"BCDEEE+BookmanOldStyle";"12,0";"349,98199999999997";"306,1";"0,07167918980725244";"0,2490199281280627";"0,6453185233583795";"False";"BATANG TUBUH";"PASAL 14"
"12";"pertanahan; dan";"175,85";"274,18600000000004";"159,95000000000005";"171,95000000000005";"612,2";"BCDEEE+BookmanOldStyle";"12,0";"225,01800000000003";"306,1";"0,1324436458673636";"0,2872427311336164";"0,1606272459980399";"False";"BATANG TUBUH";"PASAL 14"
"12";"e. pelaksanaan fungsi lain yang diberikan oleh Kepala Dinas";"152,45";"547,622";"181,55000000000007";"193,55000000000007";"612,2";"BCDEEE+BookmanOldStyle";"12,0";"350,03599999999994";"306,1";"0,07176739627572676";"0,2490199281280627";"0,6454949362953282";"False";"BATANG TUBUH";"PASAL 14"
"12";"yang berkaitan dengan tugasnya.";"175,85";"372,11199999999997";"203,35000000000014";"215,35000000000014";"612,2";"BCDEEE+BookmanOldStyle";"12,0";"273,981";"306,1";"0,05246488075792229";"0,2872427311336164";"0,3205847762169225";"False";"BATANG TUBUH";"PASAL 14"
"12";"BAB V";"287,1";"325,09999999999997";"246,7500000000001";"258,7500000000001";"612,2";"BCDEEE+BookmanOldStyle";"12,0";"306,1";"306,1";"0,0";"0,46896439072198626";"0,06207121855602735";"True";"BATANG TUBUH";"BAB V"
"12";"KELOMPOK JABATAN FUNGSIONAL";"197,67";"414,37799999999993";"268,55000000000007";"280,55000000000007";"612,2";"BCDEEE+BookmanOldStyle";"12,0";"306,02399999999994";"306,1";"0,00012414243711218338";"0,3228846782097353";"0,353982358706305";"True";"BATANG TUBUH";"BAB V"
"12";"Pasal 16";"281,1";"330,94";"311,98000000000013";"323,98000000000013";"612,2";"BCDEEE+BookmanOldStyle";"12,0";"306,02";"306,1";"0,00013067624959170357";"0,45916367200261354";"0,08141130349558963";"False";"BATANG TUBUH";"PASAL 16"
"12";"Di lingkungan Dinas dapat dibentuk sejumlah Kelompok Jabatan";"154,65";"549,9979999999999";"355,3700000000001";"367,3700000000001";"612,2";"BCDEEE+BookmanOldStyle";"12,0";"352,32399999999996";"306,1";"0,07550473701404758";"0,2526135249918327";"0,6457824240444298";"False";"BATANG TUBUH";"PASAL 16"
"12";"Fungsional sesuai dengan kebutuhan dan berdasarkan ketentuan";"154,65";"550,23";"377,1700000000001";"389,1700000000001";"612,2";"BCDEEE+BookmanOldStyle";"12,0";"352,44";"306,1";"0,07569421757595553";"0,2526135249918327";"0,6461613851682457";"False";"BATANG TUBUH";"PASAL 16"
"12";"peraturan perundang-undangan.";"154,65";"349,66799999999995";"398,80000000000007";"410,80000000000007";"612,2";"BCDEEE+BookmanOldStyle";"12,0";"252,159";"306,1";"0,088110094740281";"0,2526135249918327";"0,31855276053577253";"False";"BATANG TUBUH";"PASAL 16"
"12";"Pasal 17";"281,3";"331,14";"442,20000000000005";"454,20000000000005";"612,2";"BCDEEE+BookmanOldStyle";"12,0";"306,22";"306,1";"0,0001960143743874625";"0,4594903626265926";"0,08141130349558963";"False";"BATANG TUBUH";"PASAL 17"
"12";"Kelompok Jabatan Fungsional mempunyai tugas melakukan";"154,65";"549,818";"485,8";"497,8";"612,2";"BCDEEE+BookmanOldStyle";"12,0";"352,234";"306,1";"0,07535772623325702";"0,2526135249918327";"0,6454884024828487";"False";"BATANG TUBUH";"PASAL 17"
"12";"kegiatan sesuai dengan bidang tenaga fungsional masing-masing";"154,65";"550,4060000000001";"507,42";"519,4200000000001";"612,2";"BCDEEE+BookmanOldStyle";"12,0";"352,528";"306,1";"0,07583796145050636";"0,2526135249918327";"0,6464488729173473";"False";"BATANG TUBUH";"PASAL 17"
"12";"berdasarkan ketentuan peraturan perundang-undangan.";"154,65";"491,498";"529,23";"541,23";"612,2";"BCDEEE+BookmanOldStyle";"12,0";"323,074";"306,1";"0,027726233257105503";"0,2526135249918327";"0,5502254165305455";"False";"BATANG TUBUH";"PASAL 17"
"12";"BAB VI";"285,1";"327,18";"572,6200000000001";"584,6200000000001";"612,2";"BCDEEE+BookmanOldStyle";"12,0";"306,14";"306,1";"6,533812479575894e-05";"0,4656974844821954";"0,06873570728520088";"True";"BATANG TUBUH";"BAB VI"
"12";"TATA KERJA";"268,08";"344,208";"594,23";"606,23";"612,2";"BCDEEE+BookmanOldStyle";"12,0";"306,144";"306,1";"7,187193727537197e-05";"0,4378961123815746";"0,12435151911140156";"True";"BATANG TUBUH";"BAB VI"
"12";"Pasal 18";"281,3";"331,14";"637,85";"649,85";"612,2";"BCDEEE+BookmanOldStyle";"12,0";"306,22";"306,1";"0,0001960143743874625";"0,4594903626265926";"0,08141130349558963";"False";"BATANG TUBUH";"PASAL 18"
"12";"(1) Dalam melaksanakan tugasnya setiap pimpinan dan Kelompok";"154,65";"551,5300000000001";"681,25";"693,25";"612,2";"BCDEEE+BookmanOldStyle";"12,0";"353,09000000000003";"306,1";"0,07675596210388763";"0,2526135249918327";"0,6482848742241099";"False";"BATANG TUBUH";"PASAL 18"
"12";"Jabatan Fungsional di lingkungan Dinas wajib menerapkan";"175,85";"551,4259999999999";"702,85";"714,85";"612,2";"BCDEEE+BookmanOldStyle";"12,0";"363,638";"306,1";"0,09398562561254484";"0,2872427311336164";"0,6134857889578567";"False";"BATANG TUBUH";"PASAL 18"
"12";"prinsip koordinasi, integrasi dan sinkronisasi baik secara";"175,85";"551,532";"724,6500000000001";"736,6500000000001";"612,2";"BCDEEE+BookmanOldStyle";"12,0";"363,69100000000003";"306,1";"0,09407219862789938";"0,2872427311336164";"0,6136589349885658";"False";"BATANG TUBUH";"PASAL 18"
"12";"vertikal dan horizontal sesuai asas-asas umum pemerintahan";"175,85";"551,4599999999999";"746,47";"758,47";"612,2";"BCDEEE+BookmanOldStyle";"12,0";"363,655";"306,1";"0,09401339431558306";"0,2872427311336164";"0,6135413263639331";"False";"BATANG TUBUH";"PASAL 18"
"12";"yang baik.";"175,85";"236,72";"768,07";"780,07";"612,2";"BCDEEE+BookmanOldStyle";"12,0";"206,285";"306,1";"0,16304312316236527";"0,2872427311336164";"0,09942829140803659";"False";"BATANG TUBUH";"PASAL 18"
"12";"(2) Setiap pimpinan di lingkungan Dinas bertanggung jawab";"154,65";"551,186";"789,88";"801,88";"612,2";"BCDEEE+BookmanOldStyle";"12,0";"352,918";"306,1";"0,07647500816726557";"0,2526135249918327";"0,6477229663508658";"False";"BATANG TUBUH";"PASAL 18"
"12";"memimpin dan mengoordinasikan bawahannya masing-masing,";"175,85";"551,4200000000001";"811,47";"823,47";"612,2";"BCDEEE+BookmanOldStyle";"12,0";"363,63500000000005";"306,1";"0,09398072525318527";"0,2872427311336164";"0,6134759882391376";"False";"BATANG TUBUH";"PASAL 18"
"12";"serta memberikan bimbingan dan petunjuk bagi pelaksanaan";"175,85";"551,2759999999998";"833,2750000000001";"845,2750000000001";"612,2";"BCDEEE+BookmanOldStyle";"12,0";"363,56299999999993";"306,1";"0,09386311662855261";"0,2872427311336164";"0,6132407709898723";"False";"BATANG TUBUH";"PASAL 18"
"12";"tugas bawahan.";"175,85";"269,644";"854,9000000000001";"866,9000000000001";"612,2";"BCDEEE+BookmanOldStyle";"12,0";"222,747";"306,1";"0,1361532179026462";"0,2872427311336164";"0,1532081019274747";"False";"BATANG TUBUH";"PASAL 18"
"13";"13";"298,7";"313,53999999999996";"35,90000000000009";"47,90000000000009";"612,2";"BCDEEE+BookmanOldStyle";"12,0";"306,12";"306,1";"3,266906239787947e-05";"0,4879124469127735";"0,02424044429924857";"False";"BATANG TUBUH";"PASAL 18"
"13";"(3) Setiap pimpinan di lingkungan Dinas wajib mengawasi";"154,65";"551,1379999999999";"72,92000000000007";"84,92000000000007";"612,2";"BCDEEE+BookmanOldStyle";"12,0";"352,89399999999995";"306,1";"0,07643580529238798";"0,2526135249918327";"0,6476445606011106";"False";"BATANG TUBUH";"PASAL 18"
"13";"bawahannya masing-masing dan apabila terjadi penyimpangan";"175,85";"551,204";"95,32000000000005";"107,32000000000005";"612,2";"BCDEEE+BookmanOldStyle";"12,0";"363,527";"306,1";"0,09380431231623645";"0,2872427311336164";"0,61312316236524";"False";"BATANG TUBUH";"PASAL 18"
"13";"agar mengambil langkah yang diperlukan sesuai dengan";"175,85";"551,0419999999999";"117,5200000000001";"129,5200000000001";"612,2";"BCDEEE+BookmanOldStyle";"12,0";"363,44599999999997";"306,1";"0,0936720026135249";"0,2872427311336164";"0,6128585429598168";"False";"BATANG TUBUH";"PASAL 18"
"13";"ketentuan peraturan perundang-undangan.";"175,85";"434,71799999999996";"139,72000000000014";"151,72000000000014";"612,2";"BCDEEE+BookmanOldStyle";"12,0";"305,284";"306,1";"0,0013328977458347449";"0,2872427311336164";"0,42284874224109753";"False";"BATANG TUBUH";"PASAL 18"
"13";"Pasal 19";"281,1";"330,94";"184,35000000000014";"196,35000000000014";"612,2";"BCDEEE+BookmanOldStyle";"12,0";"306,02";"306,1";"0,00013067624959170357";"0,45916367200261354";"0,08141130349558963";"False";"BATANG TUBUH";"PASAL 19"
"13";"(1) Setiap pimpinan dan bawahan di lingkungan Dinas wajib";"154,65";"548,9780000000001";"228,7500000000001";"240,7500000000001";"612,2";"BCDEEE+BookmanOldStyle";"12,0";"351,814";"306,1";"0,074671675922901";"0,2526135249918327";"0,6441163018621366";"False";"BATANG TUBUH";"PASAL 19"
"13";"mengikuti dan mematuhi petunjuk dan bertanggung jawab";"175,85";"548,438";"250,95000000000005";"262,95000000000005";"612,2";"BCDEEE+BookmanOldStyle";"12,0";"362,144";"306,1";"0,09154524665142107";"0,2872427311336164";"0,6086050310356091";"False";"BATANG TUBUH";"PASAL 19"
"13";"kepada atasan masing-masing, serta menyampaikan laporan";"175,85";"548,512";"273,3700000000001";"285,3700000000001";"612,2";"BCDEEE+BookmanOldStyle";"12,0";"362,181";"306,1";"0,09160568441685717";"0,2872427311336164";"0,6087259065664814";"False";"BATANG TUBUH";"PASAL 19"
"13";"pada waktunya.";"175,85";"270,32";"295,57000000000005";"307,57000000000005";"612,2";"BCDEEE+BookmanOldStyle";"12,0";"223,08499999999998";"306,1";"0,1356011107481216";"0,2872427311336164";"0,154312316236524";"False";"BATANG TUBUH";"PASAL 19"
"13";"(2) Setiap laporan yang diterima oleh pimpinan dari bawahan,";"154,65";"548,782";"317,7700000000001";"329,7700000000001";"612,2";"BCDEEE+BookmanOldStyle";"12,0";"351,716";"306,1";"0,07451159751715122";"0,2526135249918327";"0,6437961450506371";"False";"BATANG TUBUH";"PASAL 19"
"13";"wajib diolah dan digunakan sebagai bahan penyusunan";"175,85";"548,51";"339,98000000000013";"351,98000000000013";"612,2";"BCDEEE+BookmanOldStyle";"12,0";"362,18";"306,1";"0,0916040509637373";"0,2872427311336164";"0,6087226396602416";"False";"BATANG TUBUH";"PASAL 19"
"13";"laporan lebih lanjut serta umpan balik untuk memberikan";"175,85";"548,102";"362,18000000000006";"374,18000000000006";"612,2";"BCDEEE+BookmanOldStyle";"12,0";"361,976";"306,1";"0,09127082652727862";"0,2872427311336164";"0,6080561907873243";"False";"BATANG TUBUH";"PASAL 19"
"13";"petunjuk kepada bawahan.";"175,85";"337,14";"384,57000000000005";"396,57000000000005";"612,2";"BCDEEE+BookmanOldStyle";"12,0";"256,495";"306,1";"0,08102744201241427";"0,2872427311336164";"0,26345965370793856";"False";"BATANG TUBUH";"PASAL 19"
"13";"Pasal 20";"281,1";"330,94";"429,00000000000006";"441,00000000000006";"612,2";"BCDEEE+BookmanOldStyle";"12,0";"306,02";"306,1";"0,00013067624959170357";"0,45916367200261354";"0,08141130349558963";"False";"BATANG TUBUH";"PASAL 20"
"13";"(1) Dalam menyampaikan laporan kepada pimpinan, tembusan";"154,65";"549,198";"473,40000000000003";"485,40000000000003";"612,2";"BCDEEE+BookmanOldStyle";"12,0";"351,924";"306,1";"0,07485135576608944";"0,2526135249918327";"0,6444756615485135";"False";"BATANG TUBUH";"PASAL 20"
"13";"laporan dapat disampaikan pula kepada satuan organisasi";"175,85";"549,384";"495,8";"507,8";"612,2";"BCDEEE+BookmanOldStyle";"12,0";"362,617";"306,1";"0,09231786997713164";"0,2872427311336164";"0,6101502776870303";"False";"BATANG TUBUH";"PASAL 20"
"13";"lain yang secara fungsional mempunyai hubungan kerja.";"175,85";"511,63399999999996";"518,02";"530,02";"612,2";"BCDEEE+BookmanOldStyle";"12,0";"343,74199999999996";"306,1";"0,06148644233910476";"0,2872427311336164";"0,5484874224109767";"False";"BATANG TUBUH";"PASAL 20"
"13";"(2) Dalam menjalankan tugasnya, setiap pimpinan di lingkungan";"154,65";"549,198";"540,23";"552,23";"612,2";"BCDEEE+BookmanOldStyle";"12,0";"351,924";"306,1";"0,07485135576608944";"0,2526135249918327";"0,6444756615485135";"False";"BATANG TUBUH";"PASAL 20"
"13";"Dinas dibantu oleh pimpinan unit satuan organisasi di";"175,85";"548,9680000000001";"562,4300000000001";"574,4300000000001";"612,2";"BCDEEE+BookmanOldStyle";"12,0";"362,40900000000005";"306,1";"0,09197811172819344";"0,2872427311336164";"0,6094707611891539";"False";"BATANG TUBUH";"PASAL 20"
"13";"bawahnya untuk memberikan bimbingan dan arahan kepada";"175,85";"549,0";"584,82";"596,82";"612,2";"BCDEEE+BookmanOldStyle";"12,0";"362,425";"306,1";"0,0920042469781117";"0,2872427311336164";"0,6095230316889905";"False";"BATANG TUBUH";"PASAL 20"
"13";"bawahan masing-masing yang dilaksanakan dengan";"175,85";"549,386";"607,02";"619,02";"612,2";"BCDEEE+BookmanOldStyle";"12,0";"362,618";"306,1";"0,0923195034302515";"0,2872427311336164";"0,6101535445932701";"False";"BATANG TUBUH";"PASAL 20"
"13";"mengadakan rapat secara berkala.";"175,85";"379,76";"629,25";"641,25";"612,2";"BCDEEE+BookmanOldStyle";"12,0";"277,805";"306,1";"0,046218556027442036";"0,2872427311336164";"0,333077425677883";"False";"BATANG TUBUH";"PASAL 20"
"13";"BAB VII";"282,7";"328,97999999999996";"673,6500000000001";"685,6500000000001";"612,2";"BCDEEE+BookmanOldStyle";"12,0";"305,84";"306,1";"0,00042469781117289733";"0,4617771969944462";"0,0755962103887618";"True";"BATANG TUBUH";"BAB VII"
"13";"PENGANGKATAN DAN PEMBERHENTIAN";"183,05";"428,426";"696,0500000000001";"708,0500000000001";"612,2";"BCDEEE+BookmanOldStyle";"12,0";"305,738";"306,1";"0,000591310029402194";"0,2990035935968638";"0,4008101927474681";"True";"BATANG TUBUH";"BAB VII"
"13";"DALAM JABATAN";"253,48";"358,08399999999995";"718,25";"730,25";"612,2";"BCDEEE+BookmanOldStyle";"12,0";"305,782";"306,1";"0,000519438092126822";"0,4140476968311009";"0,1708657301535445";"True";"BATANG TUBUH";"BAB VII"
"13";"Pasal 21";"280,9";"330,74";"762,6800000000001";"774,6800000000001";"612,2";"BCDEEE+BookmanOldStyle";"12,0";"305,82";"306,1";"0,00045736687357077676";"0,4588369813786344";"0,08141130349558973";"False";"BATANG TUBUH";"PASAL 21"
"13";"Pengangkatan dan pemberhentian dalam dan dari jabatan";"154,65";"549,0179999999997";"807,27";"819,2700000000001";"612,2";"BCDEEE+BookmanOldStyle";"12,000000000000014";"351,83399999999983";"306,1";"0,07470434498529861";"0,2526135249918327";"0,6441816399869319";"False";"BATANG TUBUH";"PASAL 21"
"13";"struktural serta jabatan fungsional dilaksanakan sesuai dengan";"154,65";"548,9939999999998";"829,475";"841,475";"612,2";"BCDEEE+BookmanOldStyle";"12,0";"351,8219999999999";"306,1";"0,07468474354785995";"0,2526135249918327";"0,6441424371120545";"False";"BATANG TUBUH";"PASAL 21"
"13";"ketentuan peraturan perundang-undangan.";"154,65";"413,48799999999994";"851,7";"863,7";"612,2";"BCDEEE+BookmanOldStyle";"12,0";"284,06899999999996";"306,1";"0,03598660568441696";"0,2526135249918327";"0,42279973864750076";"False";"BATANG TUBUH";"PASAL 21"
"14";"14";"298,7";"313,53999999999996";"35,90000000000009";"47,90000000000009";"612,2";"BCDEEE+BookmanOldStyle";"12,0";"306,12";"306,1";"3,266906239787947e-05";"0,4879124469127735";"0,02424044429924857";"False";"BATANG TUBUH";"PASAL 21"
"14";"BAB VIII";"280,9";"331,18";"72,92000000000007";"84,92000000000007";"612,2";"BCDEEE+BookmanOldStyle";"12,0";"306,03999999999996";"306,1";"9,800718719382409e-05";"0,4588369813786344";"0,08213002286834373";"True";"BATANG TUBUH";"BAB VIII"
"14";"PENDANAAN";"267,67";"344,32399999999996";"94,12000000000012";"106,12000000000012";"612,2";"BCDEEE+BookmanOldStyle";"12,0";"305,99699999999996";"306,1";"0,00016824567134933924";"0,4372263966024175";"0,1252107154524664";"True";"BATANG TUBUH";"BAB VIII"
"14";"Pasal 22";"281,1";"330,94";"136,32000000000005";"148,32000000000005";"612,2";"BCDEEE+BookmanOldStyle";"12,0";"306,02";"306,1";"0,00013067624959170357";"0,45916367200261354";"0,08141130349558963";"False";"BATANG TUBUH";"PASAL 22"
"14";"Pendanaan yang diperlukan untuk pelaksanaan tugas dan fungsi";"154,65";"547,6619999999999";"178,7500000000001";"190,7500000000001";"612,2";"BCDEEE+BookmanOldStyle";"12,0";"351,15599999999995";"306,1";"0,07359686377000968";"0,2526135249918327";"0,641966677556354";"False";"BATANG TUBUH";"PASAL 22"
"14";"Dinas dibebankan pada Anggaran Pendapatan dan Belanja";"154,65";"547,75";"199,7500000000001";"211,7500000000001";"612,2";"BCDEEE+BookmanOldStyle";"12,0";"351,2";"306,1";"0,07366873570728515";"0,2526135249918327";"0,6421104214309049";"False";"BATANG TUBUH";"PASAL 22"
"14";"Daerah dan sumber lain yang sah dan tidak mengikat sesuai";"154,65";"548,024";"220,95000000000005";"232,95000000000005";"612,2";"BCDEEE+BookmanOldStyle";"12,0";"351,337";"306,1";"0,07389251878471081";"0,2526135249918327";"0,6425579875857563";"False";"BATANG TUBUH";"PASAL 22"
"14";"dengan ketentuan peraturan perundang-undangan.";"154,65";"460,39";"242,1500000000001";"254,1500000000001";"612,2";"BCDEEE+BookmanOldStyle";"12,0";"307,52";"306,1";"0,0023195034302514847";"0,2526135249918327";"0,4994119568768376";"False";"BATANG TUBUH";"PASAL 22"
"14";"BAB IX";"284,7";"326,94";"284,3700000000001";"296,3700000000001";"612,2";"BCDEEE+BookmanOldStyle";"12,0";"305,82";"306,1";"0,00045736687357077676";"0,4650441032342371";"0,0689970597843842";"True";"BATANG TUBUH";"BAB IX"
"14";"KETENTUAN LAIN-LAIN";"235,08";"376,352";"305,57000000000005";"317,57000000000005";"612,2";"BCDEEE+BookmanOldStyle";"12,0";"305,716";"306,1";"0,00062724599803988";"0,3839921594250245";"0,2307611891538712";"True";"BATANG TUBUH";"BAB IX"
"14";"Pasal 23";"280,9";"330,74";"347,7700000000001";"359,7700000000001";"612,2";"BCDEEE+BookmanOldStyle";"12,0";"305,82";"306,1";"0,00045736687357077676";"0,4588369813786344";"0,08141130349558973";"False";"BATANG TUBUH";"PASAL 23"
"14";"Bagan susunan organisasi Dinas tercantum dalam Lampiran yang";"154,65";"548,832";"390,0000000000001";"402,0000000000001";"612,2";"BCDEEE+BookmanOldStyle";"12,0";"351,741";"306,1";"0,07455243384514858";"0,2526135249918327";"0,6438778177066318";"False";"BATANG TUBUH";"PASAL 23"
"14";"merupakan bagian tidak terpisahkan dari Peraturan Bupati ini.";"154,65";"529,738";"411,20000000000005";"423,20000000000005";"612,2";"BCDEEE+BookmanOldStyle";"12,0";"342,194";"306,1";"0,05895785690950668";"0,2526135249918327";"0,612688663835348";"False";"BATANG TUBUH";"PASAL 23"
"14";"BAB X";"286,9";"325,11999999999995";"453,40000000000003";"465,40000000000003";"612,2";"BCDEEE+BookmanOldStyle";"12,0";"306,01";"306,1";"0,00014701078079064328";"0,4686377000980071";"0,06243057824240439";"True";"BATANG TUBUH";"BAB X"
"14";"KETENTUAN PERALIHAN";"230,68";"381,28";"474,6";"486,6";"612,2";"BCDEEE+BookmanOldStyle";"12,0";"305,98";"306,1";"0,0001960143743874625";"0,37680496569748445";"0,24599803985625604";"True";"BATANG TUBUH";"BAB X"
"14";"Pasal 24";"277,5";"327,34";"516,82";"528,82";"612,2";"BCDEEE+BookmanOldStyle";"12,0";"302,41999999999996";"306,1";"0,006011107481215393";"0,45328324077098986";"0,08141130349558963";"False";"BATANG TUBUH";"PASAL 24"
"14";"Pada saat Peraturan Bupati ini mulai berlaku, seluruh jabatan";"154,65";"549,9499999999999";"559,02";"571,02";"612,2";"BCDEEE+BookmanOldStyle";"12,0";"352,29999999999995";"306,1";"0,07546553413917009";"0,2526135249918327";"0,6457040182946748";"False";"BATANG TUBUH";"PASAL 24"
"14";"yang ada beserta pejabat yang memangku jabatan di lingkungan";"154,65";"550,014";"580,23";"592,23";"612,2";"BCDEEE+BookmanOldStyle";"12,0";"352,332";"306,1";"0,07551780463900681";"0,2526135249918327";"0,6458085592943482";"False";"BATANG TUBUH";"PASAL 24"
"14";"Dinas, tetap melaksanakan tugas dan fungsinya sampai dengan";"154,65";"549,4459999999998";"601,4200000000001";"613,4200000000001";"612,2";"BCDEEE+BookmanOldStyle";"12,0";"352,0479999999999";"306,1";"0,07505390395295633";"0,2526135249918327";"0,6448807579222473";"False";"BATANG TUBUH";"PASAL 24"
"14";"diangkat pejabat baru berdasarkan Peraturan Bupati ini.";"154,65";"491,41800000000006";"622,45";"634,45";"612,2";"BCDEEE+BookmanOldStyle";"12,0";"323,03400000000005";"306,1";"0,027660895132309744";"0,2526135249918327";"0,550094740280954";"False";"BATANG TUBUH";"PASAL 24"
"14";"BAB XI";"282,3";"324,58";"664,85";"676,85";"612,2";"BCDEEE+BookmanOldStyle";"12,0";"303,44";"306,1";"0,004344985298921962";"0,4611238157464881";"0,06906239790917995";"True";"BATANG TUBUH";"BAB XI"
"14";"KETENTUAN PENUTUP";"234,27";"372,426";"685,85";"697,85";"612,2";"BCDEEE+BookmanOldStyle";"12,0";"303,348";"306,1";"0,004495262985952319";"0,38266906239790915";"0,22567134923227697";"True";"BATANG TUBUH";"BAB XI"
"14";"Pasal 25";"278,5";"328,34";"728,0500000000001";"740,0500000000001";"612,2";"BCDEEE+BookmanOldStyle";"12,0";"303,41999999999996";"306,1";"0,004377654361319934";"0,4549166938908853";"0,08141130349558963";"False";"BATANG TUBUH";"PASAL 25"
"14";"Pada saat Peraturan Bupati ini mulai berlaku, Peraturan Bupati";"154,65";"551,398";"770,48";"782,48";"612,2";"BCDEEE+BookmanOldStyle";"12,0";"353,024";"306,1";"0,07664815419797448";"0,2526135249918327";"0,6480692584122836";"False";"BATANG TUBUH";"PASAL 25"
"14";"Malang Nomor 55 Tahun 2022 tentang Kedudukan, Susunan";"154,65";"551,5619999999999";"791,47";"803,47";"612,2";"BCDEEE+BookmanOldStyle";"12,0";"353,10599999999994";"306,1";"0,0767820973538058";"0,2526135249918327";"0,6483371447239462";"False";"BATANG TUBUH";"PASAL 25"
"14";"Organisasi, Tugas dan Fungsi, serta Tata Kerja Dinas Pertanahan";"154,65";"551,5659999999999";"812,6800000000001";"824,6800000000001";"612,2";"BCDEEE+BookmanOldStyle";"12,0";"353,10799999999995";"306,1";"0,0767853642600456";"0,2526135249918327";"0,6483436785364258";"False";"BATANG TUBUH";"PASAL 25"
"14";"(Berita Daerah Kabupaten Malang Tahun 2022 Nomor 55 Seri C),";"154,65";"551,61";"833,875";"845,875";"612,2";"BCDEEE+BookmanOldStyle";"12,0";"353,13";"306,1";"0,07682130022868339";"0,2526135249918327";"0,6484155504737014";"False";"BATANG TUBUH";"PASAL 25"
"14";"dicabut dan dinyatakan tidak berlaku.";"154,65";"381,72599999999994";"854,9000000000001";"866,9000000000001";"612,2";"BCDEEE+BookmanOldStyle";"12,0";"268,188";"306,1";"0,06192747468147669";"0,2526135249918327";"0,3709180006533811";"False";"BATANG TUBUH";"PASAL 25"
"15";"15";"298,7";"313,53999999999996";"35,90000000000009";"47,90000000000009";"612,2";"BCDEEE+BookmanOldStyle";"12,0";"306,12";"306,1";"3,266906239787947e-05";"0,4879124469127735";"0,02424044429924857";"False";"BATANG TUBUH";"PASAL 25"
"15";"Pasal 26";"281,1";"330,94";"72,92000000000007";"84,92000000000007";"612,2";"BCDEEE+BookmanOldStyle";"12,0";"306,02";"306,1";"0,00013067624959170357";"0,45916367200261354";"0,08141130349558963";"False";"BATANG TUBUH";"PASAL 26"
"15";"Peraturan Bupati ini mulai berlaku pada tanggal diundangkan.";"154,65";"527,3580000000002";"116,73000000000013";"128,73000000000013";"612,2";"BCDEEE+BookmanOldStyle";"12,0";"341,0040000000001";"306,1";"0,05701404769683118";"0,2526135249918327";"0,608801045409997";"False";"BATANG TUBUH";"PASAL 26"
"15";"Agar setiap orang mengetahuinya, memerintahkan pengundangan";"154,65";"549,582";"160,35000000000014";"172,35000000000014";"612,2";"BCDEEE+BookmanOldStyle";"12,0";"352,116";"306,1";"0,07516497876510937";"0,2526135249918327";"0,6451029075465534";"False";"PENUTUP";""
"15";"Peraturan Bupati ini dengan penempatannya dalam Berita Daerah";"154,65";"549,3299999999998";"182,1500000000001";"194,1500000000001";"612,2";"BCDEEE+BookmanOldStyle";"12,0";"351,9899999999999";"306,1";"0,0749591636720024";"0,2526135249918327";"0,6446912773603395";"False";"PENUTUP";""
"15";"Kabupaten Malang.";"154,65";"269,598";"203,95000000000005";"215,95000000000005";"612,2";"BCDEEE+BookmanOldStyle";"12,0";"212,12400000000002";"306,1";"0,15350539039529565";"0,2526135249918327";"0,1877621692257432";"False";"PENUTUP";""
"15";"Ditetapkan di Kepanjen";"324,7";"463,564";"269,55000000000007";"281,55000000000007";"612,2";"BCDEEE+BookmanOldStyle";"12,0";"394,132";"306,1";"0,143796145050637";"0,5303822280300555";"0,22682783404116305";"False";"PENUTUP";""
"15";"pada tanggal 9 September 2025";"324,7";"511,59";"290,7700000000001";"302,7700000000001";"612,2";"BCDEEE+BookmanOldStyle";"12,0";"418,145";"306,1";"0,1830202548186866";"0,5303822280300555";"0,3052760535772623";"False";"PENUTUP";""
"15";"BUPATI MALANG,";"382,33";"492,16599999999994";"325,7460000000001";"337,7460000000001";"612,2";"BCDFEE+BookmanOldStyle-Bold";"12,0";"437,24799999999993";"306,1";"0,2142241097680495";"0,6245181313296307";"0,17941195687683756";"True";"PENUTUP";""
"15";"ttd.";"425,93";"448,79";"367,94600000000014";"379,94600000000014";"612,2";"BCDFEE+BookmanOldStyle-Bold";"12,0";"437,36";"306,1";"0,2144070565174779";"0,6957366873570728";"0,03734073832081021";"False";"PENUTUP";""
"15";"SANUSI";"413,73";"460,71000000000004";"396,17600000000004";"408,17600000000004";"612,2";"BCDFEE+BookmanOldStyle-Bold";"12,0";"437,22";"306,1";"0,21417837308069257";"0,6758085592943482";"0,07673962757268869";"True";"PENUTUP";""
"15";"Diundangkan di Kepanjen";"62,425";"216,48099999999997";"452,8";"464,8";"612,2";"BCDEEE+BookmanOldStyle";"12,0";"139,45299999999997";"306,1";"0,2722100620712186";"0,10196831100947401";"0,2516432538386148";"False";"PENUTUP";""
"15";"pada tanggal 9 September 2025";"62,425";"249,32";"473,8";"485,8";"612,2";"BCDEEE+BookmanOldStyle";"12,0";"155,8725";"306,1";"0,24538957856909507";"0,10196831100947401";"0,3052842208428618";"False";"PENUTUP";""
"15";"Pj. SEKRETARIS DAERAH KABUPATEN MALANG,";"74,625";"381,50399999999996";"494,776";"506,776";"612,2";"BCDFEE+BookmanOldStyle-Bold";"12,0";"228,06449999999998";"306,1";"0,12746733093760215";"0,12189643907219862";"0,5012724599803985";"False";"PENUTUP";""
"15";"ttd.";"206,08";"228,94000000000003";"536,9960000000001";"548,9960000000001";"612,2";"BCDFEE+BookmanOldStyle-Bold";"12,0";"217,51000000000002";"306,1";"0,14470761189153872";"0,3366220189480562";"0,03734073832081021";"False";"PENUTUP";""
"15";"NURCAHYO";"180,05";"252,23";"579,206";"591,206";"612,2";"BCDFEE+BookmanOldStyle-Bold";"12,0";"216,14";"306,1";"0,14694544266579554";"0,2941032342371774";"0,11790264619405419";"True";"PENUTUP";""
"15";"Berita Daerah Kabupaten Malang";"62,425";"259,549";"599,6200000000001";"611,6200000000001";"612,2";"BCDEEE+BookmanOldStyle";"12,0";"160,987";"306,1";"0,23703528258738976";"0,10196831100947401";"0,3219928128062724";"False";"PENUTUP";""
"15";"Tahun 2025 Nomor 26 Seri C";"62,425";"235,35999999999999";"620,85";"632,85";"612,2";"BCDEEE+BookmanOldStyle";"12,0";"148,89249999999998";"306,1";"0,2567910813459654";"0,10196831100947401";"0,2824812152891212";"False";"PENUTUP";""
